253ecf3329b05391124108725605ea1d40fe007f114ca13b148f403a2eac0f2e61ed6d7794719ab15511351d1e216e44b1d73542d12a31d60c19c6da3ca349c14ff011a209abc26e93d5f83d486af025bda9a38998f276f94e601c12413646f2c8332fdbec8774d3cb2087ffffeb5f5cd3088000187e09d9
000000000000000000000000000000000000000000000000000000000000000000000000000000000000000000000000000000000000000000000000000000000000000000000000000000000000000000000000000000000000000000000000000000000000000000000000000000000000000000000000
354e306dcd9ef251e587d2a084549a1b442e83883fae12e7c10eeebce9d20a3a7de99d83e5333430fea6d7614b2ed3af845b79f081b78a8b5f9223801c8239b0883bac816ca8295cee03a7211ca5c24363ef32a8ff83334a7114043b704b54f510f0030f87d8759ecf3ba58852cbebcc4105662f8d1149ff
3178fc14db12bd63537c32bb89e32324d045bd3fb421c007791f07bc0d191ad30ad90f532172340a06444851b72915fac596140c63991c0f37bdcff61949477a3630f3232aff6fdd6db7451ff95256c9a13181535a2bd529c05912c35496bfd65f21411a502c918305296219cd4de25d92d81676775c1333
2ec03d344d6595330347e50f0143b12e82641996653f41f3502d3cc06dab1c9abca8bc4ede00ce23265c5f2dd911dbc6415616caa32abd3842c1f2121234fc31ea8c66f38b8e80e8b161862903ddfa519c4952b0f7a0bbd523bc01d47bc8806c57f309f6329db50c30197a518d4a3c13e168f5d75da31b92
03396727f1ca2ca233e7b6b66ebb2806e43b92955d74105cd615343035122b00c08fc6d15c138c34bf1d18bbd109f2113e7ba5d033dcd9505a1c9d1e1632201bedad90a2215ca905b9645a2af37a8631b2b263d6a401a8171fd40bff8793f4dc0461e34510d77fb498362c1740c76c3832370deef75d3e8a
30485a4fb34c5a816f936e7d20479e082554b075f12ce38582f1495de60334ebac639eafbfa379ae98892b002c0edd15dd0c703b529e4f34be0bd10a1929a20217d59fd0c823eb052bf3da3d3f1f1ff94ac7c26bf58dd98818a426b600fcd54c6360fd6854715fe4522fa165fd0ae3849394ac83845ec952
2ca77d0bffc57db298cbe9fb3d621230f1d4e0915b03e354d8802cbea8783b4e75b1899a6261fcfa4e161891e53417d745b5409c0063d3489aae8bd502e55e5e48322af313bd9dd442aff518c0e3aa9ebc0d617c2d6b6c6a84ae223a991796009043e8bc4a8a3c48b43c04fab4dc088dd0e9b76982f91781
25c60f907a2c14d26e0a2ed4e6a5cc1a588832e04a5eb06a6b37825a61c232933596f88c4870eb797460c8fd9d364cd9b4dfbdb493b580922ca1cd53361513f3a38b176041ef5261b539c705c60d2fca73ee603ac1c54b8e1ed829505958ef9084a2f463efa6cc18dd2858490e7b36a3a2db25ce73df87ad
08bf36feb402c461aae4f05be7bb5303487b1b8fe0d9816b02d13e1b92f800ac1425420daaa137bbb165e129373090c9d741a536e1708336cd7f34943761746c0a02dd932e0392024eee9429addceb9f36c910d723814288b1152e93a084e87ce1413499072de845e42f50dab115b370900671aabe8f0e2b
2fcebb018b013452a9b54cedfdf70b2a9cccf01a20df925850d2315594d100f987bb0be2ef93e7e5b5c04c3a272edf36e891b853400e428e4e9bad562a3129f39e60ab41b63180d79abedd372b9b9b7ec3bea208fbce61ed733f06d3953bc461f9e230229b82e0395b09bfb6effcdde281b0b49414073b6e
04afc85a399191c31a7ee19ff74a843622a5e6c31a838006fa9738338f1a1c282cc0c1be99934bc0278083582f21a8c72c28e801221ccfdb3f8d17251bc267e64b00ad806101f91cbfaaec2af4c65890176bc30b318cb4e8d97d2387255c52c2c2f2bf945b5a75443c0b5bf5f7751cedc2c2655d52b06fae
1ee7b8e1d7a3fa609b36488b957f2418cdf218d452b75215cc0aa53f79353564082520b0f631ae64de9cdf71cf19c180e7effe8d127e67192d6696a81fb2f77ecb686db3586cf22133386c391a93fbc13964207dee6b26934c9f2514aa48a4a7998010305b912bda340660ddafec469cc2b5b509906f04f6
2a16ffc1433fdfb1fd209f11ff159a3b5f5c7b13fd9032d6406db3cff4f13f3c9801dfd1b6b3715829ebc538fc3ea18f823305c363999a0964ea6ec6006ad61d3960c91142fd308c606c8b15fcf91d7fcf72a20adcc81503804b0dc8460b73735543c226670302e09a1d338c54168e35c3a8aa0a7a64b37e
0a31d068c7d3fd413c1302ef36f7162d94819ef4a7a343053e37ade7a80b178198a1c28d0632b39077d4faa0790a7716f767ee1eb299e345464e8a91180bb9b1cef96ce3e50d84a6f9221c145f9ab948895311e51570170611173120887dc99c57b203884c7d1130210b69e76f8a65d2a03973a2bfbccf6d
214b59c2a5be8cb01ce5453197d64d125be843bed39f21ad58508b263219391cbaa20ed0c11352f9ff67746361298e68efe8243b92a84577496632202b57c89664fd386029dd43e4b6a8d41707b014dbcdf9c06cc4b2ae7def5b028c1e1ea5e73e738c5ef80d26f86f374273ec05e4fb20007c5d797f951c
37e4cf148c0a11622c31e523013c8c3de61825abf86de13cc21c8b37cc110d7aaafa4a2f9c000d80ceee77232d36e171c7c866dca0e713339d9e44bc237c164a7df0e293addf1023445bda0c6c12ba836ef6b1537b918c21a6943721a2f7f76d13208c32c180472ecf30a6e087fbe00010f77f0880000000
000000000000000000000000000000000000000000000000000000000000000000000000000000000000000000000000000000000000000000000000000000000000000000000000000000000000000000000000000000000000000000000000000000000000000000000000000000000000000000000000
3d578879c433b7f30c41792455421334511fe01224e1c0b26fefb81bdd8706a61272b574a8a0b4b08c6381564f377821685cfc66926ae99ea44d54ea358cc02e654dd7d1bd4468829b5faf3d30a7b82e6e1e7117f6f81905e734223b31eb823ddce0c56785f6fec192293cdf9e13ac3f4082d3f05c02aba9
32e58859d69ea3d30e62961cb6041c18173bef11bbdb20a343666ab5de8c0e9c2021c068e88222e9f51db8d6401e56a453bcc76e42227003984b0be40574faec58301c9185c1f02904501029a5d616595f00f12ef7c80cf46a2f0e70b0ddb5b5dc7243211a8191a7331b500e3ce5166bf23f0890d41061fa
1e016ce4b3dd8d30593402cbd5fafe298d411113882232e2acc074e0b8bf25b4d48d7e4397e23c6baaa55183f93533acef952f5ed33945a33cfa75723dacdbbb546183c1a22d704d120f9705312fa7230adf933fbcd9273d1b372a4184b0d53d0d53ba995fc9960cd20188375f48773d40e843458cc347a4
221bbd71b402b6b3773763b744a6e83a40a827b5d802b0869d2f85069fe222d7f1869c495190e217e4e5e125f3166a2aa3fc055e81102d8f28913cc41b68a792cadffc910938b01ae59c0b00c07d1a8ea136007d5075b2ddd95e0147da488f198712f4a4ea34f866292f3a3775b95a7e736c8dd81db562ff
0299cf7105104b532dd217db3630b835f059a08b1475834b779607ee83640c9bbdb456abeb52571c27c6521319314358c2c4e67e433579bd93a3a9e614e7609a90e3f811914a5b30a992f13e07fdc8319d22b03086fa1e32fda5168b4f6a8df43b51dc111775995ece2d89737318908541950d2e73410e37
1d8fa157f1d4bce372b30b49222dd429000842771c6c02dddd7a2aecc5df3786b9985b5386a0442ba5b36d85412821556bbb50d7816151cf9f2f289b2b56c647a0d37bb1276c069c02333b155e204294a52ef094c9f368df2bdc25d222cf5e2c3481d857e16f9c2ce51243b2534b1e44d07305f87fbbe812
336a0e08d663b51265be55071553b50f58d82647d6e46329246da783e6c23c8d1760d69f97a33fba75455428ee0006af66a1af5972a1fdef478c179410fbb6d2802d0f329d34ef972eed6611cf441d77ae3d005a032705d4a8ff0c53c6c19a301203bf5a0a7c8d3d0e37b17e038ec95ec04c7ebf1c75b0f4
259209afba50d910fd46d0f9f521fe2895646fc82ce613774f21d463e32007b890baa6b96590582446946c87180fcc0d12df23bb73668a78161b2a3406b0ba61a61c04e1412eaa097c3e6b26dfd900848d33d24c59ecc65e6fa01a9fe9d28af59da3650bf8ebc877c515bd1f0818470c001066638feed0f0
12054a4245f7f5e2fb169637ecefc6388e1044fe0843115b8e984c9830270bc9bd8f11d127936949cd4aab1b87197b028dfd89ea222bf517151b0d0719a0e0bcfc1467d1acf798ae7a7f433212c944c5b55511100d6064e447f9116c1bb9725fe3c336830271cfe2de25f889400bd19b336ab666a7d4dcf4
2b6b7f32f70c26e353ccf58a20907128b48742c195ce318d27e9c86d8eef142c2c3ba4646d225a7731da93d9790f38214d2bfe8e516be8e9ced543550bb4d3a773c1f39170ac0bf79fab14343d6988bc911512c35d9918cc5ea233d8c42451d7fe312e90004fb9ad9e3b3a4102d4bb687394969fc1d6da38
22d4190de85a55e0d44ea320e9a266238d8ccc53959c033d22fc831485f705250bf3e2c831215ad4a5f3a3a5322c2b2aaef046a4729a99f78733a7cf089b50486af9887273b6dc39bf152913584fa80798d2f0a93bf95b1c4c3c2074cc18beaf43f30f2fb97f2304602335e6e71a33fed28e413a946ed649
3e2b58a2e08a28816f822355b64d8215cf76d21e0304e31efc5bd53dc98639b7f7429a763c02219e24cc07c7ce0883442738c44fb39bcd675a098b8b09be149f34533d10cb263061e2bda436e40965ddc60ca292c84c2bcb03fa209b860125ef83c2c3c8efa70e7e630435ad66f82d8f526d98fdf4a84a61
38c77be1447eae038a954ba0c34c5c034a13d605f3ec139431ea85cdc585225ff7e2a682bd31863c20d715e85005f039ca630d4d23db21b548a1a45818e76757a9ade721af13f2e67ca2791e7b1d45668a50e02ebeaa3ee7da2f18f663269ecedbb0e37ece5b3a984506bac2da2f061ee1313f9dabaf8279
2926b343dc965dc243ed9ff2f41fcf1db26825f8925a1356588a175db20431002d555635f0124fe2d29b5b02933ea44027333afc21909a8e1fac0d7119341ab4fd8457f1d0f3f9f0524ff33eca038c8a8ba9920052a33e702e6018cc210895ef9e1039d2750ed3077b1534e6096ca04702e7612d2c20e6ae
17bab7e4cd8d06d30dd22c31b2bf1a1e48bde61631ffc0cfbd3cc20f279a01900d7aaae08233734c0d80960012248db6e16f6ca9b2ed10e7130356173c75e37c1264e722909baddee5d17904254c6c12761cd165b1537b7a7e4a0bb3b721a236e5b344c48c328b91a63ffff0a6dc6800100000f77f088000
000000000000000000000000000000000000000000000000000000000000000000000000000000000000000000000000000000000000000000000000000000000000000000000000000000000000000000000000000000000000000000000000000000000000000000000000000000000000000000000000
16f18162e66d2732cc145fbf20b1ed32dd757aab85b9504cc2474cf2918109fa1d951c120da0bc70c85a5d02a0095e5ce3564f8c92f1707d2bddc48326fd14277e36ff6382d149b00a22263002a8bb1040fb432e315d48a628d6117dfe4af1d77483bb2eb9aaef3874105d745fe9a4b0b12bc2795bc9b452
262b0928054b0b637f50710bd666ae00c7c1a773854e20a22e92e4f81ceb1dd3f58a40d657626603531abe388911f367f17e095ed03c2984d638d425278ebf8762563cf1e718af9d25a1be1b49ef598fed04e1806f89a2d1d2443fa4bce82cd159f2ae20c03894b44b37807cb16a87c3c236e9e4efe6c9fb
01f97351cb6a9f431be73eed24b4ae16557309a47ebbe19f3bd5dcaad25a19ea1123d00439b298b75ca4225c420bcac93ba96ec0c255c0e730edea4a0d6782b9347589407b98743bf3ff1615d9f9675b6df1f3b9a40ac8b3eb8600920e8afdbfb0a0ca465e08ef26df315bd5d78940c30169de15c4211f5c
36542215f96767c0e75c8e8b7bbe5b00e6447d7052b8714c1598f006120507635e10f1a28b815899bf27425f6a1e4ad122aa1b3c70c8f9b8240da96b2711b29f4b0e709149711e158f0b492cb1d59a53cf4f53d8a9e19dd0396d2486ad91a1e808e2c8db28bc343f370b36d76d574d3be3da99d30d38e8aa
2afb7a5ac97700d360fa5bfec8b2c00839380a11da3780c930fdca62e671080c0b6a09388f2158aceee022dcf304db289071e03fa04fccfa652b3ae907b430c86140f3b13c99b8dc5c459d0e5e121a538369034effca4a54926b256c0e5897202940ac658c07dc14333503018ad306fad1d7eb2f2bb11789
3238bc65f2148041b883dafe37070200f30ab5a7ea23b2e748732a42690d2aace6646b263aa0217b6a958b6e9f1e1b8f9df8bf0731e5655c591843e10ea8bb312c11f5225cbb39e772f0c82485084a0844217003479660e643dd11654cf4bcb3062323c177b5c8391f3e27a500f6ad6c4383e22ea77cf83d
0ed40c95f1027b814ed19a419564411b9170a72612d7739b04d6db56da793e5e4372e49a1230a3b4c045802d503d65bff94ca44f805e4d5e020aa44c343caf0445cf9583b59562cad3348638f3ee30b836ce62a3fba5fcad686e0047f3ac3939c1d0f43440a5e5c5d7257ac84e7f9203c2c3cfb3811344a3
3422cc45b43dd58242642987e91be01f60deb955c240a10780adb55c75d6380544d30f0552c259baf6695207643f1a461b1c7ecb7174083733f74f9c37069b7edbee61f1fc1effdac505a02e6c1e34946b7a63c62678aa666991227e1cab7f13f3e1a3ce7758a5131130afc8a3201996f2919f501c2c857d
08310aa305db50d275994d63cf7bed3520aa830ad8f2332768ffa46f2e87134f139e0dd6d070863a0709e1e0410a20762707e21a92eab5441d90014a3c90288cea98b6004ee9264f98b2e701c6b4fdbe0ea7d0226fede70cee6e28f4edb5fd249193e1a881f8e5e712333c9f0b623d2d722db2b090f49dc6
1c49e419f0be3162117201cf23ee8c30b3b8d20cb9846194bbf27e8609330639c481eadec9d0115cce3c5840ac31257ddf1ff0f5f12f3e186674bef72e590acd64692301c4da0e1c4cf98417c7372553ea0261926ea92a1b0e751276707ad33e2dd26058556727339e0489840c77f847615fcf1267992e98
27e7b851913fe170e613760c2a54dc185c3c20c930e6f1139ed0979f638b3a971e5512f2f0f14dc81f717a3c54195ed0522a17be709074f8bd208ba11e6ae9dc94c3b3e392305f4d05ddfa0ebe2e35b6f391d096c0a8246843ae2f5f13e3c099bb53e24810f123f99b2d4e7ae9c387aba19ff60c68623a18
20a11b9929ae11c279d5779e35b8331537ef67c38e449353697f38cdafc609ce223980509821a7eb481d93653b0b7e427305aae44166bcfd8bc058ba1aac444ebe329c612ba9169807655c385cda4624d679b0aa37db5266a3e1152d94f411c97b40e9d97f4e8889d40553b1e421f6dbd3881195ebcbfd5c
329bf6d420bb76f1cfa8cbd8a5ec0b340864f860283963690b92283aeb3410faf8806feddfa05e8484b8011f1e040b562148d763337a2f05ab9bc0242fa6e677f571e1213c7c8e213f38c53de5a9b3059ac6500397d55c2441342a385f42f8490642e8998bbf78612f1860b5446db18e106c34e0bd887ef2
184244eb1e9b28e3dda72f6c28e730127729b49f1c8f1292925f5d83f07126815efe8bfc78f0e36ea460de1cc6071659efd053da8167179bbacfae51292da7aef45fa1f222871dbecf504b10ee505e0237b9a2240e3dd8097e4715f2c53658e6fdd383c53d3c8ff0b329044eca118142623371733f28ec0a
3eeafacc91a6cfd033fd3ef005da7005b9359e6bec9f903d1a45181f216127fe0de07676a842a02838529b2c0a32945dd5bce1e750fb5681916b1079348f9a49fd5f92813cdc6ddd6ddeb52760e651313f95b2041b886fa80be808694bb3f098d733f96b44c7eabf3204000000b6a6dc004000000d577ec0
000000000000000000000000000000000000000000000000000000000000000000000000000000000000000000000000000000000000000000000000000000000000000000000000000000000000000000000000000000000000000000000000000000000000000000000000000000000000000000000000
134932043f527d53d6a166461a252f24de1c81f7b57eb23a2a651340d15135f903087a6994a30982be0a73348a26db582a3ea02692f3e5d13ab68f4d2e922af567360ab1c53e58457a134600f765db0859b1d0470c0300f826300be2a5c6627c945066e0d5c42289741ee4db49ab2fdab3343278df01c0ac
12f08b35bde8a1d1b0305622bdaa9933c7918c858e83629d2d528d017fbc2df9fa641a1755b281f30258bf5f1301d69ae87bdae3d1358ed1526b517012d07962c044cbe13edd7ff38987d724d1c2f6a5e9b7b35514b56fe4b07601a39629add84b539e2a1dfa80770f116328f1c8e09cb305aafb25242e06
2688d13edc6063b3a7459c9b385e22227f372c84ba154007744d3824e0d628861f0d545537328cef1ac163e9f80daa9b9740d57de16a6fb7881e08c728b8e6332d1a4b70009640a1343a00248af39cf32511b1c4d0eec44e271006ef511cbabad5413ce601be87e6383c450ec066c17d3093c03b45d0f956
3b41d0c743fed9d24bd30ae7d9d0f7122253b6f12bae62b17a9d4762c5952f4d8105f6670d31011f52772d1d0b0fdb1fc2445f1c81b045fe7312f8212053f3904dfc1e80a996f152c492160902dfda2347a903c096c43553aeb43a3cccdda3a28cd1d5dbd64c4c1fe00eed7e864369e183e0e2174b247611
004fa2dff143de201559fdc327a1b326f801c6621a85f0646dbbf3e746cf22288738c9430d224aa78a1870b9b116fb6f95a3580ae2182eca035505871dea87cff9ad93110a636a56dde8d03ab5300e553dec73c31f496ecf716721c36d8ad589eb71049b70422262f70b501461659dba9127f143faebda3c
2b7c12a5b2807d93f7a5880cfb8f843c6f406548f6b861e1b5abc968a8e80ed6c6bfbfbcaca3ce2f92fd6cbd503caca174b28b9702367962baf67ffa1ff0cb4cd3ffdd03f120c484323efd2df0fd511c5ffa13e984771e5dc3c333ee8cfc3eb3f6a387f22fcbe2853d3be31cbb6ad95161bb000a3631bc1d
3c427df94b8ffad0b64b7e041a81d53b2ee66ceb4f1ab266f484e0fdee3117bb691db70423b3ac6dd40ac3076b0b71558055f15c723468d013e814df17fa9e9d088e55326c617806071d01321e9d2f81e66213100abe3b5c9be723691f76c921fe22dd7907b7817b9c2ec3af7457de6e537dd68b2245eb3d
37d7d6dc57ae3f615f3535c656cd1d1c31c25487247773eefc6afa876c5e2747ac15f8779cb3e915efec7f948e2322a1246a3e4c71b348638d0b2d582136f109c0d97f20066aa39192df4d16c1c193cdceb9c07eae9fd6bf260621e31849550d4821bfd1d7d0c5b7182156d3eb864413c0ee2b1e3cc28ca7
165730b66c37ca32e2dfadd4dda91e184e34a0a259941029507e4d5f77fa00fb3c88fa0996828efaa5fc5dca2401a08633a3f8e0127b5cef9aefcfd405fecd25aeea6cf18f12ff77444c0b269d3c6505143be2c3c8b49f0dd3e615abf27dfe9c5533327940ea4a637214083e873d077f9386df3dbbc33024
0622dd3d3e7c571222b8e5cd1b859f2ea4cde81ad8d8b0b47f62fe2c0a04326264466c557961d0864556566f3306007cf73f460df0b167e2955a2b1322e41d36a32fbf43bbac47e85e396329b09a4adaa615e38e448e39e9c536016d5b12c664d042c69dfc01af819b3b110af99ea5a7a304d8f12e6492cd
39ca01a4523bc75196700e669e157b186b9002b0e25d9216ddb10600914c344f731b38c981e14bd3ba32a4a300249f856afccf8b001ef54cd018d7150018570e98ee56e354d3636f6e05110c3594f8a0d418a1334c4bbe92536202d6ba14f5248a009c53e1d2433fb01e912db7ce366111832134ec8f1558
398d11befec14403f54b732c56e9c831ea35b2cd2bb7936596a67976ff0618a861598d186cc2ced444de5ac08109de6f143f320512b09d627e4d65a9257824491f67b441a6872e13b584c3106f7bf01836ee31cf9641875a4b8f08be831eb112fb5186b5fbc0e4cfbe1073756b43562d133f88f5c5bcee78
1ea8132233f0caf0da77829e9c624110069b634fc880432f75c5b91a877d25245adfb7d2727060c0464905061b03e4cbb4c3fbb012ce9cda17a1662d24ae0e676d0051d1bf57b4bcd9c1a1328681b6772b78d302a69d4d5b17fd2abb7bd8af6382c12f6e295ded70de27cb01154ad3501099cbb9805a93de
3cf8d318bf1e81e0ea6923f11c02532b2d09300d33c5d3104294b246a5e10fb5e0e7b4854261219b6cde9114453477c5fea71753e2466b09daf4b5bc28a8438341624433080d17e67e4ef02f0555e5b19a98517abfac1a4925a03138e4e3e2531323ad720fa75af7ea1fc3730bc994ec5158a63535a8636f
223b1cd38d913bc19db921205d4d0901146bdea5b82743620b388d31e88509832ea6c4d718e2741ecf76405c250cd24482fe678790adcf191c01ee192d0322b35e9e9e30b0086b801a69592cd63825a3c340d0806ae6ef3b78b914e2fd1fc091a9b3c140ae02ace56a137003ff6b7ff743b780400a0e0089
000000000000000000000000000000000000000000000000000000000000000000000000000000000000000000000000000000000000000000000000000000000000000000000000000000000000000000000000000000000000000000000000000000000000000000000000000000000000000000000000
2a57bd0bc3058b30d5e6f9d6d7592c17c90ee0f89388d3e7210ff48a14022b2a2926e3ef0e2087718122eb594f385a91ffca9c8cf188047d41300a5125095edd758d9ca28bcfac46241e581b01a3ff73019a225b885b18e13f070ce0974effa262a2edd327c981595f127dfcfef11490305bc050b678abfa
372903b63b987d72089ab4352e148c28dea86c1bd391a3eb8e55609a9e41141d8b99e82b0a110c384ddaa9a18f0714ea8375a84341a11345e3dfc74e158a513a8e0e65a287b053d14e20c61d770e0064ded17372c7d583e2744611cde75ee9d62be2c4786b9034b3a53543f12400129322ab3ba152731a72
099f8a1009a8fd02972a85ea8832ad19ab699fd74a1cb27db55d152e4c4e02de3c77d4f43020f60041753221c005de976308ad0710c8b9268440b8e530dada7f031e5333c04af672eb2dde0af317a151019b73e708f9840f63a83975ad6f3be7da227f8f8c0a2070061b1c1ff9aea9def1e0c8dae3274d0f
38229635bafcba532d3fc66cefca8215b32c844ae078e161678fc28fac4f1b9448f48011f8a0bd94e980ad04362f829de59073773030014c93a324cf2481d152c46594e10d4209c4dcf7573e6481a7bd939aa056270095448e450ee4aa627f62317383f1edf289f7dc2f595d5ca4574c137c9032ae9d8cf9
1d6a98a7dafba882e01817e039165607d68d5df72fb563e6b24290e74fb532b2732e413773d1168c4dbb12e71833c093780d089de2b5e59fa895958b1711623f688f18d3e4dad470467e912c3512ba5c9b8781fd3eae50b4360f3db869466d4429a12923d61f5c8fb413eab54d4de45df26e3767eb1c6fcd
2a30458dc1fbeea38dea4ca5a912d929921eb9e3c4dc717a0b8cb334fad92ef0948139e9aa52340fdc6870ccd40c0b1892047d9df12eb7bad6eafd0c0b2b21cc2221754399f9faedd3a80531002aae62ebce531db7cac541e4e829421c2e488c23c3ea735b2571397e18a897aa2583dda1909632cf7879a6
26c934015f0bc6e3bb4774664bc79d32624d0bd7e6c0820ad08e251170512c36eb924c44d7c26a54e3a51f8e0128c02936a0d607f3e7637c3a2844d42eba9689e31b59b0592e567477abe4067a73b5615ab311813e9a0b911d7a3a881f1309a76f73bb4d4d40e7cea12427dcbf5db5a853630c934569c562
3b863c613637c72353b5bf53b3be852b2a75d0fed020e3159be63482a7980860143e51a55aa28166ddf6064fab3e9d15e6f682fd33d7fd0747d4b0b811f187c0b6629140bc50a50ce977ff2a96a6c1a670447078023a1391578b08bc7e48980f7bd2c6dafb550242d6375532a44dd170a372402f3a36238d
38d176ac1e5eeb32b0c4f2ba3a061730b7b36e3ac78a639d82110a3cefdb262ce5034554a362ecbc5ec9ec09851ce77679bc68c5d07648fc9821ca2a04dabb66e1cc68708ca8b7230939f32b09a81244165113a25a349fa7e263081021640e2bc320e2d12582212e973a37d8b12c9962f22a6d9927091e63
321f4b635e3cff82329617fd6499052bf3b6649fd6f4e208b55f12cd09bd3bc94e95535a0f710d1fe64f46194a23fd6af7fa2e9f63eb4bc9e4532328281653a0d1752b926e91853222a3aa0ea32aa7da996aa04b50c60244d6112395f759eb2a0b902a10513e47620d32eea5e0c50435623ac038b5229237
356cd1f82fc6ff5019c33b85a5c4643641a908c2005d61961b96a077a01a2c6580dab1c0c143b6d2d588df5bce1b96180ef76c2aa2e1c97a7d1102ef1c182a958f6eefa378addc39b264042e6d4ede56f25e808ab4dea1cf26d5233e2c2cf1fd50b35434a393eccf40358b1004591cea03eff9e976857a64
3965eeae89e6efe18a6781921ab27b3152e4e056424be18e9dbf891eceb0222e5146d3fa67406a3fd7847bb98a12e21998940d6f52605110c3ec0d6333e7428d5d125c12c501d87d0492fe25655dbed969c1d24854660ab599181005b2def01a7b3064a782c07b746331bc69f1040a8922a03d80fb74f288
07552bc04ccea0f388ad2ba04d319631d2396afca18b11b3aae91dde0dc1290ddd8b03bbd81065d19e8122215c3c074113ac49dc421abe06b20e07190cc02e0a5f8d0211fbf240d7d206f83aab802be682bc102b05be6142285a0e3044058bf067726cdb33be4b30dc0fb590501d3a08e2ac25655c936a28
0df28deb7de9d863c39f31b570a69b285c0c77b2736e136c5548719412371e3da40c6d56f911f6d1edf390473817b6b5e2b7d17343ad0a8e6986e429111b5ef2fd1265b340469aa01ddeaa0aa109d87b84b9813a82ceb9eb0fc42234079a1ede2373a1fa9d6f20219125cc3530589f6c5386088b78455e43
2bc04d79810ee273c0eae9d2725ddb159358c64e91e7f0fae9e6ece6ed41166d2f615f012e336264163b7ad7d20eabc284283f9ca17afd52b0b5c3c31100ab90c108e141a308c72e599d6939ec9ec9dcef4a01ae21613042dfe53e7ac39f9bdf92201844d5768006df3f79136fffe00010087fb780400000
000000000000000000000000000000000000000000000000000000000000000000000000000000000000000000000000000000000000000000000000000000000000000000000000000000000000000000000000000000000000000000000000000000000000000000000000000000000000000000000000
2fc1543bc007f6302479df436b625f0365d7700fbd2d930da6c807f18b12113cacf6c588a5b09da5a7b9c410550d0443ef4af8f1d1d2ca8b308faf562f85399fe5bb89235d215dcb8723513cc167ac1ffc590267740483cbc90d39aee26706860123239d4c3cd0aea03e6b61902ceee9f351be96079b35ab
33020a8c720ed143111c51dec81ab824dbb72e9e0c7e01a7ac86d1a6a6a930aa89fd49c06460191051890061922f6dcd877837529339d6fbf90f04eb3bd3c12160918380a8ba9f9a93eb262e21083b8141ae43c5e0eccd71656a279d8ba0cfead18176715545e573db3393266d5384d4d151ca74aaf54704
15de2d5c18c0d6b2b45f192f0a79b513f148fcf58fb922c14b2346a5436e19782a23e452d1514bcdc2a389077d23299cf232518e8117b071a149b1070529ec031b448bf07c6a71391ddb500eb21f15add54d1090856dd56e73bb0938c1aaeae6c343802ac5482197b837e0127310655273afcad989231828
0f12d3bb83489a916e47b8c5ffd6630dae983f5ce7f2d003072d8b3994a93677fabf470bc8d2c44dcf23a485dd0286ede9d769a3e36f1803ebea6e813f5046354cf28762b8d0451b0642700e16ee11ebd56b6103a11e4a8c1320280e46bcf5d0e962a7b8c97d7df2aa3530dcc2d1ade5d35fc3aae1205015
0baa8009b94ad1905c6d14de3a758a35ab3c8251172ce0dfd9f54b686fe02c0d35df57065ee0c06668e68e82482dee9477ba7cadf0c571b427a575e90e8062152b518c80389ae8b630601837960dc6fa6bff70d0cf20b0711abd141605085e6ac3e08ce1c1f48747552b74c1ba02ed3212f5381ec35a2afc
0f9906af255930d1f865895d3cf393182b588b763f3e7299b739ec54e150321ee3c3ada3f972b0dff716473edd30babc0cc7cfc861bd07051dab0c5b04acdb4dfa528c03a00f913a6cbe4d1a51bcc370bd2f22ec41cbada404b62aea9d7afc454e10c815ddb80af2833388f09f8c6200f2c734dc69d09a07
227ce529c2c77703e8578588bb017f00ccd79add76d7636491555c90e10925ccbb066c85e421112321d56241a1361a142d6abd0d0333a449c2d7eb9625fd7112836773c32621a9ffaf535e2187f98225dcbf610a2a7ef799164e2e46acd41d5b180231edceee97ebcf23400fe527f921f24b955c22d6f90f
26da4fff020f0251044c242557bb0f3f94c9ca88fd8880973261bea8b586042b415c5b9eaa53da8a090201bac31527cb159fdc89b300d11a98f9cd67335e7a5718b8d051b86e3923e8587538c5de0e933def904923e9f821b28b1c3843b5f522ac51cc00370af7e2ac2d821f019d553b22a7e5aedc1730be
03a457318a71dff0eaa205aac606a704f64f24ab489200814c5a3632b83f1a5d529b58bd4c20f83b8ff89a7e361ed0f14bd5d8290388fc0e56680a37319a76b5d9beffd2760e9f69c0dd2e191d5d25cf69710198285558f4f3f01a9bb8b9187acf53e69db69d46ecab217733ff98ea85c1a54a8a19ef7620
2526bd960fcacb709d518f9f00dbd01a4b8e1297952452b21916ab69155e374d287940dba093e5acb3ce9d1f920adc477fc27dda205e3658e3da7b2a0b94754a639e7333b6550ff161a2443d801564859128c1873dcc7779512e08b906cdc916c1303bbfc8d7f21eac37c5ed169202b4224d8dce8f7fcba3
28007199a45f9062b27d95914955ba0a7ed3200e66a0013c268a96b1b23513051dd1cd966ec0c6b485cc12ef9f167d5c2131a859b2bd731e3a22e35a389637b011206cb22b4e4f99491c1015f6ca66d0fa50f1625c2688aa30c727d7a06685d9d1c3a3368763316126190d6f09a5b72c408d2f31f9e2fe7e
38849672aef2de634a15fbedcf71372fd63b31be0553806d274be4d65a40101609c592899b42cd203184c5fc622359470b4053d833fac2588ceef990209c99b3679c3cf0dc8c789ca2fef731f5ae4db2a872f03be35e27dc340d27bb5da12dc5cbb1187e912a54a38d2292d88ea03f443168998e84c6e016
157c9fd55291cb1278da7fbc840eb7139ee1b775fd6493366e1649b86df21bbe9c92d94b7363fec09930b638693d14728cb5cdeaa283a7393df498d70dea45df71c81b618f6c1e459241330099d9cd251195f331dcf19b27b7e12e946fd29fa93b5078e70bd488f0a1273ab53458bb9472ddb2c7c8e496ed
3c4e0549139c1c62f3a9af9af1c8f1292ad274c8fc2f50f8e6b198d1aa2427062f96a2d04a81c13b19308859a526a0fb7e94d289424962f49b183dab1b5605c02ecb56e1923e11dac717e03e8ceb124a65aa020b5203426fafa3098526f8651b5b81b1344348ec95ce069d39f3a2738200fa913d6621aa6b
04766bc04d2fe1f28897c0eac004e93860559355241a804afcfae9e217a93b47566d2b8f4770a0bb62640bdf9f018d8eabc26a8980f0f57afd4328fc1c7b1100a9bad3918a5da308adc36c02d839ec9e9af0f0806dae2158e94d01b7be7ac3834823e4841844953bff3fffff790f5004100000087fb78040
000000000000000000000000000000000000000000000000000000000000000000000000000000000000000000000000000000000000000000000000000000000000000000000000000000000000000000000000000000000000000000000000000000000000000000000000000000000000000000000000
0e54873f4d9f9973d899f5cfe0e2a8328691453f66ed3301d99edc27e5b81b3b02f133b057013fa1c79bbe317f191b50d18cb64841048747c1592e1e3eac8175e83584904a3e975b2314ef3667feab9ef49f91aa68e7514016ec28f74100d7e29450e62268a31b94642157d145cde47db0a36a1ec3478926
2426b9c635bfeaf0d6831e1839234f14e47d10af2935732104c4bc145a2e264c702dea0f8371f584c337526e192dcc8ce13f92bc0061655adfe09d3218a816704a3944b08cfe4909ce534d380fbf9bdc5e98b04ebe997943706b0ad00f6a823e69228ea83e74d1719b0923dc880e695813b93b4a66d5ac49
050ea3f3f60d0463ec88cab12816aa2cf2a872a36ef2930529313550757c30f4d0c079f9fc20a2c886feff81d23b6b341c364cffd0bd2ae3932b159601d5f94c8f06daf1189cb7742d9ef02d8f866db21d2840d57d8e9c0b346f15e09f6845215853aeb1c01543ae0014a2277ba38f6c8304153439ed73c8
2c044f5c7dc184b2255c5b93874d5f0322da0e57d39d331adc5d73a1029122b51e19a0cd942021057bfcd4b2743fb2cd8c79e5ea605589552a560f091c8220636f336611a856c5d9be31d117505fae435a0e8247fd764b0e76fb17761f6af6cfdf811040cfd5e8e87f101a84b80fd25c7309d39c53dd1ab2
0155c664cc751ae2642bd0e86f9c4430cb3af6ce8247426668f187c5425f2bb82e92c0a839c35183d16552206e3e1fba565d501e21203a75687de8250a0f643149f747621a7d044a612439282bd042cbf4bfb0beb3fe7e473350353ce01510f1785048021a1d0a8a5114dcc1fb48ef564032bf11c06af796
0e1e7d7ee5e0b8c224feab4d66f01f08e61149c225a650040a8618f227363720ee49e980d9f1a584b418b7f9b72958063322cbb8f10aa23e2f189c5d00b9c9a530b76f11548827771edf3613f55d714cfc93916a6fe0e24e55d415c6d3125c3212c1ce8c87f6a2cde53abd065539948b40679ef5cd7d07a9
1ddbdd8318e98f4005f817a87a14871b5d7f3326a19bd384209b6e709f1e17905a334374c3410682eedccd3f1c3433c9e5e8753b53ae54cc5b79807d1dceda028d01a5214d74d9de40821532fd5e78033483705936f5d57b484b2c5fd1b9504fb2b3af39ce11f4460b24879cbfedc01833e439b46a63a74c
03c0df2109e19a12b8904e725147eb3f612669c5be1b72c840fd1ffb588915514a002b2e4c22b5e4c5d65e609c3c72d544b2e34de0939fe281c7dd192ccc44705c75ae33e7fc7110e1262d042ddf5c3c613a23030f07e8ca3dfc2cdaa1ddf3c32470785654f3de12fa04b1f5d49f62c9a2a9e540ae9f18ad
0e910cfdbdb5e1936338047e54b5cb3c7257c16ec201d1903181a1f55d400690aae70c1c2c200427396f1e67ff3c975a09b356a96350e02ef1bcc21f118dc2b21a35508022dc9d5d02e9ee0f96ba23b64d36202c615ef860f6d8031ce53aae61781270e145c58cd40534ca2c2ca64fa080473a45cc205a3f
0732853a3e01a79010fe6543b9714229acafd1ec07c07150b1206fa3a772201672f32fe910539513cdfc205d5b1e9fa2bb7203e1d110859213c8d3c03a2339b6a60be0503e1bd0039b7adf1c3ff0cde0f09ff1a587421e19fbe30937d228dea5b300ba3c4a522e7fea20f522e51412b0d11868069fd67c8e
1a49ba25d24415e079b52f03483a121b8f7407d86aafc218e7573d40180529bebf820a772af15511a7609a5a163ad9e94a607c9351ca4881b902d16c3afdd479e91d52e030b80453f400ae1e4b0412494b37635b30f1cba324bb3fd3d8a0b5e17822fc4d071aa6bbab2b06b72b0e218a238c11b1576e5665
2b71c7d636dc7c21ce1ce4b2def6cd1779bf9d4082f113a275c20bd6570c3562e4cd655ebbd1a66ccf2df1cde8128d343cc6f47f810a4ff66c0b7a860c71d9253736094319dba2c6353e882af66a1e6eafab51af32651a1f3ddd37e71da17fbd9e02501e880005ddbc26756cc1c0c261328098a1b1e41e93
3233a85189ae91c1a5c1c5a4cdd100047f17d2b9a568e0c22f5812ce69da251e7295e344c9d28bc11dfb7ca9ea083b62c3c16267c083b13eee7b8caf33d2e3ed879869035a08f68c156dbc2ae216566a6ee643c88b190c1369da3eaa98cb34c828f101960ba38c89ac0bd0164a17c88991ff933e257ed9e0
14bf435ef0dec570dd36449a1d0ba626da2727e33a55008e6ddd57fabc8e1611a8a541743d92f6971982483f6904f033561c6703317703cb514a884a310ed1876e35caa0c531a24f8a89a52710c56319ab3f40fff2054975a84701819f8e028404e1f09fb58330687b36d88423461cbde3caa4adcf56e587
1e961b327cdabe51f029d2101cd4322242d681dc6ca56280442fb95c92eb06df25b4dbb664f177f426c04bdff503a477a83c4216a222d4e65a40ba8d33aa428d598588d3b0ef90d95d2944319eb209d1eb96815f0125a917c3b11015853e01a3106166e7ac1d51c0343d8200000399127018200018447f0a
000000000000000000000000000000000000000000000000000000000000000000000000000000000000000000000000000000000000000000000000000000000000000000000000000000000000000000000000000000000000000000000000000000000000000000000000000000000000000000000000
3ce64e6a4488e4504c4437ba3f9bb91fd492c76bf3bdc32ce46eaef5af8c1999a71c0b6006c2df5c4f607300a90e4e00eaa4111843959afa4b87f5fd1f126be998be5fe3eb03fb7e6b07b70305afb590ede2d2ef698d011e1b240685b20039e13ce2f03fe8874b5eb33af61b7c88001f0238a529ce5f0490
355eef0f4fa63482394ccc5d6982d9315c471f23afed406da6969b329b712e11c244c3653b5130212b4b6c2bfc365b9ec7972491c37e08f7ebfec2c90fa1e24a49b282b3cbe45ec9208b1f2434592811ddd61189f7f0fde488ff2a0f589189c6e341616e12e2f5d96b279f4260d7f747728b25f00cb1cad0
204cd36a23c91ce3f0856efce83f0928910c72e4963ee140603598c039d00f12015e103250e0650144d93032b936f0a765e49a4ad24e75dfc8fdf23b24c32c49c51ece73bbe13c59c16f8b0ceb2dc445b407d25068e94d22376022a22f20fee521e0843a5295a99a1132b802eb4fff9bc1a2b7f12cc4d888
28e55ffa377ac0c247de01ba50daab2759d9fce7bbbc2225a01fe605e32a05fa15680935c292236037108d9068047bb8074fbd1a229e123592370c231c22186c2b92e7a15ae9b940695d3a2e51ecd952129ed36c4bd0e672ddab383d622f4dea8d22e879c76c3c1db619cc260e903a9b9074022f08150321
0107039b3baeecf358b2e305aeca382fe1db706723f94109afdf5f3c6d4d3199405c20690f81125a70db9299150424035a3a5c06e17f27e935496e463668b0211dd15f614eab077f4272682f5fc45e584ce5e2271198a7817e3f03684459d2e1f7e3f88586c248bc7717be4a17f48143323578de0ac57647
342b21064170fc80dab22e278fc41e079c5cc6a4bcc6722f914db3b2f88e0213fde8765ca9833e4c68f4ee483b37a1b360d8d076a054ce4e2403e23530a2bf623acce66208e16dd9e1da4c2bdef34d95d12d119183434c1b646f11cad0c92b29d71206beb40b383d10312948c1e0687ac01e81bfd2a6cff6
2529c7419c8cf8b112521c456b24171d7f6dad87c9b11334b8f18555cc5f2cfca609eedd6ed339f1029c86af8f26ac21457434fc71587d8411ee4f4022065fc4401795221256046d2880cf2efa58bff9f7c14262c011225a45ea2019627bf5175043dd0c54bda7103e292eee51768cb7a3726e3ab73199c5
323e7c92c2e1b3c0d2cc0a43ba333c05ae37d1cd9051c23516d5d050f02c0534a410fa78e4f3ba654bf85139622e0715f4c44324c2772d54694c26e300f9ff9e12084813e6d7f878fff59812a965107e0041c1225d4534e29af126c400e882493ac03115ca05b63a7306ec73f199eb33f3d9d0aa55a8d976
326cc33d941538b00211e4b8a7b4852046bf045a57c9e095e17b59b4b5371a4ba2e03842cd439cec5b74ea893206b9b8a2ce48b99012d93245f8ee172dfd02bc022034d134ef56d6b7a961309f81ad3aaa3bf368491d24f48c132624670ec1504af1e83cfe931faa043bd378811c005a93a7db813d174eef
1c5dfcb1f33e5aa29913ea2191cd121e29859941cba201e1cdff2549ba3c0b5fa325801a51036f0f48c73fe5e22459e3594697d171cb8247590f619833ee21b776fecc10470d90baf09831267e2aaac1c48be1878a7ba3206ced0538e22571a276f3f0f637e654e7e229b055e7ff32c3938075cb8980dcc7
31b44bc3c5c824518475654c80c9cf02377a4059a5b9e3fcf11ce1e443ee1d96fcdef2656ce0f3d80b5332e6fa14406b022015afe2f0c12ddd39926e1de06260f0c4dca0086063bfe6b8f83d9fd0790a3cc420b03f0bb51381a90a7dfb6ccaabcdb039873773f24bf50fd3de104e02ef3388c90ca4986045
021d9e538a44e7c123555a075b8ae521f1beb05c4bcfb2e730d1e71c6af42091e2fcc60c9e619006c60a0db46d19d3b7773ca478e1b366caf6f08d552ea5da0d31a33182e5486377418505290917f76ab219c0c40681d11b10f10cdc73081a014a43db532c9c46c1ed3a10ae944ae5a052562e12ee3238d9
3b17c993acd35ce18a2d4eb784da7112f5e8e212641bf1ab288964f5df66135cdaa292ddc030f1c8d11883eae42440ddbaa6018312ef15dc29fdfb7c1f19cd417590268035364f14fb5e5133bc628a9b9a2eb23ac6e7bcce4f7800b3e5b467165313d38b68e5a214630b730227c0c90f10e1d5d9b9fb148a
068d314d9ce4f680e7faa17c69193d153866701cc1bad269538739113da92686edb5b1442d806c80538c66f07c31c889bfbbeb23b1421c1303807760185fd57a2af26f405e38b2abeff85101d53c323e4b1f00b0953becb1b2181be606ae211bfaa09c003e4b362e35190c7594fbc4f663c6e6df1f6066b7
3144f8a18b71d70196c4f49fac32ac154efe926104815228e3002a7b6aa31175dbb6e6eaa1e2ab7caec245d7f620c446cba6c7ec2201ba820ae7fc5a2958a9a004fb40b074e59fe9c67eb9014e3041edb6a900c4902676cc62ad122b19e0fae50c217de8ca300faf3f1a727d8173c00223e718182881ffdf
000000000000000000000000000000000000000000000000000000000000000000000000000000000000000000000000000000000000000000000000000000000000000000000000000000000000000000000000000000000000000000000000000000000000000000000000000000000000000000000000
0b76b2a75c4012d2c288896e5994ea3d78a2e9089aaab1f59cf7724a82f731bf7f7edcb36f90e17507d0da07fb15f11bb6e5ce0833653e3c61cbfc240bb22abf4c7b6781f4a1ee4ce3a51d01b3512dba892c413a96695ee347e40ba9db5bd7fac0223372aa50cfad030995bf80f90b8dd021b24832e1dfa7
3dc75e840b97ea223b1c3ff8e763481f9f55de2eea279020d42c5c46e4031eae80cc06fe95b3cbdd499d7a38f11ec37fe42ea63e406a0d160ce4897b0bb7015422d7b6a395359fd271b9692fc550c8ba808eb366efda8c6abf523e14c78aef84f33011453fe34655f915cd75c79633eec3d18ed5fd15954f
379e6fe9fb308871eb9aaa44ccf34b25a712539f440e3281ba3407a1a63704ab7787fcd6fd9151ea39b79a1e161c9ba1c856d410219278d731ac494e0d9f07589c3a5e52f1effe9c8cce331b7d5e69fe07be11af8a1c4d2f215a1f1cb2d45b4ee841eabccd0dbda83f006d38afc36d5861eb9d0e6e5878bd
3b0d9abd36f97111bbb199d6fa094c3e426dd7eb69ad73d55eb62dedbd733f941008f27259a047de8092671c912b2ddfa43473f3902760e5570127700597eab6d6b7cfd280c5931d6bf3fc02b9a33dc34008f326ffa1972d911b137f9e70bfc40b435f8c3f86db33a82adebcfc4ce2781148863d9fd8c135
2da29298ebce91c15d74ed326437ba05987ad7f711c1d17da65e676b59cd245fe1b95b5d4dc3e22b7c2c8b63df056f841b16cb121392669931d3a4af1c932c5536e32740bf6021d92115bf0558f7abdd45851003c21b5c0f7b553ee83295064d1c81ee1b7ec843ca80347da79d5a0eaed34fe87921d5c415
3a195ff670050a822cae78b66019b32a89c311272b0930fbb133636b3a5432f760c53f0753f0feffff9dac046e394a770370d3a2536cd5faa38d7f67176ce582a850d791b8a55c3153b4391be346c678e590d30410e072bf3dee183d5c50a5a9ed411763d153045efe316f04ad01c2c2d22c970c72fc06ff
1bf3eae952cefdd16e7b4ce00b0876078e9b90c8621b4037574b8324ac4e26c0d27ad8a3d651098468b997a8831a5d8a0dce2c484108dc901d1b072b3125aff36ec71573ef59b49df88d761a4166d6dea90d90096bbc46cb81bf2407a123ddc7b3910d0254132df3093f7a035d531f39e2a6171d2dbb78c9
1d6ab860646885c28f594b8f99dc433fdc12e611651ad076562e50d7dc260d7b260835ec15114051b17a87e45e013f0b79e5fafd937d12ec756b541a0e076fed5301bd811db2e8b63e332b13062685d5af4c90a5653f8c6d7346239e91e3e6ed4d60d48df95a66b36f05026d73ccf2500251b1dc2df9e9eb
2c8ce3e246a61963e901187d3746741bc2fe06795fdda058a85cbccf007f10d2b0e1cf38f24359ef18e49352f03b7fb6eebe4539925094d89ccaf126287156e13a208cc3c97b0f304067193419ef5880021142b89c2a7e5d1e882575a67faa4584b353d7120628a7d7129a9ba0788c1650ceab99df8ebd7d
3e3b2c3f03dca0e383f520976ecb2f052b03da518338e2ebdca97631cc4e320c5f4687714590d674c906cc9d7a3b99c04aa4496c3081f23dad0f5f171b1ad435f4e924c3376d0b99eee36f0cb09f546743b2e1bb98100002dec1199b616310740b63aaa21a311685a4155cf13e53d7c421d935e29572b754
24f4ccdc636ca6c0e906b86ec47a380d643eea6fd6c852f741a2dcba357d36f2e8dd395fdb6346f2f0821528263117a3f02a6130128e82f8a179d6850dfda1b98efecb5379b319c28aa24735c717de3288c8f01d54e42ae0e06805154ba47da66a12b4ad4257fa2ed23d3d7a2f6b77e2e1245e933c8a6990
359b3407aafb4cd03a1a5b17e5cc9106eea87967468b0014b9571ce6fb2f2543ffb4f902ce2342613cc8ebdfe81ea20b809cef8fe0dfdbf6d78f1b033c9fc16e4fce89022309dbc8b1e2f4016781f5136cb42161f93c44a7f3940d74db1f512d5a03ae0e68dadbf54f08efcef86ecae042c07b4c4a7b8cdc
0cd406a79b7d2f814c158e19f514a6071d939bc375576094d7e36ea10f6912d40cab409e8cc16c4da774d97b42366c5d2939a328a02ecf6be0d3cc031e7996ca006ff9e3a304e0c8371b853d2acea93b058543321d28100448c405c74f2742a580b3dba4ac9e42f6c6040295970d94b033a909c5927c000a
0b210222d3ed7343c5f99c850dd11b0445da0a179ac223cc8108147ea15b31f9c88c4190e2d119f39dbf7d165b29561c52409a93029a0461ad3101ac1f124d7759a329f0a75b8cd800655132c4d0105388d831ed879b371cbf2d3868878468e37ad38ffb957eee9b1929463edd2eb735d0b3f06f7dadc025
224ed016117dccf09aa7a9b33982cd3580854a847b8c11dd1b292a4bab3c0652926d025d07b1928a9c0a23e962157359bfc1d7dbb0bc5e7202af04d221b5a4da98917fb11998bcc67be8a41f51e8d60be4f672d5ee4c121d2ffc15dea73271a9b982a2142d730ba4693ff39a727962001000c7e718182000
000000000000000000000000000000000000000000000000000000000000000000000000000000000000000000000000000000000000000000000000000000000000000000000000000000000000000000000000000000000000000000000000000000000000000000000000000000000000000000000000
2428c973c157c722d02ab2b1e6bc7f3cd138cc4c072843a94c909fd17ac433f5b824e495de92f8840108d931230a1b9fd5ad9b2c73947be0528379d429eada3321bdc6d24ee21e36d35d17104253223ad52e514c86483fa251a21efa99c24f9a9d92d03cd778354ef912f67b174f290d82fd366bb8b3c23b
1ae07ca8b2a48b21e8ded50cc2308620c11fc92aac9b0352b4a8088a40c5006c23610060ede296c831c29f77a81935ce136a3ac793286c1364b11a7f338debe1790866c040710f0b8a15cb3e1b4f0c0c10aa003b7a72340d695639700890078282e074c3377e5246bc0a82bd2f8afd0f6268893261e91b78
0f9b5725210a373102ebc94c3d0bd63a03771308417f0205890d7af17dda143ebc38107528a07478743039ca000f63f061ae57cde2fbc07ce868497b222ce43445e4daa38700dd2f0e947d34af25005ebba6e01af9e0b8eab01430382a2f31da99c2c440484e37d76c06025e5435a286f05c22293f683e71
2c0f2e686a3a2561bfc4f00af8156535613199dc73b442be0385a468235617ca3d4663bd7181332b4d732c762826e414f01bd4ab207907c7585e91890373634fba958603914d0bdd9fd9792b362fef249409b07b7d34c9475730327761a49850f6203de56c114ebfb73c1a32bf4bb1fa2064d948528af3fc
1b040a3295dd2fe2867d56ee65711e20fd1165ac243070dfc9f4f8550c4d1f618c3780516d630551cebce67bad17b57b7aa3f77ac23b4d6eeee59c523412bb61ae26e0535dab11bb9311cf257ddd828afa0980a74eea632c3170270f12cef6b251216ebb72be50cc5634af69057cb098b3286421f77aab99
17e43c846c1cbc505aafd01609ac19307635c20b6e3360e795bfe71d4f170cf473ccb6dbe0c24451f9de5e085639617e4d01e1c1b08df2fc1f6ac38137d67adbdcbdabe0f88491269559bf16444230872575b350010d4a26b7e637bdeb14278c9151485a9fe24e68e239795c5ba489ed73d62ea4bc6282e3
3bf7240c11393da021d69184b0f189086cf87163e43122b137c8a88810c00f59193f2c87e6c2a20af67b6bd4a33120e5a272c791601caaf7236e09cf1c558eda4e390a6235d410a626e99c243625be96d3a24206fbf6942245f71ece1bf85cdfd723cc22f2fd6d44813ce74085f8b5c131e32159e8c3ae73
0c2e5ffc26b0f5b218e0e5c4f6fbed1291b76facfc11a100d5dfb99bf28a3d132bb530266912c5467977e1f0853fdfa2923e224a50dd5bb92c2d0ba720c606b26589eff04a8dcc93acee681ac48975b1ad769086ce963c4191280c6aed3285ccc8113151b74d8546e733c044ffac4b59e084b7776290567a
19b54552c8b561b1482727f68c10ec3c3d5d198ba14922084f567af693493ea774a3dade1c63176e66b3c7a9f223f3b7b6d5bb6d0135b3b257d3d66b21cabd81cf4a68134a91fc2cb765d91de1485d6c1d8b83815ec29c19e51e3c099012145495e0c1221bf240ef643e40a3ca3f8300033bf4833e0e182d
00fb8a073d9dbf1309a9ef12d974d03e0bedd5e5babc639b09c5633c59970fc2581b21c9c0b2a51af55cce0432102d6a1a392acc002ba61fef40313139b7e47506107ca114421362337e5216792430fd71e271392a528f9ab4eb22d911ba24677b2004a2d1ac4359be273fcf0747684511c92200b21b671c
2a54b73338e50d133f5c0e735c606c10c14400049c5ba25dc5890622cff13814ce9aaf6e33b334085c15682cf638a94f3df62e8c92c3f4d6f1b43e5410dc0f2bccfc1b217c89fa0654f2073f5847e5774cb45339dadf078c27401d6df2e9f11c1033d14424635d725504e4f0b7a986fe20658b0a27f140c4
1e9e132b8a5217f294385cd5304dbb216a184db0d01742c8ed057a1128c72131343e5e559da2cf204aa882c92a2a06a92ed223f6d121fa518190c4e6102d67b3c41fc79002a71db99e04d3184ac02cf6dd1b00a4e23aa37b31e1148dcde8250c14b0e68cee8bd0b11f35f3c18a21905b1211e28b69b04115
03cab80fd330ffa03e291b141892270d847db23891ac0111074df0de446b39b024b082327f70f3ff13989859e21d3277090ec0b5010000512284be370de640c01c5d2c005b8360ef0f9b552075a263fae25da18e69010c0eb4911332a3b34da5d4a0170bfe733076b6311d25bdc5289fc3a5795f2f3e24a3
0fa2aa267772363164c8a7ea849ce32f4d9839f80646238882519460b9a0196b16d9a1b379c04e5c84ade9b9e40486ab2e3e7f9ea000c85031b80c7d34cef5a99a1149e07b0261ea109a0b274da8bfdcc63470123ea90c4180972e194b9e5c65f5f3e5bc05222ad2fd3fbd2cacb1e6cee0e17a5ebae8d1a3
31277d0a4d052632425a29d09685b90b27c07fc27cf850f047c58288f38b34eabb3653b0d9906aed2ba671a41937a528da1d7765e2547ecb5d55fd880daa86bb744dedc0d442573435537531bac69ab725b5c17568d368b555b43cd83f924bfae430527c06db6cebf700fffff481727780100000d86717b0
1894e3d6b9a0bc61894e3d6b9a0bc619b248e28a9cc6119b248e28a9cc6126fd560f2f541b126fd560f2f541b1228f8369cd0ffa0228f8369cd0ffa0384be9afeacf647384be9afeacf6470d05495449658ad0d05495449658ad0e1c3c5e35405fe0e1c3c5e35405fe2c3bab3b3b51f922c3bab3b3b51f92
2dcc7d89e8fd1332437152e96a20f202330e5f76a1be9265bf8a6671e32a3726bcc71808494038b064918c6fbc195cc1d4ed5aaa71b4ffd9435ddd651f8c573c5b630a63baf1f61ea1973825fc5d54bc3dd4a28cdbb1c0de98d51329bd5faf7dc440944801a6cf2b381f013f4116ac06a3efc53354b711c9
1725b72e691ef5227e508e2f2d911703c331dc6eea4151a83d03b46d222c1eb92f63a96d8682a854e01679ccc32c95822ba2965a105af6323fefc46211a3a1d486c094b23d8373857e22ee05e3220c57723241147a6eca91b18b0101a86986ec041362a84c76fc7e13105b8c09c63c49e3d364252ca58fea
2f9991d79310d723a820c88ab41a082127626f255d5671c7cbbc42335c54319695b083e01a73a78413fb2da62d208498bdc3f86ce147a5ad0c8332a30d54a35545643212b0ded68a1f9c841d8cdb46c16bbd0332d04a5008ba7016167df5a4ee3cc00a62c6466c0e002decfd7257c688f0f80e63ffb6fe83
13c49f3cbe5ed1a0a48a19e09f59131d8bd8eef2dc5b90418aabd73a0393090876fa24f9ac221571d000c5114d1fc50a89e1816f304dae02b488b08337a16a3e7d66ee115e0d034f846812303a1f571029bee1d05d152ff294de1c2ad04e9719f0d2d87600e13456931bea052fcecbe040e8555448f17de2
0e6c3d20cb65a44056e4adafd8a58911609d9c35ba3a70cbff83cb7561343a77b62de8c6c46254449dcba071e51dcfd87307ca91c1950e011ac620391a0bfcaae7456773cc2da558e60a4d0c0d1d155762b3d23f5d23f2de5b8b362359b4ae2b6a20f000c78a951ef7115ff24bc4093ac04a80d7e573b6d0
2809a0f66056d201413da82d3c9a6b21c5b4e6b23df6c311e29e571614e419bd11168addda91b1245efe7f15eb1744430cf71a4ab259b31afce89fc634687e1d671a25d3a25a112c3f348a1cb0ed2c8f968ea2064421cfa1370f049795dc2bdf6b1295b935918879c6031f12ba62bd6582da529d43ae5910
2818429cff760ed3f843c76b8e76320b9ce554ae512b73f0842ae26e799203f7b24e08c8bad19855786713c8dc100518d2fac2c36343388292e9e04312424d2405828dd287fc61c51e382e148657092af7b50177b1acf911c43521ab8fee8125249336f31fa6cc88cc3b3d93050321cb70fd5b1ba30d56be
1a4e6465d10ecbd3c3d589e3eb9b793b5aae47fabf5760a303e313c02fd5037380d32baa7df1f8abc514f4aa303cc352400d8a5a6150be1af541954604b14c351ecad682771d020e76b7750c2f9ab005afcf70beee1c0633c512290e58ab97b38a42d3081ad79698c41610e2a33c19ccf379f2b0de46ca69
36c5c50ae1f14802ce551de04b149f2159e612299a3ee1cab21977c07bed1dd5a9ecbfe1d1a3e91b1be25485ef23f1c9dc3e8a4560c9ccf14303cbed1724c98c13101d8345ea834a3a7cb510a0a150d08066604c52fb3f242f5d0c6c6460cb1c173292bbef266b959f3fac432a1eb7400269d752ecba5475
252ca19c8fe62dd0f051b4d390d312298dd07b06a52350406d731c2a59e401f9f5baf5029ba136d9c24667563601093f91bbec2fc21a63cc6436967619b3ffcaef13e8f3f161f646f0b9f810bbcfb8cacec8f0031d1fe7afacf139a935a6ca8369710aaedeca4989ab24a8e5427100fd21768b6d3115a065
008249482afc3b23f4bb53b3d54a1126028732ce7a0b9276db970ac52c793cce07c3ece238724a5d25ff0f489b3c67de40e717d293e1ecf21ef2afc73d4e20ea46ebad33b9dce4e9d69faa142a0127ca709840d94961e3ecf0342e75cd7dbd8250d19a63f89d8a428f0a1c02b403c25cd0761bd8caee6ef4
2da472bb89e86e519f68289f500e072ffeddd6d3e2ad130b2b913ad1dafb30086d490b9010c0af88e925f1feac21b7dc19208f47b3e7444689b83aac372fcdc19d18acd391b580de2c30e92e7ef0e87df9cf80baf05c877219b607f01eb30c999be39a1ec60a816a2d1840e928e93509a3f2ab32ba43968e
3bbaa037336b6b61190b85177fbe0f017019def16058318d513df249286f38e6e4b1d44406a287995a45d6a4853d44a491b81863038e32921f8472f92374e8833df9781235421ea437b490191638bfa54243311b364a3b95c95f0220e4190db00291b48331345b3abe3b5e0e2a5a457113baa70fd6456365
24ed502b6016d6707cbd2e3dddb1a82b4dd3eff8196802f50d25d4e6115a03ded2b8384c3202871817979cd8170c3a49f544b52a81d7c811e4429e1d297b0ac81b0ee5b1f25bcbf39b5c7439f51ff80e11abf38f280de90dd17d2b6fe128bd818c42d8fe84f90e511b319aa8da78541f70794dbdd99c60a8
1aa189654c4a9a20f0e889c5e65a13370875f383b17c327b52512503bd0031c462fefb12b7700ae4cbf62cf58c0da1e147218d2f9377dc9f29ad33a52b9846d4b78a1cb0372afd375e417c299729a80f43856075e03af3f4e4833fed9f435467269301422bc6db8c6618fe00ffd2939bb17000101e2ac71b
3c9b5f04d4fb9da278fd23ca8c801b3d732d907eb92440ce4ad7305181101c70fa0fd215c841c87f0c267c84c403f5d4f625a956006d88da2cc9934b3fa683d8982742625cf6b8f04f44832aa5d5d8ff5e41735c3595dc0d8ac928b96d9ef0161880d5f01c54c0d64614cb4a0a3009ef5177dc6189d48656
202dbcc1c52b5ab2194f8c910f24700f478a4c814d6911486f9c8c3293c90bb0d4eebc216a73a29415bf6babd11400c1f5685d273119f899415e23bf1d7b649c6bc0d9104ac077b2044d4831ebbbd4971fe9d36a410573849fd726ca57a701b82492546fb1671b5b1f37f2f9d394ad82128c452a25facf1d
23212b1ba8a716a1446dcd13a59f112c2fd3aadd57a08049bb488bbe3d911c54656fe8049b20122bf57a0d9d9c0cae6eb60ee27d22e4f3341d94a636124542177e0730316d1f1319010c162684c484013010429f9d5507c84c1d163013e5841f6370687425175c93113cc950d4f4d7bff3bae921ac877af4
23c16778f86ee1a373c87aebd68ae028013aab16c3d7438b6278888cd9ae3f695c02642e99219d5c3f04bf3a570c0ae7a4d82e0323667b8f60066fd0150d7485ffaab2835fb24fb0a060bd31d2fd9d5e2243938887861a938e7f3670c987170237a3c26ee9069dea5313e89a99d8cb6040a62c758bd553ae
2e773f9b6f994311603e2fbcc1a3e41b41f71a645edf32bb86e34c5aa1911cfeef1587a77d20d33c01686cfc722aa6a5cc4e6fd761a82cf430191cf42c67a7e2b3266a41f30bcc3b81fd983336897a9a1b33d39acad00d9305be0bcf91fbea292621b88162e2f11ec8001cdd19ed2cb121b80ce2c8c594ab
35cd72226f900513b98785454f7f581e4f72d3c52c6cb00b85a539317f241e4aa7ca984616d3ef7f075c18fa3f160b2b6f3c683d9354676f118aefd430f154b90539ced0834235bd12c7f020a880da30bce4036728d517dc4eaa3a84c001213a159179e2989506df9121e4b996ab904ed17f79d458c1f5c5
3aa44b1ae7447923be2a41408deac927d3a7d177fe0c83e643c8a8d2a8d42e161bb74f911a924b7e9ac6beb84c025817b5cff171121994fa242e18f709a414dfd295c5a2e04ead4279b26f008f9412663201c04dde803235c9fd22b2ac0ca7791b7355cc287afb045603afb0f79d651412662def8ab694ce
3b46a6efd100d793f51414ff1fbfe2107291e1538d82f350bfdaf11ffeee0c23f7d5305d90a339fa71bf434a9230689cabff0533a0fac03d5c3a11bf1bdb6970977e1f431717ec54ff0da52aa81cc46bee937085f863defa39472b82990177cf9fe3f0945bffdc5f252dc32100a8f202d2dc4b486131cd7e
2f6a11a330a02fe3f9ed225b1b1c7b393d1e8759db25006f6d483a2948fd1407e9b3d093248066be624ed1c63e1b18bb2f74a6584294f588021306cc24da0b208631a53252352c47fed01e155bf343c49d2df0d0d01be4d3d83c1880d7d0450d61732a10435caab1ea07dbee440fba4d834f56dd136c4edd
32825941ed4617009e86807baffc9b37112c466b9e4b70d3caf2a85e34ac22e5bd33e6fa22039ab2dcfb5fdf32090cd447db227dd3b422e8d134cd742bac0c79c0b6aff055cb3b2481e74f21e512f616b82880ae50edecf3a17930f85046536923c2c3b46b13272ef53773a8ff2954a692ad402e6b6d55c0
29992d2eb4fb1143c356fc315285fe041f78153eb9c2b1233f0a2e42095f133370be2a0f833020d70d994e88a934fea8e249d95e5329b87cc49730af2ea654c84da686912661eeec99ba13189d3ee51bfde0913788f783d155e71f8090877f444403f0051b495eb1970e2bf5d53322bbe279abaaf5d81932
2ad9eaa3c3b31d92827233683ee0fb07c8a6ec9fa307806cee92db7e73cf395d51a5f04edc012e67bcde30dd6f312fdeb71f3ee260c4bef6787981802dce755fb9b5d4839ecc7d8cff59e6356f9b8f13be5541631043c215ab3e23b8a5a07c1a5a631d661370f6656310e6a2f3d50510533742b94adabe4d
1306b621799693e320556d354b172d3dc31e627624b5a212f8073f44e7721288d51306eec6615d29a0a2380185175eb5eba8139e924bcef44e43ac5210f458b404c00bd044072e5fa21e7921db34ae89f2e87126791c3e5deda608341598266dc083269be7743f329126e7ef9cc2cbc332ed71dc9e297321
00ab15a01897d9533280ce06404ad43da6ddefa5eed812b73edf14b6c7913bbd944fdd3ac6e24ddbfea86367681f34f5939138c442c8a1364470c9c01598852ec224b1b1a629fb6167484a2ed0fb9e79d1b9c122bfc95c448f9117fe8d9571637d02a041d8c623599532be5673d9ba1fe1e96c4657180ca3
14bdbe6be3975aa2936b540eddbab5301fdd8082b3b1d26df2d2f34082f13842f3ebbbbe2e826f859590aa7a7208fc31ccfa1cb2e355e5d2930baa121d90ae57d15ecff0b8bf702c704fad0f9ebdc012e322815a992dc733dc373fc79249e7d4c6205fb8f0cdd9eff13cc60b041f38d803ae1cfd5c943d03
2310e25db18171c2e3be9732e9bc8a3b855f57bc1b8b4254cb1626a1a21829f39900eeb34170a8291946ad6d7a2363199d7ec085e36029f4214c27a43364610f819a2a912ea90b7845a12a1e4e071c1833e571b4b671cfd97dd83653bb72ff2fbfd0884f48ebeb0404194f58fdf4a000327ff5700093fffe
104f2251e6684ab2f14350d1713bfd1b583598f0b01613d5e71abdd44fc23f3f1cdcd6eccb0072afc5941999c0004ad7cfb86a2ac243258fc8c65fa406c9410180339c235e20aaa03703db3b1dc6d757c16c61a6c17c316a26082b9ade8625718e23b0070c73589a292d99fa684626dc81f2fe91f209433f
06d1d78ceef6dd509ebe10a14354693bcd0f922a93a3f2d59dea48e5e132039581a01ac25123b1fe46d8baa6cd1fddfb5ad3bc15419b312c894f6f013753808c38800d2117b1250824efab15c851e54a1a36906a14eb4286e4a126fbc23a8f3f2b53dc0754934b5b8b176d2af653401bc27f81b7bb3be528
17b8ee800003dbe39c8557b66e9a062957b0f466d474e2dc13c2aba662960b32f37b1a62541185840d7378a52c259ed9e45432b9d04ece8daaa33cd226a256af69679833d7e1aa76b8428a15c5b489c3d70362bd1606eb294a0635004c37b42c8a31418f9a3b865eab146e32eb7308b14382118a676a09f7
32273716c2ddd8e116ed68649accf234bfa99316916142477a602de245b72d3cfb97cc9fbca2f8252100aff07b2e13a0ae2eb2d663adcbb6978f894f28c23ec9cb55b8b0997f758c0ef01f113b06af72083f721daf9b01ff80821364e3f82277a5c3b8cf20a0badcf33d4e9d4d5ddc4182ab830db0ec2a99
1e3e50eaff71a3c27b235fedbe2c4a0b260067eb467f73d6af9b13e651912a616985bbbdd7c0a36be28f61bdd336a78930a6fed5b3352d298b9ad8a40ab4026df0531412cb0b5862d8e6ef2c2df03aa3ac6132787d03f44bd2d20f96d3f2f4d44b13dc62d8fee9d8ee1fedd9571812e7818ce6e30c5a69fc
24745307db823ef3a70764fa45d3762d23238d7dc6dbf2585b162bcca0630b7ffeb00338eb719615d49d229905099de25977764b236c6c01ade92c0e259804280ff368a0128b107b8341d11a2a7a03d0e33440f36b65927871fd2f27b11ae3c335d381ff22beda713c117a28245bc1c891cb30aed005610f
254807004ef07080427238e662eefc019c79f9062650a0b4f10027193911279dcd59711b7aa2cbde402de576c23e433b3137605c73467e09f4a0144e3afe18c757eb4011dc9d9e4ec7161938719bf78377d4a0fff71b541ad8e71f4ce6de89a1e18309c861d08576172c98f5808c577210edcf566cb322f2
1c45c7e81a60a9b1e286cadd06e6721b505b237452870135eb0302247d0c3be7c1916cca21007f509a6b7aeac838d7cad2d724ea925702a1cba7bfa42dad94515b255180bc1c30a00b986f22425831439c2d528d3901eccc218825fec2d92b47ae7246e336f77bf83022f128811c4011524549b22830c7a0
17659d4ed21445211814b62c4e368c39545ed67d0e4d8365f7f7e574fa4f2a0bca6117a4a9504149becf4208d20eac9e3251e0f6510e6d123cb9cc5e235393a68727138234ef75f3e0dd422dc6bca6bd232c132f02279c1c2445366053f2ca8223901819eb55628e1e02048c8b4dbd3cf2877dc68acbcaa6
19c83e5e8e4da2c3f6fb704fb2cb11129709990dd8a7f3aa9485c5d8d01a0dd905d537f62e02aebbc036c94db609a26f8ded931de042c7785c24349b1938966003392f6205abdd2b2b77be08925be369005710ad82d222c4b62e3904e3a8715af0c04705b9037ba5f216ae006d8f085a92d05b890befb821
106f986264e37771ae5a05b82e85f71242ba85878a8df1d0459bc77cdd631dbfb7e3aaf1d40063ba07d82acaed1fe35e0103de4cd2fd1c40f5d9d92a01a4b22293f375e1ab83937b005e1419df308baa0cd8b1f0b373754d8cad31e5f3820125dab18f8835a41e66201804aff58f8ee983ff99b7180768d7
2e4e0b38e5a0c342cb872463e251ed3437e68e3b2fb423f176fd7da9cb3b248ef385e9c8b542bee3a0367cc4322e78dca2c20887f02b47553eeb8bdd21381907aa0a7c71848b07b0824bc029c2dfbf1a7c3d536d292775adeb5902e0d173a97892a1d1f69bbf3d8b980acf9773d7370dc0da22a933e6c0af
0240a331a828ad21cbc4ef63774b232080c34367816e41d37917a1508b0836331bdfcd70b7c18b7dbcac52162a0d0590fdab44a130061ba74bbd4a3f19a3be1ac4fd55b1a806aacf7ec90923b959c7392d63d07deaecea48da0a28cecde4e77b4bb2cf632b41847db92ee1443f46d54851cb4cae4570ac1b
05856922a34326e19ca966d3477cc504c542d0d15152026fa71cc7abfc01240140594ee08010f7fbd42b4af3972b2210d8767cb1901294abbb32815d18236b5808ae2ba3c78861f7b6f75d1850dfd10b98956262ca1762d94e821a1825d60c65ac01e5474cc9db271a240b312ac3e54331fc6027e6d32ebc
0e6e7f7be7a289d003564282dfae9e09f086d02e0dad72a0b566f1364383317ef8ee62d4de13c720d6b97fd7af1aee625e695b67a1b279aa31d030b43d600a1543722821f23629489b3f801a0b12de08a8e523a3adc64e1332083b723721d2d15302ec9af6456c21a0324f93ce88b92e4267ec4f68befb4d
3a392310e6dd04f10ddae3bf09ce7c11d33b856671a28177a254cb81f0d032fa69f39df7cd824a18a8297780203de8a3631de002736173602a4059931755f36488ce7a217b592eab870510306a5e4e2d3d3e8208a1b4b8e441800100f653e4a27233eff088519bf4ea3fff594f7e1e0070000a7ff8040006
1b8443db34d7dba228d3c34600da5c3c9150aaaaaee0328a974e810ef52d031a4094019e18f3b2ba39c4ff7fdb3e8d8e0fc8984092801638327b5a9f0030f50b79d98db159aad60387278d2a8403d0ac168fa2b84d178345121c01c3abb1f05e50d23ff0b523fcac5019798053f63c1060a0d2a33c231638
0e8bebd78afa4ee2c60c157a5317953a9331094b58aa838f734ce98fc9cd0bf89cd413423ed2e9e891a40d0a5110c71be9e183f430bf13a59fce30653bd3d9579605c543705d2af94bd011213e356a0516ba90ba74c17ecd58fd3d90d65356b57642b63deb5f8494f122ff9da309e659b2717a2d7aa40bee
283f1e671701c222a119ecf0740be301973bba3bafdd106558ab3281ee273c2ec829fcdfab63fa121a077dc6ee15fb0128a833c9d36f6a61140cc8670226a58e79d0d4c218b34fbfacd9e9247ce2dfc0934d60a28161bb352e0c3b638b254554c94132d0706cc32cff3d253c3c329ea5a06979fca7bdfdff
37a5f1775bfecb83c2c8a106abc41f121003bff98a23102fd5f51cd932b52955171a97e4f8d3ace0f28f197b0d301af2be2f3bab02c467e8bb18d7a2100c3f16ba3cb5f013b212be2cda453329194797ccafb16ae70afa2458371f96bee78ef0a942b0161d4e2d8de101cbeccae754fbc3163b2eb20431e0
21da697292e401a0bde2b04f38a3b90ab9855f05ab3513f89e3cde2f8b75345df22eb4242df0b454fbb0a905282251ef3d5eb2b9700650dfdac8c748011719f2f1e01f728099baa8c9f9f02b8e571e94cb2cb3f26fa6e6f8c7d91d385866270d23f0a1cb7bc11d7e59201cb1d69dd736c24f50a2fd2e5594
33ff25bf2d0960c1844a24e3ce9b4305cad223ecc99ac1e6ccfc3c0f0e4d3b8fda41b7843290b57f85ca415ef22c988e52905bcc40c5e35c464f806f15dbcfbc0e089ba008dcf9b74f97aa2b9d061ba0276ea2d075b662a3946c393f1adae2735d700ee123cdcc7d8911047c39495d36d12283d1e52a2deb
2fea8f0fe06672a14ec89bddd7d46a2b1f448a5882316121272cf5512bf11d4e01dd82c8e822b7e5cab8ea378c298db5400a2b0ef36773d072926aa80f912e60ec7fc462c90a98c7226ce3225de2d5700b3dd35fcff8b061e9c9235f226846058f73f2409bc2312537046ff911c3c9f8304c7ea78c6daedd
02a6a3ba37ec264399c61d78f9b9960a1be4afa435bdb1f42eca14dcc0c42883c4183bd21143ab1f80af290cf613aa072833e8afc2fe8da8fd2ccc111545d2526a4fa1e261bb43e3a8135730b51dbda4ab0dd0861d72c6f56e241eb99a013b2bdbe3e0bdb91c890c2500451d0ed77a6d231e7dbab61a6090
2f2c64ea5640d591d4e9f0bb5658813ee342879d325c305fbed6cef2ecfb2146005137dfd9b39e35b43f1765662cfd3597366cc681e06a03434574581deffeb6cd6756f21bc701054d65b73f5b7b5bb6702ca2c3adfd5bab66783e16de8df56575a15bbb43e29c4cc5177e17d5b068b8b31d5d0cd2668366
1752612854fab7a2b2b9fc4ed3399a3f271257fc7d7ad06e77583bc4dbb314ea481f1b0eff728a9029018e0a4b3c3d107a81d4c59160401f0544739a0fca7cd3fe22def18ae6fc41464d2f31d0024ce3660c437b41258b4414b12c438a3f74a28de320e726d851701a2ab7a407898aa1321f5620917d28f4
16e84288b016d242dbbdf75b3de0800fc62c788f9c3581abc1cd36fa821a3755d0bed9d3852367c21a44a11f9013b4e4efe6772b91e362b19698895802e8c5a4e6ea32f17011af1e13823216699b9c63fd47a35f1e566321f40c0193f5f951088931aa8ca943be86331f83c96433deac43c7e5906cb96748
187bc87d78341652ddabedba1b86cc151f7c10e0be73a04442a5c5d90eb806e42b7273aa6973305c90ffcd8d4f0234c79afe493721884929741ff6870ffa84bdf0d26a70ac8cb43e87dc401983d2bd26173af3a93ef3046179b10ead7277b035feb13387984f8ca70f33cc0ba432c617b1d644ef542e4b3e
1e95ca335e444e12c95e43c1f32a953000d7fc3aef76d23d748f1b7a292d280c37a939f14383ae43b3743e1a64296be74828ba8861e53b8d869d32711bea58cc330452711b8cb7c298e0fa1bc19a920135b382a836a75d11b47c2a5054533794ec8296cd3780ae31a8142be03a9428ab02d45a19dbaa3eb1
19f200bcb3f9a371f32ae8beede8ea215af3a0b39f0c43d267f0c92162fc0d61c98ec5819ea0a765c766184bc4098c9afc211d7a637e58c34afdc5e3130a96de52848bc3589d9f50a8b02631e3c9126bcb9cb236b38922ecd9c702cd6b83125a284093e67f7238364523d026a8372dbae0b16ca8340d1e2e
1bb9a6c9358208406ba89c63a9eacc33d79722f4ce48d1fdc4a286cc8eac1c2813647cc197430ccd368f23d0101d567d49213ae1312b2332c44754f43dbf04aaa7c4a6d045bd601c126fca3fa53bfc95c3e123b8071ff17f58a72be35f6cf70b4e6183754b97e8f32119ee4229871bcd807971d517393d4f
352b0f853e954c33b1bc4347ae88cc12717c8ea08080f217d5b44870cd6925fa4be2d1a49bd329204f7922ebad3aa4ccba7f267070c9d36de6115c7f1a962ab6cb9566d0c0632cccb6c7cb0df5fdb5661ef721d7fa4c77e878382c016e95869987615df916988ff2c42f807fff132f59130808002b3df481
12052b4ce0bae4b2fabcf323b6e80d209bfdf68f5d7b42cce8f7b6d7c90d3d67e38237d75c601ccc611655f08b039f62b508d23a63ef48ac71273de91b40b8fb362dd032ef57422ecee720005b7947afca99f39fc401e1943b242390c8cb15f449c3c925dd5159b71c1442f3754f6ce3f050d1c9431fea4c
315593613c08e180a59ea13fa7f1f929c774531cd8f62141a442d2093ecd09190b62da96758166ea9a54bf28d73426c0f5668795b1af9f2b444c437027beebdb488b44239c9f4f94ab92c112ba741ee7672863bbfc4d396a72d3021bdc4f75906d735e0f0ee79ad4b72ad3c453ed6581b2c7c338dfc131fb
3e8530f231e7d043bda2a9e786604a0da778ac2518b7a2be38c90818a3800dbde1c093a5e941ae133523603b821cc5e0390c92fd406a8c61cd838bcd3f91eb8d55daab815119aa04f5aec41e6e4bf0fd2e3a43100647ef4180d03c0ca26a91cc193179808ab43536fa3ab7887ffbbcbc4184a617038554c4
3c45bcaca334f3736260f04e247115034fcc844aab7e93fb7475d63e2fd40ff438f613025142ce7f5e0e00a1161e30d4d88210b560cc7eacded490d82eb35ea646aa5a516af63314c89cfb17d16823895747c1da76b5176d1860146c45844708806183668bbd76f5af1c32ed1b47ceefa001545a1d7e12e5
3bbf67a02340fc63d7eac2947a5e620beef057c183cf307c8ac92575d984130d27eac53ca1e29cda9586b479f515f47382892909e0b0359a7ed6acb61abed41f44c23732983f2bfab2e1741c61e834ced540a050c270389b3b2d1e8da76d0fbdaa820f23d2533d3c6f3eff69b7d5ee8502effed224c88a31
270fca58907ad5e01012d588599f2b34306da779487900a27ba8e71e38ce064c616dee3fd642a061a2b52060f916878377e365e41307157c4ce228a0122f42bf732c8d21b435f312b72151331565b950c30b30c5b81e9f7b80cb34c227063e181f001470f0b628e76a16d93ed47083f503772925e06e3266
10056ae820837dc3cc0dbf3a03de37084907dcf7a17e816b4da6b43d9bae2ae2738dc27bb41354ed060021331c265b214862aa3860e0f9ad88e4cc6a37ceb2037df37f720f3889895e8f4f0bcc435be9f0c9303fb4bc7f96f66530ff7edfcab68210d4068f89cc58561a528ed310b9dd814c1eeed47178a3
0f00cff24ac73df23b6c8e340f568c219b86f4596edef28a74f0f4d39af2390a649f66cae78016f8d1aa4fefac2f9c0224823ff712b4e83299b54a7f0937b18d6ec99a000cfd2d63d582cd0d4d5d040d2130422f4b75073c9f143c5eae4a1d430ce316f188e57fe2d4180008bd77d868b3bfd1705dfb48b1
051f59f88db02483a099762863705a0a8491e259ecb7e219913077e23d44035587cb735f43325296280403a443328919f416d32532d11790967d1d3132444af90473b4b3b8aaf8a1d6c9440249bcb8b60f7a41e32fffa1cae5402f34a38e4a8b70b011a410ae16cb920b5bffe605250e235a9421d2cc1c17
1a4c5a809f7396305b60ac8605d6af263392f2e9d959a1fdaa5be71b7f7324d108f98504ff83ac3a210e17502c13560be3ed478c00b59855cf98d5ea14338a84369e94507766a3925822301f0680ddf7bd865188e31d935c6c122e089c292b083e9263df86511a942b3e1e9ed66da012302554d178eb9c91
0ca8564c5c1e71f28c0f8880d9cf330ba6e6acdb5e1872730abdcf40db031a9cb2be5e6b27e0353a150adb576e1e65d99b14b9a29297753edb8978702ad31b3e13493ff30aadc8084c64843b53429069be8750a1dc921f39667130728f95a2452fa04bcfdd48dda6c00eb17e3ad71f08932355c8dd7da72e
0283a79b6695c2e022e6e65b36e5031acdde4a9d89b5f27d60adefbf5f2620259e06f270ba3095a319c8bbea3e24c92f91084699e31a5df229a254c52e1489780cdcc533a3e85258bb2e8b0780a31b908067b01cde626834def0208b818bbf5cb1e3550390dbb46af428438e2e9530ae3255d172c497d78e
1f6e2266f6d7ba81e08b4322654bc706a588ae8a9ad99082fdd909ab32b70754691d6f1ece928ced9b6b01953e1f1269e7cc7adc31dbb61e02351dba3e302868e0ab8be3b17e91c3d9a38402a2eeacf949b1d31112370163547e3e93fcd9662724630b17cfe18cf68e2916134f6ee832d15a15a52ad8bae4
358eae700be633a3b047806a55c6871b12ed71227395c256faeaddce987c096fa65e576f1e726f92425abb3b4f3ea42bb7ff8829c0e38f210daf330504284bae17342893fd8d10f260a67737534e2f9b589381e85eb0bb64b325267659846dbfc980d4a3630472be7b2b6b44fc3dbe41c395fec219ae99e2
37ea09cc5a428aa0d23ead8a9eb1aa01d52ea8b01543d115228b8a3819e510619c32cea85f6285e4528d9bd3f818612e659e80a200a0052dc76ff1a63e7fb3236ca60d421bda86cd76e2e71257869307d9a2016335655cdebf6a11785cd8b8efdd00b0ac9cfeae9eb8097b7174bac9a541b963913c52ae95
2e78a0ec7c6b4ac017ece7a172b3570e3bc3c9b88fc6c10ea7f5698874a823509ad00617cdc022c2d838a3c2871c61ce31f3812d233073af782dd4b918a8f651996fee1124729acdb595131e5cc09452abdd008c2f17f0f4ae46285fc7e20a411cd1965f9fdb3fee81201fef80109f5e33ffff08262a09c3
000000000000000000000000000000000000000000000000000000000000000000000000000000000000000000000000000000000000000000000000000000000000000000000000000000000000000000000000000000000000000000000000000000000000000000000000000000000000000000000000
171674852ec824836e66ad382c287d0b7e2491ca7397c1e44d0c9ce114aa00b59a4cfb716481ab123a29003e190d1f2cc93d8d0fa3b6f0e64ba44cdc2dcf78f85a62e5102b1c9fdd062d311ecd6c3dc47595803d6eef8d72b439264fd7962d0e93b25593dadd70ba943655c59db8be7ba00ad88afd25468c
2742180b6597c9612a1f7a65708158034444c5ae8476a25e2b4fb417de823a133fb0c8d9f2c11ac2a5687a11bb3e9f728e5688600039080ca1413bda1c4c8b6a883b2cf151e8b56ffbf5482fb8066d33b89252fc3539de500c5c01a373ecbd41b7d317236849267fe52d4b47207acbb9b0494b824668dc41
273738d9cbd5f18206485b658e820f3cd71763482c52129ac55aaec339213f127ce8416e86d3815b3f2dab15a4039fa1190b3d2e3214d1a7647e68d73d5663a3286f72a18907c69a49d4e122566acbac828ea00a9c37d8bced4a1c5a95909a4a61f0834714e8aacb7b330cb451153db7520fb8504b5d781e
09648c3f19f65db1d9480a60de41bf12ecec555c05e073040dd8c6520d7f1d14ba88c7879e10d44ef869c189f1360d4f3eb6258a02f119e10d39526f17ed5956ab30baa2696d594d9ed46514f9a8e3ea98dea252f0678c7495a11fc36e74b980b67042ab7893fe370203a3e7681c708022317753281c6493
2eb138f3e971f62236bb4a3db3acd50e0bc19865ae27e3f55bfe756b9449216ad85b319d51718aea06771dc8892d7650819c865902d4578bc5f3ac9a304ba21eb5ea1dc0a94b302a08516518530bc77e9c74e0a9001611e0399f0cb913a46cd5fa514cdfe1fbd779253027755a25a71252eda93fb244e5f7
0497e488dd5304100796e364638d51325d592b4e2a04801e35df0095145827e0b66773dc40c0284d4b2a594b5a1ed497df0bc7c9b06f3d08fbe0b8b604ab197c7dc53901d200d554b04cab007586478ffeb5a205ccb142219bf6021cc8ef2c49d1910fa675be5ccd981087b39887b1e8a01a9956ef663bbf
068037018b7da5d39327c30a86c036377a778c559c1e03da86353425759d3c07a2ccb0c853a07ae4a78a3a6088084f67ef48e5cf33eb707457d4b4c735c9243e6f47baf19a58eda7a96e682958f92603bdfcf05898ea13bdb41232d1a94971a764c0076b491e5bfe7e27f51513040023d0c03132d570be1a
31ce3747e2c98951236688b0834da51995670381cfffb38cb6fdf9db4e31315e243f3e8973801ea3c5ae765a7339ae3cfcc71a7f03aa2be11db953a41758de36f3939c82225988fde599163c0ea0d31dc88590dcf414454f26f13c4279c6b1be78a3f58d218cb0625614a4d6476e76f541ca5d0dc2321f00
1a799f88ca232312fa7f6b285309171d404b023d6acc83645df6415907230200c44c7bfa8f0236fe8706d0bbb431da5ccf8e56dca01f0902b4feaac43d3639352346e310fbc5656e21a9820fe5ad5cc8e17fe08805b1cf9a866610ff1dec21c90650041639b241c05f3fc5ab6f99986740e367e124911f99
169366516ee065a084ece4f0b1f7f92932856e504d1980981b14b0c46e90311c9dbbe9db591289de29e948f6143660f94100deb8d2e6d49ecd6cd17b1ce977d17b2e63c39e54ec8f9f6f343512523d240d807222249f577d86fd2014609eedc71943d5b8f9cb1dd1b415c165ee2c6ba101e14d33aad02fc2
07643f7d991969c28bf2dfb959484e154aa4510e04cbc196a5e51dd61d58177d3c80e8c541c0295e13e43fad0f2dac5913af675db385016e9ff4b93c301dabd524bc19e0ee6efb64fa4dd225f4330e5a22d223062fad218ace7e3c455854740d1c417419d9dffe460c0f2db2c502d799a2b1207cad803dd7
133da3727920128271c6ba53a6fab13d406ae005dbd602bea4f4007e569e138a010cda2d980105338d9c589255154abe9a06eac880ea5b8f771daf6622d463d7f745bcd2159fc81056c807363f41bbf4f57a607042195a7d9c66071b81b5db0ab272fa74060eb5bbc8286b3effbae5f2c38ca53e6a3d1539
3207fd3e559d04539392db531f02203a0eb7ff7be4d122376455e931f5cd27706d636f69c681d6e3ecf97a944508a4fd1bd16785708fc424af638ce42b63ee037fc3c03363f2359d6a75a23916ae81c62b28921696d482c6709f0eb6de8f0dc4b1a382bb9e34d78d371e3650021d7dbca271e819a812bc26
0c2103365a7048e0382a930a579c1131d83366447461f1ab99e537d675313f1ba7d3bd2b46d164465cd931f0cc1897bf9324e9c0d138a75a3a3834791e144aa8a0ec42a39b3f03ccfdf79b2687120b33aaee70b902addd9551c401a6a60af20d1d409ad2ca2996e6d00e71755edd659a21b851bd884338db
27bf390aa576d9827629fe53359629310ba80b032c2111f2db99067afa44312b90ebb784a4916c8cae192216ac3105c6927c44fef3d6dd162ac6b9a90acf3548711b3763f39ba9912af6a0076b6b398a0138f392bc48760a794722e937be3e7402a1ede8ec31f1f736383edf579af84851ec2d5bfecdfeff
000000000000000000000000000000000000000000000000000000000000000000000000000000000000000000000000000000000000000000000000000000000000000000000000000000000000000000000000000000000000000000000000000000000000000000000000000000000000000000000000
3214f31412a41b93ff95e40d62425426417702eba460b233a9bbd33b58f006a897fac5acbce05e461a6c696046152f9b34bfdd8051311de857d8b97d1a7576d2131d2a5185012cc6768566068ffaec08f59c233d4e323f92604b2d8f5b4c6a3d8c804e95fb2ea027473528a52c4e9a5622eaeac8911f6690
33dd8602acba5372cc5b45992c35b418e30f89a8ca8e71c9a1278a04b9282d3420844749a971b8feb0f8ecbca533febe3b0521e3a07cf3f151dd4ed20c838208353da1530b2054d17943220695b19878f337a3cfdb4177afac4938ce8d3375039af14c36c9bbb82f9e3d2c94d02edb3430492668d065bf3e
162abd5f85b17ce10b96ffedafd932133e15cbf9b312430dd10713f4934033476cb7c0ef1c12e01e809db836520632084013964ea3db702d6e6ca80f262b7c8f9a1bfa01d081508c199423143f825112786e81a1bf3dd8087471345175b6b562121200fad2a5f92834393cf7404edb3641b2cb9950b7b7d9
1cc85ecd7a4adf90fad036b57990420fdc59e4738ad2915685729d471f46097086e23ade5d0183e13dd8809c1a31360f00d20644714be422dc90c08e346152b9cd2d9740401abae7e51b15248c7efc3ed559b2f5f22f8e0feb3622de25aad4ab20811cc8724c8461812b452b42756b5b23cb467dbadca8e4
1a8201e30f9738e0dc76026965bf361eab79fe87ff46b09e13fe1ab4184614e88bce41c1e012fd524025e341343fa1692216f0e5000dd7a98061f77b22602bd7f747b2137d11869d5b1cd019068e4ca0291fc2ee38430f8918dc037421312973fd71dfe8af4cbb005b2c96ace15c78e3a3ff24bc82ae955a
114d91b2788442c1391ae848204efe0a704dfafa3a53c1c984e46a90bffa3d2795e2ae33c931db04417694b09f1459284cd4b18ab3b9d7c4d8add58c24c356b41003a3a32d5aa0d23b14dc0b2f8bde1f8abc4167745b440aadfb209fe1287eb35053bdb2e2e56078f725f27af919510a720fb0161c7df324
00cbf15cde7458937b6ac57c79c1cc0ed8a1174b6efc00d088faa49f19e8249a90b2abfd52c1f1577fbbdcf95e22233c0bc49eda22b5aef3acb9272d21f3f02de9bb4a621dbebaaae5e02e39bcdd69a65221e27fa52a928378973f71f7f8bd7c2fb3893b5f6eb4b049286f77691ca03071941e0aa57162be
340b2480afcd9bf00ac2200d605be7106d81f8fa6938d1b64b42920ac43404892919d1237020dee5b4ae1cc572237ff056c5dc6380014de5e90b4f071e0066fbd5a893b1e6a25bbc5d8651074a20f6a6feb60379a6ab859e4e4e0a6695f43713837092417aaf0c6e79352e239ebf0ee2d0460185c9d68830
11002802f022eba1c8503700a9311c2e1193a317a42972799ca41200c077319959ee4a7e525322e15c68b444c12c2c0f9bbd356e62c426ddfdba7190168db8909c5e0f4280aa3ed5a4f4292a07fb413d94dce22e4468f2af1b40096fc891101b25136ad27849492e282ba30f36bf4285c182032e32ee350d
29e477cdc136376304cc87efad849627ed9b39dbe9d2403e24c30f50c1d037a18eb3f387e16224d94138da3613106745925cb7cfa35c5568fc9f765a3cb3d7e64f20eac20a449f2e774c621342e6a4e60b97b3a3df0699eaf561252b11b1c48f88128a5fca38b7ba2411e041b29189d2f02854b2cb55a12b
152b881cc8890492423fa9028ee80c27e7aeb6c0c642b15592f85b6d23a106dfaf0c255a73e1cf8cfdcdf7314b3f9270d6fa37abc2d71e49f809fbd539e4d2f649af4381b6bdb1bd5af35f1e640ca4d65479c35530f4386902e33c53d8fdb96420a05746d553949cbd29090b94e5c29b93de7cfeb863a20d
369c2ca9fbbc03113671f7031bad7012f003fa84164b230f148515eb7a4f3a96c7dcbd11a10236a650bee520260aa18fdbfb2d4a23938e51b601eb1e28cc92b94c28f2f3fc393486bd7e4603a760ee5546a8c25b9cc2079b29790964c74db4c48650a16bbefe4b2eac3079253d956978f26319b177d75570
1258109ac892f9539453e949a0b7e73bb4b58417d848a1686af63f02256d094c1323cb34f4400080ccc53e7896172f077843114150e3cd426701e8b91f5bf1ecb16c6bc169575e39352b0f279048baed0e1c12ff3acd3d3b26ec158b2ec2efbce971235533766e69b5250c778fb8f1aac0bcdc249d295fd1
0b7e8d1c9d090e424a8d35575677ed2cd98a6a7b0948a24de3dced49db392e5d7bc0c991c3d1f5145c890f2fb32281eacbb364d110528947590e3be80dec06fa9831caa1053e38fd0aa0852fad563312016060a7741213f5e43713a98dd96cecc7e3cfa5e851f99ae03d4b215c12b380a217975a5d2f9e42
1bdf64193ed346d37b61e44145f0d42b89ef5d684c67510285bf4189de633fbf05d643648100eb35e7232ed8020a089108e2c3f220683b506e56e7c80f3ae0bd74553d42111804e0a659c202093885b84d83b331f16dee249af63da5a123c7b69aa238eec68edff55c105ba24a4160266170b148a66c5564
000000000000000000000000000000000000000000000000000000000000000000000000000000000000000000000000000000000000000000000000000000000000000000000000000000000000000000000000000000000000000000000000000000000000000000000000000000000000000000000000
05daedd9a1ba55d30fd97b53713396310696ec0099b2b045d069b88e2d672341d82e618364f18a78554edc0ea33fc4d680cfbf1c10520c974e7f786918e3602b3cfe5950a99770c88eb2ae125ac854fd0688a3d968b42beb329229dce2322a6716605acf587d098b242603ba5e1f68b3a08b0d5e47425881
192efc7606fcf7e18e899a564da0a2397acb21ec44e7d22a85ae8e36687e02bb973ee7670512d658933efe0b000536395e5d490ec0d6f76f2614374f21514bb00814cc005955fcb2d5097a3c836de8aa40eff19b8d19ae4a8ae11ff923c3de69ab62c9cd6accda9def07762fa76c40e570436fc97ce67483
07b000d9b8f34fb2076fc8c9e6b36c37974527b52b6281cfaf0e5d79ddae1822b46ee32066009bef2d874fffcf3c56b7a5f9f24912a3475497f5f34e3c5fd0f0789bd653585259131faa930f00006d5da5e9607951e36308c1e1372ad522a19fa672affec03682b6b8217372864da1a2e3d0165500101107
3083cd7a7b2a704279ef4e311369ea355afddda3dc7282cd5647fd39aed315461d7c576c6ca041b5205aa9f3af2a58c7e1cc5648806c854edb4f5e2730635a871b2beb21da1db1bc7d7a6b0c99f404db612bb1327dd44aa51b51382c3e869d7b5a42803af2052c86100a520b50ff839ff3eda472112e3b02
205662db37641941e51abee319f27e2bf442c069e09cf31689076e0553ad0d152399374acf124f4fafcde95b692d66aa84a430e110d900e9028e812537fdd71177cd61a38afa433930be113e18bcc5892530e09c7597d10b8e6106ea564fbf25a7a287e5ad45be4c84028c1828eb41b20005236226117ac2
3455f58a5a345c8085a96eb9e01e5f11c2feb609600f826e6a61567095c93ff578a7e6a54f207ddf6d12db09cb33b3552f153e595332420dce9b8d9e1ab73f785dbdbf33ccaa29d983e9ed1956d477486e9ff2198056c50b1a2c279509b7518181d1e2da49663df91b2cdcdbd37ca5b861426ce838f82be7
36e4f2d7629e5480217f445bd267572b76074363b00992e6d81c955b773b329f9222bd5d8361718c25449a58833a4f142aba35b931c33e6fa69e68002f858075fec19633b841aaba4ec24d0c194f3b5ca62ea106a6a07cd9049f07cea8db3b36f081d4ff721d96339a09c1d438f9bd8f6000c6d7c32613d9
283d12fa653286534c6e77318b45ef22a903ffeb3977223b27f25924e04d2e3dfcbaf6345ca388df61538b178317b903f97e8c4a92c49bd2338af7082c984f7dffab5143025af8129e6c153d67d3b37e5f2552a1113b5b9363aa355b1fec842f6ca10a0e953beacd940b22215ae73860c38aefc0a5f0188f
25fa90ae627d8642f5fd7e2f5e1ebf2e1f44f2f29183c14e7b38a73eeccf001bc16b0944aa41822b53f02c8ef00f10e0e686950ce1e89b409defb1c920dfe43ca52e0eb3bc5f8612d7e2e80165cd214b12fbb05cf861a185b97d0e1a2ea8fa155d73a5be725707202416bc30991e0ae43114eaf05de11bd4
095ef42471211cb23730cae7eadd5c32f0fce286ca22d25ab87521b1c30f0f89aebf7ea020a2cb60a45369ed0c0f4a349b2a16169027f3f48fa063b62913df6702925c11710daf924a81be028413026736bd8085b344288272011d2b3eff01e7b9c046611a978536653610fd3330e077a3c7c296110257ea
1a6237b4a342354322e702fb3746490c4d435e3a63652113364227af64ad13419c9f552120f1dc641af8d323ab3d01dbd836d94902961bc1237dd9ab3dae3255fbb894030d97f0f51b433f19eb2373a10fdfe28c55ef55993bc21d69f088bd633883fb66fd6bcdab160cd19c81083124831b246a80366493
2bbcffbf05a05421307c65f5a21c7624845b9f163031c1cbe0ee3de0f78406e7962dbccfa8e109562260f4513b099ce232af4708403ece27a74b1c5611de129f55c792912952560abb91bc2347fb87d9bc03004d7cee62f251b719a765f70e72fda21312845aa16f503c082933f9aa27a07bc9550903fffa
20f9db23a4c0184076109cc56de97603fa2bf98143dcd3a04051c8673d380c761e0abb584150d9cf4a1465ad8717b2e3ca4d7f6471a8d147c1f8bb7007c47b09c61f87b2a9c62838a0b5c83f072706bff44db370696f5cd993393dfed237233b5c430b6998f594f5212827625850173292acd4679fbca1af
320ec571510fb583eff1aaad9cbc193fa2466bae0b2f82516122e03f747d2f3d5b88a45e03012c0b978b2a51340554521c5d9f9261a461a64d051b8225ae3a0888c123a06c7f3d584aaf8008adfdaae708ec308a6959129378e8051210bdaaa5a79205a20ccc7f73572b8fed4e0dd02b70a2c725238029bd
24516625ef4379b31f937bc66b31641f775ccb62427352fbc0e1dd678a012b5ad4b570c02de38bd727a325868e153e4663e173b4015f864ea282a7780eeaa6458c29f861268613f132208f2c5e94a2ecf155b21cec5a198292b43a35ffa775e0a9724dc0177673362038269cfe191d22b252a1e7ff428ad1
000000000000000000000000000000000000000000000000000000000000000000000000000000000000000000000000000000000000000000000000000000000000000000000000000000000000000000000000000000000000000000000000000000000000000000000000000000000000000000000000
17890fa43cf4c6c03f0a278dbb32c6216204b639669ba1e897b169428dc1164ffceb6cc3fbe1e0584a4f84627e17baa7c2ccd9983078f2b7dc3754db13332b16eebe3060fb530f094756952f03bce0e803051157d367c9fd9c1f013f7767b3e522a03945d0865c8c8e12d0f2a7082979e07922a4e34d1c7b
1cb6aeba441f83f34cce632efbea4232f3940b57cf4361b90a5b165a64972a75fd7eb864ee2114cd493653e56d173df35f33e5b55115448808e4e4863be27edb7e53264198d1c0d18b3885123f475f8b438a01332fbcdd78408503cd7d28388fc9b2ad4b3139902ed30c0e6272a9408370d355ffaff8d8c5
3c93aa21f990e1d1b84b2c7c2149682757d74d6f7d2b608aee08440a939b37f31482194c6cb29509c4eab3ef181adb9b21db9fd5d000c3070da94ff12836ca1a289762901fe0df1050c5343a1dcf1826315e1114e0d7211af03e3aa49408af73a8a0e2583ebc0ac797015833ad759e40e2e86af4c6c0bf79
2bd3dbaf20a24f53be9ffb4dedf1922df1b6c6905792f184cf2c6e64fed529cb3feedafff4730de9bf5e04f2582ad219f93dad5272aa81f17d0546832655272b29aa1081964377a632c72618deaaf29b7f77e38f8afb5478c07a098003d62b02bb5254cfb6356b00973f1e8bf4a9be2ea36777c12d988009
09e706fb17e49d62fb188e73d86edd1335f631232b1740954ffa309187dd3e439493bd877f23799181b86fb4a73f2a105840eb36529202903f3159e41fff8b3683efd872bee9dade686eca11a0305ded00963143b0ec4ce8050728a61d6ea27a17b2e555d99a5442c1134348d4ae4f5df2c591ddd14ae404
2f5baef03e5e96c3fac69ec13103b72ec3bcc33d3342320ebaa5adfeeee3311f121f552b3e130aff2c09af0fa7050debd843556280e306349f4eaa0f2665a80d05c02ea26b6ad9a4a2772e145c2dceaef6104007a7bb30d6b6ed04d027adf62a622296f36c3030c0c00837a8a3217515b1157763b8ae4fae
3666c126f29c7ee3285a35da7624d61e26fb6c5e6c91c073de3dec7ceacc0f6ad9bce3274a000a00f20578ff9137501daa9119fa63433bceb24e2d0b0ea49003284070e1b868953469b80b10b7246f0d8cef223d5d0998d9ddae391faa2875bb2b420deb78c4cd92723f0896e2245fb7b077a5dc78337fa4
07fbcdbab011a252b158081e3259082a4113bc9b66a3d26b054722ead27216dae8fb7b474863a02417e3e059d0061561f3d11fbd935dee176d38c7e12f8bbb50b97dd91239650f238c8cf63c6a293d8597cd22ccf5315c690c7c147391546f4ec4b0a16d9b191df08401771fa30e65b4c029f59814dd2b05
3948190549d93cc052daed31ca59fc2504f434131379208954c2dea78ea63a0dbc8d6849fa73557a27fb0eefbc0a2ecb37d1be23514721c35dc5a1db2638bb52167fcc418c9ddf42b0c10b26a9945b5e201e7107e8e5ae83be7e3ffeeb250dc599d243976dbe5e0f80169f42ec2f7f37c1d979076e4090ba
39ef9f57559310e231002ff6f4533a29e25c910955a4a16523cfca5eab8d3788361e3356d5d13576523a248f84093e75208c6adc11a052c3f794a09b26670abbf3b01e7249ea5425337376292188c157bddeb365b58742c02ff206ec18558d1c74630206c9f0f854361405a1bd433b8c6059e7d7b500d33a
385ee7eda71b15e293861ac1dce0dc2fb4f867d532d5e34bf7f3c8a4eb1123af56ddda4f4990e0fe75f1a9171c170357ea21a3a8c0a8377f12d50c6d23eb153b6e48283034b3dc8a75e7ab2d9735faa9a813127017e7b76f3e41148ed559fff44763d2e8c7c44e5ddb37f20a6922cc6962bed92235a7355f
35ad5e8b5fc6d8418f0c72aa1bb2bb28dc0d24c8e668325b9a23f23f8517035ec3be50856c92c208e0d2efa5191d1c6ab4daac2ea032d46fca7ab2d037cdb3872b5fa0408d45acf22b188e302f583d82be95f0f74752c0a735b41517fb2aba4b2e21980029ffe76b943866abdc107016b0a915d9a4b8853f
09ffd0e2e56030d147393a84581400065c62466e87c4206f27221828b820330ff102563148521ee14c381a928609116c6fffcbd3c33216439fa9750e2cc0d8dab8e51a4055e7e06ea92e6d2b1176a609817643f24550d55eb1e127586249719d4503ccdb667e9f755a09a67d0a67cd68c349f99d28aab6f1
355051537c14d223b9da4e6e431d12167f17f5835efd00813c1cab5e008e0794f75a36936753c2caa25de3084229dd0d387e166fc0bef9a4babea81e2d07bdefc60e0a91f4bff3a8706f7a0aca245a8708ffe2024801feb5a4d40e820829b69525702664853b9d77f336d88662f56f44b3fea53ea34dde48
0d4b5fcf919528c2b0756366257e430875984cbbde09430a1b6ab8af7dbf26ba375705eb89d22f307132f394773a9225e728402a4140fe8b18000c6a0838b480578ac9d0540a84e48070c03b20606ae085ae20405b95b3d810ed04fa43f9709847f105cf90e5a4f63909428243059a9a326de59755ab7966
000000000000000000000000000000000000000000000000000000000000000000000000000000000000000000000000000000000000000000000000000000000000000000000000000000000000000000000000000000000000000000000000000000000000000000000000000000000000000000000000
1587ffe21bda0711009526d60d75090862439b1184d352ac47f0bd8dcd8d0e5cae9a6c5ebfb3054d3b491281cd2f65d14cc98c3673a158b4fb0df73b3aac4babbe4e55a0535cd901cf1d1e2fa525df0f1b7301405c713155a2633098af70059fd4807bd269b0823cf31b344cce2bc4e18203f010b9a29371
117187ad7fcf3ab0f73435b9c8bf26310ffbdc0d5473d05ddebce06f08273e5347f63cf82be199e7ba1c7a994735704d6e9d54ebf2163e28371f0377011a8071f7b8ec20ae77b0ff8e706d2406f88484b7b861aa6072146693572fa1fc746c52b061543a21acf180303445c3489e4f7ce2fbd275baa89ab0
1b4c88ba2e610302564a120ff9705607c3d8decbd944c37363a298fb04691b5feef948cd5ce12400b3881212f118eb44da293f09b0675fdd33d32b8138a35cc4782f7af2dac3adaebc2c723107144ad033c7d064d906c4907cba3a4d12e74c6bab823d3fdbb7578dc22f19824a4571db7120e85a170fae87
13c409d4ebd86ea287734212556d9d06c4bafb228bf863f39ebc4d22a02805b5f0129d8abc600c920bc8e87be217b8431d4773edf25cce871a1a63301f5c68ca3c337db12b9706edd5eb113a9d073f8e70b36339f0b4a778b93b001c6dc5079a0fe122572cc03411ac138b882454992693422cf71e72f7aa
18cf0ae2a2828e61fb8da71a08e6c5005dd13587c4a373f5f759dfd163803fa8954364b7c15298ef74d0ce5779190da389a2ee9d420a6eb0027c2a941762e84c6d5925002453af0fc3963e0b15ae90a9d831010076d9b26627d43c96e13824524b71dc0f80962ddb3433c9210e8d40bd5143b217acb5981b
048934cb78ffb43202257656b2f2d8327dd29fa6507dc3615c12384ad80d24074ec5b7ad05f09b87f54d9ec3cd0ef6039429b0ac41e5eb2577516844196d02aca54d4c43778aa6471d37341e21adf8eac294c217f1694f3881243b4804b8205c916188142fbee3cbf7139636e3f6edb1e263f45631f62690
1c0211f7038e8971241c7fb4bec89c3ef4dadd66bf0460f1b21a113488e93407c63e00c4ce20f115efa6d61f962a9c7d7aa54cfba3ca05d456c6fa7c3e846f9bb3e9734382d42e797f7ce30171f5cba70a1fb19342920ae44b6327b5c53fbde92692fef41ebad6f4bb20742f9df197cb102a6c800a4ceec6
0bef9109b3b33c6192b3b3f8695b082909ab9631919770c27e5f4a2b9d363c6b24fe7f18a981fc62cb0681b48d02d2256728842cb3fef7b04ce928443a94e1f3574b1c107dce3c2111752424053a6914c53c607f541881486f5a2eb391ce0d2e1ef29d7985fdbff6673b135e294dfefce29ecfa7096bd769
23e8a5206ffafd20ef189eef78a5290201513eb29bdae3bb7fcc75662ea237914245be9790738811783d909aba355fe8b385a0de705ea7b3e74a37a535a9ac25a620bbe2e39c87bb4cecbc33ebd8c207c2b4115a9527fdac9f9e2453f830afc81c71b0aacae95792080a9fb42ea89955e1fde2fe0c9ae590
18ab584dc66248504e31d5715ef21907d8ba509d1dbd43b6170e8695d6af24a1434cc9446353e8ece3603b74bf1f35bfac10781691830937284f570302fe519326b85342f33c703ebde75f2f3442c3ba9527622f9586736f1d3633f748e44eff7d3010a66fe761463e117fb6363d99f9f1d984fdabe008ac
2c0a9b3a181e8da0510d52b0ab906511492379384ee9c188486b4762b6de1ab6f895a95d4c73fa3499aa870776208a2d2113c5d273d21531668971592c7ab1dd5eeba60076ea24696bb66c1ae4cbb921b388d320d82f588f87e6118a919cfed32520260932f8a2a2393d98e1f86d33de006a06e2e4b8c9d1
0407fbc7c2c297d28d8c1f568ace7123494e22c2947160276449c5a539770e28ff718ce7daf0e5880fc611c5242a8da55216f0f0b00d1cc43b2c46cf3969f3102a1be9116033d89e841d7139e4e7019524e9a0295aa4c6703b6207ad491fcdeffc824889ed448919c90794c8f3fbc11cb2e8fd18ce29b413
3fde9d345198d2d2e9d816261eb5bf000de31546710d41096ded342267f12243987d177116837bee266d2ad3ff06f15e4af83d5c52cb5da79220c34e0b9c270e0eab9743e5de3fd60be8e31d0f98e524d88863baf0ef5a9f6a6922b21208e58158903e91615c0f3ea6325f4a33065e6a036b97766e531bef
245474078396b49398cc0d88ff3d3a2beab97b280b38f0ff919e6bb736c9364d8db34b66e3235566dad1f676d9049a515b8cbbaa40cdf2d6c96b1cf23b7b722e03b5bfb13d3d5f2fe0ad893a8069b1bc1c30921fd25fc3a0f8e9254c7416f442dd904910e0fc559ccb393b5e4a32c900504befd95cb0f1ca
2fba2ea344214e02b2966de0982bf23df8723e01e0e45398a2407e2dd3c4133fdbc355ef6f43707422bd6504560b4ba2794c3827f0e7d006ab3562700fbebb82755f5721b45a72ad496dd73dd7b285285d2e2199061d4dbb41b305630e271d87d4f0ec62feb472a87113943da946bce981680db32bb3c561
000000000000000000000000000000000000000000000000000000000000000000000000000000000000000000000000000000000000000000000000000000000000000000000000000000000000000000000000000000000000000000000000000000000000000000000000000000000000000000000000
2504c6ea85f5be413a1de90272b6af2926852535618a020d644415baeace08bcdaa105a7b52367a5aaa5e942c9078f4b977541f6a13c90395747fe7b21f6cb95d6cc1241fb38ec20ab564d2e95cf6ddf33f7a29214e9a1dc4fe60eabcd859e511c618187ad76ba7e31318425d5f30bcae1016af2e99afb85
212bd8e29260d74061ff9641fbb595126a3e7c378c8e03d17f370aaef1101bd7fa249fb35c33a77858de745442326bd35f786ebda32a909ca60314af2b699adf564e41430874a45e430317216a80f15ebdc873b78b570eb440bd28a77e19d64389817707818eff0ff1312104da43c52e700b36f95a3cc203
0bb0a75d6ffa7682f038cd54b5f6a03ac4daa87ac57253d62b9d2c4a536522c343939f0162306aeac0972020781a7c578afdb29f22aed78aef4cc06729ad1e43e27b58f14a1c347cbf1f6000234e78fa8451c1779cd288c8901a2a4e5b9c1add5571d10b833c06c7600e5a942e80b8fed31d84e065b4daec
065f3bbd3c975e7161c0f468b1fa0a0177a53f765e3c632838ff8b2d22d8171672da314651e247c154192cf78525f3a05def04b9b06ebf87ae566ec819e30cf56eec89b1e31a7df747ecb112cb69c9fd913452c4a49714bb81830e79d03f8fdabc335dd1ff53f87c6f392d667c9dff90802bdb4d6cd46789
2efc8dba32e026a02c45c4d45646b21d11de287a0081014040b27886d52e25bd345e8cbcfaf2ff70f36be53b272c34fc0a45d71360504ea487df66cb3961c069b849f080c2037fcb003f0e3a56506228dac16257f2ea620e7885389b8e3de9509792007edb62438bac23d85d1b8595ca10f7d3fb1be5a965
210ef3ff1bd3a18309770659a57b331ea94d29b1e4115290c8eebc4995340a575779eced708058c5791ab70ac31f4192d72c2818611de860b681ac2b06b4338dbe1b5600f7e44ad34ef2001b86c5e3d261e9f00f73e1a8956fed171d1e706f8806c16559934230aa8d397026a6138e24c380346ebe164cfa
06d736b142a21731815688b997d82b3b2c51c8a7ea36b15bf2da80e704933ef639f5ec4318c0ec79071a191e5e2b38d9117334a3039f44d32639608501fde101cc88b7d0a3be7bebfec75802d4be43c5a22473fb7268856e9baa18bd7f5f9872d98103fa86d9d7f9ec0f655351f64344912acc9054fae324
0bd448aa8ecf6ff239bab587b1175017c3075818dd1c63ac3149e21bcdf80b6c161c9478afd1e6182a3a1e5aa80c543318571688e13a3911d64706b51d2ba67b1cc06db15ce699ca9666eb2b6e56581f87e771212a9e554a8f7519c3c42f1685fab327468b1f3e120a1239c6e61af56770fd90d120229bd0
3239b3b2de7ff051dfd50d49591ed63bb0268738e7bb91064c745a25e7d51d27a8a268b936a381146ec89dde8f154a2d609ac5dce20a4580841f6e82106154d94c810d93912bfd7be01f6c0bfeca3a1c99a8c1ec74ca3634d2693c7e8eec392e5240a4d3c81681217a3d4b19cf1153b02066ed3830673178
096167ecbac0bc412500461b771bd63353d8c64bc2a790fd8cd23a6d6fcf0e6b8b514c252b92dca319df73cb721228c48c804e6781734c4a1809790127c1f65339ec91d0ee8084c85a9ad0340252e1c0f10b42571af3afd195cd3be491325fa7fff3b9b322eb268c8512ef8c66babfe1b2dc082ae4003cab
243f3097363bbe629d3d3a9269da0705cfae802340ccd06ce9dba759d5a30caeacf2dc0104b33fa99417932111011cd7dd4d5dc4a2b9a749dca5bf3633c45879c48489d14ac3dee6933cf02be135ad00d83b83309dc55c5d34f822c507687443f280022948eec34ef208e433de2b0253122dacdb7eb59da8
057fd12547fcd650ed6bef456e0053064831e5fccee29366fb2dcfc705bc35d4ab5f6de2b8a3c98821d6442e400820f89cc7692913e7abfd7fc75071287b1fdc63f95da2ddf2e81ef1a4562171f1e66140ed53ad1ce7e843a50117af5b375ca4a6d0d886656fef71b133ad8c5f4e1f084289919f8e107a8c
1b18181d9e94cba304ce5d7fb947422a04abbab809896210614e53618ace29b5fc9fdf49d0829897bb73628738305c5fda97b60b2245bcf6a3aede351547eef9cd7509618e0749165d0812301fbdd7f3299e131bfa9d982b287a12a80492beaa37d088ac0cd6c82a8220fcbad7e850106293c8060f90701d
15f13007768a93b215419e54d9c1fb3629bd82a316a7914a9354689b23d3009475b2694c713318272b7053761e15736ab8956e8001a179c08c6e56ee0b7957a21c83d623f2353b26751d92362e486bf0414210e65d8fcf20ff7926411aa27ee18631e7b0bf987990bf0da4d7c461cd3d501724426c523c0a
0c57c9a04de953910f036058be79e23b51acc35243bc83d9044d47cf5ad733ab5dbf07cce33334d9b62d6ea1be273abf0cc686bf23a406a346b77f8d3299303b811d4f814112a3c81b360e088c1fae369b5c40417c6104473f0c3a6b1b75349920b0e38a9a060f9cef1e7d92cc2d6cd010e2dd385fe98bbf
000000000000000000000000000000000000000000000000000000000000000000000000000000000000000000000000000000000000000000000000000000000000000000000000000000000000000000000000000000000000000000000000000000000000000000000000000000000000000000000000
075227dd8434073255a85d77d134cc1208db964166a810150a589fd45340180aff81c6f542b2b5610cfb36dc43102c4a8349b1a94021f9e54c0be23d37071f3e238db6307911125efa4a1b1e89ee33322e4e23a9c1899e7707200af15decdadcfa609dc48290d005780ed1b8676550b97359c8711e8ca701
0a036b70974374b208e77b398168e12ecfdfe4e3a600d2d055ca5de1e55c1c688d384d244932285924f7568a2907af556aa00f5ae116035f7e23524d315be21c9b6e5063963e22c166e5131ada1c842c2c7d50482cc0153f1f9a07362284889816536d71b783b97b5a2e87cc9204cbbd20cdf9917727e3b5
3a84a190094af3a37b9cb357cd2f9616e7583fa75a4690bc150f228e19e23a7bf60586bb21b383270537f926651ebbe0d1ba21b3b0b199f9324978a32896c23a7d0189d384644e9a7d35a32615a7ad6a412a13c67a9c22b638ec0bac72b02529e4e11b549b696e92660cb11c6e8ae3c5331714fe2e79fd49
0af87e6893ae6c632cd7de6f0aeb8e0c90227d370aa502c4a10e672367b63a22fde6717bc2a0309296e873dcf91c67b6bb1be6206041a0555a66fedd3a0eb7854386cec00db43c3c135a41285026659d433a33d756c778d31a0f09cce28a8e91e852967c42dd853d6c1c3db56bdd6963a0531e369b040303
28272b4767489ff3adb9e185bd41f826986ac7ab996831590226262997982d8155d879b0027362df8ea37345b81d67227b0fe5f323de50b84a00b8c20d9e4bc196f29f404efe760b55e9870cf75f0ae4ef0980bebf034e47a0a9105b6d180cce7ea0f608363011ce3325d5addde495bfa110a3fa3e7d32b1
1ef928e2239fac92a62979cb3df406344e1518b133d121b17eb49b1200f23cb354c8daf080202c7f16d93580b11ceddd11631587304b4524c061843332552547823487c0b84ff9616f3f0f1977149f9112d60396302bea74ca7c0d39fdea77665fa1ff003e957d1bdf010348d33a98ca4194d6a4a51ce8e4
201a244ed02867b05964334e7efbe11a799472698ea080da11f6a3be103d3932fffa80c652f09c763cfa1a10f62f0d0d9e9d414e2330b38e92946a3b3ae045f2ee138d01058c4003c91d9512fd32e6f988766356e347d316a1aa3102aa4594206e22e131396afa00a13b85d24865097af2d1a488e80a9bc3
2e9eb906096dfea36433a9948125a13d7985cf855031a0a07376119d412c0a0888b35730a8e3333e6450526f291537ebaec4ff02b031528b796930841e87f17a9116a1b25194d860f5e0c1371c5e721bdf8c22fc6063586d7af232e48c8c9602d6722005e18e19bfe203f3aa5b33918602ba4953f2c30d90
31af23f3abc65c8016ca3cf9ab3f5b1fdb8f5ff1fec381c82f1674b5e16c21d7ec00850296f118640100758103042d18762b0509206e2713c641b3131992e246b76f8bb00bdca73425f11e0be0cf9e5b2e8a70ff9e9c6d482ed02f7b5138d0ac6531f52c7c5e3372a638b5961eb5dd189071d3657ba25cd2
38367e6e80d69ac3fa3d8307a4d6551bc2da49800970234f7b13dcb6d35b01a209a3d16f02b202d8ab2679b39f1067b073332964c0b39cdcf0c97f5a0c1e97dd699cfb0197a81c077e8c7c18398294e92390008897f14007addd3f684b5f46de83e0aba2cb416516ee312f805b124e07f371fd0cf6c906a2
1d6c928ddcc2c7d17729ee307c65f1245bc78f666d27235edfa1d4ee4f8d2b9070b301099160a42830f733bf8f321574801561a5d2a3121433a55938260d3581f2bc98b06fb0b812c0f18b36dfbbbf552f390314b7cacd024d7a0b0de0eaffe28430774da4d90b69ca32777fbf304b09e06d6302a7c76674
297c0ff54d058882f2e8a8e57d0f40173226958bc035a11fad80c76cced42ca1b24370434bf3a37967f4f0fba317951615c4cefa33f0ed7df8efb73d3ef7e6a47d6b7990653a791e2390522de846fd7cca8ca04858abd619e5e61db7ae13294487718a21bec50b31a10c33d3e1c0d2fca044d38aa8978109
3d7e6ffc2e14f350ebacfa7a249730268dbe8d93596dd331b6c58a759b0e112141fe366b0951212ff26fba2d492a3ae805c7cef92363697e9b056b9c0cb3eb35c3826813f6e500109630c806a1256585c63dc36a85490a397d3905a83b085a5ec0a2b2aaccd6f506e71917879dad775b8333cfef5b1ee2b3
1df1675b6239f282ec2b04790f8e223b39bbe22eb4a991d266f365178d8031c18620fc9d44f260f3926857da783f3f7dca837643c181a5548e68bf51275f35c6a931b120f22390597021572d701dfdd28622d14f236ea8cc2a5a175d3361b0b44db3256f9ba64979b50efc598ed2d27193b9e486d69e743c
3971588f8b09a5b05b94c4694addc93ceb5c9f2d74d3218fa8ada20e403a2818a052b8e249735b3d3854a7362b23744a2988f064a0804a013e98f7cd1a04105762b470d32b42c0fb2ec7512203071b1fcad99142a5dc0522d69d024808e2062251109a7e861f8fb698150afba24efd6b03269c5bc8dc1921
000000000000000000000000000000000000000000000000000000000000000000000000000000000000000000000000000000000000000000000000000000000000000000000000000000000000000000000000000000000000000000000000000000000000000000000000000000000000000000000000
316efef18b778f91b833c0d2fe7bef3eac3a7b36a39953200cc2cb56af4b049fee804f70eb305daf2d7d571513135ad94862addd539971389624515a21879160015ab51002ccd73a213d7b2ee6cb3874296f134b4a7f3c9f2ed72140ededbdd8fda23c31b01f35abed147ba427dfe42883d2a549bb149faf
16479f0f2cb78d136d82c82660ea5432c561afbd4da4238d513c69cf92b117c83fccf52e63d2207658fdc0110b12635478bfa2c913ac16d507c5a7c81a2c45d54a2e59510ccdfc34f9971803ab86103e8c109185afc89c8d31620476d213d7422fc0bc3c74821a6be30ac1af5003e67bb1390f09fa3c0c1d
008c48dca1b57d703bb10ea7e4c0072d6ea2f09fcdd3a1026cf9cf68e918142a6a180e91adb2c7a813e5fae76c29e55ae04b560c12e807bf1059e511235504aaf148e8a08cfec1aa09dbf11c4e1a97e687e6d28e5ff26603f70e2a7c0def034d7d51da0f10fe57fd1b29e3cec5315c8c0141d1e942e9de78
218368c777c44690c1d473d1a236513a281c8d5c9b0532964ec91df3d6d33054b8b1cb48a1b221f01edcbf68863e4dbb3418ce58d2ce43534b5c53af2edf34327ff06631b1a11aee27389c0f63cf6997354701d4150e750acf5c1dd72a557f7b1fb295dba43c4826c71d382b195b5487e3922099221a3af9
13dff4dedad4db10c95725c353495402957577ae4b0f500bcef2d1f2d798329de124ed7d75f2764fcb517488a6178f3225ba1db581803835b3ad4e0c1d89b0ffeb63b8f32826a965ab7cdf0d48a58a716a1c21a38e69c355444506ccd5c87806d8f27bd334870da01c24ffe9c0a491bf43f71ddfb00e2de7
182f991ca8a787a1ae68a744531e8322c395cd05d2c5c0150f18e55843550f9374602fec27514c92ae6a221ee80194f898a42da480843d507c2879e913af2d7dc357b18131313fea5326820796f54192f297905f727dfcd662e8096d952a771b6ba28736d144c6a3ad2b0c5eddc6c0e0837386140900c421
1f2237b4e410e211c1ef72d162711f31b86bfd987ce8a1adb44a0fee23df11345b2538dae6e2007962eea5171211f78a615e0705a240ed8803040fac2dd3c8fc4b7dc41244e468067bc381121aa89b969d3c22d32cf5ed7c1ab233e851c5bdefeef18e79719838d16422e82e612a12e431ff229380ee130f
044dc3a4687edd914733b68e23486210ed74f05b40b152401872bdff8d992358a7de5d6204e2b42b81c49791ae19ca8432d20053009f651366612a8619d5ead58f747253af5f87b3730b1f1ee66ff6ccc85df3ffb8407917e9af154d61cb2016cca185727f5a9f90510734e44281052261b45107a6f87e0d
223bbc7293bea022d53c40bd601866233770e6e739fd1216289f5213d1d03ebd4345c54a47500988d4bee82a413ba597a56c1bb0607844f3166ae7eb276756b9c649cea3db411156f04fbf1e2a5a1347f1ee71dba8bdbfd38e730421ba209d57753304177dff4c305c37f67168afc5dba18fe9dce76cec65
35001844fb8c22d355c4420ba8524c19e4fd8db812d221c6b704f66587e1140c838812c747f315ea890e907e1f26cd0aeb075b14c0e33b9c329276e12ed3b8fa68b60401f0699aab4848603340bec87394c5222da6714ef3b32f1a1515472b99ad40431e084339669c254470a983288e52915fe79d66b74e
25c546d2b0bb32b245993542d596d311d74738db25f5f0b16096d63a5b9d3785bb43a5af4810000b41285264f405e8613de55f6882573c28020609681dfbdfb9188f7ea1ee8db9fd7d82c7396c7d79a26a4cf28bec19fd1624cb3fc90d30e8194c6311b2338330cebd2dfeb8f580f58d83b75a1f80eb9962
3caa63833fffcbe0f727a8f31ea5e702767d8837811a10641ba7ebbd268203e8a84e5be461c2e53123f661b26235e2fd1a1d9f4cb189fcd068f5627f05a19c18c449ffd2aa4505c5e5fb0a1e9036947013e1021a4230fad0d9b63243c8e2cfcb00413e87ef6499120f225ae88b5b532dd26f218136e4fa82
034bcea299167850391b13107f6a241f4b8d41210dd7309374589a128d080bac07e522721e42053a3205881338071beb44201735b1b029f5d01a55592ec1a6e75eaef1b351a6e39ee7aef61972c3b19d1ce2424b1d3a7c5a8e5d39d23accc90d71919dcaee58ffb56e1f7c10f3183c8a109681261aecd73d
3dc3197e923e0bf1700ca8fe050f983a481b585a114400220d8443c473991b23736cc29200805b4f7e3a294ac91dbf6cd273a781d2975df92743254206fc23a1f63ebb913484c9edc999e6093bc05ef244f4f36f62868b16b54d30fa24fa58a6dbf071c3b340db75483700aa92e1a81f2321a0592c52b600
1b177c7c4f4cf6712ea3029514e05a0f10dd20273d7ed31d9f5b926637f92761e1fb1943f88232a57b7dd39c0b24c78e846f09f192d220df4f769b431b400e1aa75e36e2fa8aaab4a90f0c28a48b715cdf32a178543e66be408e0292137a91a90ec3bec81096a1ab3c1310d64fae1a6841f929b2ac1b5aa0
000000000000000000000000000000000000000000000000000000000000000000000000000000000000000000000000000000000000000000000000000000000000000000000000000000000000000000000000000000000000000000000000000000000000000000000000000000000000000000000000
3263cbf48acdea81db3cb7d5115bd221dd114ce0e3b99205ba072bbbc3a82e56ff58a3323f8291c765cbedc2d008eb846c32055bb03c46a2de91f83b3b608d228a5ecea1d7b7548fde0f3919a93e4c34e6b203fa80efc42b4755170d5ac6035fe05083b85293081abe04610e520dffe0a3a7bda7617a3774
08b4418abb9837e1829ccb3521ec483bdce88a42c05850c77da2d1379d67017d67489dab3510732c57b7119ff507ae34e2a9e374f3dca526251e4eca030f431d79b15d4100961415e0b0870bf78e9b2eb0e8619850867c5b398e1ab93c80087fe4f34e27232b5a2245124f0fac4589c9d028c2916fb889d4
388c2b7925338a43d7a670546a7db7211ebb4bdde9ce814e351c64c6637e3bd6e89af9020492b8deca6118318039ab2786d5337991c916ac277f61cf278c090f1bc0d710afe773f16cbd7e37bc213a5a62ac310d817cc33053d93b1fb2ef9a7da04210a80cab1eeb081acfb2c33da6c322fb7fb749809095
08ada3b87a07bd30863b935823f4642c09d58795a571b344d38a9934642d364dc935cd677040d6de549b8915fe2909598b39fcc5e3dd324a246a3cb229a9d990337a68337e27287b89d75e2acdc191f43715b0686d4bb74e413104acfa99c3abfb806fc66ee09cb3523b26af77a43c6271ac628dc5b63907
30233ef03ba94de03819886b8306b6278b4a7c59e591a233cc42ed807d92096a9f79e1edfbb3916351245b9b181569ad8458becbc162dc90d4f6bbc110a77ab553a633b11df789b01c1fa917bff234fc36ba53e7e130a262d5b20b8df4dfadb748c29119de806d43080809ab15478047535950bcbaf3cb08
3ce61532e7a418d2f12dcfa6e36e092abdc6111264cb4213fdba965776ad26e56972876bf5d10058a3bbe8cff03b53373d662e3081c83d3223752f5318b8a6efed5707d1fa5d0d8057359f07191b82ef50a223d6077e7782edc202f60cbdb939c2317f532e990a311b0301bf22c428bcf2c53ed234d230e7
0a6add5f88dd9692724be85cffae741e346490a7e2d7d245c760c0b1e9122b34f84ca74cb941e61e1af95bc71d2213d1875f693ae0dffaee314a9cea0f4ac9e6a66562b1018d9bd520f77c1d87fc2c184be9321b41810f13faa0147430e7e95a72737783af09a010af3d14144dd0ea655005566ded2d6ac8
2af89c05c3e46e137af192ae420286179bf41c1784f82376aa155c4efb6414618ae4165db252bacffe807ca8840bb97c2768443b03bde0abc71bdf483c149b07ada56a31a763a542a9dcaf128f783be08f65f35fe25cdc954af7049ba0cd6729d76393f3b3ae5fbfb909974c5dc2cdca91c044b11bbf9343
20a740c65c4aa1d3ba2ccdffbc964f2efa94d006ec2e20fc9c37ff83e42a2e4554265ff54a523d8f898a6c71150c256c8f764fa873b512c029b140c003a56f2754edbb837b590b55798d57215e05b803b28853b2905a2c2159be134773dec4ac71c3feb034019516fa2183e58ea23bbef1d36f58698ccbcf
2c06350cf77673b2c8a62d0365818b3d3c400883b96c40cc96dda737dd9b037a5a78759710104297d017a3b5340c2c692b18de0db0fc3409231c0cb60c3c8d12f3c854e2e8480fb85a64c21b5589c550b592e1bf6969900ee08807e87477699b96f063cbf743043fd536f0558911ee22b124b555803bfaec
1a379294f39132a02aaa67cc7ae5ee29951db4a62e2c212eaa7fceb9080507b976422af34a7129735f90bf234a3c3bfcb57ce65901f246e050ae3f4a3a026adaa801f993e1bbff48bf2b152ffc97976267ccc17141ffcd5f6c12101755e8adf32872b7bb0023f3884c346679ec20cc269031b198b7e2501c
0b62f671494447b05022f0e56bcef014b2044ed74e32a3add5ab0a8fcfa82db6310b8f643e61921d7a789be46f2b714e37a9de408168a3f90e4a3a992c4e3bc61341d701d5a302911ddb981567c8f1c3de9c80aa5ddc9ed5fd3a21c037c284b09b10dedec7842b52b8256055fefe4c12920b3e9bfce91ba2
0ffab1bee56cb1d02165feab33358d0a9170d02f78b2110390c80047458f2295eb14b727a8d3e7ed6251cf0ac13b74fd06ec22d1f2f3f0098142b57717ca0c1acb851713644299bf39ed503ff2aa12d8b7e6e3f00670199b0fc71a06589c77d07fc3643206d375360005f7d3baf44ab00349d0050ee617bf
2c7c87d716de0a12ec581818a46a22286a1d4796a732c2c4ea6e82a085080a0b6bab1f7f6a1324b8e4e8e00c961866fd12a19e0bd25356d3df08647030124d696a446d608b1f75c3bdb35e1d40098c8ba49f011d80bb3045be9600b9386ed658f9d136c5af3f95907b3bfcb5501823a2f041439c311b33dd
358cc25306bd8651cde64b654caf151f2d5457978a1c930a632b044fae8c37d2e37a2bea25132d4ca429bece56320f0ec46c3391e1d6f359251049591a54ed57bf55a08057ae180ff02f9331d939445c47d700af63cca67760d50f2f4a2e070aa17245b2500469169a28889147756c7420e0a56449e935f9
227a1608a6bab111952dd59a4c04c5317f8e1f47d3c1e3c68f43e5388da73cc99f0deead56729a1d47747dff04304fde56f457d630adce60c894d608366e43133b1a93a1c5b5e05cd3ed4320d45456bfdd1683b790ba23d8f46618155ef6b04a8921ce618d62ae0c652fb8eb0efa0afe83d50b4b574219a3
111cde35672ea3d2010062b833e31d3561afeba6e408330bc250e0fd41e1348b6be1655b1b800f89da281e93213bbc541d8ba212e3749cc9b9e4b90a129e8f9db41ed210b47dc14b3ea9e92a033a6fb45309b2b28c6f301781fc3c64dc3733071e6165da070e9d6a8c1c489435e0a24192973b40037eddff
3ce2e9d21973a3014c0fce0013d3f611c628b8bf92c541fa29418ac07a741444264aa0e7cef27acd4c0fea7bc020358643189451f28f19d5c8a017721522a61abdcbe9c01dd300048a94f6238bbee9c6084c811decdb47e9f03b35320652d7f0c9d2693b3b252135a53eb98ed5c2aeffc0f276fccdfe6727
0c46b8580d85389195bc0753dda19001c79fd620e1bc109747e8e31e84d40e8407a9222f7253d3df64b727b53927c968d8458b7732cd5318ba30722d0fbbd52045e748f059e3fdeb9625952e9ab04f8c047a726d8db7a8aa330d0e7f0741fb3db1a1a19841f58cb2fd270b0d1d74460e01fb90cb5ff5d8ec
383fba8a2d3dfcf0a0615fab6c6d831ff8565ca3c961e065e72f61cce2750e0811c833815550e57fb3e98fbc6a25184bc5d3503f227e75edfde4fc5c1b40e4619ea0b5a04f00f2505af1e6247eeb065c94ffe21d36998ea2d34d33800816a8fd877199e7cd8ce4934010f1e5ec20229582c74fe7cc8cf883
1e19dfacc0ed0781d622359d35e5250b38626fbce401505111b45de696372b315697a86eccd2bd6c656056bafc15186d08824829b0ed02429760afea331353d4fae8aca0f08ea5e3d70ed92be74964d5dc4d23c9ea38b72216b731d1ea39b1ec55e228a719dd266a7124e8903804301400554325d7c23513
0eccf31a6d5d4900688b12627bec8d17d61f0531a3c0714e7d8dc33b70bf365613c284e77ac02faaad1256cad50422c630fbbf7740d09fe666e003442f680a8c334ddfe2358c0343826ca805be7f54675f03e238b03a078e819f3421b83f492f3ca1901727cbc5ab19170474df6d09435165a134cc1624ca
292bb0e3739f87a3be38c83eea321f1045a80d8a7efe33f50204f675fc1f0e15bbe0cdc6fae21bd516d8fc3f863f570ae2ce46df30942c35337637a008d56d42fd190bb38d4237868d530230c3469a05d7fe61cf04571f7fad8e1eaaee5d5f9f06914d98e17a9a7f11321c92ef5a433873b6851e11ee29b8
14fe88aaed06a2a29c8da5e1bba44019d977eff7e10372d9ab18381cc82f1f067bb835aa64c005b01adbe21c4f16221c674a1c5fe29551f3a12d247f375e40779d13fb4386e55e917f9f41348884bbb04b0d83499279dded1933344e55e8fe3d5580c57a6367b8002f29d54c93c623c90285bb52131cbc20
1899a81ded2ad022d2e07df5568b72348b9e6179ed1283829b87b93166fb050393e8928a5230a5e69062f97f0504a8c87337e38d1230533c17bf488a079e15adf9dcd0f2b7addfea21c3fc3811cb58baa833f20d6190815bd33d1964979ef93d4d131634a97c0d655d3ed23d09b3851853e5b4589efcab5e
03e71db9ea8d8df3f698b21815df5b0c1e2dbe3e10fac220d7ca1f8990800df326ab87e41993584e756266cad6262bce5abbf60e81efb98faedf9f3f37edb119174ab8f12d644deaf3e3a62870745513b419a13faebc0dea88d03d65e101769fbc31ecad4be631e400335f5bfe279acdc37a211d7331fc0c
3f592a6a87a890e1633176dbab902a2f9220a5ff05d121a380ea1aa5a7db2ef7e55c45d3a29031d649ffd15e1d3359f5391d1e66d0d2b07afc83d8fd1860374d83b6d140e7e6867e16d0530a76c795ce15ade21474993daa86ca3611d6cecfebef9153fea684e9c9800adce70e0622ecf3c8a43ff66a9fca
0f8a5fc195309df13b3dcab717a38603ee42805007cc21aa6dd41991dee42d2f7686aed9fcc16aa8732425dd4d36d7fe3edda2be707c022012d925360baf50fc2a0afab17467f274a1920a2752f0f35a21ffd03f7027f90b710e0a59d4be244c86e28f840b58e3aa9135fedada779ccb6169cc4a21968258
038f8486544261d34c2704597b5ed127655847a0e2de90f9e9a92fa1f6d907b16e9d1ed1f5c2b6ecaa7fd7b7f330ffc1bc7e4f5dd1714b9789f804f020e0ab15a2738e8254b218ac6957573571dbd46b262d227fa8023a8b6d75323a262cd1d112e1e3b32ab1f64b782660755a05fc0bd0c050418c51afaa
109189f31b4a28d3ab52db5b73f062236bcd372ff2bcb2bf8245fe7819252240092b6f04ade0e0f75f9e37ee6d224a3b45fcd2a522ebdf2539dde8293e2b1ecc58c007229f9cd46dfdc7e70cd01c7ccbba93d0c6715796b764d815421891a791d9b0779406ba14854816a27c25b600ee20258139f4c53f99
25cda6de005f92716068c35fe4b6b7239d0faef11366c160cbb8dc507b6e05c2e56032a292636e40590fbc9c401e94986df8813243c379d24e526b8b1b5cd29a27983d00bf9669b0bdb8a50d08f5633f46f3c351131e3679ad732df4f17481e8c9c184c27340b49e6e11e221e238b6fab34fa2bb5eb7e8fe
0a9b200d8906d0d168314dff7838c4057b998d9403ef62be2a214879a9bd06f4a2b882574a8068a2533595e0d31b9b8fa33efc57823a7e171bd20b861e6b7989fea707328f4d4a48319e6919dbf0b3d91bed616babd075cf0bb915917d497d3a25227c9bca55613b8a31cd1150de2850f12000d8bb74f494
079669538c5989424152df2fd5fc872310a67c553001c11d2a9e62f59f6c1c93200b5061a5a0128c737a50e1383bf3f466344d9ed16f183a8a6477ff2cc1d966d57feaf0fe622abd567a233972fa68f4e0cfe0653dfda2dd774f0666b9f0acaa68a351ae858a3c88163582ad13c3cded30039b09b07cfbf5
1cc4afa1835c5842fbd5bf5946ba0834f3b445f06bb1e3bb2477726d5703233298fe327373932fa5a268fb2e99301b4f8180f83fc35f1c2d26207d8b18591b4db7054a939963a8d8c3dd0911b2c05b121840f3925cc85b7dcf1b36b80662d99f351322c6a87d6be3f10c20a672abf56181c066286284889b
2bc604e9a303f9a076f686f5851cdb1f5a6589cb641cf3bf6ebe71606fb302c8d70865e18c63ecfc8ce8a938992ede4ed726df97925624968e2a1e1213a8d53911d8b8908e5b08a885a568098412dd2f86444353a554d71f961c0aa0eaccfa2e6523460ec970f0df99199d4c73c4d55a40ba7f32799ab396
1bac18ee96addce0b7bf583e31839803e3a2c6f83f01d00a265a0136ec1d06e0681fb887fab048a312ef73458a358c53c54430df61282e31291cc2331ed6d8e70ae6ddb37afb2ee751f2e724d8df7a8ef180a21620b90f84e6990ae680f786ab9fb00b4b5861d46f05124b08e6baeaa79329e8b410b2a203
0b3d3749b7164af091f2093f4a87a401585a5f62bf8a80a44b0e610e92383380133ca1043433eb85e81c1002491abbcbb4abf70ca0912bdc061d509437073f143bb9baa08c363ccdd0c47a08dd250defe731d3ec908c0746f5de3139ddc32ff49d8331bc23264627cb3d734f4c55a0601324b8ef7681794f
17ff0d1268bc6a631a2678210978da2c43c66acf77e6f3671acca6b5745b06d494bac6b39452b17300ba8fcac7009a0d7fcaabd5f2a18d2fa8d9e7bd3bd6d744baa3645057571e2b03bb2a082a8e5257cd6970871228c5087804023ee26266c13612d8d9944dc78a2e0a3aac3b628635c360f25540f6359d
3e3d77b12c490970598248a52f66472b03061f3044cea1fb7cefe01866f200739214a0a27771799d7bbd6d82ce18ca20bb1507e6e33be3a6f4346d673c1ddd1b44cb60f14ca20f25750e0e114ff20975f582316965e4167a762e3eb7edc84dfd26503c4e32241eab9925ad724faa5353c14e031d030334f9
2daf53aca01cd280426e908ceffc1c2bdb37957a4bb6113f6dc2119687f10700c2f056aaee81db062c477feb982ee65edbb2c4ccd0418f488a06db512b4060dcfc0076206a9bd0f66a48f328adb7d23179cba22a940eef993cf41305af7410182c13b491561fb893e80009fb7fa34b99926af39022853c4b
15bfd700b14061b01d4e9ef274aad4219e5b320d68fb23204c063e03587f1d670c3da60cf31025e7c1693487ec265eea622b700362de2e23333f9fc42f3f1885faf08923e4f7e3c054c79a14c8b42f22e76911b141e99e5145fe2e9be348ccc08003f9e55f87f5a7562df75c23ece3705073966b3dab2e0c
29951e794118b092b52f8213034b7803ec56463da3df932681b022fbede3320b8eaf3bbd9250626fcd3ccea69e01a607fc00e714c0607576de2e3ed814d6db0763c7b98346efb78770259713ea3d6ba9d555323c9bd2e40704473f623a9fd7665ad07be49e6f72035f062b4f82b26fee523456c971f162a0
383411a5fba8dbe0fca6bca93be4c80262271d1fd0c6b017ee1052331a811f30d09d955ae8c20bd300bf2f997a20c80e04df002b50bbba59d962ef793f9866478c7c6c73c28fa6359f72012bea62b2e83b72b05b41281d40e07628283fe12b63e1e1975cfd1568f58a32592a00e4e154d2c3e5f9437ba54d
296cdbadacf90f13655c4e1db721233e5aceb59fd5d7c2aa5de6fe438e9a35d33f16cd01c9c329bc0968aa53cd395f513db4edd6014071edf419e2d634e91f3f020fc750cf001367551ac12496018b1558dd9069556efac95ef8012deac788d06d50ef027d61f49e6d1ee1024c3c2e7ac344dc6ca9c2d689
2a9f1da8ccf590f2fe7de67506caed3291b46cd6e71610042b62b8d76eb6164ff176c4abae22148dc4f65f963c0b5aaba190c6fd41c0c636bd86cd990a677c082b066362622c8b5e10ec1028035a170ac4b040fc04f92d5a07691379f02510679aa2f1e7bcda5fae7b29b0b339a90fe6028b18b934564b14
2aa7b00b558fdb72094a17c831c8ff14c15c954a9729818eb3d961658af22c71f368e985914112fd69d3e63a751a5f9017fdf69ce30ed09ca8c5bcd02d0e6e3a8d292093597868b1b7b4691ef6d5f8cdf39f011420aade8d8c8939d253c1a3be02d1e438974ccc0421247c2f8c8ceebe808da9d58511d97b
234cdd8593858541cd019e97ec0b87098417e88859bbb0cec1ea3545d5930dec165dd8afaa60412f5e2c34eb9911420800a53a72939c795977bfd885143fb819017352c0beeb4ab32681061ee4a6a4257f4b12fb8f2616c70eec00979da66bf20d8010e1bd1740f4be2445dfaf637712604c1191daf95671
2cb8d6e6bbfe070043e77f123e16950ed82c74460f0c2375e872e62f2d2b3d4d9e56d66be70119a2f167e350730f2ef2def01c3502ab8e609455450c3077c222248fb763be43b4c23d34bb10e008382c1d98d0d99a313a7787ba1b064a38cce00253b50e736118e787078364b29acd1941c95ea6f7ad9490
0449b367c6c172d3f29053eb4865563a521e5cb2a9ee61e6d3e7686823fb306fa65ccf149f1258bcb22af2f2ac0b58e20af91597b29e7d245fb1f474018cf80f3ca74f108537b96829c46036a124c7de0dc821e63d378f94861a14b662e74becaa23f76ab247a68f6f0596d3afc1d1b0a1e68fe4ed734c16
0ee0db88b32521e33d56f3e1ea5659022168e3b8c40a71d06b9f0f7814db106ea459788fbc134149e0fd71665a0223f2f994851ae2ea3fd2c226c86b017aafeab38d6c2269f8c2f78b5f770f0456e2d5500a636577942ee294133f8538342cb02172d137ddab85d0500f1c2a1f2fc3c722b66f90225745b9
158ea70a19d39dd0618dd6eb0f5531184a92fe00375a6075ef6c2defeb0a253f908f75caa8f3d601c931e8b47e1c83b5ab57e06070d4ffa5862c80d81b0f63b329723f33ae5add6baff6fb01ac1464497b76d39d4fe7e41118e122b157142fb57952281c1100c9579f2d3f314382f8a341371435bb9e4a32
329df67b8acaf7e114115c71ce0c4314434f64ddfaaeb1fb0500cd213c5601d405bc5c488722234036d999c6af1977d6407845ac637105469bd3f009026b4fb5bb26ba70b8b0d7465b7cd50ee3c2c7674745917f03db758cf63639b40eada4fa7223eb885a313b4c2e2b79a77b0a687840ae59616baea8d9
3a9873459413e330e6dd25b87f184f32ffc1747b510a71044f6d17daeec00016f1116c5a2f3001c37d67c706140d84ce9b9f889a915fc572eba63df61ee244340189c8908898f2bcdeab0b34cc752e2ebabe0238606434104c901117e38fc83608b07ac31086eba79a20ecea600787ae9375c40f7044b5fe
20b75f3975506bb0dfe9c70ca686a033558275783b96802a05ae21b9a18020e1487a72a514808d7595915824233bc4bea02ff69a83e3eb65394cb8c836fb71d59b3c9b6026cb5dd3ce7caa14c3caa47bd814527bea34e23057281f9540ec674efb4299b41da1c3c08c3283930b0f733b92d46106e6dbf572
2a4000b74f9b1ee206f7deb571bfb21425291890a144c276526cae78a27f17c8e3aec30e580148330b06c9475408f198cc3ffda0d19db356d8744c221e1c2f2c3c5aaec0f604f3ee740eeb0f73b674e49d14430158c16377f2ae0eca1a5c1d4d3b11ee6674954e6f2e0e2b2808c4a08d724952b6cfe92fff
31911c456e0a5b53696b1c37ee58b1187baa6ddde357e27cedd0a93cdec20a067b5f64381d525719fa7f48d37a0e0f44888f526aa291668580eeeac102266274570757424251eb9c7b5f4e0b039f608526e1f0a204aa1876dd172841d2882060fe33de141425628b6d1dc0ba2ef5467501defb3e3c50de52
1c2cca222e59bf81cc8c1f6623229e313b49df0d932b7366350ef456fe232afee4b38aadb823f2341abdd2b1e410b88fcd9793ff63afa80cb5ebbbf823ed6b9fbc10df714398400238032318b1ad7d6f7ad5c2adb4ebf4b66bc70114434f6456e5437d54802e49b6b132042553549e24316a34f12008591f
1b4288f07c8bfa22e3508af6dd11993fb79b6eac1417e1647725625fe1533eb30033e6b1b59031a4e6eb94216d27e02cf5081d56815de9880b376cc23521fa5925287c70399565d8e8b9b40cc94fb8616fd6229bf39bb7f0d04f1b7ff957ecafea2252172d9715ddda244bc3501b83f3a073d05ca659b0f9
377cd8648e1d6c309fab32abf90df134e3efa5a80846d2aa543c26698a162fe25f3bbdec314368cf93f972c1ff25f776c513e9efe075c8ec4ec525581c543d86fe6c3c5312900d8cbfc78413ec573b3ed52610ceb346f31be2ef09ff457179efd610fd35dabae8ed032e716042c33202c2c99bced17922c0
2acd852cf004d2d10e560dd136aac80d24e1b7d352350106507c291e639e33ded8320fdd5c115afcbce2eeac3a2aafbba1eb7dc000336a27d6c9e92a12e68e4703488ef367fbd26a802bf125557abc1388ee316b54ec8f440d4121b657a9bca524306c128e7c058b3208ca7c2767689cb1edc2421880a4e9
1a314536e4f9e1208225317bbebee030a5dec8f7b5fc61a3d0efc32863af2bf6a6fad31e11438ab6d68adc88190d1e01b6420c5e70f238537980b4be2bb631ddda5ee8102efc79c58e237e10b81551cce0605079638aac5e8ebe26408944c138e752f2914239e0035b292e851f7420bff2c457d455c2d002
2ecdf6c04f17b181309a6d8c3ce70a07059b662c5872f34305cd42ba8fcf27c4ec7851929522918ea4a7f7f6ff24fdfe42c8cdafb21a2955718e828e28eddec971e5cb921ec2b8ed2dc1b32233f3675ddf5150652b88143a2bd416f6bc2ed285b18386d1d05d2cc6c8194af7438b3d0de32eba42392d9d96
10aaf1f34aa05b517cadec81a5611907b01f8dc65b53d382824c3575f41515844a8a27e29512de1b559d11d9a216917b45add564b2c894b1b5969aa402130652fcc2d481aef75b0c36bde528fa46af443badc1d8246be3b29dfb2803e05e88465c73675c28325ecd4b21ee42483a6a88921ef86432d7dad7
3eb7ef8b126341e351b728131f09f71b3de39d1e87d4321baa29eac0f0431adede5da90009f140302053d8b7f53a188219f4dcdf40aace65daadc075224118916c0f2110c7ff78c4d633ea3f19aa7b88eca8227bec873fbf21a22ff40d477591b752e78e37395d788e1b957554c3022380eefbb058d37f80
0380fd05642c2a53334e48837732be08ec7e35eb4c69e002b099530f4cfd221bdcac5d15b8410c4e978f6e4eb714680d0456d48f819f5bdda65c44de184d3f103ea567e2280dc236e36919130551e14d848912a21c41ff9857a608883a48890ce412a507464fdf0f13143d3c28607c1a63e5e4c41cd1b509
0b0ee9c77cf60dd052d889c79d493508e6ba3110386322b00e7343475afb23774ea9f54200b0fb4fd4d385ed9f347ef6af749cdc83f5e247820bd57e1ac57c6b98f07f40ab09b98b5e8ed41957496284e4d1f2584091ab4110c2291a7def93308153a3873f243e28cd32f1c497b5ab3f6247a1723a9a30fe
0e3cf26e082614e0c194638b9a9bef0a1c83481babfa717dc8863b1b19ee2db587d271d8984175ade00ceb20eb3e5d7d085f2430b2aa50b9ceebfce3124c20b5e9bb8440dc8cbdc3ef915d003b1c552e3a3390bfaa65abc7dbc01bb6c795bcc29b22b5dc41d3a6fe19126ca15c0bbee493dce5224c2f8e32
1440926e5e81c4211eafccaa9e17ba1967493958f188525508e7c8e7252c0c8a327f9c906ae0ff1bed597259782b6a6ef2b696ae7005d2416bd947b32ddf76cb450a4cb16f985920b1da2c16f9f69015e1f3918b796d09c8cc143335346f456baf70fb11c324f96f5d129969cfcb485bf1882a1cfe03729f
32a402471ffb3a52d6dd1630b3fc5d2367d878721d2e030659c1e9f97400059869cc210ac78233e36a025a97c72368b4f28e96d5632ae4b875756c0f0d373867f583e9f20ed1b9274141871120fac49e5072d08951a57ffbefc20f7e5400e130e4f22d6eee29aa4c7e1719c29f68d04e1331776aff1653e8
32433e81ab3b06522d25bc0b9fab44119c44fb49058000dc5a368a4014711350b04ab63adf726fccd4af5d68473b8d92e1807d0261fde2488dc8455834bcbf128eff6662644377dfb75af93134870c9552dfa2ece8f52566c786368bb2274ab55ff1a967689f40e358158f3a5790493c92de826d33c8cd6e
37d15559eb9c926023324c4f881c3e38686235e6a3b1c2be7d6712599b1115946b43cbbbf623e15734ac74949323de0eb80ff710d3dfd56e9bc6770832f20fb6a70195038b569a0012742f35fc7f7d4f656381f4d5ee6ce09ac73d0de008850b608241f2dada55264d3f8a10779a89e933b0cfe5978e3389
092665289a3890d15993d848c186d40f8f1d05e8c7f0030ad03d8393029b31f9ce1e8bd3359371617a9391ccb213a23500972d51807f45f06aa5a8f52fe89468bf36a6714e79fbc7a8016e30cc332e2e25e0b1414bafada91c751b8f5c85a3482820e64a0b4846a78c222b02d67d3afb1138e61535ff70c3
20be34b668565020f4614aa7502977020db79d6db91602e63d0647d875e029c470ff81b66a1160bedf2b394d6a2d26d185dd70a1b142a22037c69b093ac8851e886e34f105c5233f56c9113a92878de1b4c690361675b01ea1f53f44ab8fce5a5f521af3d96b838a5021d4f4e127d535414c45f3798be513
08f3c2c8320b4753459cd41b842d0e00761df843415c91eb9771a2ccc6610d9ef7e9a85fa4e2e1a79d4a3336cf0b96e3f556dd57a228b64155c6489d36e92bdd0d55d1d0f3fb9e43ec8c300d11b3a82f105b830cd8bf028209d314349a9cb2ef93235fd096b0201cd71f6347cc5fe0c133964961796c785b
1036c249dbd824e0700be0a6a77d063ec7e459f944c281669e886db65bde091ba85ec7d102b04f0824dff051f13f6dc9db099f72b1c4998b2b777f810888eea7c2b718a22f67503af401e103f7119ffce635a3e250e2d92360de1506331a3c1346c04cc3e2079725de16d3138f71714fb03c99a44ef374f4
28d4e4c8f17280e17b4e26e814bc6231be425ba6fdc0e356ab3899313acd23d27a349e828730fb1f5dbb781e3725afddbaef8f77432c84d71b7735ff1a9a578734efd363764fa0513f903710c5ee1752ca0cd02873dce236351e0e4aa9bdd0084a301ffe3a35b6f5012ef92e24b77a1020862aa13c6e2e3d
0a249a56cdb7cee0a6c212925667f32fcaaf6bdf3d1d30b7c5332b82548f15568f271c2ba240b91a0696c7c44b2d006559869aa4a0a4c1c6918b74291f963da8ea0c3c63306c7fb2d639c633dba651224dd543fc4981df3469a4342add90982763f034ed868d79fee13462b49a532448706de5de94cb99a3
358bb33620e8a391b73366721554f603a7802c492baa81501b88326efc4137fc94e41cc793a25725b3fb12a37b2d81e60563ed7e205cb852c499067f085cedf85fcdf6709ce42241e1362b1feaf829a79ca7019545187fd7cf8435f744602b2a1dc245c40bbe5aa079158c16d761b5de9177bf718fe72569
2829080f248fe801a8422afc6c3f551406d7231585865231a3f3e473d6490b4521651fcc5623944058b0725dcf2f47658f9aa074016825c4a5af20ba3a1a653c60804cb0e498c78ee443781e5b3e602b98b943a2113d0a22d3df1bbf842bc6b44d036b6fc24d168c080cf1737be7f8afd3e5764ff27b69ec
0155cc0632b0bfb2bc75804842bc0708cc2f50581d81f3a1d4c0cc8e789211133d79c2a61a525d906994158d5118051c0a20a5c3d10740ed0b27f3b92160b840b5dce8e24d9a1e18894bcd140cb6d51635bf32eb1d11ec2ed7c4128ddc635d4cafc14a3396893300e2337014c8b2a2da901adffb64f61e01
1d7964b90214f500e11f0fa0d08ac21b1b280fa22d2971202ab077f6111b3972c8d4d73022700732ebe4a7271902d5ac58d12047c0542acfb1a6a5080086449fca03c290d97b6f584cf53016436baaaae771901ab78a3dc43bd524de6f128d86b40330df7e1704fbc517aef22acbe88c111d62cfed9c0969
21fb6c10527962d11b903a41a71ce21f7e79ba9fc418715ec88ebeaad65222a59f8947742bf1fe745df66cbeeb397e4bc733925173c331a825ac3f271b66be4b0df953f08f799ca5eff3681d0835afb67b8111c88ed83389c2cb37bd984f8bccc3837c1613d3128b500992db8195e714315b3c41658bf316
249be62506790af2c952ed14a3198f1d7d9734f1c0f041cddd89ab72dfff32a990265addd6c0fe90f29637e3e62af39eff59e88ce2b299580d635dca17f359edb0c59b30d6af2af077d28410501b387a3fb3a2a74dbe706b22e41257ae2804ca6220f654e420959f0d09986c5546e122a0e3ff5c12410139
23130075c929c2d1be21960bd365d4225684db543a47a0dc54b32da1885a23576ae5bb0360938b0b86e231933e08b396d210f0683289c76d491a131d0ffa6ce9431c738104e08d0958cd4c2551dd0af3879a30c8c3413561766907fa1dded48625d1bc6a0648437fbb3142038609d27091d10256e4d0896e
3b57d8816e4ca930d38dd9e9d02a430d8b680437400fa00262cabca75199336bd4b5af4806b3ec0c0ab10c3e1935c91cc742475bf01cef43772c336f1d60ce764e36ea428600aff602d0b827511ab4757eace2dbcbe8e3f553e2261233a4ce7996b08897349d38ae332b6470d7698129f151cb28525c1b9c
17cd17931f855fe0fda713c92fcaa313fc9510f65db1535631fd2f6013f626570bc6408b78e0089ad64c4fd13321216a4ef9a4ed62991b81b1d925cb1c1000c50aa88cf2bd86930f734bdd1caa96d4944edd51c7198f8579e7d32354775028667272f7edc853c04a800ee05d712b36679276a17a670debac
3605ee588facca92c041c7cfb2130339d1208c0944e9e3a71f1964a59c452cd91b93d53592812d88bc7b6894ac3c44ef8b664fb6223ea9eeb6fa32952fc70f65e34ac6106bc8d36012242d05d4c5d0a252e0e2f0cc84ccc8d8733aedef2071824a60ef5722d417d59f1bae47a5e6df7750befb320da22849
0cf078a9f2eb26900798ed048777971529eed977953f423a2714c3ccaa7000a3adc8fe0938b24fd9ef615958992d98ade78fd4bf2193e4d6f39270d82d89ccd14ecd9423ff9d6c7995040a1f0a74a95e197cf1c3bb8bbbbc62aa3820dbc328535db3d0f168509dab963533af35c9a230d3f55b4c7932c3f4
03dfe70c2ad2e0121e8fdcea1f0b7d3414f430edbf1752121536776a3e2020bb015ac9077e1148c388591e1e7b2bca4e878fc47e806f0747e53112a70c6bf4e5d0a74d1173f979adca6a7b2a17c2bb36627e83264f2e4dd9e6c8205a952759de77811dc293dadb6503061db65ce11b2ec3802c8d1de72532
1ba7f0a656a4a8d32803177c82c60127a4ec0e8dce6ff386ac98dc795b1d1c7b6f2914af13d1692662acd33ada2c03ec5da638edf389930ff1bf933407acbbedfe84f8026c239f946cc2453fb8ce99c53971a25f5e47a18058e331ae8f4d8b2f26d2e4559a0b94d87c1f7ad683ed999b3061e677a62aaf38
15cd1da8dae3cb1170ff4137c6587934d2484507489a72854d1a1bc02271058b2894eb020d62d5e189fd13ee7d0a5c50727481465377c3cf45358af017ce7683531bfb134a9ba9917bc011321dc05b28e3476306e6949e47cd5c3489bca9acfa8ac21fc2cccbf8bd0224526d2602c45ad18721c80d1cb9f7
296e135e3999aa1169d56951709e6c1ae0681f8eb470f12505376358b02b025480bcd1efc5f0c84082460a019e061073101823cbb3caaec472c78d2e0b72f02426585d812fade804fdc1751ea7ef939dd2dd822e54598ec81f1e354132d13d9cec3068b0a62894b4b71a44408f715e8430bf10d4c1998180
38140686c4c1c2d015d392f8a0bfa1034aafbdbe76a2d0dad6ccce38ff3a2a399c7a030666918ec9c6ac5c410737ff1575b0eeed73521fd1ad20a63e15d6dba8fb16e37326338b30f0ab12021e7bbcf518ccf2b196ae2cea9c153cd347f02f47f1401e53063afc246706c45274d4b02103ed43b8d7338042
3acdb2bf84c480f1a041b472481ba322a2541b889b50a0e3a16e32cc767f14168831810a92825748086384557638ec35009fe26b62fc2845295117b01aa52f3ceaa60c50e8c8ce83e222b3333c814f3fcf6eb2b05100f476c3d40b275d74691b33724928f9946ab0673b82a6f2520383418755167d5b2989
1c2988d56539cb00cf5d9f229ee2f02c47008b9d47c5d01a038e85c3c41105204c4ceec89e726484d62c89902e2b38db562650b0a22011a9b70aa98b110dacbf64215df1ccfedd65e90fa1193bfe63d680f911d83deaf48310ac2bde6a54de7686415c785bb5c7983629d8d66012b3c61001c1bec0ebf42b
16ad413785ebb2e117e93d8c8884ee19636478faf8ea3327218071efd01336001ccde1233e715f505af8f9a4f73c5ab31db736e5a1ddb4a2fc43a64916476ba6a784c4237a8ad1bb63b20d3e0cec86c68e4490d42df8d33f5451224774ec97bea620c9ca6a146b2f011fcb4cd511f01492997e42e332f29b
0320d2e8780f59520e9ec7eb014c133a6ed7bc1a8e6ca0524b3363fdb5493783460f90200cb372a1d7018f4c8e3307aa7e9039b4e23ea5bfa90d8cfd3c168ef806da2b507ac5d36ca0bbed1bc61a8a0d6a5703baa4e3184be0f60df5e3ac4048c351b2984f98e0db951bfaf2c67d64e0217f66705a0eac89
1a9722b0f424f6a2f46df865cf4ed439b5737c9482f6d012f91ec4fbb41d302aa3f3e8603dd3b8fb9db947e57e2fc3d96db0b52ac3a485b5d856b46a187f3d5e234c66b17dea23e6bdb51815e1917feabb8aa1f5efb30028d9c1216daecb194274d2b78c4d28d1520603c77f2b04d38ba2b02a2bff671d57
1cd4884d6ab23d1116357209ac3f1814be1c18a003e652627888dd0bee962e9baa962ac30770526bfacc3f5ff8272c43254c9685124a99927b56d30913ffaf264262fc93bbbdd6940852b21f5ababbfaf2c6105caf0863d137153104d2bf2a34ad00d619e5046d4ddb36756a0e57d26971a85ccd345665ed
33d127821112dfb35c7795ada737bf24fcf68d61e2e9e08c7cd61748f8a90dd130773c193352255af7c720197c059fbc1f95dc69f319146538c45e393fe6a5d4a568f1327d96eead679dce25d6bed3a380ae22c333cbf796ee3a2c23dff12a8ff063161454395849b907f0c0a75995afd1e9d2cb854a39bf
036b4452e66a6180c1bd699425c8790b075fc5e95075d08b29c0bc19bb2131cf333cfc4673121aa0abde037750015e3a4bc94d71825084fbded982611e332790c9ff4200f95d6dab3ad2b61a13a2ba7613d0c3698f7f86fff0031589a5e911a660b043c221c701c93d075bba8ec397077141787ff19bd226
3fba3d349719cab10426dc6f0f1c3c17c40b5720b2bce3066ad2d257ed940eef24697c046fe1d5829df0524c501e5fb51c278dc47084f509227df4210e255695c9e997812bd42b9ee4b7693a509a840f9e75b30ffb55e285ebd40307218bacb9c260a5f9cb3aad74fe3e324aede1ebf810d5fa3da736c897
099409ca019e4ec1873d0abd5e5c99101dfa910b3f0bc14b78dabc4ca00e306a53e63a4cbb81b6cd60cc04c4030d9ce562677d7290e42e412af17ae8367f3c547551e562e63cf8831106ed15ed11f3c10289c1c72bb8af71fb5930b9a80808f3e8c0c42ec90a2583b230ca68c8d5bdc7415908e153b7abb8
0caf487d4738aee01c8c1f87fb5bb6267b070d0d724dd088c7da50a353a11cb0646a3f70b22200c430106abfb22ec72b22f565b8a1014f23e6a55be4142bc9a154dade73b1211ac7417f403fa394a6f0c75ec10500e6839e2537291d88d50d251b7110a308c0d3cf3f2a7ae7a5fa987be2b76859fca048d3
38165a2515fdb9c2c4c613f1d66f12158ed444538208839d3bf17457b72601fedb61245cd99188fae83f261e0d22cae01b54707e60a5ab2ed26f58c52433fba21197d55092aa82efacfd46273407f2f98d32735e99b33ca9782b3aa7b75ef07492e149184db72c87bc0138d57c9e8c4f0056b43861c73d4f
3bcc4543289f78837c86a4b5bb22c13c6c5f023cd54d617454e7facc9a093a4acded40fe5d10bd29277b6f233c0258d36ea6a90f91fd5b9478e5faaa0d01b020c84788619c44e0ed786bb80795e5acefae0192d70360bc998560399b41f5c9c55a900791f7ab05b4b22c387cbf27d541e15e68580cccd284
2daddfca99dd96d3652a420b004ac909b1c5c7bc75c9f29aaa8081cb14db0befeaee530e6e23b03b6732f95d6f16cb8ddd7338bdc1e2306b616ce6ad38f112c6c5c15ae1db53ac7b77bf623134daa0375bb781f1eb0fe2dc954335af27ef62c2b6610f3521f801fb290b4c2e5569ee4130292480ea7f9af3
239b4b53a17f67f3885c4405699ba722c4f5c634638d91a84f31ad3c6a0e2e2d5e9974f3b4f0a47eedd9abae3d24cb9b037f9a399066e527c74cea3b35f41f0164e8d2a1057de5dac9de02163fd2fdc2f7f1519773729701addd19a44ef586af0321bf51bd49732f0a2fd1bbc5f3448660eab6a38fd6a120
1698f6d2ee2574e05d0cc5aaaa20c80bfaf3fc11c7b1a0d8222ca51a99d016eab4fd7a764f016677a2cb6a7d83055746ebcec06d50761145a862c7cf27eee01f0bb8eb00f6b7472c4d88e31db6cb1feab1d623d306368579777b1b7b3245cf0dcda3148f0609540f6931c4bbd75b9b1c91ddee8aa730710e
33ec9c05a49085c3269b2bb3da9f0e09400bc81c54302262fa873bba6ced3e854e04884f221311183d6a08be0011575ab4c3b5a7f100c3809b4a025526e0157c53ff89e3804e6eaa12c3490e9b525e306ef6b12eeb68c72df0660c169d39e71c2df35f8e9e667db5a42b0ac28b2e2923a2ee8520c4b13eb9
026a538dbde0cdf3a0e57dabfe59bd223efbb9f598c142f1b08b65a9c58f331f91011efd87d0ba0fdf1a21fd5e0217ba36fd9a80512c891c22aaf9bc3ff4b437068c22f39da8e59639afa3092deea1e4aab621d74d3d23bf76511b18480650b56ad03fc1b7697e600627fb7b667a526323802432bbdc7fa8
000000000000000000000000000000000000000000000000000000000000000000000000000000000000000000000000000000000000000000000000000000000000000000000000000000000000000000000000000000000000000000000000000000000000000000000000000000000000000000000000
28275fe95acbb71388d3531f6c2ac21ffae84dfe5987f2f3a306089d0c291a93ea406ad032a1531c4446357cda2d9234da96be0cb3c451779dcd0d3f1746723a21dd7ae3a13935c85c55ae1c2a74eda98720b12ee3df0487dbb528b1a0761a6c2d2055c98d67d0e5892dd7b18fc25b0b60fbfde49b748ab5
084cdf17cc347b738d7c00df1b0d6f217f38eb1bc084a196f0fb26ac4c192d5363a1003203336062a71bcb1d1d322a3b5feaa34cc0dd56a5fe6efbfa32c82a92ff3ba74103a920baa1307f3e139611b1786e52093439c17c50a637b941e07b24a2b01cb1fc0230584323506b9649e56521d7f26e1f7fd9fa
1988c73d3217aee0319f21f0950ed2371e2a59a4a0e3433b079c30dc5fce246cd74d07b6af1386ad17a4a7495e20055120b26d87627b415bc5356d5c10453ceb1e4aa573ab1c840e6e1b951d27fb32c5979340e3709483c9b2f429a18ff81d368682e2cb0b625df98b37624c9175752df37d90b49fe5bffd
057ad593b37021a3370722005a1cf630ceb1b5df92af73d00da31aea9fbb09223efdd6025b20acc98e7fa55d4311403578a4715c11e508a4f958bf7b0732340aac4b9b403e10ca1046fde91e90a728f2819c902f9f396d111dc80575f59feeaf84d289a34a5bfa030137f574ab1238bee1ba26bbe9e13067
3f24f08c833da9a1c34c3b1c9285461063d0e4e1e1cd5042241cc3a9ff200373e9fda6b783618d48f9c82a2083349e39ce102c5823bacaab642db52c19aab5ced9c507a12378dcb4586fbc2c088111bc8fd4020284d67382657c3ebf96fedec5d5d004ba9138a796ff398291d990052102117cb679d15d7c
11ef569885ba20f31ebef6c1ebeef33dc8d390a6cce3733c21e96e4ea782075f3184e45ba102b47b9a5cc7963433d69fc828210ad20a6fdc2805e81c2b57203eda69ad0200d9020bc74fd2364e2ef9e293e4c21b52be6ca75ce739cc38188954d171b209a2b2a4d6cb2ec38aa4ed641fd101333d7871cf0f
3cf79c95daca23d3c1ac63c4e30db7273948d6721c9143bb148c6930a9182fee80bdec604131eb4ae705303a3c15cc05cc92202b124e2cea5e26a3aa31088bd8b6983f02b6c178798dcc333a6de5e00c7892d07314b27727b03d1d0efb74ab6fa5f264eca0981191c52b2696658d8efc029fb989d4877002
1082698957132671b6bdacf9a14a443a1e505719180dd03c43374da524042cfb604363247ca1b996d2a50f07dc254ab07e4ce0172213ed6a5c781bba38d16929bb79afc20ec967da5f616f0037277532cacbc1c1d443f4a9579d3569a4579e3f1dc11c69b7632dc560056123728bdbbea0429687d762bf0c
06d72ae91e8f39e2476473e72c9c4137e44ebb12c58d93f0a087f61069f8054f9a8467ac1813ff2449d08a2b300be53a92508aa6822a18434931c4de0f876a120d97b393cfdcd7f38930a10132d9cdc53fa8510695a5c20a66df00ddf3c0a2e91162ef555f29191b5d0f45c113147a1f71bdb71d55a3cb73
04d9d701292db433406d3626da6f5f226fcb61830ff5c3a63396e10c342d26e9150d7bf1ce73dc6c6e6857a2080051d70515906d8381b6185f3ebf3c17d4157551115ca09c4dbd4439edcc1091acbbf21c489182dac0b61d00710eed8833e6caced100e07d5a0f6fc206eeda4e7652c8727e72799a7fa27f
2e1f690a63333040ec7fec075e4a430b785a22533447739441f8cbcda90d234e8e262edd19207f0e234703c3b22b8ceedcf4b7bb634f010300f06b683af04301b76930b17a9ed7ec78fc283e37c30909d25d432dd023f09bee333a8f2d24c9702542e143955fb4bf6e33c5ec084dedceb2cce9f070da1258
01db74dac59f54c26e11899074bfe90ae83335f2a891e3b6ad41165695f22835c7c730ea118233ebb6cba9a1c30c5af7b9f839f7405bfa6cd909eb9e01cb2278755aeb73079f49b3ef09851d923d2befb3e43044ba751e735415074ae7d39635d7e2cdc3f2f7a9bb7922ea50dff08a93e0f80c27a3822cec
0ac89a12a85f26a2465a789ce4ab7e02d81de00a3f59a2e3175893751abb3707c4afd00648d0aa0e18b68c9cfc1a475351635f615116360729e6d98a30c55ae2345217c0befb94dbd64d7a2d42261b7f349490331ff7f3446d5c1fdeb5d3c629d4109b821d8692f4a43a074cf82b526460f09bda28233981
019d982ca12883b005b0dda2d2d5f6192f17e760ca00e09fd4246a847c1e28e9eacda23f46c2d5ce4e1d0e6299398548e0efece310f3627b3b5edf5c1ffb5b9f6324de23236fe370c071c81d6b6c120db40af262a7c843be44071bf89e2c45e060323e9691b4f534031f1d46e5132a6aa230e361ed2160eb
14dabbe314961be3bfb29cfbafb84124485b2794e3ab9266c096347158613dc11b5c3cff8673553e2d5bc2ae101a99dab50a158473ce101d876a23401e722f8f818b5040123449d291772d270fb9bcc7a59c6152485195d09e43352ebc35c3a6d8028bb67282bdbf9422e35a6d97e406b143235066cc5bde
000000000000000000000000000000000000000000000000000000000000000000000000000000000000000000000000000000000000000000000000000000000000000000000000000000000000000000000000000000000000000000000000000000000000000000000000000000000000000000000000
3491fab2b95714615a216929a802e3111e0d659d74ffa0193c6a7254808421d1e77d54c7b16189a6741cc831a112006529f40d175157a8ea89d3528c1d9744be930fdc92fb516c98d9545c1606ed5a1fb1a3b08772e7a987da1f19459584d36b9983d0f91c6397bc6205e720585d825953693e2e001ec4d5
0bb2c4a9181d3c70d65288c01754b41c65587ba71cfa501cc81b40a69e9a2c333225486ca101675a5de313f79c0e9dbcf55ee4cb50c8c92728bbad0508322ab5c81c1a60a4aa540c0f49143aa284d3991017a12c39eedd64b2862b0ee7bad376637253200ad340439720cc6128f27589801d0853d3b253fd
1ef04627b16db9a1e9a94259571caf227247734008e800ad76a3f532a0040303de9e8eeb4ab29556e6b3b2400b1b87db7dcb4b3251e485c81336ff6137a4eae002a7e490287f6ebf603356121534a922bbe890a6762ebe809fc70c536a89261580310b38d7e507cf2e1c7f042653c86393b1b4f7810c7b04
1c2e7f59072bf3e28a1bf405bd0296356e08faa0cfd7d3c10d8b43c55d601cb3e55ab9757973ded2f24bb7377709489c642b7563e0a471e105516b1f3b63aa30bf76db8240340ff56de77f2f820c0140099711a22ddaaa4cafa2131b6b3bb870e961b35cc27d3036c10b6d0bebfa2852f196d76d4205c62b
2cdce2633bcc280303c4af3cb2e2053be436da74dcbc83b58c36d78101882db09a96759be4312b914a8d8aa5af1a7edc63076c7263b234ea582ed8383cbebae24a632a60e47424b84906543b7764dee1762b50e28f969f0a1c8a1bca15bc0d6dc641e017d2d628bea930e473c95edfc343241bd52928876c
1dd6d369b16242d3e169f227658a783350b88721d40dc3e495e057185a0710e5bf095f312831e9cd4bb310ccfa3cd949464cfd20d17960ca56d6599a176281266b007a629db9be528a92fa0448bd96dd961f414732ddff64e39c2fe706b7cce2cbd0dbda1a99cf9fd133752aa2f144ffd0d284e48d8b2b9f
2f49f22e4a1785b15e500c533b478023dd786ad5268dc282fb3b2c1715c7130197335fcf76234594f85679ab072a21e81cc41a88a28dd498f747f3f01137255028e0a8105dc98bb4f5a4312541231747bb97521dbf38ff0156710bf9a6828b1e4f32860011241506ee3635e87806a5ad80083cc2aecc4604
10f484874701d4b12b5c14c062ec6b0af14401375185637767834cc4a5fe12ff6bae6aca9420c21796d2ae3b8b011911b1044eea719d3127731e69ae31b13241c3537963cdd4d4b965dffd0db56bbea4eee4627008a9aa1aa74628376bc3fe005983f86f89ac0279aa024703eb7b555ab353d9e71155f8c7
2c60302979951933dcda27a196a3671ae151b651bce0e1d057228c3312281702d1c8cabdb6a31f1c27628185dd1df6e29331dc7b22421958e4f035341d6d4b6b5f55f473bd5d4e200c2cdb039e1906310ad0d21d15f49e3d051b16c0750d4a28cb217c6be48ae1184321ef83ecaf8075f260d63cf2aa653d
16524b408adb57a35b6c025236950019c830d44bb304c0bb404c4834ac052c77a1696f6c3e3138454a501a98241b21a01019258c1172856765c692d72ad1bafb57e506a1037def44144ee814f093280fc606f38cdb066b1d2dc9336ec4d991c18f40a4478401bb352b2e1e27d314652802e2568c9bbec443
076db68b74819bc33c9c984d85a888333ba076886d49e1d94a968c41b28726012b430a23cd417287ec93399f4a181a437cc62cd1b2452bc98b2e78eb23d382be147688e39c98d0ea41c9670bc4e2d3f3c271f3176b9d58a856a03fe0b7c4561b710211638c2234d41c11d0d8dee1af5dd3d0e2559ac903c7
0a8b58b450174602be813d60b57ef93559bcecb480925282b88e8fa3c5dd2e4849eb826bd73236ef95c812c3ec1c9c09ae89645471f403d6ac3f69383146eb82f1e9944261694bbf933284146aa61299f6c5b11cfc8ef4da2c8d091bf00138464040840e77cfcad6761814d7014f9276024bce3bb3904fe2
07b1aeeb42c1f803425698f11d2d8129a5f17f08a2fde2ff58a2ca1954e9243b84bba54a2bd0d901ed6dce7ad33ab6bec93640e7033d1502159f57e000d7bdf627677382b841eada8eca02296dfd381b3269027171a2828014411aef12dbf4207721097aef867d68022851377255cecb10a649599083a90d
30a72bcf1b25f611ec1d6b9406603e014c226b90d0e5d22146cab094091730dbfdaaa069ff632fa59e5e6ae37a252447a53975fae358ff8347341a840797c644b52cfcf36038a29f3a83f83c280f720aed9ef2a7dd4f5164016127bf74749e8645e327c48145dc4b6b10eb86f6eba3b971dac87c9979a2a6
340ee1cb0a32e071ca232d1dbfcc9230c1caf40f8276b32c9d375690621c33c9186475953b12c4b90092554a7a355a2cf2cc9a3f10583d5564309e7c0558e04e7f9549020cf787f86dcbb82ef53887ce6bb8518ff2f9fbc730f82555def5fb1027c306efec0e909fdc380083d77c14efc168fc444a02d3d3
000000000000000000000000000000000000000000000000000000000000000000000000000000000000000000000000000000000000000000000000000000000000000000000000000000000000000000000000000000000000000000000000000000000000000000000000000000000000000000000000
2b2106e1071d2c00ce78731fe6ced71475f9679ca040835de0a9f9dd4b89310e2e4e0da09fc0493822d76db2a72e5250fca3d0791061a504f76befa42d9237368d0c01e0aebc275fb24a6110d58582185d95d0326d904f18c2b00449f4ed1a20b3c2ce996c2e3abada0e5b74c1904ae850244060c5871da9
04c9151ef255ccd2120936abfd84003541e50dc4613653952f334a48f08d16e3bccdcc730593bfbcbd3f64e93f2fcaa36750456d7029ac7ee6755af0096785e52a41e9621b14be903036c618ef4bc418fd24a0c0672b80f16019006dfddf7054b763c93e91867a03f90b731952fa779842c45ff4798be7ec
37bdfbd9430dcb23bba64f318896a12593221a551d44c0a889ef35e4a19f03f0062cad630890727216bb6db5ef1defa5da8060dfd2198bfb48d320942d5a60087cf42c3075a1923d2e6b7c3c9bad31dc5481218b036f221b46f61d172a07bb7f55b06df69b633df8b103c747a4c2ad3393890e88bfbe5ff2
3c16fbe4751a8581706222a594980019e36187a8d16b53e4c8c5cabed4d715842ff319f01772a3b4eb99a9ea54183e9b9af515c2a1ccfb13178a9652338d63dd07c68393d1cfb02391c0e13a03af4599a91310164e5d3bd0ee663f09439378e70953874ba6f8035aca3a8bd195bd9e5d02218177197a275f
37f219ceb8f989722bfd8c1062b040229efcbb62ade8318c1839329bcf2211e676baf7cdaae2b6db03910f1c340dd92cdab0417bd2a782e68ee1f4e60e4b7eb409b75b12f467defee4710904d2a708f583ff734bf593e1a050692453d17924534e82da5b9256f652590fdad1b5e641fed06674cb0cb3cb6c
3007560ff889af201e1db59c8ea97f0dbf1387b024f3e16c07328a6397b7206395c0556cbc4064477e0a72c8003165458bf6beb6b189f09d697eda16047c1c3b92839d237a2c9c6e161f32307377ca8f880690c040ad180dfeec14e17995fa5514c36b671d810e655923c9ca06e156ba30340536b893080f
2ddf9da509365d41db2b0c8f5626fb2b323aeb79b9143294b34d02526bfd3c9d27d2334dae111c2b0efcaff9f52acd7f642be618f06e0ba5751b61d4102390cb99d8e080ea26b34b71cb3536e70cd2835bdc219d68bdbcd1182e0c3fdbd7345f05339631a4db5b3b5b29af689767fe4b7042b26bd1e229c7
220d9f2aab60b430e1c254a380ef331ab586447243e7913c7910e046a55d17ee374c602e250157956d6a0924873f2334e3db6dea0007d7f272564b873ef03596404d80f01a516e43805cab37b2f07d1b5db9a1db3ed22b07940407569bbe0cdfbed094ad6d346ae9a91e4a9615401cc8a396cbb311a298ff
202597447ee069109d2f1441a45af63712e9f1bc2c12e03898a5bcf1ad7808954108f0d163f34bb89753000ca738fa60e462c724a0d84e0b54d01dcb0961422804cc4d533838218e2c68491d7a0ae9e75ffed27ab10fddb3a91d1921bd8a0aca7e022764668cb0c4a1068c09160fe42fd147f3a173712a0b
18f4e0f1b5d4bd11c01898c34ed5e900e573aaf74409b11ececd37145412357afce27973f7a30ef4492ee2000524f934abcdcc57e096320a9adcf2462f5d4a0b80ceefc134ab32e180add30b7c767f3a5e2411cb88f4adcb825a213bf1a971e64c037dac888c5c7b3318565dce666a2080014fe88df1eb3e
1480c4b73ebee0f26e2414c487fe8c1700f91b881102d141205aa86d28fa3afa2f5623c9ae213144d5e1276eb0129bd12d21043bb3e1e6bfb220b3a61eae51d1ccec631262def23373ede919a26488a133d3d1982bfa5f25ec891181177ac5de8dd2013f90db97f8e2385a7b7e7c61e6a262fc77ea3b0c0b
1f1375e9038934e0241e6c6e4f07770aa41b3addd9f3c2a54eeffbf070d43f74fc7bc4a73881e1df6dcb620eaa0a440ed16e3620b2864a85eb7c00cf0d683f5e0c6dd0b27a588ec4bc8b6e1e6230e9381fe7c1c77113a4e120ff0ec87e845fed33b09a72944709db9d287132847827ed032b771989a17054
020d9b905de34221cca57e0fcd9d550b965d131d896563d4e34e7b58ba2c02c7edc7e9dc078151b32efe74c03d12943568ae8a72c148f9d633ec7c6b0d16baa8dace45e32861836fbe9cbe3a52a92fa6e04d3248e5971b4d72141501055eb24171416e00497a061e83104814b237d5f3727b0f96dcec445b
3b28ad76fc4c97a07571fe40fd14732f8e80b2ec0b1ea3f05762fe72b99b3fe40bd975b686b338148b78a02baf0ab753abb31dcd1028b337713868442c85649752ff03c3bf81d38f20c5eb37aec4bd416e5cb37f24bc3131275002d470395a3676829360ce1bd63b04096dbd0ec78b7702d281072abb1d4a
3d5dfc26869add405035819e8486f637b8523c28ce9fb0e08e32fad6eacd1f1e77fb6c4270f05dcf77bbc0b10f2702118bec9a9fd1961e5205c1af1a2a1c3d4871b05c13817928090c5fd80c8d3e00cd425df35cdc305a656c250e3c23291d92e821b264d5b1ce6c2a1ffafd4e0a2b9df036b4954aeeb3e5
000000000000000000000000000000000000000000000000000000000000000000000000000000000000000000000000000000000000000000000000000000000000000000000000000000000000000000000000000000000000000000000000000000000000000000000000000000000000000000000000
033b111b9a45f542cd7ae788d351eb0aeffb178d2463802698c16ff7b53e3f36967b51918793e51478e5380692161c37ea22ab3fc18cefb8365e4b042007708e125e6f31201a83d3dc6a8b08e65ad0483811a31a1d79aa816b50348de468a2183331193ed297f7bca51e87cfa62ac4fdf13e73e171709583
2054e7e3071c53f3c07b6ceba8a9f1048c069b7d337692cb4f1f5370a1e33f1ddf271b132990e5a8e88e238de531cb4741a165159147e8ebe33f4e6f0e2e09a5d4abe160baab5ff3de1afe120787878c85e341beb534f939591f14bee823a646def15e263874a0273f07056c783053eb72eaf7dc54a86f16
3a78a0077a2b3890db4c2f9be666c91c525221cdb91250eb2fb9fb5bc5ef152daf79b4884c10478a71c1a928151dcfa4d795a884e0a9da2b98f2cb1e23df519269f5bcb1ed9e18ba004e0134e61d605ea74ea1010d232c0273ba3207dca69cee05b25e218a3e2d55f621c4ee30ffbedc321ef3313dede1dd
3917b16415d0c7f134588bff23953016f2787d841cad6093d373bf1ac33518d3ce8a9865568086fd60a5badfe7312458fc41c02623c411e20a4c2f852964fff30fc31a9372186ca667cbf8210fee018b30a06191870a0e7829731d3609bfdee6a4232f62f649fa693c2711749f38206673f17f99c9f89fe8
096bd49f51d9bc608bf309ebbb21ab2479c933809e2022605468e8bd1e36165af2e57cd5b023d6dcd516db1dcc3de8e7f50b5ba3e20d6d7599aaf5192c8362150d87d3f0f6040fbd3f384e20e6523f6275b2e096f8e976d34e1f03e78fdbc77c35a305180c1788611334b8f21a9b3692b325f365087d9004
244e81b6c68fc4a14e9c2de69b54bb38bf20d8da7677e2f563fae5d6e23e1f288f4bce26dff3c4f52e5663de1620c8b5d48a5075f10fa7712b81ad0e2e793f91800ad8031e3a2c21a61c7e030b118e1d9764303beadf6f02c0381ed880ba9f45fc012d895945c0d1fa2dc9f18e72d37f92b496421056962b
2ab0cbd0833daeb27b9a55db03b1543295bc32a15cd991256b2970bbdbbc369b7f142edab4b12027898b937372047c4d0e7b810cc243535cd438e78804b0c7cfd1b68493bc945169cdbee332027b385e15640187cae5e5c44a181f712022ffc974211bfb8c6751220802fa5d2dc39106a3a1b05b882f14ad
28934b8c83079c2308c754e181b1883f68082f831859b34f6f20b294d4a5025996eb05c7a0f3b34ab0ab81a5ba37ca8bfc8690adf20036fccac3669a21ca8ae432e3eba0dce00b81236c533c9270cb211140d0bd4438e848580909f3ce368196c3134ad80639e113af2b41abbefa6f5ea18dcd727881955f
24b7c9a160ab9f50506edf51b70aab3a50fcee26f76e927105d42f1fe66b2cb1de1e54c69c72664fd62981e5be1c642c423683f1c1e08317bdf69b5d39534b897e531d8322566ab823ef673603d208490a96d3391852443dc37300263807577f7263891cfd2552e0761808b2f24ec4d582631980beb4df3e
1cb22290ff8336e06e488203d497902601c2ea728cd000113fb61bf802f5337dd3ce9092a961139115b5bbd0450dab418f47d4b4e3a51c5fc137e77c3258068bb37e8570711f3f4350aea61d45fcfa14c551616d9af2ea8195f40ac6c8532ee879c1c0b3374a66b09b28cd2996a94f44837669c91a5940f7
15a572abccd55cf25df3563c5ad3fa0a20fd61ca00a6e3b2a7265b76617621e73432e2f1cfc3d077c9316460aa0156b8f389fcf581806f4f5719dc9d092a644eb237c842bc807f5297d0c426683c50d4c1a4221cdcbb24210fc63ed61ca4e96320e22ab785da4871871c9fadb42573225200c6f3d91e4d85
203bee368882dae3caa2869325118625291d53f80ff1533702b2b85c3dbd34cae9f6c62ece433e9b3066a8238a0845e014817ce501b1fa39f0b9d1cf22e08b0d403db39208bbae96afddac353c1d6d48840d422b31649c809b6422745fb957046ca2006711195237ab1e56c2218bf82ca0af891514b91ec9
099eb109a7c733a0c4aac254e0f14030411937e3e181d11d76634025aee826112f976803d990b28ca7e55b83192b0e76b6ef4d6ac35b70324dac2ee332d5efae157d2151e397e9cd5ca3012927a198c56636337280f10b14306b1e58d082099c8310c7e8cdaa9e9dd22a00fa34acbe64339af2e23b818f78
301814bee17ccc401332f0b645604102dc6b1d1af1d8629e97e7aaf2f90f0652f485a2342eb116ccf234d66b5c05de9bd553f96e119e12367bc730ad1addc2f4a08487d0b25a4b58ddd4271b0af6c672fc7453d951dab9f4bd9914816446491d32c0ec5fb8d0fc40d0227bc84a3885a620c511e0f6581bc6
054ded9db20d02d18f9724f3b231de34f8527ce64c65725c540c0a9c92ef25804518c012e5a073dba6f303a9a71ca5a63895b98d316149d7ffaf0abe2d8e2f733dd68b93ab644324db2473015156ad9032e4023eb1d7dea61af0202175c7b27eeb526371b100ca8aa934f5e0b9c44500623d5480088f4d3c
000000000000000000000000000000000000000000000000000000000000000000000000000000000000000000000000000000000000000000000000000000000000000000000000000000000000000000000000000000000000000000000000000000000000000000000000000000000000000000000000
1651d4142663d143085cdc5487ca1f2bfb5227429782c281e9c980dd46e229733ed23d7728d1ecc3c72800abbd1d71c8c7826c5e80b02c20dc9bdcaa13e603a3c1341a20a074a652d07177129cd7edecdde0c1b26caab10f7a911b6fb3c60ff333a2717f70108e9f391b8aafbba6af7ad0e0c3cd5130a7e6
2203fd6f6a62275331db8326109211306025d89d8fb1b0f0b77df8b591d2213e67a5dfbc1880a95484240ece5e3415e6587c0033730793f5cdbfb00631ef66bd300563510b4367211b410632fcfcdca39849e3ed8c99001b8bea3c7c35ae94128b407386ce10b4cc3905a5d6b9f74111b246ab61f5ce05e3
0d88f86f5700886058760ccdfcc72735686d30988a3cf3486a42d3822dee0bde103d5b120b1163d822fb6f38561a073c939f7d2d40bbfcb5c13a5983140fe129e67ffe638774edde5904381f98c6566af750e3a20a8c9c93251920ff8d52db0e6c61548616b9fb3d680f4125030326ef21db4aa99eacac31
31877b3e141d0c404eada419b19417261a97e1efa4fa923800145225006c3bf189616dc56321a61f06f435fa2c022643503834c5e39a9b1dad053e7d36ceabc9c5b9d501cc78d8ea1c3ecb36dba5d0a5bfca83ac42eb710fca843754bf47e9a6528316152c969e001c34bb4d1a5abac861334ade8dfe6ddc
30d6de22f903b081777a8fb31c26310acae60b4b8705a0528d02a5d76932391e9a47925d7f1092a02ded1af4f13a2f73182bbef9c3700501eba6804c0fec213859712490ca64b9e4b6d3e813f4ec9c594fe4409db5804adf86c429138b81eb9c9950338d2fd483340300cdad3c034f9d21d3779f5993c51e
27263fe7dfef6301e1db0fe1ab7ddf096d3a82a55c65d15d325ed26456481d49321a9ce3d401871c856266183d0be4441e24100a01a0c5552fa0863c2dfb8d50fb43d1d0f3af30056321b12b1f9be319cf4a604accb2f7e86e0f39861b885f3580926a0088d8fbb65b0730659b22131f63d80ac4abb5a5bd
2d479cef95298983ea0d9db4f234853db3e17125eb9171cc13f99c78dad72937a565e453ddd2bf9f3fee47fad32ea8af0bbe69a1301ff81557acbb021527cddbc07af062f1b97534914aba0324a2ed71244730637faf3fa370c805c5e6ff1bfa6ca00552ba38ed88ee389fe166b5dab0d0d5a0fe4ced2588
1b667052445e97b3f3ddf37b63201b292d5ae1046a16e15e30e08530c57e00a0e734ea164d6120b64cd6e3a66704b42e0ab60789a05173343253e159387f1fc236974620cfaf2b3ee6d58a0772e6be22d46a620384cc7cd09ee309106cd6dc538c03ec76697c5254590ca3b0e61508dbb18ed652bd07148e
21577ba1295ff0c190abab4c3921b20535c49600e4f723efca038feac60d24111855d4a5a8b3a00061dd231dc018735f790ed0abd3028996a0c5bbc92c3d624a0f236d3124fef987921d8419c37c9bd08fc570e54d0edbca5ec2129565a5fc19b0c0124204d4b2fbec13581d5217f737126c7f8d16b8b800
3dba7e8dd2641fd140f40fc29bcb7c0bee0b696e4d7e93e5170b01ef89d428074a8ea78f644243f114ad1481be145ad420d9b1c8a238ec4cea3bdc8f0449b750d2a774f3f15adf47114b1d134368805c47b120cf357aabef68242d086b7ff87dfaf1c7d71af9b6e22d20de8ff48e6ba9a084c151f0cda138
1c69b571eda8d7215031b38cdd49a83915b0de5a6c8c0269407ca728f2a52cf92e11543cb7d1365a21393bf0bd3c28a7517d141c6360a45ae64761981101b28f4c803391e0968495bbc8fa2e8d79bb797a31a2f6bcec878aa0801d0114e9853151f0c0f48591d352b23fe0482b8c58be8262844045ba3e24
016571582283edf038525cc631fd350f641100ab286d5047393c494bfe0305f5e332f757cd11dfa0cb63ddd52604cdb4a0b521432320e0c80ca0882a21ada3a29c351c83ce2fc33aea45d819a7b43fbfa3ccf1e587891ef46de3160b52274acfcb420f7b1613df921916665bb62a7c2dc2a423607497c4b5
36162d8f290181d25db77020b7242e0cdf7f1efc3f0351b88df33a3d645508ccbf0648bca5d12496d95edecf561afd9881102f95d0124b1691dff06229e662ed5be0fda1343f30fe8e38bd26ef44027b613fd1cace71cd41fc7811f1a6f8ecff8420554c3d79a095841655ae34a78db9b06b47ab14b01167
269aeb6cb48ac451445ebde2918e3c2806aa339a8d0d43671f4a9de55ef010d7376b6cb8aa728ceb9bf07af66e3ad15376b6e729300e78e8cfab01c7356bf1d3de7d0dc1678b2243674620359847b6c9c006e27011d8ddbec53c0f8ae17874f5ad514144fa09b38d1e1b913116aed889f1698c9725aedf45
01fdd43464868f10024c79d8ed12460569b53a116c56520c54248d883e491aece075b36ba691fdef76221e33f213693beed46336e3a16247c9f8e0cf2fc2ebd28e2fbae07cf8dba713d6843e02c73a3c0d091255396240e388d421c9a97ea71a7d1284e070ade24bbb356f2960e182c473ff275aa3861359
000000000000000000000000000000000000000000000000000000000000000000000000000000000000000000000000000000000000000000000000000000000000000000000000000000000000000000000000000000000000000000000000000000000000000000000000000000000000000000000000
1369969ed7f88ee1072850b8e9ace217719eedf27c2fc2628732e4d4702e20c265bdd2558960841e80b28e84dd10075778fc8e8421edc33b5837c84a1410152a6ea4ad33d1a80f14c2f67c108cf16f7dfcd3d3f31127623a232e273114985a4bd612effdf6760ce9852242c3a7ea682bc3cc9e1bf66259a5
150fd9f939c48652ab151dfd53edd71f6a5de8eef06ae3eca21c7adc7f7e2d20d5240dd288c16cbf8397a2fbeb31ff0582d8df9b42645d266d9fecc2337382581c3c1841f69f21df52f4503df39afd9a2a2922b63649041dfaab1ce6cf6a00697303b0fe703a17ca6030e248524022048299d22fb1d969ab
05a36fa373e7ab73e98b32ecc0d77b0a142fac30ceb5216e7bb0d12e353722dff6846f380c31b4f938d7ca13dd007ee70284fd26a28fe5c4e722ce5a3645c6323a8ec92088a726fc27e0be120c2084901073a0c9be84654ff6ee2520cd0f9a266b53ca0e3b92eba75421fa3cf65ffa9883669dc95a60ef38
3d7e936abefd87732b40b2bd351c8c132a41ded0a2f253ae017b9922ca4025e52a66648a06f163f9d6aea63fa7278c7ed67c559382699ff770df085f3ffa22e75fae83a175dcb3923ecdac0c8532e5027ad7422e748012bb312407f7ba738da122f3a6a5bb582f6bcb3991a7adf931360102ec6766bcd26d
3e668638302689e1c3fe2ada41ad01163e65ae93fa2f614aa948041e0100041b19b7145104f357fa4434bc48320a8777fb2e55f0b2695a0f6a86e15a2f1a3066dfc590d07130a607cb145f355f4a8294e31033a786a10cf7feab12bfc43474f05571f108660bb48a8c332ae82951aca8123cdab0f7c4233e
369319925769a8d1f56f7d3b634f6207016b0d469bd6e0e368169fbdef1b2d69b229ca20f871278cbe3cbfb14c3b9bbca35916f7b0d213ac0652f32f1d5b1235d138acb282fe42b43d6e550ae49f19e6deb3e17591291fdafc802c6118c35d0d96918e8c3d88247c36179ccd9abc4f3f90f0c5cc6ee7f49a
3b1497568b648b83fac2a961b1f24c1b8fe832326f00404f5e1413841f9d1a9125ae7dfbd262794f73052c4c0c027c9a2faadcf1c01c525e6e5473010a644516f709c7e3f06ea3c8712afb3727647c2a834da267e0e8743683e222ba242fa2579ca0d5c2f56908f7c00957106961e104e096b984e5d8c89a
25a6448b44e52d01dbef4712fa73d41fbf737fad2693630cd47424b11ea838818762349703f3d78ccba2207ec22bbd488c6d4d25e34e5f87d71f35292b999320d7ef246209ae7583f77f863b1ca1ba08f0c2a38db4895d8c1b7c2c92f14ee34c13225970ff10e661af1d0bd6632b4b91a2168b1f2cc7d22a
0b2dbd59e8a70cc018a9e48f6c62e4262334df132b51d0035a03300c8b840295da6d1302311196d27ea6b739c40cc94ee7ed76cbe2be205c1bd0f3802dee1c3527d175b14836c4bdb354063dab8edbdda4ffd10a0e277515ac220aae091de99b33b359d4dfaba2ad4b2a94abad20d5d17395a138eb4a57cc
234dc80afa537271f66c32ffe6143029870f79b5ab36e3d0bf0dec1043821b1131b96762d5c02b8ca7d75990352f9ca50cccda96f176aee95564cbe02de1e8fa9b42f02284bd91b9fa3d6d0ca3a6f62cb7c6006eee928146f209229ebd89834ccdc388907bc4a6b9560688edb27fcbd0d03e3f2f899e4e2c
0225049d20e12ad0b8f446f2734bce36feb023563bd67261b927e57e5af00f1beb959199fd909433225477714e21cd703f5374ebe2efd1daedc6e95e21bfd34031e0444370ad00579da1d926e00d3068ceacf27ebcbb233692e1085cf06aeed1d600b5d38ee4594fdd1d9bce1983637b1195390515fd5915
26909969d2aa4cb2c6cc5d29e790e40c8d71ab210ccfc192c97404ac7f2309937de11f2b6820486c751d13ffbf038c4ad7d378ca1191d71371eaa1c03a9f8adf984821b3d6e3554cd098ed3b788ae1c136f7c0f029667f42543c3fef54f4d253f223aa2b4c8fc4b4c915fd6c7e740087227022866f4b7dba
1733f302a6f69e12a3723abcec4bbd345160c9771476206f0be55c54c9d92a8985d0b622fef16e52fc19f127b92351900a586167a32f5e78558b512b1f3dd2b2d9fb1d717a4b84f894b72f2d898dff3fe861b0d09320a5fdfcc308dd80896c7ef7e0175eb3b3a60fba1c34bed3f64de293a159e58f6e00ce
22d01d6344832e70d66a4165dabbc3195bcbcc2fda4d53f764a0c464ccb8190b58f302f26a515470551b53d35d302fb68dd0a0250271a24cbae952440666abdb75303830bd17dcc1dcf965075b90fdaf0d66c02da15cb41803ed344189ed392dcfb1f70b6416bdd74b2dbd0241edb159136a3bf6edde06ae
259308ebd9517e93e8a01c4062116415689f8a62b68250e01be8cfd98a441fb2ac2391cf4070e36b8e8cd6fc0219f8ff12a7ddb7d156d119abb183a526669fb6c69376c189102c545d9a4424be50dc334bfc10d2a87d3a656efb345354db6f1a05a23d4526d6df39292f93358a128d6bc0efc512231a8057
000000000000000000000000000000000000000000000000000000000000000000000000000000000000000000000000000000000000000000000000000000000000000000000000000000000000000000000000000000000000000000000000000000000000000000000000000000000000000000000000
2a1cafc3b8fad6b39b4e93f1bc83b61c78283be8320842fd103395401a84386d7224efdff763c6f18676e428632851901dc185853397ac8c61005ab00cc591b413903af2402e1a04c1428009de429e377ce16142ff5251438d0405fe6f3be18f263157dd54e6d7698b379e49dd0f758862d780e5a8a94fe2
1f85f399af3b2b824b7d1834c36765136429af47e34b52db195a4fd52b713f7c2ce5740787c038296f55ac41822a7cd6ed6c594da24a13fb4c22ef453732d355b5ef69218b19ff74649c351138a1b47bd1b6a25de2fd2de7b17029556e29f22e53132446858e57955a26d220bfe740a173625b1d7ccb3c46
04e552989a21bc81bf8e23defd60b91aebee68ceda91f1b3aca2c4f0900708c6ad32863cd18394908565b841da3140f8bdd82cc6a2472a45ed89b342038dda4163faa5d24f28394003503313aecf38f5d14543685195ce0697c23478fd1e7d12dff19e4e8068c3e3fe3292fbc8ab116002d9f81811c78740
38fdef435b363fa26859cc8ea0be37247fd4025dc5a231d4920a56e1bfaf3fee69989f25e1e37237ea7cd2f68d1af67d96efcb2c61e5603c7ea65fd824a6b1ab5ab1f202ae41c537c2c763365801672dfbbe80faf8c71ab8e2f732bfac3336e68960fc0450a819bf1a24b871a90a7cd412dbbe2717d6dbac
3bad28111c40e050692463d2b95c2e085e4e3d55bc6483c7cfd248647dc1066730050c6afee3572be1f34100df22977e4f06fb41f2dd8882494e4e7c243cd15ca5a4ac50a8bb313617bc0b325c349357a8694044bb64f256297e0f6a826f1f59f782420952aaa972001cb5317c2a1b8232fbd010ab9fd334
117054393bc9a2a0876c88412bf3ba076c6d51a7943a104bff79907162850c31ba2fa3ca6be2dc12417fe1081c231883e6a9a63d91568b01b1d21b672328e3edb0c7286155503c46b0233e2c16f82c208f7be3140de1a9eb9839309f5781155efe824637f56eb8a1992106778a9c6ac262a40befcfde9a8d
33136a2ed78c1a004a0b1affc7cd151e8de578d88161927d401573328af62993320b606167c00a8de67396780c106062eec65886f3457a95b9e5c1063f61676f1b96770294cc091b301bb12af664f16c1188f133c1ef594b5c0c09e11a917f9872e23ae97d229cd47a32276e2173e53a306acabe1319b09a
0736d0ee1937ef03ac50ac78643e9025281624196ea592caf397ac08df3f290003c93fb5398100e07ade74dcc72fa04c57ccc440430586e20bc7a3f5378ecaf951b02cf05a230f42fccdb127a67bc50cf3eed2896d49f11fc1fe1d6da0e2f1f177e1c2897c82da180623c39c50f07649b2981dee48b13ecc
3f3f03b3edefc2d13d9705b1321d2024d5b3064bb444317929957f23a8a8306ee0e19e6e1413b3d39c0e78d080131a4f0e3d1babe2f248b259caf0e73c1b0e038f73b593b8094d52c281c32f8b4b7251d9cec3692d9b0425567416c4ad6ae699f532726af4d09721b71e723c41db0111d371ff1212beae1d
32bcffe89b1bba115771b8cf14b52e0199e4eaa7bf20a32b3d246b32c8c43223fe2a38d9cd7127ab0282b9387d02dc02b8eeec7d43bb085ca1cf42ad1655e06ac1d594b1c96733fe09e6b13c52be8c6b64e3e3b9858b10e0441f117e160aeafbf3d009abdeb8b7702424696d37fd9c6801399fd87c6b2e43
2f9ee531bbdc4c833039cecec16e7a1e81e62ccd0f77107267af88f725d8386944d37ad09a02013808ceccabd930bb0541e332c731a01ed30471cc661c38154035b98d0335ae39be6447fb387b80d993569e215ff8181c9f5b003bf909e96001d8b1fbccca7234df411d9a0ac4eca90ea0587886b481adc5
3288c671b6400662ffbfb4e269487c16ef853fa598e9c0269a3c3aa97beb0a2893f149f97e90d0ad3eced03097023edbe6e3336b609451a6a75604a51de07d64830169c3083eaa8f9c46403a5582c730a23010ad47f4bf1f873136642efb0d342542f303ce998f9d5c34483a61ee4bb090bcb6eb4164e68f
30eb78620f9975235ee4c1a961cccc3442a8a7c816c4c3cff809147a6ee827941d6aac39ac7345605464684d4d05eee45749bc0fa1a2005b77610dde23bb2b43afc8936318f6d9f4777a5b10d4129fe7667633af1842ac394b4c0228b27a0724c043eb86874dade5741c8e32107f3cfd21b4a5aed57509aa
2f5b95ad3a3088d0df5b4071f64140040ef73dc665a9c060d29043ff3a441b98e40b892defa11637f9805145f22f9f9775d5a4eae0d99f5985e0ec0712b5ca24cb32ab510e8c0c228a3ec4323b4a0b0e038470f8533e2d697b9c10f8e4c5d6d7d622a4479ab9fc212b0ac736da482ab6e134fcdae4c66b7a
1ce6ceeca1661fe27a7a3e7105db4e156dd4bbc02346a36b43ca00a25b3a0ab94f6cfc8ac78364c9ac255d2ece14a0a60d759a0f516368835e578fba2b732b92202e5d6073a35da265725e18e8fff43a7c0181d467b428f281411fda88ae744a0ab1e700ad6401a2350458c19b9eabad20ed0945ff77000a
000000000000000000000000000000000000000000000000000000000000000000000000000000000000000000000000000000000000000000000000000000000000000000000000000000000000000000000000000000000000000000000000000000000000000000000000000000000000000000000000
11b3ff65f9764e01f33f87462f8a851c44b2a3b8dfdc63f25f57064c898e134bcbcfd0672631c0c64c4ed8034a272b4e388539e341cf2437b86cd67d3641621276fd1b13f32fa410250a15036383055f0cb802740f44bb5340891d578b7835b05cd054efd001b52f8a3edeb305ee01aa329038bca6924579
0e52d10bb0008052d25efe7474468432a05abd6dc8dae1a4e82ed0310e9103a808270a96497181898bc473f1983124ae11bee067934d7b2b85f90f0e3bf82937bedfd1c15e572a04cd3c813252c06ebb7a8b60cb844ba47431e130a59dcda1c4e190b5e1b50bbe88350dd9f70a90db59838e79b7aabe6bab
3a39d95f548f2cf0f0a6bb86998f9b2bb14800aa1f99a1f55f26fbed54722c1601525372a71013e10fdfcdbd53247996b613c6e3d27eacce02e826c429e54b7a209301c2b699d91d5a741f1745edd4238c52807e65c2c4a26576266ce595207cf7e334a613513888c732a5d332961b2660e3755815f6af72
0d0b9f0701f89f604ee8fcede510c02e430ae3616911e2c6d9f156edf1b33d3564ca96cc7dc156e865a686e9663c3525171d090d93fb9d739206864b1b70af278d84e700091d883b14f4e02d60e821c549b6f21063de404514fc2a822a83a3f99a51ceeb4fc31bf151014114ad6ced5af256c2538100f74b
252075d0bbd557303923f43636d32617d325b7e3fa6a913a987efb5988dc1b3df2c884262ab2a831886a72472f0d8b887114bdf200073a8eb1023e5f2e657811ffcd4cb01c52616f636476093ea8f2fe2c40d133802d6e519111010d8d5b1be96c22f126711bdffce42a3677a332f360d3c51b57ad6c6277
2e23162292c24ea1b0b3e9ecbae8f33e52f0992c670ed0f439fd6a66d7a00e442af9257ec0009df0c9385dd5a71d50d281f8b000c27980acd149cc3a168ef2677794bd72f5f9ef3baf342f1297c785912507632e2350bf686ed214cdb6be2bb31511cdb24113269b963341b1e16f45d3f1a21cb93e91de20
11f50597c7c9ec51931f0893ec74120d057d5b04c755216c8a02b9fee5ea3e4afe159480f6a195149bec3cfb0920193b8a5da0f4b2140707c52a9f5b3fe7bb103d9f4162bdb8fd87b74c1135727cadcce0146180ac17fbc1075f0a49f8b830eec0030c8335961821c126dda2d4cc40f7e38cf1308c58060e
16c8b3e005853bd0874c9a7ed838cd3cbdc0e7d55bae82f361bc947f1f4705b7c9dbd3d07cc1be310032f04aa301e4df3f707d9dc3589a00431e24f53ba408961a9723428d0b892aec6bb837b84c91c8df1d81a47d2170cfcd383bce14282dcf0560105f59b9a39255241ffa27a4bda4522a23e823a79e89
1e8dc61c76eb03631453f37e99524931cb25590d39c772eb55a7b81868231f0bffbba6125081f050c4d2033a010a0cbd0d08a67742fda1e2f83326c73920f55e88b514b28bb2d9d3aa9a5d0f2679540f522fe08f9a52518e8e9723824f13f58f38f1ed2ead3c4ce0a715eb9999d8ab3580efe803d486ba86
0bdc9cc5329239c281fda1fffe9ac03843cac9e23b72f23d2771d98b8ac72a489c434fa47ef03d784a958280763f7c2396135c73536ae98f4de1b84219d3cbb5cb092e00d45da59eb465021532d2f74216bee33b6f9935a265a00138d393959c5a621eedcd6f9be33b3d1769253a80da8246d803888ac9af
2c03acc87c0893212451fba4fc539a3334d79568ae25827c3ffaf9192c3829681b8b6b1c18e16ebba8455717270faf0c3879ffd8517be94860d3a2732684dceb32f8ee601c5fe385cf007a23c8644f49a7a1038c82c302ffab6629a1eec065b2afc2ef35bbdaca4d8e375429f6bc0fce93f25d9bb95f286a
11258f1480521bd1969eb7d2d98d2d2841f6ee32aacd90d9ecd2f8360d03363c30ca0aa18340365b6b23f16a2d35e23184701aa622a75aee876b7bae1940be4779d5f451fbcf72b05a310914fd959ff5de8301edca972ae4bebb2e32b4326cb29221c7588406bcca5e323fe56e245d8ca307d743064bad25
2564a94eb0ed7963caf94def17b086303c25d19f31b23251385b53e5f8d2309752e3d1658f623e3de8bfc560092bc42098b6db44000fcf209c8253df0736d96f3b565fa3c24706d36598c91bcb88f78c5f79000047196570a41a194181a2725948b29af79ac7cd835002f5562078cdcda381e69eda3b3ea3
34eb3ae1b95dd10135fe8f112dfe0c21325bc69568aa4061b610261dd5790f684303c81ab8711214cf821c990e2dcb5e8fb597d4b1ce4770b1a70cf93da38b67cac0e480ff21f0a5f771b333b6d6ba8febf24321c1f60587e24001211027e85e12a1802f31fe6471d1146d6f10a428e98048363a9dbcffd4
331f0169f994e220e8c254f21a634416d52b1893894f812ad5491616341c2331cf8230f51c42b1fff88761a8d40ac5d1f82734c790f2b218690828d02fc92493023d06e02a3598ec7af77606737c78e37f6761af68e99e594231360f99b5011f4690bfc711cdda291b0f191a2fc695965247429c5c410845
3cc9b4e99b3dfc13a45d34a29eafe11b7daf47eed95f524be3f964c1684f2d4bd2b149d732b0fe2ab0dcd6b8de2ad9b7be604b92c1d32e80045251ed371974713c4f9a512aa5a823d209dc33acd179e52a23914f0489b5d6813d185162642a05455182d58ef494008139ca3e4149ada1413cfb82ffd404cb
10594957f005b5a00a8116a77c355b0506c7d363763032cbf2cfb9faf0f33c7396fe9678f012b545619ad7fd4a2e687a9ef04a5ee0b6309e0bf4fe6a2261f0d9d3b735c3becb1a511b0bfe3d26d33a8082c853bd582e362b00da2838255a65f7e0a0f6423cd9fe51b6197bf58f1ab0e7d3ed21761f58551d
1480e065c6ed6d032eeef74f5bc9640c82c92be4a04ef3ad442ea431387c05a2f4948b2577f13d6612b2e7d2250a713f4a582472e39f1d6b878ffd7515638d3cd0bbdce2692b4f1df1c5fe03f07024dd223bd34a0c4f1a99715635dbee97cf341400a288983ca50eec2f5dc547cee83a71680550bd9467c4
2a7722928a15fc325f2b47e5f010c42b198d6085a2cd206af9ac592c83fa13a0a8888ac426c2cc0d1bd1644fda21336a47aecd5aa23320c1c7adf15014a889de7c0e5a82adaf5737f245c426e8a202e1c247f07f4450fb9da66a26c096685e8589820a4dfe5ef891e40f2d5fad05227433da12dc66abfe17
0eb1d2ea08af1723e0f02f3569b1853b4a6fd650b42a92db2049d61b75fc20b59e56007f8a20432a493cc37085352849291bfd21d269593fb9f23a8f21fad5a39ea2db422c74cfafad5f7338687985939af3f2f504df25e76a5b156b0d5e3c6ead00e180df0781965f3a50363fb4c23f833d53748bbc0192
0bc1fc091dc8ea23197d6263b9b95926cebb357eb5dd80d2abc667bace1833c4bfa3d08fff101648c5b8ff127314129c7f5f398991ea158bec878bb520b26901b4bdcfa04108ecdf33e1f4067cf036db9731c045c07cddcceae907af47ffc3ede23393573e6d172305334e699342759673e96e7b5b0e77a5
2936bce601432ec1710b251e8fd8cf2a9e2036c2c8572359b2b79c9e7151114b3a65d5f8ab8208f53ad2de212e0eb0b326daabc733aa0abf3407336012f72a09c29697d0bac943655e76df02bbfc7be00a01c0516623286afb3e1299e8ab2d0be2620bc37613bf0a263951dcc20f81d1d327982d3a0f4b91
2377ade0dd683412acd91253ec2e620dd785239fee86c1e11642b09c06681c482ff0b53c4ce1478b9507fc593000997c4e476556b0df1ad41f7f8a5212bd83887b59d7323138d3738368671882c70a758e0f507ff77b6f1305371fa45670b70acbe27718c96d3e57eb192c7b6393bb4ac1ed6931759e67c9
1ad3274131002842f932e80d0b205f06841f320d56e7d0cd00e182fa2a543c9c87f9002cd5d19e2c8eafcae5de21969c9d2fc8f5429ad236f13a1f272394970b07be8ae1a0ba0a0de2912910fa264060b0fca147c18675f8ae5d10dc4186ce2b710123f4d0c86a963629d24293744ef98036e981a0d7908f
15b34654aae467d3ef91d653dbfa30285e91707b566d50994e155823d734064fc98e8f98aa50dba25e51efa2133b07843439857e502f7289129a6ac42d1dfed12118b8b252d9fe5c82e02a334705ee4c397090d3164df5b49c430df3c7e24cc54301336c46cf1511f71be2220d63fe925266c5f259e44b17
12071f4dc5cb25c21f2e459e1b5b473b4d15cd5e5f9412b3e864599731081c434d636c156ee073559ba729848422962a40fbd636f0b24fff568ac8b01b9a1cde201e4f12adedbaf9d6ff692fd30ee14f78eb921329ee4befe21b1b08b3eacbdbace31e76ebf5a552352069d6429538629285936609503e97
0a8972ef28588e105d001f11413a843316a9c7af67c13073e51f863279df1965a90fcf5daa33b6c2c27100bfd212e07f24b3779bc23a9680ecae7ad10305e86b8649b5a3e6fdf7042e2fc1156b0831031085226394de2b8e4d9b19fc5c46b246c6428e8505aaea7f1133e34b9f7b7212422049d1a9aefa1d
3d171c68d4200a53c5e681df418fe81bbe05cab79d51620b44f4e0b2338c31b5d685afbbce12da589350ca56e13d3a0cacc93d3d835806b8b4509577105872a8c0a853d051c119f8cb132210d464c5d97424c0a5e61182573b0c1791ed71cb5eed101958ce44c490570d2532b701baac30be964c067ccd80
02e445adce2286e11a18042bfea5cc2119ae854716d571b5f0d0863d6bb300f33ec20dd78731ae85170649145411c7adbe00d0435190e02893153e3a0bff5199d99d5b62a7fa5da408666f251c71a9256ef951a02592e3cd77283bc2ed48da064f326edb09d157678918b263ead063eee2be8de031a29351
2b2b875ffa2388c2a9a06fcbf51578003d285ed27bf1d0b739a7024772a620fabbd326650f11e228329b4663483560cc2eecf5a1634cf5f1cc0076093e81802f63aba2f13619d56b1a6c4601e782c90111514182f124ff9b3e8a22ad541d9f7df013b5159821eee1763df13656634c4b339aac3bf1ee8df6
0546a7cb801e0d206f851a13332a5520c09ab9e35e9510f558f1ad51e1b9060fdb3cce9a2d00eb8ece51e3b802196587c4bc6d5e70829c2c371095903e8c94c975e0f1f00fbf463cb9dc6a0cc7b8725b394fb3d3e461bf3d48143aaff59ea3437681948751bc35a6ac012ffd6a11af3bb0d02811ebe8cef1
28cc1ecd02777441a0a5455d3c958826b8a6446f0c5452a91b24fd46903b062a5b23be301331989754892ab2760218052b191cf27371d398111854cf3698c60b026f67709aba997a33612536aaabb30f389c20cc1cbaaf63fc9338528255aca84ac0cba1fddcceddae2e065c58de5338f0a53d7dc4455729
17ff3c618a4f2a018ac12d59c713ee38c666f0bdde46b337e7bd36f14f4a1a014980610fb31313bc04b8609a29108d2a6c5e98fc71712926f2030b8e1143ffc985773ba176c7902b6bc6bf144df6bf6df3dd502e5720c40b02c308c51cd927bc7353ecc20aaa0c37f32651cdf883999c13ebfb6da174151b
2524380190bdfba1df1da6121e108c058c48141a06bd01e777a427ff37ba3653964d22d63ea1e041d7bf3565d5244cd55be7e5145342145dbfed2cc035061f1166ae4fe20a835cb4b1108f1164ac0dfc198c100de75157204ac23529b059787ca8d0474a871e82a3d60ad846d87e5bd023223a26c60872bc
20ee6a3eab229272a787b04fa5d65b2aadc8777554d5a2a9b530073e45d40740b465ff90d730b4118096e0890f110f4dc8d1aaf441674ea1ad2bbedb0098024f905e5993802b0649519f783788c3282bcda682e3a5a3994c564b032feb405224503238d98c6b6a4a241da2a60513d66010145e17ca9c4238
2e32f218911fae534fcf0acbe52171021a98fa28e744d3d7655aaeb7a27c1bad7d2360f87931d6cb9a1ae5b6092e80df1424b0dee35f8fc248e80c2529bff9d72c2c4820206fe138025e6a1babe03e03e2c3839d3c2a3a7789e12821637f01261bb0d0288c1d32ae692150c4b38628f6b3ad2fdf3cd80b66
2e51a916f2af20315f92fbaa47e76d3b5a9ebdfa7a33a1f15eecb64641c9279d09cfff08657241b86eb7aa2124225d3712d4694402ec1d854989724622d22190d8a01bb3a67a2c621bcb520a107104a4addbf1a537f098d8c7101f7cf6b37f404f421b973477665bed3d4a9a796bd530e002a40da6fe1fde
2e9d5e712d8b24d1baa7f05f1ff37214ba11f9443cb85252a5369eb6862a3ba1162740a55aa2b16961a5ed267602dd6d3d85e8a3f2505a8af3ebfcc915cbb4a825caf702eb4a205d622f331600c978bec35721b098f491029a3b26c506640b7ef8e243303dab4b313c0f934e9fa630f50398eb624161d0d0
23f2e2838e14b5a3fb6a499020b7bd06338d6adeb9f6521406d0b5ca3dd124977df8a74bbe035cd7216612365a2c692f3e95f6e553f4b2b9e33138220b7fe5c5b54a3202931667a1d22ca1168040c444fb0123a870f65914a60704111601fad4c9c065de3f66090ea5112150c5636979331067ee9b2a4c43
1724c9636c927e51945309eb85c1ab338f84bde06161a270bbe6a4b913cd347f04a2348a851138b2f420d374272c27e0edc8580071dc762a6f96723d33d1c40d47c6e733f632b2a1f3a8ec23192f5030faa2b16e84575bcfec821c42cc3ffffa9f22eb7c443d8203061b2710e870a9ada3a07bf5a6392666
29c5211054d862108f770882b3373b1f0e11916e3a08122b5d4699ddeeda1bc28628fa63c001b6d7f5a97d04d23af8f93b1eeefd62dc0d890a5c1a6906b5e7130a855ac103c4605bf2beb83026042843f5f8a2d89b787a90dc90369e9b07cf88dae392eda53a13e78205558f9e98e09ab39867a94f1021ee
07ba8f43e6d19280a6124fff3252e62f614785205a5133ef5dbb1a3e43870f9b9ce630357ed2ef30de1eba844030d40d1518adb5d201fb7d006cb78608b5b2ac7a26c273a55a229e727680105338ba4910d9d20fb8434ef25b782f44ad997688d0a042ffbab66a96df08d05403af9a60809599925c17acd9
05134b64d562ac40b83727a848a65d1edda75f9bbd7510696de2bb7dc6ae2fe3a61b8e7be5e01d9e4e0dbc7d092d1c6344ffd1c5f20cfe07fabf43b42b3eec9329708481d306d52e86baf81fa259b3e83393c32d94408c1b5b7e24cdd8dff607651357aeae114d375f24cc31cf6877ae30754723d5d5ab64
218cbf1c7e325c50711c85300890a5361fb6db774938b3b1f86e1b660a5e0e10d38eaa42c3a30f41d6d7cf82ff0414c1ce8c931e739b8ff0dcb56be00818bafffcc3e090d18cbc0e622c3c1f426ea2d9af9481ed79b4972576230e6e156a5d9e39c14d7ce66d5312a02f87298924334262ddbe44867e468e
1ebf9201f046f93090e2c7e112b79c1e1251cca493456127bfd03f7a6b5d2a4fb6ec8bbf5a531f4c64ff4e878e0ed1e59391f7b73226c12d3c4a47742df697aa355e7da3bb621d2eb8b97802e3b4b9b7076261ee88d34effc79b27f8a9a9d624cb6131683ecb00d47d1c294052ff28e3e08b769985bc7d11
18424b5c8c8c3be36891df91f8d29a2a57783d1390acf1783c3fcf5eba38046f244f8858fe836b9bf11fba2ff710c1667460fe6d23f566619a4e31cd2662f095b878c94012e29c84fd663223d7c343428a761101584257b8236906ba078fb23658033166ed0882d09b05af97a0e32ca0b38b9efeb5412b16
209a79f324bca9b15340a0d5e99dd00baa64a5545bd4023ee4bc30e53b6f31ccbe1ad7831c30aed507e0bd6c60370a16647050d972cf9bbc20fe6d192ee0638ce719ffb07bef2bc660339125267ec695a0ac13bc5a863ab6ed7e29f03a3f004174839e44267c53f46a1a9a6f80f3462991b5769ad14f96f1
1f98b55dc82be8b3d27c862511aad20b93b0db27bca5f029682edacfe4a22531f39fcc7aa70138f640449bae921150b3c2db665f3089f1bc46a9490313edf53f44ee07502448aa166ec5b30ccc9a8b73edd5a2be155daaeab6602257e5a8cdf18f23e6b4590fcc956c385afbb4fa6ea4f12dc81484b5be44
229b6ea4ea7ca9e09cd916c0ddb99a2d5e00838f3cf163a566f1ad08f0ae05a4a9c7d9020d92adfa915e12b1881f41bbcd74499e71bdb432b6791cd717a625ebc2e08711679b747dee5b54286a9a4872f74160785fce947097c40c0a2de643b54f515d8aeeb100e5052431bad711be03925831d76752cde6
206194167d713472fcd049d09428c40c5a25e15ad7e1231f2c49e43c429900354656bd3c650179cc855fd42c9a3943a9dd4b71cee3cc0fc4a5f33cf5181707ffbc0f75700771921d7e86f82a4cf1534287e013b14b63c37dacda33372c9d6216cb136a2f2cc58f697d1854795428da3763e9e00c37dd1b9e
0f13600aaace82f3958b1c139d577b1c04e68bc2977a12b11593457dadeb03c0088ac690ef9051d7f38e03e3cf243dfc0c1d5b1cb23079ba71b190a904855d9da18407c1c9af2d6caaca673141d0c98c4de92330f75fc6e6602a122ded60e92db3929f3587dec2dfae1038468445408ab02a0bad16570918
244404c2dbd05333458a9324ae635c00d4bca51a7dce91339b0b38f36bce0c3b90a532732723454cc3aaae21ee0f8401035e9cab72ccb84dc889977e384be69b27d0ac338860d7563ebce51f3f8220232573e2180e665ab232b513e2170f5f33a390ff557d925c88cb38d5d0dae409b903abd14642866ef9
0f8a3b8683797a736ded0ee995dcfe18d3937c271c57e11b1e4ba22006300c60b58f7c2aed31db28f575b9bfd729feb2bd92f5969271993744599410172216b404a627018c5f4c6e33f5263730f8bf00182a902cbc6c8ca65c543a958dd0732333a1ee5c0b7ab0263205a768f62ea25e61771f91c1779653
24772184b73c143028608e6230d1f33abbab70674d02f3c7f7dd7ecee1493b682520cfa518a10ebc67de0abc572c285f3e96a25d7166682311503ddf281a4c0d334916108069eaaaa2586518adb9e4188a62325f9d1af748b8051e5833a8a011540088201cc34160443ad60a8f4cd761126f6aa03fe76f72
2324fbfc18f34fb265f4af885a053817a1584406c130433ecd9e8d2b26e325c1bfe5ac7ec9703e6c4e5693eeea13cb4f959f3bc02220cdb4e08e339b26c8ae5e5b63da119ec5adf6d9e84a2fff2a7fd25e2f20e0a53ccbf3895d13e0c74cc6eb26439aa6d35fb039a31560aad709f3bbf2889cb4ef992cdc
1107e0830fa78e83ed0b52f875cb8b1e6eb6c6f7b49ef0d1432b620fa84d29f02ff5a51d92e174042471c76e760dfee289f15a5700ccac08591bd5dd329d5fa409385971a0f4db11a6ac3728bb791b883c8b9349aecef03d1a1d3257c232da63d193238f2a464785153cc77b5fc0421a4284e19e655373f0
31149dd3b807c7c2499c37a2321b291cb268e6b23780f2f2a389563d85c73407a31c21e62e71594bdce176c8a60aaa9b67024aa571a362bdc26692db14192f7cdb4998b1807c5bf566970d3ea58d9ed6775592f78a12c0adf7f5065075ac5899281136b5bd33adc7430cdba3032af8e041dfbebc24334a88
2d207f4ab39fbf0255d7e0e2f2b3dd125c847a5ddd1e91d44190e2185a4a36a4aa7de921ba619ca60a1efa979329d76c88ddbcb0b153acd09985227223e550d6bf079ee2c1e0cda2bc5e33164564c0904f13a1270ef61c8611823a89b7d73ca09b021ce586fde1e9220c259220b987f6c3a2d9443638286c
1602e37fb924a64074fdebe4a4d42b3d570d92521e1ac3cc140d0d485972233700888c71f9502275fd6b77dc5d2012451c25d405f2df5c2115a62bcb09554da37f5ef490e1dd41e1ca9fd22312762e3d8b057295c36d14761b1812783117e9aec43170e21243f0f28d1dfa77e74047d0a38a973e0e77bb31
127123a8de4dfbc10b77ef874af519235f6c6ff36acf40d64f475398f3d006933a106971e640a87c8605ab845324f9d54cc06b74e1fcb891c0cd8dbe06ce1149aa4dcc70a37f6408c740c232ea39bf4e7749437b22dcc433bb7219b2a07efebbfa9035a5017502bf9c269ef7e7eceaed90258cee7648c1be
008ac76860c1b3721bbc84cb771ce008e07e28afb9d0d17d14ace2a21d2e14162fe2f04ae7e0defa3e999c3d9f387c57994a6f8b73563269b01dc08a3e8606d29f56ef617a99132e690ab52c6b207040c672110315f06afa9f9f3681180c1ee8bc121727209095678527cb719625b053f1e3d7af0b27c353
21dda63bf007eaa0b7cbe26dee9ed8323eae430600fc02fc71c1b778e4970f097988d3956ef0f931a5a3a48ea9043b1e45b559ae33806fe221a89a7a0be95e292b07fc51751a612d555ad42a5370df356598e1f98697da6593e81f25f675b9a13450339e613689e10b1ef83bd1d2fb17e062bd38cdfd8a9b
172d46064e464d7295a49086c8005d1a62e9534e6d57011353a1ffd49d70002a36d7da4c1ad0fefd9b28bd502c1e4328fe981fb2c2c3c9587a087f502d3f58425fbd107148b3de10d4d6861d76b2d834cda7a282cc29de753d522e6bdbf25f32de822e89576aea1894313cf34a37deb741bb16260d1791dd
171518cfa668c58288a697153e2d8a0a69a6b58ad0c870db875ad56e21582d106121526fb4c0641229606c3adb0e80d98228eae541142be7520f45c937d8a17ec67d87b076c7708deb9e8b239633f8ffa1280051cffce79bbc8a34060cfc94d7f691afd94fd1aa1f0a26514a0ef8880b02b2eb3e61476ee2
21757b6bbc7621a0c8a20a0cdeba6b17a2c0d63b0e83631d8b56d7f856fb03f10eebe72e20312361284e839d0d05cec515bea8d9d1cfde03835931a9036b1facf6f977f08dce85d6228cf93abe64440c0af6a3625d263aa7f6431c513f37d2c840407a09d7f4143dc43e168c8a6d8bf622ac67a4f4fcf89f
3356c0b84b5ff130d7b4861a973d0332401b21f101c290359e68847fed2c38ce74738c17428322da54e783738a023d4a5c6c7c2d738f81b77b4cb32b166d96412b8b76f2ddf708bc5e7b07365bb9f75d1e5a0145099661729cd01f9a744ea6b3bc1010e27e435def1f2500cbff72c483d017df5c9f41165a
29b44038c052c5c1ef6f52248362100c6c0def2ed68d339ae7cea6fd3168137feabacb5e86d0b02496c121a99d13ee6f1fb5ac927218ba76ef06acce26ef121dda2091d3c370b6f8bb482524018649deeb8fd1bb6edd4865aaeb3277dc16ef4f88917897ad2d9e77c5280440c1d1662d22b6cba03df08771
25b9953670c0f3739b895f722b7bc11bb20fd9cad934700d4c89b810bf89378817e9bce93a5039d584c10f3f783f258feda657d88160d732a822593212e576b4175be2c2ff7cdadeb05aa03fd4ecdf2d3c78309f41604408b9e5396f8f1c85ee7ad2ef1d486cfcd7c915b59f0fef4a6df2fcabb3acced3f8
19be4039a9ed2f038b88303c49648610316887b315240081f7871f2aeeda23edec0d090c2ee01cb537a98a1907396c5da8a4eec4c13c391c4605537215c86d242ed038516d1c1ae56afd7309572a9e39ca55435c53de5366a26a01919b444f5a201019280107aac7ac2f2f4f3c2abe5840da240b674523ac
0360454f175acc63ad0518be01b73c15fe53d876a47861cffa2a905d274b1ed3d9c31a64b330c2a5e504e67aad0e058fdcb4861e325beab81e0d714c27be6f1a5dba12812391f45110f21320ea921d43f53613a1cf199a2fd97b0a85765e066af1838808e6a13fc70d087df9b4407fb923a74280fa8d9ed3
095235e8b9a8504153fc7ee3aef57d01d6ecc327f90f7121df3c5f7e3125211467748e0d8622222b319da4d1cb3cf3c7f3ccda5333f0b9b17da0d0e22b549c3ddf480dd053b5ee7a320bbe11ac320dd29c9711ab906aeef6eeb33421fe96b3b7b9620aa30970a9362a1a613af0cdf6e6730ab276a8d0fa83
220f96294b07ff001281864071ed4716a9e1ba6af561e1a290f4d2c889781a4cdf75f05aef517c37af9c9897aa3e9de4a67dcd3843f81e810f0f59ff052179302828f5300e6021b5b4d38a34af1f0aa8f8ad01830133ed7febe41010ead2acbf4a81ee3415fb1958be14e15ef337a1c58225a568ff7a14ec
3f532c5e88e15371597fc8f0d1ba743584927327090560a38162f8112b172d801a7c33976693cbf6f182e301480cbbfafc875e253115f2a50d2128d1044c1b24adcbf1f246168fba9b39a92231f13887ba9e2340a5dea7b1889736611aad85b4dcc3e784d71763d2cd37c4b93c2507fd633c69961e05269d
30494d55f73d757071c682981ab40f3b30e890aac6f061038a4fe80d67153f39f6ea365e13d1169ff19ae077d316a75d3cd63864326020302722421317ea60157c60a531bb93d5ee425b7c34f6c9013590e522a2f415f24280c8362a3e1118d358f38b5ca15685ed5d26af57a664c0e9022cc0457e5c1052
0224163eac58f0d280f3fb67b5bb6d2cc22e688e8f228312e1758a75d72d03496b372e4ec053c7302f84be052d2ab14ce7d2b03e13593d44afdf19652e3769c260272d129852b4f88b301e0aabd869ba0eb1002619e5e59d56eb22c257d53f91ea2131d84022745b4828d511b8e916afa0530b67f7efa645
0d934e85f6a8a1531b1922f5ab78111fab629812734fb3270cf43f82308034f0d48993221840262b823f5984a4361a7bda6d428df2d0f43ed1f2684a09426b04a080c0b35625dbb56542901363df8dc1035da17c5b8d7b4c732e0bdf486857bfc62120de8b1162d17b2c0b56bb87732272c11808c2eccebf
01164fb4070386014b19656b512bb5144b1279a25a457178c2d0c0eb8b10129203c5dc594f1045206ee39acfca1a5fe9e71db7f471650fafe3bcbfc3148edcfac951d88180553eabcb39c70375d62009217c227fa16f1a6003632f09a0c9c33c6131882b7116df55643e1fbd7f1c6077b3d68a014cf73ff0
340542480d543c139eb48d16ed45c735aafb73982abe92bae49ace4ec62d29241824b56bf9532e4e770af833da14ab08c52009c7c06a7ad22e5e5da124e8ac8b4bcccad3738f7f5a4f1bb5071f12c8e9ebb6c0380f74629f29eb06258c29318c8b41e7f471d768cd6d1f7217a3cfb46a1197043751d2b662
07c67442745476515b2bc22143ea8615cd6ae914912621471f977386452d2c82f1b38559c24233afacb4e44a981ca9fb46c7415ff2fdea3e69af1f540c81edd576760c93c4cf3047e0bdca0cf0bc443a436fb162446f7507015e37b0551e28dbb3a005005bdba852021afa5e71ca1c8740f0158af416932a
03262015055467d34a219351ddd7a31a33ec24635ee1e044a235c57983992e06bc8c893fd0628b57a2825a3abd1473287c1d9747a3c8fec5662ae20413ca61cdd8d67253f179974d3d0b28276987a8193f10e288177ba8afb7461dbce84d4561c5a3a767aeab42949d1a3a007c758f83d21ea5926becc6c5
09d75e8088a7846137eae930ed831c1668c3052997d080cd70ee6611a143268f8cb18e3baf51a147c4eab92cd31f4573c93c099920976e2614d1ac5203df265a2bdd2d11d9e56b24f06c673d79e0ceaa7593d380e97aa26393800945b0f00a54bc022727fa523269f61237f2791e732e42352f398f090888
229a5c91e5c4c3406320bc82cd72d61c82d04050591052466d6e151fdda52a4bbec8251401e2793709af7e334f1e2a1630ecaaf941d9e8464ed1c8a70f88a05f4f66897126ab6e6374587c14b8d45f63f52ab0ed7f6603779ebf34e4bbdcc8beeb60b5cc1a38b4b49a0ce3b36aac857b72f758ac6f76677d
094d5cde6c055c738a0eccbb839b6c00eae2e78752f0516578547c88862f176a6ddfb11b31b2dc32408dba661c238f405ff5e254338a3c5c33da68760ed21ed7bd950b91234c5631f7d0e6353e7d10e3abc852cb7d4cad2d3b1624fb4e162a2493f216cb1221f1590412564e4330c3be93a422f614c0cb8e
301c837ad9080e51ab1e9e9f5c6a0c2f2635ac31caff725ae90038c5600234d8d007911004f190e974014cad2227e38d0a72a2ce33bd35b58764d1273c224a21bca9a0b04757092effb8632759ee2c8dd3e3e27678577041a36026e4223c264e3d40ead90053cbb9b91dcb37b45800d45222fa892034176c
367add586315fc238465f3cffd9a122fd5d5c5ea122e00a405d8b4ee57fb22167650223eb5f1f2b20fc8060ae5227d305de83dbe717c3a04929d8b472e4c2d4cf59eb2c01986a93d0fdf980b820e7523de0a814ec650859da26f3b709ff603dd56c3bb56a9953513af21ee3f487879a612cc4fd8b9b465af
3384081de58decc2cc7b932572b7c21a0b6b8f3dcc0c435b9cf18382325113f549484b6d2000dc1267b0851676177ff7cf450fd3f0422a6adde18d9418d62ee64f1a3590db10b78b6c00b2113678ac6a9db19391d3634b525b2b1c50d968ef6f37b055c306dc895ea5274f6e3e5ddcf310875da3f375cdaa
309e54d6808644d1a0da24352f03882123746b158d16e098738cc10d872619672b86ab6ed782f14b5bca31ad3d003c64c708fe2e722fbbc77222e2ee14369ff90e1cafc2b54b61223352ed0cec5f046bac57530335d106b8ec663c915087c1e09b71c10c6e616aa9e3032b761a3f39fa514a4208d8129893
33e050c587576372e83fd32752d5a806d889a2be16a6b01b95771004caa212d576a9ffdcc3f378a71437684ed528f66f76864dfb830b69d81630cf270b313e3fecd868e10e49b05d51c2922a08a5c603389c9001bbdb530db93623af05a8f1e86e71a32cd347e8fa0b2a4aa13d3bf31e31bb2c51309a4e0e
049d6c1ba999e4005f239e14f4436a08b4c69c3260cae2e3c4f46a37162e2e17cc6bac4074e106b1adf0a227e714a500f16da87d33a1012063f92ba109ac262c34f01cd134b59cc7e37fd53328df78929c602076efa7dea1064d3f439ab541ce3ab1c425495ba6a63d1c6e8f878a95b261d46ef8544e1147
007305bb4c3b1f220c7ac48fbede911724c58852d4c523d1da7d7133f22e3b10d83f661eeeb2b6240656babd85329a691093906e3115a48ed558b40f1039e8ea65c49cd1b89fb3970af85f0b999d510183c7614e07fa30c386051594dc0465e521d3345fdb9c3acf05265badd6c34adf203def02c412535c
303cb4c86620cb4047f510aef5efea273723d12129e9e08aa7070fdbbcdb2d9699c953406182c9e38887babce028a356a45c3c07927b379a9221d5bc39ab22604aa14dc1ed1b952444d3cc0cfc0a8e793349336840ebc2829efa1715880b3fd2ce9176489430ded13e2ba696612d78fc31a06a144ec842a8
1106fa6cf2c572803d4fe830cc727f17f052b5d309904200a1f74eea2670373a5b2e50379e629b2f38782291b304a116cf61a6c6b201d1215817d7b409cae38aaadfff80de1c233da5191b1765c354d60389a0a57a6c5bf10193385d0200a25ab732c5d8d8e41846aa1f8bc666130f2462b0ba17e304c312
0242b15d5a2fcb40beb021c2f25964111e8d70aec64b829140396f9dd3e71ed83ef1ce6fb2f1cdbcfd812edef224bb258a9eed89f1580645ce674d9e0daeafba4fcd3ed17ff26243f0e2093c171cbe39cff4c2e419e64799b4a314f6af1498735932d7c7268fa1062113b1f249b0f237927208f4026c6dac
14fab53d35aee40356ff7b82222a25140b771d871c3331dc91fc22009d462f4545cc3d6cef8232014a357c30703a78662d8baa1371740e3df8039fd104673ff821a5a0631db94bcebe6d1f2ca5d8d295e86ce255a40d113e247a1a6e7b166b89a7f3d9137469615fe426c1d5550ae62ef18782189752b39e
3cfab897cc3baca175fa9c5b35551237d8cff4ada6c470f2bbe0b852f69519e7887318e690c0099e3af9a1a70d1aa333ee445d83d0333ad48017fb1c2dc1e0b2c8ed0d437416eb35221d2e1889226102c4ce3087296c4382ef4e26d4d3f1b8d164110c3321422eb4ff39595114c820f1d07c73e9b947a953
0fc568f91ddee490f9aaca7565f7e2168ea88fb8ef38618ceec6e5e309062148496062c735c1398a5e37339cd512201df60f9b9b83fe21a4dfd5a0d934233d56046bda53f051808fd972f21e81ba51e1c14f317fc9ef70883cd03aee57175fdf72024cfa9b8e5fffae144e294e69c094e301d66ff3e87b9a
1c3b9ab83b01fb52f431aec0a40bbc301e113aceffb851cf9810fa1838883c1f632e5cb836b1dd7de656a3198714e9a5b4ec8351d3e8f675bbb3f4002d437b53675bce1358d0f52804945539a658f6764e2cc3728f798eb705d33558e741be6861f1488bfa22b257de07ea794c885a6b801abcaad36bef4a
156504a94386d4e28497843a3c0e3802c1ee4f7071bbb09cdd9a7a67a2fd2218babd1b11fd703c8518b3f89b980e63546f3e62efa25eac33fa0579f20b00a45b85cd56d0d5eb86b0ce88d60072921d9bbc2520504e9a72bffdf923f229c3c396fb202011088858ba0d1c48f467a14ec6d01173daffd208e2
15ec332aecf109b11cae881dd8429e0ea2073ad9a3a1105e3479d36cac7c1b19c745717d3c607064eedf2019d1196e0495242981d2c9ea61d638e6122d996e62d884158305b0c3e090336302ee08bcb670be11cd1df2be450b730c5be8fcee5d1cd078194bd70551092f234b089d99731296cfbbd60a6e51
0f579c985770b171e0390855514cfb281fd7d51b27ea52cba2cf046e6a6611d8260be09c6d63a30331d9e9e0af18fa6ab1e35df371aad6895bed896d1c9be524570bb9105bb7596e9a8f640b228db15910a2e12f8f231992226a106ffe350de7f85256abc3008481e60b0c1147fe99998252656701ad7951
15ff048d4e3e15b0a17578f400473e17e67f73f81bed30b5ed4dc245c00835f8877430523d21c3b901daa77fd03e36d8933ae01430ab0028852067b624a4e6feb85aaeb1e4694cec6496bb153496e9aaf21e3134e7b4a16151c91a9429fab938628389d2444fc327322cff54e8a4cbdce3e7636ed0591ad7
376f08697f9990f1325ceea1f395c509304baadee3d3c3388fc1903994763383bdb4756a7141ec4afaed14f4041502d3ea1e0509617f72ccb9bb46521f28f1626fecf621354a25ab5483180c356abe4278b68308ec2c7f95c15f2d8fed246e6f1de349afdd24ddaf0a2cf420ada3e52913624615f354853d
2b405290ec4920c16bd457fdb6ad813f50b8802fb87b63a9dc206708d1d30f90779c56aab7223bf102fef85bf8154b102b8045e4c39e15bd6382a6b12146f03c54411053d89c7c828d3cbc26fb576398fb0dd225e3fff70bd12c0850c6ffb28bfde3ea39399f1779a40f09d26b53a7c511b78997338fb923
03adb8b09caba102556f4b49d10c1c188059d452d78cb102ce24c76ab1c9393e42345ae818b3a9b79e2ad19f653845081e23f601610721b4c88b3f9803c33931c5469253b7b6047870e0ee36e1eb0db621618185f90909bad7d10e0d144df7e339733de1ca86c465342c982d11c058c1d0cc1de1e9757947
396feffe40b4004191362d13a1587217431f95ab27a60175702fde5caf5e086c132a192a3491fd39ae509bff2f12531fbb74ae02919bd0c4b3fc21022765bf0f9c7247e0e5d450d3bb04111bafe98d7bf7221329a662d1bc7d8a35014f9655e5a18262b2c44db0e0642f529085464c1c12694a55e3342b84
1c7df397498ac2f15238e3822d507a29678be81ec5fc30c4318f575c7ebd14f7e38b85150b33589e6635bf6403072873e78575ec1198a22c21aa32fe35d3dce1d616bda233d3291cfc192819479277c5e69091b057ac377d06e239d4a6fb1283d900a866958782787406058245451c3840613252c49cf499
1a6498eebc339df1bf835833b77c3e346c1b322489cfc11a51e80dd70c782557169add377c300515e44e4a6b7425fff5062cf83ed268b3258f5a353222a7d5cb0480ae024a68911139613e15805cd902944f73cf3bf9b8eb64ae2980a950089b7561ea41805d3ba35836eec18802944a032cc71a779938fa
0ea7106b60fab2634ed7095fac703f21bf188c83c38733a4ccbf247f400a1b73520362e9e2903dc11fe56f1f2d087455cadf208990494c7c70c4c2a416a06354a9bbca0364a315f93211b816911146fea53fb218e1404a27bce40f12517757cdd430ccb860c91b610c0ab62d8f5ca41631b47cf3547d1f6d
3dd5df63a11cf6f0c50963ac700156183eea1a7f587bc3cc3b10d70547650ddc702182420fe3c8a5e5f7fe3c5a2c2f46d386495ab0c0e5fbe56c4f902aa1090969098530b6d9ecb186279a042bf5afdceb09e1a8562a885fbe6e07d098af7dabcb70f8c9e7662294161929fa9abde5c610097583416aee63
08f4b2ae15fd591136ccb5997117a6051fa689e14dca22fb30282992e0a01af233246e1646009d328fbe85f341288615979a852c90cc0f23a1934d721396ac336fd3eb70bf5510583467342448ce4650719ab2084a097543442831a7545c5b8647837ad60efc892c7b372adcd5c4c5077136cd5460fd22d4
2021adcc126d0523cbcab729e9071c215fb20014252e222d1b8c5487f83226ad75d7aed3615297c810e805c1f52a13b1e77c0640b0c41809d0a4bb1511bf41f2bd988d11f6869a7cf5a237130f2df9693bf3b0cf6891287b15aa10130316391c70e380402874cba0c027af2f73bbe768f023cf7617ac2516
2688851cb8ca3713c8a0ffd2691387153042f3a2bd0832b04598284345f93e32503ec650862316b1f239f7410d02a25f1cf7921ae33a659b95f71947189d358f28ddd313aa3271a8a81caa21dc27d821f13ad338fdb416c47d1b298e3b99b66232a02ee6324218654334eeaf98bd36df22cbaf81d3cf2d30
30ada38deeedea222f220c8bfbb82934e58942a70266605b116235b9c35c0c01d7a9183ca361600e0f81f0af5c0a74766c135a038267c346ba1ebdba17adabbad971d3402c4fc891b683850e6900e5204919f219db87c9bce91b0299bc041dae8e401eecb614586a2d288b87f7efd3935031051f1cb8e150
13371eb132d925521a6255a642d2580eee3716c6199020a907b735cf55de0c3cfb6632bb6123e6c9afabdfbe3f2f6a03aa00890ea10bf27cc43b245703d39ceb68d15360001927e5c709a503e0e0addd2dde31bc78eb10f971031aea84a1fee48160131fedc77b93f318f7e679b0741320a8b5c71f578e89
376be5c1932ddeb3b607973c2fd48b156fcec4e4e22703303275d4d550871165950ab7ffb0c1d522d47cd7e4f22e65fbdaf873b662222f093834f4df0af726a8a45f529061e04c31870ec51017885ee883b7536fcc5045e9e06e0391eb3ffb994e435cdf08ed3afa6b281c1f53e80c9a80319f84ee6c3736
2ee53538a7a5d0f0b82c7e419f29f13bfe2bb06a92faf008fcb82f8430383b485a989c4c5fb2b8d2979017d3d6226da1e6b0b47b625f5c1ad48730e305a4cd57c22d19b3c66e04828340cd206ce1c347efa411690d7607c6a197292c6caadd664630411000034d161c1612cf5482dbd1b0b300165c68faed
0770c7b6d19bd430d7f85abd7accbe11f10418f07afe11de599a6c0b359c3ff9881ec13f5b207e4e4bd1c42d443d661028312cdf13e765f858c6697b056a7a3a48c85bb36fc96405a64b8100dd9f383088ea71dfb324ad5459f40f381d8f39f57162437248509c6ad72f3aab53f4d61e800e019187fdd802
11cec199ff2214c0923f2adfcdaeac067371e3576bcb33c8accdbdc5dad817c7694809398a63c0d3cab872e7ac37b608fe5bb920d3c4c62cca4f68a402c46121ff43c75147ddca2818b5992897e98a9ccdd8912b5025a71fcebe2c674b19ab2c44f3983c92558199952f7e9e9e6e9cd641e54c857f81238a
1e20f0abd64b60a215028d0a7ebd1c22c346270bc0a83276b98effd057ba3da02d3be47089b05842acc2b1cbb621f7e81cea6fa7c0f7c551c8e0592e3783055243c37ef0829fa6582c6c4d1862dfc0da7a5102ecfd87b1aea8c700b58ddd9882c2c20df2b71110b8c80e94f51ec5150d00f96102f6d6860a
12ff631b7f195193da74e016ee1eab2bf5142404c98203784b58ec62763e16ae11c43516ed711d7a85ef0dff9116387f34765117d363934a8a723a9e13029247f6fd9cf2118e6477dde72b30524f58cc784813d62a6e055b1aa00051c5d9f1fc22c2eba4f4aa351daa0d9eaa1ba2f2f901691472ea062753
17ebb7f0fb43b4b0bbdb80f446ec53220c71c66ff8623212d82df0e548541b801421d8a328022456a1a7e97abf3d00d2f1f59f68210b904cc7b716790783908f488e2a23c72feb00858cda30d89f96290969a32956b9f444cb5d1e2d4272883c28718caf06287a9a2b2e0588440186eba06804034c9d94d4
2a87f502010413d012db54f388b7913b824a891b7f2ef32e974e296a705a1b3868b7eeffefb210c1f8262bb965043840d195b0f8f2dd06b7642209850ebf92b6348d08d18e06e089a7b8fe0d48cef91bcbce0173f60ad29d50e71af31b86e638d6e219c20506a99bf514e203558abb7e31a512f796839b68
3ba7661a61cfe670e0b21b89e9df0e1740f747188d4fe0de8d67e1e0042c27c0c0dfc437b122f7583a9c49f3a53d77207f3a36aeb3dd6d98aff5d50f332aaf50ef8e6673bd52fb371085e3175af9f52b41043322a5ccaed1c55b34eaa128ea9653c20fb2a9e4d2d11e1caf830cd27074134e49a092f4f2dd
2dcbcea15f16cc33e5eee0ebddc03410ab4d829235f122bbb9017fecd9b62ec56aab93876680596ff0b6a9434e36d27a04b0851a939157de814abafa27230993a9cb59033965b95fce01c91f6738dae9402af149ad6ffc2ee9b62eaaf5f05ed602e2985b576b52b6be2af10a1c69cdb5b04919ebbcb59e4c
322fcef6b2c140a25f67aab85d23ae15257f548a23109055557b2d6fcd2f3f3c3f48c1884b10daf8dca548c344399241c56a5fb631a06f86c41feb0307474ebb7df125c073ad0145f29f99075e942a3df10ed184c42c846e70563c215ddbec4b55e38cb93eed7973b02ed42add038f4bb0ac28266524c785
223364070c5718a3dccd88ad2039f82003e84f90a26ca27bcd320d35b950209cdd154f252ba36bb05fd8eecba337a261d271293221095c9f38b1adf51234e0aff4960eb2177612c7c51eec0efc9578b390fb31f7c9036128d9ae2a2e6901a848cac2aeb40e176d4e2b0d5f6af5858783e3a80c838b807193
27e80a3461398203320aa4f10cd19e321bcbe6591d4653ba2db1c3c525b9219e24be016e0d62b5e5b02471b1b01fc6e633b4c47a001cf761e4c1fe972aca16ad484976b1fb8e53f41887d21877cdb83e3da4413fcda08858b1c00462a3b3d68f1db0b04b6b048804bb19b929c6926741a2ff576030f1a5ec
000000000000000000000000000000000000000000000000000000000000000000000000000000000000000000000000000000000000000000000000000000000000000000000000000000000000000000000000000000000000000000000000000000000000000000000000000000000000000000000000
3147daa3391543a38c049d7e4699e13dc5c07b8e05f6914167fdb51b6fa31310f5d1bd3b0e20e631fd571b9a6913aa020096628520b8214c6a062e35122c6fdac23a06e2b31f04946f4dea2044bd2beb58df81215e1022fb8bc8208e728a2a37c3805557e9ec8fceb628d55a51bf3b68d214f055cae29715
041912a2ae6f3633fcd02edce4c718034c14db71ddcbb34b1fd39888970617397b86ef1d89a0985eff07a141c200990ff803149ec098488c1c1b078a13d4d9b985e7eb93e3c852e27812493bf5e304dd5c11233917f930353de92f0b620b270a8ed2e3e1dedbe5af340c75379ba9e51901e05275757926d4
37f46f2dc77f3402cf2f9f0d1564a91aa8e21919c885d3c8b7d0dad9a3b2134d0750e081ad2368fb22f1bf58d8112e99c3d1cced4215f59201b316a02de1e9d99bbfd2e1d42f09f8dab2692c99791dd215ee4033a184b317a5f40a4d1693b6fb150341059a5728ce062d5650597e2a1ab381b90d5d29bcb7
0dba54f954816ed26e61c91d1a52a61f8f44d769a9f6b312e839fb2488961c3f6b39b2dfe6d1a43caa5df004a022754471be5870037362f2dc7cb48e162b6af89b8885b2c0e52379bf642f2e9c27b176bb90e1f9fc7ebd09147b1ead39b22f26bdf0726ab77be651ea23640f8d0bcb1d3220d524d20631ec
3ac06c499b05aa9378663a91180f5419e726356292ee4223eb9a7b82a3a615cda80302abc26170dd5b08c261fc3c7710f97f4b059216978a0eb9618c1421107cf5a649f0eeddd8407a9efc0ae858a6a046c7937e37e67a6e1c8536c710fdd5069322c22e4fb3168c681a7a9830e125c0e3afeefeeddabf2e
1e765f8f4d7217d3749a709371a2f41dc29b7ee8e5aaf02ab86c77e390ac149d02174a60af32c91274bd6fc3fb08c7c87ee56a90006cff7d7a3732df20f60ee6de3ee931821ac515b8c9273a52ca29831e7f32650af1387df18509ea79c46ff5a0f33ab380f80558512f659d9b9e98f9c0450239ebf1ab33
3badd03081d40ac06009e552655b013ad948d95f7225d2e1479a92a62c531d5b34b847261c72c2145dca94c5c91077df7655274dd15a5aab223ab6453970a86a50b4aad1935514b99f0f913f82ae0da793578273751292fb94d7364d78828abe28237e3f10c93da03e02eb8c5f5cec07d0c0bbc17ec8995e
2c5585187ed7cda0c8ca09df23521404a4db2f2457575219982610abb8b834db7c8983fc0663f3224e2b52c38b199bf4de476542c3ac92fc42045e5c2480c31c3b6a17639f4e2fc928cacc156807b0fac0313023a92d9f06c0050fc99224551108f1a20424b72a767e2d84d1236bde3830d95773e0f2e5eb
3cb00acd3fdc5a315d1328a4245a4018f8a43d670507f14b383820adc1d23ecbbe7a9d00f9f1ae3bf851962d651a6b45e00ea9d771d7020ddf3048f6162c12b5eaad07510f42c83567610508e8af58e5ae8f51b075b604810f3939314a1d16b07922be974e1722cc5525eaab0ff10eb5111546cd6dec2afd
2cf1fec3761ebb90e061e563fd428924764ff819f9f4e0010f4b088507510b3e6f5dd5d2afd34d5f21a352d1930b571dd6cf0930901cc14f8134c86e1259050118139c338f438183386fb829adf2939d8dd1a00fb61a1e3674871ca1b134f3ea6691edfc9a611f035e053e169b7fd94ef147c2f0891ae862
09b524cec77bf083d9b62be451829a3934f20206a181f08e6f3caa0e58a404a95ac26fffd401872e9cfa11195526b22dea446308910219bf88109a6b16f26fa01a5466d0e5b273064ba856240c6e08dca1b342fa9745d55d13d30aabb16f16065de0916dd9e3b7d15428a4d56b1a6ebc820c8b266e039427
3d8c14f5f9c4bf5128df27b386fbf919596ecec3640f4133b32a17ffcdac3b8fe9f9585f93b3bed34481da07f300b607a3e92b9012cda3134b2fa4831585c8ce104216c02ff1fa062bf5d0346e594180407823b7eb0afae25def32229489e37c5bb1e0d0dcdc9d30fd138295d10b9f6d52e5a5e0baff92a1
38ab7b912bfd17f0892025dfada4590fd14afbd33859939b92acdfeeb25f1ef72bac94247a7399eeebc2c3181a3e6497bcbf8a1fc261d852913c365001d500bf0a7c83b32bb87533c794cf2e9e531ca7eacb42eb4a65280961b32b6649b006a05e900a2ee3f8121dd22e83efb7b86be490bbd597f3c8b878
3f4ea15d0a1c1531d75d8844ac17142de8cb6ea7a821006543cdb32c5e760940e0fd0f79a5a0b455216abc08382ca8d30494435dd21251113d48dd6b243d50c220764f507563bfeef4df48160cfd361b7854b11cfe834b20cfe90382c311d38140d2f4006a755d9c4c0ad63b22b5153cd38ac70a5722235d
00ff7f90f599bc538af85866d9522300009c1b1fdf8f22d5a2794d1d385700cbd2d74bd33961a8afa25322977f230462f43c839060b75fea21cd013720122ba93393dd50c0aade980d07592648cf506b00c14154c5c9c8368e940037c26204056ce24b2560171c242613ee6ab63aab3120300d5fc45df63c
000000000000000000000000000000000000000000000000000000000000000000000000000000000000000000000000000000000000000000000000000000000000000000000000000000000000000000000000000000000000000000000000000000000000000000000000000000000000000000000000
060ace8f7e9286d17a021a4b1b243d2015b1c6c088cb00c7d19c50296fec171fd55ac913ea5047c23c66f885410262f4220d0b3352b1af1b09c311a020d30fa100c381a1da30ba2be4d1211304a77f0d7f0251acc38def762ab73fb9c86a2988bd911a2552d14e570512b461bbbe1055f0cb6d4ad65baf2b
3e2661af58716653310fd4c798259c2f4702d856538143bf11f8e86614990930f73e2e4a099094c28fbc6301d23fc3d556c11559a14245aefebfa860195fc6db84e255606e2eb9a0abe30314ea64c28abd92c200a8f2ca04237f2d28653fb3f5bb52ceaa9c0e64baa4059959104a213c22288a466899fdb3
355d29f09c4f46524d930b7a1955b203a848dd530efdb08f4a3bf3131de03fe36d702291d8021f7f4749f34916058412438e10250184b56d50f0e8163b98b8a9093f658004318f3c2c50c639e87a229f92d9d36c6156b5d03d45089a5f91cd325943c6cbca47aa96171bcf8438938407834392761747216d
36a0bf285625c54003f0434b25b11933f8cc4626a09c639a1b3b80a1a19628620b4d63e2f6810cf44a8d0a5a4809e9698a9402df1059ded85045c6a2359561ccebcdde7294378284d9f7911d812a06dc5d42a311ee51dc53411f136214ba59fdb620c464921443788431f66ef4c292c042882f8518234561
0acf3aa5d7f60f731e7734a756192b3b10988a1150f272f7319306004c352d515a8d4846f9a32cfb32792663ba20e817bc80746cb2b06e9a8c46e27c0079df75f3fc7542b75547c14ee6ed1403cfc05a8d07230fe780a3d6779312d39d06c4770e82e68f8843430f1f25f50be390a01c8115b9e192297323
24b6dbe5621e15c27d1144cd699d950386d84c3a8d3db156e67aa84b71933d80c3ae01efcf72a7fedc8c69a0f32ff23944503e02f073718f6d9bb03d209b6f2d9f668b21fc032137f41bdd02f04a595ef91b1061824362c8b4952d56b445dede3531468329b51ccbb804f362375b0e79c36f775d39f5a9a8
1b0f4382e64bf14093d159f5c1b36d1547220480b8dc5279b6bdaa930f241129f7266362c350517eeb983742ee080e7eef62eec1219fa5d41a58bcf206e4e55541cfef91b986ecf47adc62360e236556b29d41be3f281d32ed77263fc04e1054ff207145fc2a7e34b324aeb04f7a8c464306acbee41b2aff
0908758db664a5b245f37721eb730c0b7cf55ebb79baf0f91141faa2e0a83c564098e4fcb591dd2461ee5fc17a369799c287007b3345bbcad794aa8d15aa09b0d77814a0b15bcecb769d47290c8057ce2cb70075e02a30b4e3581dc09446f2e33c01cfbe911851fac41c456164f95dc701f19a0d1bd35683
3284b1eed6397cd1625c27f128e6860ac77756631869510a3afba5f6eafe1295e3d390a1f55381082698b418092e1d3de13f5a57103c9bf47d7a0e753ed061a30c0af031defd4cafb10a1d3425528a9b6ef070c47130c6363c530236da198224fdc0fe5544be2b75f539a4e6318a7aa961e8aa198824437d
2233671d752ecd516f56d2973630fa1848a892515652f1bdf01a34f9124a0ed985aee44d5bf197ec1d658bc1f51e537f91a416d742f86e5b4db7c2013c4f8bfe02646d21e7cf8d2cbf184b022705e165ab8ca24501e0891924b911932fe0a465ecb1a6c1694be0e2982296f67f01326aa37e12fe02abdd1f
369f73c0b12730001de6cec73ade1a3c2c1e053623b7310ac812212d9e940da49499831ee53252b1e1581478912a77d5a26255bc01357eb210e2137c36fad06976262e83ebbf8145bb1a61300b0e6de47eeaf198f9614bb148053fe76bfec145d4e346c73215d59fac30bdd42fa3ad1a10b315f2c91763dc
1cb0c8b7cac81561b3d044be586a221f67a6801dec923131f04e25dc42f1113873c32cce4a910526d659492b271285afb3c87d462012b7ce2e414e9f1fe89172c7abe1a1d6b49dd8ce9b2323cd6bd8b71e96b3e5aa1c5e9a1baa39c2f8bc7a342d5071dde45827acd219010947130ebbb1089074b1518b66
141a5e448848a9d2ef7bf9a6d415bb270a3a2548e614b028d9efb1d170c31b6ded4191ce98b1b9b8c0f0078e753bbd71f18d9b3cc1a7978fef1a20961a441fe91532fc226c96df9dcecad61adfeac0a88e86911010b5da8f8f9d0d4b07c6818f6f7188ddc15cd687e22bb10db3cd9c5da3d6bee0ea3683f4
1ec272a5e4afbc81d400bbf5fcdc081525408d97981252e60558662e17d31ddc88fa73b226706acdac84e4058229ccba2fce7015f3b30287c23513cc03f1e2ace8e4664048876f91bec43808fd684ea397e4e1d148571b4fd5e90fb73304f71a75424d7f52e76903b936fbd2d17dc25223423f613273e98d
190ec0ff7df38242b7778af82b93e001c380009bfe06231ea6d5a245d38c331a80cbcf8c16a1a205a8af8761e131bea3045fbf7553fb24b75fa871fc308ae01228884243e29cc0aa9e7d003cfb2648cb623d92edce3d45f66e982a4c8037bfa815d36f6a4b252768e9133b93ee6978e4f02710300d5d3fd6
000000000000000000000000000000000000000000000000000000000000000000000000000000000000000000000000000000000000000000000000000000000000000000000000000000000000000000000000000000000000000000000000000000000000000000000000000000000000000000000000
2a73f110df660b3123684ec7f1bf692c85497858527d730c1e952d840c830fe454450c3338b0111a3d968b8a6e1fa1e579c9c4ba727ef95dd79f602e2e2df9959b6fab81b592954308fe123266fff8f9659b3322fb226b6acd773902a482326540110d67005ad5d3b111ad826f3348aec133f8140d31820e
0172260ec0fcc732710498fcb6c681361bb450973de0925e8cb9194b96390c981194fb7ad553ae39aa621a8cce11d7549e1af6d3b08a6f5b05e3ca81139d17bbc695a0d14f5a12c9ff28032bd9844a409d5343d20d19daad85db36704111dfeb277218ee23f3b09f061b23d6114630af625edeb480e5607a
3007e761932ad340f8e437258e271e2397cb3ddb3b2b7113d6a099b1becd131711ae598d2b11fa87c1926adbdb225e086b6cc8b6202524d4344a4cd615ebc1a5878364207bdfa56a338d8a3059d8f9381815e07202969d7141832827e6e0442688e00c6f957c37d3b03658b67eea8bd0f0410a209266a35a
05dbca41b9f32b136850a5942b7fba395541f006e19722cc0e206c62da79233fb71e4fc85ce13a58b589ac85aa08c3bc9cbbac2f227df5516df42c290f5e3890df7dd800777764428d6a9c2f364a45b3939dd0bb9ff02e1acff8259655aaad9aa9734b00a5b64d08f02054577f7451451257518589794143
28cfa514d2e0db833f91896e7d77da04508858dc79d3024c1fb7c67ef3c4091a9ef7a60fb510f90ce9143dd13b11e5fb5b154062f1df29dae192411e3ddb0b606fcc800285f7eccf8eed0f3316ec473f4e32b33ba9ca61c5b0df36bcfa492c4b4b6201a467a89f7395108e09a42def6e01271cb5aff17b2c
3a08c52139065753313c03a998c67d2d85242031efd263fe7b300ca9ad8a04750fd508c421e3f671757f55d2a80739769d9b552c0011dfb77353dcb229ec84b363ba00f2fc7086ce79268a0dca7ab899ac3cf2b5a6b4bf1a5bdc12d80ac74ce542929070071917be5b15227765b7e88b30ced50dd92a705d
2437f44ff21bd963b06cc92fb5a966034d787ed6dcb443ab593d1a6ebf2708bcd004002cad806adaa5db619e6b368ea8e2a08bd041c71b2c5e9150191952b073d78c7d01195c6444c1e4221caff30a3f739ce09c3be6279ca522120464fd889282902801f6c3156dbc3986a32985a630703aefc87eff7b41
0e09805ef6186d41f2ee3be3442c981c481e7a83c91e53a120bef0702ff920d9a3aa78a21aa2705e4336c4b7763df96e44e801a823110f0bed74428838a81446dad24dd2f05c100515f61231aa8f5e716e3b00fe7e0b4c6025982b1355ac24434ca3123093247cd0303a06cfe4359c16501b14b28490714c
2987b26e63fc9891b8b7b472095229270b833a5fe2a493303e6619d9b59c320209f7338cfcf33eecf85a1285cc077c946fde501ec011c50c406b9ac4382176b612e8b6b26516164fa62d4c35aea4eeea4c4d325f1b035b074217049c5fd60b691281edfaebc417e90a2b169936ee8704c05ea9acf4e563c9
23d400e806272351c0d7491977ee352f7b18ee525ad3511c76ba77dd56bf013a955748e7bcf244ff84fe2846433fe416d95c88b0a2e3c67c3af8784926e41416edf79c20f61e2b324e8aa21fcc8da0958737f02de81c44e6ac4027ef8ba0ee9967c07585a0132785f20101d49105a12863543a7ee87c9979
1ae35425a8d169c250a672e505d3773fb1caa073fb76c1c17dfcad205bbc20b5841ddc4485e35866ac64e552440825aba89e6a90933120ee9506399229679cbc48d3c600cc52f88377f43012edc9bd6d477773db6938577185e71ca20aee19544c4203c10c4caf55d9012473c13658ae4376317c60dc351e
024b7c9ccf4bace08bdc9d2513ac680837b5537391ab735391d385325f3b16a094005198b2d01465ea4151abfc01569eee09d9fb40d4ff3a8e1886f71903803c27f05fe0ec4e6b87ce8dd217970ad52836d0102afe8255dba5023f2d673e7f33c1431388ea60b053b023646843e4a10e81cd2cf428a98c2e
0c94833e75412ec00c51ef4c306a9103dc978983714842e819bd6d8513d709eb2ad13265c3b0a9383e860b741016c75e7d3802f190103ef4766519e61ccfc01411f0bab15b7f5d2abb5ae704365c45ec122313fb36b9541421673d93c7061737faf27f99ded26d97bf08fdbb563b505070765a4a7cb0360c
2f7040f4dc6ba242f5cf64500163f205a7c3d65b46bb8135c028d0772dfd356875323edbc62139b38c42669822236ce6008b7d898011a6efd01aa13d25639b996aa07380d7903c201bd6763d01a68fc92829932cb954abd1d6c804da0ea526ecdca198e9151da0039714bb5efc87c378e11fdb7909b71c27
1200b20f00f62c4004e0588fcaa2273164b450aed1a541595bdb2781b36700037a48715164a160938186d95d00003aaf6a73f1b65035f13901816fdb3985c716cdc48d43623193e453fd063429cfb4aaa8e5e3126f46731f45ac336bd2d449cc1f028877f2e938a36936ddcdf9cb4ddb42504e3df82ba2c2
000000000000000000000000000000000000000000000000000000000000000000000000000000000000000000000000000000000000000000000000000000000000000000000000000000000000000000000000000000000000000000000000000000000000000000000000000000000000000000000000
1d56eb688921bd01a8d3c7ae15bc3f3cf2f61f77d957132bca014361547429599e379e4303d217b91f0c57e6080e97c258930df40185b509bcfa447503faa86b213c53c3befe12eb71683100771db2074c6d515f1c0fc51d2e413a0b8c960fd446415691998509967115b3e2dd222ebd631ac6d83dad692a
1d29c5e5f6c6a782247038372e8f5214e257c5655ac0a256e1dc2307c90b3817fa3186aba6a0b3155c05f8350f0228989009453c8359c65d34b2b857256c8bf6a159e5c149f188c94a3ba81e6baab23ae9e1207bb8a6a08cc52f385ccb15a85d56d07a3cade48a09122d84e6dfcdb6d4537141cfa0243478
1e07a0aa39f374b36eebefdeac6a3e1786e2082b8ec0a0e362fd229a85853ab58ffd741163a03f41c7611e363e02809f7b22b5e8416dc589696b15382170467cbdda72d2b32a183578981b0a072b40ea2a0763b08fff1f50023b1a650d0888a01c925dc6db80237a9b1fed94366d72b750afa7257754811b
2b863bf2029f0873b54a710c32f609014d1fb4ffa34a03ba09a30ceaa3f4286d571d5be59703e7bdcffd514d6b22aa2b22501283107e6212949f1cd1302ef59caba3b0205fe4e61bb8f052034cb5e4f0111281ea0d3748656f862277cc272968c142af5fc674815904137aae5c19e2ac134f4389a159bf14
2108ca92f7cf2a6173673d1552c91d073b1a53d5ce3ce2e7e953481fd1b10f645c9789a255d3d35145d89466250d09bf703075cfe3e48623005824aa0b5036bbe4b8ae00c4141268d7c72119d1c4e71e57a7229f73afa279e7c306e3edf123196413f133303154ed860d5c6ba6cfb3c1c1d0dc8c8019af66
055fa3f9c3e9e7903c46ae9929396a2e4c752722a0c6d00e54cbaeb25b372f7598427e18fa2008db4764453276280ed314df6441e12f0513c7fb22eb1d47e3d9a6e3d5e189d137cb14ed9715f4dba59f687990732b64efad7bcc10efbdd2422e7fb184b30e34d007bc377954dfa2cae4f16c5c0662d41c5e
0e8d60e66f7e2a50e244191cb5562805741444c26e0dc2935e3502d2c47f117d9b94995fff73c8781a7136d7e9000379ac393651e34879e7070a29510b7859b58e993722f0bba328664b420a3ce303b16a8cf3a47fb79040c9312c3622864fc366f21b8b4efce2f18e2751e41eae45c651223a81bb9a7d54
26e16753c73743c144bce1cbd45edb26108d47c2c192c08d86d1358a159c2f4c58383b4f36e27e96869feba64314d4eb1e6276be935bfb36185de3cd2b7a4cb3de23ca137fd94d31f77637112916ccc08e0c2076b5bb2751344c0bbadd3158c3e7a092bc51be2af5f01f609439c1242a30af05aea73ba830
3d3d0a1338b00983dd124c7469c70e0795841cf54298700d8e9102476d6014b1e50b5528bf70ff135981c5ae3839fe61a6fdcb6f00715abf607d70971e635455bc0351f0d0aeaa25a4e99e37b591381b122930e7fe26ed293e1601544e90eb0b2d53dc7610f9de77c51b1fe9847dd914d26e0790bfbd0490
1b861911d3ad6762ce1805367075180a44bdd5c3ed0c10d941a28116e4bd3b1c937e0cf10e92cc216092b6cb2703b095a11342f292d1f4032e2259f7243fbfb090dca5d227e245087748812e560478025f1f63f3f6b92110bbf5049ebf1da8bcb111bb19d081376ca81d997b6ed8f50ca1f9bae6c1187ecc
3c984b317a88fd9043791ae3d9991d1209a7e3a9eac0908ec9517978fc2f20e82757b65f40a344b723c5a78d872eeac859109752021f1b9cfe0b0a5d30ff69165f399413be0926387d3cba0b3831da3553de536a340a642644df2acd8b75356a32e169b526e0ec3e2703e80792bca52f60d24984fc225408
32cdb929a94bd9b17ff8bfa380143b00fb1d3e4172eff01359fd2be63eae3d8f23a144c92c7276a0fe9fbdfe803f1df6ab9e280793d27968f04527481361d1ff5c1402939a404921c36dd919d43c97a7f5c97302bca0d4316cef34cdf7aa3e0f72f230c4e136f1109b2c8cefba8db8ee926ba3efef893f86
2d567f6803955ea16aadc3dc9349061daca8d766da0a913fee4f0f7bf5ff2f2910218ae9d5b1c497d47244490e301d091b873f30b066b78cf232dabb192d37fd9e783c127f863a1767924a0ce95086f58d42a27df5633b3680cd3fbc5eae2651e873161297d43bd73100eb23b2883f05c167eab0d7139d14
07596f6997060e83b47a2569de584b2c5abbe03f9788e15332e6e7d2fe210f49ad4eec4cad43bb3384bef9a0b0024d5b4671e5cd532c45fa5d6d421326e3449a2d287ee2763b00c5fdadee06e3df3de408ef529a8d51544ad0c4204f7d737683e3e00022e43b8c725b1b55a37064506d53b6dd2ee0ec3843
08c88fce59b2de53b9f82ef07e830426670a70b1c82de3f4524967eb7061241741c8e0b8a403d4002cbd996ed223439a261773086088c2d026080d870f1e13cc3ae4f6f2ca86e3ed94864c1c23357a240d6b40d651485a973f2b2fa4df1e90e23bb146f266d3d9a9631faa2c5e52c869d2489e834faeccee
000000000000000000000000000000000000000000000000000000000000000000000000000000000000000000000000000000000000000000000000000000000000000000000000000000000000000000000000000000000000000000000000000000000000000000000000000000000000000000000000
264d4473b01a473255c28ed508b5bc2171bb8b09d9a051040471fbd0ecdd07021b1386253990837305d3e202a304283ac310a436338db139c02e291703dc69cc6ecc3ab0e7a3712f1449783fad7b5122967d31ed3498e7d1cb3725d7b417105f64e38103a896a6dd620ddf7b852a181192c88faa154564a4
12e429694b5c525042571ea998dbcf1f30bf9590e4da327c49bf86f5b7a7076e5e38c4edad0252176830c838c83cf8687dbc0b8703c91c76735ff58d23845884dee02430d473c9a7cb1b433c188e76b3d150034f00c4c41e80b606f0fe142099e3628548c8acb3e8270ffae2efaf382182c38155ef9dbf4f
2a49f0e55797bd508a5d1f69f6d4ab37451b49207efc42d586891e2bfa1f0c8336dad7cc175256e2d65a14d34228923f912d2c1bd05ff189b161bf152f7d883171e40f43cbfafea84b79f004511cdab57934d2f01bf382c537662cbf42d4af1c5d23465ec844b9742a0ca6624c7262fec00f67570f97331f
3c287f85f4fa8f31b14026219f0fca199dd3432d088c531b9e104d966eec390f396e83cb2003c388f47d85edf50160a5588bf1e7d2af0fa8a0389d9c07bbe20a7bb7dac1dfe3ddb0372d1e186f7456b5301661e7b90dd23dc08a209861eda97fcf53b35a9c8b3466dd151ad614a059d041518eea488e7121
298d4b39a26ec1e3cd00b775cee08425823c5934d904c39be527581328130fc6dff3660b99819048663a5a09ac03badad9f7b030300cdade8b15077423a9634f5fadd89358f83131b9891c3e50f10964081d91b7b321fb8a757430036f140638473251855e17a976c237f3e58aeaae1bf1c66d806425794d
2d8075f347684201f5649f9534c27f399dc018db4130509ab47ae2e2b27806a1e7c6f8b4f873802ffae53d8b6e3a29a1125aa35633238cc9830f8cb62f38c4ffebc97d432220a5f33d56e906d2a378365571618a4c954f8c458e3d936a2ff25c9b2050e6e97bb2e70c2e8e5f1095465d7377d9f50edda275
25c2949a581eb0a0731a67bf2e67fa259e6cefad48c7f1d0b23c05c2f41832dcdaeeded31a6298c25a9c0f8e862634f7c9adc19d925428b58742427726c6767782ed60f169ed432785797232855534ac9a4cc0de945d392fa7fa2dd4ed2528c71a10fb0c9c166a360209b609ad3754ded30922b5b245d411
2f2dda0a90720d102687900bf390203351758b364cbad058e922ec5c3e14013c242e1aa017813243ebd3882f0509f5d077f70450c29e689fec6a4a913208626cf179e37369b2f18732034a10c9e56e297fa661a050d8d87f689914a4e22c34ec1630a844ce356000e2122eb77f9854ac81df0903289086c8
03ac064aa14958604a6e85c99c04881450404e4c8efe73ca0e1ff29cd7703d38f494f1b566d0719d5a919ea9be0d170a0628b9eea0989fa19108a9c3148a58fa4c9d2ac0d1a38a5fec6a072529e4ef15a788f3b2854b015f1d5c156f6b7d163ba0b1ea3a5d880e1fcd1433de4a44a35a729bc15009ada572
3e694f3c0b2ac4b2ad7788eace483b359fdefdc258be005a980926cfd80e0903929cd2fdbdd28ab5395ed34d0830eacb73cdba45e36481fb4ea55a0a09a5cffdf7f6e75237fa1de6c2ad4328cf161c6b1ae762abafcbf3d85cda051da1b81d7061837ecb5c4af0b8da0993c511e8200bd2a491ac5077394c
3668710ac45157f233a2935d8a912928d8331db93c2ea0b0b89bf999862f0af03e4d6ef5e2f2f8336c870a926c17eca7cda2c16241987e915e72d2d31f6148a5b2be2fe3b55394868103562a38e5d625de9e125bcdbb1995af5c049725d29c658651380188edfc3c9c2dcafa07db89c41034b626a2efa3f4
36c7a36863ffdc223b1c235ce7b4f5256183febac4e0e0a35d2f3d96d06f16fbfe76f630abd1fa6af5979796680a07d4b862b089d2d8f16a83cbc52335fe34356b6e54a25e64a7a4c1642719eb31841c942c901d50500ebed4bf029aa849fb03fb217b0650195bb4960461ab2f4a5c74722ce22d4aa62165
12714813608ec0c3a21e13dea876860d02664489b9b8737dacf95da2b22c1e5ee8fbef9382f076da436a9ff46f31b8a8c7fa7964007a917e9cc025a63107d97791a48b704ea301f47263e122b13ac2fca63cd04465866856898a226e8c8e63ac5430f6f412634752990bab148a142e5223df2b51d92af09c
1b0a29d698ac6b61501a93f6c18e1e0b3265fd62da3b3179ef8279b242d92df155d3dd17acd1c900d61109a26615b44d5bfa075292225eb5ed4f9c8434f2127fbc27c0d3a7a4eb3cd93962018a39fe2c547553cf08e9cfe02940191d493dd18d229079631295d732362b8c2acf1875a5f3b224c493e6b6a2
067aeb21073f0bb0d4b19470a3817119eb28ed997379d29457cbe913f1aa12bd9d22d8fc53f2efe4434675bd0b0126df26b2661612f560ca911a257922c2635ee7bfa9127cf1867957d0e92eb5ee492b314640bd27b3f1b08bf30ceec77df27b5fb3fc9fc960e1e8aa30b55c97292f7003a68279ce47c7b3
000000000000000000000000000000000000000000000000000000000000000000000000000000000000000000000000000000000000000000000000000000000000000000000000000000000000000000000000000000000000000000000000000000000000000000000000000000000000000000000000
22c8c3892b874df16c9ce69b520b3b0b50bb1170ad2830aa38c78e16a35411071452737209f2a514f8273371853e749d5a551addc3075580da51914302676d1b3783efa3447fd466571dc3217c0be9da1fc2e3face229e447cb00d66364ed59cb2a05485114ac00a8d3a432fc8b81fd5b097b0266daabe14
18cd90c845072df223939c2c1422a61e068fc22245a1219416d403752e3e15d14bbdf09b44a0ff1a69757525d03e3715d3e7aed552ff0617078f3492217428d0d772b38024e605cef963ff15c3cb9620004903be4c398a1aafb9341c889bfd8a44d091c795a90b8a5231783a707d56c5b29c088ba7a968e4
06fe74b84b503ff1e69f309285eab92818d5d3967865e14e7b9ab4119b65156d58dcb9573f731706615a2d65231194b91e236c5442d0c111cd574e6e3cd8de6df7884403fa3c6476a3e8b237cd24ce1fda9d304fbe00eaf8e7e33e95f4286b146f801ee74cd0a57b35261574b132a810a1ea3719185e059a
0ec1d7cc20aada7052bd0302e60a6d3a615aa960677a411e95190df184491329a628c811db5258b644ce88e96327312e76fffb68104c01df02e13a3d307c7bb400b5b8413f9e413cb2f58f0f68ab474d512381c3f91ef8e38f393091d480d55c534173e360662ea5942ee12409368f3343b9e6bfee959e1a
1a875936532d7860b0a48df74158c821fd0389d2980c4253c61fb839c8271b433530cb05f6e0855e4d825ac0552334ed77728c74236a03aeb3ce0336008c0beda8e3cc73721b44391f227d2af5a5316c85baa010511194a354d32d07067093775ae096bb2cdd737ce51c4a8295f8456c737473784af0daef
1497912c2982a700d5c1b5531516bf0df8196149c64583199503227ca09a13428218885295c1e3eeca681d099b01b80bdfd9cc0583aacfe32a2cead51fc5cb05c91fe893d249a5cfa823c203948938eedd0df0c3b87b8f37f4ce1cc1e3e3bcce004216c9461751835e24161fa9713d060324f63e7e964e1b
0760ce4a71ea02e0d6004c151a941a3d549064648c76a22d0ecf2049111239fb65e5c6cc84a360f3db13162263287b9cdd6e29f982e9817ab09171ab3cecb96c693709116f3492e46b707a32770d7e0bcf3f220ba321353cbd0a0bdeeaced2ad42a1e0997ab73b8ada06dc423ceee372d01a3037adb87f9c
035cc9fa04e88183437ef9eee5af5d1b80fe753b986491209efcdb134cdc078f50a9842219134c95d4b75fa77a191bf3e5da10623240dda2205eeaf42e33142d5fcc4ca10ecd16f3ab43ae10faa1ed1920cf61d50d359095571208ded673f5c74cc16fe5426459e7c333c45f419225aaa394d346f9bf71e0
0a92b5f12f61ecf31af44673011b511ac2c2f056779a138178ddc69cf79522a52886b2e2afd29b3c55cd0ba51717cc9ba422b98fa0735e7f13df922139050a37787962e3782768d6c91f381d73a01cde44917207ddddfc8f6bd712ea6c6e84a107733607108ae32da73f1dcfa2e1502fb363c8f7390c2b98
08d84babcbd43e92ba8b6ed5aeab9f3cb0b16a0481d0a0abe79d456d020316eb4f8f9433abd22d7283018b0e9f260a56c641a87ac02d3cbda6efe11930eec2d4a04b40a3e015c90dbbf1d4021faca63c4d8bc1164ac609a3fa3527564a4283ac4e02c5c70997ec289b07bc947c709ff762a1ec6d54dcba1d
25d60cf55d0cb140e91cd23b3d213d0c6ff97cd14b7b015cf5b7438665c0189f3f93cc6e95f3a4e011f27c223f38b24b41ab2550710079d7b04ae8413535fcafd596a723c71e0507b7508315c14f20a4915532ba83f0f39451ea109c6fc90e1f49835c2c4f5a5bb8b61b53949ecd7fc140c3efe98b4e52cc
129013122351b783ea921a493c014e0768265aebc16883996f7e8473927e2f36b2fd63912963f7f2e3411640ca090f918cce434af320b9ddf412b097237fbd49fb9a53402d2bcf8bcfb7f70306649ff8a04dd307cbf52b74bb3236cca9630e5d03d33d0cd5ee94bd132bd8dff1e6d47c039bea14414be131
073f95bbcc37bd807864299e3bf2a72b066cb470a5dbc3e4a9b4c955e5fa0614b79c0f91b45037615a09c009531f9dadbe0a3a0f03db8ae9bcebe6c936b1e68b5eeada2091e0a6426d93000334033f6faad840202f77cc47527c27a8c5b7f5472530de9d1e2e0bf53121d2925028a75d33f328d2201ac07c
01943950ec76c2d114729f099f247208faffe87a482462c824c44b9dbece0641841464757993f345292191c87907591a7d18decb72ed4d24f8bbea9c3fbaee85e583abe367d80023dd987c22113a5c49d298b0aa7b20c2c341f612373016871bee338000ad26c401a12a5f7d1cca797c13eb17523baef36d
0d88b0ae2a16222295b377e567113e13ce08cc609627e254ad826b3469551eb9994dd945c5020c6b58e80357ce0719954046287551613c36f72b3b791731220954db0d9219b27160937e65113801841931bc233541ea0a3f4d9e02f911b294fa1b0364d848dc6c3489163a374217ce2ad220d80f4e210c88
0df03824cc59f550df03824cc59f550df03824cc59f550df03824cc59f550df03824cc59f550df03824cc59f550df03824cc59f550df03824cc59f552959ebcd9268fab2959ebcd9268fab2959ebcd9268fab2959ebcd9268fab2959ebcd9268fab2959ebcd9268fab2959ebcd9268fab2959ebcd9268fab
3fb999c733e9c7818642a93a4bc2591ff1e8a379e364b04d6412d3b0d2a81111c41264f888509a89895e7378c33a8f063fc73ed3e1567c8d949dc6a13cb69d3b3d40a9435f71167f9bfcc52f621586e3efc5320a5603c623f1690cb76522759de402ff425b177c39c31c9de3af9ff910f020a7ecbad5068a
2fa835f1c65d2eb0e5488fc8c15a6c3f725b31b7eea530d31ab7934b5861256f48d4be5a7d6276555e09937ada1300903d6a03f8715116bc897aba002afb6290150e54133043d23766e4fa1dada72cc1da0df27b5ee54b8d76a62521ffb1094120e235a387447eeeed15e189b0fe470a902ceabe1fe1f704
31e8ba5379cbc7730d310891b81cbd39f3d74f2c4be5b07da59e5f9733cf315a8a9b6ec1b0802370f0e98e08360f540aad54e41300b23ca0377bc56219d831231dc37152a617f620f707010da305b989b949f171aeebf9e6c6d12318826972c8e4c1e366dff6b72cd618d29cf0138b4691fb85dbcdec9648
18fdf5606a6c7ed3f66141e0579820169251d6e804fc5194c9236adf273c3387d1d39490ddf0cf2480d62e2d440baf3014388f46b3824bc3183c32d218941f177e3fffc162712165037f7c11e367db1c3c42e2af2d09b449ab9d0bad120ae0c14a50cfe0d8d09c1acd3d3a7061129546118a01e7ae2b9cd3
213752a8dcc128625426d257a52fe21ec1ce6aa829d6b21b3fce1e41c406290b78fa97a59b12293ffeaf94451d1fc1d4f30e6586020f8bbcb0e928332702004921565f60a3cd1d41d83329223b922f5f716a72ca25ba8a9bf2af04f942837e10bed08fab69c61c1de9364e3b56b69b65e155ab22b7c4dcae
3ca1856fcb6e94c041e9b05db5b006381b66333254f581101e8b68eb5d0a21c6649355110bc2cf4f5230477fba0f3b70a2937fa76231f12fef2815d91029388f1de44f73efca2ef8f465ba14dcd67d786183f0f87de82034a07e34ddce6c0bf07e9188357de6eae26f0fcf2ff64a5c12b0284682bab62bb1
0e4c6fb9bf410c60b4769ba88fbff2181b39c5fc854242a8554499ec7cd43aa5eb37b69f1a5112c2f23e18008930797cb7804f51324fe369b063f27e37ff3aaa03acdbe37f9a0a373eb5d418d7851fb19d4920b1d96dc8dea7e22014808ff0706580dc06e6544c22e738d545929769dcf0af10acbd921266
23e2d22b293ad3f15c7fa3c326b7560b5848279a28c530d4d1764389099d29e19a1d14f95fe1ef5646e4dd81172d8627ce20118f516cfb19a6dde0fb3cf8c511d09cbfb0b8c382273037340a81d0f42f91cc22e64d172f5ef40e23777cb8e2a3bbd393fb35ec43a62630b1b61dc27fa0f3788c14ae8fa093
00114df51fbd43a1c5417e1f8940560fb7c134fe29c262dc59352a314b453e9328dba17dcf8322d6918e6e6a190cc0e7feedd468705f69813656154f0dc881f1c8db27d1b41a019fb969120657119cdec739c3345d88df792a1b293d8cf36de031a2c125c6f14675ee036c6ec30646b3a1caca0a1065514b
36f95e0f147e3e02198fc87abb7b0a3bcc3219e78ca572f897dd95619c4509c33d5a7342a6e253687dffc955cf3c004150d4565033869511e9ccd05a301e43008eb950638cd9781b4b00ac3eb12da356bb3c21bc8511fc4ca7142eaf11d143de16b2b81ef052e145be3f512018f9b7cfd11ec26b7442cd95
3a7fe625905985d0fbf2a35472f6930e35a23bba9a4d2272956bb8405f0c3fd14dfbae77b2b2fd50c4acaa7ea2069ff1161e96259219da74768229be202169650bac429279926abe295d2304adbe71c548cf731a2fe5974d957d136ccdba93628a00aaa4dced1ef32521400592ccf9ed507ea80c37ea1f09
1875b4ebe8292f82e0e17ef76ed8b1113c322b395f0c828a54fb2c72a0090e74f55c77128cd37787f793bc20590a31c1f8f2d894101d86f44ecf131b221e35cee4cc0222919fb34d2e72cc02dd862050afb7700a3d3ea310874f025fda8988eea6604fb134a45b25c01f28ddffef432b00cbc69dd0adc80c
28fff31261672a1314bb641153644e3cdbd7489c4058516c4de3f45acfad2cc91329d42ccb916708b277cc7a9422995ee64f73cc5084d4b5ce751fff39ba9ef49b1cbd32af4f40e252a56c22b7ced458bfaf23b9b4d0d8ef398a0c663d3244d1ed8278f79d8bc7e0ab23133c4d83b8bc0319e8bfdac4b71b
2dadcbe6fe1baa02396c7ac3ce4dad29371cdf6f25a02155fd61a3e266e4370e4c627da479e1058148f6ac193c37e64922a5d4ee429b957f7e0fe85f27466e04601c02806c1fb819c86081163bc50abc304e130f3028a34713e41010c093f717f431228fef4f9173850c18957ca2ef94d2f3ccbe880c67f5
0542589033bfb9c355a1263f9e63a9291818466823cc005330fdfa97051717db28ef62f714d3260413fc06723b2d37d6fc06e93513a3259a7a3390cc00d20f40de9994f37effc06c3d7f8e1a6fbe75ad98df21852efde4995fb9186e6c26666d25f1d7a803c68a23b820138b5e2cf9f0a315147fe1255763
15326f56e43926d268ae5db6ed619303ca4adeef08f5b387fb582a89119010827bc211dec593fbaf1dbf60a4ef028ccaaa276e4d902849dcabb49a361f31af941e41737147b6257bbd8d3f3a9e0f10011971b093c10fc5494e541342b23054b6c06174273083230f8a2669d36a539fc1736e4ca609abeb0c
1cebdc1db2bbd5f30c745ac78c157c230333c9e34864a3780c31866eaba52c7339339c8bd650e1450930fe33542211334ee2a771f33f3cd8111312b12d98e62384616301d4fa54c5e1b89002c347feb63298c228980a76aa35742aa5ba7fde1e0f12907a0b8673f99306ea221e0544b753257bad4152a88d
344396757b99c6607180030b1fac4029f5c6211a2a67c34587e0eb2f02843a4ee3a37c0c88f216359c9faa4f7f3cf75dc2bac023536f67063d7412d639d1c9b4097ac3d3f9934545f70dc935e687235351b1d20d8da61e26c39e160e5834282b8a113b022cfc48f1e13431230afe640671a251f7b4ba67c6
39be4a4cb47d3fa2e572149b1e06f002deac9366ca3452f51aba442b085e3b668ef88172ffe32e8b8f726713d52010e9ce1ceb94d36d3d42ec352be410677c25e3f944e2bbab19e1ee43d7386a1a96fbfdff0358d775ff87197404710a2d0123df3013711cfaab181828fab00e4d0d4423efe78770e3d776
3899ef54da4411d05b9c2e9dde738b1127dff7313a38b366333f0545d4d00a52ef24387dde234b2260bd75a9f206a2566cabe0c5213744af94569e2e039cc8054c649dd0a0fd4701c9eb743688c96186fdf552390c13861a22ad3b3b41e95743f902e238d2aa626f3717a1714f94fc77c112a34a66a702b9
3e8d95ca4f97d762cd5e4c391d88552dd60131d4a536904ddcad1e4e995d3327dd5edfe9d982745d2f78813ffb34adbcb74b4ecad2814b24cdb6a3841c298a14beb790d11486eef1b0e9a90428e35e5fe0fc80359bb65684028b30277fa221175992283a5c991629b835db49f8666770f3364565fe044f25
27b60e51bda014230c6678a218205532dd246b02c29fc01aea8d58daa07f3cd939f49f817690a139d417eb278b32a8ad24be798032156b4a7ceacdb310ada2b2510d5ca2450dba2e55077b3e60aa475e60152119876d3889a0e51784b5be51ddb9f0b231c22494975b17f2da5456c58aa23839f019fd881f
2c2f1a60224378e3abca137082f63e2504aeaad5545821aeaf2b631aa3be2ff179027d3827430c3f3c2d2f2e1e2509b20db7a74371df5ad369145aa20d6f282f13b10812e2ebf51d23b34a0ac6670a628dbb70a298c36b30d5f03ef4c84b23904db2ce1b0a5b74cd831c4d1ff28fbc2141df894c93cb078b
1b9558b0d3139140dcd271a85915d726820919f071abd31f22e4ebed378c0a016ff2af89246284cb68a9928b730658e8361a7e96532b796bfbcea5cd1400e58faf5437115f350853aadb7e2d7babb9624a049332d56627419831163922467cabe501825ad27192a16309fcf88197e9d5a041173d741ca797
39bd79d0de6c5991e081e17b58ed213344fa80f08402a1f3bffdc98d4bd13fd4e901ff750932f698cf1e2327cc308cb2c7f84dfd315fcd4f2cafaef8276356ce7e0f9b134ddd89a057d8ad376ce4eca390f9d31bea6165e9f5233020aed932772bd13127df89a036ac3622efb5229fe0f2af0540c0a49019
238cad681a0ad6833b35169482705501ff2f1ef80c2d12a718a886ed688d33ccc0bbc0389da3a31bbe4c5dbb24085c128f8d1600c192934efa1ec7db21311d78c3289090bb1a77ac344d9603299cab6e1e6d90ea2610ec69d76f380b730f833fe822fb819c67c9d4fb0e0f0411428b267010f72d842da6a8
2844e538ab545ec0a3ffc5fab0ff6f3e69df77d2384771aefefaf6ae532f3cfc12c15ce334b39ac5b0fd7a00ff338005c56d44ad60697dfb6ccfc14b2ad23cce6248df52f9f0b1784b879d1820767dc4357e70917773e9f8f59532eea4dbf89f322375e2c01c2599f5141906183ba1e133398f8e4356e0d3
228227b037189a63826bb7a054fef032b9cbe32aced2629e7c4b3214b34624c72997468a5351812ac28bd026cb095b9cdbf871f191ceab17c0d02d722eb64acac61352504ea563e8875c5a0451b273a2020c3065e869bc8a00650e29837f0cc38ea018ffce2bf6d9ea0075abead95c6b637ee5543c00746f
273d2cfa457cb63027b9422cf3abb33dfe28cd94d51233ed45a6fcbd4c1613ed57ba03ba4c10f28f6752cce16905d50eea64fa4103855aadae60087e1179cc82d4c6fc51c7fb18f78be8f400bebed050e6cbb2372ebf52c3dea922e12254aa7281c3d5ee8e9543b5dc1d1320af641270016ef767483a5253
3a6f06f428e52d01556375898523cc3b88a577293183518d43b5d02d6b09164bb69ec9a824e1ed7ac7800741c93dd56e48e7f0eee37bf25a38c2e77f3840ea59c15953a28b41a945408c3638cf600f084b3290efdd936d0b88f42fe9bb84fbc92840108e030076be3e0496f31ce4395452c1f1eaf831a0bd
132b651a28e7b423116424d370e5580cab1063ca7bb5b370a873814be83d269005ce8b6359234e30fd4e462aa422c38e730e8a8e33d01cfb44a7279a0c108f1ac9e5ae321b00b73a6f5e932748f889fdd73393a8d34ac662e2f7133158380db04a53713d87eb228451211eff33de43c7703f5220bc851951
3bead847228dc973dde93f538e5bde2b88a92fb7b06c82763ed6ff86695a055b719d5d2be04240c8ef67af266508ef0564f54835e3a8b29cff6986ff064f4baeb1cfef036ce496e921094918b61ff190ed59c0a92d2676f3088a33fa6247cd1efca378aca3ed0e241e07d4eea26b5ba680938c22b64c0d10
1d182669efd6472024dc6510cdd2a70c0d822515f506410820cbd47213382758ba0e55975d42d248443e9c1e12283bd77a36621022cf9260422f663c1e4ca99a603c8491755c3028a718f216a43a98149c06106dcad92001a3382718676ccf1b53d1a88354e4115c650108ccb24111048015130c3197587f
3a1371b7e8a8a0438d9e40ac9571fd1bea55e9e54908614bba06b6f9c93330a2b7cacb0c713384a8df01a4e776116869a06b8d6f73cb4279be2dd93a26a8f48a139a2e825d8eef41ad9c070c6c74217f51dd7214adb173b698c132129b82b437be13c6d244541e19b91f8f0330473714009cc744fa44099e
213873474951db53adcf28c488facf2ab7ef3053503600647cab644b5d2c271ef0711a9b3240ae522a16eff0743df44dd87ef3e61126da98689dd6f41de11c6faf36673335d94636143b770454d15aab7f53d1cd9c6e83349a823735f51602f7b8331a38e68677b95a165c1c3b1116d641c2ce0dd7da6646
0fccb1b96fc42bf37e2b60e409c2e014e2be2a4e405c7052f2ffe207cd0e177d9a794c426b92cb9ac5d2fae6c90df5c913c4924aa26bcec93ff2bd2d10e921331e0400902103d38aff8f812707cdd31dcf4bb0f938c59d1720fb3fdaf098020be1d03050a9a270fc59373dd6effcaa65201b9e44da59029e
007415c4a3324fe188a9a42312097310462b18e42aaea1b50113f17cd336359c99a7450ee1621df2a6dc2c03fa25876ecbe1dd31a0e8158c53e6282d0917a484d148edc0423dda3d3c69330058637e599fb820c99a9cc2531680397d4a71b143dc22c1bc13811855e42c1d24d3d9fa595235ffecccfad152
16796cc9198a9393d3544ebe45619920d35c46f831c582f8f9459d2d95fc32ef2849495a9e23cfafcef5a5d4a61cfb6ffb6e84e64285cd214efdb1943b25609e4c1a94313aee9925c5d0891e312641ffa79501bd7b146ae5d8163b6c7a272be6a940f28eec5829bcce016d4d7005192b1310190be0ba9a85
04b65007bb0719120092a2edb8539026789a07d95293f049e2eee9e702c2302326df8c1f783303ee1aa2d136c225e1964dc0ec3390f82936b3fc360d01d751647f98b9e022b9b5f628b21a1ecd6761fa0e3d108bbb9a7f3e34bf088607855d5d0d10633230a98e120e07d16f3b052b45b024421bd27aa9b4
121cac62040484d176516741cc385313b24255033fc243bb856a92477842329fc642fa3f509169ad72deded13001ebaaca2a650ca1ee2e1c74307943070843e8985d3502c8acc5e856218803307b8cff66d6d28f164c639b489e02c2df92c0d4fae1993602b34450d43b9cc7ce974561421b386c1236ecb5
17c80c145b75c0920d280b14a6ef0107ac89f783c098831b6e311231680022738586e6ca90d043106e67835f001ccb980ad8ab3e70a4225ad0ac81c5031c99c6509d28f34c362b87f9a4e019cd9cd101f6fca0259ecdb96498a4134eba9bb05407b30a12db4afa19b4322e620571d514d301b3af9f304df3
1f8c6ad358592cc3ef948f9d2e3aa715ce1504aee772c16f1e7dea9201c92de2688b5843ef306bce4e6d57ed8a0cec82d36e0e0ac21527c12805af3803dd36f450cacc63738027de18c7a6329422932a7f4e91d47e76e216d8ba0d34d5c90ed0b5c1e3200013ce34a000585529a19712b326552755e8576c
048bf01ae04fa752cfe5e81e3641f63272476fc4985dc24fd912700ab717050b8e7839e4e0f342899d25c1c81a35f36da69a9833710269139c7d0cdb2985883747910a93f06bb5dc0f08692c253d8cef42d2f0d0833c909ac25d29afab80d75649000ccaf708ced074192296d943f984a36e0a872f7941f1
3512acedba8f13b24cbe0887548f490ffef536edbefd42833ffd7d61913013d0adbe5d7930b2cfd3e2c9fa82b1247d0d1680384b137990cf7af95cf82bfc3a1dcc18268122bc7ad090890512ee4c2a38f5eb024933aee0cfdd0c2cc7df3db292593255c4ef598ad674358712ea37eff9b2bf83ae67d38942
064d9685a9c18232e60f037452dc3415caa1c73d6117402bdb595e30ce0e1cc35b46f7c4c48231757549b26efc34fe09c0ef427f13c51d34b9dc974f3aa06d931ed29da3565fff0bd74b7014c3193a2c36921340eee16b83464d070e7c4e77d7d822af544163730e2d03383b577e267e914bbea989d25f47
22735147f8e6d6905a277fe5904e8f050564d97762ad401b8bdc30e3a2383eca86283aa15aa19c679da9e7c1da09bedb82b98d7ec1d0f0d1ed61d1bf2053fc6e0fa4b240ee2736c7a101671a1b006d8ca961d057a4642fc7d54e0587e0f460bcff6155413f94221c601ed098d75853d27323ab2d1dd486d2
0ada31fc7f796ca1cff9245255c6ea18aefca698287643e6b470ef9d63c12375a7872a93eab047d33ebe87c63e0aeb1bbf0a2d0b900f60406533651137ff87927c9c7fa19a3262e18aef811d27ced0d450bfb0d4c930556292a628e5e838aec6d4b34dce20c7be4e2030de611efc0d49339afc3f51e54368
292eecc28394b9f141a26f965708730f27fae3f4e3ba42e2f8bf12c5260d07b733d0af280282445e2b3f0dcd88019438a7fb5ef443ebeaa33f5c1ef53eed72239893336386b5cc693c89002a0c8feb34943d3003e520049ac7e23cabf34926ff6a530d14e2ede14929331b265e1b29cb5235e9f47bd00632
3feaf827ffa3ef01b9d3533b0bd8133d5ed88cc0caeb00defc5e57ea34300b43910628e5283289082af65b17460839704916db0a333a0d0ff3a5f21318dd59073381983344603ee16216423975ba7f67c2f6909956e54b9e27b239365a6df4927ad3181fc43ff1b2e214402094767fc73223d2cc6a995cf4
240154c0bf4b00835385e7991af8f21fb7ad575f3b0093a1b7648ded39a316f6eedf16bc7de27e4a72e75881d706e7e79bdf246191d30787b3b7d02f30e1dd82e3508ef157ab18f39588440572a58146f754b0ca55715d6bc2f83da67471dcacd5f16d122b6422de2f336c56aeab6cf253719bde9daaa5c5
01e2109b321362a1da5ce3893ad6ec1c163fabb58159c28b7c32324008823da516acc47b33117f3a7929ce78302e37e07771b6d3a1311eb895df8d6a2305db39cdaa04a17840306b0bab2117a73a04e7b02a51b009c1c28c7ab408e2e6adc0cfaf23b4661312de037833e884c8ecbee5b2d1c33c86c4a785
0493e6da4008905146df8d17f9874214c6229b203ed1f32f1b72836ed080351cbc216c2ef3c298373f8b83e1c411b10abfe64d49d217d2169186aa850c620cb20300d3900912d027bba42c126a864455e83e40e8b24538e673c022f3d1bc520fdb03b234be03cec5d11fbbe6b332cc3e3314bf75450e5b90
2454e7ee48410de050fa149acc1d241c6d9dcf936861a3af137465eb220709d0bd12be6acd620a7ebb2926ce7805954b8058be90901528815a6bcf6e378ce969b3d80292851745aa010bb2333223eba3ab51f33d0f6fb90ba1ad3c333a075a1613e2c3041b3c513e051ca5554001c6fb1253f54cf34b6604
0e705ee992e64b214a283dd46341820cded2e9a4d1db12f01ba0443ec09e10cb75ec6fa544317fe99adb9a1e17294db3123c14d013ef288fa2fc46850af7ff76184cdbf20b12e15e58517620931c14edc786309f492e6f72387e0cf528cb42ca9df04b721a1c33306d22464faa1645fce02f2397322f34cc
1c643b49ae23cee14e3dff6d4787280a4f9987654e02d00b07b61d1060153de08fdcd5237790db04fc11d73f2b30ce1a1e668cf400d83307d6bb5caa22e77e28ac5b94b2c867dd461c1f2438f4213294f247e0d2fb744457e78434343779f51d449048379ccdcaaed62d16b82e8ddd0382a6cfdbbdb86d1e
3e352c5d2c96f511bc6ac89d9457870131c6d0f4049bc1f780371f8e42941e4514a15ea41ce09cd5efd3188ccd2c067a0c447bc961d2d06f7234ad69381b7d460e67cf93cf57360be38837200d628cccfa5dd36533813b70e89b026a7aa416a69ff3a5b8e8f8bba3b92321219a5c7244c397c774b458c976
381d66fedeebf800ebab2be80e92f7280c0dcb3821bff3c853e060f71c1517ae76a4a3f1a002c62651135e7ce20180e0e8aec8871125b5b2a087c7053ff80ef342aa0720a5d0a9d047250e066b423b30f926b15b05705d640d7423a89ecccb6ec5c05225d0a1cf5d432f0a6f5ceca0ce8177e8abe48ec591
023ba42cebb639f2db9155646f3e70228a7181416de663e2b38e0094aaa63f5a4df649a9c7a2fc770d39bfba7005a3d415f5182813a6fc3309c976c1252bb63eccf6d123f3f60e3391138501c71cb99de7ecb2133b8f499a975c36af8f30ee05e340f94a459b008f7800cc6545c08b67b14ac2071f92c4d7
3a52400011e56442a67008de25d1cb33d1be62c32ff1f2ba97719c72cc7a09e46e0c2de952e0a1128743ca6c5f1895f796685946708bf133861c3b17050ae03e2d1577a2f9d2be7b4c485c02997c5ff67c3c50589ff923e1329a0bf13053aa3dd240facd2b9a2cd99530757d5f30114941131b33cf4e3ce7
250444d66f27f17249010b15e580f8244784fce59bc5a1568bc4b3b608181be07e57713a7d92edb1ca6c56863a008f275c3329a9d089fd2dd2ef87d70e2a0da13d900e620acd933b70cb023cc09da1c974cd828312efd78444f52d71a23237f71823b04b2d27209f6b1811a4c3e1ccfc1191168eeae4cc1d
3a04a1fd15857e03a516049243e91412b96b7e34c92ac0ea373e0889437b19359facd5afcab1991a881689e65e0ed434326d4b2f21889fe0a056bfcc16b4fc1c38045d0181a4b073eb00da269180596a077d60e8576baf30e57c0be4ef5f34a41000355d5226911baa2a355c723f45284258d9ee39bf84cc
25c6b0ae7eed81e19f62d705dffd472ed77cf6090b99b25d388fe537f1ca192b74ebf3d32720173fbabfd99a5f230011c2f5343fb317b259b900f39d33be3f0753c62103f44258343ee0f42723ab214c66491183dc15d4dafe6c2f22da800cef9662e9acef27a6840a327ec09e2f2d0e5313eddc5e354967
0b398253d857803209db11c37ff92505024397a0808773f80843c2a427d52e61f18298e6437349e92258ce8ed7106a49a97c3ec63253190a4857a3060806f4fd8aa7b48398382da430472c22307a0619a408528c274cace1005d15af13832fdbfe00f6fc82379f113a2e01911f783a0ce3b2f96c7cc0198b
16f4da017bfe80a1b14e5189a0e0993b159fd891d9b6e36f41f418012d360b1166e6d2ff47226f85833430d431310776e3b8d8f6d010248365d339363ebbd061c84b16026917b30152c41b286b8c149bf56b63ce1bf7d4181ec5118e40c27412df513bf0acf6d847850bf5f52836b1a0a19575669aae5b70
132fc846facdbe2167a515d3b0e9da38dac580d8920041f341badcf21270362d1487121036d29279dd07808f06185de71c457012713261960ebb4b431f7b281a7c488e70a9126f6e94fa82142b37eb2b848080fb3540a0f38f6d3badcc54f34a1c020c42c53779d03f1961e8f7e4a9c3b0b05c03bf7ff86b
21891e7034953d9320d5c4f74beb5717287f5dedb55903a3de707576861d1633573e56ebf103836713678a7801123a8d1ec75f558143f45f796daa3d201a19ba9533ba319f5f9372425c7331ce95ef9615e6327945bd90ef6dd73c42cb07bf8d64c1e504f78fe6614d29997ee321e47640c4b286541fb4a8
1dc891fef9c26c00a90cd7db62339035f3c923e7fd8b12f7378b7d746f56056a3f172bb6e0733549da8975256906f6e7041f3015316505e6914b25d53c7fd3d7239f73531927a65f18b1de064e59611c4ab0b32f920682a669303c6500bb6e83eaa19e6430d68d701c30fd9903a772bef128081c316c57ac
2686f21d0c89e2d37b39cd14ffac0d1052a45be47ac741142df37bce571025a6c23072c514d2e39d08f1211b781a5c47138f44f2c3a982c5fc21bdfb03e8d714df9571639a106cebf49ca50dd372e938be8552ed35898f9597692534833aa3290ce3e8bbf99fc433023c5a41f2146b3dd2e25b9dcc920813
2dbaa53db98666d21509702b9271c13a5f4ad049dcd5007773bec22ce12429b876653517f0924d545e41f3de650fe9d99ec3a4fbe002c6c08d36cda70cb1273894f3e01366edfd5c717674166520be7d23b65215996ce211a8f421ae20d8c84f620270f615ae69e17919378e5fee57fe9274115cdd2a5c80
233b90d53f4d1a60614bf83ac6470a3f05a1d3ce7071b103eaf37e214c651e7d14bea0b114a05a60584cc4d59c079d88483a017eb14eaef072bceb950697f75e6b1fc1626c6ec49d92ebff22a10bab33b511823d8ee620a59ce902da676951db84808258249a79276f236598d806e18bf1b71821756ee3d5
0d6b488d90f7c3f1d29dd02dcf1a8d340fef392d04ece280825484841d6e212087efa30dde31587ae4e2c069ef39bc4098bcf542113eddc63b85091b0715597c90e24bc184517de098d31b3ce78531a3af9ec10f71f623b6fde70fc05a6a54937653e6d9d6d22d589d031ea25b6663b113baef03355e0a49
16760ca4f71ee9318ab2f66f82d1483f43b81469f11611d7bcd586a0272e240811b778e955225530de1d9827161e16b32292e9b0a1663a552b1e7c9601bb1d08ff465db352d06d445a801d3490d53555c03ad0681882a315321f1d0effaa9695bbe2ad205374c94f6c11e0956fbe7054b06f4bd567124115
0cf44dfff9ae04e2fb19285df34ff5178cf05629fdb360201d930362b2110cb38c40b96fd3226790e479843d311ea8e385b7bf4403847beef59537f21ce46f0340701fd09100a05767860d09e8e5146297f640bd413c6663c2af12a7ee94a3cf09731976e41e26a9c220ba19451f2bf94293d5ee4acec400
274d340407032c91d2b49b15a4ab5b0a144aa4b351ffa150ad421c87599f32352694091b86a3a26ee6d5db8a7d079c01780b20f933ab8435049afe492069b61ea10d15631af8a27256a77d399a3f8342a3a8a0bbe5e79c9cce833de69ca8d6b7be40f5c24144060d8f275b7ebb53c7780053430b4cb88adf
01ad572335c1c131a6cc949085e0340659cca75b6e4382918dca092898d52f81fa33f4e2e1a21ee13c65aa4cda17cb29cdada288e34eb55f9d0774131a94ca718d44a2617574f8d007876b267a861a187824430b9abdf62691f72c7bb506097eca11e846583b6bd605254d1e6733c709e103cb21cb5f337b
33327a8a50653d330c45b4c76cb3341a3dbcfc2f20bd404078da908dd67b2878694d0bd2e900a084b05a8ba86202db8bf27f3e9371f27ad4c03817651dbab7981567a5e1279d8986638d700ee8fbcce6d9b29232b188b8b2e3b012f62871dc2942c22f1ec9224bbb361d374a91ec8348f1a8fc314ced7213
16a4c83edd72c581ad9d5143543bc135d8b8297145a3f22ca4ccaf68facc11c635348f941ad21e4a13b633fc8b2f16de1c9d6da6e38de5157c7f48813d11194f54a82a504f12cf4b74c888342a32702326fb52a046a58324834405568e4e8b04ed8338184d762d46171ba0a2ac1a070f71474b36c5e3e1a3
27a5d0318e14a5e31426e0d149ae51165ec18a400a7a1209a95ed2acd344214c6fbc5d9857e207f832f46ab330273aa4c703aa0cc1ce64bc1d4cf92b15db72bfdf1897433df15f5bb7a0cb06fb1c7c49e832a060132f83f92873266c88e7e19df751d50ef427c69e941ba2fa6cd382cac2c51b29af2eac00
318553323c87b1b375fb173e4b8b610d8d72b1ef0ee9f172b8206d98bff822afeeea152c1253710e01f968bc2d089098db46332ea08af11752c21964361a8b4cbea3a62247ec8ba1afab972e883e9569dd7842d116a0f8581e09251dba50e48ead713531fdefc10760384f7cfb9ae68801b8285eaf40f4e3
39cf3b2c88e109e29e2ffa6817a7c6178b3ce273bae1e2d1429474f3b68b31da8099c0433d0299afd267fa2d41388126cab5552243559d3ec712e71539985e477f4229f2612b538f2ac2ec3b4b2198e90ddb826c70109e075f733ec19f6b53f674a17751826e229de537d14f66c74862d0790adefbbace9b
18e671dc6d8e04a28d6d921e24f78d1f9377d4109e426090b5cf1def5cf5036b7bd72c57907098725bead4994a1983ec88ea404072c00bfe3536b1f10fd774a395dd27d097b99c1c0094772a2d30f4edb651801aa866dd93c8fc295a7fa0bd498fd04362ad800b4e2c32e31e9671733cd30e6eb64295ff7a
2cb3e1ff75971f829e0d3d6436606d1a3b855f0cb71662bd219265902a433312f1c7cf8037729aba4186853c132d95d56c2c77fd731dbfac77e279613f6c865d4fee03c088229cf8a22beb13009fbef6423980688b288420b2fc301390903bffa501f97f19d858e2e00385d6aa0f8c7132f40e536984d220
3e407a94387c11a1fb74ee9c9061ef00682a97115d7ce1bdd22c24592ea0199e1dd79946e7725893e2ae2007960f1d664041710c42f28cee053a8167119cc214d4428d12659686fd1df5713d71b77751a370c39cb57ceb02c8aa1fe92b1695cf8f705cb98096e7e99d1a48bd6a115a577094eb74ebfddef6
1a14b38a312d1300fd15b255c1e65a1f4f83a22fc139e259d0f075385c380508d22db5425f13e7141f8772ac5f264a6267d98df99123a3799328415923ede2ac1cb030617fcd2f96650e061c19a8da817bb84036f2c35100c5ec377fee803e53bb9138e0a021d4a5882541a3de652e1e62370c30ba6a1f4b
2b537cfa50c0ec5111d20dcdc1ab3e06161374d6b851b06fb4a20a1080ed1bce08afc5926871273038d46131cb2fff7018acfcd71187ca9a040a83940d68bf5070259173e3a6d23573766818b89ceeadb479038b5ce2a653885f0838cac0a36b1be022efdc557b83b83cc7b36c63ba4fe18d1776343777b1
01bdd2778a2b28817ce333dfe76ba305fb0ada2bbdfdd2708a4ef527492c3de0161f9b5232d3d4e06eabe3eeaf14f8d838140fbfd390b5895c2209922c71a23ebd48a552cec0668b8e2cdb1f018e8d7409dbb17a846a67ac59a62f594283132a38a2c701375b9e891d1753c93883600111611257e7623b31
2da06fc7fbe3f861383ddd0a99313f2dab445876c75802a312542c9597c211d14fda27ee2c31cd0771d243cabe3c453add758781e24ed3233653eaf50be46d4b72b0dd13666221301479370560f8782ccb0a71f19481c873b5cb21ddb2ce8a782dd28a9dbd2cccaaad1a60c983d22cadf2acc77b074402d5
215b97a502c1b3c213ae95ede018e300ec880656b52cb1f1481382863c900bb2714da8ca4010192ca9cfda91a0147a2e34c50d45e09df0147639778429152f9d57d14d70ede138c555fffd3b604e2f0a39a270abe015c22d696129e6e2852aafd660c4b8105fdd01472f31d8e3ba1f9451092a248f0aa82c
3a74ce6d62c20c900117043f45040b096b94ed356c6fe3cbcde5a65b7d691dbb3985c9392a01ff762faec80d702cede12f34daa403c4cd271b0d238f0ceb0ef8a8cb3681dd6f8e26b1a9213f68d709645f8713f1ddd51b9a58dc11dc755c691d74020410288b99839304cb0ccf3a0f0f10c0641572a7c2dc
3ce28fee2e4997605e4d77e27e6c692574360b9a08b0b037d031b6596deb33f5ed0dade235e0a591bdb1fb943e0e8494f84a3b6202ffb9aac57f3f1b08ef331c6be942320119185a82edff249f32f257cec4b382cf54958daa5824d514430b8ab45137a8fdca29c4a52efa4f937173bd43d2ec900cfdd339
32cc2c96d830dc43ea9e5e9343da303dcc7b4c4524dc81f357ec5b05abe01e639e9fdb80fb121e55756f17fc9800b2c8f98a5ca570df3cae0e4c750b0bc4d7be628affb28cfe66783f8e211b65845aa184d1c1e74e9be32b887523a4fed58eeb3fc229f0b009beebd627727cf01366e9d159e310aa51f4a6
097c31b7edaee22318fda902debab40babde0430d321f197c38013ab6416317f8a3cb11cbb93395b6ae97213871761b9a61e675213b75d684ad41b751def556b5b2ff6416fd3a2e478ef4c1afbbc4d773d4ea1dbb7603c2127a6182bd57a41be8bc122d0d53be927882fc8af36db7a60b33e7a4360fe0c07
1b835ea24bc7d7009c2d655f0ec9e62acd615ebc5cc3c38031a2f90021722e35632d724884e30b7804867dd05213d192890c9100c06c269c6261eeb425c234627baea2e31768ea5d11679b21052e43683472916c02e18fec0f8038629fc26d6197f10778e14c4f8b1c0f7cb15e1e49b141bf13cd043db4ba
3cefdcf483fc1831f76785d7d8f02c1ed99636d9b44ef000fcbf73fe95540f6f5e6656ed39422840fcc56a815738cd9bfc48ee7803c5e0e0046b03f016b7e341630d30d3b557bac0042e7e380569425000b2f23281f425cc7f6c228eb2b60acb8910346005aac54ba50557279c32e935b0f1d63c39efa802
3a00ff073d37a5417d3db5dd673a210e586d1670a02d610a54610933db520db226d42fdab5a3cdce013763345a1a2dc01ab4c51210ac4e40ff1e77361ff3d63dab63bdc268519b1b10a606298dbcfed6180c9326e0e005363d962556ee06effe10234b6150df392e702101ce09569093717b5b66905c88e4
34b48b9e1fb34a5026f48f90376a0b1d83abe43fb4f3b34a6b87cd7db56a0d94f7b1fa33a4b17631be3886ef493b12ca99e252cb73d1f925a6f546a02e40063a8238ab603280be06e2e8a4126bf4e7014e5e8039f2958c3ea73735054da58f3ebed0e51c31036383f118ffc62ad83bfd91a19ffb66b4bb71
1a0578d26a249a000bb90922e245a528c4c035dfb2b2f26e9ada398d216e23dcde1f68bab1235e25f8bc124591107a5bb42f4e746332386d83a0936628c0dfc6eaeed9d0ed2fe8688780a51ff46efb7016eaf2600d0d5ed08a6f355dc46e27f909d1dce0b6d59956d6214bf0d7b4ef3742cc34616bff1485
21869ea47ef920126e08620e846ab83320a185627dc0216b9080f76b693c37eb039dd1775d83bf7ee1832d7ce715278c288addbbd082aa8ac02226dd133fd9ed9bcfd0a22892c5a2e936d63d5837c1915fefb224f2010c7a916e1a416f0a24d0d880e3c8de81fbf3be362d215773c176d37cd73e5bbe484a
2b640ffa6a556301fc02993b8b1f552a61261d9980fd53d7ad8d9f363b323823638cf7f634d307e94b61c82caa1ef8605616806241cc3c0566a00b55016801abe36a3702c217223b4eb3c7133db3410eade1510fa3a455bd9ae22aad24ead0a7aa90df60544f6c0182057abe882df6b2a0863941b4b83135
0b8270bdbd904e113fa3ffbe625f7b30519c989a5c0c3013a379df0bf37d09f1c65c6710af93f705a9ef54cf062aab1c5c9a388e53af972203c5b5383924cab2eb87ca12f858444fe21a3f1f3e13592aed0b22de86c8d57b63332e61ff8456a7b2805118624d04c2872fd7d7c3f649a0313838db5ed7768a
15fa262cfe58520392e2615d5ecfb52523c8386b001352ad976eb9c2de4e1e586b8080caf8539c21d7fa515b231e2fe46a5478d7c2d74035f66e827f32d76b3abe44d9313312d97139c3d535b052e0d7835f021811c0486f5cb832fe6dbfdb026910fa82572791c8430d909ad084325f32d275fb77a67eb1
120c96d6b4e878b010e46c01ef42440634f3c06ecd5622abd83303a6ac8b0e095a1041973f015f9d613b91331f1240bca91b84c9028766ec8aa7dd902e42b15d9944b2a15646b01d4fb7740d78a9ceda8da6d25f444ae0c47d2908af53c7228ae450458f821c787d731c5f0612e4068872aeada1d811163c
28e323654595a8326dbb70383a875c067d4dfbdf045850944fe9a9a61c7603e9ce8b8726d57156c65e80e814e7254b065a622059d0583355dcfcaf8f0b04e8b3466a5441eaa33cc21966f516d901a5ad0e5f03ad5fb16130a1e507a786cec7131e1373a36f8283119d036db694e3a95de3c7f7bef55106cf
3e65260eb24976437073eaaf6548551660d48818287553bae691f667cd65201736bef54b36023d1d0291f19ad93a56f605120569b3acfb78bf258ea73316a549cbdc62123295c573451ec004471958b4b58eb19e6934598573e30af62818c4cdb0a2336a7bc8e158cc36f4e2fd247e2523c1698dad3972b7
11a4fc2d51335c53afbaee66b6628807ed9bd54995d7c32a9ec4d6e8c95e2ab56a43178cb8a16a2b63c13019c03502628e2b72d7c16ecec395d57aaa3b7f984a2f65304236f9b20f9aa823056cf68de8e559b28d4739fde01f34177e8f516a49ea5011fb117077592c3df2614d46414e50c842e90d0d417e
10956e86ad8e5581c97ba06024c0fa161e901d1de855f1f322b8909bc1502e9571959fc90031a78492b6bda9182d95b52af9e1b191f704ffa639b9693341ea3c58622b602ca97b653afab60f99f9320dc854f139aeeb01d7232421b227813d67c482fedab7b348d88d3a9bc3e925f9c26183bae2ffec0543
22d0695c4421a552a55679769ab89333dc15639c37795366d16abb13d509300c7a83b24d0ee026878dbb26f9e716ecbbb9c54250c22e4983a027705e37a5af64821ba4d0c8313721305bb8089f3a29beca62e2f90d6a6abbbb302d1cd9c7497af81056ff093a12c66a297562c2efb47bf181ed757ebeb6c6
164b8201de21184125a256af54481b17eeea3e86134d423c3b0edb5bb5e4013708e66f0126f0bf7aea6fa705110f6c4604f50ed0c21a4fd6c187227f086a76c1d38a4ee3b64ac14a3a55c52ec0f84043850f73ea578046b1f9910e9a917479b6c2f21f4caef8278fa0181bbafd4aa02b90b3d9c1f0659190
12981d01210b7e124d75ed2ca5d5bb3d23d564632cdbb37af15fdb6394b92148303e29274d035e2c885dcff1152dbd59cacfcd1c40fffd154b368aa4310eda3bd0035a6122e85d67cd3ee33811e46765447890a45173ac0063873d6558f8eb4af7c0f9dea4ff40fa0c370b6adb96776b10bb21bac2c88cb5
3bf93fd84bcd6792eb56c5edf1389f1bb551f0ea6551233370482595559729fee64431e58460c994b1c6a963da0b78ea1283688f1094622d6f161ee92e58644d998f24e1790e56df383add18e17b067cf07f20cd796e9b2445ce379744738cf8b3210a67bfe0643776242be1883b650f50a580ff0875d28e
27393e7789917f73745dc4a64df4651b0f16b25b1bcc124f018ff3372ee33f295b01037c3ac1ce98a2bbef0a110862e5f13d52dc83edd96885dc53052b86c2cd73209f510fc495eb84a9233decb31215ed3950eb97bf269f98432cd658d7e79ace8197ae8370fe137d2c25387c3c709d90c39ef3026def66
0823ba8988eded925b61568e022c6c072c76cc0c4376d0f6f4c66deff85510f6178391620811c8234333600dc13671570792115bd1ce591fc5997ea232ff77caa1952ad3e2773e46a1b9ae3166d35fef46c973d4f4a0123b513c30b90ce6e33ed131f3e40945a01fbd14706c12188991130c03c76a7e5242
1ebc2ad89bb08220c5d13d034b137f33ddb3cd53b0e6c1cebe10d0c579680a60da222c900fa0f766a057aae7e603ad4e7529421741f93c01e174ed603bf70753346ebe6395d5e6643468c40d50425a9a5262c222e372a8b1a00a104a106d1a7c97d34775125fab3e4e254d55f78e13c443f6d57fd3d95509
394a4b1e3cb10a402a0a8a5c30f71627ec687bb2f1e551808d707993ec0636c7733ab0d60c4342efb6c22a799d20af019bfc40bf302f5f1dc943445314c4be5d35c24360f0fde9c8d5c2f929f40fae1779d9f39efb25ef05d9f203a00ae6261c2f8104b0cd8ad7fd581c8341262cb8ff80863008280426ca
3919e61d7995de53380c406ce1e7d33213d4b62a92e1734e3cfece6dfaaf08666c68602536e0ed30f6bebdc6150d5632a05fd27223a6f1106e0aafcd1014a5c5bd8caaa0cf1dc5b2762a161cf26c3ab6563b136bae912d8a6c0b3483161cc22e9112468401c0f2676a2aa644e7a7de8292870e6f57dc99dc
0da06e4b4dc307e10ed9a5da5ea054169e73b50676c7a06104c11ffcbeec32d528c669fac443d66cab45431bf01ce6333a1db5ef1372868fc72359e0347237f6b556161271dabbe0f4b09b2bb4cbb3f64a48237961f7b910bf9a3dbd88bdd3326bc05a302a058e56931af90bf9004cb5428cc1fdf997146a
35f586196ae90cf390a79c82ab65592bebbe510c0f19012e78d25b11923b066afa4fa84511a033ed64275153c92e12a8a0db387193207b93db1eed0f24476e4d2033b521a23727969c360d002e7967013d36c003663fc24250a5390d506b10159ac2d33cab4b2ba4be0be0ade04a4b67f0ef8d3b59984017
0403fad4f8c226c09120c1ce5dff56085fa23510cbee101a825500a1d5550290dc474d8ce3e00d05f8c1c282af3130b54b146a28a0101e589df8127e17a9c7340c01b293cad299bc79759c307b4eed9f036080383d089b2b5ac52aa46e63b469916229d2bf727a8e01124515b44e2749311712dcc42935fb
2c8048ae3a9d2d937b68ab5a645f061754aafd88f05eb0d10e835d8fb01330a1ae964b189e41a859d13b528e4e364fed5ef904c5720cc8d26cb6451820af87aad124662111bb405870c90d33634dc60f0b560226069c916b39d6052fa697857a7f53d1e7704d1b636c003079b1a82e4041c6c809fe101ecc
046f655e5c7a03d3cf7bbd0b458ac91064e802bf8554332fcf68f4af328b14ea8b7923699780e7e7b5223720a20be2e0c5e63a38d3dd432c0e16062e2e95e59e036bb0b0f60cf7a8d427690c96d399a3e211e2d2a215f2ba520001d9ffc824407fb0986c89f25bf40822440bbad19a08025e78035497ac82
0533c131466ac663ec607bf797dabe144b5307358505f3a56857f49f5c611a5ec4df72111f22b94234cd694d292d3a539028dfef6195eb537c48a15b0152166307fc6ae30caeb30c594b711b1acd3f128b4c8215db16a660729a29f0e976f1a9d230eba013efd6441a229f11f6a9d0df10391a46e0d4019f
3e77e24bfefbf7a348baecf23ffcd812a05100c8dafbe194bfde2d667ccc05385cfc6c59ae81ba60e905d358ef218baa2c084f64d39c26dd114b25690968b3a44498ccc09a16bde06eb0ca21d899ea5ed5db209b97d2b9c4f0912a311c162dd35d81fad8c7ef7187861e85b160b61d8e930bc393ca8202d6
16efb5c7637c1db040c2e325d97ad42e3c74a9c80828a2c74607e125595230b2f1ef665ae383f384b724a290c70bf02fbd2c3395721c40147b1bf8ac2526bd45f029e740c0a11d65ab14291cf1054c23d2b823d1e5da423d3fb113e3a69d0e50cf30731002243c6d3d140f25eb3588ab322fca435fdf83b9
288a2566abae3f70b557ae245ee19e3323032ce225c061b8eaba884d577b0022a3cf00ab5542c760620ebe128024cc0191582720c1baa9bea3f315813be081df7a67ec419270f9efc20c7b123f8fd52015e1b3d49ed2aec1ab4620964208a024b4b1ab19b71e377b750e8d3f14a598a430119a64a543bc69
13a4ab17a3bb2733ec94e510cb50971d2112e8e08eec02baccdb0eb77dc308bea558601b92a3865d9c5b10103d0b0a6d0ce23a12735ab642727491d52ae25ff075b868f392f716ecaf072630960bfb0e7ca7d1bb49f63ef9ba4534229423e446cdc141ebc2deb0de630e8e224754acc1512c45838adb44ce
124139c277fbcc100ca1edb7f4e78b035c2129c1594581eaf23efe67ab5f0b35c622ec8c681282736782b3f00a2f0f50b3ff4affa33f0aa09f8c0af7324b1d92d31f2d8054af78dc879898230f1614eeabd120e9d5511deef4fe00c46f39cdd2506200bc0a928835642516b909230f6fa3614d981194b6a0
0b63b70662d78fa035655776a84e1a1262fa558343c432dc25c2d4bf07a919a55ad450768990d7defb187ff061178801972330e1e2e076d34bbedc0a0c74e95140091161a420d6494841f335f38669d1e172b1041b4eb59bda2f2cb9353d41c97bc21336c94161a0ee3b56f71841db37813bf08e49bbd031
1d006ec0b7d5aa03f4eb5b5cb7ef0408f52c09d681c503b06a6bd83bd3643ec1babdcb4ad9a1eb6e0ed822766e080ce4c4259f6fe226fbdd2837c1833e06eec601602591f7688d49a164d53e383fa780bc9c7014f725db2fd56436ead22df0d075013315e2fdf0c954180b7735a10c3880048b2c4efd7c57
07cb098beaed55a2279d85d42dcf853a6c1f3766be7b52f471736309a05439a78d3b7027278218e57cb3c90c8a3b9b9e532ca5d0a0cf00b2121da62e16a7c64e3dcb0132a7864cbf30f786350f2a02bd8f8890f1db5af2c02d213beeeb1e494ece43d189f70aed1d1a048900df3e72fab0a1dcd999cd5885
1e1c1757388372302b2abc3dd52dac35d29c618107e951b27b0b4404a63c15ec8a75dfa7bca3085d5ddbc24c411f978ee63dfbc6623a8bf3d1a5ce3a06926073388b4912ca32226d4d308a1cd866eef528586093102e8844fdd8165338ec548cae433bc27e79eb17d02a6236240fc2fe3067689511f4c3d4
12c8fa60fddde660ec3b4afcceec4d02bf0808fed4abe2a132b3c4961cd1228c53dea7cc54f22339fc59a5b7d60228faa049ebd0124265aa209af27b3cc19889d9902982693151940b5fba2f8308d818e44e50bfc719d9c01003150b0b49cb948dc2bf2884a33eff1f0a081a750f427ec3c5c6688856434f
0dfae3a2306c7dc049ae4bd96d0fd131f4d3f2bd93ae62f70e7655084ae505a657cbab8f949345d6cc3e08ba530d0d7cd670d1b60150581b8fff25140c2cfbfa6ec2424101bf80569ddb5632cee98a1c4120f01d1c39b4e1b1ab1f6ece063974793354247ec0525fa31f77b03b61fc49a0d2a910329affd7
1d08dfd96597d061d89c2049dd76d92a22a1463d10af428dffdf509396600235872acec8cb212bbe59705862a3016cefad7915e4b3b4955aea71e5d51b17856a1d32a2c0bbacb3076115bb18d8b596255789c3c73df2c3157923282bc275a6bd47605e4738c0862c851ec882fdd45cc8e2dbe37b001b555e
3fa4d0f311641be0ba29c790e4b37a1e3ada6dea4fee02c293cf8f588ec723f102c8d9432e93da084e31b5b7641f18bcdc1a0163417ee343b241969b28265e2804401ba1115c9238f0cbcd18262f0a5fa41582b83ee77ece098c06ba3acf8fda5b2387950beb81ca7a35d7c4593e462be2a3671d24d7225b
1b25220eb3a24e034552fad0c67f852ce4a521148cecb226b36824d814ba01ec4705b828ed73fb54cbaab9a609141d42c105b0ae113c99a6104943a323ddc799ecd91e0092271f5aed30bf33da8a4f49650112589a99f1404618192676e95c8cec803029b528cd627a266f4fa3ab4d0721c53420ea73da35
3959c0af0959ae33ee54aa7633506818163bde2b0aa2e25f093aa378c2171417954735643cc3a025cfacf7e499320da4b9027c6a317dcd3868cfb31d3b36aa1bf98f5e135b7fbbe289d37a36db2219e8e3a8d2d23917f6370fb53ee460584f7431320560d04a6bee17362039a0af3f1313e4de83b8b3bf76
2e70f1127cdb6ec1bb3ed669f6e5b11de54397ead163a2328e2426ac3b933d794ca5382963a2a7cafbc9fcc01c23c16304d495d9428612f293e2258539252ffdb3bbe0500df6ff44e7061c24c4f25ffc2ac603a98ec3320ba94b19d860a6b2e7efb0e6d4bd1c5f7b6b183cae666350d8e3a40cdc50a59121
2640009574295f60da16ef9ef00e900902716ff4c73060c4836291ce3e1e395ada41c6def16265f9f7806c5bcf25b7bd9aafec712140b50ce048bb0904f7ed3273a7aa110307051f48afc82278fee5bc0c5532dedfa7ef68c1cb25c9891cf68e5f0230b656d6ee90a81331f203d03445a11e23deda381783
278c073a8ddfac51918abacf04c6950c48bda2549a2fb1e0b64e14b4c8b80ca2081ea1a599331841480aff3d5027662476aa523eb1fad2c508b4938e21307de7b4d3bd4127cc7e1c0bf7c434a1cc2d7defd8d31816d6f2dfeedb074355ee06d98d93448b942ef939cc1361bf8f9f500a12d04930ec031368
10d408137af4e59205b630cab342c91df77f59dc96d4300756693b6ddbdd190dba4bdf18a2617bcf96cb088d933d7b46cba28f80e231d16f5b676a74124172a90dcea880d1d86fedfbf2301257344802a57cf13b39602a6c75bb06c34f9234566e821923fb4e77b01c282bff9792cd0f838058c841414219
377f8cf0117f3ba148663561925bd93b3d5e72669123205593163dc3dfe00c6be78c4401f1c0fe15217dfae00021b76beb89e9db33cdc20fa2e879ae2fb36c842a457fb125a93ddc97d1b40f3c0027f381b5805553924ee5bc0516cad974f828a6f2ae875175db9fec1529516010c2c8525c9eafa9232a22
11215048e7b119f32cbe23edd5694b0a3d26b99970dbf13775cb558a497c1e0a2da7c57d07a34101d4555cfe091d742f9f6bce9f410863a9761cb76b25a00ad4f7ef73015b07e50ff6e30c387e53daa58eb5213ec5e1b57728d724a8a5adbdca32511396b3c6d450533458795c73e67b20bc6f3ba57a581a
018c700facfc6672435f49406c10a813ba21deef6983f01796e911af27bc217ecacb3f57d412c7519d0ba26f8412e41e656c23c0c222e038c50c7c921d48b3ec1c647ae242718ca4eca78c14bdf07744bc9a52b601794275aa95164b4fae2fc6eaf06f45d07ca3922e2e8406803c05dc808afced20f529c7
000000000000000000000000000000000000000000000000000000000000000000000000000000000000000000000000000000000000000000000000000000000000000000000000000000000000000000000000000000000000000000000000000000000000000000000000000000000000000000000000
08ed36bb513238a1ba0fb9216d7633332bc31b3a412db2e6b332f6d2863c38f2c5fb68b82103be2c31cbc21e813babae3c667ed762dc4443c4cab85707f848145f0322c0d8969cbf4c45973acd8389b8092f80f1fe96944cfd2618d6aeb1e83b01823d359c9f4bcfb80fcde25084d62ea08445b0e789afdf
36d40e437a4544326d8dd55d0529b0381365d81d621162cd8ba1b7bd113a3b25f72041b8b382fd43690f273a140749ca30575a92b0d40d05fa9052f10c162718e624055106a80ffb16f6bb1d276869e9e38032337592f2dcc8e43b1efc235bdccdf083184f0ff0f3943a26db92ee55b8222f5beec13a1b81
006998c83bb1eac01d79a4e211872f16e28d14bc75f6406c2672f66f6692119f98f0a61321536fc1ee249e1c912198b33f66d0faf2a5ff23fe86b1c93ef5bd34f3a26c33d6c805941192f633f1a7388cefcca109ec49e84b16291a918593feb5c6f25b8e41b874ab4e3145bb1d0c22bf2276b72651b5398b
159c45bb78509f03a68821419dcd913a8508e7801b5a502f3f5b5fed77fe08f79eaf37ffd3734b0999477a7c732adacbb6d62575701579e2a7f55be22fa0e79b5d8ba902c1a9b455b461d0326dd8df977c9f51fdb56b5b98de4c00e765928a962760577f62c64bef3310deb15dea98079399774801315cd7
375368d9ea5e49e3338a1b917c3a1a31b1b4b9f9829411d1444fde70e2862c02f1b9d9e076b14f592aad5c1b700903b3976fa0c6f08d4fa188349a5d10d2fd83782efb12a3f749c49e06191480c8cc3b3407034a1a5ac4a2600e3c47a4d9aa9dd5410349b84fc8ed55081801fb209516b0c372f19b6f561b
0835de0dffa1dc715452db13f3d5ee21ad33bf974d9300c0f332a73d02ec00c1e7add532b733473ae90d8a2585211f484c27972aa3dd82e984c3fc3628813dd6dfc56232c96271605fd5701c26f228c32a4b7321f8e43f4470cc3f994960417b2441676c0030511a8820c0ed89cfc2e1317d1da68aa4b147
094caa4e1fab8fd2fca39c0e2a196c37f6b75d84c42b13ab3d00945df817191f00d5aaa984019cc6fbc485ca9f2ac9ea6dded6f1712b30422d6d68af257db05aef0b5fc307fa2c0613818e026b7af0a65a4d11b38d4f80aec7c93262dcdf82684e90b472eb06147092375c933d971dc131a3cf67fae0a914
1e11b6450a5dbe914a9d097e1d4ab11bf5402855678570bb0aa0becc35b513d0c785f1819471119c0d959c0b7e1420e71952f40c30c19124c4bae7f40445930960fe59007b302b690d55df38d036b61ed4e5c3f0a2cf06d7b9e615e9ff6944229c524e23d5251996de0336c225f5b74d03bb42e609fe0d87
039443f2fab2c3607fe2611abb2df2128ca51a46586a70b9a03c8d20e52f113e6b29c56df5b3fd601f68c09a08100b32c2468b55f1af2d111c1a18fb034a098c5ad52183b3ebedd84e1fcc18552cddffe64a000d35848bd3c01d28002b802944c791cc2301e7d6d01602075eac2ff23e72e6d2be9ee6f92d
2c9d483f46d57d23e5f31ccb5970020f9ceeb17ca30230890f6040c522900be8bd568c6b22a0d9ff6ca0527f13257142e8b18b3db393fe65279bd541345fa877021f6d525bb9b008323db316b3abda185db1e34669739d2851b22b2f2b5349e10f206f02276a30574b13e15a297c0f01d3b43f2e3dce8ec8
3f6729658d4fb4923a75e2bedd9986063d58298681c16288d286a9dd02e6204e9403969f7902e6865365b4082b3845bf9c43a25a2280236effd5e8a2257fcc7d72961e513a04ed8d89e07b29dc8f571a6bf001996c988c8626db1f13a257c078a620a70cfd9dae471b0d48ac4d9727674043ad727abf0312
1ecd4e03aad15d506f6dcc74660e4a021efc6ebbc0d33002e54b20a890250eaabb9869e317718999e269cb49962a7de134225331016231b4be03121112e7e7e4544962403413ad993d67c53a9deb79056f0231de150eb35e8429259a57bbced651d16797f3071ab0072e45b535e93fd82264e807d8758449
089822e4bef5049056308835277979097d27582836ee73502ed38b3dd8c031c1cc4067530660414299c455e54836c2476c6d7450b21ccf8347f5a61300d5077886fe665346ca59169d24391412364e68b738e0e448bb81aec62028f64e8cc68e480389a91b158181df0118183a2bfb2e8090d4ae1d47f201
3ad1cbe259bcd7f3bdfed401435f851dceb6fe2925525336de445d4657401d1c03f62f4dbb10958084b9ca4c1a0f5410564b3298f0cf57b9dfe9d5b412347cc38fc70741fb05552acf0db138d901abc52fdec3f28fd42948538300474a32f02ef113b87c6d22ea75d7261d8ec4ff4e1ca2aef1a40b9fbfa7
006b61d000107d33ac5a3fb4e0aabc15e0efe6e4230b6092bc543bd049323e9a317463dce01198a1a21b1356d1128b7d4f9269e7e2bf7fa20555bb9f14239c35849163605c6b3434d9d2dd15c16975a52a32d3777c89f56c351e11869986bd1f8fb0ff645a73b8ac401a147843484b27c2253fd023b05878
000000000000000000000000000000000000000000000000000000000000000000000000000000000000000000000000000000000000000000000000000000000000000000000000000000000000000000000000000000000000000000000000000000000000000000000000000000000000000000000000
025dc28b86e53ba102f05ce1221f12205cd71c0f30f2c3a2f2916d6e029325548485175a65728457dd7e66810e1c96c063fe9815a1c8b00f58fbd3ae06022d7a87676c6355d09a1c5554a70c7cf57fcb26c9a2b48ca04e2728c30c9356e61562a05241ff069e2ad4d4146f725c89c43722278ac6f2c5d2e0
3cc7dc4a956ce012bc4ad8af91a20c269142867b1d0453897104368510af1c361dd4badc2bb3784f5e5be0bbc300b6e75331e31b918a49d50eaf20003218d480c57c79015a0c682689ad533729f228ca794da03f7d814f077b55045b1047bb1d1b22d57983eafc1253308915864571665032d797bf1849fc
09ae4dfc44e1ca71f25b392557604015dc7a6bd8de5240105ea99b44d02f27bc76f1fea9b8418a24a2b88febeb10e4a41d6e82cdf1533dfc5a8a47c23786954c5f2b3cd243c7218a193c1f1a944809b55b81414915eeae75e5403168ee17e8c03991a05db447f757c8251370929c35dfa24950ebad56c5c4
1c8e5008684ffc535c44c01d8f908921550d94d189d991f985e203b74bbf3adef955037544728a8977f955828d15737a5938da37232e65dac41ebf65004fcc4d59208eb25a742981a57e7c12249ca47e6665f16910769dedaae40befa791e1fbfa02652222dc0384410a0b2d1987d7ad03f048b99cfd6ca1
083dd140ad1e7373554f262dcb2fd4036277e5df3f8960452ae247685a3b0ad91692372db2321915c0cfe216fe2bc5153b4893b7c07db5a74d620f160da68d63a5e56cf00ca592a6cd25d3136152924647f121c6841636d025f8160f8aab8bf5d32343376da87f779630ff92739ec5e2117009c1b828f431
097958eaabca7ae2d27d8e35e9d5c0314506dcae57a1335dcd3112fc649708b9fff045ceb4f3e70b2a2776955e2d01aa2eb31893f2995ee8ae04d0d9049f93e66c889b207bf0414895e6643dc5d9e2fc127ca2700cd17e53366d3b1c0e7359707ee397d61d347b58fe03f0290456613c01a6f5e6781d697c
3a15f2a825a4a6d3a841440eec865e0ad3c0c26b0a06203ddcc930c9cb6434b78368e2e23b7240009aba6d3f9c0f65ed52cd7339e268b55304081ffc27b06b76fb0c78f2631be8bacd31da3e44c63f5df381d1ce19c1c4c43d1c0ad8367782540c732864bde6e2774935d52f41d8edb852b743f24970fc1c
1688410939e9744322e872b5e803293c7e909e6e4f72212d13eb8cc7d6101ccfe9ce0978b2b36513fde3b7745f05bd444a7cd4eb609c8c2f40e932620b468827af1997038b240191fb86fa20efe112caa86de25c9b47ba3f1e8d34ea26564d1ae221a1d51ec363bc20352ef67e510181009af26da2fe8bb0
0e8a51addd62bd81cb3f4e6abcc2d516c0431428a303b2b58e6725e56bf017e896898b04007098995207f0f1ce3b217b57b72038e318a15e630c2d1c013864e709c3cb72097357fa26337f35cf2a0381899e931bce3caba0e2e3053afc1df32cbdf3f6e05f4f34ba742bb364fdf9c26d82b40b289919b3c0
361b9d3510ca199277a6308d60cecd124e17d2c6c8e6c1ce39bbb1538b0616b707ed9e973f230c46a84a6e3707215dddb19f0aa9c23f8158f0211a762c8a897e124a0940512bf095213e022616065121c8916093e5fe027cc9080eb64310aaf664a1a8c7ea919700b924cbf77b7978b61141c9b739a30778
10dbefcaac66af221735b213ce2c5b3c05d2171d17af531a9300408c6ce829ce95427d638ad057a8f77afd64d23853e8f30a01ab318a9aeffeb2639f2ffc4802e924fec259ee1377c60c26246f4d5982326152d51d9d37f89ea80dd69220f911bca1066ec23de696e110d3a3ac17294f11ff920f500d17a6
20e41a7380c59ba3f3720239bcb9a43f58769a58489ec1f3855556f40da22225fe3453b9dbb3a70537f360cead3a43b06efb891e70069073e638e133011fccd9683f338127365516b80f1c116428b377429f429d81429bf00cab38940fb65a5a1da1ea42d8dc3ef84b0cd9a6ecd06031725199d3e0aa2eec
2b54ec4bc605e301f965f0ad0dbd510db0e04903aef2e1a2094211e0616a36a0aa738311b2b3f1673e8ab3c64f2a879bbc883822e1c9e2f322073c7b3748d304371673e3f1973cbce3272f181e3064c9641fe3719940d37f9bea2fc9d103aed708e0a896655b7a20583d850c92cb0ee9c2f0451303d3ed3a
03cbb125d556f9b21d0ca86666f99f3f798e298a225c21d484edef9590de1be1dd6af58d95708154093105ab732ced701f8f5bf5106e6ed8a973402c2b1e23f77523c6f02bc688df4404e018f0a03da46f23604ac0b7bc36ab49053a4c44d9257781d62974e207612a1add55e2ab1f999320edb3ccb777cb
3a92a291dca669d317e3f03e3b3e4e2c9ecf87fb416783acec8ac72f0fe91dbccf06925e8a90a685f113a8a20a251a1b1607f5c1c0313fc11549e8f3099af52d557f36200c779dbc65c58911df061a684f1750200ee5cd14801c0f4ddb9074abe841c965fbb4abd3123396bb31ee80c3a141c439e367f41a
000000000000000000000000000000000000000000000000000000000000000000000000000000000000000000000000000000000000000000000000000000000000000000000000000000000000000000000000000000000000000000000000000000000000000000000000000000000000000000000000
3cc33b550daa424265482a1c0bf5f916d5c2465cf07e801e139bab1261f93a1d767a66604bb11650c05acab243022b17bf74039052bde58e2c119db32b6ba467c8a2cb80723f792cfc90c80eb405ddabf2a613aa3107820bfaf820706615b50e49827c9eb8c79dc43c0ff22d396135ff530de30e610018db
239dd09316221c2039bad9832e432336e1bceed1daf200e57673bb7e2b6119ff08d1678a1d11519cada3c8839f2531828d6fe0a301b6775c5851980a352db997bd07b4d011f7c89f0dceab09c19776f762fe90825d2026a5a62b01f9d9f09c7ad7810293cf9bdab6112f161cd61ad73a1124a4b0ecae4a32
3a89df3b91c0f652ee57ae21cf81661d0269b600b838d1b89e73a610637411f89af18c67989138f8a6def182691ff1e3dff5403f001e0ce0d35d8602145adf93b5def3f1f6fb442f9807f71f0ea829fbebf932afe1f635c537d23ee21513bcaa489300a3dfcceb49ca2287039f664620b335fe472eb4199c
0ba280f4bfe2433127e10787f53bf63aee262c591c42623c675baf7ed1ad060b54647bdbbfd231c18b9a7c6cc4384b0495a5117021b92fa953f618d70d488bd216d87042064b6ec2f8746121fbffb6876d30a009b748c3dd7ca42bfd9074b4af26f0020f84a140f99c3314d78c6e4a8b70296d1f738c28d9
0978a6f4584be5538d82a56ccaa4770519424d242468b0b782e63b52eb0b073b554879adeba34645f9441615803d04428274e556d20c8fdeeccb55613baaabce0553b8e36a67b176104bb2126d9222f6bc84618fc9df498114d03263ad1e522fe0800e1ab826c93ee235d69218bb5e24e1e1f5a2ceb70a16
2d580ebced949a3149a0b647588c4d297cf7c133fe50a24d851bd2fba1f329134171a9c7f2e3621290ee790b0a224cb533738def734c8aa08677bc580752565bc2dddc71667ee90ddb393e1d800cc7cc13f8d381da4b48d53f29290fe56a5160c83345a6121d03027417c18b2964345942315f9267cfdefc
09bbc550c716cd521eeff4dd3d591b048b382e462131623603e95a5cad8119a4c6ac972e08a34c83bc20d5468c0356667d09c1c9c17bdc1bcdadc4ea11a3e30b94d52020f9f88b8d08d22b2c4ffb0158abff429363f4b5986d44188cc387a4fb3ef3cae83fe12864ff15c7cfb2a72d18337329cff38ab936
05ee36c8605531f0e910327a9103640e8c5121ef9b868054345a5ea7c12926c808e77932ff43ad61864fef2b11371262d987bb2a63e9c8a5c745b8db1b21dac657b703e075e0c058bb8ee817570465ef131861798309ec1909ac045899a8b5d742b1ca166b65facad3272dfe276227ed3374d055cd72e52d
32f298c68ccfd9121dd6c92292f3c82560310c6f8cafb3472f8bc4902cff1c6d0c0482512783fd91c5f8bf36a906beebd96f6c58937240bb04b6334f35b8a4f09026d6123929047312f0c40a49f42e5943abe00ff636ab82cd753d79133a138303f16e9e7e120b52d729e37795952d51a39f0001f08c32f6
33f61809f208a1c0613072bddf547a3530850f547b99537259b13bfa24e827efadd66ee673507b70f2cb2fbf3c10eed6769deb3bb3d5f9a8fdf0a14c05c71810b5a9e84026df286036c0ab2076f4ddadf72b23749b0182ccd282041372b2557f835318d710570015d60216d9012f0177b03cb2f06b975ebe
29ef8ce6241799910bb240152b601318f73530b4ed38a0e5c6c526711ecd3cf1b3ad738c7663f8c01af0c4af55022efa82acaf60d3261ebdff695a3101e1b14adbddf4b2ab5d548a9a4d230dd2a8f32d86cb00762df7bc9e445d27d7a22bb68800d158fda314cb4cd52a3cde32e7ac6a71096f17b03579b9
3a6ee7397c0ec2e0ead4b0f8953f682909f4be2270246097f2fa5d3e58101ce25450e4aad7e0c13c508c165707248e063545698ee0eef1a980f1ce513bd9d495d207eb03094460c70f471e285649b8e878fb31ead560e84507571f4790c0739f3ea30b76da6e631498154adc91c8e8c56134ea8c5914d739
2ada4b98d3bb0041ba3c064c895d90367567c9acb0d6b11d8fec463e7af422e5c1ab8cf19df1f9aa1c978c763d30777c7e112d20c26fb74929e8b25b3eb0c4b96ee27ab1a633a3ec000513326b8a76951c6af372fc9cf65605863f2af60f0ae35310555bd281694f3a34ce237158439bd3f24da0f92bff18
1dbf80ef2181c980c22c2ac6a0a85c06a6a0cdbadb569084eb0dde004ecf20d24e25405aba70e50ac297eda9121e159306697d6be02ef767a6733a6d1ff7c34fe9de48205f893456b69cf33818ee0e68a63662b53d8a208b8c4600bd75511d6e97c2d50334322376bc2b52174b7b771b2221b44d42d250a5
18bdd1dae62992e24e3b2ec5d08b883948d2a4295c6f311b40c9c71812dc39acd1767dd4bb82f15ea03920dafa1e9ab6925901b5b2915e040ed96efa353db3b4f7fcb3f1e73764aedc94143f0bfc9fd28e38d1e2b9a643344c76172ac1e18181eae1a947973a853a8b032c38c5d8258a824f0160ea531f07
000000000000000000000000000000000000000000000000000000000000000000000000000000000000000000000000000000000000000000000000000000000000000000000000000000000000000000000000000000000000000000000000000000000000000000000000000000000000000000000000
163ad4d02b25d8d1ad1df66bec3eb83f9930cecc9577933a99cc460213330afdc26283fe5c03a4539e448a22242572abae249cd231c6acf4c3ab81e9220531bd4fbb5351fcc60d1fdf357f05220d94ed781c01b71f155780138836964eae0a1de342a83dddc77f28d21311539193caea02c48827ae5eb1be
179baa896b750d900221893e7a6fa00904277e80c5c98212a0cb37eefc6e3864296844e095602472b6ee583efd063788b18728cf03bda5978bfd4128119cf9e0edcacc037c7b9d2f96c46524db4e7baae2bfd0293b8544bcb83a322f9109888419d03703a8b0d50f483024d9a73852d381aeb000c121778d
12717b27cc9bcd81d5f6cb01a8e6132a93c0e00180fd81b4b68c719231a3221c389f7e10b81027758c6cc440ca216e6d9911039c50de92adcb7d19d73b9ae2fc6d0689518c2fd6ce034a2e135c01dfaba88960b84245a2c39bf502ac682725857e10600267b5559868155765d6881d25222353b4be64aefb
2a91d15035a807b01d8ed824b7dbfd000c447993c868f2c104471cd173ee0ff4c52cbf30b2c1d8b6b3167302b5086d9d69f7605472ef1fc1d73f510102a56a945d4a58b28bfd9b03de63341858469b6e66b692264d14f8bedfef18a87cfaf544ab817a729a993b469c39fddc177f4d6bf1bcc701709fc6fd
00a7cca988d6eb534014f82e886e481adef695ea816441a04ebf506426bc257456c8d53783715d5f762473a0202b4df9cb0c5b7d200c30ee3cfb646b117b021583f79f1162e9ad3d07cba325379be8d157af91a1f64f2a345bfe1845e75562631322e291fd0b8641f63e690c9c3fc02f00bf65d065992de0
08da9621c9c06ff0d465e42bf563e91bc0eb6088603e21f8a8e4e01cd3f308b076dc59ea6a1281760b97ef6a110d694533eca3561244c80a0138354c0cc322989f7b37436b35d2afcf36982b8a8922f6170dd2ab9cc4290bedf5029703602b069ac1fc55cdb5ae678624ce768c388f8321b6023e9be85044
25773504a95c1312c8707d02a1baec2ff24d5933986f128d72ad17978a77376cc1b046c7af127cf6cc997df4340c7547412bd692d0fdec30e4938c0f2df8c321e61f35838f2206af7a89ab226540a24f621411c347916ba207bb144b339c942554103f5909a18cc31c1ad0e73b46706aa2d6430cab0987df
1b7d8eeb01222df292d3ae05a9ac5c3549900e94090731a14a3ad873a98c212d6b4ef2785be3e55c91b91cf43419b9fd0fd1f50fe36d7654b0df41c32cae47ed2394d0c1a6fa89ad2e61bb1e013657080c75b2b6351ede04c47e2c17ed4042b68411338a81daf144b2016e2f5a1f7f9ff1ef0cb0b2e91170
0bab775d6cc7d3032e17d6744963081941ba13e324d6c1f31f3d371fb1ed16e022241797f751c6f233264ef0621b8e05f17e38c821490bb158f64a6f275963bd1a9393433682a09ff1dd831475f871696dce406ad82baafa89800a71dfb36ba0ef4040973e402f0c19320524f5597d193131d769c8ee96da
33f0569be98e01b1414beeed50148a0fa97f6dd309bae155333a23d0d1e41f0aa39c6a719c83562ac3819a29c6168546b400388d20c2b0c15e673c843d180872460d54917637b578509abf316ecf08b8e7f8c1b343b9d78c181129a2b200858a51b06e95816e69668325beb69400a7d7622885174bf185dc
216e5076c53acc511f3d0b3eebf3ed3b3899ed287e737233c5ea575164131304d66d9b2e5fe290c2777524176424af15bda4047411096ad7b81c808928f80f2e7ec483710efbf27f8461811a668f6b72e42510ae0d638dd4041b38e742563065c9731082e66789c6ff28e60580279da5f24edb029f8d5230
13f34d8b9182ed51e8ca5fb49bbc7422d0d1663f71ccc0b62ee8efe791d914056097352f58121333296f761bff3fedc4791700268248da7fad44af4a2f05441e0c6389427e5e5eb5ad64b500aa542a4258a7c10a4a94afe9b66e093c87994bd962a32e817e1711976030ff8099139ee5a06151a4c11a84a7
2c058e0565ffcf03c891e8c2b697793b287373964d31c32681d9be931aba17a17f5e751d40813e91bb057fd1ec1b35446179adef10f4c5e0636e44cd16ca82bb428e4cf3dfc3d60929ff0f3ea087b81da898209357c29591d6d4266855c25ef7e963a228ab42803fd817066e35750f2c41fbd0529f3f73ae
232a3d7662e8e240e57efb6da1b102172143c2140dd4e0dc2693b359fbd12b11a13299f6087007857b2fb0db5b14476451345ac852b7b23e17c3f0ff173568d80dc8f6931f0853643d1f3228cd73efba172cb18b610c6917117b3b8b0f9b68a33c90256812f077567d37bf611cb3929163a4112cdaf915c8
00de31eb4259fdc3b44853b5e20d79143b9c3b6218a883ae53cd94973b8409142a18cafc6f80059732919019c810e57630732a5f41ff0acc9293ecac175ff0f1268a8623c12341be515ecd057103809c413973ffdc1891f7f39300205253dd28f983f6d64138a9fa9e24cf3861c2258f4322c35bb6fa5a48
000000000000000000000000000000000000000000000000000000000000000000000000000000000000000000000000000000000000000000000000000000000000000000000000000000000000000000000000000000000000000000000000000000000000000000000000000000000000000000000000
182f771bc5e7dbe176a89a7be1ecdf0a471c9d865d3aa1c139d4ff7911961076f061a2c9a701066abe43cbe7462aa241c0d9d834a077dad432516914358db90c695a1530414244b286811903341169a094d433abee4eb2a71bad3047d285637ab11209f1e87a5be27c1787a4d874360a62652b8fc1a67818
2e11c8db770baa21b6606e711d6f133ff6c579c46f4f223acf5c01e94d91152a9a3d62d0e123045160c8c0659520d93d6ad02429c2ac53785a2895982a805eea4abd51216d72565261d1df2931ebf9f82e78b0ea7adb65ea69381d596d25f0190ca14874bff26fd0753e6181fea73c6f0022bfe7fa3502f8
0a68b9b721945aa04467c8d430858e0ea4df84e2769cd318f6602b5452f418a33db4549d1933b65005220c203e160150b1e4d28ca19408bec8793945199d645247447980398810441fa518086a8d4185f713f07e8b1233c3734e2137eb294b27ffd2345782c41a3e0c1b19758ff80b40b294d527a8febd00
15e039c04723f712f84f7d4cab4ae92aa67d1db2dc97e1a4a705dd4338e635b69d4ec75c14e31ffdaf9127cc5a0127cf6ffee39d71a10357045852f908afa8a5ff18fc42797f49e3d37dd43ca92ed1144f8d02488a78924484e7252816e754abafb2578c345ef3f37c2d633b51b0b929c1c2dce74ae48962
2215d06bfc4ec1a2d364841e77d45f1190b71ec38492108b49ed06f1048c1ef6b5bcb9e9aa01f6bd4c1faa05b83e369f085d113c03aaaeb4b55b9e42212308508ba62803cf0b9770a6f28d1b7c73c6e44ea6608e96c92c4e100f1bcefd2dc721ee02335595875f62bd24986c077f9aa711010932d5e7e27d
27694f830988f9813bbd2cfae5f3bb015a9a02f646d763d2bb1afa2f749535782a50a4ddd0e20351ba4a57cf1505a0f96d10481ff18e70a2fc585a7822c5f4e9ede6c2f08ca5957aadf9d802aa328b08277173b43a567a5c9bd037a5234c29443f42265f6da2c40df11e8691810c0133d34dff09a97d33a3
398a839160c8c460ae0b96c996435b19ad0f5f4a192b01dd3ce86af9d3822e0727ff8f6473b1d33223679253af3f12d173597b7663fd369d79e7029f1c679e3a90ac648014fff4bc6711ec2344f0ac8a4769c381044e722121a62f3ed3b3887829f08b76a34b970801012a1396ff1362320390543bad0990
340a8bb1ced82101f55540e39adfff073d13a1006a31e32c19c7fb5ec1960015900e9e5405a028b167a76f9f971f750cb0f1652b307b17e3035555610e62343232aa0c709ad5860ae95bff25806308fd4cd980ef1060bf730a1a2173b6b478ae7a60795b490fdcbec23de54aada171ee91163587bb1b2d11
3fb54efe0aca5690b05b7555e34d9a00d345a3de835701399bac580732ed1ed48f22553402732718d6c94c4bc739ef2bb56905350033c4299b05cd9d143d8fc343d6318193c68bd0ef478e1ddaf31eccb29692f9038725d27da325c8f9a9989e27e37cd08abe973f5e3aa28e85fd75dfb32c1f31b0081dfd
3795d8fc1c69eaf3f2f9cfdc5c1eeb1b452dc55b8fa6206b3e2e57268d7918783f6fb6219f50e40df9865e41e51af3aeafd4cf458074b239775720623c609b80ef7867d315b41ddc61e3431735796a363b56b01710891394a9b9298224bad53faf1010d9ecfed29c792dd4d3a390c7f090599d7b28819f9c
130f3070f25f03d23393630941cdbd25cca3aa17a83f82fcc384e1c17d6314cbd95de4c3c941970391422c4489242b6e4c5d78db72ced803a999e3cd12fd7d92148ec5300733c4082576f42d71771b6cf4c683c742da4abb4e252bdf8c30050ecde361deb315c68a0b05878ed54956f273a58a672931fc74
1c07d7a7ce2088602552bb8ce919881a0bffaa74143172669c5539c3e63a37314b88ed1daf132ebd78acbfc7482ab3e28a09bea9c38968b0bd31aba23f6bd0ab50efe4d0b3b3c23e630e652e3fccfe4562da91b06ed56f4a3e3a11b6e21fd689fba02222e4efa0d5d61bab6ca1a64632a0429ee0302d45e9
1db6ca280bb8cf73ab2f608549c5f40f54667aaa7dd0918568abfdef9d992318f379b469af82111e4c0464ec0b240e0358d128dfc3a6296f74d113aa0c64bb9f04eff7129c2e9b9e603337178fb13212a913b2370aff01007b82220b0fa826222bf37d312adf45d78713af3152f6f690d387acf7cced81a1
1514571ee1fc0443db2978399ba35c2e7348feaaeab0923831f39d86f8a8153467dd2d38a7b2ed2b417598e098305ebe9daf5eb270ce257b7c18f02c0bd798d3074c1b32f7754ba523850512fba35772cc634323f9aec796f827202945c8ed4e2880df5ed515753d2d0c392be5422ffbd03a8ba81013c937
18f7e0e0613b16c031cca6f730bb8011eab3b7fd4b8862440b388a9ca0092a1f316c953b5a731219d0314dae6319c96e8a4b0e54b3d35c496b217f27254c7eb4ef4165014d31597833041f116f7d1549f553d28b14933a358f1b0986667c463ed2e31c24799df7a9d7034dc5152603ba0043cd272025d368
26f5275e96cce1a26f5275e96cce1a25a857e3542d2de25a857e3542d2de3bf710dc4f4d6be3bf710dc4f4d6be1732a790b3d65941732a790b3d65940e781e34a688f340e781e34a688f341eb2161890fbd221eb2161890fbd221f270b1cfb818c11f270b1cfb818c128ced612260e95b28ced612260e95b
26136bc7e333b841f021dbcccc4d7d2582721f7aaa0ce24fb49bff9fea0d1de82c3812e49de229de3c2f9194b80603f479226b9c63e485b9d08e5af71e6414fb406cf4e0e986e68c61248b1bdd987aa00fe453651e17b6bd58711c8ad9636e72e21293facf8deed2dd360c935d2a97e582adf021838777de
0227f7dc8cc9c6928fee147e9327843769d3ac81b1efb204394ae9f7bbcc1ec1626a07f74b025fc48a6b08aaf2060ea812382bd320eb6e1f8669ce612508e86ebd2bbaa08fd6048c25a4e012db070f6e64fd611cb6b54d4439a8046d4eff1241a172e8083aa0353e2510d9e54546fb08e23bc504b6042456
25317ef754c62153f974d1c9493d9622758f1dfeca45b0248393112a5ec310234733c6de49804e04cbb5a61f241c4e6b9dc736ea2388daa84859af4e04776a269ae698e062c7dcf2609e881d6ff08fbf27e8831cde315cbda06d0d17fb91bb43c443aa66d45c11a7bd01277885e9013d83d179e0e4229ddb
091dd72028b60a5247ac4ed797ac32355f93796f55f1119228fe11ee72493dc4345ca4347c832d01ad6a58f2f42464887c27e1b52334986842e55c4039e3af7b3e6b9580bd6909e8603e870d7fc49124d023a3ea4237ed7078750a6392171094f2a2b3fdba3128e5cf3b3972b5fc22e2225b9f155150bbdf
2b7869cebf488fa382f2fc99564367040e92e614cdb192ef229112d737693b8fd0e274a53a112cc7c3a05fc02638ad051d8de33821e506a754f56e3124344bbbf3859a5341acd0edcd8f140f4e841ea0ec2b01fa8b0d5ed70cda1ee4ac3c11fbc8c3ec14df285896e403c9bbe158e106c077a4e421f7def8
3408ab7999de1ec00c1089b9bad63f326818e0520f7b2020135e895fb5f705fcb994b0b062e11c9f1b38ebd0ab0e7a4943a34e7f812c7d089ccbf90a1caf6e0c0850d07029db7778b0328c05c0771d758c1261955f677fd169e03274ca54e73f0a638b6a4829ac31c51ca9b5247b3b9a1189e1ed5f3612e6
17add308a71a12c2c36599861efdb138e75959ca6878514b1e92d62b651133e2e78abe098541bdbc6d97a6edcb2e4ce7f11d685533d10210bb2f1387241a6e918e671222831494365dac442adbea019785bfc0315d52f7d5234507c6efeace38f4a0a31e52ab66348610cf0ef8e830c2b1ee818040397add
21e4df983c7d5703c095d6a997acf73a1e4d981467e853bd38d1072763b52a810693906ef7b1fa578ac43e2e9a1a14df6f56ffe2b3bd988c8efad9782633c1ecf25d6832b686acdd3504550c44cb86f83353512f2f870f5018221ce56b771f2fa7b22d6ac06af15ce91935ca99f9489210443a6786c1e3b7
0c153927ebe611d3e123751d92a088255e87ffe2fbaa828281d7354902690774c0f4c2842120127a2166a0591e362fa11dd5e6d2739110e9aee4e61e0ac9e55cba9f8fa24ff3c9a53510a9225d8e4d90091691f9a6023b14bf7f29a2d94ddb3245230154f92c617d6d3de02621f5365d21a5086b84f601b5
0500b63045cd6931f00bd3aafd275a298012f8763161119257bdabc17bf234d77782f891f671fd120896e41e41333b48b69cfe1521dc91330bf91d443d838dd5063d95b218d97ca3fc13122b27e141a03ab4238dfacbb21cfa0024df1e67189991124457a2dc1ca11e03974b8bc95f76c2643f6635bb794d
0b1ba29b16dc5e4399e04fa0fef2ef3836463131014f7195e6cc6906f48009def390daed57f3cd52f7678b9b3c3cda99a19f0a9de39f51e374b9161c3d6f947f957816403d0cffb7160138015b8aed35c0d9620cf34e9cd935bc21589baca9911d7060ee1d7d73c4d837c2558ac6934aa30c37d09e662699
01b9d85edf6af0e3790f6275171a760459cf58501683837f556d1ebf5e830bc0320c8d061383dea2f4fd7ee2b8052d2980fafb0410b26164ff7eaa4109945dbe4b2afbd34f425ca3fbdb951109e583b08ebf41fcfb2ccbb251662513d8c66fe17d517f9a621fd4ec9415aaf24dfea264e3b9727c121d74d9
119edfe430df2622e00c5877a846350c124b5fd264a723b0232d84987d772cf6f3da7fc0f0224d970d9a03d2c30c285aeec86647b0ac509640c141d0278d986bb43c86719d82686904366d3cd5c4a9941e123024064fd891dd4208c8f0cf0064d491388d1012d4db4021bf491bc87e74928bfa8139b9ff87
0d116852749459e2a693670a56fb0334848019febea3f0f47f98ccadb86b0fb324c6c144ef305627296c515bbb0f55e4665833e0b178f0b8b912b47003c58515bf95ecd07f08bf9b5eb68f3b3f8d61ba57d023f966aed12341680720534de21ff731f1fbddbac4d5422f7365ab941d63618befad68c8dab9
21abbb8e37da58935b548c7aa22e4517609e38fce8beb0d1a914c28491de34aaba9ec7c725f3c35ba0b106dbce2b4c32d9d627f571fafac5743b2714083ba76f3f430a20524a9e9c4e303d1887bee4fce131034d6527535217d02efefabbf148595056116448d0b8180806e868afe81690644e957bd45159
22fc24992998a6700bb4b98c4a0c211afbaa2d97a5f3f0aa72056eeb9428332ac9614d3b9bb1ee9667f95b44f000cb8089ce848300ba07c7eb813c072dd5f3df12e43e920597090f6e368f0530f1f96deea9521e57f2a00f8e701c3a8cb479e626a2800d180ff3fcf034543c33388c6071c19b844d410446
305d44e890269c127799b560dda26c1df1a67b05874502e847ed15f5643610267320d57dfe8046c7afd2f59bb7279d813513484632dea3795620c1de0fb541043cbbb5939ca2a28ac1a34a0c076cff78a36c5345a39f4a8bdcfd1aa95191576ff182725d14d8fe36ed36457ec40adc14d0a5ee4488906c64
3fbcd7dc21bd9ca0b755c3c037e9450e25acec222adcd22b162018cc1df122b94d316d591ec0b48c585eef74c40dcfd6bc0834ef6370f191238337a614cd5d32e65b2c6136e8dc1f70a22a2b67f99519e04e51722dab03b9bc7f351732d104dfe2f3b93a14d26a51bd2e1c2e663e2b48e390574d8976b1a0
155bbc340327e6f0f67a39cd1e032e3ee6a8be8b40f4b0398817e409216c0f9bdcc918773f32794886670c42260ad7ac78f23005328fdd963e23db4111b42708881d22d1542b2847fd2f7d0e7a3585a611c7629a1d93531224da1ff25db53109a2328b8ec535e6f89818fa2201319be5d2b8d3b2b438468f
02f7dc829f53a65117cda3bf716b7e32ab0b80d0206c401aa717fe5714bc0e76db15083fbab3f0feeae7b4a60e33458b57a05312e0a9bc56b7280c9005617a317a464de27f91fe1ef7e0870e1361b71d1afc12209af24a9c8623257b12f8bca9dff1ed36d9778a386b2b04f12fcd399a708f354fd1c646d9
1b56c0d16172f903e99c58cdfa04db34d564e0a2375d92b1341694f8e02b037ded6ce346b4f25e0b3d89265aa315bb4571836153839dece24bbc328323749846dabe31803ab25a948d2e663822b8e7d7eb65d25ae8c6bd3c0f3833bed34dae5ce5f22650b329608de5392b81ead44e2db21fda902f6300ee
14eb24ec673a4d533a80c7b6cffe9c285de4b7df0994e09a2126823303071e1ca729e05190c0475989e391646717a0675dee3faeb2c16474e61543153725e40ce37ee2f0f1398fcced21381198b58a72ac2f10c96002992c2b1420ad0b2ef43b49d1d0885e6c4e3afa32f05b7bc17039218a03358a44dc74
29f5fd98e4d42842f31d3a2b99f25d172302a7635eb39222aeb7c0c16eaf02a02c0e7acda7e163bb2fb7fe8c87128cb28d38150ac3d714606594701b27f1d377753cb4710192216828d12d2ff6e2d281bba1b04c2e8252dbd5151c1e9d7f1ad6bef01ecf872c35fa3f3c272998b49aca72d54948b574677d
0592fdb12ff1ca92bf0aad29f3c6b11f634c7e3d9612f197486d8d24eed82103b7d7f018c863d4929b75a00dda2f991f2fc02afd70b31e4f105ed0813aae802a3a8a8a00f76fe71d6710821da51228dc32e3c2099b577b33a20935b6d6d2cbfbb0722ef3a8427f58150530a6949d2fbab17fa655c25aae76
0c0d64e828b81c334921752c4f67bb0124e849daf8c691db94244ab78a5508a850cc6cbe0973978273a5fceb883721046234f83ab35914f25bae7e060a06140711cea6e309e683ff73d01405089868279457a0f02a5673d2c72f134f1ff1759027134cfaecb8b8bd6a078c34997a9d96f3af8bef19f578bd
09cf7952c13861d3e44889897a4dfe18e7dd3d2869dbb05480111467782200fbccb79588d6f0000669a2a32ed41b5d93d158b80031f928c97e6ed5da1c20ae2831bcb5516284cada0d679624d49b023f6a49a2deee567f0be8321209bd48bb96cd311c0cde9dda2c1124b62eab7e37c35285dd3c36c27753
14f20d8459d26f5158b63c2b3606b730fce57351d6f421180aed638d000e3367379f0727509136d96a3694cb201abfffc5974bd870869d42726f2b85214aa71861f2c243c39c08cd84def4165afc3561424d521151e82aff46651e74735a184bd0a0c063a9928b8b9a3c7a1dff0adc43a1ac8bc052c79a46
1f047f647766e5e04d06cbba2916a60d947af78feb50c02df2c1559c033a3140126f69557ae307c6a3d137f42110a8b9ea0067c032a3fbd8458f83ab23651a31d8f52401d1bce91c42d17308b0be55e38de373533c6200fe9b701947f53c82c55f70c8bd68996637822ecdf251c670be23cf79ef7073f5f8
2fc176ff9f8e0a4367ca42a7207f390a363df49f6dc7715c1bcc5bac9f8d3a234c1b1f39c57291c7c0a64afe6e0e753d3c9fc6aa4335bdb02b660d16111aaa041e1a3bb3fbd3ae67cf09710d24c274a9800a829bb5655e4badbf2f57fa594966d3539bb4ffe9c0cf04055fdf4c85f630e0ff3d356b77c0fb
083794c899493410810581d87d2cfd270f998595bb99125ac02f2a7a9ff62c97176c26ffe491e4c5bf4599b05f318f0e5570885100689daac7811a9301c2bb9e73c7aa6138ed8b9461f9213b8604a5ccafad52d0b20e3399045932c679fa03cb01031feff752f554e0376c0285d8ba25a1f60226f7b1fd2c
316b2b4e261b9e1264c53550da98cd0f166ad3608873d270b8f8995bb27a35547717c352982167fb52b6010f0b05973567657b03e3c6e1755c12a29a39f9cff354b41c42282d13a4f1c59f08b25382efdd02f13ca4da87814a533f7575cd2e799b60596428d7a02cc1243fbea960bfc7b243fbce761aed6b
09884085e12d0011ecf8bb90bcf7fd0365fd2ecedc9f419d7a74f8382d5930b8e27f929946b2bdb25ef4928c003bb83f03960cc130fdba5c0ab0fa57048b5339fca32253530765c5c539160aa3d7b9cd8a8310235bdca2a68bc80bfe4b7044d9c431e6b039db6f628616c2455486516d62464c85a0da9b7a
09662113bfcee7810e389fcdfa03be11b32e9234ea8f917178459182659c20e14cf8994818d0a2dca3a1131f35398f23c56179cc537de73a225a291f19ba7a5007c12f93d7577df04e2bc313a3d4f8eb868db0d9be434bdba5c706a3f57d62ebbf608060b1d145c767344f457096c9d6e2bff1c5492cb1c8
38c2e459932e37318758ec3098626d2c8e7f3fe9a237c2b626480e3f65dc07fe078b11c0eee29dab74dba1891309f68c96e0298e613c4e47d055eca936c6ee97dbdcc89258810b7ac77b5701ae4aff7487d902cdb0328f41bbe105e6edab3bb7616007fd9ed174cf7a18f8ccdc751dc69046b9a6508bfe6a
018dfd98b9723f533555ffcace5076078f7d4a9a0f0d6366792a83342a493fc5160e1d662233d0335aac7ec9fe0edfd32a7843332242318e4f8bce212f9e55e76ff0ceb0298606758d238506fc64fcd06331821d7fac8abb389433e0d92580e0b2a3885a16a243f2d413ed7ac64d280ce306dab4fd8afc64
293b1ebca4d45663ca770cb88313090842154045abafb097bf04acf0069e1fb2fb6505471b2122e7c226c0cc772387168d31beee2207991c0218fe8936e30e883c53e7d0b998eb375f33511ec69648bb39a4717a91ba76c2908d38e547b07bd5fe31ba6a281105b3a22e3574a345d219c066f732984dc66f
2edaa0a061944d01f73d052e6656931db2295ee067fca183f124475131260257849a9b75fbe0edce5fb9c82a6a3a356d3e813e5361568e137838d6a23e95dbe5fdea280137b2197b04a9ee3bf300a26a2fdad3f21f8e4f944dcc2de96e2bf4e98ad29d9839bc8ee178363732d7e15ab8b257483e0f582f47
332d48a0866976434bafd31f693e0d12e7896992a9920345ea266fed1d0338dcf04f4467d932723a2f56d188bc0b523197ebce5230faf719227f469c338db4d85d96890393a4747e66bedb12287d6eaeeb816047a4c2edd6f28a0966a96fda4b0af285e83d63b8540a39757d9bdadb45016a14f2d27ed634
2736faa45d8f68a13cb97fcc43b821064d7000af5c17114f9513355bfa2a2e9cc3a15aa31202920290e1df7f5334d254d6d3aa752393ee5ed375dbb304f87c5a50b12032dc57a968d4411612d383346d770cd3e0606234bf5a9a2c57b68743a13443cb1f38805f38a70674c310aee844a1763814b858e039
25827a932c1c23b27a591933fc8a1929855f61166ae52234039f794f6af60c4d0742d89cad70f9bd273ea857e23558eedcd2e09b506301368163e8852bb881ecd40b45b1d4fa1e80a51ff73b69b6a9d5df1ff15b2048939d51ed00f0eaec5edb25c230c7a9cd13df7f2833a0375ca2cd2109517b0be93008
004c4843109ea6e2d90b65ca053a48098ffb9fa10b1253a8f9f00d10919710d0a8e219fefe9394511bd4e353392a854c6be3c6cef2580250276299581e21de82338ebad224d964d8e969d708b5e0b17447d0c0d14fe19ce6927e3b7392f985d0f3a15bd8838ad88909292a7bb83c55c830bd5c5d434deca5
0b979aeade90e2e3bc8854ca92672f15f17860008dd0d17f0bf74980c241133b5caf9a15acf339aa4af72ea1be311b5e5a02194c407712c463adfb583ba23b3995127f613369469c8557d721d82fa824f8582212191070a542bf0fdc2f473becc5913fb7a8653e75d52bd8388655a9f642e0d12fef22194d
08fa53021faf5b93d27648a4c0f7173eaf0c183750eb70239dd6cb4c3ee12b1871b9ae78b5e3377ad3fa2efbb528b88b9dddf85de3bd315a93aa6eda2707b924c85c5f6037f7e3d4bec1773dde0811c1dbcee15aecaf66be799e1773d094870d9ec324136ae83e03a61688b3bf461bb7a0eef81d21134789
387a733958b7a771952d971f84e3550c42623fd40784a207bcd026cd8009001ab0669cb62f521f5819d034978c3ef86bdfbf74011192100ca3c31c0d19958ff01e2f8c1077409fba5df0ce312c33333eef3f139d1b3af230ed5606e78527c7d5d113ec1a641415c3b23d11c1276abb8862f379c9f4776193
25883024c71a07d1b3e361e12b5e5f168d6b5e2e5fc7436749cfa8d9be392df00519e8fe5a83b685ba36274f3101e7f96f3ba26a83173c7ddd2c90363efc6ca6d55ddd71bbeb3a95479204052038a9b0a05d409f174d144e9ada3bff6f0b98eaca71855ec8cd4c1aa42b03f69ee43a43f3d349b9faf606e5
2849dee36705e600683502989142ff0824c7ccebc9bdb0c8548790623dcc14bf8e0ad11324a36748dde45c4b9b260cc230003a6180dadb9403c1674b11d5f4c0cf3ddfe3a9a1f2cbd4f66c1aa4f138dc4b91a224fb4307eaf51b1b3697722785259385d90a6effb0b815f859195539a6c35671ef0b39eaf9
0f470196c7f93dc3ca823ebcd51a08390fdb88cb5abe8289a86261ce06a41c9ee5321d293351fb6dc78aa77c63193e08d67d76ef21675bcb03c8e3e53e7b14955892fd7122b24fb1f7f05a13a5bdb031e039f19207be04a4f8912e020be850335d028c57954b66fb933ed409758e865e637d4097673c45ae
38a9ef148f8fdff07cc1c68358847109ad0f8b1af714a220197a21ebb95b373f6ea03afb4e614f2e568b71cf6628dab5b9314a7741d8d001cfae076e275cfce35e1747e05e6b06c39adb610a4ff3606bf42583ef241cba42779f3840f99a70315e83883f730f0d98bc015ecb4eb9f81e80d7b7671086c311
176589330739eb309b5bce38e744e308ca66de3f2e1b42176f57ef5d60472ff619c245e8f0202e956a0475a44c13414bbce1c27d80ab64b0a8fbe4300fa1738950967b53a018491588fe2d3d545e67bdc8ffa3d2671fb82fbdff115beeb1d3c545611bbd00e884d95c1686553d7a8c4303f2f5f904e87d9a
1c85b020df11bff0e4f507a0394f88317a3c20568d1cd2716d680427d40225fface0ca5e3c23997809cf26d85b2541da4795b7e0c00e6909ad4f1c1317a7f2ee90ff48531aaa56feac54d73db64ceee73bfd01aaaf4fd27316db1aa213c945f58051a0e575c2f12c823d5ca87a17e41dd1de6f4d749016c0
0bf186c63bcd0e522016e3e59f3e682308af4a6e37ab13811cbee3597be42703f32b12a16a1015adb85657b5c32436eb50acc5b411a1ee36851d53081b397da7d44c8ce3a4bc574d242cc535272a5a521ef1d1ee375b75ff9b8136a21020deb3277026c87ab65bfd9d23d30c27c9f87913eac5dc12173ebd
029e52723e9629909ecb0d77b01dc002ab6cc5b9b78bb0161f0614c72f5e2426dcba5aca138383793a5116676f217957371d8e3c40d12a0b19df0c5d143407991cd30a1392e2cacd77db320f337f5bcf1dde52300b0f66ee0b463739605af36b7fc2405d1deacfc4e9070bde1982387f30312e09cabb3c4d
338d35ae3fc5ea92302e26a7a2730223323f48f5d12140215db07fc3e57336813d87cdaed6a15bc9cc09e551cf1f55490271376593f310b7ce932ebe3fa231125c3ff2e0bd4818e93feb4801d0b944603b3ad28aa73426294f8833c4e73789d370c36cb98170fb83023b5a4c9d0d02e973a934de5f7f2933
0d93c8f8458d99035795a00b1f95152452e10bcbb71ff08bc2158127c8b024199d8c907798838f60728dda91a224fe64b6a0a50963e3ec0742b87e51010d82dc5acbe5833b70e92953c6e919ad6b529d928cd3bbda78f4ff9a2101ed359346723c91aa8ab2ff054f481dd9602e0dce83815243afbdc955d8
0668289a6f478573a15d1d929abc06131f9ae2d34148622dfda8af4d63290d767e772f563e534a3f4de473b7bf0132723f6fd523b2da40e722e5b0740021815339b8dc8024c52670b7d4aa17d7c9667624eb5063e282d8a4ea6528c5eee7eb11bc804fa25c37ec6c5923627db313ba9a802141dd9c6997fa
02180df77cc7e6826e35871bd392512dc85e65fd1dfdc17a669a5fd14eec09b642fb2dee33914a30ddbd61890f253149931deda35206c4fb395c84551dfea04c375056d31ad103ab646c873f7e99ff9a6077e2db1962973e6c3f01f7221b97fcb97346882cc8faea1d1821ccc6036b05c3f90926b9e14686
2d16ae69b4a88e23baa8e99ab04794015da4ff58c0d2a2a06d9e23b017ac000f09b7dda20a20ae060c29439cd41dae1e0bca889d905795917edcd1ef3d0ebef742969522403473d054e8212994c6d2be620d13d03f29491badaf1f05d97015cd9b63b8569e4a22ef163721ccb39594cd71a52c9d53e97e9f
2d04a1d662f59e933d218c9a6c0acc2e3ee9061804ce905fd57789dff0961adc9a4ba9dc628375e19c66e1a8aa0d5cc0d83c3e513225f41f39e8fd1e3635413ce9604b331d21b32f42704d21a746918c9b39e211e9a1b881496823ed2396d7c9e5c224d4391a3a84ef319176a271ccf8e32ae61c3c89c32b
242f15720270cc5210fee78d6e241e2beb081cc191b980b0bce5c3db3e5e1897d87905ff423268ab0c5030cdcc298dad5534c87b621295e14104a4571793f41963080e924f1b44afb2592113a7d2ba6e7e2ae00a7cc0d1b2d2851a3c92d9fd9ae102e9afdd39a0c1bf0a94d1417cc6c0d3e309c16172b634
024509f79933a0e2e628ec4e799a5c17313a42a31cd32018c52335c3ed762c094c268f66cfa12beef25a5e1a91097ebd4da9b400a3a821232a370d131e8ab141a6ec4780745911b651a14d21a7587174cb8bc25009fde0423ecf1417c585b9c892329e895b89d79e92094b1b20b4e864d2df15662956f0b3
151c71324bb5e4b011bdb4172ca59c0bdf4751071ed080d45ba58a5f10ec00217b4aa9af88d142b888efb16488210abfb9fc89f6b2825ad7906f5d81102a2d0cb71146a3e8a22d3ce32d083ceeff289a763bd1d38d8d4594f6c825b8783cf5d8f142ec05101ec7406d2ee1b810f6e0f791aead8086e34229
0c9de99bbcc47d5397606135ecaff224463eab1c9d743083be9cc54a8a7e25449fa713b0d7c20a368fffc7b2112274bacb3e9dbbf17a60922149eb9b0f4940955e492df3e89773ac1d6a222f1a2c6f5a9bec91c5fccdb639b8fb09365b0e019d724371e13acc661594200b2f9385ab1650174473c76add4a
0d194f2af7e2a8e11ac908e35b9d4d010b69e732b9c4535bcfe0d0db83611bc07de60e6f609184863be7d2f5f80180dcfd52d5f4f1014877b8f99c313684160b0c0317737301aed696e04c2982890407848632311c414828c95b339402296189fd20ca78b2620562b42cba176aa515dcd0bd0106a6735ddc
27356b947dac5db36ae3081ccd4050204d1a3eda14fde34952172092745c3612681bdbd166908ea2b0c592af1d3da01dbd6a36ff724c625076915c0c2554988f50b3ff63b1fca5bc8d3b2824f4660aef3604912128f7961dadb316959041bcfc35712cfed46eea4dff272396701c8a6d22a6ed940f59adb5
00e54482fca16d92b274e00dfc74e73ba146da9d9237937f14c74fe2e8eb2295b9c616ce6162052d78ef9ed06325c00a4157962820ec7548cd695a0711eaaf45e5ba7c704f35ef279f3c452f32fc1265146392b4583d536225d724d707f3a3f52250fc69a0543b364f12312a2b5e5e21a218b4b3a190c619
26b3e471abc113d3071886454dbc10328b67c8be78f4d1c3fa13c2ccafac2aa48e37c3a0fc73650aeb32c45dfb1b323ccca515bd3207a393a5b417f21c28570b73d5b9a1d0de8ebf39bebb3c0c420f5b352db13126a1c9dcec070e0439f8104eb9330e45bbaa7f2e5e03383844d68704a1ce334a2398022e
359cdad321a84031c2cfea4d892c8b0a872fe906f9af63d3e60f7a5ac9e81343a6347d399663ab4fd733ad6e0b30fde3ebfd33c6126423c0e830666e123b216f91206783bade381790cd271ca725e71f317dc0c682f51ba107612167b3797ba51852d7f7437c555e72174e07227b108123e848d6d9afa8c3
0a28349effb5ee80eeea1eee9c2f0d22587b6c6cdbc553d0cd0f40a05c71049ee9d2e2cb35d37679b427effd133d53c8a03bc0f861e9dda5100b9c67102c80e44339e7e3a8dbce4066f5b80a4fc94f9c5550d21cc63cac69777c05fceada46ab39f09b3ea544c424f9089dbaed4fefb922e64050fc411f2b
321f7ea53df27f22bd2875d190f4f4142187163b167550244955a063e3400aae18656f441b823f2fbc56e16a472c51e8ae6aa1c930139ae3064e62313005ca09b6986b3277367898cb091616dbba253d1595f28b9040b2b8aaa7016d1cb6f1d1b301e3047a983141a6033e2d0e26f79341f8a222bfdb7b1a
1e9703d3d03c0502b1abf128aefe85354f56cd9e2a18a187d55d6fd787ef1af07daed05448d1a5b17467784b2f1bbff93d2a658c4316a4f97755c0011108e6f4a7e6dc810dc6c8e70cfdd005a42a2b0b3a06b3d1f69c4e9983b6153b09773e6ccae109e27eba19fa5409bb41e53760bce1d482d34074bf17
1e2f48d7a93aaad0ca061e90cb8c151b907cb28e57d8d0c7dda353ebd86a2d6cca7c51a9ecd1fbc37542387beb348920d460e24ac1a32280323f693315348ec4fa81f1e1d8c3fbc2f2ae132cc64cccc1fd404206643d7c479a072536f1b12c87b871b7474f5a29c8a717f32c3821233c9071caa5efcbb634
2c252c873f9a5882ad2db07d5f3ba406938e4541f063113e06b0624a066b013e2b6e759bc0c301e48e2b61e38623fee55a192072f25aa3f79bef21de007ba934a5e8a6906758e5a492d2a228cff4986a926e82371404063bc2ae339d273b73f6ae63f9654b5d5b8b6c0e601e82c5b7fa42112c5c063c7e09
36c5b91de80dd2b0fe503f290a87403c27cd4a6eb6e96005e87ccd78e4a109d462115a34bfe262f6963cbf2a881973ddbed9d7227174a8df0c06f12237c00ca77b80e412fff5ed16b8054918e10c536f4848405bc6a53c495d56082c3ce6384aef4218c63948a230050c464f82754e73b15f23dc72acde65
06ad09d8c2d534e227c99edd0511130361b960f5a96343961c3721f9ad9a1be7b0a33f0384d071495145268325097da4d852249e53ba12f36afae8641932c9a56d2701a2566161b1406b9723726a188afea890912b720ffdfb693af87c2cfc5de6d0af4406ed3f2b52379db78620a2f142dded27e92705dd
011b4dcda761d5b36afd65834c252b27eafb5c53faa012f8b761e968b03a150e500726595c501cdf91d17119fb24712b1795e7f5105781437329d37a0bd9c6e03233a7300c74459b343f710b67bc235a17f121f2d236f551cb35303e7c2a25fe7af2e41d91d8151324275c8e67a1e7c6f3a39c0f3e5c862d
33aea7dd7385007043eb6089b249453e67faf873052760c7ef29028f257129cdbfe60fa54d4219630c689c54be1f91458b87e2d373f0b779e119fa400d3e09d78dbdb113ac22012c623c41365325599c01608038c6cbba9b43ea1ddb7657fae1a2a0f1c9e24ecc672436cf0b2f3598e5a222d1ee887c1f6d
3ec2b9b171f03493dadbff235963823994517e1d981e730198daa9f958d12997daf347375ae15eaf684e9eb0160ea1012c6f0fa492bb0e9d0d8422b827b82bec343576938beb9c52c90e3434086623dddde1a221b562dc0865c02b1bd559713610831be81e1dc9633106e57f9c90e9b1f273b78d104bc0d6
29751eeb17906f70559a35cf8ec5433793ea8e289952f166decd077cd36603d4ebe105937b52ee2bf7facaeee028194e35ad27190129c4b79481caac2b5b5189a988fb20d67176bc390c1b12d0045335c7a122dd9ef6e34bbfe2083cfb1df75288e0438c766cc27ba408ee374fa9b0cb10f1ecdb4fe29312
194fe31da54c93934b97ba835650183c58dfc338f575c3bbdd705274157933dbc0eb47aedc31124331d958333a2f3b334d46d1fdb11e4de48197454d25a5ca5b3b3854415e9e358f1e965a0b1d57cd346cc47307374c714d4f5704e6c9fb7b729f512b64e428791653281aecba14cd92c28fb0bd00dcd92c
1cb6f85b934ff8c1f1caf3f01735960c3defb920c2d9920766b892bc177c3644fa57cc8962d397592cc9094e6c2dfbdd44e2a66660de136183c47c5f3f27fabc28b348b23ef4728078f0e0078c660c19789583dcac6eee18435311248d768596dc81b1f02d64afca023baef323b9100a91440918358d1e9a
20c6f0585e2716e3142b2d458ba1ee3e4b0e9763e343d3bf47f28337c6ba14348aa8ba7f40c0a062ae10f334ef075cf0fdc47abd21902edc6637bb3f0791051ac3903af36a23b90c5216e80c2ebb1c75a6fe33e805b25092332f26cfb6666d8bcb90094a498aabe6930bac519c1d6434e30e75fdceaa3959
01593f984902e54202ffdc9fc47ddd017ff6a38142bbb2c133c38e9e01463aa4a0c732ccd1404cd757b5c92bcc3d5e1400991bfc81903b765a6eb17d1010c6d5828fe7c28656cfc611153009327e8d7128f921c7fd132d99a3bb2b281c052ca45b2170d5f53f4df6e8019a570c3e5113e261e58366a5bf59
1f47184dabd76280471bd26cdb6d4035a698e9c5254cc2e5b596e38c1e991bae9acbfa802b23ccbffd1c2aff792eb6f550323695a13ce4c8c49689793775ac57f94f94a0d5ca2286c36ad82c4fdfd3641893a21a21a488895acb100fc41fe9d5dd512f42bc49cee74d3b9815ff8517eca2a2c0aff734c658
216108dfc2b6f5030015fdb9ebeae713cbc1e076a1fff2482d8de8cd0b4a141656a01bbcc4419ead0ddc06a90227a50609c372fab3e81d4d658308942e1dee57f2296452ef62dad798136418d7c1498633bf426f91651226bd1a1d9ef945c528d951a12c1b517d2bc6138c1044c2ce8fa378ec85ae91f132
1e5144d502c28803ac0fc01bff4a643e7fee4f98be07326054836aabbca623bbb45bc2f568939b28162e099ea40671450ba55232a3ccedaf81ff2ea6348f28f6ad662612db2125c659dc1a13b7f91b92cb2d017fc5956ee19fa31c493a791653cb82d4e6b70b04cfc5220ebb045ea230f1be3ebe8380d181
1988292b8cf17df3a10488cba64e7f18b74d8f7cc80e41252fceac7e4833251c7096883e5af17374fbd69197002adef1907409df90aeedcbd28f800703bfebcdb873c402bc98fad7fd37df3640a5d05df41b8244290f6044309c007461c520e12e204b0e3daa7c9e3827ae0712fed9a9e0ad67cb017002d3
246cf67ec8111fd0366cee7e97351f15a31977a2c49b52089fbd11c28c9a38d8cb44b7e1b5913f537cdc693ad0317958d3f843d1b18550bb67c64bcf2345b144200bf183a004cca63973c90e313deb2c990930a350d9040be40f142e10a8971a7342921d811a63ec033e64639e67a384f232e708e0e5c0b4
3d57c439c50b0283232bf63cf8b15302261ea2e3faf8806a5fb26e4198dd3e2e6010b17ca18377fecb06249ed03e30bcdc903feeb36386cc886696713eef67f33421d75284091f3c44ac9537a787a304111e33cc1689003681610ed4d5846aec7602cfe61c323758862dcba616177705a07773f91c0da784
13c642136a2265a2d3379e9984dfb80935de8ffabcdc21a154dfc7584a0e061e07b6f53b93125a6d51796bb1af36212809b582d8712de17433773d9f1220778aac14dd229c06867d6a937135f775f08552fc63ba4e1fe49b73df10aa5bc06b77efb35be433e06f14e828fb5576312972030402082ac6033c
1b9af66f5525b0c08f9a301e308d5d2e506d384217e602262ec01736bce808ae52f2fdbf82b38430060afe61e2211ba8e36f192983c96328e0ecef7623b5574cb35927122d138667469c070ab1e3d430d0123042394da2b12b732331975dddae4db2eb9993133dba3a14280a238b1148600c6d63e2d73f0a
0cefe7da709958408be5444c57c47802e8847dbe84a181b528c2d42a37480659bc7bf380d8814627a7b75b25720e7ebf444d6e65b36755647dbd9a9619d8cf32b2c2ba401d06d501d945412f368295213dfaf11ee33ec80ae08a0cc713cb506f6661f7c178bc2e345b16a4191f706483120a811e51387186
35b31c1c9e284e939d8f70fe0201562660ffc34fa514e3d532a3a33439dd14e797cb5e036221d63eafa3a95acb0cf0038fa898fbb341b356472ab5eb0ad3745ac7696640811a90f959d6ad33b3efe59c069be10d70670333c1e539aad5ef621ee6e1c26ed25bfc97b630477edc5b7bb4b1d2630862a08ca0
2c5fdac3314734a2853e9f2c1e0b3e1e9bc3d743b657c125c913a55885b92c6517bf06b31e81b57c8978cbfd25212a1b53c37343417c1b52e685f07737ce11bbd33160c30e942a3f305f0d3330d1562db6e910e6b027372add280dc06186e59d5053b32661ce081eb5223de5aeb025bb70fdd0511bd64c32
119a712754f507f38da6f3d26fe7fa1d091e0b57b8d29134aa103a9e07640622a9aec9b6d931a90f8229a74814158cb3ec0399ed815aa0298bb005f52659f4c378911211904cc18875cafb3e8722a05a9e8390f624a637e556d30effb2c1a75ef001077e2a8496afe835ab16c002d411b0470b93f93fd2c6
170bb52343a63ac3554108cda3d22c1f69c402666a56c2fe283675c9c7cb20cb1c8297dbcb00f6d39cb0b2ca3b3a682a119bee3b5310b8cbb47838431b5e8c2715794de1718fc6b2ebd7f5099db19eb49035228d9d6f4cf86b790eece4178e26cc02c13c9e987c6f5c1d03f8adc120b791d03f98de036b09
005ca3bb4edd4a417205c49bf22b1623311413795a2321ab58c5daa9d22e2c4b577c25909ad175a2b35df5af763d0861295c179cd10435bd3be09d1307be19c2039e9bf12e392da4e1b5ab3cc024de85f7149288a453bc82f4d108ec6536549f1ce1106e7cc9a4397e008808aeb2699590a12f0d6fa5a92b
13deaacc433167c219cc1a490e0aa33cceb57d114892e230f82e06b1b2a60af32c676d7bc391c24fb14e04427607f41f62948e76b2fab5bbcb2ec15335e118b9065f8773b05f3fd154b5fe06a9e6f286a3b460138e043aff05cd36d1e8c7bb79e091d503ab9e1284c31e39f08418d7da01fea699ba473155
23d66ba4ad2b27227e2448198209db2550b83e9a098d93152fcb4ac8fe5a39f65b292441664274b3b684cf11a627a24f2ef91b9922e9c478d212773522c23bdc652aa7038e9a3b6983eaf227ee264c10aac042526a977796ff9319b4a3d5e00a2c50d53709b87b5ead2141f7833bac5ee3d60f1d2af1374a
35ca91e09a649821a3dc7ace2257f3278a31fb394f9f413a80a9a8e2e7f916f48669d631219049d2545154652036779385b264d6501f336a0a8f180e0a502fb75ea0d02365a83eaf0f299f242687e771849ff2dd9ecbafa4bdd138906c442b482e63d15761336f88d829edf9929080a8d096d957d89ee052
1d08132c28a95b10ca986eb50ad4b81e105ff0b9f1b8a3bca7c67b64e60c389fecefc1c5c810c2f921307b73a5255ceb0c9b5c6a905f1144b044af591fea7e51ed559d02567b70078f7667222d950397d4dac23b466d3e1221e50be155c0f7c826a30d5fb0a9db71d618c812ead6193e4319d3cd206f0e50
33486c4bddd422a15d456c3f6266ff02496325ddf2da922bb7a4c115cdf520462a850d64d4403f756a3341d7792825de6bc934d9d3010fc6424ad85b2bfcd96f013db192a2236492933d4b1f1ecd30d431b32097b51a61ca6fba37f8db5026eb760179cdde895493c8274dabce8337fe5028f944c059859d
21a21af35dfd9770ef68696db3cd35079bfa9ee6130e43da8b9ac91e2d922047e846f411fed3b24bb13a5a045d17b747e0c33dd7c1c0c0f7e15910240b3003876d20b562d333c45d150515050eb6cb3ad050537c4f03fc0dbecc2c669f14d4a0be1254f757c00df40c36b4e1c4c7f64b134874cc4a68941e
24652c150b806373beb037441a561628625e8cdf28a301fac5306984f80213acf2fd73b385e1c238a7d46774121140744d1de5ecc2b8fd0a7befc0c02a3344afd1e23843592ea1a8ff0de736d12e2eb0c3a24272398ec8e728a5288a3f56ddd7675357a34fda8ef1ba0bb7a5aade80d471fc5b6ab19d698a
3a624482d4f3b7604d9cb151f707bc2702769d9dcad831253b9569ac019b2d2015f84183eec239c4ddb383c0db36ff9892e8a3e3b15f48bc050cace61e5a35460912e11319efd508e683e019529c79a9dc0202f650e0e7f59fd30675192515e00fb239e67c377ad82b337019dd953e5552774f71fb31eb6f
3ceef52915e2f561bc1f1f5982c96c3a370f9aad4f7842dd606abfa22adb0da55848c140c74116d3b3e07a99bf25717509d925d59229b08981f782f32225a5854c50bf22bfae1896888bdf3ea4bf172dc723934751f6446277bc3bf5ea57b08c294178ef00dc2e32ea3c744089026fa9121eb081d7225c47
280d02a6ad437a518d38830ced121b154601e82397d4907c7986c87c8cbe27b707487aa3fe1139652673b63909227c0aaa177cbf625d063ea5dee24433dafebc68fc09d105a2fe7c150740043a5b8d216705a3e00949444423c1075fb30097091dc1168d36055471bc2b286e11dbccdb11d4fe7142cec0c7
251c099ca45aae41299751b344803917933b5e2f6dbe6271358f9cdd75881a5af940c0e141107c17f0587df63c2fc2a6b194483e0011849d882b89d23bdd2c6fda1aa49110ccf05f1b3d0f283402c94d914e93d608ad6e0e6d7130a5c7ef2201107363536fe2a0bea92acedb8657a4c9d1ee446cf62ccd2d
2b26f415e104bf8162d488b8e5ca821b63790aea3ecbb15d27bb37a27d803221366015c260d2759a313c0f1cc22f352c87f7675532aa7490136f514306728518a00b08f33d61331cbeb3c93172ab43d8e2a9116244d6614318d216993f9174635110fcb799f9169329238c14c24a5999e080252bdbc7338e
29f215cd789ceb60e993114a7e11581c704d95bbddbe125b71ab9fab86f43b765d89244fa411ebe56c9648e2db04ec4c61f4cdfcf379f9020859c4b439a5745196e7f141b0f6148d813ac611833b03d5529521a09eacb25b032d0e01a8c8a3abe11068305b8c27746333c99dd58e993e010a5db09994e15b
24b616c1f06933624dc22267ad5a88240591632f4f7921e97151360043db02811505364b2462bb60bd929d588f17ca74a80b624d23492640f38f369428ece71c31af0440ccc9aa68ceb7d113ae736e877ffc727677f7d7ae514235067b19c6e6df83ae1bda000fde4102924c8d6124ff00da1f1726d48e27
1e5401107e8669610b7b8255080d39171112ac90b26d2105c6619d1176963edc00029a1c30f3a636a0fb154e01331122d06ad0b393213a519e5cf3d411abe5e81c4537a2c893b078b96e8c320bb6f21994e303da369fe26e85b1330927ca411134119b159ba4faddd7020676a3d0230da295676a355432e8
33d6396f4c589242b23c3699b2ea0e1f03130d6a9396e39bd89f7051a9090f60adb6240375434b9fc8f44c20220008b4e9e21853f2b7ae2ce5519e3210daa7b118c802b1613151cdb131191340149289b5c1027015af461822f106323e7ddfa839d146aba63c95733936df7039939ab51330b0c1c5e04116
0b7e435e5d30bb3009c64bd41546181f1627b34e0c0781dbda3579a384b11770e050caacaee03f5b23399001321466c11ad0bbec907aee145897672d2b6e939447cf22222cd425cb5ac0df3647938da725531229bb4953805796204e76bc1ab51c51003c18c4ed7406297fa21421554ec163886d2e87b755
16307a8268f921b1a2562a1932d0c02b4e5e25fa8a9fd2d9f36bae15781835c5c935ac2a0c514fd0ff621c2c242cae6fd433082ec3675d726a4e563f13deb20d2f847df2998abfae8e866e0993f7485327ee928f490d02d53bb007cbdd6cb78983f0ee8de99b08ae1e3416fc50c9fd0b3349c0586cc98628
1e39c8d169904370d84fd7f3f1a39e375fef8a69b6bb324d4af3bd04174b2b14dd76e3d114b194b53a1830a1f92107995dff4bd872e18f6e762f1cdf37317994b5f69f000df0392cce9a5e32ce6c9c81767971ff9ac75ccf2d5524e784b08beed7324c302b810263c5064c66b943dbb1509c882f07ecf68b
0e653d77c6171e707258327b93d6991865559f81f263e0227ef6a1210dc1056a6f6e69703390af454b99ad5e530e2c40130d99b410212fad076d6fcc1c5d181e7e056372fee333abe57eb634792d98a575bac34eaecab770066a357317ec007bb27175bfe054c1aeb70902183dc06aadb1f1f784966496c2
00eddc4070d6b54277a4f2696c958e0c324fb7243b28a14428f2e858981010dfd9cc7142ce90ecd08a3866ae8c3885a12d3fe0ed43c6ffd29fa8494f03f962fdf43e1f73b7e5839367a1210621129f996dab90c98691b3498df733f12139d5bd9f110b9a0d84afc9de133bf3724e10f7f2815b6c7eb1c8c4
3bbbe7294813b3537860ad87f549860af3421ea9bb13d077188f31b8ac32272303c501248812789506a9783a7b06df58892399bb918dd864a513878b099c88133d4bec83565b6acd5f655d11c488692935556211180cd7ebd8d63ef9e1573fcead620213cf77749a5822b51535577ac851f369e9422889bd
357fcbc68cf58db24535ba5c2d009524e0c30eb076c021c18b6582f2d6b12209cbd0e2fde91001c193c450ae2d057dbd4209671f733cc668ff657b7f2f86d23c3df5a443487ec951fb5c9a2ba35110538f066094f9eba7c6dc5d10013e0727b3e6d219e34db155df3533e0d1455c4e5b91daed50afd7886c
02768d04802c66000e0057f78557053aa46c787c2b90f3cd5f889578fc8702c9cec3004296b28f6c9c1ed5cd911d60c5b9c37eb9406f90c18484779d27a14500e1ea4210d81415a81ac2042816ad125641f3c30a1c548c830c1730663ba5871ed360457dd5dd89c3ad052a7113bb48b1e036de3a477f64a2
031a0d9b663a8bb11e0e4523e55f600a974a8b584574a1907cc30c7dc2602379cd10c8e96131f762ea2a144c780b6a0444d36d8220b75c70b2609d9f3cb936d92faf6fd3af10fa8e72bb253a1cfb0465302fa051e96483894db506af69deae7637a08f2f52fdd8c8e43cabc10a17aa0cd2df306dcffb96c0
373806fb85725d7200b333d735f78e0e57e4d8d76d2880d747a9287e41e8373fee2a9ba6bba103c32b17cb05913c19aadba0085280f1b763a6c4128e2aa5febd050fced3c71a0e5ca7712534429cf5435a11923cb908e87ea31e3ea2900cfe2c2092b68c96f604268020b631c371fe8fe062e83f17ae934c
13d6475ba1c08df3712fc8adeb61ac1fa0654120384eb204ef0a6998e0cb3c85174fa30add62a3010a9b726a801ae55a922cf7f662284b3ac0020c19367ece9642b65c40805470b19d6eed23e8c2cbe6801af239595d3453c40b38d3fa222ec09413f98135d1f7990521d096dc781f5a6068e373803a3f5f
120d495cc0d391826df705add800a336c79402594ae951db38a716667d953686694a1904336040ab32c740b3731d37b96d9d9d1b80820d859443aebc39fd60c8f6e6b061433d9ca6594d6329baaefa9b58ff11fa76e86bdc7e371a440e68920e7d125b383c227d11cf22ab84a3e418e290a2a04397989280
0cef1a17baee2b82798688b83ba8e90cf7ab7b769793c34b16887fbd24873927e30e840c13e2620be0a3958b583d06c77a334e1f53d3b493b1feed020a9c80dcd19f3a23a56aa16dfb42ac06471b2515f3a251f0d753e9a0b089049e2a64c6e7fcf0a6dcf8caf130d91debd0db6dbc5e72bbe7eaa9fbc734
08987a47c023f8e03902117feea7ee1342ded21fca70b291a61955c41e3a15decb81f5e57a126563fac371fc56395ab93e428686a2cad1e4c46fbf260b3c99cdaf23a5f2d0a192fbd518572ce517ddf8a1eb2296b3db72963332094a4069bff275404ee94442914ebf37c5821bd888fbf36eed5fa0955841
14f9c051000cadb2ed3a5eb6ee67ab0c78027a65b5d02269be892a18ee0914500117a092ac3199ee68fc6c46a2014934e3a2d164e17303ca94f2f5e516cb81e3df2332f0ed984f9b0e820d2579ee6adcb654528ac89ede8b4fac3356d3e59a956e5306e4fc920e5ab21c202e3a3f37fc60140d58a1a17fcf
3fd57734c1178d63a46141a649ee413fd95f1765c3be50b68d1702902100246ef0f3b89abee1a10ba04b9723442b5a5307c14a6fc19c834f2fde5df8338d184e2e7e03b1dadcb89977917324b010ff6b65fd50bd90ec17af063411ef10aa49601873d1d19d8bb76387006b53b0df4f43b2c86b84c77c6d06
013471236c47b4928728bd5221ae7f10d7ba448ea67400a5c23b9292bf063978d84f0137c5f100ddd9cdd860283e5603276990a6e16929fa9ba6fbce122d3ff7f64112e2de33eeebf95a7526ca9a8c598b5803b0b6f0c3ee81a01dc934e5fd04dcf169589d6914b6f52fadf9b3932691b3967c7b4c76e1d7
3ac396e289bd3083bed6fa0e3cc6771f07837cd6f15e30cd628fb639bc300550a61930f653f108c616b6a2cea827ea856fb302ebd3a635ab3aecde5e2c6dec0e7d8b92014572f335a2a4ec312565e349bc84302037b9c9208d3e13f8520d1dd1e2811f07e96e99f80f13593c4673d5471375b253a08d3c4d
28c384730f3220e3ca88432c3fbebd2772f3c12ccb30e3dda3e68cb0e0d408f552c57d753b115b2fba0a0232f618a2abff0bc22150af1c5acf59ecc703cd29c57955bbf3e6a8e035b9f3e631f9049dc9975f137a3b48255cba552041d10c83f69ba062162986f64387112bb46bb09e7cf0012f7e1542524a
1369e63083922c01a7d3086f2c7ed81d7a62702daab96331296d4d52ca84263f453a11cb6b203e276840a3788f27a1905e222e3dd2cdc2577372a9ea06dc522bad3ed142a4c987703b78552527542dfe1728c13d1f2c6db5f99a0e18a2d02bb73873fdc129982e2b260e3eaaf97ad69fa119c6cb1eaf1e8b
09f5f7790152b3200cb9214a8e89480f3ce889ca54c9b0c5829b155296ff25bd83d2974e2502003c4bcd871d9a112e125a83017771ec65c5c3dcbc3e0f573d8e5839e752c63fc5cb25b10232f9183022af04c1dbdadb9fed677f1dea0655e4d73c230fe3c800be6878320bd2e7965281f0c524f505376ded
3091b813e01590b3fcd305f82ea18113eaa7ad55589fc2cea21f08295c890b6718aad3f6c2e0d67ab8fd1c3c060eae9b340c39dff393fed7e51812ae0a26db5330e362f1253067447fc9e8055acc1dc91c65a0da1f6113ecd1763d6c134ca7fe4fd2dbf1d2bbe4d0f9279d9c9833fc21212d26e3b4b046dd
0064cf28abdf03a09ed79e3c9ff7c3371c3211bde5e0f00907423a1979e037b0da07e3e8c64023b6a01f8b89bf14bd0474c09bedb38ee4a00a60643a16f893ab0912430276f0929cf51f421a8ae40ef6abbc21b2f91825b9a8a40eae088c2b966f8276ad30b911cba13b443a8481da5951148d0820b41e6b
002da4922f7ac673e4890687b5e2f0289f537d2c2281e2451f38835117731c35b755587523704981a7505361381e40ae91b90d6f919c301ee23233ca06e603d260f444d241d4cff57c635e183e32449b633e432907b7d83ff6f40e685056891da24103f9501d8f279b3fd743360e9745502d9ecb980becfe
2a5e56f2533ef5f16a2655f5026fd606c0663817c76e5321015489ffbadd200be97338712b8124c090c70601d53926c1c0ec7ffc416bd29d4064121e23963f6c8192224292ff4cf6aa3a921b81b747a8dc29200712993c2f93d81717b68f4beaccb32d1a412f69a34630ec85ec1efa61f38be2eaa02354b6
1d6cd3de638e76a1053460daf55de200109f86ad856f83d097305e683d42368cce9b9a3d8492cbdab0bac1ed363a205fe0238271839a944fa35fcf67202018e7897a80222b0c4f68606f6e0606e4e7dfd51d72b0b4bd80aee4620f6c2349617e8283297c23568a4daf289c3c9bea75f56026b6131024fcae
1a815b2c3923cbb191cdd446c3f3621e0bcd79846077824dc14029f2015035ddf199ab68711075410ce31f4ae11b2e25c65a311172c487d57eb610660acad3fd1d5c4d62e5d54fa4286df529ff8f3419c5f1e1bc3a652f7ecc0f26c924a5f20314c0ee8ef77ba0276b001a8ffab87e4042620a54974e62bb
3f6cd5111f40820167a78c89ffa34311d74231868c09b1120bea7ec4579432745fc5eee7b59016bc75940ee13d009e5168930626d19d4ffda55b3cad19343d55045adea0743540caf5233f10cf1d8ef0bd37f35971ec73c5df9224f9fd2b05ea4272fea75f03967b0e14abf9b4bacdca927207bde7511deb
36247de363be3ca1dedcf129a3d4ca27021913be81ae93bcf2879489678927949d05494fdd632bd2f5737dc1ad0372439f3413278361398c522549742d134896bab472331591bf3b5a63652dc2a11817ecc2f3ccd5e4b48ff4230516204d657c0472c66ab29eba2f2d260fcb7469a30823dd83f88c303d7e
391dc910b8278dc07f5b677335a39111be97b36f91a4128e030a100f09f12792c805eeedbaa27f6127cd271c3329b7e99620613ea1e714b85e554b961a1b132f1a9a06c05f07d510bdec1636a48f8477aee121b124908cde6d9625f106f7706f2491d5e53b1d4d79a807362a0f774ba4529e80f7e5f09c27
21e0010dc7cf0840d956bd038819123c89e8fc12a412e203e03add5d078903774fa10d47dce2c7eafd51121ec012b826dbc3cc85c118d42bd8619d4607eb891675ada532912b87d178d3d217c3e87653e35dd095d419f4791822392ee093d460e89079ad0f8ac264c53a7d693d2f0f0d715c30e5d4e3f0f8
26d31de9a83c05e1374a961a729d5912e8ab44a399bbd3be8f3a0293a70d2d836499e4e3e870082b77eaac07b212f500eecce681a2e5470d0d0b6a822dd97cd42df2bbe3c0a13f3be81ab8007ea048367e367275a87ef11436a928d14a7a44a261f06a32d0f7593b81126aad8823f7b6102e06a1512e6544
2908c920a17e70d25c2c113a724c663b734b13a8f231916810d2d3c3f4f4134badcf24c6b293f4980885fe1701198ccabf12965472c6e16336b72ef312dd8c0a8fa241b35d25fea15d714a32eab44b5342f862c05fb540b09e6423a3ef9c92f5d3420a403e8c8e6286094ce6002b2cc7a05b81403d7b700a
20dacee9952e5ed31a7e32f8fc997308192b6b1df41a82a08956fc5700a1171968aa361402b0110912c284d24c16f9dce08af6c790b5708f703a812c0a54d06fdfdab9c10721ec69b732092676e84871d86fc0888e0371cd6d933e8ecb413565eec1369855620889212da5563f95f7c530d0aa91dc37fb50
373c27eae2c1bd32cfc76c476b1514021cb8ba92f8c633e027ae2cbd26e23a0a19a0c70d6bf1071e0b98fb1b6c3700a72b1eb8c520bcc5f220a0f8960ac874448b5c1350290ff5da6afe351520d5746c87b1d1829f9a3601cc981263ddbfbc8aad40bb696f5354cc172dc5ea7bda3c6b11906971a859fc7e
13aac23176a607f07cb3f39998dcaf20119070ea6a5c008709e5c3fa7f3f31e9278a659b11130363d16b0bca2026032097d0aee8b120b364ed31b882220529cdea828dc1e7c4cbd57955be0d418e55503cf1e2eb1e42d382602836713e78350cd662b0c32eeec32cab3038983ca1a74720c91c403c8d0f04
2f42370e9fb338e252d5134aa7e51a38759d73156d7482bcc3b38c3c5bd411063098091ac0f0fc37b9ab4980093d93f8d768197b72017eebc87ef61e34d36f424a4c92909dd47f240ab2b105a50bfacacd0d9233b767e5ee11022d056adf451c2d625615f82b42ff6e2875fdad7605f6617a54c313cb77ee
107c720e33e03b830c129f8945aac92a4e1ac84bdb3df29923ba23565e8a2da8ffded9c11b939b2d467c4d90fe2f9dfd348cede710802235f9792c981134a8844f7d49204b9139bf5c06a107061a8b8477d63236c8a5c70798272291d146ce1148c3bb6991805625eb1600694904f658e24890c79022a488
3a27ec143962afe3519f0cfffa75920fe80f7ff6e7c14245303c797a3b160d6261bd3e875751e940df773d05f8266f2ec2c1c8e7208e3559d421df3e11b05f1cd3297a320bf254e859439c166a3cabdb69f0c16a4fd532594ef40a12c3ccda246b2031808f77b57f460026aea02678ea51a1448ced535f4a
182551d4ceedd20071113871ae1b341fce0b3f233d78a3d3db0db1b7546239e347d5d3ac8bf2bf638edcc5763a33782b926edd7490f78d003317ebd9165447a5e4efb7b3c1893ea03a269b338812eba0d8ae9160386f86378faa389321a64df926c1d951df745ca80610dafbd1f7b68b018a34475ce75365
26bb1ddc685217c295458a6a44b2c00a5d0593a9b5b840d48c5b553dba1509b4217a73a31d01909647c0470d9424da7c39f51023d34d032431fdad6230a6022a02ecbd53db7d318c1828340e18712240460bd21361f90b5d76820cc1e1f61bbbb5a19389e319227a090281c76eb5744d52ab411d1854a5ec
2391ff5d51d75df11e9b33f79e314c1a56549b552336d15d55085b6b6cd333c1859a58f5aaa036bb6aafbd697c1dbfc5874b3a45f2276118d2d8e98423e2a5cccae96272a324aef2c067363c6dfb8a6aceee229012b5f1b7a35b040514ee2792f3114f9b559d0c45072bed4c3d60808ca161a508b4179774
0cf53755eeeb22c0b7c5b00a4948e728e97a7311ce3f23b530057e28c664318acb85fc20c652b5738e1eee7bd1073dcd1e032986c13203f1840bcd7e00ba9b961cb843c2675e68acc7d42438a3d164b022a76165b6b461b2161f1db8312c24b759a1f83c0b00ae5e2c20d86275740b5e402a08c01cae6c6e
147f9eae0213a2e03af83cf60aed5402d6bc6a664bb642d37bf5c2f3a92839d48804c119d44068735c892fea313a13f45bfa6fdcb3ae95b3d959c21211b1b24e85130e623011a87f9e78cb31d5d217539416e04ae957ca07b8c4108cc775c6a0b780ad6d07b6adac001d96c5a5039c0fd08688a043ea210c
0fd4c735eb641ec1b2ad173d22acb41b0e55c55bc6b27293f1383fd2781f0c70a55aeb9027b1fcef1d60e09fec06e7837378ecc0e3b18e70635301e80406d1f115065e131a6c4eae5535b21bb7d1283cffe60260c2c5692d859817a59beea25b46b3a82d1afd02b40e30f54b7322c886d09a1948f102e89f
3227eb68a9861eb2b4e46d1815319d2847790087dc57617b48f75ef961ce2b014fd7264bd2629f2b94ad78d5cf3b61c645211c9882571effa81aaeda2dd993750e510f23ae06aa27e8ec030783577b001365c09ec606f06679232bab6ea92d4e90d3d25ba8518fecf2311639ead1487521aec0306bdc7dc7
0cf7cd8ad7ea0d005d55a1599aa61d253a4dcbaba2c7816fa52a4b6eb1fc21a554f15f69e330a87ed8fd9afd583a551a54251b59e38067339a2544b104b7e1033b932391717ea20ecae14614a74509d0e9d942fa9f63e7538ca00d196b2718a772d0310a8cdab8e2451344af47f6a3db438644a8d728482e
000000000000000000000000000000000000000000000000000000000000000000000000000000000000000000000000000000000000000000000000000000000000000000000000000000000000000000000000000000000000000000000000000000000000000000000000000000000000000000000000
1894b79e8749ccd24074ba5900894b2e51a6d5b75fd3e1d5b33911e139400ca40bc241d29fc1d3b6934bf0a1541ca621514fc1e940684a95b78afa3d11bac9e5abffb572b3a9235f85ce2615ff92d4d8a9ac23aa6055e265742a356614fee78e6a137e6922edb1f7d917fde33a7d4bcda1480b38032f12a4
3a3567bead9ad492672dafbb3d274a294dd81511ebbf6366cbe62dbb069a0cb4f9ff6abae283578192727f63e224b5843c601361304cd1c9c57c5d363e3df3367c40d8512c65f07f47ed17266be0ea3c76461192d4cf64c987fe39e1e1881f0324e340f756b3f82d3f3e3a25b1fc9cf0038e955bbfda29ad
2530d6088f8cf3f19a95e9d039a6b90700dad61e8e53d398988c046624bd34749f21a7ae0ca1c3a3fd4f0d4a690346282d75d4f9535ab270bf99004c2c714a59e1b13bd04b55da404286ff231cf44ddac98a80284956cbf7e70e3d1499ec5ba317003c3873fa5085360b2b1936bb92e121421a7d361e3abd
0ba080eff02e1f9119452f04512dfa385f71c93f662032a47b90b7099eed34d03f5ddb158ab29dbd62ad0ee33d263a10ebca4c4ac09609871d5ac4440e35646e7b834850148414ee9cc8a1288553346f8407e152a130525aae943c84ff62da32c7f209f23de5a48b0f3f97df392e1c3a114754523f68f205
0819dab5f097bb72e3c402c3de7b950acaaf975f1f6db2ef403ce6cab5333469364403741951b461df978fe0f30b3671d6ac63b0f0de72ef6800d13d2c2fe03d03d3c623a778ace09c5df11b1bf9f010fbba335a3da58e70c17916cf4dd408d70c735c01d36c417ac8365ba3625c59e651b88abb2a13b538
2b4201d331b047c3831fd650b0015503a6f79f83e54d715d506ca0a4ea5e3fae99b3aa80f7422f836b7ca508b804b1db2b6fa5d4b1926e0334f32bfa1474ce587eb0e8d3d64caf235c96c72e78ce76ad31e362a6517648600b972fdd4298d80ffd2350f9eb0d60cf9214783963edc7622108ec1ed42780e6
080d608a826f09332ef8a41ea7aaf83515288ec1191163a1bba126f06f4f3b1a91c686149af0d71ec0342ccc4017b556f054b39de1ba60ad5025ab873a88391b471ca3b0fbeb55008e7ad61c9552e6869ac882d58c37fc9a0221193d10e2bfabc532800b4804b8adff3fb7b0021c807ea3be4b2a42297424
293b0149ed897cb30ccc7693c1aaf310d7deb1c3aec9f2df9f3325f2d35d2268c6489870f4b21874bf570d038f1e24d5b6b0653613ed88f31db7d25521e622add3484bf3085e0020c83d01020040279cdd6041a914463528b4113ff41bcfc7f9cd9008f2a086da95041d3307d9fecb7410b0f45760a68500
19d3160d0f15841120ec11551d3ae92d8de59a8f1280425dd79968ab8eb436895085bba6d280c00c0f78b5b6750b8561476d33de928e520027e3390e287e0e2f3d317db0a89c73a686fc301b4fc4e3205d1fd01e89161d60a9841699b222e8cc0d4103a02efc55587c2371b8cf2715f4e235fcecabc0aebc
1f02c9b0607c83000123c90588b75612a4b9dc62c5d252e5378299258fac2cba8e5aa4242ed02aa23d199e038c190721a56045f142403749ade7918f07a1b9a0c703a7e33df03a7a3dffcc27c20567670bee118a8126d66249aa0283d09774182290ae9a1483be51d81372e22348c95a816af23783ecf89b
01b7586e3ee82300acd8ba8a3dea0c34563c264c098c3097f72818270e461fa0320e71f4ff20908d8cdfa67fdb398a734a4b07cae27ff7aed333789d16d884c39f14ede0a911223bd876e215f96ad95b80abe3c7d2468b16f2e0070b5c1269e80b93c6c9aa69a9079d222f810fee36a0615f14ac302b0f05
1c93748369b2063301b8b11e354caf0e865714f4038c82b682ee61b18013012d1509bdaa00133715f6086b3c6e0a4ed0e980cb27417c67cba2e1a4990403e0f1d2b425a16e10b7a1ebff521d8ba3f865c57c91c025d114e562aa3b34397c4c04be200b0eab9bf9f815350e53967351e8103e0d336699f5e1
00c79a453df5fc1001bd4b254e90b33aa112401b07f8a2b71ef9257b82820fff242399a72d43186adc5e9e21cb25993c0db114ea41f7d3615bcd3f0e2689b0208ec21fd18118514b8790ed2ff1d957cd8d4dc2a01c229d29c24e16a95dd7e4be41e2b3b45581e547c32208e0c58cef0b33a9ca3cf1d7cc07
0f4642aebc76716082adeb244da3563f0d941699f37300969d1572c2a8de2b557e4034b48d62f971386818a2e213bc12def83798533b73a5d1da92a301c47e33f75f03408f261afa6688ba2f89645be81aee1379c6ca528cd4bd01fd8b56c84b24913e2976bd99345813263aaef5b9d750842d465edd4265
325b051fa3ae988059473fbe331c773ae5e76cae667053ff5f7c76cfebab3cf32df7cce3d093d69af3506061121922303c337ca6d1f4e5a6da3dd1271dd061eeac3456826d9da26f75ec900d955219646122436efd27daf54e743a9964d595cca0335fbccd2be9e7f61b7fb2573827c763e855776cf4d6a7
000000000000000000000000000000000000000000000000000000000000000000000000000000000000000000000000000000000000000000000000000000000000000000000000000000000000000000000000000000000000000000000000000000000000000000000000000000000000000000000000
1d543719efa966e2449792e23569b1084e4b5f1512689060aab06668ebc216d0e3281ba01360897e6376126d183b016d15a7bcd7a176f40625b8741413711b0901a473f2a8a86e803a8c04176fd7b2d9c64431d1f04810480fa038015fbec21d777388c6ba43eb6e8c0fe5482df57d79d1510118bc77b9f2
0a11b97cb29c0821f7c37459d88f493df5ab9ad4a4ae50756d54e9190daf34a2dd99cad5b2d3666744adfea11638f449742e29e0a36ef1772b667c362264f54f2aa9d3c21266df93fd48ec1e990f61ac74f4206c44526a72925b22db8f50aeb2b013e8f5626e20b03437c2ad9f8691b25396f4f2bc38f3f3
39be9f292ecfd753ad466ce1aa1dec2e0d9053c16e33633faa7064dd93be1f94c06ae42f8903ea4b6e3ad6a8581e45eabc4446ff7293d46c7e952a3d2d00cbc7b74027605e4fec2537000c18df7596f60053620f40f88cea948f2d1e739b8463a5138c0e27a21970c22e70c560dbb1f5921c5acee9ec1d15
1ba586def06b90b10de8dea854dd2b05205ec43aa17d93e90086e636f3d3144ad6b033bca7b2cd4074b339af1222248279caddf2502efe8ca7c149a3231debb15f2f23c1dd1a9fdb53e950073238ab832c2e617d5be48c93294c2a8698f5109f92c05c764dd0d2f6233b06a70907919e31a40c8d9c5e73d8
2e69956260e3f2d0a35186daa6e9132b79b486aa3fef63a71c519c4d7fce1f6a04b868586d92c8fb2e8327f27f2feede5242349dd068b95ea7f517633ec9e09ac76f2802e2982a0df7c0ce36809770830c81e0aa92765bfb1b620a01066ad98947d3effe682aa84e372c5a440991dc54930545c75e6d5124
1393bda84341da4058c14be4cf1bff268d9b4da3329e708fb39bbe58772019504b31d5ea68e3c7a73dbed47657356a60a9127399113faf4d081e6f7533762d16bf7f37d003132bbf5856fa2abf0cb3d00bd733a564e66e76465a13e59bd657d22ba17b15de53af62042c431f1c7501ad708c88bead757128
1a620da8692d8f8100ea3ba8525f280b57e0f4ee14b5b112df183c4a2f3c3ef3d20c0c2fc3c01555d9e64359fa3b596fcaa21204f28ea91d5bc08dc917c488591ce2041039cbf9b1d7906d15534b08acfc2792651d1146e3be2c0bdf002a025d2823471eac991bdf0321cec9dd4a97fbf114882a28fad26f
3cbd9ee012f48f5276c9053c01d61f2cb91df391571b530f158d0e0847b20f99fa4ba07bf0812211abd7ea49bd001a5c83f7a005624adb07d4efad783f08fbf2c128fb21a6306db3518c700fa00a1fe2da17f3bb232df1db802e01dbe65f3c82aea1ae90ec6a3106863d8424857d2c09a127fcd32b913685
3e1751bb3dac7373952cc0b4f30c032bbeef28b94b84120d4ba67e48da403c7608b7bf5722d053f25efe1db643074edae9731fb0028ec5c861f0e409304f5e1b64434182c183ef1d9c90a9369e93e2d23bc32076fde62f87a1dd36622d74727fe390779cf2f7d0b6c8310e8fd37b40f7a3727ac12f257828
0676324af16cff7388d7abf758537704e0602f0b1fc2a3b3043360223ff3183e437b74157b022bf8bbac415f560e71acbf542e2001b60b6c73b53cdf3f185afe1f471803b3949d4c99c8d002acf9709683b803ded6545a961e54023abfdffd0c4b13b545aeb1ba616f0e564bb5018579d092ade015a5ee24
2425b24e7b747021b7224871cdaeaf369b315ed64c87b2404e08d6beda1d29156f56a71ab94178eafcaa0f2ff40445b211a3c1b643ca541fc3d483f6358e04b3a83f6c20c89d2d4cbac74f2b0bd27690ac2f704008e5e8582e953f2cd556d838b1c0fd6470772e6fd53859ccc4172811a0c7b6a3e0f0b920
099110a49c9bcac3f953adfee229c0155875a0520e97f109e8ccecbc5b352fd746d1c9d25d002b2e48b61520f70365aa55030876f02ae2f11f006dcb2dbee23b9f988b725c75346ee9a1e13c7acf5a6748c1f09adaeb2324831736c4c40271e03ca082ec05881fc7d127d0d010b06b98d18ac3d5bffc54b5
1ef16fd73442b2e017df24708641db23b8e198e7576a01cd4401f948bcb504649af68397cca105123787b81a381a461fde8fd2eaa1236996a23c9851107f84e9b5f08671ac15902537ed5311912d70b63f197187fcc4a84bcbe40380b5e091223ae3e672fd70c25b5d06c462fbb570208251744e53dc3ed8
11d9efdf672399b265e1845cb20dce2d7cf4f2b1ff1e230bd57e930a3adf2e4c2d350cbe6c52094aa6b8e6944f2f454c1074c29243fdaa4907336859224c6eb36af626b31baea8acce44b13f05a6f4e885c4e14372daf0239b6c1c2340d67ba2fb1192201aa5fe863a244a7564f7e6ccc1c3ced67419ce1d
0801c749ecf600439655d7acb2379114f3fc55cdd0fe903980bf4b5b269a1e45a05a1ef282e2d2cf21f5567e2d2a7ea5206b6693d1301f577a942ef13f67fe0359cafc53fb6f9c7748dabe1a370ac36aa332616e7ece264f6e572fc145e95589d503cc08beca4c876b179094f3aa5ef64279077f980fe8b8
000000000000000000000000000000000000000000000000000000000000000000000000000000000000000000000000000000000000000000000000000000000000000000000000000000000000000000000000000000000000000000000000000000000000000000000000000000000000000000000000
04068dccba235c808fe332649483461090da3a4a7649c2a78c19715daa5026e043f269ab956329cff4045bf2bf137a6a9d4396aaf3fee4dd7cde996c33e5307ff263cd13ea5db991f9761812e1b531c4ef372317a4ed97559d82340916fbc4073bf296e01bfa5bf3051eb310491c1a07035ad19ea350e3f2
07b9c758e67dbf22e5e3be070ff9792667b0a611099b1005861d0a9b641009e52ea17b7e6e61f61422250fa78e1f4183ded683d863eba6d808aa093733c2b62134b805e27a73fe63600f9c23dd2316611424c1c01e891ceae5d41dd13610d91b50f35ceeea0df5e65e28421c0db8caf1a0d19e7d14ebd8c6
3e9f44b8c31f6422a1ec27727ea2a23377f32f577f6ae36609a42e9d38820000147bdaee82018907c8e535a6d121259f08c22bb040ab360ccd1828440885944dcb8b06b1b252c43cb8ec2e2244f8a7a74ee5d3f8bb37ece5dde02a13a8d649dd19c117232964e03d3638de0162b5e52111b18a0a1777ed2c
2faa3929aaf2970018e90b8d021fa91587f5c960a95fd3d85434158c09202c313a6b82365ee3e2427c3bf4372e1c70da6ee3d586a1d5b8aaba0b67e70cae008d279dadd29639a24cc5285b289710fcf06dba821f6a1b25c7302b15a1cffe6e3a81d33eb654df6174441be2120d786ab4f0e231bb5cc8e5c5
102d44fc19c50700ee3ac6a5f904f0314ecbb4b85e15629f75d168a9397710e443ffaa0a96c066a4d2bdf6d1df289fdbf3ae040c70714ff498afbced29d1efa38bd86e530193dc1e338e3e27e4a524486cd77260c1371bcfb64f35a4b194f3ed64130b475054498a4304fc2932b5d2b191bb75200b5077ac
32836a12c9de33d2ccb01501476cb238f2b82432492cd06ead4ef9214426023a43c0dd5b362035069d02c0461e270675036a9ec2c2e4acedc5ee7e62353f67cfeb6aa8a30c0e0a187430711839d754c97751f2c6dd597b98777a3951f520f13fbbe257a525396249c026116b95362a8913d642b096dc2588
281f3f03fc86bfe19f88d3b82d0733103fde614f083331be2133cc64de52125870e167873e014357fb9eaffa9605c296558615df524596e8358accba16cba8a10eaf77c3882c2c7752a56c2c0e359ad0c46782afaf760e19d9e1014e298adbd7d35174b8eed93155ae0155bdc859065b011acfdca1b1bd49
0893273f28888d12b871fc7b1e30a81afbce8081c480f147a56f419f08f02d0cdc710c5fa3d1c373141189967131bde7c7ac13d1039cc96b6987545c2879431442e423726daf1e2ebc449f2d42b319dbd2b742502d251ada1fa50443055427b756936ba58d6b1635cb1fd95c9cce80ca112489e7ccd29d83
19170592f5b96503d573b6d0cf263b12217f5f3bcd34219497cab5b7c4501f6ac3691a89b103c4d51dd8cb938e31cb51ec9a18bb704879930f2153f90fc9cf1fa387d063fae32bec055a2922a3ec707d6ce062db134a772ffc55198467ab3c2362e234bfd0fcda16da2fca485b1255cf425379b5a7504803
3af0a941b556fbd2bd4de0e1a6b8e8265976d212029bf03ff8b4b80c0971163fd06b69b7e7c308384e833eea27307bd1c436327ca03392d1033f960c19a96ccf68cf71025be6b8bff9764c29714716458ee850d6d094d286bce03a6b40fb62ebeb90f2c9e3f58b9760096d305d4ffaa4b38e587fef8a212d
03bc25bce858fa904bfb33db12579f13b2c4634faadfe1c1a61f592687a9167b4a3172a2ae610c9ee12470ba6430cd63e97bd72b027b2c7d704e700736a476b1b41a0ef3626d094c0955e1266aada30ee051c13c2196b98d493828926d5a063e4b71fc1a226a3e5d2532abeed5a7efca43a4389a1e73151c
01a8655546072603dae129751015193e12b3fa097f3ab21f9fda20a1661030a88630eef2a342f1a2927e8010bd38122ff512fd3f11db4bd3cf2c7c173b2d036490a151516feddab2f7505200ad0d878e779803ff6c5af9e048361a7d13a9ea2fd4b2972c82bdd59d100e3eb50bdf9ce080477c757c9a6220
2c2b93208ba86492a3441f7b5940ed21db75d37f0e22103185582505189123ebe6954ca97500c787f31a659113384301afb1b98242baa7e62410a94c358c7f3ce0232601e420c8e72a81352dcfec4743312323b27205f59cfff304ad66e6a47c6591c586f33223f4b23ed62e8221378a1092b3ab54cd1f6f
0a04ccee2fb663531f240fce68735e220f164cebabcb83fdeb2c00231e611e854f9abf297103eddcebcc637a251ea6b5583e6cc4f2d3fc4b45bd5b8831083e47bf9fbdb1e8773f96b28fd637d5fc852255cef00716c70fd19be515c8fe7c5b8c1c600645c582ce03890ab46d7e91c9bab07ece63434b2321
2fa3218455a328d0036b721739745424bbbd08a170fd034080d929f507a31a1d69841ba92663afc09f1ebdb2b204e73f793254e472ea0df51d024bf52b5f117ef0a29743b928de5dd621ee2bf14f23ef070e63ab98240ded891c051c54d0af2c2c40cc5233e1b9df321454a19bc5f1a1c1d03b19ba4d744d
000000000000000000000000000000000000000000000000000000000000000000000000000000000000000000000000000000000000000000000000000000000000000000000000000000000000000000000000000000000000000000000000000000000000000000000000000000000000000000000000
1f58284e91f653a0cf2d87eff0614334ab635bd19c2862fa6034ada4f60f227ad07775a777c2de6eb4c5e3e38714cccbcc107b79702e61639ff2900201d3dbc1dc1a254042c190e752d86b38addbc33a656af318da871f1bdd6a3b5eb3765d7b97f2c7670808c3f26d1171b03737da31a1354a178231f70d
1f4310769468fdf1644d0c2b215fb008ad3455372ded30ca10c6dc867c1327a4a0225f4fbb13bc0a28e25933db0b30329fb5bc37c2d22a3bea16866b0c67c70e2add502250789696bc1d22310ba9a4361ea1414507ba448577431bffb4e34fa741e1fb0f286e05e3c801455805aa6150015cf048c0e6011d
2a431f83e0e951f0e7fca295813d612ee2bc0a42bfeff3623efe0749397b165b6ffb89e0ec32a2fddff697a3e73e91f2f1441cb14006f86335927ac03968d30f2d7425a2dbda5ac32478cc154ee3beb44dfac23712e18b11e8c73a43e2eff3a54d23209c94575bcc3526140fec0124e9913c573372fb7595
2f2eb571a5cbb2c121fc5672dd3c7f04af60655d55e26345ee93ae0372ef2392a7fe01d2e2c3ce4e1b5fb22c7b2831ca96a30d9d436f86cc2ac2e5d13601e384023cb7d31252d91a75a36c1d2cd6ae03ef34e085473e22362cc815ff9873d7761850402075401ab0e20b11c07b7a9de890a0d71021edcc9f
3b163ba830f16bd1ef34927d712d3d20776aa2d9952bc0ae048d175a96192be4562bfff87f10817f0199d77c703819ff9cdd497c6387382eafab647807a4ba2a8590cae0ee85a102e9f0b42dfaa3104a7aa6e20539363a1b20d503e6a45339b1be903c11c62d4d85f73880eb0ec70aab006b60dba9aad772
1d7e64822f9733b2d3add46981701f3a96c9994c1c4b71f4af5a3fca9bb808fa2ae8a03fd410dc595cba07ff1e3d99be3c281d678254dbdfa618562a3a2ef2c4462e4b0308325c8231ef690f510edc93ada9f14695cd5e68bdb301b3f78156d4970087153cd81d489321069e8553703601d5fa42bda4ee3b
000a07dac5ae0fa2050226d47d8d33133ab7a91eab45c21935dde837eda82049d54bc453c6e36213c5d37d2e60160b92b6fc6295e1f8af828c1a6f2a3575f32617b82363be10fc6a01b5ce0fee8b1d02742fc082283e504798263466c6137b562c0260e8d8424003283a4cf92c825c04a22857becfc4c5fe
25c1943f7beb5ba22173a03c815f630bd34a7e2e2add7196098589cebb1c28b48790c58044014085d774c1eb2935efa259208998e2df2e67ed6ef046164783ac403c3111664917cd80404d100767eb545cfd607df26654e01e580e38ffcea0a04a611102509d27b1522b037dcadba41d528a1a1fa47269bf
315094ba078c28c0c658901bb958df33b2eb4b2aa9d1a2ae667320d12b900a41e3ee19efc5823665c1fb9e4bf131071fe7221645214c26c890bcbbbe2c3223e570a40e207c41d0d597031c3e6a24e6a94ce801c9befece63a00d11100f6ae29b41f34096a43a18bee303a745127f47ca80244cf10149da9a
246e898991e428a26b37441e0c3b2c17564c09ffbdd521416eade8547da135077ea4bee873c1cfa8fe49300cea0adec1964580c4c2a4f6e6ea10963939b145dc2daa7b03ae008502abe6b9088d3e1849ac0cc1e0b21b7ee0d9ac324e94e8d4b159037a6b3d98fefd313a1003e7823ffff29ec0870fba2144
196c1e40458effb3392e5d6da0ab49397953da2612b333691a2cb04dc3e10963aed554a486f3e40e8684a5aaa91e87e2869621e902ea19754f9818ba07c3d1b344aadb601ce7a1b1b0ee872e437e23f8526f33b5c84974c8511612216cdcc37b66b39a3a123289618b2ed3b549263922e10091bc2eed5435
3a5a0ce3a7bac640a71917091af2c1256e807a06eddc01f6d91239d1afe33dabf659837b37c15e362e3c02e23c1ddb7aa01eeec141baafe2d280733d0459015ff7693d415187a272d1a839278b727cafd23f605bdf2fa7408f0c06563e80f5b3d8e2b107c338cb78113c1cf8dce69c4db31bdd9399343748
115028467aba24a34dafd59fb93bfb2220e0db9a8a86b06e859b423354a70e471c63e9371880106a65203ba9473e26a15ca4e9b7c0b91938fb0a8309198c65b675268c92d56de3187213da1080caa9061716a0ecc8b6eedd3d1e39fe652873ecad31366674727604083b0b13bbb75c8be24d165606d8d04e
00f330c17dbd905038c487bddfe6c6060a7469e56ba1822cefa65b7f552926c3a26e8e939172d72b554c9005ae26f1149e17c58a503233d6a853b81b144f87ec3a87afd0828d241c676d3508e6b06806f6ada2ffad98c68ffe8617f1ef1a82ff30a12ac488e23fab7a1a6731f446ad3c4015727d4332473f
2ce164ee46641962bd970bc9cc1a990d2f639b74201c103b5d38eeb321b13f8b1e298b7fe9923a24965f94e5da26391e918a6eddf213986b80d9ad543eb040bb2974d5607dff930a79710518b7d0ece9fa3881bd868b83a11acb00a961b2fac54851d117a7908a48593f7c3b8f83f9cb12f7c043e72f9aa9
12b5cf0badc1f8b204d98b227d89462520f2622f388ec20503882b4a251901aecf0a8c3121d1bc1b417fa0ce142ece8fdc900dd3b1429d891125ba3d0e16ef61e113620173e2810e30dc6c025723833ae60af376dbd642b10f27014c82012a23f1914744c97d0f157c110b18b587a242d367e10fff2acb88
0f2fbec33ad41b000f3b87f33d68c80136fab98410b3c1e3080a079e12a527ef3abd33544cd0ca2b4b432d4bde3561bb6eda2a9b715afba614b4f4f5066fbb9ee5410bb33e3469365367ef1e342e6173da1883aa3c7156a87ed023812513416add9322d402187c0ef42f1f612f748249e1085c1ef69fae85
13f5cfb4e60b5de380b222dcc464ae012f9e002e1a29439495c1cec855b11eff9e28d6475702c00e43fcf46f191915ffc9b845689310fbe312faf42907332ab7e13cbcd125a2a394e940d0225b3395c6c8cc235f946c2de4327f0d8002638def6e808349c5f2ae8526283e69f1f9a0a7804242e4b76fbc5a
1699b67a094b67c00a79174a785f3234bfcd880ca9af319cec3507c0e1b82cc21e375bbfb6425ca3fc67eeb0473b8294030f6daf81be805aa51f884a105216b0471dfd63b2e7bda39f514d103f18714bd72bb12135a4a4f93fac28942cdf109c1f11291668ad540ce30700c723de2b3f420b5065cfd53c85
31d4571c055295a32a7a6c32ef98c31dbfd0df9f5518c0015cfcd295ab551f6c6c5de039ba008588e83d5a77ad1dee0db1a2d35a111338b83604ca1f2546907b711323c3d65846af72c9aa2eebea86b5bf01936255687a471eac2bce4fc4cf496dc01c5baa225271551eaad8a23cd9c7e38218c794127635
31516562665eddd25c01e9b8d92a2217af6f9691b33d11be7ba2ac86b6902106f4451da097a2d19ca8682a211819704c5088ad46223931c83dff86f205a7d5654b013f102e90688ddaaeee01ae6441ee1bef1076fb1e0b951eae1bfdf4bef0e863c06b0150ad01488917b158849626e08052faabbef7b661
3492e4775cf511d2ff17ecc2aecea91909710394cd8170e29c1bc7b824e728bbe770af9ebbc2c0f427c71a4838234a9622ceaf12c093fca3e164a7620e6c8f370b5182c03892dc92a8c7d0377c57ef786410428fbab8d3bcad2b1d64258bacff6060133a532f36502a27c564e6a682dfe3ff080a9af170d9
26cae58f12c96db166ae205f312571376ca74ac21feca240db2ee7ca4b871997c20ee9e942f09c2d69fe5a988133683e995f496e23b5ef7ccbd169f81f09fda89a980ef0049323c587018f078c4b78e5fb3ac089caa9557f9ebc2271b26c6d432331591e9226f3a43e373041258295bd4264fe39f7396f85
271f441d7718dbd0dfe55e40781d3e121f9042aaaf529266ba8636129d4b3a29993d1a91b72297e99e0d3a704f3363cbc5689b4b810c9497965e8b0e16a85d07e20ee301bc5c740ca32b3f1eaa8534fd0bab8218706857aa45bd0fbf9add5f54c963ca814a8ddf877f1a28413f027388c296db9561c818b5
12b46d17f963d763a3f347e77fce1427518d0f49a9f670a13d450c8daf36378be60c07a6c2d3e1c366ed4ff3d8399a4874fa70c790fddd2dbf2ea006301c33be91430881569ba3e01484b01144feb4d5ac9e703e33730268272a14ac444551da8af14e4303142bd8ed1fc5979af46c51b21cb0f2618e2756
32b993b5d954d201f71d927553b8691108aa4db0a7e0d25c5910764d05c11de3bbba4d3e7723c5bcaf8c77e78f027f35ebb562adc2009d46f4ce617c27b295a273056701fcbe6ee9d54a1e056e31353fb757b02139382d8af43915af5a0672208990600b22f73e5be339501ab6a756af6062c9545fd93db5
31708e0ff5da3a2231ba2b9b9047dd284072de460bd4a3efb2542d2e8fa723e9b4544a2d8e50d7a92c2473f52d1b34961e356d0850f616a9d657fb792e2d7db41c53e920e5f00ca6cab9f9102401614123ff23979ec86d62ac380e870939d737fea274adac8214a7ad3c3be1dfa01fb653f94b7983db58f0
1230e9a09ff2d4a026dccbdd71de2c1afe79da74f6ac036191b9e47265cb396fc5717711e7a0560be2c6f91f81191adc74d16ae500fd3a4a963be0c92174efb98ef824c0c7c31c0f9ec8692d2c7032ba869e43d468bec9d5941e0651918e88da059136b81ec4db96dc383d81b625e96d92e4a72ae721f5b5
304cc37460a3d2b10c0c9c96a011772c9f8360d172c660cad2daaf18e11f0875d392f220b662e9430e5e3a5b043846ead755549ad36b03fa04b252111618a0157938a1b1eb6c6aa6c286a501367af169209ad08300757292df96206d1109e8fca88292f53c45347f5c2a46d9b10c7918e15ad817c88d41e7
0a1ff91bf899e642e74ffc6b9f8ace3fcea8cc1ae5f592257100b44bb367260b1d55f11742e23743aea9d683e41f3bc1e9b308db32194696f7a2aa983bc177c0a273caf3f2f34e233bcd44105b785740bd0dc1d11253382843b50d7eb6e891402f1126e9145082551722cad0445ec3802225be55f4689965
2a0a4a661e2a8673be6b52ce8efd6f1e1b1f17957e75e255f2f9d511262a3e2dbb1de9c68a528c0503798fc2123ca5171e587b049295f44a9816accd09846a015b87a172ad39d55731034f2622ce453fb5aff35d5ef4d1f8ff2f009a75da6e2332809f27533c5f2215211181e6482a30002a29c8298dd3bd
2f5058aea7edcd00c0ccca66bb178b180486fe18050e30c0632c6c68faa91c0a22321649fec0ed0b38eb58be30069943c9518689c3d79c3bfd3cbbb436d517808d6afce111ec5eff11453921e18af4c186c9a3840b803a117a7e14c8b5f392832403fb64f7d92ef949396894848f9ad741c635e7ed29b5c9
17c46fa870d7ac504f9a3d61ba6c052569eef49e9feda399310ab679b4132fd1e64e921e79837baeec723cf8ff204400a4dce20e312dec6801cd24e62b841835fc0202c132f9b139f39386380593a75aa82261a0e4eae8a9c97636155e571d1c3c11123528893f340a3aafc18f8e01a7a1407f7f0d2081e4
2ae5fbb20860f7c073d27adc37ff7905e3c89427aafac189d5cd6e1c78be108a061c275a30f0ef258c7989ba9d26d0b9921eb70d521a756bae7570d316cd17d7c6a1b5509d66d12bdb440226566d43c9e291938b5955484465cd255aa6c2fd34db4024ac553d99ef3a04d3d5592cf2b9636813d51e5606dc
3050462e4b9501f0ab43a13691b74a23592d91ce6dfa431ae0e05e8f4ee90caf129150fc51911bf7cdfb33935c22d49df69fa158e2102c1ff4f833b602c6dbcfc78efc130f708a832a5c73285958fff717aa808da9570330a1c20ba875c50551a3f35a0cb7a85e4d8f27528b11cfa316c23e631c217175e2
0ddad7bfa1083b70eb08db7e1894bb07fbc8ea8b7c2360e711915ba7b35e24b0d0fe8e0c0103a19c5fed835f223c58584431918d9081ab1f5755d5b51bb2805bfe0c6182698564735732720b051d7e1dd15442e81705a3b96424279f8a1a27637560f8fef9ec1b8d522714c981e383ab3128bc77ad827938
080b93e9780842007a7b8b8963794107d73a1d9e1263c13ae1e1dc8545932d758573105e4d32eaea3e21b3db8a3a54510e3eabb2a0763406540cc3921c28e39e7337b302a5174e83af5e8004ed2a68fb37346336009374506dc7249a46b9d7c5617031198c7e0153190994b70cf0e5f63276ee2d93c2428f
22c0ec808f6bd580e0b12cff9d956b0fddc6cada0311a36fbb18d1d814cc3af2d3ea780fdc1182da4721a1f1b71549e4f1079c4c2006287d01dd69a43d9361c3e66492432deaad27d7b7a721809ed55bf2e052cf82e3af10f7ad2d3a46c70d0148d28f39e85bc4b5471b7c06c4d73a62e0930f343d6fcafd
1be4cc210932f66164cf933748eb8c345d592c61482d819fc06981d3789631cf1966d768a3139b51ef19b76af732b7e194411f03e1878740e2a67bb3245b226af80e38d10de7fbf55a801c247c0cca66be79510bfb74905f94e029911901c753d5d07e4a631a8198db29e0ea6f6a4691e2ed5bd94a0565de
3edc092ddab742516bdc39c83a8b6902f463db45c451e363e4d3f8b333021e9f834ccb07f493f1151e5387edda3f3a83a36f53692364c3ff71dc1a0c27d29189251605519da42ec84db4f129eaafae925bb583fe8392eb711e591e3806985e23d6027233b30622464210ec4709101294b3d570ccaf1eed40
0784db8a367ad0d048d1e4ab5594eb25b3fb31417548f2b74c4b0833889e3576efe15a24775099fae332da7a8a346f3ad97e50cf0299b0ddc641d01b0b5495492d8ba45280605a7cf468d231852587c3845c915599d23ac2604b018ef603a782c223681124fae370262f38df61227da4f27f32a577b5f895
3f1a712b9894bab349d3020a81b57a081bb7da043e61d1c7dc828c29f21c1250eced28e1cca1e49f14364d5f123daf12a252afcc82a2c46fc164366a2d19bdf08c1a580295ef10ccdc46c225741a3d3ae749d16ba5b39c24206a1aca09b838bc1691c62531d376897e3a635b045f8bee5373f3bc789c902d
2bbf4ed0656340b061717fbab8be8b252d24ed55ca4bd1c960d8c2aec884230734b5b907d8e0ff557c8c2a59170270704893ac02224332b52f24ab0c32a1acb27d08d702a87bc1afd5f96d35bc2b29a3a00ab184f709a80d8efa3b32ece2212cbe30f6a774bafab3042d43dc1c2220cb1310df02f706e3fd
3bca9ea3a46c2b522f28b0dc68528f3e13d404daf0d4932456069107379025ef146dd2061fc3de298165c23b6c297ed5492a783b822420be027296891501efe9ddc2f2a126eb92e7b828f70eb5f02fd2e61cd304b117f0ab89b93350c96781ba06603b52e2019abcb20d5085bff0274c92417cb5a79bd29f
165ea850747ec85004283f5ec9eecd077aa8fb9059c281bdae98855b5c490a15e499a0e9a421e90540543920273ec340b98f56a7033214727b61aac505d4746ed74ebe00945514e74669f512be2e2842b129336168af2d20501a0d1ead9e82dc8fb2bf07cd6e3bd78a263883154882da0336750970d0c88d
2fc213e9fa0276d0a52e2ad7bb3da736cdf36bfec329d00d907b79a2637c128276433ed99670e4f791dd8529b8280aaa9308f0b133c5e5ec0e37fd123d64c9099274f980f89783a59699ca0ca7904aaa708f319f352c1f6f91f804309f2a94dcf3c39ecb446eaf949e1cfc6139124368238f60caa5ab2374
17c03b07b0b9c321593a32846089eb27b276cda5dc4062eaf790e06206681c8d4956036db160bc951819b3afef3d8d9759b46766a14af9471eb0baa71aa208dddffa48e11ccfd0eebfd9d1251a000142e10183e842d506ae42e12ecdfa9b4d8108504d1fa05429e0be3cdec6580fe731d2af1cdcb6ac38a4
34195fb26ce77f1363a0bc4997dd56059e4a578f8c1ce246388f73155958251613ebe3930be1d245eab46e616429cf1e978e872c713346fd7a7c86da3a200b201798fe600286a409fd45631ec7515deffca0618701cbf7b273233875b45f4c0abf41b63f2f11fd07180420a51590a926e2158286303a2c25
00cee783a6b7e13125ea5688f7ac5c069b86e1e546d670979e55716ef2df3558e264af006c721e1cd9c88b434500fbefd99def7a400864dac9905e2d35d2cde3eaf591a050b0a1d23c950c03733caa4d4ce732baa49fbcc9869f16cd1181fc0258d310b0294ad7526e1214e1552f6b49d0839dfcd5e12b96
0b2517cc8979b961131632b38bf3672d0bc86dd2a433d0ede37936ea88a10494307aba952a034a3ab809f7c8f01e9c3a3c787f65039e2dec9bcb43ab22b4cb4766a54fb3763e21663b5dae0556964d789104137491d7963091e012671ca313a3cd5339fdee970d6e860ff09c2e06092ff126ae9c63309d1f
1c1a32ecd6729ab1e4ff441c6559472c13cc68fa651d327e8ac199f676c037ee63b61d05e6a1856057fc05982d333f672e386e61d338ee96d740f9b53730c68cd8e967c3d3717066b7f7511f1c4a0eb05544e3747e20a179fd7629f8ca5e539f49b2294f7179c420fc0ad4cefe31803ec2713af115abbf15
3a58948b27ec46a1b51dd7ca38e18f29767ff11592b0c3c3808e6ca69b7f39f823b044c06540bcc774ce4236fb25bf827ffb614143dd33fec286f9ad15d45b053f1b0812cbe4957a6036df36b6904891a362d05c7aaac29268502cac7bdcab135e93c92b4bfcc1e83e0ec1423d9ea431f279aeb8f43bf08e
11d03fc41b631c909fe832ba2e20b222319278d7940b90b7a741e8e83d0137aa7a4b3a3cc291229760884e6b521261987bad76c310883b44fe0e63fa19339f9bde5a4ce1961896e3bc84a31738b6ef7708d661dfe014ad8c3d7d2a5742e78d0b76f30b374dec8379c212694608e71d9163ee15f03175aaa0
00010698f02c2620413007fb2417250285a5a820439e33d2656c5f88a91e1dad238757d924d08dd999806cf0f2253cad0a8bcedaf35b394ee9de9f83013d1837a2718b134482f38b085ce90e2b90a75d00d332439d6509e438fb35780c37b5ddf3c3edadcb0a5eb8161caf5e8dc18322529c2fe62382ee52
2e81a9d365a68ee0857716f2883f7503ac23f33834094152976ca21ba153275839340c914d20bc3444bc9d7b9e20bd3c159e44ea903f8a0ad058559818f192c589590290e37d0c887d7c8d34e67a80954fd722c36b96baff02ce2e73c54407aed3d3c150babd511b03298a020135b267211b9dcb045c3cf4
3d7ec2655e999eb04ec9e8dde56763254ca69111368c33d9b01e634108cb330177e01c1d7f42d836888f8b39ae19bb9bcf0a05b0e148ca5f5e00d41f143b46cbed99c2f1ec9f4cfe7103cc3ebe7b0573d31f1369682ebaea2da924976587358b7780a61c7edccff1bd296b6d8052cea201f30c34a9b5fc4b
223dc607d1b654c2be65e38466153d237152db2261b2002efceca101f6a900666ac425d86b438fd5f76642cb90031d9f2db95c79d07273cf8378a7ed0ff0b04fdb4ff411def4d9eed658262c1bf2016c46928306f4162e95cf78305e18d77d5095a0b5c75313f3deb519ead3da8168e372679e8f32e8220f
28744fad33a815c3d5ec522b46acf32be4a176df41ff3038228940a7672f162e28f0e340bbd0da223e2365dc1e2fd43273e92e39810ade45cd2d7ebb2ff3d6a188afb2c2782711b5b1c7db1b768ce53a5ebed3103c798ea9e84b01baf26cfa833020ad0d9016713762033b7b690165f912057568ad5f132b
3a7ebb82b2f057a1858d5c38cd7e8018d233151c5ad38125228be81ea65c2dea3b8d5d312dd333df0cffb65bbe1032873f1decd6d2b2f4c0d4ac0b7f0e14a25c7f0ce92107e8113b48d07713fdffaeefacaed243a18ce6aedbc1077fe1a022f0a3f07f3b8770fbab1a2e4c636b23a742e0f09c1b2b4653ae
3376bdffe0e003a222a53dbadf4abd1161f34f5a12b0d2461d3f9fb8278f0336ccec163ca3b0441fb8cf3b5b2136b4464f786932711c9728c14ff6c13833989a35fc37f060e2977988a20c027b13eef8b03500de6df01f909ac533830fc5a307e031f14e42ef3e38c721652c5007a62030006ee5349b82e6
2961810dfdc4c292dcfc13740c3495021cde6554fbf2a3804deee08643d43e33e513917c16d2a762f50b7410641fbb90ce1e258bb1aec2001e9761e502372fa893fda951e86ca5b59e13d01500bc3280975872c51cba7a12f66025d38054bed962d2342704338590cf3f9ed4ae8a621793bbe0645dffe906
1bf682084c8ed90216b326359e8afd3fd8b98ad89d6ab246e46b5d9fd43824dc5ebab48cf920f2dbbf4453f9e008428da52e744110c1bcca70ef9e7f001ef410d068b453d757f4431e76090ff1fe0370c52f91129e13f1c8f2d30152c17a91a1f740835d6db0b0c7e629555898ce8eb550828c09880d5c5a
3490eecfe8d0a623b444a9a0ea138617ee31c03799d8c0361d4a5c8aedb93c1b8662bdc3f382bad4d3dab6630f385d495e3bb1e44006d247b98fac931aaca9cc0530ca21cc28cd6b9478871495630a15c34ff2969ad1cac40e183f55113f625efd80a946d1348c7b8b12af9a28b979f3d0ce47605b756f2d
10fdd7e7b04ad772c0a1348afb1036398a1fab9a2d8b733f8a2e3b140c2426520c4a41b9419132ddec7242d9a4213523ff29da2dc2616319e6dc740d0b6d48dd62b64743823bd0b02b9f340e3776dbc4a576119e5e65921784c30c84a01a23431a91a601175f1db34026eca0dd55ff19d3bd9c5052160556
3297b39abbfeffd3eb5d8564b311ee3c5aaec43004462262c959213b50ec284096b9af7834e02f9017523b23031b56aa5d73e7d292d6ac90ecc8f6d40c3ffc57e6462fd01cee9177967d432a4892aec1b0da41f7fe5e663478641009565de15839e0f9f28968409b3a359c14aec2f5d3a253f959ce73d309
062ec6312956a462958eb68e3aebe30b4c616a7f350f2126bb472cef87b10b3ce663bf78ae916a5a152566053a2555cf072e9a77a3c17013177b7fcb3067edc2b9cf4c90a7641945340ecf3ddbe74f5c66ec72ba5de7a75cddd532b165b8814e12621b9c5fc32d956913d282e5b0d44f30364e2cb02d9d4e
01ef8327d8d80be256094d3ee2d8470cb3b0880548f75255ceb9a79f30c5238b8d878c892eb0b440e4722d842b2ae56ec0b6ee7f3395df08174f5acb2c44e896e1d8c6e1833e669947701a1cf2b3a4ee94f9436b4ae795891c912c6ee2b816a1426396188baa52563206ecbe8e60a8ba00f0d95be580705d
0f6ce38a61ae225280695691ab541233578ef44c15feb32125d9533383ba3c54a80d79dc0613a64df04e620f331ff141bf3179e3d022a97582d4697a3caca81640b7b87117c159e9c71c620695a7166dd1a3805866dd01589537163d148fa3c0ca428da8bc5a7fb0cb0488d84eba3a7e307b299d087c6564
3e5de1fa7eecc412344ea275158b221ea49fb5e6f3ba60d4c62d26a69fd52eb79e98b11bd45326ecc5153357ca13c4625482f40503e9b50038ff638b15face101998e3d1fc7baa5b008750244f48d299d0bd610e7e1a8778dd222eed22c0ab2bd580f4dbe1510b1d0d1fd50b4f90f569b3ec923b2615cc5d
3a566dd0d25a9d60ce64d58c69649b200e56e46c0941314ca0425b1bca60093c67ca63599b80c43fd00c6a1ffa2acb122cd4154d20b4b503950dbd4e355cdb2f621aa2b1c8f442b8b04513392bd25a31e5de33589c14582dd8da02e6e0559fc251a0846ba2d584f3383da298f6eec152f2fe2632dcb1b2e1
2dd85dde6d2d6232d215a57c4c378c10a05509e6ad6383b098f9942231b7102c697e007f5123b224f6768a94db3310775c73356f705835e624e8167d0831a82d60af14f01f2253e346909b19253846c0472110de3bd86186efe7240791f023130313a39a802391f776332ef2f7f7819603b4640bf7c59cb3
00e0181b4221a59253ff74c920f9d331babe7855d175101000f301d32ce00da7930efc3927407e1edcdd7fd21f1b8357bea1ead101503e3c1c35c2b4246b7924a3dceca2b74f67d40d6b74360784bd7a7ff7d3a137faf73fe194261b28022d7f57b3c6e9259a78cab73b0ca46d14be1951e96513ff12e8d2
1dbc47735fc44c73f4f8b9748817dc25e5604111acd153c01cb757796f013fd4a0e9835586a1e3a2e3602e9c8e29b67158f7bd0712e4d72eb46c8f7d04df4946db5f9fb0be97b12c4ff16623ff1dc4a29524f1a401fbbd999338108930b03da1a6404188029e886d30069b6711c1d0b6f160b50705c4ccf9
2827691b3ffa9f22894ede203bf05d187e7f49fcf6dab199684c86ff98c93e57201ddbace551f854bc5cf02eee3b4d2e87a03b0ae22344c6b904a0f0020633a678cc1583c66d08e11ce91c35a940ea174546824e90cb21c794892acb5696e3f215611af86b820913a424482dce0ec2ab53615fd8243e7194
25a29de73feaa0a26815b7c2e8768f25debc95c4bd08f1d34edaade458b706e5f714cc4f6b637a922c42b3f25602c5f29565d020e0daf06427e39ebf148abec8ce0fbcc1ff405566ce89080fab10260a143b03cc89999756bca529ca3db6414ae101978067e8ab8efe19de2f781c297cb25420ffd72c624d
18f4acf6c3e7f8a20355a584bc0f9d1539aa6537b1a893ec4729ff3dbb643f6086afac5892638d126f2dee59cf199a944522896f7135cea6bc6e065f21d9fa30148e0ba1f8b12713b50f791eaf65f59d794c71a76cf0372b58811c1f5331109167c220c54122011d8a3449c53764df55c35941dbe0d6390c
3023766ff5b042c3a883bd406455ee334c06b5e78157829f580443f3347414d4da1f912da1d0b8d2925a3368d60bc658b840ccdc02ebc4a7c1eff5312cba5e97e488eb63940cce620b1427341da337714effd3209626584bdcf622c641672b4ca911a5a2640637e6801e132582b90ae5d3df6cccf7132b64
3404b498c5d5aeb2c96dbe0b2545f223deba8527e69d4232649788caf8030d4392df1412440123d078a4318b1f13bd7ba87d67e6b159b1e26bd367b22c5796bc1f860f339a599d999323461ca7d9e78e45a5b0a5c88c541b0fd12e55db0b4ee084900fad950991f62316e30745fe7e84f0c1a8646fd7fdec
08da78576e6c55c11d64562e31f470016c4567d465f5204a64710698989e3886aeba3f7425b1b7e6c41bc20d2e0a74a1a0f0d511b321dea25c8dc2be03c4504668d2727196f490e9240c890bdbc549d1e30c83eec501d9d8e5b123627b4b0d8d54e1afb1d4e165a4a92d6d4d731cc14070944709e444bf9f
27a9f4b864e11662010c96a3322d9c3df8efe1e5907dd1a378d710deed66285772abb11d049015e08cedeeec702cd428439c387963a20e84cb7b93ba18904d6081b6f151f5e3b4540dfe0b12d597fea527dae2c27c60aec7c0d20cffa56d41ae0473a4026eb85f88451ea90c34031059b2ac5627e579b796
1a24bf1a8ea3397353c6bbb0afd44516981103b98417e0e0602b0701538233b99733f5eb8c517bc73af6520aef2b562d9e4542bb33f280a3cf19d0b03e5a0f6ddf62356237568a5a2c70c21dcaa0a118124c429c3c0777d33c8d0c59269bfe29b4032be62839253f281e20ea228ef26300e5e37d8daeccce
3db781dbc24419b1b5a8e5fc18322b2d790ad55ad9e3726434a33ac5a993210c03b6ff6e2cb21b028079281044294693e48d40bd10c030b40dfdf1101c1be3e7a29279c3a7c940b119e7870066b4c445ae5451afd887cfc26c8422f6b85159245c13437436d39b57f22c16aa00b5286d02c2e53b07745e93
28efc315280cba902cbeb57bedef582d8f3dd73eb75b6333d9b6ca59e8293ef1a71c26d06d13da4135ffabca450813bc574ab539c09a231e2e2e2a0f272543accad459024fc790f1d882e3297175e8e45ac233cbb40829c010aa322e7d3c45ec72815f8d9471e42f090550add83e4c4243ed8409d80959aa
3205755b28c7574191227bc12cec36276edced5dd2d083c96e2bf1dfd05726d7fb4466800ec0860cb5db974dbd33369ba8b08c245096c63d13909f5400a80e5c7265a1c20f1d258c085a7e1872783cfafcdc2276d63f1a6c5e4808f1c470df8eb10178ae9084b131050bdef8980d34ebd21da004887a6bcc
2795d4b54d8c8b93283e0fda50fa1c2baabf9c09629910a1166703bdc9463bb83e9df6f3d220f69f2ab2bde4be1502d6b7c2a95280bb5dc83cdb7f5036ea8fa2e3c4e911e8fc0440c75cd3182cf5163d77845131c6e19c4c6e723c9659cd10ef174076fd260238876103a540924d38b3a13370bdfc954463
23da53fc1985bd13fa256ec307c18604141e3783399e11bf341595e1e76d18b3ce11d348cb3043836d27bc6a5025c4e4e1b57da0517065418d7024f1134471a8d869b8606d6aa81052d2e41944a58441dfcc7113c512b8d94c570c4a6e7f8766ee20daa5ac2838e7e53c6b2eb66236db63e0e4a8df93f196
39548ab3b23371416a11b6fb21d0563de0d3e1438924001596b3a478d6261933313160db0ba01aa93a8a42d7ae38bb4cd7231cac10b170afedc34f9c0376d8deb2778df3d1144467a55a650ed75a23ce488e8142bb3446ef48a62f4c0d35e3fe241102294daee892cc3ada66e7a83cb7500b697e176a2fe9
359db60b8e746f9078097b57374ce6354a34ac049319324acbde5d4bd0ee1644d7424a1790215ed1da436b2399097096c21b203e61810819ee28fe363dd0ef80cacead223476e36658702a1a506c1365ddf3b2e6103fe4e7228509ac55003bc4c600c609d797f1147a37eeaa6a3ce06e3392d27d3fe7aa6a
1f97714e947c8ce3c5e845be7fe6b536db423ef29f68d17336bb3631ab4f2d539ed03c954c1189e5cbd0a3eae23de8171fbedeb65250ea3f87c0f7ae3b18cda0938b2380096b5e0711287c22206f02723d9981b09344eaa21ee2032128f9fb89d84177ab72e58cd6e81d623f40e4057a23501eaf7b005b82
0258efab9a39ae2055552031d777be0a75b07283365462beb234dc48fc410a3f28c1fcdfae8151e9a7ffa79657266e2755d106a132c5bf183d960ce81e4a397a8c31e5a0f24d100e1dde902821fc4442d493d0b991ae75553fea154ae78492a095d0a5daa7f3be7f840e92ddfef098b4a1c5b18a0da9dfec
36f8ffcdc4ae9541234a5088eb17093a841ed8569f6a802ac7843927934e263599c6d5300a42456724a4c721041ca89e0faab14873c1608c88b50b803ab1dc1869cda39275fc0b1879a2c0256bfc6a8597a4a0e52a01eb5451b232ffee27a1f93d53b1c704ec8c7ed820b9793ac69ccb833cec795e79f957
2533b0b536d72303ca9dd6316be9b6262c6812e9a828826a290ea0fe480e133ceece4b0f4e13f2e697d33d207e195dd51e21d26f500ceff755138f721f1aa979790d2420d393f4ecb8085133302b25594e67912692bf6607ad7515e8cb527e7e67f0b94b293309d87f31b17482c0ad4b708976c36601eebc
2b8ab3de9c1c46a2dbd4de29f8831220962694b18c1a21c65df00f5d7e58306462ee905911c17c135ffccddeb72be129bc68183f3372525a0248eb6d3796516b7a52840165e1dc676a50591bf73d20afedb451ef63ee476b01373b5f317445263a81f0f86c39813796279babfb75fb2710ab40cb34c6a956
34dd1c125e21cee2c6db5c0be022cf2209793404dd15b1ec7a8a49fd40dc2246d27b4bdd89d339e7b7fc2bae622e9878736b645bc2368fe014e31d2101881cd8089ec013a805e0f402e3d0316f84cd7d70a040553f00ab37ce270a3674f849cde4b0b3c38780df402910c28188dae682b321d3bcd52af91c
374af8613c05699247552095ff16b81446b0a4fc974652c1a1a63388a4b11454dfe6878f0380c1bfd3918968ca2c5d89c7a836e270b8242704b439c93e748c50b6599673dd13222423c4a20cdc9af647d9fbe2c87b6c98e4f3963973bc8a5b8b9090e291533b83318918c9f5ba7191c2f309d3e748882441
2506685daaaefcf31fb6765548e14e2b9ab20a19a81b70b4b8406701f53811fe52e3305f2d407f9bb4105bb6812d150aea77845ad34ce47cd8f9d1063cba9291b3d21c604d82f4e2b13405148205b0bdfd31722f0eb707b730d73a9ab3f5562322b1321019fe1b8ad70c7d0d78187ca4d15fcc6443db93db
2787cee9da8c5fe13f49a042ec42bc15aa8dcfb1b39a82c9a77bbcd0bc051b3bc713848576014da383b2ff39280138976a0c84d263b5aa5c209077902ac020fc5b4a6c8397c7c4430b28761234064b52977931eb3d5a67da0d463fc0c6a07fffff20a33dfe0e0bb43c2cfe38f4255dded0944c1bb247164c
17c4853930e4e6c1c587fbfe1fdd8803c75c794d0d66230cd938be6a8ac30d8c45f727074f4293e7da61d2e1d031fa7d94fa95b7d211c3555657ce1213df5856432c2851b48f7731fb153e2f2f4a10c33d95e3d619ea8e6bbf923c71ac5345346a4014ed34c483b2aa0b8b962aee1a9d012b15167c29c11e
00e9b11ca2ae0fd071bec95df307c222e33a51c1e265d09302358fb2f4ed0a12583416fbab038284cacdb4cd4701ebd564f574cb1100bd58b165f6252f68737ae1f7ca9139bebf68900a3124743403295f72639f7f76db2d331a1f0fe999dc31a2f062c66b4256191f263d0fdc74ae8fa24e24f2369f63d1
3c8523894522532118defdf347788d04330a4cba825323dc50e61a89ed6f09efc777401c00e052f003417f0453262f8dd13d193903342f1c640bca7115ad8d3a3ea83082822df33ab5250703b511f35b32c89089e4f6e98b995503592cd024d5fdf3453d0a49745a4f0931a4cc392ef36136d1645382825a
06cef42cac2693b2bd54ad7331856f36967518c2fa77e2b8d9c6d3022de53757c621f54eb3f2d80be210821cf42d0fe2131d90f662bb7ea856e0fce51e3f4e06fd677b43ae328953f00eec32ffd7582c31f2631f04abbd7da19a30f700a7e1dabe7336b7c86b26ec1c015f384a546802b31c1946a7640e42
035bf65804d7e891f377c9a8a4891f26e16a05325cb08334105bd73521bf04dfe378667e6ca17b5f7e53dbd859306721f8ce1ac05193136b9234de022c589a7adb14520062450bbfce749d14671ecce9322833cff85a3731b97733992ff040d99990736cceea12204e2563405f3f7ed8b2a46c4631e3a03a
37d9018700e18822671552d11e1b2a12fdeff7dc4a965160a3510d0c28d51e78e971a68eab82c3d90a8f1264920d6d7762c4eac252016fa09ad22cfa2958406e463f1dc08e41dcfd710a6508c2b1ac5025dc018ee020b82b01c50029d2cf55569302381d478e2045fe0c4f2e5421a09e33bd4968a32c61f6
118d74c9bed79ef0348a8b8e07efe22e24817558d78b309754d4cb49a2b90ce879f02764e3f0852def1caa348d10ef99894f8a06f2b0882e91692e4a329a98d6797d61118efa6d05f45ba81d2821ea37968ce2cf2ee0cd881c0e0429553875162d33c84439f50fe8cc2a92100ca2188f81871d794c572529
1184a7df0abe09b359b3bb3ad6bf5310f65820f4d226d3b5448261b00b2c1e3b5232afcdb931068ee4d26c43c91679814a85c832c1fde4a9371f6bd01c74f9537fff45132984d1066025ff19754a5339fdbb231a261674101b2f334892f6b8a303c1a27de9dfe67e492b886506e85d57c3bf56a4abdb67e4
28edcbbec1f08723d2298fcdb07be01f5b1436b30eb850b520fc44877398017ac2ea9e9b4b4381de48abaef7b3313e09188c2534e38d4ef5b74da79b3cd17af1b89783c2e93a62a0eb880d1691a5f4992324721868853699b77c11add06267b5e2b11b458a434ee367251cae870a7cd8432740d3052a996e
2d5378325f451781ddf06ba61abd842b888f415431c7230ef184234638c116061303d8a073c3552cd5d75dcde53715e663641d4c51fe69b13f6f42f81b18c75994f9adf324bf54ecffafa13bba9b8186bd12829c7bd4a296978d29c9618d336f04201b95d1e011090d060a54764b8935919e9a068dc19889
3a8c029cac0d055329e212e43fbca8186a3566c86aa9229beea398eedad4394b26ed036c7400ac5c58b7c977a710fc7e395fc6b1f0d15ccbc7ab6384035d8d79eeb45471e25a2af2184b012f7df370084e2d62f20158c0bd17bb24cd8b0b48db84b3bcbf7b750cfa6f075971733e21f7830525a638c59a05
27fa409c9ac7dbe135ae9d46420bb40fdff7f63eec83434b80228af5bc2820774e0898426172d9664b7586f30030326a2465246c138a6d5a553a80483a19b825bcf026f103139b41759ac00795c37ba1190c40346753b1669d901279d535bc8cacd3e0205c20afe9993bd92485f4498a8002e7e1d33879c4
3f0967988e528c706bfb946e4cfca63ba31ef4e0876282a62742320491440c4e98f39d683fc0dfb211726a6ebe1e97752452303bd1435431c036b4370f909ab9fd12e4a32c052c19dcb7b43b065d6b68b606d1428fc155ed3ba40baceabbfaa144c2931196c50cae59219a7f13c0632bf3cc28545ae36f4e
30ae2ed71dcd39f23e5b52f728933c2e71841fd2f23a52c2b0cb1ccac08f3c1c2ecf4d760f51633baac75747f104d22ce0804d46d0c14f3fd04e3bdd29ff5929846605b08ad121210191f737fa7e245c1f7451c6a7cd210d6fda2b0c04078e8376a338754edf6d62a62dc9957a76c00e03e98815b81da907
241cfc2ffaba140354ce9b6bbb804e3112285d69db1140539a3fed62ab8e1dda1750ac928e6003280f3fe6d9b1066043bb571e7f719a5b543fad8b823d7940db5482b56385deae4c6e4ee50480efa3630681f046b1e515806ef81f3a06ef9591bfd02e697506de2be92600206ab25ca4c39e986db6f839e3
15147646b3ba8610a26cff854d76261f99dcef048e6e23a19684098ac5c42cc73c5e87222931aa7820847777dc3017b405ca53bfe2a0a5f91438c878015545a184f140b28a3420a0f4e8f52adc6b64d4e107b20f5ef1aefec4f70b9191752fb8ec93c5301920e2ddbf01dd3720d87e86b2616105a080e1d6
0ff9c64506d4a7e0734bbecedf685531dab3bbcac6e1e09d282b3668e91b3f09ef80d67524b30c5039d35e60a503ee533c57c4f7523a6613619fd2e20c04d8cfafacbd737b70de4818fedb00b900b44f6fe742fcb7dbac27d2550065b30b622d0f33da06490995e5d53392998944d096d2941ba290895be9
24b8a2799ce61172e593e2c4c68f9f230870256ca75993cccf3dfbbcaa9c281c98c1fed99520b35003217e59b915717d2d8940f3d20dceb869dd0d28166a5e310bfc07c21970aa88af71cc1b82b614928199d2159b3e33b106020cf64f905ac3eec3198482fde33fee3b21fd9fb3af0cc1b57e83288ee3c9
329e73fb306c303210d097d85dd4503b57d0e2f2f02b635e722a7ce412ad2876d2d40ef54e53da4df3364e44dc2efe3e6df94b0d71b3ee8fe64780bb2015e6728e1ec330e6438eb8f38c2f3358260473d47d52e524405dc88a523455ea25c47b3c73006e05e04703bb0eecdd163ee19e83975a62be42ca76
367f1fec1c7bd203603fef480a3e031d723a6b9a5e3263ac87a3f4388d3221cc80e90a49dec352bf3b40f8c8163324184b97510dc0f6c47eb1d589c13986e95aa9ec6f602b38afe4eb0e1d03dc3a8ba4514ee10d35b9ad5e46973e803411f7590ba2ced46113bc8bc71d54d63d7bbaf6421f7882dd0cb7af
10169ee34fe0f343edd26f42149c25065d8a661c0f8fa292d492019e30a62154fb38cca17d3366fadec1175a920671b726d82f86f0d1037744d43801100e707b08207931e530b8d5c9f58117ee262434b5e951ac959166cef5c301536eff0ec94d13c56b7730e7bfa72a25f645952780225396a2fc034c8e
1ca99faf4e627a02ea7b33f2a73d0d1d1e49eb8f69b8416423c1826c989a121cb5afe51ac0e0599d3cceb5b33531727540bc2835a288787c22765c89112d8f093694b003e034faf11ff0b0388379b64cbe01f3495a420133ed4933684cf792a42f40e4f2c84dab289d15266ee1c910dda3e813216fc977fe
1922bfcf9a6b5cf3a9cc0bc9045e8d04d9fcd7f88ed2530c4541dcb32e13216264c55adbea006097f573bfb50c0ae8d05466fc7a435b006ee11ff80926c16c352e6b3910bfd1f799591ec4338528c8d279ca10a9ff59701034771ab0f7c00ba294b257466a3c930ec23bfd5555299813f00e4aeba8ea1e7a
295dbde9eec84090fce0c55679b6630c9631d98044fbc38c30b7d5ba72bc0ae275680a0cd191b58b94cc9d6278109ccf726a809c7299f813d82928cc03e81642e157e4c263c13294a48e9c2e6d44fd5cf8c0508936061dba85413260ff05144bf953b183d30e83d9f80091079d1c407e7029df838a40565e
29188df935b54a03e2f8505cd68842324dc899a56fee23c4941233b9ec1e375cf644f7cdfcf378cf1ff041c44637d922c99606c9903d3033cbe0ed731b7c2a1f1f349973a0ea1908f3a03a16405c08b38f5fa3909543999f5ad2215347eb05555061f10ac389106405380e628fd9408253573fd3178ad902
3ba49abfd34132738f0f084218902e27e43fb3381f7d7002a406e722af122ba2307fff8fac130bc08df35a47971075d8a59ab62412166b649947274d292fecfec3bd1022dfba3a69242a5d3632b55d77705f23f7415c3f7bfe700878414c4bd67ad35f7387de8f280a1a26dc55ad4400e0e9edb2790df32f
3626d0f5a4097c63e6c4700d38e3291f6bfbabbdd7bd00cafd0bced9572016e0cfac5b2bc243f44dc533bfe8c711cf44238e2c4b50be0d889b6369fc193d6fb75a6b3ac32c7804c83040692c592ee4d60fe542a1ceb83810e7831d514abe6b374190baabe02c8a751e0488b97339f9811276573a3e8270b1
2f71a9bc9701e180118fb6d45c69b3082fd9f0506849c107219ce9981aeb18cb96be5209f6b0eb3a19f0cddbba1cfb2c8532bf67b07a17c746d155871c9908a3cf8aa7505bc5f776ad77fa3974b6ff77a0bcb1a5f7f997a4bb272b5f82256c2e6bc1a2408aa1f140e0144b1228bfaf27d1738edc1babe5de
246018b8f6c45842136d8d0b2bebe421cc7d8d957a3ba1ab8c539d6e299332c6998c969c5df39b75f33f545ace28c5c05fa68dc9b1dc8582b6b5c624129ab46e87292e82ed51dc0e3f5dff08294d8b38fdf870ed178be1d1dfa70cf0dab2704d5d224010c2971c5272398df0416f1ee9128fc95ec6c95b35
0d77a88e5dd6a3e1b70f4f1cb33891149cc98150db72c28e4f2e4ea8e0bd3022477dbf4b24405e89f44412d03208f97d3b3247177170d243978af7320e88d4b69bce1b118bda9241c6f9492922eb8c4e4a70f36fafe358ec7ed73c946c01aea4fa6199cd2d91c988be1d9402d838c981506434e38dfa29f0
203acf8a8a623642e60e3cef2f27d7373325891fbc66f3ba33c363edfb3e345016bdb70778b1d1faade5277f4200984af922bced7143103c32b4361a09833dfdea3af132caa6a8feca5a0f30c43695b938fe23739cb2fdec69a03937b8e12c2e3bc29a78e4fcf3e9b01f87ad495fe35ce35be93eea4174d0
2f9d0a9a7f15d7a1cd26c871662e2b0826fa7ec23d79a0ce5a1f7ce38b1d01658c31099f7b008a227feaa2c3191c2de7bd7fe6b3424f31239980e3c31b931b7ab3d998601abaa9d5fccd8726e0cf180c332a32549fff575064021b0466833f54b8e3e8e9b83d980de72cb0d85226481c2180c081067da6da
1fa661ee924775534f352bf5755acd2d511004095fbba043613ded0e37920ec0fdc48436f4224887d65a8ff61020c5ed80a970c5432d1553d04fed5727afd0724d43eae287aca60a784be012a6f8b54482ef11c97729f409c6811adfffa899d2f0e3df51cdc27d6b0137a0ce6a1398dec20a7a46ea0ac1b5
1c1add9840bba2a180f929e4a8b6972cda8d387a65c283bab251f909ddb526ee49232f98bc10ea5a649b4515d308f8746582910c10114d06f635c730298681f7090322526145501e13bd0c36577770455d65f03d1e6adc7f13da0e7851fbca10d630c01ddc0b0f866e033fb8a7d9e1af72ba4baed23f439f
1946c59018b20e52cf3a6b872431882413f5625f51164132ea7546ee1b3a2a5c7a940da1fc408e7f83ec4ae3792e2aadf0dd99e3f3e3b07295bfd9de38956c0f732d21200ab7e3b314179a2060a630e60249320dd3c6974fc96727051179f94a7032362a46187e8b3838521b8f6da00d61db04c1fa000cdd
18c38baf229d7b737bee6152940e3908a4f268c1c2d0a1f059d98d2be5f91f7cd669ceab71939dac69b90b233f0d14a5bac208c2e157e1eeebc33354133af933efa7bfc2b0518c7d7f218b13a8345ffcc996817a11275a3e44470216242d81ef9373271d89575c0bc418c56a126951b541fcfeaf0c4a61e7
06055a5ebda4407391552402d3ed0438ff2f7951a9c513b674fd495662b113e0cf11a9fb4b338589f2845c6b91227fb1814ef777c0df090a981f211f2e532edaf01429a2c619caa9e83c4a3800422ff72244e32cb96fafca507b33a617b2455166b0a0f33ff9259ede3ed2b106c064bee0e57ff029a70ef4
17b29d3ef4e4ce53bfa5d8bdbe0dcf101dfdc1fd7080b2927359fe36dcaa241ca508b5ff0173053f50fc6e821b3d5d277c18a98ec2815b9d37d4e31708d161ce3db84473e5ccd59081063f37b9c3fbeb124c63059f68df8746410ec59595bab0bdb1a04c2979d46f680a990e27f077fdb3ca688766b4d4fa
3e85773b799dec505542b6384e0b042747c7615f7f7c622a741d50e213cb2ae6d45d0f98d8e19fe8630e99667e2b2f81f12a0f94c065ac61070caa85249202684ef8bf634945162b8b43080c87bd09ced40b02fa9e2e3268bd932c76f5ba13a9bc0339d000946c40a3325ca534b71755822cd6374951d8d3
33827ce6b3594be26782395ab0b9591f1ec1475c697280b0a152f46f42b409fd29622ef51342dcc479c545c1c109b2365a3e821ef19cf9d07010237811489b02366fe3b379ffaf6983efe507a70c1df2f0068152cdc2623449ac0548ac5b4ae28a90c12119eab72e9f28bd603b80e4d132a6c8a9f54cd687
1dd4e4c781d5e1e1bc269ec1cd0458302a73ebabfd7bc1d2c6f64717594c291e8f6e87fca862acff1b3fd84d3838def06de364fec16d6b571551c541042091b293f15c30b3cbe72cf29ffd3c143d37011ca1315fef41c645f9a11c6a16e3c206b57399e151079176c130ce52aa50856bb29a45521ded227c
02386f0c058d6f929fe2e65d655d6321911be9b28b4363642b90451e56752aa774f1eea669713898f1ebacfbe732b7360234c880126931d33e1fa6f3096964a32656a5428bf4706be75c6d0210ec38cad60bf36a348adf8bd0720248ca529630efa1e11bd693f9e74a2a4d6cf0006500f1e70f64bef22baa
30c7ed5b9bfed702b2f1bbedbfb84f2fc050659c7286c30eb5ddb40ae4fd3f8d0878f89474d3222b37a348d3551c0507c5f3a96dc2f0ff435eb2a29f26e7276bab4e9060cfee2fb3d0f7fe238684a8bd5db780f570012b9c8e6216e0a3ebc701d1b1088b30cc030b4418d72cd8652c1ce38c0026924cbc71
25b3972258eb28903bfbb59c7caf2731dd4593c8f6ad43937d13d46dc8b6259d23696b1ab692d3bda7cdc80ce81d60c0d459122b008026c0f84189e91217be5d50f2f5d07ec67c3bdb7a2e25743a488b3f070141b854344e904623d2b606e4eeb163541955ae6c09072800a309bcacfc71e5b94614f6e6c9
28e90c131d7ee5b35e8ea15e590fe73e6bf1cf5fe6cab31c4906a7bf6e18264bd527f0dbc0a2fb7a5f4ff3408a3055c7c711b05262dba4dbc74e67ee1e77044a591383f3fead642d7971222fdb0dd29ee508a1f7c53636fade9c36a79b85fa1af8a009e93dccdeb8190d1b786c72380c80d53fe7b431070b
18385ad2347d0a41dedeb51dc8582202f9b08430fffb0146d6cfd385a4851737ed0cd00dcde3b2006fa55433a608ba5433f49f5050f1a2fbd19047260b3ae3c8871d3660974a68afae9825092accac118c8720f3f3fca359e80a27b30e8d2598a5b0646e38dac797591be3db3c491cb2a0c0b95921309671
3e79c4ebcb04da92657786dc7748370070a660216e61827584c551b57fc71cefc6bced63f90251e2b5cdf1aa2837913e7e5df5fc218424f7d30e3a5a3888ae1c26b51523f8d7066628b4c1205814ac0db05791221b7c198345603ef30a8af38b5f104c079f8ce03b970a0a74072c5e1452041687e4a6019f
3d69d9fd4cec31f3345c7feda1eec53f8df66250c712b1cf0f7761d47fb51fb2ad5aae3399826a0dedaa5cddec236acd17624f7cb284edaa97c7d817242a55af5b5bb960f4c3dbb3bd760c0192323467f48363d2f7080d6dc8d138f17bfa46e103618b5ecf1081edc32b928ff93cf65930073396fd78726b
0d476de988fb2f4190330fc078860a22d2333ef8c9f1630c32030ba85eb43ef0e43521247311c2397c91d984dc00a86f4c348cbb13cf11f2b5003ce62c4b026a5ccfee922555513cfb5a1e3a80a13ed28f0690c7c0cec87d116d24c0d0984621ed20c53cb8598f46701bfc6b3ca1997ff21c332a0150421d
16db5a1ea12b4691279b72288b893a1b85e73a66d226b1ea5b78a6b1aed632760c9932929051d28792d8c1c45731f4bbf5fab83922766e8b3c5eeb173a1bf0c11c9429524dce67470650310fe1c64c1d1250f2cc56cc907daa8818fb5019f76d61f0cf74b0afc5cfed36cae626f96e4611f551df9a136db2
0409fcdf0853ba726c0dab071ef1691b86a3ce70376b33f4c2ba4e5337c7373a49c8fa500d9238a7c0ae4d83cb0c082484a2673f631ef51393a2b881175aacd808e0d2012cfac8992daa4525598405e26e87d0b5bfb33dbc25e53b53b45d29d11f805230f4b83c48010b492caac4e873e1edcb13a43dcbe5
3cbe7567b2faece0c953290ee7d3ce23894433d7487e8083b646f66225bf2bc124e8a1b87461d3be8ba7807c1722a887d5bd11fc72ac11212dfdd0053b00acbe22318a71ad5219f4ea7e8f20985c599d7297528d85fc81e27e9e192becd71137329072e5ab06ac94cc03c59d675a97a120300e51f5b0e5b0
1a83d77e02ee3f60dc8485e376c84e3c64735342f858608ae28f3acd19f11fe764ff3e34690010f0cd9162852c3c10b80a208519105c510bf16ed95401027f3e1547d692ef949c822b06c732dbb90161c79520aa3c9b3ef58d251f4ddc8b4b22f49281c89086a2f611388c86db8e51803372441dd78c46ec
39ea28a785649183f669c9191dc011262b2736564869d362d29ce1f720f43fda8a893d46b0108d12819ad13b5d288cd4f31641103261d63e031f69c23f38cd27b8fb4561223304020919463f9f16953a11c4d1501accb44f5c133b5ded9abb669d419c81537f3dee8e0b18f9be66d0c06241d92bc9862b15
047f4f406bce70b2b6c567789be79714fcc45d93b5c9c2c1e8dd6d510ba1103413a0efd972436594c2476e247f02c8c089c79db461e95d10db7581e503ca3e5fe98810f351e2420927615735e1e52de99b3372df8632d2338a890bdc1d6fe3c78431f871cd4ae442af35b2ed79793f6852ca1addbd3f2f76
18a00ad63cef437301185dec26962e0e1c75bb0b88563132298badb0d93a33dbce9de35c2be32243db7fd6b6352d901ada43cdc7a0562662fb0fcdd612b7b578aca3349378726a6655780e0dce29b5aafc37b1136911fc20e77b1d3d64baad6cc5229ebdf81fdbead60efabc34e5d56673de126594fbe1d4
109e5858515ba9d11bd838ee691276093b6bfb19988ff37d4f367bed2b8c348749b93f968a839451613625c241184d52d5a0d45703f19e92b0b4096e2e383c949c32a3e2b8cbfc0820bc933fbdc7b1f21923c214952ac009dec313b7b2878f0bf2e3160352fd5e5c88138957d4528c9913cbc0586bd10329
1d7616b2bc14f811e84102525b098c11e8a354c66e6ed05d42cc0e5e6e3401fa301c2aadaad35b78b9d4224f292038ed402ad8b033c4f04320955a9f36beb2e5e78354339bc02b3364e9732272f5f98e9a4b02d9613bbc9b9bd021ed8dc8f6902313c694c6ad223bac10a8e31aee6605e2c1c7b715214509
38883b81330688914e7387a17d7a0a15f7243ee61a25e028950bc271fdd52a25acac1ed11870b4643dc033ab93262121699371c77180aec55a8e321c007ffa1bf1310f4178f71339a81b3509649a9a3e5d1922deb36970c063903e708e1f7f52b7f2cb8eab52ac1abe3f8f377c427f38722737c599596d2a
366769a444e601e3b8caabcca7758224fe4b8c66120bf3184e611e08d1963e793f56d61dbbb1fdf44d0d9294021a6a09de5ae39a51c259cf40563165033c5ebeb8873f0304749fa2352c9608e4c70e666fa2032f595a99a19c233af11535d582e103b551c3d134881430ee368ab2f251e39af7b70327ff6b
25034dfc9dc032213b79f0e996496109051b36bfc85fe05eb8f47fe7ff463e4d7992039f40e38eb5347a2a62900733cf121b7f0f90eca4288a9e9a6535920b0ca6d5c702f5e711d3612b3516c84ef49eaccb31797478e655c3a82a8c8e4a9e9cb2920712a7004cf3ab3abe625d5bc4eb10fbc39a3b883d41
213c8208a06aaff118d3024335df2a2646a65a0c0b88d0fec3241a2830ea06e4b4fa42972c43c21e9f1d9a3a4f3befeba6bd7497112d2018046795c41c8a467f76dd13e3709e0a23ca5fd633aca823abdf0311f0ead39912ce1020d2bd229c72f542453a34b625a207228b8a4179d16ad33fdd41a8417b3d
3d81c00bb487063297378b444302bc2104d1894ab72ab17063c50855ce932cfe07a82bf46853a0e83dfa48021006db8e9223b131e2c51042f3cb75fd0d0745abfb694a71d8d32fe877d7fe0f0c0e1270ce3543eb3ec55f8eb7a032d0955da7f3a0134c57c7c9d4a23f186965f73bf735e1f2624ec8d05709
309890883e871863805d598dde422309dcd26b02f0704238379fd066b0821eb1a29daa010ca0be66e828094eb909aa24b16a0b85a2ecd5e8e20f37cf2e0a40e9d1545341170b8685de4e8d378c62dbfaabe1c3ab5f34e81983d1083f5bf47d4eab3219872a73ba8912249ad2dd89e2a1b33764aad0161a31
33766d13cba04f51b364c5ba66ddca19f73163e40ce8f20fd02a40f4f74e2c77e02ebae3284077829abaccdc083c8a8c3b5641cb4241c7cf0b5021083aba956b1056e570ea9f2d9d13fba5106c6542423a644029a920de558355036a33c0fe6e98310a931b7b66578c3a1e129f47b63f30fa25641f2291dc
358864f0ea5916e03ef19a0898104c26801aaefce008c36b30ddbb1fe6dd18eebed79252b310e2af9b0f98f9ca195951c0af8d5e20669231b6f60f9b1bcda7d94848315349a2e5994adbb323e5497c906ce6f367ff413c9d83142da2a239dd3800e1cbd8ccba2629c008f99ab6b6cdf6b0570ec723290deb
13c1bbb62c34a0115e3847d9460f9511043e9a13f2b663c6a5c9c6cbcde23dd098f40ab0f2818c1776b4edad9301b372b1c938c9411450d39d73dced2f54730d01a3b283e2de2d0266acad165265c5fb9c3471b9b1ec7127a36e08cfdcedc887bf41738c25236433671036d91655fcae23b30558ea8aa972
006a441bc0b5a3517d3b7edecb41fd39fe43b1f00b5ff1e61b26d191b815113203815d51c881eb344ec44b192b16b6f415682a4bf00d39c01c014b1d12a8a48c7c8c7d43eb861d855d9db20292089e75872da32a5282f14b7a2b00abd8cc6dd1ccb29ab2683af6c38a2661c0543ed3480242a3127f66fcd4
1a65821d8628e3b24797a80f9e38f511e696bc3e6524a0f0e40f2d95e0fb1eeedcd60f0358614923353db1fbe20b471c6632e50a20202529457baf7f3bb4773c58775343a862a47707861c002052efc76811b0a5c83420c488843ae2bf2c615eafb0cea0f4887ca3813851610e9e71e72120f2939fa27b98
258c54ddd0f0a2225fb02f9086eead2f6f4c0789656382b67a348b357355029d99cf94a92d1157ee62322254da09341d48bcf69160b2e2614e62b5181591fcf61dcf6782b0744506415a83329ec15fd66ced035ac27528f0a8ce1896024eebdbc593eef8a4e02c5cea1d9d1270d669ba71e651d3dfc58110
189cab004bf26b417911e1e1d8d6da2eb05ad757d66b43c029f5a01a4d56225bbb385a9e1b003b05634ace56b813eddf92bfc74722666b0dd08fff113573fc8ef80544e11a93143771aff919c09711db1cd9e296255d224a086100feb34827d497115dc21ee5e37d552ecbb5b42da23133c9d6467ae1941b
01cc0faf4ffc550093060b30d654e410358d44bf650a52cb580b66f69f0a29a5360ad1f86c90672cf33df8b56f044826111d95d801125074aa1ba0ba21253ca74f863ae3957add278e8a5c3fe7f2a713c13f0218e331204cebc30215fb3064906be2b685cc0596157d2890bc819c6607734eb2182ec7f55c
29f10dcd00df9f50ac7000fe7821781f7aad411784a061f140d4c7a970b33519599c91ac20f24a9657d71275830c133fbee130a972bc73be56f8e7db2adbc8f016bcaea002673d31a27c0002bc2a02a0630d92cd032968d643a912de4f3ca5fb5e705a851c80676d7b2238771b290ae043acafbb7a22ea35
22c6c479345c9ee1bab589efd58fdd358865061c2800629e964e7037a3360eb46e199b718713a72e079eb183ef067560183e20a020199a0fb74247ea188763d44c672452aadd226cc1fc9720f1de42ed374250fa1e13c46e0c800f40bb0423408d90f5e238bcdd373d0508321bd15c2193e2ac3b157c2152
1cb502ec5517b720d1451eb166275704544fb0000831908e44668bb84d7909a06c3978f56730b540db729e2a8711159654b036f421d578bf0a06d6d110f5edccea7d1e13b48dbdef5169c217e473ec2e518983b763d3ab1028560f2a5177c6cae500a46687cdb2bf2c15210ae254fcd740aadcc011df0572
234c6887b889bf41c11fa2a4d35a48285fe97c99af7c83353b59ea49b94e069bb00e50be23d24d0ac5e16696aa2e440c887a143d33394b2f30caac9d04e01b0835aa77009f11a75d29180906ef40206dfdf51032dd78788f035d114cac13824c87304439aa5172fa513bc043501b5e9b82c856b57ae1653a
178b88254c640153f15e3bdabec05e28291bfbee6107e324fc95614c3be917f99abcde20ef0362963a4bebe658120ba3c7844640a0fb65ad82ed5932211d166f69d10eb28aedfc7120f10119de1b5deadbb5632471a0e28f131f0996d8d1034846304194012d2c6e0e27b4608369d76a03b3f38a9fc1132a
2fa1a27d9fbf72734c6fb344ef6e9b34150848845acef28d86c61e98974e1177106af8e85942a8396b7acd00820a71a3a479ac15f22c70a0038c94e134c5ff1519cade51ccf757dba34b8e1706debbb52511d12d7091f2b5b95e0ebcde4ba39f52e38d0a961783247c01f908a3ec175652d1933c784392cd
000000000000000000000000000000000000000000000000000000000000000000000000000000000000000000000000000000000000000000000000000000000000000000000000000000000000000000000000000000000000000000000000000000000000000000000000000000000000000000000000
2c87e50e2ccb168077cf48e214b19411f397eac81d37d21f103859071e2c1eda4ccdc8ac80a2ed62078886c321171d2233be06d55048dad410901d1835ba0fabead35ce177a7e355b7f93f173b06221a7055c366719d532b5b013e2128ed13f0b9f3c26fe436c0b64731e52f2c142b55e3f790471b477fb6
0fb1249c5b467d938727e084fcad94026ae84a07f2ecc147fdde1306e2af3765586ff0a74fa1d51e3e55f1f96e234a8d21240c7340f4baf8f85320be312f043bea6aa20324f025a30e05163d1a22600bc4c1225a66e06c4e95c23be7b8ac83d0c12102e9b79692e5a727964612f09f24b3f21c344c44b0a0
383aab8756f5cb71126b2647c8e30d0155df4c7d191342188d0dfed8f1743b99c4d813d5f94277c61ef35823b40aa773c8183aa7f32ca19a6f9fc9442f0b78a9d30925332419e94d4697953317c8fc50469f626e4cc284f0b9b50149f0854ed73ae29a269f90d5a520259c9fc97e458af020d32a09533b1c
2edcdaafc8dd56c087e39d2b994366037fb0e28e605760583466409054d01880c5e2fc0bee31e147b6ba0b46df3314b7e4d633a2408a9c199a9d440a1fc61f037b4c7c81935abf4a9f2370151ec961680237b0f03ac8fa1ed5d73d5705efcd6acb103c673daa2acf6c0167e73b3939ce73e212f7353b1bfc
1885a99ad8e045d2081980514272a91ba10d2bb2a90ad34886fba86e72ce26f0f0f430fc7b803fc2525ed3f828071705d8600af120109a1662b145bd06c6c56e77b5534174b4c90b316b653be7a7ed5fbb46c307fa0854b3bf681d0d8b76a6bb76f25fd094a9a6fe053ab02b26dd6b66d3f45fea6158eb30
3ac4685bccaa3841b3de9ab4e12309001befe197243b60b2fa9c2c588f4e343a9962fb64c3c265c68e00a0bd3528d92c8048db3811c89c40fdedd7912a57f435a7a6e7b14c95ff5ec7c5d12fa9b56edde243c35ee90115bc26da0afa9e80ab211c33bf2088e19ac0c528816974a32898b1f47d418361c628
35d942c73a0059c0c4b8ec0e3234c923c39dcae9fb52815a83a8f675bcf10b334ffa66da1521ceb67ceed1e16b3a3134c0e537aa421676c6a25c209119e0b497f39147436aa44ddff9b4d60eeafb2a299e129124ebcc7746d66b34343d9d70fe582172d70daa9de2a529cf430250783982a251e6886ac1c7
0c0c1d06c323d90374f0c73cea298d23dacfa7b8d37fa1b4c546c3d52f9e3afcd7b3eb46e5906e666a0bce982319d5cb1c5568b8d010c6905f2256b52b3f7a34cb0bf2d39775b6080a60892ad01ea14b80b3401374626735a1083a6149fa1f1a91024ea0803be909db12b5343ca7852152fa075c7dc877a6
38e11ae8cc4c04d1e77ee1236bd52d115557953a8b1ad1fbdf1d09c159ee188715c49a508b124e31cbac5a9ca80b8939afb38a0e61e0ab7cbdef2ac93c52b167ab5d4552050dfcfd1a0cf21ab8b5080dd39630b4cd05ed5b1e0f2c5a750d616ca110b167687264629119c2694c71da6cc0d7a81840293fbb
290024b5687080f2aeca5cd1a3f6df25d3eb6a5952575220410dd423f11e2db34a2bcc322fa3efb568cc013b80115c102bbbefe0d19600cdd69d2daa381d0e4a1cf66d3344b5ce945d10431d1422a8b2574d41a094c59b18cf780609a0aea5f47c21fd0d4993ef86e70daac9330ebf08c21248c7243733c1
0c510aace8c2cc12417ed48a975cdf39d8d92a4d125632765c6e924dde042ad4a9beaf397830f3e91f1bc4dda62274d79c7ae111e077325a4f5f9af53c4f7ff96d8947436a941048c971b21b31f5849cb6ab9112d9a2380c7408305396bd3b56d3435f21f8411c785c36c45903468a21b0a1f24f40f73f02
20d3274b2f18b8f0ed9774575b1db239de0e8f37fad5536ff9e8968ee77d255f86a658a0c6907636d1a71a1bd335b25f5e70223e8149a5eca3956467262fbbbb5d1f32f1e894814ce417f828ca246f3a5eb781625dbc30f8075f16a348f2a11ebac1d53643db74642c39929efc6f6378324ed8ab5ef12a07
3b7291ac173caba049e4321fe6bcb631696929860f48f08ba1cd04c4357e2c12e357d9d67ea2965fa58e427cca3286ba23e5ef14b2b5c9413c75126e32cddf6c82bd3a3353847f87cde6f0313c7c016a777d3076ce8e325588821ec25988fbf9a94172cfb40e03460a37e032f10425f600885007a624faad
2eaab1a936ca0480e22d950ccdfc9205e64edfd8dd19922c87f0903cda47143d2254c76053d23f2467b6d143d5130ab4a687c31f013772f578d44a4f30404720d8bdd8001862717461be6f1b1323fe4a9197d105f922abb0ab593120e7bd69d220e331a6bd80d2f0f511ce0fa3dc57f1a156643cd962864c
2e8e90ebbfcf6fb11716f143c109063f3791903d5fbd500c86e6fbe8042c2610fdaa1ec24191ab1cb0c95cd38b1ae30a6dff504b4251cf591fc8fb4d2a1a909a96a320c15e56f65653cdf52761c44a421d71a189e3bb5b9c28e722ccea622e970cd1d33159dcd48f343ffffffffbdfff9000000000000008
000000000000000000000000000000000000000000000000000000000000000000000000000000000000000000000000000000000000000000000000000000000000000000000000000000000000000000000000000000000000000000000000000000000000000000000000000000000000000000000000
3df725b6948a3e23a70b73497948a339b70d89438a0dd0806a600cfdd8bf03a9f443cb24ee51f9717709840b1600df4e06da396132c694a9280f7c190b9007516e55f443cd3be5020324fd2278174f23540d9062b9ad8fdf81f203de0c6d669f7ff1364aeb92bbf8ed1f5cc5c1b9a8cd40e58cd270230d3f
1a5c3a578869be23e74c8b9ca0ee920cd8b65d6c0e6570acac6241a82a0d283cdb86667edad25d5eb8992aedf71c3b32e244d87fa3cf1b5d5b711bee1535f09bb4d67093f4aa48f9e0edf410eaf3adcaf15502b1ee7685d2dfe225750ec771c4ad5185ca627519a71d0421713add5d44b24e67c4a0eb1308
3dbd5abfd3715301827cc16e19375b1a069208deda1b40a585caf9ca2c61174f4da6573530132c1e1f9b47d87d27496719c761ce82fab36d870f01060146774298ce25936396208605964d328cbcfe7eb66d814fd14add38113d004056dd63dd36c17e131f535de6f409ac3f0384c33311fd2b699d940c63
31298b3bacfb82129bd93ea08c61e62d57cc1e0f7ee4137c25566cff37f934cd1b572a9d0dc19c984ea9d3263a1c79732d42b6fc30c5decc1b14842a3d40415150e5c1434564d2a6cb355a01949b056e55f541b2c4707d058c243c7f172617406a6283e32e74f5a92e306a6d8e975cc073cc8cdefdae422c
2d4caafc9e0588924618c84771a66c1cd1a54841fecd6040f82471d0f6a32eed4fad8085c5e124ae6b5a3e542c2af21571d9be8522e6dae4bed0bacf3c8f4ba026bb6db391629ca8eac86606335fc57bd61ec2aff416f2d54c9614f5f9b9cceda1e2680203dfbc940b37a3a7094826ad638f090fb40121a2
05685b215bca64f2df546e52b661b10e4f41daa5e57352f912e5d535933d0eeaa48bb38e5b1156da8d2c99b886052a5af18e5036b0e46ed9323a4f320c05ff9597b9f3103ab3b0bc4dff202e7ae923f9683e221ac051723e9854325af301e1c0287134977c2435680a02e085048e32ee63e9780954363d3f
382902000c7d26b130458f1e42358a1ddda8df1a3c9082b80ba73fdf1bf808b3085c5bf55a32c90ad27f0011c11abbd6e87efefcf0f08ca4b543d95e017ba073f7fa3923eddd5e1216659737f159be3fdd81204c210bad05e2ef0bb31eb1bbe21aa34803cf01951b4b3941eb8e3eb93751c2234c2b54ed88
2290043e829cf030d5ee275233781b01664756a0752e823ca8050c8ef3d70aa2ee553f4a3f316f460c26a95e8c154eaa0e54d3889121c1e3f9af36d63e70b46bfe91f600aa24e209ca1ead0b8df1101e1cae03234be30b35659e3baf13655f80d8436a70139fbd0d9827f171bf75c52313b4294dcb7eacf3
02a48d7aafb65341ef86ad362e7551167ef5d90a57f6520e77884bba599319c68bce731e45b146cbac1526c82420cf5f7223123ab3ae1b12f9d2b20f08c9a1d2a01c6e92f70283896ee15a275a7d320a08079337af3d927e25eb3520102233c5d3710b7685b59751fa0e986ab738becb217a30fc10dc0b1b
3f4c91c5bd580762bf27435312c5462f7f7fe7792c81f3aef89cc225199e08885321e946a3c20106604d90c9de3ce736b4e36f28d145261bcea2e21a0dd77a118485fea2c9efb49e8d79dc26bdae69369577525e0b5248a3232e0aab7749ac5eebf18c508e3f3e199d06613d618da921d357a181e8be6efa
13a7f606e93921d17e652065d861882b5220c813c3d9417d4cbd938ae32a0f4616793386f0900fa1d3d95e884d0792dbe6c5b59d237ba38a6be6737126c146a90a918a426302d9ece29b0813592245ef95b442d47373fdf747542d7cca4c9d7aaa93b23e2379840ed23afd6d135999e0c0edfb0f5746ff48
3611fe00e70ed543c87a168a2915281787f6a53146052284b7bd27136bfe135d685ee913aad098d8f86a61de790203199dd16fcf82ef1c2b067c322d00e9403afaeadfe2a9dd7cc5868c693ef1cadefd398041f7e857014ec47f0a9f94a947a2f852f5cbdeb421f31932abae60a44d2dd16abc7f5c7365e9
17d6dbc88eb346d1d4864e4cc2116b071529aaccb78fa06cc03bc6afce120eca8936ec117791f706a379ac530b0d28693331441161cf25ab817df5e92de79eb91f9c7e2320952e8c78b8a9066da99b80a5fee26c800107f57a431e8994bd100488a29f14024c183b8918fa076f1c5452902530685d55ecb5
10c0376a9fa76270418166f72e66420e007f0bdd68ee0275ca07ba7843fc034e8fb15649479318b4bf9271507124eab3e23c5612c2af68395cd087592987aae306aa308101058d4abea94d1a116eda11c899c311ce3a3dc445f419e1321cc164cb91715a13dc94a56625c0633d5ccfad20c5666c7c6bb411
00000000000000000000000000000000000000000000000000000000000000c2c8b6b8af7a3000000000000000000000000000000000000000000000000000000000000000000000000000000000000000000000000000000000000000000000000000000000000000000000000000000000000000000000
000000000000000000000000000000000000000000000000000000000000000000000000000000000000000000000000000000000000000000000000000000000000000000000000000000000000000000000000000000000000000000000000000000000000000000000000000000000000000000000000
37d6e9d91d2437b07a780b08b05dc91d103db0b218f000bfaa8151a4a5253098249e63890511e5189e8a41be0e1aa2144b460c2f72d88fa748d3a7e613f09cd49c043d803808eac555d1621f094987a47ab003c376a04a0aa8e81aa2d8314d8ff20106d8c4e5827a7735f67d5b92a6e5132915582c1eee90
1053a2ecc93ebcc315259f324c44cc17d49972767dbd23993463ea060265151428d27054d0c2fc95cdfcad63f21e0fd639dd41ff11496dd5eee2d3aa2805d439836687234171d424573e501e17e639bb797bc3559267b76c9130337a37cc5fb186d0face2ddabe4a6e0445822d28f9301005d7c1a0b8ebea
2cca3917a33ee752f80705a71884cf3c0cddb7ddcbf0429a491563a9199c3f3e6c7bb4d88d72c6542349feb6df02a6d11e5b0e479313eead4a623318010f8220a1ac7823e6f1f1e9dd010738eea5d74af72cd19a0a8ff2f8ad8c39493bc185b27772c6dff22ef051cf36e3dd6278f674b238831d2995f0e5
2982c6c424acb7f35a3a0b2d402f44264834ca176e66014c7228a53e5e161569fb6cb3dab1630141b8bf269c6b3a38421baa723ea2cba5ec5f2867a129830b8482b0b011487f15d774d1fd27767196e8dc807075de31388fdf533ba99502cfa05a92b5294dc037952f177c90ef40741d002942923663cc57
36b855c706bd85c01d3de4ebe9b9c528f243c41cebe6935b7adb219149ac2e93fe21b54eb5517b13c04048f6f414cf1c69a74cf3d32f2dc2b343d0d23054a92e992179e15aa02be6134ba014f2818852a9ce7023ca6c5c00832507b052b83e128ac1626caedc95f1510b3eb93d73216fc1e27eca7bf854b8
147aeec5f57525a3c16225909830292b3010dc441ac871a20d4a22c8abb60bdccc5d3fe576625ef38be17465d908bda3760dfcc602fd89c8ad869f273f699ef9eb3161b1799ef00caf5e4d2be14e6322f594c3021928706e6188086ece18ea3bc211db822dc660018b006ae9e927dc11d37ec729aaf0fe54
24a7f32df8aef9d057aaf1db51ee260a7b2bc9788176b2d992f1cbae90bc1d1cc797b3705ab030d35782d94dac21bf863c603635a1e19e8c411db1e2137a964b4d05012190f70502c630001c5a532443186a435ae35c61149e4e0a66f266182d0d7248aeda3c4efb3d30f24e8aa812da81f93419fb98967b
06aaa3dc45bd18415a7a45966a75343b4e03c0544605519c3cccb3621a9620f5b1613b99b39388203b93751e613e633578f84060a17b0dc1f6a771113383ecf663497a42623b15d6bedecd0bd24723dcae2ae308e3c2dd872ad425295630781f6891155e85742a88a1098639d664087372b7028dd858a5e2
2c02ad411d1a2333cca437e258b81d073d4a014252acb0acc89333a5805f0067ccbcfb9e99d208de993cb5f9893626bcd26fc71e32d73273957bd93503daad1f414991e2cd2166cf518ed333d9e8086b0915721dc1f609e3790239d59a91275f8160e944fb38e2683515666bd847a626d1e3dde9ac81cdcf
1aac102322f1db119de282cb486065364f4997222b280203773c57e216d308c00c1227a695223e07ae4757a40a0e51079ad2dee20146b7f9ac2a82a6392cc7739a423eb2d551ab5d8ee0d927b9941b7f6671f1728d92de919c191b6421470321f9526407b500ffae9f27ca17f82cc2e202599b3b131d5ed7
28b9616c3fdf7020b5bd6ceed8608315db95a7254fb7f095509c26c2760e06ccd6e6262090222d66a78cf4cee22da90ba62b2a2bf33779f2d50fafe131e2e9c06e1dd553623a4feb2b6d1f33f0650c35c321d2b3137e6ef2a59a1397b71beb26e1b17a278d833f40da3c00247ae1318ab3054c064c410bb3
2db410c29585522373e400780d6f6d2fbd2626d9e464f305df386c76aa2a3089cc54bde82952eecb4278a8ca08016b3c3a718d2592c905f65bb35ea2359ac444e562ea73b08c4eaef69e411f7a41d5ce7915725f024d6c7915fc3a463fef2b7cad1378c28604bc926e16eee09549b401c040f1a757795e22
0432c6919eff34a21ead443ece634a3e8cca24c37eebf384281fa832ae920c712d04dc6b1931fc9906bf0eda3e0cb7bf03f6c5bea3c659b77f2c1eb61043b48fad8ee4e0739bd1a249d8a23673c007d63e3dc2856d8d292b063e225dd3e8985db7a1f371e218659feb2eceecb11c7617501038f4dbad2870
0b5fcbde9a341e30ea9573e0e135723bd95aa561e3e8412f3ab75a90dbaf228b373e3aad5c92fa809de197789c2fb7e14fc8cb2022295e00f7cc71893e7237059eccb720a20c10169e3e69281a6629361abbb0cd5b914a49939608fb6644bb917780458169e9a2fb1b2425f0a2ce87a0e229da5c2826ef31
00000000000000000000000000000000000000000000000000000000000000c2c8b6b8af7a3000000000000000000000000000000000000000000000000000000000000000000000000000000000000000000000000000000000000000000000000000000000000000000000000000000000000000000000
000000000000000000000000000000000000000000000000000000000000000000000000000000000000000000000000000000000000000000000000000000000000000000000000000000000000000000000000000000000000000000000000000000000000000000000000000000000000000000000000
0731abbb04db00e15c6cd7a2d71a160677b05ca3e2ff53f4b7b0e38c755a26d7c4718f9181235453e0ffd8b6201aab7ae4bf55e7015365825adb5cdd2e12396127a2222315f28bc7837d811764981597ec95a069fd902cbcf38b332334a4215b2a91b3464d2885517120c522f350b99f236dd3f362eec8de
3b210232ea21c8b052132fc2baa1333e087a61d92488e286fb00ee1f2f590b372566601b60527e6cf9c1302e87373d7b08fc1950d22751df958bf4180d09abf555071e62645ee2e3fa7820341c72ebcc9bfa6107e1928531fa293273750a63f31e4118006168a4122d2d9d9dff567ed7e20981ed1d704f12
12ad201936a95981e44607bf8a3d060486094ac3375ec107a300bc410d193cf4e275a3846ba2ad12e43a04507213f662ca70839cf36de1961d32faba06c016a68d8388e1874ebafba31ead351d99f33f304f202d797cf5db94fb378705f87cb7ce41f6a49f8b14e50724ccad3488ffaef2d729d798f4289b
2978e002d76f1f51b9bf35778e0a7a21aa2b3ae42acf62617c93d3a19cbd04da18c52fbefa12cffe14bf89e2112cc3912134d95ce1a4a975a5abe6e53feb9f8433618833c34d6b4cc1289425f0e47a2463f141b2563233bb34c7134304547368c123e630af60736fe131117d16cae249c3f334153a6596e5
048b54bf65c8b9234ecaea1a52ce581362a515fbaea2110fa5d8f00406a324c46882879f17f20ec472960287c60ab9df39b3bf7c82645498fd2793e33c2fd2dbb6c798e2bced208a63845417c20a9d87b1d1618760298ce25a43297b7b636a6eef31bd5c631e319b2516c6b8f6f0b00b612ac4d1635dac98
241d1a5d3167a5b1d4e4ada50b074a2a30684eec666fa05c5d75f195618932b48de640ddb152516a8723fb512e3ea396a45cd707f0d1954e10eda3ca00794b88e97356a36f5a19f089cbdc250018335b5bef40f43d36fb0b3bbf3b53d270ba4162d3a134fe1a8691020e4ecea28ee37d71229beec17ecd68
131b46cb44a021402b97b7faa8a0b81d6a0d68e35e026116551f5354a0b13879cbfabee0829187de85bbf29aca00de415a965f7a83e9334d0757b012072f04670357b2b16fb43647c1e6660a2cabc9dbb7e3d3d8556e3073d3881b7d7e4a9b95e60097a952bf17a9a906f8846fe71b6d33245787401ecf88
38360ad239e29ee265bbc6b738d736195ad6fd25161261130bf51099921208cfece176f9fcb111f3a2779cbdb7322cbbfbaf1d5862489ed9f761846f0e8c38f00e1f5f9318afd8f589ecc40c87315263123b020da83905197f042cc866b051bd9010d087d81dce4e2600ef530d358f1f819a7bf1ba68ed17
266161c00a964fd1c6d3f39ccd7c3e01b4bec18baeed7399a1332a3f02302f001d99360495e372f8e7560696470801caf1d9aef7e1e4382ddc45e7013faa07b07d97f5133f397073667ed321dee17e8cee9471a6d4b3ab55436725a0aeac15038ff05e3a745658c6ff3b8e9fae2a3e5ba350351d41b85f94
2ad7e9ac393877019716849ddd733b2528069e8a904f91f03d882e73af6c3dbe18cc840bd7f35853e10fd5ed2c145b29a3aea0c5a3c6b5137be954521d780295499c65f315df778766209822d68b325fa495612678ab1a61478f11e6b2c3eeb502d0dc2f2153bd48ec3f9a92306dd3fa73c3107595c78f54
00acd65b159ee163941eb8f17b6a7a0e37424813ee7761253740152ebb6903605bb8bb8816032b87538300f3622364f59b1a9d03719ce7426777591900c90edf71e8bea17ea9ea41f4dfa33c2e29dded1c7652027e917d174eeb184e7247ff71d350007f67d9d34c00086556405a083730cb24f26c70fdba
0468dd61274972b1ee84c0874437a026d21bed8c4ebec0d2188d30430bac3ed354013cfae4c19ee37e5f273e2807920696815f1d8355415ce875fb04365702b7801cc5610affb927c6b7df27875d35e3319d122b52f8a79ce91e09794a80f351e7f2ebb965627c7fdd0e8988030f033242b9e577cd111765
12124dd57470926047fba67a020a3301815df45300e221e0c26fc27afeec1ce640fee584b6638ebed26ed1f0e03a4319ee203c59c2bbfdb616a69b7b03fee14a8e037873c26675479637e436e333b5ba9326c329915819f1ee72110d49568a4da6b028d61aa2bac5b31728f4bf0436e2f1b009aa1b9139bc
0d2d6524c9fb8f21e0a08d672a322508058dfdd5aaa7d343c4d3e2de879b0fc5ecfdfaa61680dddc632c11330a26b686848af9a9c03477fb75d51c7f27e69f848cb584801413951ad400a33885bed7a5a6f5b008aae6ce4f464f26aee5a1c6bd3fa2816368d940261f14c949b0c4934a73f9e39664a53d34
210b132eb874549210b132eb87454908fd9d30c6d8cd908fd9d30c6d8cd92d47b0c304001762c84e80c4b509d30d6c9ca9d8442a10d6c9ca9d8442a10e182b74f7d005a0e182b74f7d005a1accb9a3cc878911accb9a3cc8789104859c47bef925504859c47bef925506976ced963953a06976ced963953a
2e663651769d7a90a885229ba2f1420c537fe3db30e982c803626d4633572e3e8d030c7de471f85c6fdb2215c62894cd672534b98128ae20b2709f912fc2cf6b17556632af41d799c4e29513529216f57a1712de6280270dca1a3445438574c38e400362ee1e124ee026f295628e6258405f525fa77b46a7
396363dfcdb48122f8175e742c12aa0ed6d91c3f01b371fd577ac3c6acac2b4318ffbc3f0d30805099ef63391b148572130f7e3e721b1b7043d5b38e355f201bce2021939831495def8ef03c599bee474dc223ec3c8beb12eb131ec807d9bc15e181b6baff1bdd025d164dd337c9993ff083d5d2f114e537
0b2940e4c2e764a05a71a97b3ed2d33ce8f054814494f0cae0beb3db5d312f943f9bf6f6e1232d9a2e793604221a8dcfb9060e1c601f961ee923e9f21582d4c4e5eb835180a2848ca2f5220e2accb60a8b5bf228b18cd1691ee0126df339da5214b0aca7bbc9eb6d521b3af2e1c980a80016c9b4b466a340
0649b877920cf922427b5a9cd4df9c27bd12d436d90aa1892df996f63b4f079c94da08eefd525e0cbbaeb7dd560943bfcc66973b422e51a87afd76441e37bf5c945dd480feb39e35819aa406ae767659176ce286cad67c6e3d30274ef000c054f871355095ae65811609e5c729d4dff8e044549f2ffdd394
28c55efced503a405b401b8fcf54a123dfe16b0f4a3fe025f626e0331e1a1f973716b9ad55a3be12d532a31b1f0fb56b51a98fa252b8665424396a681381647489b5e202e19267bf4a17611ecfec6edae43803344417124f73900eca0ed3a44358815173535bc5664f272884e3519ff4d085eaae92325a66
13675f68e0376443bf0fa703e41edc1a5a7fa9a7b3879333fdbaa07ef9f53563048a42598f5230faebd1a69d923b012beead2e6841b1709007e2a01e2829f36fd9b8f403b224713740251816d3e805edd13222c29a177334f5cb343b7df27c87b343d4793802a83745329222e3db1ba5701c1892e70ed99e
08c701d872b14bd269efa39081684c05556d1560742701f694482327ecde15a70e3e88b8aec1a59d278ac13845355b764b6b7514d0fc18ea1a88d61b1acda31fa38f1e4235359e1f6fb5232d2e255657936d937035bf023aeb4b38e20dcee03134b2f217ecf310bd0a027b7815d7a0a0f36feafb4ede1e90
1355ab42323952a28f4b7b937e6fea13dd245744bf9f43f8c7bb846d9be52637d25fb377e84127d31f63dcc3a2368742854fce397361d3e0448a8cb002168b30e96ce24317579f4999440d2ebf2e29df0d7fd1e07cfcd73031970f8018ca53f22710b0b1a423e384af187af3dbbfb7c8128d0b9bd8b8c291
200f2970a86fecc3fd0a5cd1b85f713ffc91d207dbac91af1a0e399d413d3d3a15d8d8be1df17f4633d9a34f9d129ea23aff862f31e3c214baf81bed2a141cfa0b9dcfb04470473f0de185188a6807c528d1f1563f7f12e3c1233bd9d68cb70a57128b74bd18b8ec3807ccf945132682e1c5dc8233a5b079
1d9ccba0128ab0b1415e9d7804c5cd01114cce3634b8638cd18407d11382341ced431e151712abd8071ceb98c73425482b63f973a2c89dab4462c9652396d5c706080bf3a3d2f519b95bbb08b830ef73ae9b70277568221c4d2f3fd18b256e0fecc0d0ae42e7e1a08d2fb8035f7e64f6825a643a0383999e
2fd80cc5b979b670be3e3685d2c12c28fea7065e7696d0e2b88de33be9ce17298c336f16f6822fe64ab2952b9c03a2f0c5230d1ba2f12d6673595af33f981228eef07fe000f9046a81f5c1319d8779086704b15abb480b5de1113db7a8c9e59feb42d325a7c2e5c36c094d3a3056683ba2965bc0dd593828
3f8faf650bbd69e2e7db5b520c710d1f7310ef9b0cf383ca58368eae48c21b47562c087c35b15ec02741299bb82c933b281d16f5c1592de86a2986df1ec309a527e4cf03314d92544d7bcd33526bf7f54d70a19a859c81db9b611c31eba7563a9c32d8b39d24e46f5007c5040a12866d71d5e91417447172
165bb586844df3221e0a4c3b33ae9e1e514ea834b10c5067643d130b6f3b1342538cb41f45d2049928fb92d8f21050fed2516d627317e2c8b4215c251afd35215e7890f220164d0d6a08f4218cb51fb31e93b094192abfaf7f7f2bfe117b209d2d4269369daf908f060d31fb8e2e0ca560e1eb812b6f9d9b
08c35f7b7c909f111452200ed583503d4598552ce7b390e4230aa5d2ab4616bff57f7970d451b71157bebf0923250e1269e1b8d870ad98e1cc0c899f231ad96b35b4c1e204f8f6e6cf129b125d496d3e0ce91170407dbb3654973ae1402e9f20bc8076b809ebf9ce1b3be90cd68151e511a64a5ca3464e18
2f3d8d2dd5f26771b4fc0d30dff3a128ff1c69940d1dc37bfd837bcf7b3a36c4d974364603812f18b0064aa08a3ea1e4a4b16668f168f3d95652e3c73fe13da7c6499042acd3468bebf0d63dd71528e0b31dc0dbd4a3813b10d30199621794a917d068ac4852a74a930f202f888f5839d30b958e2a7fb9ae
2fa76d2671e3fd20e2672bedd5e4131c4515bae1968872a87c0be6a48d66077742810943bdc1b028b8563314060f646eed78a2add2a2978b181a17cb26168383de087a7063fc19651e3d8c2caa867394343b00ad06c86d5ed099347602dbfe5a06609f88b29189359133b8c25f73afa573229d8f12792313
2c58bdf60e1bfc124ee0114362ec0624d8f5ccd2f765d1a35f5ed872497e0f5af0d6d386e66118f1e0128d395c219265d466684b3126cab36417468a2c05b2f534684a30f89a2f632ded243c166658ae773612b0b246cd3b74f1171a1587c242be20e53db0fbb2243b0d3eae1275c68121736833940307b8
1ccfe746b0ab4212665d5a238b68a013d16ec599675dc2d7d657f6915e2a26b319a9244e2b704cef6c45845b6933b1629a356680307c4c640641d9891b0b98305540a1034882e36f94c752281094a4e4e76f71454cc161d9b818181b47267b1b512230d0471f99a3272c398b4f456f79e28713acdd85eb4f
284d4a9e321198e21d0f9e13d8a42017bf352e27a5cd6238b038976dc79b362d51dcc2c6af12ca4bea17bb697810f92d71a8e87972490a52574b81582df47cb587aeb0a17b34bac94dbba33655adf20d34ca425d8f023dacb8e532871f181c5d7472ee06c94d4696e72f9fcdd9c9ae362076d76a995beb02
15398983a4dadd2111db0666473b2e28c0ec33c38dbaa190856219969e06052305c438c606d272bf7d489d70ed12b8c56017cd927197bd0de38e5d34176d02aec2db8721915a1f5669d3cb152db0a7f84dcbc00877b6d68fff8e096a83ed2c38fac25fc58e90e3b1e51f4c49dd450ee580fa698dae6e16f9
0826ff724903b6e0c0333709cb445b0dbde6709ab1d0e1bd3715dc7d208b26df059d57bfa3f06d1a95b49328be3d433850b03468333aaa323e04f41e1536d737149e4cb0469f5d7d0ffbf830973299b8353762c2526f77d8791513a7be1099b80742680b44c075dc5d0c6383ab83955e83aec5f9888a1ff1
29c79e6fce079422a17aca0826831d17ff8ffb3dbae2312032e4f256e5523d46b59ae4fcd77356b2e649fb3ac71744327a6c3e16d3e4d9161a6612c52ae972bb06235bb2dc21b1c4b38cfd2eb3e7544e2c43c16df571623e3a20158c0a4fe968d243fa0068dd6a04591be9f30f7c3ae3f2c511a7f415ae5a
33470a82ae0e0d7255be9bf7e293a805e34d1cd6b52140cf7ec39f2abe4b164a764f3f6643d28e885cd1bfbb723b05a3a356a6bf12b7b0312529a74f1f240796b63bc5c307a089f8c450c933e38941221fdce08be5934e9941c10c11021b5f4edbe0e112e56696e6a012e8e38bd337aa93215dafa487e676
261de726566225f063a4d47da9019c2775c4c6ac479d125d8d43a395d2d32d2362f2243306c30a4b0d2c73e638109a2c08d8ee8fc12bff534dbbf71213c6adf9a8baed2268a82a59dfe54d21cedc74e18da7f0abbd8c62addf72347992a563fb956110c1dfa2e20b612ebe7fe9dc12d7534c1c69cdb04363
14e78855c396bca364a574747d0a560df982af9782587209e44ed5747935239da0ef185fca603ad4c29b9835bf11b72491006c46614b5af60105d20420cad09f77f911e148f4e9630507923e24c32ea936fa00f459b7099d883511d528039216bcb37e130e3771c23b27867d7f1cdfb2a24c1fb51bd1b761
2d5230e07097a3419696591808b66c0476ea4a8ced8f00770cf7339d6b14314d2ee77bdbecc33225ba00d3f4342bc1f188d88763733ba1a899d1ab5b3a272d9c448827106ff8786b851a4229df6ebe476ae6e1519855f34ebaa60defa86839934f312fe96c5ae3a733108da7f93b85a1f3e4f29d8d86df65
2eb46a2622977f20f31c5228a5a551077dff82a1b25fb1d623d3c0cceb500ddbfbfa2cc23561746152ca18d44531f3ae6118901f50ba1e63dfe704253484991276fbe092c60663125972d724b6c92dd742b28244636c7866da7320c0a5e0673ce890fe69d74e6131d83916252af00db603c2d20c8e39b701
08dca838f843b563b35d4906e4689e2cbb682dcb292f81714c1173ee45763c7dbc26d7676a00e10bd962c8cc163f12737e92e46dd2ec1bec4425a2932b7f48422426f52194fae211818f6b05d0a0127ed43da3669466b6023c3e33b16f2636b58611888ef8c7e2542e06d5be61aa1d04609f1b8a1c548ecb
2cbc9861856d07022dccd010eba09135901267bec17bf326ddc99863d4921dc1bda85354a751d76c85f56a6e9333b6557e79a4c480e3d513960b518711206af2a97b3af2ff7c4b8232f12f05dd13afcd232ae35578717531553713fe5aee7b00b733be0f4943bd379c294bb2c870bfa79050463b6f4e0b6b
1bb33f63348d06e342d9b375f7463e1ef3f3ce192dbb611b850db15968541ddee31edd53c3817cc7a7028237c523656b58d4c09d518cd9a50b7c66b614fb60e64539f5827dd5f15d38d7d322479e0d1a6e84001ff6a34c35b1692ef914b3f8e20ed2785ce679df821208465791907712a3abebd5991880a2
27c7a891070371028ffe534e34b1ff26d92746e7c3fbb3c0900261c9d56201a280eb76bce243672f50e509b9210f66da09a27a85518af7a0d4702c4d0b8951b44043ff223038e1e9127c4a130748b491790db0aa7e75248e2d9221952722f03b88a302f465162c6238082ba79fe93d3aa0ba71b11975e415
2b5a79c855d227d0bac84058687382075cf521675413d3b2811ab6adba9c119e7d1a2780800182b7c993baf8e034e6a05f42358913a6f992e9e3c665074c90d749385290766db7efaef4fc0f1fbea9ea963762bce38d10497dff3754cebc5317dbb132dafb2361fd633be2852bfd3bab43cc360b6964e456
3e03ea92358b49626646fcdc1ac91c035ddc43ea349be06fe15d3584cb6206c751dd5ad13d4295962704795d171bdd0885ae5f4d71c9610549d0bba52fc9301673cc469241d21d4d4b0cd83a67e0ac41b29ea0d0fdb1cf67ae50159b9d277ed52e50889d5b4b5d55e4094824c6d9ac8343eefe6c2cd36c0d
237b4c150a0791a2a62015984d5a863af2e50a780ca6f24db7fb934e02d23878104b7c4f84b33012b268dc8e2803376730fc63ec01c07a3c57fae5491e116c9e5d136d421f3fde198fc3e3082b5dc88a66dac248e0ed2ce4a063045cb882adab9133ae86bff82d7bbe2f8fb20cc1aefff116703d86de602d
1ae200eb63a91a33740162ea31c8203e3eca8876962f615d83c6f8cb5906374d7d92bd7739b03e8bb21c4a2668381ecbe38cf62893978ba6716a8de932bd4e7a4b6b0931091e875827f6100f91d877be94ab8188a154e161060a1e168765583c4c734243f1efcc64323dc810c1475d5583aebff73a47cfae
038a48679841e1d020ac1579b481e9264300f2259c0f6024fb662559be1d3c52fd9397eb2ba03720f35b0dfae23f0ec1f17c17e2a1b37c2d97e29e930779a7b7fa98766205834fd0ccfa3428e26d5c26ba6eb068372044008d7028f00fa18c1f9980419ba75873540b2d9f4a1aed32a5118406314d605661
31ba3a01203e7cd2c600f17891987b08245d7b889c558129450de7d3f826234b8f673255d7d11defa21be9229413900ee32ee22dc3b3d8faeaf0c24e2cec027d0a857fb0ea7ed219f5d69405132402fc41efd3991fd832f4e57400c3a7d546995a93168d56594bbcaa142282aec69809f12b683fd4712aae
19ca0a3ed0db5ef247fe49894ea35f03dc53b0ac3c9b52cc40aa92decc28310848d92151c8c3650e570864a25d2ae873db8996cbd22c34c38cc6c00c2e5246e80f7faa42191dce4d64e1a23d879b9879b213821d052e81f27a7c300965250827b8d0d65ef6e29d9b9a23aaed87eb27b14035b92bbdee1138
00a50d9ab2b81fb1cd64a837248bc116a837cb8657a6c2bf5d2d55982a061d3ba7c57abdefb27c8936607346613523a3118f0cd6a38126ffff73b8342140df46eae58d415c0ecf6d2319f202b1fe7938730242dcc9a599da69c01215761ac7400183c97c5e53efef3f36c4850b03383ae1d0ea3392ecca27
077244aafea94312cac97a21e4f7500aaa9a4c15cb1df06f56c5e140d40c0053fc6e2cba5da1a887958469f30111950c14203cca03c9856cac2e5d1110b332e6f8116e136550c0790323300d19e4e631c20880059363435ed9282b2e5a662c302f73d6f97e951397693d16ca2b961bc840eca4eddf7884b1
29b7cd02e94b34c2945f75d8dd0bb036f01104db963e80a8388e5a55aee634a71487cf7fd7a12efc5cae77aaf112315dca2f5472d2c7211485a8840512bf363190bae1c2d5aa421c5af2d51142a246278dcda003bc71de96a4b4339076f276057b62090e5243d7ceb40e57b0dd2ddf6632744bd0166de45c
342309cb6199a6534d7ea47bd503e521f07076820e327087bf3093df005729c68b01784ea5f2acbd0607cf8d471b6697d4fa2e0b626ba6e88fcef21911b7b1e8957097c1c3d0f3905b42911371a6bcd7b12fa138512a9550817801a8e76906e4fe524cbfe0ab15954939c2e173a56fe21349a20a5b25bc89
333e1c6e4cd37310cbf285f6ac7210248c4981b0570de12f81e7ed7825b627af6543247a1e42184dc80dd643ea0c66cfb3f03a7c80fdc290a8b9679116639ca5c3591ef3d2d53e628017073738800f14d29b41cf68cc64121b9d311a6d3529ca6a936001a389893a941e21ff3696cc95838447cafc64eba1
37765deb1568cb10bae095f0acbe54093cf81f980f3452b9aa58e09d3212160a5f21b8ef111078983fafa2bf133793d86448ada1c23b5744bd98f8400346059afad92643d84af590e1ca42313637106dca1993c00ebfebe768290822965767870d123b97f41e984b6806b3c7b12be9b751324b11cf47e671
0be3218fbaa1b8825f19ca4cf098ed201bcc97bc9460a20bd247e9c6900729314a97aea02093a205a717624504359e9c0aacaf375171539d59600ba033ede32adabb14e328938b9f5b3cfc1236de63a7512c6155a906830ee8192dac481467c368126c6b0bdb9c2adf213ab311685b6af38fb06f384e9b09
3a75465071a0d2c3d538515d9cede225dee6f859f6c0f3db8bce089f68da3b9456e1a2d7ca202fa6526c184d5d16c4796cc4dffa425e1834a6ce7f271ec7f60c028a2c110857d14ea669281020a88e1f07f2914cd8403aa856241c9c6f1c4ba85e8309da23beb73b94321137c1be9b07319842824bff4399
32b120b9dc10fbc1463d7b0810ae820a0ab301e93ce1e0172763298ea4cc194931680b6c37e004c32928f684002a31dcadb16f28124fbb4c89ec45ef385f5b787944b623ff043216b0760538812834425bdbb1cb51b919bf91531c775ddaa9f2ec1201d385facee6711196ee383b169ea3b9dbdbef514448
260500fd3631f3e2ef883cd42d439e16ceb336eac518901ac75e8f3ae2400660797c01e28bd02a8b9544f392ee013aab8aea4016d19d7f5f1be9fe8e05504598e2621460f8dcdda69b98db1a6338764f58b7d327e6433617c8ff0177c5b60b5dbf301d2b8be0cd6a4402c1761f0c820bc29105565f108b55
017f9ecbfecb57e139b6a780be22d224e5a4b1f4d2aa505ff5209fc5fd0c28523289f31004f2911ff9bba7672102d2e1c1076cade2bc8ec1942ccdb43c353d73002aee20e85dae0f289ccf21c8b43285f722c137c33797f142252bbd1b3e832f7380c26179e4ba940e269f326151ab8b7217d9ac1d73bc05
0d89931b15124733c5ac8a2cbd7b6a38ec49e62bced5c03bd8ac26b3ed1826d155647d1fa152108a43c35998fb308559ea0f67ee10add62d5230044a3ee09291a57f8ee1b509b06ab8c9a902d5817d5dea0572f3d2f40ddbeca2336f1c9e607c65a0e3dca4774224a630975ac8de2692e3d91b78f0ee5377
3ba48ddfe5d8447399f1402e0f79972e1e0a29b0d2ecb302b41e5a9a45c314b9a120449b5a830564ed2323bd0f386052e5a3e3d5135aa0bb21ff41a72bdef86f34308b2354fae4828a05cf20def940158865d1421c7149a839d43abc86254327e8f1a7f20223e6d7a11ffd4c5900157162d11f615b8f27df
13537c37a009e3004216f9fb26902001e4dda64511b160c1550b0ab2dea1294313ff0774ad53b1c03566b4f20b3fe1281c8b88da43af5f8039a3a75317bc8d3845cbf0517acb4db154fe3b0efb328289e2e893531c74f157df2b0ef08278deff7cd37eb2377bb5d23025f1ba8980fbcf1011f07d89380141
20126db9e4620f60eed79f9365ecae1f5df54bf44f826310a8a81f7fae3c21c6f7f312de9c909cadb6529b0e000cbdb7f26f37c7a12a9e37d5afbd4126447d3f29517f129d13e419c5e65627de2a14e5e0c083fd6786809afa860b85404ed5bbe4613a23eb32b79ed53906de8030a53863054e45a4f6117b
06c2bb3263061751b3f9adfd7c265d267ed1ec3989a8e31cfd26bd7ec5f30f87d40d612bd5b1a5c7a574b58deb1dc2ba04e3a92e43448cbf6eba92be1e4d515e3c8cda52ade424051c4882211a63e4502bcd629272ad4376be5513ddc092092161b1f644654ea095412e26fb0ca8afb701dbda6d6581a7b2
08b58393696e2f02cb706522620b3f0a5446de59cb9a723ec730dc446d0c20ce510c6df97ab27767c6d774b26b202aa23cc0ac10a3751ab5ae1dfde31fbc3ae05d94c7c28e3a72a7baf606192831d63522a4b1146f59c400fa1611b5014de0c9968367263ee1d3bf0234b77698e1d75f70c0babd14a785a0
22b4ae82c59a8252662caffd13de031cc16900830f82800ff2fceeadd7a635ee526430976771f4d78a483f90ef00b84582c214dbb1bcd883535f0ad2017892aff00a1781826a95f196a61d27f11b09810b2a62470ca0294b5110375a08f03f8680612cec20aae67c7b2decb71cb44bb46018c27bc60a9303
0fd0ed5ca2b58ca23f810041b4c1b21e31ef21197cd8c02f6ed0253ff6752526b98fa841bf605458eb37a549b5155ae33966b3f0b29c8c3af8c7de5707794a8171a9f9427cb4fbb079e4780acf9ea5195f27a2176345a64c12d419bd02102af087a19553361cfec89b278fc63d0c24e73078f3bae56a86b0
090051f2669c7f109a59311f5994780340ffd39ae71580a9481d3f9c246c2f922c01fd07534253756839a33fde294d48282df08733ac57c2e683f56f1f4b3304f48aae92614a2797fd461e2f9698f1fa8273c2386204aa5fe899027af0a7b6b167927b9cce989fb05830c46d98b19de583df4940a671e196
1c6a04de85da03616e686c42828f3b3862eedca4af1f603056fbaa922e9132296430113947420c110fc23b352700589231cbbd42508dd57e8eb78c4a2d9b42cae5e15011ca336f24bf84dd036d0f96e97933715f8b139181c5ad2abddbc04964cb20c40ba41943178208cb29419ec8aec10592abc4d1a73a
1b333428844c8ae388c1e5dc4a0205013041fd13c873e054d9d1807b9a6302a150ecb4c65eb07c41540ce93423157895b0271f08224966ab958bd93819e9c4bca5063f804ead609557abc531b07d6fc439f742ea6ab4000d992d13c5e9ce186eb3004388e6aeaf471b0de699259a99cad2eeb9c78dadd3f0
37196062425abea04d37600325a6473ded015f48e915735060bfa3708af33d911991620f3fa08966852c64e1e32070bfcdbf7b6c720145b6eee6543d27c1810f4bc8e9c1ebe673d506eeb92b77e8e88db36c10fe4b71d122f6b00be78439224908a246a7e63dd1c5f21604da5cc0ed8380b36ab5b6e94de7
221c94e93ebbdc20d080fa9cb3f845212f026e45848211728715fac357431758d3b3cd4622204f13ffe2931c0f2e12344ef8bfaa10073b1bafb89d1d05b9d4b21d77f7824e8bd4c2c0afb83a9cdbb05cfd268162402593219c4232586748543612f0a8dbe1c14ed9b10f33dab755091d0195eb341487a9b6
1ae244f17e1f68e360f007eeb4f47c00c535552f73f43182ba037b96d7b1330f034538329110623b4142ad6c0d3b4b45706aac0db0536bd2c9127e200bcdd952a052c332a8cb7aaf7f0de40a896410ea3cf72297a22bb7a3efa12f96713028165331dc7143b319d86036c34e4384ae05e06d234a19ed54f5
178505df1a20af62854ed20e2a7e651ed6a9a2ebca8242dec4f93c4e10f70d1c93f6865b8c913ef568ae43315431f3eeb5e81d3c71b7202f10987721153b834e79bbc140c9d8e87e7a31a627cf5fa8871192b3910b8997e18634244c6aaf3eb47dc2f067fa5b2c465f39608e6fec6b31402b9175887a0ca2
000000000000000000000000000000000000000000000000000000000000000000000000000000000000000000000000000000000000000000000000000000000000000000000000000000000000000000000000000000000000000000000000000000000000000000000000000000000000000000000000
104e5b5d2a64987078dbf048dc5c2227887de67d107081357088254256e636799cde1058da2326afdca53165c4054bffefd49dc4212b3e43720caa052696064cd91bf18338a57db459d4643cada8aa4f0e2113be75c9a7b5dece23def3c7910b9373e9f18e929c78f21600c9b33900adb2c8f8a153a81e18
19aa67efacb0bb12f832a35bd42c652e12abd6633eb2412cac44cba5a76004433ecb07b93da3111f11f68f681336e1689efd1a0fc2302bfc52b2dee13ba5bf1dd64641700f13e5dfd2edcc1ef3d31a36b828e35fe6256b00008b37df30882f9527e18002f8d8049fe82ea70d1e5a41da105b0094ec2cdcaf
1d18e6c78c965ad24c0d3587bd6d5c3134878ce8053b813d7b056dcd03271412bcb4d9675c22e9c5a6743c1dac326f2127f1d443b0b471e08d62e0d025a2fa3f2e92ca622d3f6c5c19d99e1bb99e6e468700623c4b35eec07d753aaf804cb4b412720bb5b8f99bbbba30d5bc410d148aa3c6f4d02f3751ba
0a45248bcc9ef611beffb832223fc004346d42ca0213029c207f4eaead532760332f0c00f210428a237f3f4aa9047e2338aae40250e9ef0fde89e36931f112261ba3c8b2ae8a61d45338a5096f978c4d351452ccf9524894f08c122415a6881aeb7337ab452719de322ef7ca95479467129afac2a4133c55
2b3733dee9c3ac93950d517448ac00378c6a2536e6f112b37aa7ea144ffa2ce3a8ee239d54a0114ac526e66fa63461b1d9c73e7ca268a704f158f7940a59a92456fdf6c040eee6ef1d235804a457074eb537808f43229c1aff900819dd0376d22461845f94933fd201199543b7170c4151692ac0cbe2f979
38349836cc43372062330d2c25d89825650dd08109e6b311e876cc964b7626eb5b81124310b17fa4c9386054c1363622699a27de0176d84b30d158bd3fb8690c0daf5260c39cb4b724aff635a0c7696bd8350251af14eda3804718e1d8538a7d5640eb799372e4494f0a61a0d72f0efd739c629a8c721faf
0972b61050cca51343405d38a5391b247df0f726fbaf9216b0b95fb6954e1dfd54038d82f7a26b64215e1bec742707fe9199ae99d15ee44550c01e310fa7bdbaf9499e80fc2ebd6f95d30704211d8ba2919913e9a11816d3d77d28710dae18a13e82041e74c38042ff0c0eea0124367591ac0a199e72bd73
2b30f54246fa3d41ca7680dacc16dd33e0068982cf5a538facd904587a3b0cdcf39fb0eb12305dd458026277172846b7d620648b13a83a77f99341430b7ca9e19a6c66e199d928f4b471f93bb6ccfaffa81c31ee03f7500ace6c05321416a526fd127bbaeeba5bd1e00ccdc69f8b485bd14c81e04c42ff8e
2503f5364eb9dc91966b7dc5987fd320a2370c90408903f591766db430fa3d54c2d523ba058214ebbb206d1f0d23b026eab487a09054c188e80676c03cffabe3ec627cd32b7b03fa09048823b192308835a3700ce7c8c0efb44c2897a1fd7d0a826245dcf16db72abd05eb4c1fc54e04128549ee882a1052
0c28bb03183b4a423805aefbaebf4d3ddf08d4a08146b00821d743e4ca412cae828ad7b98a30f156e7caca3aed214e6b34442b47401d7f66d970bb031960474824d519536f4e63a57514451bf099f2e60291320800dfdce265e236eebfb61edfb473545389cb3677dd1e269535ff0824130ea42e0840f541
0d36ad8afea1a5630061f237065aa332dc5372301044201327523fe4d9c61c795f8212e6b5004625c4b42118623c995a3bfbf5393130766966d4c4a33773b03b1f340701e834000654f94a33dbcd507d92ec92011d31dd4637632438c85213e60f41370f6bc5ac5100139985b4cbd1fd823e61c7e8ab0722
30f3e3cb41c8e2c32ceeaa7c7f979d122b505248d9db50b9ce2a01ea07631cd7cb2f188c3bb21d17fa73b530681d074e05035ad24128e1e74384608f03fd992aff5d67708b1805769a05251be918f4327bae12b1852555fe52703a6606cd06ed10128ae7c6b7d7c55222d670b0a9c2c94278df1bf312fb20
113b65877a60edd348ed9c8e6d46cd3a21e6940a15dbc182655befa1edba309317e06698b1c396165625bf021d1f157dd641e38043c169385c1dc175383c7ee91a77aba24fcc87e220367915e4ab2a0910eba3b51c65a34df104209b49b9fdc8229243547df248e62426808ba1d48f5313cc49fb0178f1f4
2d595e3681bad563aad886f12ee035376b0a0b3af70a42c85437973b36c002a09af9972e3b422da5c885ffacb824bc1c3dfd2801c3648a88d6cf02f71e8802dfa06daa80a79b371d7c515e2c1a4c8a799feb909f1b2ec5af9fca258bceddcdaf2a3305eded2db6aec4013d039cb31165b3cf68c8d0228b58
012a9842512c8a223701d173cbdc7d084971e09289b3b05a52112973285f342381452da5efa13975c92c039eb21f15178f7f72829323befe02765b950657daae3622a6617420ba07ee482e17dc0033ab26f5233ab43a4f9dc22d1b6c21c946b68bb193b09968054438094ee77a1992efb36293a41aa9c1a3
000000000000000000000000000000000000000000000000000000000000000000000000000000000000000000000000000000000000000000000000000000000000000000000000000000000000000000000000000000000000000000000000000000000000000000000000000000000000000000000000
006bbb28e7594fe34369ff286a635f25aa3f78cd0a9ab0f8b073acd1c4471fd1ebd85fdafe11c9abe5647fd5f73e7cdb990547ef20b5c96aafdaf8e3384feb54022edd31202c95c1b783cc364a10ba0619a600801cd28eb5334028fce7d55873cbd15410641910bb07346ee06d3e41b83145ef0691793786
21404e2d512667e2a407ac5070110b2556673df4db54a33776df01db3ba4038d0fb4866340729727cfb95a7c2b132ffd29e12cb0f33ef2d8ce64b89412e5b4f653907f32430c4562d1f0770edf60f188c4e651caef64d5d2c6d327019e6a377da711ec9322a19f4267294f0d8e7d13ce83fbb007c76b3fc8
01f9f5ed852fef533ac9a654911c2020bfbc836e0aefc1930b67a48e652525e65958af3a6ea01c8549c8e218c911d2b723e1526cb1c95bd7992750281ad5c0c92d12b313bc427d4aa1db730c75f061267858636ead5be0fa015b030eabd3da2ef990966eb48b6ea9e43e3dde23befa5bb3daa01e95ee8613
38f99c86de03ee810ab785da38e9f42e3070dc7237cc502e575cf0555c45161374d6b91c03a3609f5c783fa3d7351df96e0977ed936407a2e898a16e2a3c1108e0bba610cdf5bf5e622b7c116f15a172bc1bb3193c4ccdedc64737cdc396d1cfa24255882af4fbbc0c177197ca0b8ffba2ebe8b6f290a75c
241411dbcda73cf1d43d1f7aea0181197f679b98f4dca120b4758a9d34ba1d9cfdad5b942a305324724215926e355d4ae714200812307a74dbc2433730c667b293c145e01b1aa57316db22204a9a99ec94ddb378efe607618a3814951fd35c158e0161a69cca311121015449027e1381629f1e8cff17995d
2d5973c846de9fd2036bcbfb441fcb1dcaa2601fcc6e616cc77b7ea011f11df56dca253e5fd1a4df3a1126df8b28f861a70a9889d171c788b5837c4a1e25cbace0c186c03e29df7df1d2282fc2576b990f96d003e3a39517c8893d379086d8a99260564c0eb5cd34952847ff7635d2cc826f4fa41cef2211
0eb8a05e5771fbf0ac111a29e8deb609d72b0b453ad3f01761cf7fe1375e2ada2e76d0d4ebc2e3545a729cc979026a71fc6b3a4fb1d99daa7c5383fb11899c3551b951d19d11d7cbb2cb040c71e706fbae73106b14dbe1eaba580b4af725d22ea173c3cf389a30aede2670a78c72348a909f4ada48c5b773
2a844cb8965648a0365cef2ee5d3240558beca3cc5b7c1fbbea9965335ae31dd14d443e9c410100f3d204b0f4811586198ae28c783d59c86d01bceca19251346d6940ab0f87b879f3f89702024f8e3e6cfda03339694004633d615691cbca6ced07384a93717faab563fdeed875b3bc6b0d6007400326fe5
005e10c580c98141bec5dc37e054f71cc49bc7f0053cb1df51325a7bf7660129072aecb2e732b1c8285a1aed381591ce02a32f3cb20e7626eb3e86b41e9a256edf0b306240510f80880a992b74ae11d7065e527e64208eb83c2e182d6830c3931db2dd2f7c0cd0b1da1ebb4bc0aef5ad61d16667501ddcf0
29cda3b8449e5a22eb0291209c657e04917006d87332a341ef493ea6c1c90efcfc0856b28771b6f06dbabe551f05c4c2a8138c25d134abef303ad37118dcd68d93ee5e23d578de4f47e61a312981cc4d51f1603918ae2305a65f33d453d512e8ead305eb09d56962e71e0609fddd27b7b32aaa630de1631f
322bfe1c1ac61f9216e18947cd01033a3aae14018bb1c1b036aac04b8e3332cd4beab3c882b3977044cc83a7f90214ecd03e9c8d1043a619dbcde4290b5ab0399c156cd07f470002ae25c537d9a3606954d92199e8a1941d7212373e9d478541a223cbde7d69b98a81221a43b2cdb417e1f2df243cd9660c
0b22bdd334cb41a3cb9f17483ae73c173600b37c431373c53a6c26cda7082763a5b68c764e3379ae403a6c587e3ebcf98f7b068ad260f0ebbf20ac72024b67fb3d2d1901ada0a8cf04606423cac36856ca1422e79d1db47858300d3ba009b06a88d0e2e7b902bfb0e1029d4e50233614010d91131403db20
161ac0095433b6703ae6360357ecd505e8a965482019e11835a45f02a4653b138c782b967513e2b392965763132ab51c64e63732d1dffd708c465e1e146dec9cfe849242eb56a3fa5b49ae19078240d72a1503715950eaa437e621d1305967cb3270044aa083acdf8e363686d3a4f5ed82eddbf2e9122a1a
2ecac1e8d074a112144277866e69d629d501af7096d1934b1a8fd8274de537824fa7a20c72e2b71318a4c3fd9a30861262b3662c10833a7facc7eb6c01b256c7cfbcca8191caa99381e10c122945e2e28ede10d4d2ba1d7fb725185e8f6afc392c924017dd88d9d96128fa3c229d1a1c0106e1d32ef1b2d0
39e8097fe0bf9b3219c2e233100c73231ce1c92a1f94930c87f2dc5b82500f458d72c08cf571da36af84cd095021437068ab0e18c2a21119889f034f04e4b1aa4386d1220024b90907e5851ee76f3453e93d11644fbf3dc9965c2e6758d2c699fa62369ec92fcb95af12c431ae34e0f6e2e225e8885e57cf
000000000000000000000000000000000000000000000000000000000000000000000000000000000000000000000000000000000000000000000000000000000000000000000000000000000000000000000000000000000000000000000000000000000000000000000000000000000000000000000000
26a6c1772ef8c66163ed5812f5ab44295b296354a7b8a032d55e1f53c148030c4e2d2fa1c2321817568547a5c92335fddb53fbc022635373b3b19bf41bccb525110d29f08df350d1a311d10bf5cb060c5587c2aae9de81c406d0091568d7b50aef11d5bfa88912cdd302a7730503ca77b3f6fa4c20e50010
3657cc2dccf48882b95c005df39b421ff19ba5f9b50e13d60e603c450d6f2d6dd5b8ca544121940077bd94dc8706f49db6e4965180c477b0f476e8be3ed32c567bad80916a788d9313cab73c9ed58d297f9e2270a77c7399ea9e20e3eac637bec123f1784128a6432b3d93a6fb58d7fa929f8c1adea95b21
0e20ed8afa92a8c1399a62fb3bb3e716c51e397537dfa3bd13ab2dc097bb2ef7fc585d82ceb26a4d35c438af4714eb9e7b56ad7681e80a21b4cfec651c78be9ec570bad1ab248b869b282127256a2fa5bb4201e86435bf2a251b0ed98b23f2d8f143e6ec9dc6ca63d2049b3d7215422592dc70b5191d631d
315aaf8d76b4bf42c44064dde3cf7230b42bf19df229a1eca743ee5f287012cdd73e59c89c5303c2382070e2cf10f41ab60248c8d08c81d01da9ba561f61504cdb86b21001e34e17c616490620f0b78bb008d1791c321b32972f26f1e71b286e579161ba8e74f7bcd51763f8893062a9a1cdd46bb43774a3
2399b2e9e0d3e3237100c5dc6c67912441d616266160f1e1a0da820ed3c1306c80d298127ee13532b1fb189d4f1d493db2de4fc272206bbe2185115a10f31b26a6286e912a960b84e1785a348d59f1deb62461172e79f3ff2e6a26f8bc96fc0dc60323d837622b420f32509bbb3c2b45f0c96704f2a585c6
2e401e0fe94c7111ecfdf8fe66afa42d61890effc628e3c41af1b1d0aec51737eaff4f39647198ffa362dc1676187eff2a2384d0b268dc9ca0e4636e1a7c74f474d400827786e24d71419a178dedc7dc1f299157a7e964138fef3e42ca2666f80b822820ead387bcab3be36c1cbf8cf93355048e6ec81169
06ab484fb32ca6b36690c473ed4a4c2a0b4d31263808f0c9315923631903126a6c2e245259b3119a8d30b27b5227fa549ddf68fb71fba396e7745c172402c57eb57188b317c7d37334bc663887ca96694d4c42d519057034f28639414bbd59228102a72dacb5db2fb410e5b097ab55c6b2c984d13a374ab5
0590d3565bf840a0cd47ec8c54718609007e98a29787e12ab09e59406dd037cfba0688ce2653aef709bdab76e22a540d0faeffb613dd7df6f422c2c73f4cd994d42db87300b5e2af3f91521e6da1dbe72704916dab6e117f1f9505ef2631034324912596056060d0981f7c8b16aa5668a00c8bbfdff6e144
2eb0582af1e03ac2357eed4b84068f0c5618dcd0a285623a3a4592473d9d334eb6cb891c354364bebc7a31e7920f78c2b808421980e1274c88d550b21dc9374f795a6d5120e1146e79b2b02a8ad4ae61ef33a3a678e7f37076a0172dd7d42dd29a61676155c7ac2b3f14af29d9081cd1a2a5a009489e10e7
0d7aada7a63d7303780217375ae3200f7af682ab191fc08b9fb8f2a183ca3daa5db44a0b4251c4b72430d787570ae714a7c026ce01fc5423fa881eee276eb2ccf850e121e5ce686a98edd73fe73cc00aba7f130c9865e781122b3a185d7f6f7454c16a1077148d6a4d050d57002f208fb353cb562a9f37c9
0dda7e34f7b097c179217dc43b931c0442bf1778c85002a6e0bfee1bc0d53e40da3ca39649534ec3c1788909c91f519a5760ec98a11190a09d2cb7c525fc35ab568bf00340ba2580e6b083298e204a2c5c99435ad6be3337d97901f26ef7f60eeab380bc175f5f2f9b278a7e519cf7cd51d8eab672c91ba0
28b67154968c71502f77ad7f485df11bd3c0f8c7ddaab194bfcf6bece7da39cc0a34dd83490357af251cd5b7892fdeb64335e14eb02c0d970ad64cd4253e316e5a543961b428b96c980578038079167dfb7f82e3bb686f2220ff3f13b76912681c00ce0c4bc7cd90191bbfab4530ad4b51433943b4222b58
147136caf7a8fc41e3b246676656583e351d2ea0a23c01172e27abc365f4209b352ba50d16b14bcbd4fc5bba7513d27936787ee1f0f6a31bd39c39f307dcfc244612537262524e7ad742292584e06949d2c4b072e114b7422d2e34f6e8ce36fcda926c2fe044ef54441ea6dc6bd8efc5233990332c4aa855
15ec923c526bba202dcc22ca2e542e20dd870752798d13cac1f2e5584ebf1bf69e7cd06343c3d0a20f741ad6892d94e8649271f6512b6d6a06eb904930e49486608acf90beb1e3cf76821c2c4300b494b33aa1be21bc233f2644265f348d4d115c00db1b1ed893e2bc3788902d7a4428711dbe29b9b30937
360c42dfb4d943926eb58995914b5313bad9e4a04f1e12670dc6248a5c7f1c2759e358cb3073d336fdea3421fd1da2cf18f46dd6203f78f71f7c9647043ac4f7acfc7642493da07ef2a3a93792154171fd8c43d81391a0613a9319c0c2d497491c339c944f04b2b7033996f0926035883244d2ce2ed97457
000000000000000000000000000000000000000000000000000000000000000000000000000000000000000000000000000000000000000000000000000000000000000000000000000000000000000000000000000000000000000000000000000000000000000000000000000000000000000000000000
279558c624535263f0f5a482e70e5a1c174d52124b3e42656d1c793892ff21ccf53f00499f71e15b4b43ce5c0215977444273376a14fe7e89f999685305c08b4cbbd1353999ab7559ba2d73e28f873904aacc3b67bcc92d6628e3d450d4df18d8fa2d636f7eb2562883d402ddaf062ca1213bca5b05f2a45
2cb3ee1d5ba552a1b72776922981cb2414d32482669db1842175d3e580f11dd54e5928e5c84244d8ad12c3f1c2286fd20667ab5d63eca2d5f889602f217b790e0982b601b73b286199976214717b744de1d281f07c6abbb3c8c30b0ab444a281bdc1aa98a57986b02f25388b65122eb1a0c4addd3025358c
3316e12616b58843fa9b7d7607d683034566a562c2f7f282c186d116654e2dcf0fb08d939c32bc332ad717012a328eb7afea4698419f8b1ba3b440222406f91997342060bb80b026cda6e227f169414ae681f37800d5c9bbf0a8113846ed84a0d153350edfff7f708e1cd9d97dead386c28f41acc1216528
165d63ba2caf4130e42ef356d26bc614a77129a75abe3106819edaa022bf0506161c34cea613520cda602ce00f002317f5aa17d3e0d514c297a6765c0bc596c0309c42038ff0cafc733cb72bd754bc7b8c29c087eb2951636c45012522af3356f3b191d30553847fed0cbe21bc7517325075dec9e7b188ca
23fcefce4fa1e7c23c63ecc7aa2ec33933df65317173f1b8a5dc056bc9aa232e28fd68df8f8078c3eebaa15f4c0f74f3cace6883337bc82a802d0eb8222660febdccf9c20427103dc075832f331b9ad3da8ad3764d856b5938771c8d5648c4b08782ab00edf3a25234184377ddc1317520fbcb9316b565c9
2c097306ecb38583c832b3f94b490e392dbe3efd2b7640933f05e8c3e55307123c2d8e0341d1345737e0ed2bb9088e361befda39334e490bf00121fe2c4cc1c0390cd9622240a8e48daebe2e13785bba9399b32718b2103eaa131c6619a9e11e72a1cd9b775563592315689a81d43620d063cd9053cab472
351a2aa3653f8bc385b6fa1097886312dad285e513d252b257f3365a287b12075b1a5fcdfae039b47106438a030f1ddcfdf995e9c291153abcbaf1813936f385322d62b0ec861e08ef49b602ecb81324ecd6d097453d4f8ad3761313772b7f444a00ca41a52d5d8eec31ac5185c0d7b451e63438f59d4c4d
0fbcc71e108f1602fab02ce278a76108d7f15e710015d1d21b090fd1957f0c3b9af90ceea00079f7fcaa6b577a3e68b7db8a882011e46f7eb79445a73d4b3461f08e6a90233da0257254c818529f0803fdbc31d04c8ce02949140ad292093b6c7d312b8d6e7d8e499a111461a8822630d2cae71ab7f1b2e7
13dca370d61535a01e3a34a4818920094d366ec987c5f186afcede2cba6324c8004c38cb60d1e8d8f1f4d78f0d076e100aae354fc168499eba827c18264c019972217e725743abc0a134f02b24e2692d314161de25a9cfbf5a520c92391d6a2bc051fd9ec7437e4adc0de54c96bf2083112a645a85547e7a
2603315bd91e0741b91c66efc499520b0f9ecd0455e003afc18906c54d4234dbf4a814a249e34130dec6508f6324472ecc61ae6440560e36f0dc9b4d23dde394ec73dbb3a5f7d0dd43925f2feee20eed9907121074cde51ad5b80b31029c2491c8210d0d01365b08283e38844d3c88b2d09ddb221fab51ea
2ae9c4cd984f2d40d8470564bdef7c29819d4a09654e02508b53127d4ad30eb3263de2f721600c66e29aea1144237b8a543546e6b0c8ddc2069c3dda0bf38e55c111f4825b680bdd923ad51d66ecbd599c83402b362e7e075fde0045cf42b452b961a04d4073d336511c0c1e9d9986e7723070f162830afa
3dafd251335628b277fd3e1701184e07409e90698217d0937546c41be152043f84ebe5f0a620e55fea3cd712923f226d08c699df0377025a67a76c3718d84bcd6a06c0f382cb7073960fee006d9960578b1052e505635bcb561617733d350425c4a307a31e997f01dd0e40ad8b3eee2451e9fcb5e6e818bf
0accbee03b3e7650ba5f65037f751d2d8adc885c22c28175c3ed1f5a1d3913e3d52424a022406ce2e2af8e134632dbb4b0ab045203c1666c540be4962c6e1e3441472d927b4a736731058915457631a5c35f4371459ed956660e0a958a594bfc0930f13221aab9041915c3011ca6f206636987101936b076
0481bdad6942fb33d9335cf11e4fa43e9ebf1e608a5b43a5e53beaf64af2034d133f42be56a2600c356758d20f061212b24ef2b03368f4895849e1bf0cb34287462f6960cc893d6ab4fa71199b466ce30fbf824b9b7e08e8f80729c1e6e495f77ee3a529c71f50bedc1d47946904c4fe111ef77af32c9b96
0adacf564c273982d221c43c9676561919ee9f37270691d78b39ab50723f017a96c1b39cddd1ae8048c4afa8480b278bf15ccfe523dbaf605ac31fc60041e373b52175221776ed1ec6058926dcd7c8526423c10b6972c8e75f5104108f42a18713e156eebc7bdd641a15b310099dd962e3c02b2662ecb3a6
1f0c45404b5dff920a25e4b5ee3d5605c93b661c2e86e2ecdab43fd8c7fc3bc4f5b96e4efcd26eef32a1761f431216ac014986d051254e7b42ffe470199e95d50a2efed3c7291d493d449f2acdd1393d0721a22f689a3fbb82c70702739276dc4450702e5852b991c323e04dbb6b7af643b5ef85002cab4b
1494fa30e744b8110da39063b3b1b5003189a9919dac20eeb50491f1c0e400a0088dc539f7101574bb293976e3110e47dc4a3b1fb2fbb4c62e5a5a0e2f4767d6a1b29610a59c7c454b5ef824c3bf326aa912d1d46ac2d49323af37eb4a6eccfe9e9171a2d4e9bf72e106bd12943dc51df19d343ddf493aad
0f573ab72fd64d52c7edc0b1661d0338cda32e1ed48d611c478a3cbe90ef1f1f62b0e62610f01f37f9898e559323d091362825db22d019fc47e644c736566b5e620146b1963f63abb0737710bce30d0161631115db8d6f45793d1383cae279d5e22105ec7f1bbde3d90f384c9db51d49c31d31f3e2c2ebc3
2ce2c78bb67d901193b600333078dc36d289f551467c221edf612aa6e494156dcca70db9fef0eb1c500acbf6551eb78d4ed59107605da3a5f1f42f330b69158b4f689fb267e38c0612bac8056c3e16a6e7f81117f02577fa9be6058ac574d6f591c1f0ca45f09c4b52281257ac895932e38db4dc0b7b55f6
2351b94b7e4beb600021fe385e2e8f026bdcd2f0c290a0f14f11c631d77d316d0555b7fe3493d29358981a22892d4031ecf1c9b9f2179369f0e3214101867ec18c1fa77331330043bfa64234030800ab47c0c07e668e792eed9a16231c95feccb22225d3a416d508d9162a2275a04beb21ba4aee5056f202
32d397ccdf05b43004684199db873a0be968aad26092f3adc24aa586467417dc4f34e0f632232a2ffdbffbae9f159103322bad89a1195c737c278925080e75c35490b413048f8e96306e51111389ce7f21d9a30e3c2b74b66bda0a78bc8748d696d3bffa61c3ed3249099eb514ef2ce763b814cc89aaa0c8
2b754c9b56a4f392f046c6df695eaf1d9d6a719d2d8041cec69f5c08052f20cb0b48a4f75ec3a640c939cf564123a8251c04ec99133d08057a1b479e368e20b719b155b09b5a25c622ac282743738257664620519a9b57d956c72d86927ff0f78f0117b202afdf2bfd319ef5be075d0b21e97b6192b371e5
117d9eaf29503d30391ab49078f91a2b5f0d902d37f2524044c3400131a314a29f7759997682b7ba0b0ed7a1d305ac0827d4fc47636e8bb9c82071d42b549aaeb57c4a138aebac69515e603c85cbd6d5fce0e17b21c22953bb773b36eaaded9c2cc00d828f72ec09f03fcf3578d09a1bb0084153fa71b94c
2c32ba6b05fc74e1bc2553820dae7b25b8efa961d391b32f7d2c6f8bd10600c29ba64e7526424c6d4293acdb5c0398836ebd3935e3ee87c98b5e71a71a170c85c6942000e5275c86d4fe3c052d619c976493e15c9a9febdfcffd220d877c777000737f208d15323076255e4043015cccd37443a884ef4afd
0bab29b23fa02432564e472f1416a6285c3d39db87c15191afd694a0b975310a955593c200a00f38c97984453f3316fc865d281ea0612286a4e904460bbe1a6105685f209552044c00683a0bafb7431e394c93ecc078fcbb948f143c7833469b4aa08fe62364e60fb1313db9bbc97448511294a0745f6947
165f29b5ea50baf055ed0f03964cc03d17a5f7502baa133f64671e685ae41ee9480fc82e997160c04cb06bf58e0847e6b8dd6cc6a03d37e9104923a13a1e2dcc9ed480c20e314e6d6471d302f13cb66a6c9441b5e69e07fe74783325d72f45f82142c3135fc894e7410cf15eb514e20f61a172bd682dd9c2
17a332b356b0bda353833b8ce5c82505e74bccaecdfea0f36d835766584e32437bce35aaeb618d4bef24a7065108821f1becea5313d5e32e21af82460512615071b19ff3bf5b056c3c005f307a946772fbd3c35e4539219ff280301f8900c2a7c9c32a73ebd2de2c24192c0b6eda72929124a1f6be74fb9a
1a26daa059fff102b39575a8343c0f1a43d4fb1ef49c3233dfcea722baf4182e4c927a6ee433485d218e9c9089303c4cb4beee19728dc73e3bc623431ab59ee27c1c1673f41742d34e4a031627c87a8403f0b3ccf7aa7d50c2571e5713fe4ed2f99181669d35ac250c017abccf1477a5008d69a233768a00
07032b08f689c442d5d69c0aca27f703cb127e7b2288413831cc90720f572a4072ebacc159f0d5bd331e02afe91a8e79d7e39932913d2ccb05019fbc00c055b6e9e17272c8e5ce435c445c10b60a06e94cd710852965b092a5591fffbb5d50735fd236d7375b1e17390e850c60984ce4d2f8a9fad13f0b2a
1116f290d0147c603275b6c817e41421ad1c53eed6f312b148ab6c99655b298a83bb722bffb100dc91f8ef860f3517832499409081d61d427a970d912835c930007070630bad3ffdb4ebc51c459e981746f9118e289141459ee41c8faee074622d0317198d2b75b83c2af5cfd4b73c08635667facc44942e
2efe7e769e64ad4372cfb8e6f8a9cb14856747fddf6e63a01ab61ecff0f21b4fb716c16734c0db93e3cc77c86b0d5de801dda35a83cb2a9d038b392a346f22b2ee9be22227eed17704a4c63b3a9b98d51de9a035cbfe1bf1ca230b94fde42f5f6163f94fce6008784c0034d2d1423c47527b78ba18862c96
2cffcbf7ab4406806c449934dcc4f31e2450cd45084011e86ac7cee6f32a3de7e95a639971a31bd270cc40218d21f0c2891e1fca02b7ab89b8d0007706635315d38c4bd39d7ebdb0bfe1dd2c5efff3827a0f8261109ce236e4201d44a6695be11af065cd9198b5a11908d55b474b606bd35a11905a51a03a
3c0a5787d353d10066b4cafc05cb8e165c3cb541fb011071329304361be22ae1577295bb12435043b97e60306e26d8019008219602deb8a363e18cfe2d2096c8fe6b0931fc0880fd77e32f1d19cfdddbc8f7d0f79c26ccfe0b3627791519348a9571939e135161c01418554357f18cb281b6e91d4f06b52c
3ecac4d58439a410262747def33460156730f53e5e7451d4196d37b92ffc103a18cee6506631ccdc6ed69a01382db036b5474eb411c0f8e58ff43ca21dcb8f3df3f0df400643e22e3c3be805954131944ce6f07cf213c60dd82410103fd4a9aeb071e09032c6a2ac3832a49379704aa5f1bc1d72f2ceef2d
24e94ad8a7619ee045c6cf01e77fa72de01fc0a45e21515f1c26fb84d07d05b78eda3c9a86e253ff9e01e60c363903f2d333318df20a6d804af5184d22f250bbbcd89af170fc43aa26f1780372fdc6c022e5505c821357c62c9d2051198e2a337f1330d72baeef05ef2c721751c004816208b51c26867347
19f9209f86d1a44394e3a81e34c4e3299138360b2adc8352b692f7edcef52e3caa6016f5b5b144fcefef8452d91fba313076234aa115ea1cbd6dafbd087f02f381a2aee203d717ed8f05ba0bae8d04bf1f09500142a0a6ec86d12da081c9d44a3a9077c6f31bc729731f6257659fa0a252c3d10b495b84bb
3875fefc0ebb2af05d8dec7809af501ff442e21d5468300270b7aeb99be53a1db3ace19a3b93780af51808b2351598267ab48c8ae1cc74acb6b23812287b02b685e6d2517a55d04cc7ff552ff35b337cefdf41cc5193c30f817d0eb707f493c96c125f11785e5b2c7e1e1f1ed6759bfb530837ab94b5630b
359fa120b6699391b6f9804b42ffd229e53c33e143e66201ded782c5acff172e1ee6e32c0703a548268956c9e6098bc85af2305e51473be58cb546aa16e7fc894e91c9104b43d9c6a43c64210386d752051f9273ac21fe0f982813e86c10b5bf9e60fd81ecf70afb25094743af875f09739243cd24a903ef
0c2fa237bcfcd8c2730298d7c4ffc22cd78312233dda50b358cb5f8cc682379c349c10acf221928e69d622d9c9039200472f9d94b0789a7cc53af3a02e93ce10296080013141ebea61be6422ea6cd3e2b5b6c068e6e2209778493609283798c7798022f90bd882a0d326cf703ad8771762ae81a6d9f55c9a
1ab4000f912679c3d0da009d5d789515cb9e98fd9d75d253425d15fd7baf372bc8be3afd427081f43f232d4cef0825b398cca09d73d792d601455830203f62512d49b4f00a8b7a1b0d8ecf027761e31b2bfbc21d7779ee7daae11b161fa2b2e0ac3251370cfe118934181803aacc3a6b806f8512a3ab69a8
11445683ea925c60985a933889b64e2a35e784d9879d51125dc8e79487b20feccec2bb561450b944dfc9f97d5302bae6d996770bb21bcbf188cc4cb3038a06f11d530890ec3aa28b23324b3e74c3ad2cffb8c3ed125b73b3f3220bc1aa8e14ee00103e70ef9073914c3105771dbed0afb2fb2c0801792496
36f3f85807fabdb1c7b8383c9941bc392bdfede4dea4e11b86ca3f236e712d39457940c81513db6653471380331908788f67509a23669a77c3de65e03fc7d873e467c3122e9b02cdda143223de9fdb4e16e9709c3ba1d18268a0341450f753f8693283ca9c3441e48717422708a5222c625387b80c66e281
068752b1124deac1145555a88ec15217d3ef235ba2b0d2728d87034f9a9705c29aa4a8a83dd252782ec413be8703086e08e2679c0089f99bcddec14d213a475951af29408787b4cc9f91dc0d01cb378b8fea929c24c3b3968a5b26dcc56000341c50c1d1926f97628a14e71dd296b1fc729e1dd9d4627413
09537283df3e3e112bee9263069c4f3293128b88db29f2f56dea580b22ee1371e4311e13ea4044a205fc8d7ad13fc6880981d602d29041897f065c13387ae405cf0d24d006c91c04477c051343e358a5ef5f216dd3c3313f916a234063b06e4a3c814add79e04a65ff1785b3b7fcda239367d177de20d6ef
270212e53b4a3d5021dd3be787955f3a1dfd56794aa1f2ba1de2debefae51b1ce471645e94b15f3efcb714ad341f37024306a37f93a407768b17172b2de11ce69dea99530a41f6a9707fd206dc76d73c4eaa81942b682244ae150604f4cafa786f217edb5c34b8710321e3bb238c9ebf012ecd051433548a
1638c9e9ce99d3c3b83c49c7f1f7073d0a963ab13e385018d385530479e83da05b3d893278f15d64285eb373ce0597085f4db77032e25564dbe942ea266042c76725a793d59efa7cf962ae113e91cda913e9028d101e05cf531c2d92b437af2e3f420666d5b82ce523270f71e597ff5e935dbba14f50ce76
083c4055006e7d82e9f9df2d8e60c534029eacaae552d27db595cdfb528c3c8a81aeb4b11260e2eb50cac7b8bd33a27f55c41dfd00b0e52d4c688d872d528a9d6f83ff1278616dcf1694b0117b414f0dc528504471bf8db9bd59350280bab38912a147534ba8f840391dea51147d953ba1ce97060eaac130
077c8178e29ccb61bf5d99e31b4905381cc257c2e47f10e49a2a33801b6d092442f36fd58f915d3d818fed90760e704c3726234ec1fdbf6cd3c3abd53e55a92e717ef12092214fd559e7a61ee3cc946e5476a1da637cf6e4f1452ddf8b7232c2e681e28595141713ac095836e8998cb8f2991108589de824
066bc3766f1c58e2ea825e82f79e163985edd7f57b0370177f56f6e2ec76036571e30e3d28e2a41fc2097bbe81071ff7bff0ae6ec034d162f57c2c2d260b58608f89f7f1228a5337941b6637d5e6f3a77655f315fb47d53d2bfe0ffd515f1607e952f10f554f80f0a52e3c534e66b6498113ba42fcd917df
2979e3ba936a3c81080ab82a1805281a8ed427411bc4e0ec2838afedb08323c105eb22f52ad1d81d2e456a5dad2af69f9c2414feb16e1ff17e9c076d27415bece0116c901fb5bf0e3902f326f3c9093f5fdd0170d0a751d132d50a51d8fa2ebf97731e912016a215e119bbd194ecaff70162412b4def8893
35ec1286a8398ac365dc97573c61bd2c8af7c38a3ffe4268557ac0f8edd015c2d904f30ca1d068723a19ed626b3714bf1e2716fed249d16332b2beca1db1c6fa7471b3127bf1f5975f7fc82d787ec7cc980941217d853e07aacd0d2cbbd03e6467e0fca4fef007b13f151e114aec6a3ab3a2433643fbf18d
1ca88cc274717e61c9cbf7e4af96300dc84d4756563da2223905bdb12eec02c4d5a9511662e2d9922f161c4fbc3e7d31c8b0bc665024a48c263579710495b243a8f187a11251d68b66912d0bd269d1be3b5672cafe4ad2d04f390df5e73cb7c1fd838856320ddb134e35af5a6747e8454012b39aeb1a97bb
298ccc9b61eca8a145c245542415561d51eb3b085353e16f2f362f60886c3aa5d3c247206a2360b2dbb1f66a9321f8f2d1ff2833e1b4683f48b725b41082172838e235e164826bf672d4dd15f1cec98adfb9900bf007065a01121c2e8849be94ba63e7b30030c4131023dbf90ea99c0d10d9ffbe6aa63cea
25120612e1720241f6a2a1db6567b626221ce459cf48c24b9c993fc11ae602fe5f0122fb9c43b175df8f7fe8ec33c1b711757c5162091633d9988e2a3a37d741681479e236af636d2a3da82f42c00ee37b30c26ca385a8b05f0f081ecb3a96a660d0eeb91b227ea31d102ce5f81737cbf0e3cdf14cac23aa
22461da327883b431d3dd035d2422b340dca5bbf76fa301a61813315803b33630c915e65dec049714b1dcaf8c215cc4491eca773737dad96c0ba921d27a6a25e8693f2a30cac7431eb99a31dfa56b51f3fac23db91ad0cb685500a473682a6933e40deade3f546a2010826272392cec3a0879795673788b0
1d119879d75a26e28e5ef5bfbed3661643d5e261aa062334735c592c235938b07fd64e9a9aa317ad921e0d851210f1c55b0fcb6ff2b83fe3c75128573f53be451144c651b565c1cd35220b0f6781dbfc2a3ba0f767c42c61a9ef39bce7a281ce55705b3dac8470be86030b1ee0132277506505e1a75f763b
29ba024398e1a0f090f0635de8825228e4dc3650d4645064110ac91b87430d36232a226bb7b11519dd5002c71a1ed796f255581a12b09a191ceaa4c53235e54412c57fb157fbd6cd9adb6d2a3bf46e8459f3e1bf8fa60e7acc5418b7ca667c4df28229e72b6761b13136c876e59b174ca36cd47fdd0a5c2a
3a37f011d20ba1226d5227a067bfc433949753d785b4432c268cd858f06a28dc119e5a1adc0136ab6ca44fc4fb352a3d328d1b5b530482c5ec5725e6190f21390af8df3348374a58eb8af70da235d6f6986da3a554423421d1b42d2acaeafa50a8a30c0b0a577549061bc4ab3419ebf4e1026da5e6ffae7c
1f53ec6b56501e002ce8da6d70d7802b31fd04f40de97158bc4625d0b486314cebb310821390d25072d723a6030c7e37f94d52db21574eeae876d3ab10dda6b8b996ff117962d5f00a50020c73e32f770f6fd205ab2eb0f7107702a2fd80250a16426289ab8043dfeb212e5a2b576f76b32928aa8e773df0
2018920707316522be54b359056fa61e86e353f102a1e3e61123bd805d8c3d03f9118a9add820454fae851ccf20ff15011c6889be2d29b46a5f59c8017070d40559afd60ac6c6a1f831ab500fdf8c0b11399022803645ac971fc3763d35cc5ef8a5248b24be3fbf76c13dcc680475ef5617b00bf856c6772
29006294ed2e2011b2ee8a42badae30a45d38eed8f905136323970b556e7337dde397016d7207c26f8ce52d4073a60594d3aa7606187e451d1a8a1b038903f04dbe222806ae4730c2604d5145a995336bc66a0f7edb8c6efe14d096a44eb5fd01ed31b52dc33a209492c4325b7fcb2bcc02bb5e4f6f90ef8
0e4932e7839e330259f7acaf92f259112f5ff784e19ea3189cca7b3d98ea30e23e35ae202081f94c892a0e41ad2077f207405966423b4bff369e103b305220940a395ec16f04d37101eb3f32597e7961a0a631f23f959b1f6a98026a8dc6108e731368a3056aaf47183f43ec15b2800cc1141f54120f644d
1623166f204b7a739cf4a902ce5c6016d5bd179ff456b386a0b007632f4015e3848d3f13a100713f7bb85cb08d0a325150d3c6cd60c6f1694cb95b382ed43b9de4410593a0e0a4f8884b643b7cac1620c77810b4b8d682f3719f32574f9e63319db3045660981706f6056fe8e5d23181835813af123fc7ef
3fd29e4a96dd13f2e347d60a291f410452846141293402e971096eb8a2000d995d9c6236a613d6ea72e022709d320d442cee9be731336f14b04e8f4520c1fcc663627d639102fd34f3b57b02ac76d03f751973ca644267f3646d246b1ee50ea19be1889a2dd1e58c173f84639addc45ff248ec3432f9e45c
08262528cca46da09f543fcb21f61c08326dbc880c7b3319c27efd631547279711c55b0659c2237594939fbb56196fa3b286760801e55756eaf4d4923a22be366d6816b08bdde45b03e70122127c10ae64aba09c20fc4f81f3691b6cc267ff5e0931e946824d4db5143d9039a01b3906818e11cbbf0ffd7d
0c2ff9071ba532b33830402da187b10c87e367665e218314f3f7dd6a3836168d5473e059674280a8fe033a51a72e167f2b08d12ba2ca22cf311ad6820f962cf87da0f1c0d458accbbc5bb612d4e4eb897eddc03d787b689776650b7f0ac7a63c4912e331c690273b061cf3e04b10adedf20b8c48f5e2e9f8
1ff99d23467f23638401c5650b96f9196af71bcdc0fee1af8dcc66e6afa62d7963a28d7d80808102d933c529510f0de34afcc43f71f5bb57197d02dd2654ba71c6c317e262d0ec5e1f8e9b21e2072f4196f7d063c371e43de74c165176b81a2a55538359d9486db0cf174dfa7d46397030ff7bab027bb43a
244eae9b617cd251111fa64e8e046f22b75a8d0827c2e2e341ac0beba4261c55e89f4d6f7f01ca5a3bb3c6ace12669503f3d2b446192a5e1796314f11c98898a829e2c50d048f87c68822a0be720616a26a3628aebb8909a4eb714de2f9604fb4df1075a318c4126c60d627fe83a8f5940347a28fcb38fb7
147d690237e52ab0dd10e93668cd452fb69d7b27f0932114beef7a62475c0b76c53879499e50b1787c15598060357a84ad841da280785252f7b1b205232bcac7172cefe14ceef9089e56020d584f1e501168400136dcb20ae9c723b52cbb27e1be602d966ac955209d309ca54bb6644ba12dbf4d0fbbb872
11ac057734a13630f62e3d524ccd101c728d41b36d4fe2bbf80b7d5e09ac1f027338b63ce522c9776ef6de58cc3e6c47a4b91f89f34e926ec09d2dbb0268dd9597d379919c1092783f6d14396358f07299ef72428d3d2174c6760dc65724b650fde1e991ffcdc6b9743121478d5cd8ebf0aa6a403e288081
0f3fe7204689f1313e59107fb562b3320224a13679cd421caa4f3f27749a057fda5721d55ac28b8abf12a18ddf1819acf1395b7e5337da63debbfbcb1135f619e5bd77b3cf3047953d94271c53d697178bd7e3b25f5a2462516105b26439e7e742d0685e52608c2e1e1ac7a9c2c96e5552fe03f2af26960d
29a6002a49ce314237f54529c7607c3e57517757ce49e0a61518f16a10ac3295e0049d0afcd1f22fd71224792039f49c25b2efc4337001b53250235023949f9ef93c34138d43f6b66993d819970de00b87ab30a01c493ada55011be7940c6b2306c16dedd9124e71340e6c97048cffcca14980994d31db02
18a572f7d0449130e44a599d54ff491dcd92408d6de231b90b1edcdc0b9f059943a5bfdbaf62bec68b8e128c77394b9dfa4bd557e32569f85e18e7bd0f6222a7aac02de0cf91ac83c6d83b381fd2554e0f4b135d7b5d870497ba27d2750889bb5a1081182542c2cdc119643dfa38d8fee1fe7d9bc67582c2
0c59aeb4f09d4112013a40e58c86763846d5046abfddd3179f9f976e9ea1000549c193c0ed61c2d734cfa7eddb0a54c9bf6a1e90e2772f4ed15cf9033183171981115851694dfa5baf296d16628ffe2dbcd3d17c61bcc3dbfb7809c8364b08e96d41c53b305b030a6a33f8e30c6ff18e138c16ec1af97d06
273e397e1dc7cad30358a2bb1f2b023f3e978e5dcb97307b840abe4a04af3018af654122bf00a6a1ac24001d0910a8f6b843955940c9ba02191426be2093cb2689821f209342e65b18ae323a766efd1ab5f7c3402e4c7efe181316037da486c2a0b2607040de33d6f73eb5deca420539b205b193c5da4ab7
3a5f9c3149833b43da6c69060e326314b87616fd2bf98032a463ff5829962c200ba44fa7838117e151deabb66035ff7b36376205421b29b3a405a2d33dc2cf2e8a5db33188dc32af22f0ef382a7f4a5c91d073c639d7a1485ecb0dc115be1935fb22493e3c6a3e2a321c706926a5069513dea5669914f42f
16badd153a3371b3976a7a8af053a531ca826bd4f2bb60ea807ddcc39041364fed631a31edb344bc5c5629b5a517905136f8956101a683c272f026a416787d7ca61d0460b5b67e3feeba0f28b9ce30c99d94b05618dac874fb1727837d040a3c8b000b47a235a228ce106d628d67836c42aa578450a9a08b
32e85d3b82e9cee25092b0a1b4d7e22cb3819cc413b11173899c356c2dee145985712002ccc1c41bada773180e16381d623abca8a2e8c664ec50648429b741d1d5a992029e92a655e8cebc15781f4fd2f9d32292271b2fb93a16238c3e4435b135f2719b233749b2d31fe7c031ffa46e3092a1b03157d435
2cb4a1ba1482ba83c21a03172dabea2ed3d5900fecd8223eb0bfcee2197c2faf2a1174322a20ec476706b5580f14625f5fea4cd3b0fb914b4ec410cd3f734201ac36774260baa69fe4d77b25eb9a973f617d83285d48a413faba15279e0636572d20c83157b596dd572ce409f34d0f95e19143ecffb41f2f
000000000000000000000000000000000000000000000000000000000000000000000000000000000000000000000000000000000000000000000000000000000000000000000000000000000000000000000000000000000000000000000000000000000000000000000000000000000000000000000000
0d9ae33e67a48a624897a8fa42e81a1d3acf4e887ba6919840aeacdc5fa83ae2cc4b0f0c58d3b3078bc749e20b39681ac401ef37c323ca972d425af728f9042db8aa8f91b3f58d01c99ac02fd00ba605bfaf72d6013c5833063403c122eedd5b37b3a7873cd42b9f5b1809a470b33d89f211caaddbca23fb
2bbae9ffd1bbc89141a124916a1e6f06fc1b4b671e9c202f23a54b44b3bb31f079fcacc87e02138ea42d5e6e71192c7636f368b022353d9a37ec48302e2314f06982d8201c7d5313256fd222407a2fa79588108cc6e70b30751817730c07c4cc0ef2908364cbdbae5d3e89048311c1ce3266f3ab322aba55
0ade4c3998f5fb62bfc33c7ac909391e7c628944d296116ed65a64b0f1f023554767201f51d3e14ddcb60dcb1e2835a7dae521c4027eae991e0524450f49b9b44d49207309798f8de70cf905c37fddef46693150d59bd64402d12fdc67bc51f900f346b5fa5bde52c01a024aebfd8b25f04dbc328894b706
18955eadab798e32cde851b8285b4c08e7f1c527718251f97de499840a080534cb6a70276ef334e40a83e91bb324bfdf306f7ba280cacb346b9a2a083243deaa131617b1bdafd2c6a9b6590b7003f5d6c43762e015857d6e169b327f6c571eb1ee433ea2312a0672a93d82c2815c5a3e6105dfb03a277445
19d72cc80dcca6334ed87442aac34835b248e072fc955303d4c25194a456163e3406e5e699a18b4610b288d9f23293514b70a0adc2a783c78482f4681ab2711f60473613acc04d3bc59ce003c368a04c0fb802a6dd540e58099a3970419fa5f7f361201fd83ae368d61949f7f792c5c9f1de373c86873dde
26217415bd5354715f4f9b033043e91f44d01b5b9d85d0ea391f9c63df4a2b3797dbafa8bba0b1f08c9d5693310d43ae37b88b1ff01d8da802ec0f1b14e417d404ee4611a243887b4b0bf006ba1517ff461be181e650f4aba7c028a39b5d57cd1c81ea80d6ef407d9510370cbaeaef343168bada0339ac2c
3b58b93026f137a16ac1e29352f3e8374430f075503dd359657f2f08b535180491c5ebba0041f0c9dc1ac4e629152147f105e6107235bbdd3dc53de6297942bbbac526b14ff9bc8fed94ac1598497f240556e3ae46b6e735f26f0d5107679d21f950b68f323860d756366e06b062a4fcd0d80d53b0b17e74
37b1af5528b01351cac90d0be625753a7dbb352dab017247222e50a61bb20226a7c75ff642a22e009f9d1dab443517d112431e0990b13c4e53ab8e0f19fa04d21a725cc2d7ac64ee84c54d1b973c15e5702051baf80bb17974d72b1997bc2eea8a91d87d0e4d9d3db512b399e03df309b3fd58eaebaa8cd6
24eb5436d9d9983321ccabc72923693f1e8f8c0334c8c3e435495d2c0b0c1ed29a658901db6340666cb429061a02a44a2946fc843047b213bc38014f305727ae1e0528633f745ab9663cec24e591f3737060804f87f524c0e6b51ef51edf0f4c89926327aac66cc30c09058fe16b0708d395f27d1e45d891
3629e8771d7012229b04c2a2cf1cd61669dc62057ce061324060978d7d3411cf34ec77334f31c4de583b6921120a6f3f51161a3e00c4753f70941d321ec0dc56d14e5583a92533a59827ef219f1848daa9064014102817ffd5710e25ef9709737e13fd9c92ac8e209709e2e708ef754160f42dc59121d1c4
3c9d4597598a758054b1f2da72a24802706960ba1aaf91565623723dd08907111ac47e3ab4719f8f78b8cd1d871b7f3a7ae5c038f38906da407d71102325cf2fd5cc3e237d425bdb15c8bb0d8c9ac0eeaba902720d8dafea4e1e242265ba5551395163422b211152753cfc26c39df88341e960f3b558d0ba
39d3578adddac6d3e2ee4415b2df69257db007ecf4e7823a011d58e54c0c09cedd73f13dda43033d493d8051802b31af6d261135025f50ee4d7b41390e5c7c52d8946303fbc16f1b37fd4d01e458266b360f223d04e2364825af2706535d2c8f7c42e54c68fbd6ed4a046dca77319bc9a33d768bdf1aef67
1d7e1771ac21798273212857cc59d232b7af71b173a303268cd14520eada3ae20e3d12c916331bb26506bac1232bb0c47e092b8de399ece1f2ebff1627c494e9414bc950ee4fe8a42af32115e766170992fdd1fe9e706e5b752a3fd0b5a83e293913ccd2938f80362c1af8cbc9d12426409bf5a4a0900747
2ac42dac96b4a202a2e107a7f42d8b20d567dfd6f67e2289fca39f3aa5743d3f6a19fada7f92fd4ea44f48010c2260e3053fa673a2875fbe70553e80213b98f8ba3a54a2d1ede1d73e819816c51315d8258a90767561bda39e140558e79c2f4984f38a56fba36fdccb12f614fa4f12e973be85389d17a130
292a2b12407944c2ca64e3a9591bc5101bb3a676dcaea16f108c09904e2d294f9832f1a7df7340870ab2eba3c4011d3b644a481e92ba1473f53953351c022479d9d603030309f8408dfce5055a5da39180c5b08527872498b6932d70f89e245fe5a16e2e682de2881f2b4a54c4e55733927406f215809e15
12a6a5c8f0cbabd12a6a5c8f0cbabd12a6a5c8f0cbabd12a6a5c8f0cbabd12a6a5c8f0cbabd12a6a5c8f0cbabd12a6a5c8f0cbabd12a6a5c8f0cbabd3904df8d08f64523904df8d08f64523904df8d08f64523904df8d08f64523904df8d08f64523904df8d08f64523904df8d08f64523904df8d08f6452
0bd53b527e4d94515272a3beddf4011a39236511519ce02d356c698ce99b04a27c40f366a733f45fc8dbcba9483cde708f21955aa3b5702b27a55d3405ddd0a482a3e581f051de7f9755cc0c1d6621048bb0e31e38e3045d16b93fe7ea4d6e402c01f3cb959c530bab20c8a4c6767f8382ae82f680a92632
3f188bbb129cd0e2dccd29216439041f35b57c006d82c350bfd32d66da25361fa7223fb80cd1a7dfa27a1357fa053d63676b98d8e148b20a89ba7ce5094a5bb3c8c319337d5b9fea14ece3174429391f8541c2f88e8f944cb920058b3ee90a475d0018cf86f361178a2f3fdeba5006dec165d862a5bcea5f
0b2af058e84f08a23482bf50face031b24bee7c2f06962f7a13e76c3d7f902f0f5488f59d1b3811412443e269a3d0a4b76ffbe840371b64a31bbd92613ff08c6c9455d2126dc6d6367df30316e61e44346fe312f95421684d9ac1ff34046f85f7500393913f431e8da2de5521a0aa4e783b1f700f8f73f2a
38c0a6ce0ca968a2486e74b46962d234cd28964bc0eab1cd8d0a3a03c3c927e968b1fa4ba2e3a15ceb076c622315e36120e6f107f3c76e93767af7252ee306a04954e3001cf3b8da1b48212fd6fc8791eb884216d614a5285a8015f7a2f3af0dd15002de6a2ae8ccf224642d89dd80e8f3a68c3f72ea325e
11d02eac213e4a209dee8a294010663ccef840ee41f8d180b83e23d3c44d27cdbc6eee3e0971e9ebf65e547e6f30d8fd35638c7bb352d81a8cc213ac2b501edc4e3d9ce1ee000d3431c4d625ba637482782e23c1a4d54780a00437808a79b6a2b0d22dcf1efda988272f8d4414465d08a0d3714a12c381c7
0af9d8f22c2110e2be2bebb6c2eaa0331534632c5a9ac2381023b78a4f0d3bb136c639a439f0a5f045eaadfaf907a9cbfe30dfb9932dca5717fb2e3312d687320b78934279ec574cf6497b2b3cbfe8fb392e32f07d55fb01faba1697cee697b60e406d5c873d0bca672e65968cfbb82da146244752613701
0e9529e32a86753342d0e17570cad42adc533000eb5750451c9f4d060cb6148ce42b0463dd511c679cbec86fd20ce261983bdcedf1fa0faf2de6a8a501159178116dc773b85384d3daeb813c44404118ef4031887f7805e3530d012343ebd6bf8ed0d40cfa2d236e5f306fe6f956fe1f413c981606d1fc84
1e105bb2ba64f00029fb139066312f2a5aebc9cc20b3c3600601263fce23382eb2352615c822cc2230be815475139f9e363d9ca213b35d93b5731b06161c805b82cb7e5361e4881d9c6dc50e9aff4a8292ccf085578364ef02f207b7d9679b060411e785e64c0070fb000686510ae7c6226d3b5b46e4b11c
3c8988ace6090e810a63a81c7097da29f72c01b69d8fc2d0dd765bc15a39005e69b502c3152045f0f67b3b0c902181855b8d4f9f605448905add0acd235fed72d8e39990c443d19779c2700fec264343e16a30b07d17071804dd3ee398def5776100496bf101c73af325c32a2daa8717b36941cdd5ff9b19
08c0fa192da4b37065b05b3d2c6b9f2455c8a4911d66c34e71b1902997a910db3aa02a46b592c5114ca0f1bf7e15c3965f19b7b35029e4325f7c2c26226461b093e803c2ec38db5dde674f1ff049a1a9e49913e53e302aa62fc8012a679a6f5ce781f3b492de56b1c5241d4223c3a9de30b971afe14f6383
3096f0691ab14e60cd2a163e43938a22f71dc2b7de0443b67672e75e8be22a9a00aa1fa58b10d703a10a705502291413ee9af87f90d3f721b84858da26da9594754e1be31b17d54399dbea2989cc163c15b61309fc871f2866d21950e503414f96b1aa8dcf8713ac5217fc357e38c6a891a427fcaf86728d
2dd6a72a8e40f0519df9381d10815d020326d62d88bca29c2dfe04881606152caf3ab26f01f1889ab6b064bf9f08143e55fab6e37332547580fe2a7d0e5e1ed7c4c6190003bc7b4c163292137f0b9f4656f7c3819b5a3b11326e32e02d9c1f467bc266a0f858aee95313805abb25836d5281f2a6533e64d8
2e9aedd5121c33d2243206e00db55014d2cc8c8f39d541b8051cb6bc8b300074887177cf5c626ef21a0f7b1e9f3848c1a88af6493344df335da2c6a739b88ea93c55aff32b0c6983808d1a06b79d2e01548d025729a752f48f892258ae2a8d934572041cd0e3a4af8b33a1748e8748f2636576df4107eb3d
23dcc45b04c59840207dabde3ed29c1aec2cb0b58397e2daaec2c0c1ec161aeddd5cde4158f27bce4b9397d4623656205030bb6d709e0f76ecea4b2231b0c7523eb7ff317c4ea1bbdcbdae14533fdd35890cc1c5e9172d94bc6126c3d63e87068c3288b4b16e37bc8f22a7cfd425b55713625346d706f386
285b499fc2ac7021e9930df48eb8911c0b464d90c5f891070eeb8a7e781c0cda426b8533e9c3fd1d319d262ab31861c69467870251396c4602cd3d3c02e84bc594f538a318a827dd512e831d93c78d210e7a7315d555ba2a9e0819a001b84379deb315e276ab6844d3233c13fdca4eb320fbb68716b9d868
08c55818b9081a300b85cd95e79af92d2d935db9145411165e4ba69f1192213d28116d0bb35328289e18dcab771628066283306b21b4719fb124fbb13a42fec85094cb7165abbfee398a7c11fa96f9e0c31962646f6b0a00ec6d039b24f801e9db110eca7196fe19d43c6b7897d73ac140635a5fdd991f7f
36b77bf069228793a3fbf459e32a64238369ed79a0ef114dc416ecc90f4d10360ec8a03ae4c00ec6a4aa3cc3c23eada496212f52413230b8ca5b9dce0e284db173a6b73184407ae24a462624120c2a53f6a990fda1082615f04e0f8dad351286fca07e0b91f1ef4c470efad03fdc880d60694573000a47d4
3b51c15bc46169e103a7882fe4a7c314f5a3eae28c387193e60235736a573ce9275a4b0ce29263446eac9b7da524ced3e4ba7fd6933fdabbc12d47642b4896df0fcad562d3c6671ccb191a182a0740e37252608bb6ad0e9c478d2342e8ad900037715f5ff011e9727329d1f2d58d4dbf0132c0da4a06eeb7
089410e58460c140dcd9efb5515c833ffabc3c4a06735364e297c6f57804398739cad0fdb4004c17eb5fe4a1c93fb4312d83721f51362debc943333f03ef6c3dc94407d05d1bbefcf057f101446a4bef8a1a409f4b32911a56dc3f55046791bacaa198748e4866554d39a23e0c1f87e8a3f9aecbbd878caf
02f0f96e20e26a11ba14584a53848139b94ec6d7e9eac324c98260741be927e39afa90969ba075759a7f5b6d930253834aa78d7963dbe802a39896d51b4c74b02fd9bf91f677a61c587d6736d5a99b5c6d5aa2ac6a9f071d2f9e1ab0ea5c2b8206f2da29b6213645c2032de93f90dd7cb1c04ee30be304bb
3e6ca471bf8aaf41eb8afc127b8b2f1354fa320e0be5b02a246a5a156ff6219854d9c019cd921129e3d13da3cc0b3106738559284212583a061e1de12509aac82f3f64f0d95b0ad38656d930a90ce74fa1bda23a58d13fbd748e0371ae7f20041a9028b89b34d8a5a33c20829ad7bac971765440cc5d2b06
337fe64de827f79128db8da7c43b49328868a5a79ef230a644a1276afd05109c99619233c8c04ab43705de1b3f2b2069d482614d1004f28bd165ceab2baaa357bce600a210bf57ab4c74f231e083485c4a4792509d806bad75f828e4c5e44bc562e33403e7ae05ea8d38c57db79d7853a1d2121334177e81
00489b331b24bbf3923bedf1bf2e080c6bf86d587dc912d4a4ca21a8e4cf0d39b9261b68e1d0d412171681750b3b5baa0c51a5aaf1a42f8e1d55cc093861b59cad99ba6161d71272136d3831411c0f8e903ec094b136008421c20734eea372976651be48c0a546032e3b5cc019db9bff307789ee6b08b3b4
1d714af29603a663dc023eca0d5bdd06f6483c1e76aed1c8a88e3669a97b1adc1ec254a0b4607fdcae55bfa1bd16e8f19af76351c0892e2141c01a110b3a630d5ba19f921e8a1c31ff4413288ae982ef06e043d340577bc3547a2ceb8885ec2607716f1249616f8bd936121aeb7b084b332254c9a6696f9f
3a6e3833a40562501ef2647604705833ac294fb1d612216a514978c846b12b701e581e6c5b22caac6ffd6c0a6a1a4554273d16e680d7704a968cb7f432ef13753c92e56118d208c782adec1096ec4e1b14fc325897e2db39c00512e593bb6b34609067c9cfa165445a1847e8816ca7b4f15cf8cc08d85f37
3dde7f248b1ff3c2bbbe1c0c71cc0e2f87fcc857f49982349d97696c7de334abd8ec723b56d3b14a0667374ceb28a5410cd6537b10d9a29188dc6d0b10d2fe122bdbee93698012af42a2d8178d4297761088e10acadacbbb179f0df63be116a214f2adfc48a53b1db5262830fd217447f3943b2c82342724
3aae6fbb10f6a1a1df1929663708cb1a5b4b20b3b0b6e24e4b32e34a096b10f5999855fe4d521bea586c5af6f91e3efbd8f06263420b4558653c40012890f55f4ea0bb71eaab37f62f630503c97143fa0d1c501ecb423cceecce1a4769fb732f9472effd61273878e825e8bd100dcd098367f903d6d0c424
12e948569936f3e26a7a47ffe401c214b8e69183863d13c8f8166aef26cd050d7360a4de6d3301c69a7626aef509f6d040f50141728eef11d54425812337958f027309c335241056dd63b52d730b3252bc1ff2126f8d487f805217753f843ce339933814399fd9c8af2ad18a13826eee43967e38b4e76b38
1ab33060633024f2095467da46616e284457869ddc7821d7f523ff96a9b33b18da776eed8723d7f10a49b389bf08050a73537b2c71c26b2d5004b9ed201c08e5208fd9e00eea8ec3dcc8162661e0d4ab2c3f7002f6fd64e008f5359324202b8bc8d270360e1467427e03f75041357b93e157e0aaee8aba09
027f918ba8306b809f20cc0b45a268307077560f1edb2016b74219cd7c282d58e56356dddb53b8c85b89fee6a718a898bc907d18d31448ac0cbadf6318001c69ed6c00221ee1d36ba29fff3b5118e1aa9ff6a2e2c0b66c9920542693bddf7c261381af56e1ba83f8722dda947ade6f1ed1e235926b4784da
1e06bdd4dcc390f2f77c04808d3caf34c70dd3dc2f3292d37979445f8fe20597e4edf883e520e009211e353f5b13c9ce16cd9d649375c04a9fe122b116a0668174aba0e151747d5885064321f433ead845c340d2feaef2c397913778d5a042e351b3d2028be6588958150b3a602652304366732fb08013f1
1b5c0b3e6f02cd031217cb91fca67326d0054a2c9408612373b3a240338a1e426a9bd4d4ad33bb8f24b0a1bee01a83f3c49ccc97c0b47a01ba56bf6d0c3bcc652f52a0911194f4190d7b1137744ce71b145e611c5c50d33125e403eae715b79f6e21a6a0bbc51137e913fc61a51b2689f1eae5a6471f35e3
23eac4d55175c300ca768824e57795233f29f236343de38e483e89309cca14810cd21896a0321a6f6d00587bda1b556d5456cc8913aa4111be98865e3ff0a868840537d14791c3a8369d2215958df11a0fb892957cf8ed661b1914988e6394721132c5d4ba8dcfe02209a932d9dfadd4331aa2870cf886b2
00f9e00e23359f134795e2dc413c05138b6de9b3e6bb211a11b3c87a8ac1124e79069fd87eb1ed7091c5b1a4d00f4907352b6856f0d933b7c4845dc82d70881534dc93017de83a55b698c028bf5413841cb9e37a45dfccd287df1c5e4e22316fd682f806edd9655b7803f2b76d36e6cf035973be90386743
1990007c02020bf2b847a349f9ca8b2b3f39cd2cf83e73de54353b74245a0e91e656846820e2277e863320bd75262ee64dda35a1833b0018f082b8322bec528ad37a8ff0e387e9e7603f3b1ed672af53d45801bc908f8105e3991b84b8b7373f1f31867579f54f1d3c37e604eb2ff5196184ea586c9632cd
0d6637b6b4b0103130464c9349dd41093fc6557fd7ca11e1466383c0990a38f0483960366322bf38feebd8fc7839082f3936c8e2a26c64e66d1b18781eace2a6863160b35b954ce7e3be252d11020280d61582f43465363fc3133a8bf9c376000083958fe6529f530c116eb7736b693a62dde76c142d4c58
39aca8af5eeaaa31515fe456bb385a1c6b26fb4c55146048ecb1007a3a4318b91d71b9e563c30b27c9634a721f22b460b48dc14451ba5554f8fb8be3232f06973a01d0828a913e0c274dd83b29446b2f468e1021625bd28ce7e90873daac07794093d6036c75329bc70598c277c48a07025db41a39883f96
097dcce17c8d40626c05523c52654f21b29e03015cd3d0c2190bf30631cd2f2b1c4b9d8a1813867e7ca3129dd70806cde785548913c4a7fbcd8ad74a3bb7dcfb3343bee3648d2e63e8c0812c93592ccbb02700b3a39eff67b012131cc612019e045209d4d271013b7e10304c5f1f090e41d8f8d32df3da70
1985e640624e29e15246f0ea5129812958af320158e193a54838c932b0691a85271dc7ceab134dc47e78676b8d3b3121c4e8614482c2f76a051bc2bd3c656dbdc1b56f82a8f905df9ce907155c79163229d0923b4095db69f0bc334045b1be3c38c3e3c750ba5bcac416541a269aea18906afb86480f467c
2857730e6b052ca385dd28f15eba1f1123f536142b9b5330b91ae21a13142db632f456017d30f2515490321e3016d5112dda1280e09f694691c45b1f1791ab68478dbc83684b52e5edf5072c922bbaeb044323e065b1f612cc1d110c8c9768db5c21f4ef40014697fa36804608893592b20bfa8a60914605
2fc4611223134d824547ce5924a30b0f89690b6ebc5a423b034e867bd19a1cb59744356079300baf9d48213aff0106c36be59e45a1190dd8180aac051c554955d5b282d0be08ac75f776d10b7f845f512039a02d713e0c1419b41876804d368000e0d5f2c094809c91302692a1180148d2d813b0cccb16cb
3ded5f8eb768c4b387cde6c849221922c5f7f8987e222366c5a5b30f2a5d171e568c25653d127d321bffcdadae065a0c18c29af6d18acd142fb10a5f01dc24ee67c9bea2af29a0e5dca11916600bcbc4d9dd01acabfa2d3c13e42406780ce0df51a1992a594ac8227717e62241b00cb882b9c442eeebe34e
0bbbe8fc5931d141bebce7d3d557d003fde9798a5f3542fbece787d86ee729050d1b7aa894c1588d440b0be454334e3d46b9942361a832271a1c867024fbdfb463b1fba0e0b8a763613c923d63778860efa972ba64322802a1a339db19893abdb1a3347e88791d069126cd999cdf4dbc816fa3601a3cca8c
0b8ccad766d1a8b26f1631f962dc6a11d770567edb0433d422fe6bb0a18e030341d7feb87a02f23bf954767f0223098f8d0e4a13f0c47a4ca975bb2228b16de77616b93284b7ab484f14f538857e228e462221f766f61868da7c3108edbd51e2db5174d6c665872d9513a020d1dc8acc214803886e51bf60
01129d21dc88eb90871fc76dadbbdd0839803cb87ced003dda8e39514b7716819a8757944b730caac602e0b0610e1a997fd6f2f262665abf9d0140a61b96d4117c9f56e1790853a5e59fe92f421e174c56465141ab4cd3efcad50327dfb1032baff3c2673dc1f0b42c3a09ba1d817c09624c090934366bb8
0401f35bac4806c29966969556204c390dcd7040f1e083354964540bb05b32e4a92ad24176000099e530a3466c23d0ebdcd6325a00e78fdf3a55fbdb3c828dbfdbfcdf536fa818bf85f12b363955abc63842f2cd878a45b084e10c8c50ba70890e12e2ce02bff3ca5f20876821ff8127527ebf2f781589c8
000e16d126d17b523c4b19687abea03424046dd152c6525ee8e1c5d2e8d11c67e70df2a1a8805a3d954e1daa5b30a8f05dd03a13b160972dcf6768202791fef3b0cde3519373cce6a7dee43eb223887e41f6d1eba6b80e77b2341cda1cda301e6c61bb4cdf25f6b3852ece8cb507524bc0682420441b84f3
307f1829236ca9b14ad55ffa140aa034084057c60d0d53191bced485bfe61b5e68f8be3857a3b01e37c26b1922126384ed3bf9d1308296aa3718d6b42edb7fdeebe024d3eff8a5e7216afc382c8331e99e47e1233ae6a112da1235cf52dfdde7ea40564040bd8325661a5fd52ac9169c13597c65a7135fbd
38ab73195a12c61014e3007dd7d9c32c23cbddabfb01e1a6207050a47bdd0cfaf4b31d31ec72b684b9121478d92bbe389887d67c3190a05e3c47828639826aec8e8bd630428a1ed49fadac229a619a3c05d003cefe964b790a951c9ccd81ece26891daed34d1a663e833e74f04ed72a560cdd0370b451e30
38a2f56663f993f0b9a2c0655c3047116a97b61d579551c3fc701551cb40093b81e8c0716ff31f34d6a73d12df2b20c5ed7cd892336cf8e665e1653d11120448aecdaf10a381a41624eaae10c3daa5c3971482a6ec12be1cc69531d43b4ab01c84816ce1959dd0b73c3c6fa05014ed87e1ebfa12c92d68cc
2ecba176b60407b07c45e803c9d96d25cb3bfb442514d06bc4db324609c41d1f0ca59393d4b29295fd139fe2a900e0647a61f21b03e43ffc6bd14ee4140cd817b2feaaa144d3d4af24a5f21da2c9af5c7e1d51592c0ecd349e322e80be0e7d934fd38b7d7158147c4726341d2df7c355d2208a66020de7f8
0a02ca2f0808d5a13cb5a28869d1791dd5d4b5b1a75171e11732ce7a6814130543b54c0ac1d135db977dda4e242634d47c27454941abac69ada91ab50417ee0380c82261f6956dadb2c10f192209c424fe925322e13ed771f10222911a6e398d77b351a68a0a8bcb9a04d7fc87c83cdb337afdcf6df9fad2
2a1880ce90d43293cd275e537ea13437e8c29a657c0af0df7e1b464793b517e1d3c100188b82710dd6b9afc7bf39a846be6a975652277a290e12be27385ac6919da3e360bf754beb6b1a26230721bceb59b1020990537cda54b614c28db39c584d92b85c3b18ffad7a275d03347fd7f7c3a1c582e1f22e0b
353c30528626ed205dfac91d563bd42017d5c98fda2771cf7226b822bc2f20ced8e13b486ab259bbe7bc40638a215557443fb0cbd05e28e7e35bca260fe6976494c82b93a07c973eff098b35af2d2e991ff4e28fbba3162ca96a1236cb46d100b862ec1a1e5b6f3cf9000314c0515c501354547b99c08d0f
21746b1050d878a0814a6e3c1e09400317e6cdd93116511e43e9ae28d4202f6846a40efa09f17b199acef7081a2fe3fd93e02f293372b36267afb04429c31346d1af96e3354a17b8c68b1f1709d449722569b0e99277cfd5cb071b9b9e637f62b951dcbb1f308e80ea20d6fd6bfc4721804b7b002aec21c6
14bf4837944b76d3a7e3aa4a5bcd0036ee1c1e075371316765e86a11af182b55b99c404fefd373e46daef982bc1196d943cc1d2d22d22193c1deaf901e81dc10c20b7b524cb3ad70fa41570d8328fc7e7106a29e44892148fc0f2a69db9f15aaa370faf219e51c47d80f66a676167e26b0bf287364462a79
0a93243c462717b016206c67ab266b3cd31df2b54f6d40d7f8121067c7b001a68482b00dd412f2913668766f5424ba017b660f02a11cc8bb46d32c5a289612f55a09ddd391d846c2755fc2017c4a17a794538143012682c32d3e0b42acc25ca07b30061011684b52731c5286e5154d59f354ccee9abd01f2
3c60527915fb39a3dffae4b4b0c35e2118b34f92c8f803b6609db4cd8c0c1b94519063e8ace21fee789edc7baf1f3c81449cf4e3508f7931c3b449e4260517e070e52e9293ee6e0411266d191690cbac38b480108963c03ae5061a60ae9d4fa484c01a1a97a2e0aca73b41145ebc7616027064425bd8dfb7
02d1532c0b667763c84fcbf723952f16369226f751c540bbeb45f3fe54d3214796fdc7dd1f53110c974aa2a45523e52cce8fdf9ca37686a674c814ed029b7f22cee26a1291455576965f3007c26734775736632b5c3bc0f8e5b3340b7fe0107e2363bc97b01d497f8d3225f81d4c71cc5251cba11d018c73
029baf959bc04360d0e8889e41bf313cf646e34d3593f164314f77507c7505220b0290705f307b95e06cf4bddd264e0f85be06ab233f5c04943b16490a26caa0abd38351dad78fa0266f1b150ad1a76b9e96c06ade3f8a1e12b20833add7f01c62613bb8552d5cc8821566254ddd1634700f8e506bed26fb
0a4ec57f34666cc2d50b4df12b5c2c1be548b5977d65d39f99e54c84c9802f4ec50581535282dbab654f8b73c10fd512317f2c10a2f883afd196d115355d42e17744c9807adcfe52248de90e8dc8a57e4bf2c12265d0c6857fbb06ffbe30fdca7ff2b2a44650d39cf0022f8754476e8f93a2f454e17001eb
3615e003cb6227e0ca26849373c2d110830059109758912c2ab7d333552f3e887467239be7127e00e86f10a64e33626d56dcca7a2248e87b0641f5bd12171c06b9cb0cd05b200953fa38251b95b7bfac0e69b207d2387a0d46e22b7d8f9dba9a3f71a98890dd8fb89610cf14851d0c38207ccfc40609948c
1ed48f06187da3d20092ed3317f49619261e9d70d62be1214936d189743a3412b6d52b27a8b1c6433f64ef9ad70d88a083508a2d13f5f12623ce112531e65b8f21ae20109fde09e0153a572be0a154a44389c21e7464adbe0a5c1b37dd1a892eb5426fb2633ec5deba37e1d1bf75f3af10782e81031e6f0e
3a503b62f39e5f117fc8290256595b38ef78b49304c641424caf4fd924003d66194d2ae6caf1ada0c177212cb726156cb0375d7e51a7899343bc36b902a830fdc331cfe3cc91a06690fd4215eaba982da3b9c22da3d87e41e38d04b7b2116134ded2bd98598b1b57cc195646ab7633eae2485308632cfca7
085f72ea9105c9a3895cb3c59d841935db34d42375e9517d194bb9ee7b03118f18b1a1347df38c30c33b14052f10ad2fe71d334f307b4134f720ea87233fbd4aba0df4c3b28432c37bb87f12a0a91fc5a0cb239d262c39bf6f7b11bb08fb393804e04d564ebbdb156029dd11d7cc658a91eda5b1c3df514f
2d4bfedaf2ff4483511874e1b0ee8e0411d6cef06dc8f3dd6b1e68d7434b0b12143c4be6b682b92e57310d63fb08edbc095dda4f200495d805643fbd340ef71698b02fb38dfe9faa548c4f04e17afcefd33d414d73817de07bf50c5e27297e151b11dbd2268ae341160c362e75f55d2093624cbc30cce085
2d6f032fd723f1d160cc433ac7ad940e4054a2e0f7fca11a60d217651f373c03964d65dedd93fedb1201414ac8159050f0bd775ae353366ea45a7e8300ffa53aa914f113a578dd2b93a65113ff69f328466a70ea17dce676b30d059b1bad3ac72ed1b788d6d325f49b39849ad908b77051629f1f308d1f3b
225c5d7ffa21b983b8e0a4c64ce67e0e6aa4cef0d53c614b0c79f2379fed184611c0a87d3c01bfaeca1ce121bf1cfda47f4fe34fa172611dcbd319b31bedcd9b737ba940c14aaff0b5acc408e1a2bc60d729b1381a8da24888bf139b844ca7b62882cc60ab357cc4db271095bf9031b6a25e3e3d0082b974
3fdbb4167f53f1e221368a532d7f73119b479e1e22beb29fbe4139b7444724196fb94c16c312b3dd7de3eee1682da52e411f5560028070bba055ce2e186971bc817875a24d5c467a77523924069f1788e54c311ee85b54803b920c472229d11e7a6212c9339aabd10e0764c9494da911219c5a7d8cee6f09
26c478fddea84d51f01c28e399054019088384d3a880a114db0b7c3de8021270c5cfaa304601ec745995cae52a2a39cf47706656f0ffc206f7c0ea351f865f3835602d31ff584014f114563b31a44caccd324091d7ed5874fea125e3512a8f4d7470a2a7c2599073f91fe1d294bc6568d10c2c75397509f1
18e806a86b407c7116c326320cc2970373ea5d430156c25c185691f2ffaf3842fb5fc8116433bed2fe075a41961535676c0b76b3e2bfde3e44f6e24f232506f3d3830f03c55b735e44a6d5193b7ef3e81fab92f671e67aa9ea3a188d92d2dfb3b9231d551917dec5a93cdba8fb4c2b7f21f043965d500b83
1ae47f0b8bfb3593b0f076aa0c890e173705969e16a4400d1099986e10b3039fe3240cd92080ff7481310280e23f42ddbb3827e21398656bff5c5f1024131c26346430a27e3203ecca43192d16138878c93771cabe5a40f54c9005050e5b43c335a1ef86c3a4932081314711abdbdd86103df9cee8e434a7
29d4d9b9d9474d711006742cdbdfbd0260e4f50952ffa0d3611629876109180cf61b9e83acf1dc564b70a7567434bfee4b2f7c93b3a4da02c77da03512d18699d5ec5342536a725e8313e502399b064b0782703e9c02fb27f1531fe5292f3a099ea21785eb1b90b3a8350cb7f8140d992113232a0e361079
17d4b3d47f563e41f9da3c307e23791bbb5195fbb6c301d35daed6098ba33b15a73b242fd1801dbdf0b5ea134c0bfcaa64c856d0e2a75ffe302069321fce878f2cbddc42aeefb0ea5c83702b3f579441ade561ef27034b1293be1f634d357e0c4a00f20dac0520147b04338e123af5e953dd39081acecb8c
2fb23f864eb7b4516c93528ff2452b057d7ad2cf15e202259c9af2d7050e24554f47afad5422744b39a9b9f23206b6b7f1f66da4b35dd4fcd806916617de1b719d47b6c3b8edb1f7f7417a0c4ad4ca306651f1c2e5e51c2bb72503a1c0cda661d9a0b8bf720a0f6ec32d34135ce72c04c03342b203715074
05d76e7d249ed9908ae3c53f7c4ba711c49dac44b0a4127d5e32c65b932217bbee51aae783d38720c3f04ccfce32b45199b538a7d02882fb161dacb507352ff9156215b32f9ca079ff577f1568227d061c4580c651eb18f08a42339c2ea9b453ec20c2848604e6b0fd208b3f181d765ce0c45eb88dc94e26
042a1f638ac9a963c82e548fdc64ef235c78546c0aa13248c686ad3f70d4296dc817ddd98fe16369f37298f47a3054786a99b386a02473212efb1c5e1cdd120e1383c56137390dd733181e3cc0b2655642124055e9af904ee0323456e7eeee041cf042d43cf4f049cd3588152f74e29370adb5df7148181c
33f38ead4d300970cdab79a15d25a413966785eba0c6d281850e8693b3ac34b4896702c62643d8e066863c4cdb175d0903bb86fbd373beb1a033ec0006b3dfc3537a7392821cfb409f92c236f40c821b874753a998b8f620bc07009b6feaa1b9bd63728519956149f03cd5736f8f37fa50cc245f316e09ed
214f08d04b1edef31ef8ab9b315cd23b064ecb52e85b914572b52ff662351439368e3a0c1ab238b8bf4e3528231f5dc9c52833c9d3b5909f75cc58711cbbc1fa31f0e7515692475308473a0129233409a286c372d94f54a1796c0a1dbbb2c52b0022bad63288ed19441aff98f8277c6f1071bc7854318468
18a12dc3e0d25a22b37b5dafea3a620a28b0fac2217bd2168c9ff0372553117dbc5393d6295397d41e5c2d0cf428cf8485caff6e53ff97ee34b8bf003bac6a445feee3807b919a3d63cc79054b97649ad36e53737b4d8610a5e0111b68268c633732d689a39335035535c403fb12b85b531113fa93856a88
1412090cca5996031a8c2a57aec9c40233dfbd58493e92f4b87a11b001d91ce25ec78e22d9429ca602f5ed175335ebf878f2719d12149e078669ef3d25ab7c62219e48b279aa0c82152286175e4c99bbe95f13351d2f9b423076113c8e8071f39b10da16ccc2af1218362b1c256f986002a67ad155bafa39
2fb5bdcaaf69d4703be415192e3b1426d767b876abb311f4d4c3c2f106b80c6b0085958df531e4ddaac5ad2ec23927dbe264ddcb6383a6246ce6659737f3ca24682e57730b56e6a6e0a758041146d7c3ef5e00a1c0e707a1f8ab1052de7160ab3443e4c185e911045b22fc0570cce8da1152147582680625
2eef7e23b3089830af0c2b45d0480a0da5c54a694243f1206fddb23de096174538a5a1ea64d3cdec4762ad507233367ffba58228f383452a63a35a8c29fc9ec34a3d878154a2dd8ac039a31f282a80633e4360262ec4fb538f513815ce17a0b039f1548294650d27aa1ef7b36681499f31d2d8ee03b32d16
07e7f34e5a0758436d29edf5fa1b96140326b47b8c356032eeaa8ad7381800c51b366a32d62161c85ccbf6888f0e037e5f830d149174d54b72b635233b23f3cb76bb3611a35f3bc167e96c2d373dc0c63dbd30c0c09995499ffb1d662b40c0776eb05b79d0dc1cc54c0797fb325983d192b0f6bb0ff1a175
203fd8db58e7a650ba9ea8ccd914e914cc3f7507a158106d076f8ae4c4a60b7bb27ccf765e4349b50e390a7b2e04c343586e5d6723cba5dafe2f60f4010eeb7a2b32816150cb4e596619ff32e5673e10a05e12b5b7007c37a9ba3bc3c381664410b1f710ea0bc7a933205b63090918bed31bae36a33ec933
388c8b2b1fb836c3ea10068731e8b126f02ea3e9265502c8623c5f18e50d382658c69e27ad20b087d225c1e0c33bcf92e22e2f8ea1118370e46792cd0bc50d828b079d4318b102dc1f120e05c7ed32139dc81029b4fa526bcf5e2ffdd49e345fe0c09c5eefa1178d5128d1cfa5b8c18e11aec557c8a72797
3436649e64c82f21719e7c96eab90113ed61cbeaa8908131954ba8c80e1a1d504941a8d84033e4f917aa98b59a2463978171c76e103dd2b94930885a0447097b038eafb257898e43eda7562295aa93531d0c8040f48914480bd026e7e1e49ad1f753109176db07afc42100c5ed821ecd93d76b3f6ade7438
09f76905678fd7704dd6818a137f9f356a091e37b5726263d589ea0f3da229456c6a6c1c7282fe58648b7d07da39dcf9bb95871c81ca8b49bcc7a5a71b98f1f5a06a0f1320b76e1f8680040c5085a5df800263564af4087649731aa9d74410d9eb415356a2f2cd23363bfbb25cc9dac483a9dbd6d9791465
354d3b37ef912090a797e146edcdd62b9270b2a055196272fdec789a8e6c1c30c66f8ab62db21f5f9994fce7a615447db4c9a26bc26389beb89f96240c70a06c418b8aa1676a3c14ed1ce10dfa9094305448f336aa8a092efb2a13d41ddbb154f581a3031759d4745124786aef8c6418b10de46f7b5adc60
35fe02da849ea6f0bcbc94c4dadfeb1c8880d60198f4e3dd7659723b3e233832487b7fb6985249a306628678993c79d5a48591f0a2d47d6ac571ec863d39d7f43b3f7692db5402076c48030c45cc06890ee17102b31424ce7a842ba911605e6f5ae0170dc6d9a6f0ac198eebecd567f6b2ed7954874f5d5c
14d2f6f54892d7f0c877957ae9a2721d746c64ad5e5dc1eb091e50130f31110f9ee35a6f7d031829062b150f9b0e6df49dd659b3b20441294058e85411af35acc81bc9603b891437c6c4e83ed78cdece9ecc93c3338ffa47636f0f5c332b459c774382d607e80938941e9ef7f7cb523e12ff6a3afd21279f
016d70d4947be200656b880d98a6d43f4fa280c6669aa34245be835e84403d569b32212555d2a3f21be58d1600212075bf5a24a3933621f8b7e52ad43b4f2117bb57bfa33a2d7ad4a2dc1c0e0403d7d23125720f7b4843b8250530a217ceb0b9c7517b0268d13c51d136c53926b425d9218c3ffcde1fef3f
1b8d72141e71fa20eb7a1786847448018afd8496ada15200f9ec8a9534df0bd7210ecf2e2113d57adafc291ebf3b1a3c1689dc3153ef55a1225ebeaa35d18d1f68b645322aec2ccd5c5f2d322cd8ac21aca7f171fe93fa46c3aa26d3ec29894729f2e4d4fba1ebc38f1b804319d01297111170fbe58ecf43
3772de064c3f156090f3338f9e9daa13d4c2398ca53e70bcff351f0f07d23a0784b8c6612ed0a71d202e6c1d0d056f7ac387bad152c218b4dea3ddc42866584f3129bf4384bb81ece0659e3f73cda997026232ddb9a2802fc3b414c54fab716a5bc2b76b2acbf38a0c2e96d8b403acb5d08846c265f727a2
18dee229a23276d3f1d6171ca026e60462bda7701deff111d805f8b1a2762f79c8104e3a6ee02a4a2d58d138842ac78c0b2d25ea01b02355ec78e44137386c5c3f1c4d33d908275ec32c1b0fae9b4b05366ea2eb12b71b91e3d2349054fbbc212b410093d081d6fb3b2e3283fa667dc362f27a1dbbb5c60a
000000000000000000000000000000000000000000000000000000000000000000000000000000000000000000000000000000000000000000000000000000000000000000000000000000000000000000000000000000000000000000000000000000000000000000000000000000000000000000000000
1b64b64cebcad9732b37d4d22f145000a7aeda5f6f04f05e94b4c824e7e8137e1c4826bdfe90b08e37a72681602f2597dcec8681223904f89662449d33f534e1aa145a134821ea6ade8ee10b9fa36ab9fc34e2433daf958f2aa32a149a8e8f3ef641d01e37544da2ea2c4cf277faf95ca16ef821435446e7
06db2e1317f544b278f81f27e0cc371d834256b991edc3013b2955a600f408e1c7a26646eca25296f233cb5f9e2acbbb6bdfa94612c3b9a049d102293f8f2fc016f6b412f5ee50a189053d0c90d3843453c3a0fc344ae4a8dc7d1aa7bfb934e9f6410d0c62a68e1fcf23d1bd5b69ab80915d25b96398e0ee
08a6558d41f257008531947998133a10699bd932482e614aca05e9587b8b141e268748c2c0d2a0ad823a39dd5f0b136e7465f0fca08b4c0094e34b413d5bc19edc21ace15e74740b7101da116b3c617c9057d02658ce3dd1be7712e266be9557bf4293dea0201855eb3ebdf80ea27649208a050f572982e3
20292aeace7d6f105b9f11641deac82a08e31ebc3a1630f1ca0d282103ee0a4e94d2deae0092fe52de691556f533a87f9987b780f1f2327130947c423ab87c828a287952fcce552ad108263cbd685b86f4a1d3bc3eaf3f0c72251d3223783c0e87608cc69e7af297331dcb5b44c5e6b0a15bebe0e29bb0c5
1545328f07742980f2ca20ae1549392d3e1c2cd8bc2d60ceb306e40d05e92b9b49379ddbace189e40503f59fb63f6dc4600e0355b350a553268d29df313dacdfc2564df28f65878e8014d13eb73d10908615108b6f9ec13346f63a56adb92033fc52be3029b239d0570dab460553a00de3216283f78e59ee
143b1e36a9dfefa16c85b1b1f9d81e106e15ec58426be1af5d4cb669e41318ea242b625fca40c12559829fdec00a16530429621eb0be19ddc83ce06c2c5480e2f9e110c38c1256f11987243aa49941c4fc9b614761ece92eb7553695e7b39d21c92298d047bfe48aed1752d63d877e3e520b8fffa2bcef7a
3f6b08973b664a60e8df90a0886ca8118d94fde8872aa0f1a6651a22f77701360d4c7e238b301a03f74b58d94032f73ba496b063832e8d776402cec00b40d4ce5477ea60c2c0e26c3021400a6fcf3d9e9250e2f84a2c7c730bf22cd09d22007d0972451bf43dca26b90a14faf29a9de133cd830f8ff619f9
35667caf77a132a23e7f4775b24c4e045f2ded306923d16ce7372f2aeca42b3ca3e9530bf6738a9ecc72e261d41b2c039b0a32bdc3fc4546d02369a32a7d7157789f2f917fef4f1cd597d702c880ee3724b1103e7cab687b18f63e3a52e4f17a8ec0cc7a1ada84508a3d720015435fa721eb0886000d8e85
12370020d4a930636409bccddb29f7112eb98af2369bb15be1a975227db3214702433f759c13a88843db8656fd2f8c0b2c0040e6c311ccdacb3729700170de381c5ac3d2dd641040d622e5394053a2ba3887d222db5db23a196a23e603df98590223dac97409a5d3151fb2318225f20d01a4a9e0431addad
2be96e6ef1ff6ab358374296984b9d1db2c57d412d2d80abc64feb1d5db0130fd4def79c6da0bb3c88301a9af900e543cf20c77f7372e32009509d74291362a354982a3204acf4369f393700b1ab3f1f462e72bff9d006b4858f1c785ef2a5e98a43bd497259b12653258bf8ba5a0d8031c6c7dfb84ea328
1d18f6a3a8f34e829995c745db613e0f9e31c89d2267908f5f60c6108c4e2b3325a63ce9efd011dc3de9b3ac2235b9d931a9f6e8d1a9fde2648413be3edb98899ab0b1b3c5c46cfe2876cf0258217592d906729c3e22bccdc00c2138daeb4499ab23641ef30d092cad3ff6bb221a4e4f50e3d3cf5a9b5e46
34121f284ff44b72ea9f19bf082f5730e05da842e03902da9082447082c9171914e9d41fda01dbc4fae4fb6a5900811235743a3911d7a19cc14c5c6d069868ace2128f01f67c3b9c982c612932fcfed8591113c94e0c4992737f1e9a28d8ce53e801ea63082650172b2bdc1b4caae29cc11e8ffe49467090
197836b1a8d3e630050f9a270a1f54066876fc63dfd4c118ee7957310a92248d452c9de89760dfcb4d3f0ce33804d124c6accdaed271782667e3aed70fbf49115f62ed00733fb606a18fff307d5a840d440f127541350664bbd83b511c30eff243e1a333a30a2cff68039d4eecff1f4f93cef223f89f2e14
28fb9d2452710760ef069407dc253f08ca168d4ff29c63eae143e4bf5bf31489a976e4b69100cb3848bfe9d2bd0cced06c99fa1b91df6015051531f806267c4b0f3b4f63e5b3fddc0981542e9e626f96bac1f0dbc9951947afe10e9d98bddc638f70f0618ad649a3ba1c4cfb4e4f5610d0313145bd9e8025
39f80620510417427c3ad31789827438833603cd43334078b638d278a523322c38b15ca5eb01e057ebe56544381811a63ddde6f5f1c0059963ed59aa2c21964c312bf5c166c783808d34522d0de4474c1a347216288f77f10f0a02ccf323ac4b14d30a9373f8a1919b18309d47a9ca7be39a2ac6838c4e78
000000000000000000000000000000000000000000000000000000000000000000000000000000000000000000000000000000000000000000000000000000000000000000000000000000000000000000000000000000000000000000000000000000000000000000000000000000000000000000000000
36ad621a9648c9a050fed2ac22519d26f99a5e7483478398303f6abf0a7a00e399f3c9c29901785c563cdd613430bf8bc6dcd83ad03d9f1d191cc8dd3a736937a510ea034160f4105fe11d2a87e69c180068b3c08b25ab4f29e90f84d3b5992b2ba28256b60401062a0d4d72a450c3cf427c66fd74ce0653
030df909d20212b3ea812c50dab59c3a67483fc50d6d7323bdba9d37a51d06ad3d8c5f0107f39c224eeb08c3d115de0a6fbbbe3e91b573ed87f47f9b30efe3ff3b1b6f62c9d2b53001d9553a1eeefb796850f10a6e0718e860f91b2715462b45fbe3311c3a56a0335331a6fb0348f50cc01ca238d5712b26
0d7d121069e034f29107262d5d8f103a1457e27aaab7931f40688d13218a350afb2221cb9912d7f321743dbe6e0e3cb6331a4fba7134d8510e2c45de14c34f320b9b732352c9633771ad5438ab0f21ca2a4c92cf23570e13d2d41137da14e1bd4f3310c114dd341ed2378f219994fb2fe1834e895841ff52
0c40a1fdf7ae8bd35c1b538a194c57298d410f8f7f60d2d8490239474194171e7b3f7fd0c0f3252928716681652ab7fc3e729b3cd2fd79bff9f34fa11dcbf83d6c5599b2eeb863e3393265292495b730d99513df91bede37c776284f743d1d5e01d0d9993c77207f1321b71f227247e3735f2192ee96f8a0
2f7784830be37b118f6df2af496ab61e0a1adf1d9de483f71dee83fe03ed065cbb2f759bde6323f8b7eb5f68690d69c94057c214e3a0751b77c12c92048f60908cfcd7d1ccad268f8e2c0e2e5d366b39e6e0e26f08eb1e8043a03429cded26e63593c72f69d7d293680b671f42e2a6a1c129d79c88f65308
19e75f0a1248bf63eff5a19e27c0e92ad0949efb664972198197a4d69b5830b147950770cad19cb8932bf6a4f225cb379045b63d61d336137ec813fb18ee92ef53ca2f719c9d10dd32980d1181c9e058ea9fd16e02d4dadb57d23855bb0789aa90a2343f3fdadf62de1b46d618b61d13834b9c84063c85f5
1b3200066d20a610bb3a629eb3856002a59d9f727d51820dbcacd22f7db32a00b21c6c38ad70615732dc1d26b239dd8b532237f47359bb1ecba253fa3f12acb9764763c1981a5deb1cce4807d50b31f6a09a8200e9991e8396e72b9816e76fd90613ccfcf5cc68a0d10fbc7a9c4422a702a27bcdb94d4cd3
08fb7ce2abc44222266696177c7f2934040a40b2c30fd396074d9649212a1511dcaf73f22e317c80fa89e87b7720eff205f67c2253f0be17ce888a132a78ebbf66260790fbf6ed1cfc47d415265ddde91e3ab3437b9a90e3ffc43fb0dca771dd7131014ac0a6c21231399949578ba076237d0f7e8aacb3c7
15d574aecb150222ccc0d0e3c2c1b02667bc2b00cf14304450d178d90b57101f5897dce50df0db01ce87b06524253dccda6628a0b2dc59af605637581c7831fed2053ef357dbc9c63e0de40e69f0d3b787c971eb52c13332df1f249b6565eb20f3b119caaf39b538d807fbd2a26e6e7fb32065082ec3bf1a
1d7a865f6dfe0e6137e91cde3694421235ba34641b94b331eda2abf9ee0916d6ab19b8a8af52feb8763c43c3823d0f607e1648eca39d7c6a890c2bda13f065dc5d115c51fe3f09f58ed8733a281e685d57ea91923a2682909b5a38250c04ba9195a11e35d89d830d44247f8b9911a7b5f1ef1dc341a63505
2e4e543829d55a13fa4139a7418c8d19d1d850df06f502c78c6666c630230aff7afdfbc4b171c2f3559569876c338bcf54aef2bbc31805fe1ff0a517387dc005048b4a108b658e6a3ef82e1875f80373c60d9321a855eb3521f927e0fe024334e5a3be002c92eca73c0d8f49525218775048985322d9cb45
200324b1d1389ce3c957d6aa684ea7317f06513ad021833b21eeb11004d33f0d3e38f3e6e16159022ecf98470b07f70cb670355222d80bb139b9169538fee63266bbf4f07f08d91b394ee62f792c0bbe2c167194652147a7760c05d83dd58e525431d6a10e35e6119e10f49132ba5499c24fbe418d6b7660
2b7d0072ce2b6d214b33f7d1f60edb14c40e02c93d7c82b533e83980850b21ad5f368c1d6653322c2951b699a32b489c623e0fb770efdf9fee399ca421021b2d8aefc3518c8079308fc9b9003d7fdb0bfc0531e6227e920fa99937965c7b84b858e1eaea3a7a45a5ac0c92d5838a9c108292cdd3716c9719
2a43eaf0dbca58e1a5479df9744dc3327e5933c8ce5fc2726798aa79784a1e0064eb012568125737769dbf38c81b3b90797bb761c07728f9ab16effc0ae5a61ac1f4530146c80f5f9ef15533c358570f877102e91dd665b17b3d1b02a1bd3a7506d17c089289fe1c3822eb4018ead19ca24af3358f1c664c
1afa6a8db077d221e9b66300fa94ed20d9cffdf1ae219026a46d9f924f9530db348a4c456911693c019e9e0e32383feb1dd576b7f35b56194261bae9243f7e754c0dfb9391dbbd5e2a1284186fc9fa5c321b1040513a8b5ed8422f9d928811d851638f9da15ca38efa05ae8a62dcb275a34ca7f500a5ca9b
0c7e1515734d5220c7e1515734d5220c7e1515734d5220c7e1515734d5220c7e1515734d5220c7e1515734d5220c7e1515734d5220c7e1515734d5221bafc65e011cf741bafc65e011cf741bafc65e011cf741bafc65e011cf741bafc65e011cf741bafc65e011cf741bafc65e011cf741bafc65e011cf74
27303413f333955343d21c16e1d81c3ad01512e029e603c0d199f64c393e222b3a33d4148f10021b8af614c5a336b57eccf91f0a11f7b41a1daba8ea128f37dcfed7695009c65c3c5a5906047cb9d5ac21d9901bb4a365ab805f30df4882bde96562fd087e073de06938058648a9b78210363457cb1b4c82
24346b7e897399f15076d978b6d81a059b0964ff8e0a91420a3579b9aeca16b7324c91c67873a870a1408b797d3ece58198a2ff452fe71d582d50b4505ff06d7f44a5fb1031589072322f7014ed523c95258c3e3afca5e81598b00cf1376d1fd2bc1cd58a30ca491c90d46d95d83844ee2f67cdc17ca87dc
296f9aba08a86fb00119fb5e28d7d53424f36d2a54efd398b2c1d983262e387b0035c287909365762eed76fb2a12e29c3304201030f9fc65d4644b4c3f434fe0282d5861e9d939d1abce880a758d3a6434c051541d834a1b4ce42ba3356b5a32db1042057906b193d021de885ecd47a560e62bac0a7c5f11
3ce69345d1b968603354ed443d0f11022239c169b481a1ff97f867d7aa7b33dd6e3498d37f609370d6b45289ce044e90b201e1f0d14fa035bcfc838f3809de49af528d92025aec7a793a0908d993ba346997c1cb33e9804ff9f01b440372ffea2b3084e473d7af929134c6bcd6ce466060b81029590e8aa7
23cff254f7b65f004d6eeccee5b3b0120e5461388eed13ed29c0952317730c751f8bbd3aab91f79ecc6d9d3f0e2cd2c2071f42dcc2f5974b3a4794193fee87cae1035600cf09ad6c72a16e00bcc91aaa34a8a306edee700a4fbd06ab723b40c9d123b0dfdc686283852eacd1bf9c038e12f670c5f133a7cf
2bb316e13cbe40e11879d2ac68205e25c0d248f912ce809f063642cefcb7008e3ed29488732198bd04fb1e755f1321b2a3de185241f33c9118cc70e11a9674cde56c83b2ca9f3cd7e2aa3a12038c2a4f54ec6072f54236c4690431ed8ca8a06f298115983b83740a8e2778d53251787202e3d088ea3b3536
0bace6d4fdf768e131573fc8edee9509d1ac4765eb6e529a4aa1badfce8134a3076bde55a2423dd0102123530e34bb962d8ea6f7e05de3fef6090697386c7d5ad6afc2a0c05e090931cec427216a48f4841e4145c4adae81da421cc03698bbb432b224e5d275370ef91214cd12e67699834a6b1cb12c7c38
2063870bb6ddc3420292fb91816eff27dea7c891df2110168f5bce2c5b801a9fe6cf7ef60be1712232f31ce1813954923dc96f6ef3aacfc0d4c6f87d1340271954fdbc52549d9035ef23c1300fe9b14a855480e42dab5170d8813c7bc5dcc9e56390af297b2656e9a11cc0351a396120d3eb169737334823
14971806b590bb01673fe41067726709d8d57a4b998a62e702ac5719b1f6057f114e507703f2395b73b3166fa72332351207364b42743511105c893e1d32d64dbe5093e061deaa28276b7e2dbb20523dea8d608b21100e52681223fadc5738751b2280e2e5dab510e51acd8de7e47d9061b13cdb10353357
1f38969df15754434d2a5ec33c543900c751ec725d8e82f06b5f5cb5df000dc71db01c6ff1d03eec10e157169d2f34a0c5260365a3e23d173299d37b39e99735783e5ec0ab54b27fad5f6c2578ce4e072fdef1ca176780cd214808c72c71e349ad509030ba0a8a27ce1036f7f7f976bd23397ba8d9754463
1b6c384dc5b943817227f20fd609092a650d850f20e8b383d76b0f08f088191add13fb78780126c6ad621ce1822521b339bb7ff7f2848d26a2542f4618e61faf4eae151094e4543258b69312e7c4755aac38f21de62a219f065132c7e479c3375c92a4d74756c884fe1abed410502530a225aaa4fe6ef161
2210797b56e5c0d35f645888eebcd73ac726309a13edc0d07a71629bc4493efea3dc1b9610002ed8df149c6ec707fc010e2fb55fd13537f9521281d230a04ea69b3701d0776b0d423bde5a321f49856fc03b9295fe6546b357c1037efe2a621a43617af007e23082c1336671acc51c5dc331f9d80de097f7
37901883db4f2c1076caa581f8e7f916ff22a6a2cb9171ed5a72e9ece1ed050e99058e44f803bb1d1e3c05572a3c0eec6b4906545154f0dc2c780363313063b9ea1412c1f88b100d337dcf08df30f137ad64d153e5a1942d76fc14befe4ad47e7d635fd8f23824c0cf158bcd706cba1d63897713767bd221
3a0d0a3d45bc1a515730d7992deccb115842c95e0ba911804d17ae7a658202cd073e13040b325c9149b12ef59803bc7c251966fed3ebadeda1520e552106e10a5fbad3012fea674456f813341030e6f5d33563656aab1f0472fe10ea3a49538302a2a0c934821035de2209a4092c4048f24c7b4e021035cf
2df059496d59a1613a1c7327d032e00ff67f47c7b929013c18b57d8360042c50648a42261800f70e9d69d717310da1255333dae9c38c7be3a779c9103ebbe9b6b69c1c217ac9da4bd8c6cf277b80e18b72001111255cc29cdb8d0e2b1b6871f798218b7252520a5e8f1025dea8ea8db153a7caa4aa28c545
03e71741a29f214312c0b3e4a560911fea780324d532f0bd76b1b3596e200709d1e4d39aba131567e1b1d8dcef07db877d50d919417bf74a6eca008b346433a5476027620be2f21ded20452c9cbf4a2b06b682cc146968442e800dc3978d936b0be2bc01418f7ba89a3b47c05b8a9bc99264b1560a5ae3ec
3874d03a240223f30bfde8bd14dee5217cd22ec6adc621ec5e9999b7a1291730294c2b10bbc3118d59d7315dac064da726adea6073388d3a4b97746f0f36dbe432a589f29f8d9cb260890c110fbbea09143260e7a7610bb06a35380aa15dcc36eb328d275f880863b9321aaf4fe34f4652b6af5b3bcfcc01
00de80f1fbece3720c5255fae7c39e13d7177b4ea121f14dd7c24c4a21663fd87fb34ffa0b6060dd5a3fb33710391b8d394740e1f0f0997dfd495005165d9aa67ef34d319446384783687a1e13ce6fc6031f4184a3b64f41a1610dabc4db844bf212c6f1ad6d29efd63b865d8ebb54a3e2a057cc3fa327b7
13f8d716cc127ed23330c3f6d832d911b02ed3a8aeb2a17b29aeb927d40819ec06c78843b3311495404a1f725a0b431f243d976ec1370f4997c537ce23e6d882bd628dd0a9ffb762f757613fbd08e1f242d3025789f24737fc5d0c0b615324e751729cba31a78ac18b1634fee6b548c0123c7f5b8970edb5
371906f5c997fb63b47da00e339bd823c51e3d72fd58026564f0f9024aee0ba378f998a364b387d5a984d22af42c17d253aca721e06e1b5b4a2c87002beed292a5a854833b15a755d3837118822495d5493b20ba5351b7bf3cd02d3d49cfe45006722acafe0bbfdc4b07aa16f3c3a821115360202433f203
194d5c3ad2b663d14746a0ecac594c153d56f643e57af1e01b660b60714515e16f1ffc78cf2279bee1a276d6970471fb6960dfd5539a563f65299f1c333e065e037dd722fee890d52bead833c5071421e1e0112ba4512a7a01be06c6f123f6ff5500c897a2267eec160a7387acba2f6181843fe48c0dcd08
0de8d059390b0d938461b83db0008512ab462def78ebc068b3299c8335a43a7190a444c3e3a206685b894149e418b9164b73cf82e2140d145def7a29357bc5d58f7e50321e424778fd6fa3160882db47598863409bbc520ee67f0c4a62df48814a22ded7e5d46bb43838b68d9108e629921df4400bec33b7
088bb2a44d88e14159e336bac4ff3113822b38525921d3c75a010eaf2bfd1ebedc8013f4517328f5545e08700f06c3eb6fcfb8c5c0f3344ab89bbc91054d496034f66ff14ac9663c0b67d50f1d138c9fb7f3835a509a3c94daa211acebc74db28570c17ee0163d39d33c3636f669843b83f68120e19d6810
23d829ec7fc294e02acb7532fa45ee3255bcb5b6df95b0cf2049afaa0b8900b81865e7b46e33ad4f0070e5ba030f1df769e45ccb5272081de8bc869e01789f36a86758013a7a51bcfd35db22cb9644a970a3c2030a2e7b817a632dc6bf2ef79e05e2cb57b921341d6424ad4f35e927a770aeeefaddb81954
3d2707ac9b0318719d542e71b9dbaa3e9e8be75c9dc2d2342d095f7ba6f519dd6926105b2001e4346c487fe70f191fd89eda4dab311a3cb26043c3c70a154c1ec08a9c10731dfd829d931701181173931102e10811316a204e5310e4bfef832b2b4392ccb132ac0acc0ca9f6bd9a633ef3e67d7bc668e115
26fae6bcc2939d8038c32123b136902636312426b9ee71bc181e9b555de015d9c2246d72a2712c34e47cacad2d0a4f697f7ca3cdd18d80c14b3079f10c1b6ac7c92d5cf2e61545d79982b51796c80e5f1d07206aef621e5672813f6bd979d138ef51af1ef6bd39b2483c08d629e4cd63b22e182d56b08268
2ddc4d63196fb413b33e76d39549261c6b2dca2edd5d20eb87da5b44af3115fccbc4991b13c1c0052cd51e8077117734f270baeab227fbd0eba1f0c91c308ac2d81d1bb12f3b9dc5b4f14a244425a509064de155f55538e733852f0749ef5f6e8291eb4598a1a5952f1c36bffa040701a3953223d44cef3a
0fd90250f1808fd33e6f76947c88452926f194bf10dac0b35d2855488f3b1547f20f8643daa1b46765dc5c650a13d23a5f42e121431a6cc7ff59b0fd30bffbe6a0663a132811b7776a64070b4a7ca39c8d1a531b92efa56837e228c3f1864e7e682305e053b021dacd16ca7e4d4281a1e2f0c23d4e793054
0a83b1c61523c21073a71db8c1235839ab826b24b85e51666b59da9b8ce735ca5453248af72385d0c38cb632ac07217104a73ddf925b8126915e04853fda79175ce22e629c38ef3a0770703c3e35a8745428927555a2b2b32b3a1379e2f6260ba60351a1dfa2c3baf9306521fa51fc7a701723392a6826c3
2b1208e4339669329c7220f91e82a91f9eda6fa6ccf5609ea7b6aab967b93a26077307db6bf2f321c5d37a586b194b92a193ea15621ed9b874cbed0b0678bd4b0c956c61e8e1373fcab25d1aa2f824fcb6d970ee6a918dace0923f684f84fb942f2231fe76cbe869fa0208650f6cc009528197835ba5984c
2fbaa3210bba8c40e482251ac32c3a2bb284abed1040d2df19fe8bf0081025f9be57aef6cd62cc6421faba48d82649e5782ab17e203ad528fb51d3ec046ac43be67256808c46e6c0d42ccd03f3bb5acb6aa1c293cf8067a432c2250339e6842daf73917a43092812e304a4c8989fa39f41c1667c4c99d2f1
2f3ad8c0fba2df7120441c03b3d84511e68a18d0bafb1115e9afa5b8524c0717aba415d8ccf260d4e017656b3900fdc3fa743ed0a3f17c17ef3f9c5f20b31f0aca9b3bf08538f53e56be1e30d70e1a71806b70144814fe15ac5f267e65840fdf16f0968cc41ee613aa16e5a22df47056b181967e171d3784
1de3edc69cc14c2208e8b2924845fe3fd4260d3354ffb3911897284a47df31ca821ef6732431d017ca587ecfa03c4b7f268403760098e9f575b752450a516346a4c161c310e5ecf9a1d2960f9d23251f93d172175ed9104620a70e3229be367a1dc2d707126026f4810317b6ddd22926b06c11257ef81f49
325c96d5fdb332a3c5ab3cb10b8ac40cfb29b1abd6a83231cc9524c556281abf06495f8458716aecb3a9f2d4a9214fedf6c01f24c04e99cfadae27380232374dcf8c09939cf4ca1b8517a6165028c0730ce45391e7658baf49a02d7e67819d3b918323e4b2168e408f12953c54bbb17d72f4a7251f1385b3
2b4aa0b89947b7b1086fa062f7a5732df34d67592ca491434a2011c6c565081b55a5c33f89625bc14983bfe9c439d26109532c5e1191ca13ad24b30e31d129c88ae3c7b2ee82ceccc815fc1d9459c928318f015ec0a9c2b091162ea527d3fe952bb081a4283a35b77b3045d783b60c05d1e4d664973ee5b5
020d6f70e9a1e0311d048da4fc45721056df07220a24c0f5c6e4ede891f53faa6fa4355fbe33d92372cb55b61208f95fa2e2904c012db5bffa7d4db3363682316755534173287e78cb39bf19f87dfef227d541dc1d00106b403606b04010807a29f2a1e47d99e841880b1374ec256923a00ed1094cd17895
0f8188dae84ed461324bd673a479af191ecaa0ffa59573700086e70c762035ecb0e7388258c1ab6f4026d538a4383494dc7c3b4fc11cd1d25a98e2fb123a036e1afc99009e1837b08f1775094ef7ace1dab1b3f93b4173c44dc71337c77376f8e612d5b3d635e5685a17bb3e746c869ae394a3af70e7dcf9
0c603954ee29c333d71afbd3da0d34220e7f75bd6a3743cf73415a5a0db82aaa420b4cac16c181782f9925fa4627560409753a7a21ec9785077e18d318d9a364c25dc9304e5a41a7b7aeb902e1338ca1176a51220dad347f251d12220341562e42137c78dac41f862a240a8adf95c4f750644a3c1ff1c88f
295af68f12fd8631a38b0f422b5f15265c6b6dccc70c52e9c072a86132322f2cdb5c6d859493193eaf97836f2c209e7fcc3c759ce22c0d639fad5c470798027576bc0f43f3cdd56b656c793637e0deff5c0ef10ff112efcf67fa076405aafa5c25d05e1a704008eb96268ea35f65144f92c06879b9ded22a
351389202475d6e01ba12594aa315629810bd6b5d85971ee1530592b068b213a185dd8ad7ef0c2440ba09d12f816137b076b5ba5c018c72452a186eb10925b60372b5783e0b2406eaabf29056e861bc2ad6a922e0ba63f5852f4049dea0b9517f8c2d308447e734c1f10033bba621f36037051b41b9b3108
1da7509d424e1813e4a811d1e0497929333623c3204d2380259cf59cb18b39c27aa2c3a3c4826d4a62af829cbd1e9377d7f83d0d835e3cfe2d2fcba02b0004e173bda8f23d186d092362cb0f9b03ddb52999d38d4151cc99682a1db57d61daed3ad28e3617e955129938962cb119c70c33d09432bb943e69
29e0c3cc9d9db4a210c15376fc8b7007f7587eb98c50710f55100be8c221319d22df2f9e05d0e46b9b1be1e8a418f49fdc729c5761ad7ab53b59542534d0b246453765b37508de73d0f0273649805d454aca01610b25c5eefd0d344f407f7a870310a5b0321766579b216af95ca3398970b90366cd7dd273
050b2f6b9e2d74e3705b519f889b5408afcdf4fd34a123bd9d9f42e1d8e437c0ebb53bd415415d86fcdb2d832830bb4072173e66b03ad5cd46aa181a0b66b4f427bdeb60b50e604c31225207449229327a36502ce120afc8e57b0268e756514d98007d2a784b315f863d00d1856c0d78435209532630faac
12e2c5a8fe911273ef5b4e55473d600a55cba81d4b57b2af807583c292e923015c6f0e9e4850dd161f6c2653ef1ac94ce39a6697b39d73be25de625d18cf74cab73cad339ccd1a2b97344a20a8edc5cbc77f21f8fb267051b9db116c0771bbd93260a5af2b034b77fa2a624f15fa4319330a9a1fc793191e
2e17b8202545f4a052ad9d9605cb220317968c4338f992a8bf603d132b2716479fbd5d53cc522d4ccfc5f5cf1703711b77b8752801fc74df1996ae8e2881f1c1d95944b1073bc46ba57fc605aedf719466d491db1e409ad9cde30efe16c6d95c83c3d909afcee3254e18bcd7d3010ddb236fb0296902ae57
196ed2b103a9d522ac04fce19cfb97323e6ae8efeea911c0d8aee27a5c4423cfd4930cec3f609019807fe60d091d54c4b0835d34d3d7f349719be3e51d2fd47ceeceafa2b42078fc87835526b2b1eda318723164a38ddca3fecc0b72040ae820cc0116ef2551a62c270be979ae92d5b721e5016446e7e313
2fd6be96e54be223863e6ee64599071a129659970454a3feb51486e4caf7269504af595e1c71cf3afdfb999e1c32286378341de4d02930d5f2de692916d7058c021f02b2967a47d7935d502f58e77747fe696281eb5cb38fd00a01f38984c2ef1b40013d9e6a8a1d5f1299b28f02ef56421bd0e9952479b8
32c79785471407718ee1c6c8284e5c36660702a5053ca0bda3f1b98d52292d6edd250718baf2c16594e03b6a49244a2d61954576a3552f1d82f84eb12bc5f439e1d817f0fdaebf68febece0934986f5b41b192bda4ba3fbe4ceb2ed47e4cf74cd201e17bd45245b8461c831dd49692e091e71fc9ff2adba9
26f52293f6124fe1652e681268d36b24f54217e14758a21ebe1e3b74b6ab347aabf3aff11e42faa0d173a52af227cbbb7a949d2901239b1aa402e1093c5659c654c1cc8259138098baecc807f7d69c986508619764746d8db1a815a3bfe442a1c41314a09077d478bb2c50d3a3d73e31e2d585cabeb2c14c
3d1d0577f5e1944355318a1d4bd222277cf8c362cddb72020b34851ef85e0e21b97f40c3b1d2aeff628aa25c893547f74eeefba9234053bf7f94e4c4361dec67c5e09ba2452dff5db487a8036a5153f9e2476259a1985a6ebc9e0f02efad92f9ead0c29ff8d6a63aad2ecbe7106239d2f3a8e7b39ad85172
067be23679eacc81302f4bb58919e82bbd61aa41cf524344426a2d0167db11ff3ab31863a103c31d973073819d3b490cff4a1dc3a2da3e2831f069082f0deff7237299b2b01e2317b43bc415b8e924825d6970b035f21beab0653a27e1e8ca3d5cf36d34e007147fe53991e76309ff37732d1d6a75c7425a
1675e3ff37b9d0c0e785890863a3780f38552cef199ae20adf69c501c2df323a5b697b98ee02f9c246bfb9853230aabfbbd8c57e32b76e4952280edc152883c05248af822d27867025073015d7aa7f5439b07281bbcd6d10d8d72f91c61d87c43f11839eedfdd4e14b31611be0d7f155b23bbab52ad31835
3ee41ad27bce1c604c65cd6099df0f0d5473eac351679271bf37c488b5f822d419f4fc7ab3a18ee69202367f063a6c2960d5512072aeb6157350ae2903c9f5feaf6e83e2fd34cfbb80c0da35e3f760cfead9837ddbdd8e2d464b25826a23dbd2e873e16b800c20ee1c192355435edca02267e38b4d38fe46
3b82fb6ddce139c3f6b7b9d4698fd7177ebc5d26e699a368ccbc822661733be47d9100177fc1ba98a80a561ed839d2be3e2e8abbf1fe05542bfd52d32d12955fd598f9d3c9435966fa442d3e3f21b483d3c450e4daabd3a8589f30c9f5e20ce047c1d4af331d6042012eb590a917f21e0188279cf874716e
0b707971ad29c2437007807f5367881b3abf05ecd2d60227cada0ef8796d106240ac2abfe1f2ecf478deb6861f322196e94c108d310e0794f10ca05b2d7e92fa0ebe6670bf3170c6b205263cc6ed0798fbbfd1662a12650bbb463f6692bfd7382e82c738e51b1684ee30991f62a64f48b239e667a96527af
179b96f9ab366410dd8a718598530c0028d9a0b5d026b1b9b4e42dba31c61c3db1a398c0c1c2e74f9f095034ed3a895425752dd8016e9ae2260f9bb23e3e876b0dca348377ec2affa384d80352d5c70c080c32510b94e7a59c691223f8356a226e32d36c61e6e156b62cf42dad9a029a5077430699785948
28e049ba609a8252bfad8e09f17ec302eff3c601199902eb224236ad73e803d6a0191ce7d53120a8d1b6c7c2123d92ca8c3b159cb01f3ebb4664787f2c234296df8b9db3572855fe509b151ae2c3cc82cdb373da8e90a8e10ab918a1879ff146d9624eaa20da2880de34718514bb5fb2b0d788d52c9d4297
21aedc9581145030c1bbcc6fcacaac114198d3ccded0132d0d8017e5ccd70a2e41cdf5822b21f570b0d47741f2068a84c69fba1390514e857487397b2cfbaef90fb5f3d139c94eebf542bf203b9db72a48226311486eb491267c39af7d38c0332fc3c32ead59eba3c43f4fe8f64cc650532c57fb58049e59
1e2a31794cdf2cc3f86a56a319f80200d182472ed6c2f04cc5b229622c9e14d09f9e19994c836f9ad521d643b615a1b743ef67df6068c431c1af490010c91918cf6cf6c0bbcd2ab110d93a165f47182ed0f342041bd120bbb48836702632080a42c1fdaa25eed81e1524cd28a699d06b732e268e93aa9d89
0a9b1fefde1d6d736ef1093c98dbb11f59389647a22c522c6cd3c4cb25e83161dd74d504ae8386b0f3336950c005f160bbc20623937af2db1bbc3b48005b7f189036ced0bc69048d59f6281a486bb53c8b03900b6462fc59d1e50066a9cf82f9fce2f17db8b44b7f3c35bc462f1d0e449141d64b36c2d49c
017cbf57a23065e291423f5a9d6f4c0c4f439fcb597d316dc99747f8131312ba93491ab39763ed5615c19a1b9336f460184fa413a054ee9b5dfe829205f9781c45e737b3c767a1eecea11f081ef8be29343570d2b53a04ac72961531518fc07b7521fb74fa74bec7d51e2b23a08c222710449a7fa4c379d1
0871c76bb2993ba2028966ffa89043170eda7fa132e6a066360ddb5c0b5b17ea59efc54f65838f68a5cfc54bd334745ed8f56c7c21d9831971d4514333c02fcb82e51fb339259a82fdaf990c3d36dbae8df15393743ca4787fe50e2a2bc8149921e2ac5a4a2f70bd9e313fa4abc5dbd011cc741eb58beeef
03a603c81fde356386a8c268983375007ec4f77302ca716d9d1fa2953f66325920c45f285ee0d12bd03489cc01036901227bd9dbf3623d39cd1bab7f1a589c1fc88597705a68090700336536bd52b32762074330cc0ed3be8300313e0b257b83ccc03317cac05354783de96e0edaf77fa25dc3a5ebc45ab9
1cba95c53a624dc2c2c04769139caa3c7a4b141bc48b901319fb335872b12f281f11abac7fc3ce2c9977ad629f23ca37aa995dc391e999a62c317a3121bd4aeb0b9695217dcc2320ea06de2f8998ef9164b521320c7b171f42410f6ff719a7237e4200351ae905e2d53478b7362394a9424d28d260898ad5
024ff8ac50c1ce21fd3ee144d629243641a2c796381c62c778d3ed30d08131a06331c32f0890af58f2f9eae3c2027772429c4ee0a2fe8af3fcf13785171b1f0fddb7a6203b23f87e47f6770b1a7d18465d988039143b9ae826620e692a38f317c971c515022628806106792813882fd7d003c0791e37da2f
1304305339c347501a0495d7285aa4281d1e8c38c1bb1355f2c1a06bf68f28269ae37001d0a09642b22271d3283ac8e881fe1e9832f6eb5480b50b8c01b878e424d930c32d055ecabaaf99139ef77068f023d3dcfb546a0ec6a41aa5f79b53a828416a33a0d1fd0474073fe7621dc948b00ccb63f088ba53
116f8902f4be7eb116c0ae78fdd56235afa5b2f30296e1aee2b67f0ae8573147c0b2f1f543c067447b022e2d690965aea0971c22b323da23dfeaa7fe0bde2c47839045a11c4cc35e2703162274f547312c9880d1905466ddc38d21ca27f41487d410db3aa40a5f974438c428ae4328a642a22ae3eab4e6b1
3a81d3f016b98ff21b22a77e52777115b86c77c8c46521f6b25b9e6517f432277b01614063427b86cc67be6dd209caf97269a4bd2199ea38e93c3eb619996b0014f5862109fb68e8e73c7a02439c4d0c037d301281c0c63109c837e2267c667e49a26dd7e730b3c6af0393a96888cf16b149649deb844588
2118484ba831a520eed33c7d0c8409134d7145a60e8342b6d7c25c9e6a060c5b9dad1da435d03cfee370c527a41e0283721ce2d8304e8db4992e559a00d95ce5a3273f52043f5184bd8b2d12cf2447e7c0d4b2e33a75830193623a60278b33092e00e79944b3514e981f60ebb4e9d3097231c0ca606e00c9
23517129bccaf65382f1e7fe2b15b71bb71aeaa85038737f319271b373e917110bc9d25c027350d330276b7ade2e3dc92b5a293d904ad9aa9ad6e0482841db9c3cd5e0b07f7be0f58fe4b83ed48527af791c537ee202dfdb42933dc45ad9e9787fe082c92b3820741e381702a3ed32eec18a5f1b20c83c5b
3387e2f97f1513e1629f3fa3324d88356be40cf5d5dbc1ee6bf6b54a2b0f1f86a982a0990593caba32160927d73aeaaf6bc6ccec5039270059f211f8132e6ca547bcdec0f1b5fbaa68d40a13820331da0f4160010493c0879dd915d87312326df2834523a5178ee25d266fe11714c6b562f1602a3d6629a3
1a280d65688d1bf1be48bdcb969cd02cd1e565c8b27b8201f4f17e8472620aa377578b188ff13e08a0588ca9601b37bd98e6b67b515e15abef5cf947296c1d148cda90a0fd29bcb949712327019246a45564b32c51b30ea59a6916f008007f9565f316caa99950fceb2d61bd24d3c61cd1392c7dcdc1351b
02d15ece7cb9f393aeef3a1519cfaa0c9511be4483a0c205ac93cd0c11cf3586d546501d4b22dedd5c7f254e09342420a3d5bfe33309b76d14d7282b2538b4ffc97f7db1d4e87cac8f49f7360d77b57ed4c4607dc50104592cf835105bada6b281f3355d3b58ff558e3a76fee2502de563ac2e5e2c6cb4a6
322dbbb31201a7721cb0549cf4acc934f04407e7fa0a53c1420072b30f1238e9e086530fb1d10f2377a6af44c929ae3b1f6f0a4551dcc562f106340218f2ab89155bf2217e9b22abee4b4e007bf8ca41993313a7418aa97f7edb18c44b4ec978f920fb9d24b06114fe18c8c75d2802af72c8ffafaa2fbc4f
2ac9e6c108f62ce0720bb80182b5022e27bd6725321b306902c056a8ad4f17c9206ac203c213551e2b47601233340700db5d6646b1c4fa41a5eaa0230080b1be3c9b26919d691830c4a3f30fbf2c81a9bce0719568df6f04b8f4296793bf29840e90f92042752e50833923449c3f612f0295fdfb8400366f
26dd05f7e61e5681de1ab7575131d90bcb019e17f0baf392ba267961626521ecedd6d3b7a742af6e25c4e472550d0d6fa2b58c8b9221575b6b09faef02b339b51118bd21c0b959423eed3008cf03856688ac505822f66f89ac6d1725b14df09f57b2f2ee4c2661d6211bf2b75cc0922101114c523119ade3
09162a9b70c588610740d46be1a20b222c24c65f9d908157385c7801d15710015da9bc3d840231ce35624b67053743018ab6347c1337518020ea76973af57e7b1e3d3ea19adf90b2defe2d0eca5049d6cc1d72dd5841837e286915192520e6a11fd1f3f7e81debd04e3decd8e17763b3135fe4a62229c2f4
1ae7688d141406a1bac6007dc35b4d36354e60b0434af1244fc0062612062cb6e322bb1f46502493c97d510df101894399ddc517e18d8b186d7c519b378690e8fa79ad516efbdb1d3fa1b8064fb382ce6f01a23a4f4bcafa720732b85f176076f9026d8e8be9c0cabc013d32bac3a16ed11da8e16b004fb7
2a786e2dadaad9e18f15ede72f9c3b0bdf8bd81d903b61940029e07904b733dd40c46418e331f61af1b50c55ca3ec10aa92bbec3319597adeb932f9a0e9230dd429c0e51b3e3d06eafc6b53c3df54975ae61c1c50a69e0e8d37e3de979c923c40463f435cdf6481daf29a9774c7e084200b9e0ba36cbb4fb
358cc210acd681716c2b22e8efaee92fa6a805cf2df510235ad58e01c8f904790dd71bcb53c21819b9d00a3cf71e5125d3bcd6f4029a6d458cd2754d1558947df88e42933fec9ea7eea7d1124b9849c7320a535af9f2cf6cf0ac256065906ea991009d49e2646eb3620c683d2fcfd7d272ea77573bbc2fce
0fb155e1fda607924a43a190a184b52c9e4b6027e48743a74a42b0f43d3e3d346b0819c97032a3ab2c9654bbff287fc73ed8637bc127ddb44ed1ffae297257e5e2db97b10f1281fd0d42271a0e68908f63a1d1518e684993b9af3e8349946e1620d3e39e00e823820d3400210e00aba20131c0325cb31479
0a246d3b38420c219834d0d9e1c14039a7cb02ba1f5b33756271489d45682a0125905faae9e061e9d574295d47226f2a25399b02e0b44f3fb66400fe1c11ab859a2c2d011da9dea814b5953a8be495862ba362d1806354937e423a4fa3bf976e84e0f1423284238c423b2de0cb0c895130e1ef0d780989be
14353bd2297020228dcf6d252ffeef0be5d9d06aac3210a5f5fc166866d81d37f11b75f18b2069e308435993d0297b16712dadefd1a8bea82cf4abf623ae348d31f4d4e0ad2c76279853460c57444750d535024c0c0480ea87001103d81558e0f413fafdb6c98cd0a22501d0f9b7198f22d6e78652856651
218439511674d7c211f2b6d9f4fb7618cd8b955ee7fda3b5dc66e66e13330d47e77d15c79ca3622a1604216c7029f3249035ff7d23f4e19d162b79c106899568ff03cad379568e7750b56d18cf94df37408bc2445bd75dbf9f5d3cb8d723e09fd1f2b5bf8e08f050f10680efac8db3afe109b007eff10602
1f74a4b7c73faac247331237e984591501ed2d6d0340c0414a29c0afb13807449a5de7017c42f6c9b7b28fc59628e3c0da6b08fbc23a42a6549b027a04009fe4d5e9e540429538981f050d31bbba45381ad212f76029b8c822e938841a407c6dc400dc2b24775c252533b63b9926dbfe223e3219a9597380
04eff9ebbe2ede52284577e9511b8017fa8902cd5600c06b291a097667fe217c4649bcbc4c70185e6ca88c4e153c245f52842ab2d1806d81506f1f9b0806c42592ed89600654d304d605c01f5f8bf2b6a1caa25bf67b03d3d6d7061c57caf6f41ce1a0abeda4c1c7e63afec34b29a801831d42363b564ca8
027d8c3a4c714cc181f70b31c9ecea08bad03a59737c80715ae718a65cf408f7f5515c734c72daf866c97a48fa282791601bd898f0cdf3328bcd9d610cb5fbff53cf84631b648b78dd421807b55fb343520510687bea70063b4e0ccd2e3905c32ca3c2c07fae4a3a812ff6a0aaa9f62d52a3963464d80b50
213b9f79d33b29e0d2bf2c926d58f8050a3b92741bf3c2b06da3c971eac50f55c000ad9b25938b66c09adce54911267d66ca65b0e09043c9189e347e2277d266c5d43911c1ecdffc5567962424a9dfa8bd1a6081e7dd297945fd3dca9dbfb65f9060ad041acd75b94a04b67f618d1dfeb1a0417a0be68df2
10b7c55ce7f9057362bc0ff0c2972a06b61236e8f36a72413e16e6a3601b07354c3e54ae77f39665f049b373e226d5c89bf4b0754016aa435f774fd02b65c34a28a7c001923c5fa5efd66237f885f898588d81c4b665f502b0fe22e8f8f50fe57a025fc443c2aa15e92cf0ced5a15b1de0e99cc2b70d9e11
28f4665b14073be1c62d20fc5a657102ba84513b1e0b9365e9955a1c4f743b6edff8dfb84db10c90e2aa453fe53cafd7749870b55129eeab989b0fda1c858585b21038737e417742a3a3cb13402d0f24c83310dfbd0b11cdf9ce1094fddddab1a553674c76ceb6f31b18c2ee0c5d15ec62bfbfa8088c19e0
008315934f00b253097859b65ea7a420a44529d341b5731064b5c6a344253912362cf7c60dd28d49e3cf1d55462d40cc109e6991a26e479fb2eab32c2d5bb4c61687c7617948178c3296073686c1aefdba56c048a78e23f5d6a313a5bdc59338a4e0e6bc40e1fd2b9434ff8062becf98733eb371e2cdfebe
17e60f8bd14949c18d74c4e58491312ad633d46c828b90f1f31c8749a62739bd5880b5ba8e02cc8f52a903ab682f5834a437c1e8a3724f2a99550f143157020942b39313e874b835496c2c359d513afdb058f08254f1df3087042ae9b9456172f0407d321176a1f90a109e47dae0916db3a58c1d91dd3c07
28a27be3b59e7fa3af984352a929f6170891792a41b1323eda66a6a4a50e2ad304ff2449d561113db402e72d900e9d4d17ffed048397c04af4c06b071420e63c090739e01a6af31d71b1f21ba2f064576b54a0ff5a369dda2ae81d52d77c7790bca3f08c39fe94021401febb2325d8d3b3462bfb26b29f9e
3e04afd6fc1fb8d007c00d4d6da78839d7cc1ced7d1291b4715cbe957e182d0cb286634a53e10a9a82f5c77158212d390869804d31e8d08f5281dcd337e3c528d6ae6693ba6cfc0ee8c2a6361490050b10a490e3066adef41f7f01304c3275b404c232a62120fd0cd023e991e1b72c8e40f973d4f79eb472
0d1d663044649c53da68b2c3b2c3d305e482d3899c6ab0e4e9b829a5ffe232a0a88f9d7e17c0a464578829c5e40d18cd03975317b08c2ba882e2d7f129675d6ca0988ad203b09a3ca8994a3e3cad1ee4b54f51c742969e1206e433f1c8bc56eae0a15c1462b53680da15958280235e5110ec84b1fce87917
293505f618e0b2f293505f618e0b2f396efdda035391d396efdda035391d21836d8f11b73b221836d8f11b73b22b2b38843c4444c2b2b38843c4444c295083de29b63df295083de29b63df048c1a928e3f2b5048c1a928e3f2b512af323f5877ad912af323f5877ad913fc01ba9b1761513fc01ba9b17615
36846c230320928242b73691306b262d680856bdc41a43787a0abc7a4d760445bd9376abe4c1cabc802ab0143406f1990df94954e2a831d57ed054ba37c0ca4ae41571e15d31a0293de55a2afa376c3f5ea690cd4eee6260282116ca46ccc09a87f141181cd9dcb050045d13f4b2d142c2d8ba6dc3636183
11b5a6af3e025f306e4af2576b60fd0039f52d08a1a1c02167ab62d9ea4b31d08f4e0bdff893f92a00b582871317e256ad1c7d7802273231adb8bd2b08ba7940741960b2262d94da3a1faa3e51b53d22841321242b100295010036990f04f12039c0133eb4afea6e8933c4f6c1923d4c119af1e7401b8560
3a70f9700dc1feb39cd5100624f5e7231e62d5c9be32717028216ec7ab2510597d9d79d07a7030b740274fc1941922b4c05ae6bb32ddebb9885e9c630f4f85333b8a4dd0bb9e442ce0f6233ca970259d2b64035e325485d9ce5e1d227ab8a48522a2e2c9664e28cd44315bc96acfdd9a43d8e2bd083136b8
07cfe836dd6a6571407b5fbd2a8e3b154c2d5c902d2b3215e3f9407f9f72328d5b5fc323b410181631151851a90bde3f3a467be7d2b3862bc0cc35760f41695de214a3b32bcdd18378d92c1f8440053ba60e718b233e0dc2527234b561d81551e3d2f1e22c3630a9af15b0212983f3c6a0f47c3f1fe45c31
29f01ba6a32bb17351188db6a724fb2e827444b552fc9285b09b0658f80413b64315b16bfd230bce2bf5e853d330c588dd60fe3e0253a1f2ffffa6c42149f4954b57d9005c48cfd6696aaa1f7dce9bc871da83181745255add2a05550e868f80329025a538a8dd14660c3c1edfed1fe5636f669502834ecb
2f0222c603a45e420d93170aacdd8a1d2530a9e8af6392fdd491bf75a952002f11e92bc70f126d3dd9451c164635c6b2919c07d300c335930fcd36d93f7fe366eb703da12aee02efa415c632538e7fa4fb9763dc21e23961487d2252245dfe81c061bc4be31888da403d0f655624becab13ed31b75ce1ac5
12ca536bf557771057ff0a4f9cc19935619c0a9c797520a7f0126e903af40c318c184fedb3506deaeb3ddc0422202542960c9db8c2080b672b21bf80319da64b1075fd40d9a0ddd0eedb3e0cba97f85c461c72fed7c91411d0203a8a90158059de2170a9e42d96aea51873d440622a2d9251b119414e489a
0a15f625aa4df5f23d50aa836bcfff3080e45aa6453293a5d8a497e290523e0cf38a9e62fa420da087804c968f0ab4b06fc54f22429808019cfcc49e3a280930c3fb281222d3fa665e8391320ac477e9f7566215c8570e7e52d92744ae62ea748a52e147d130e3232b18d017a137756781596a0014a98189
019cad7397bf36130883b65c830e183fa53e0351c59d91e384301e98982f36bcec003019878131ff7dd81b61f134d20c5f2e14acd27412899129bb3635ad2bdf28173dd285cbe96ab1d1802a0f8557a80c7fc19fe68c7187d74c3e1434ad5697b3507c1c6e29dd145b26376a65d2a3854016e4059c56f43d
0ba80962d2802a031c90b08373209b16812edaf22456e25e32912e85a4631094271bed657ea1f59da8adbcdd682e3897a3cae7e0d384a6ef19b6dc700bc9bc812ae814825ee173dc15fa3f3ec6e05dc22fcea39bf72cdb47a17e39555f4fe4bb62a39833a143c9fb741d2981f70740c9e01ab0c1a03cea07
1e7a19a78510a1d0d364caa1f885e119486700ed281670bcc7dcc10812bb13694537b4df9e33a1752b0953918d01b32a112c6695332cbc2347a37e452a64cd3b7b55e502a3e0a5a93e53fe1cb3a19f168a69b30fcd64fab07d9f0e2c7a5ee66c77e374245a464225281a8b168531f2b120b7c179d63264a2
1edc2301bf8fd6226a76637f5ed1c13bce3f103d9529e3600e6af127e6b0341cda51f52a5d91a8a6693d04374e2dfabb4d63c7c7a16dc1b352dfcde20473158cc6b17971505d6b5c301a2f033c779dd1dcb95118a9aa81b463bb36ce95977d2a47921ba4c37788a4bf18e675f9948d66213687a5de579d57
26e5913a5616a1b1e80b70e7eebd7d1b7fef0bddbed27324eca523c71f571dd7f595b0c1f4601b157ecb861d5f28637ab6f461b592e1dd92b307d6b7316e982084c793d207b5ff97d9b0a3021d59e094919691c4dfdc15f835212ade73826ea0de51ae70bcc4c6f4352c668d6a40cee1538ec5b34b248331
2f24a3bad88efac2a2844ddcaf707f37c5769875ad34a15ee4e12d6ae9e73337471c0d584d111d1ffc5ad2a63c18147a540c6e0172749792e7ca32761daf05b157fccac1436c17f778e3bf1825edd7e3fdfba25d7171be62ed1217e5cc2e3e0dcbd1bb38fc04b91ec43ac3d915883618e054fc28ac1f6954
1a013072f5df42512a42632f30cb4323f4cdc68efaffc1239d0d22148aca061d283ede9ec2a2b7c45e163ee889086bb46be64a44d2338c94d5bc20fa1465e62e30e14940d88d865b8bd9f5366efe855187fae112d63f8d1d620a0cbf98d2fc9ba91315be1fe9ca89723e4cd85415a271527a8874ddfc1fc6
22664f898aee61c1752f0d7ec2c88a396b1762da390b2214c404d635134f13bd89de292e994382d6ee13e69735287e214583d0adc3e756287230be8327cc258046e06bd0c23cf8844c8af015758b3912362e51163a85bf04214e2cc4ad35fc6fd0536cf9be611d6efe09c908ec75534a639101d40f005672
07da8ca44f21ada31c51dada85806a3b467f5a8a1eacc02383e2a2d6ec7c045626befe8ed0b02d53271ca7a2120dcf7ef8fcdbc2c275b5c0f00597d3233f1cab2610fd2068d5087e62da9a13bce07af6bee01259816f9fe4bc822b135bcca1c97620da7678fa6da2d4205c66c3583671623789600c367709
0e3eda1abef41253712b81b17d3f8c357fd8c505cbdf31f3116f3af728712a1b10038594ab53bea7ff8496e455174e481ee0d307415c855baa2cb0653b0ec70b0a0b25330ce9740d72bc040aa3daa101fe58810b6fb03007860506f86da65dde63a0c8ab88b5f1e6ee2d42e7d0b548005276069c7b69391d
290476a548857692be14c699e11d9e382777d48c5f18d2188ca493653c240f83479b2ee656c054bf1c7c24f13a04a7afe4cf59cd71beda73c7fbe8fd19d427cc5b23e6e0292a3c3bfa03732b6c2467d1c6b70350838345d699cf3c4747b43c8bb8e1ff1e2bd2daa7a826ee2dc1f11625b09f5fdad49d39e2
20229dabac55b6a29c1a896b06743e104a617a6959bd626e99c7a0da438d18fd5aab8a59655203eed036a227853e742f12294938b02313e5396132ac21e756d92b24c6a0413253a855848e3ae3b121c7d17a8144933dda2bdb7e0e98c44fceab97f298413525917714137a1dc92dbeb8c1a926f75c23688f
36c61ebd22a51550363a9d64caaef03b90f46b7e681403ba0b7d01445e2a2b615c1821c4e092340c8dcea0ec4c130c7f1af7b83fc3aae5791f09c6340cbd1974d2775f8326437424b93f981c7c51a9c259d68259494d9dc213793a33fdcbd5495c00023163fd7d545400eff8edcd8d7c020c4b0035cc3e46
176d276d727893e2fe7daeb9b0292f36a2a30c434de113d4074312425c91278e9474ae4a1fd387ec195ccafa9b3669c18f18736e20b679179fbd3e683cb8600720289ab245d64fa816a51f3f96fc8bbb4d8ce0999e97567e0512149bea39d367848280f0e178e57c07124c65184abdba7356c36517d32786
082253499ffc04c11ab4fe34d6d50924430f0d081567e1d1a041f7dc31eb3f911bfc63bb8eb142540af58fab3c20d34fdab2676c4079c0645869476d23a68b9684023ea2602419c74d1c0e19fd05f5f26ca402a0fd346316a5fe1e4d2a2056295a50ec98c2fddb67b1020f644fcf116632e78d02854dd707
3f525b0a01f9c9c1cf33dbb144cc6f24e629d84ba0a84295784b541f48cb3022a76f670ecaf3253c0e310ec12b005f122f2a1164207890ba0272dbf70aaf1e24a14e6d3190b1edd54217fc3e10fa5926c77221df641fc63ff6093ef6c08bc61756d305e7b1d2819e73177d8657d60fb6a120c75010378dbf
389a2577f32f3693606f9e712cefea35cca363e98d06439cbba37ff1e7b01742e283c63675119e269df4ccff730cb99a7a3ac363e226b9d0969c5b7529521ee3df02ba42974dde27d252803eb5736a63657f22b4ed5316e9bee92a4a01b173b888624743ab7898cc313320000a38b10e7257d70ac6d4ab11
0fb782aa0931c342fb3833c1145f8123b65c9572fc7163ab0a6911ecf1d73318b0d9708d1dd12e3463a8b5d1be0ccdca08b9a6cc91abd31520839c073a2de5c7f3578402edc245c99ea9712431444c0844a310b3237b1730d62c1a0237d8210e09d31c6de687d8f048187363933d057652305709f9fb7c41
0309df8534883ac0738826c7eab1ec155308e473353e32adb91ff73541f2079bf3825129d7a39be602a8c14bf20f4c6357fbdd5773908e13597dbe5230b77d7c9efeb1c3de341866f0bbeb21018fab76d542c1dc150a9b501ea52e4f9c3cd26ecd31fd8a684cb429283ddf120eb3156710fecb1804c05502
1a22b0c8c56263e30451220e26ae051abb4c7ffad0dc31b67d764509df7a17cac5c38e846c31fb895b10a31886254d1eb9983531e25e4bc60b92aa45014034ca52486073db58f6d675392e0c3f68ccc4657542ee342c5f0a16131b0ebdd98bbb5602488b5a7a8be40529a174e1c310b0d3e851d39829d076
2a2fb64d28bd6410d29d7204586d5a0727e574c91f96f367b344aa024ffd0fe468c29b865b006e424e2e7ec5f43f4d8d979749005100094b8486b71b2aa95826eb3763e128e3aa98a729921171b057fa1f7fb38bad0211a3326b0a58676817c71e8086b40715bdac08356f9c26c03d9e339bb751a18fb6e7
140a5e509bd1df413a0da65cfc0f1c3a229a67b8e30dc2c34e049a5d68b030c2a6eb9bf79573469a968ad361c82372c4a48fedb423ccf180a4c4e34f0b1da5018fb75430a106c8d856885c3103ae65a23a5803c2bf3e722d9547379e696b10589e72902f0565729b5d3e19776142740ae39d998b9d4939a6
0f38e01975e20c721687c1b9e293c920867cacc6475ac06f85271cbe17e817ca2c6304b4f3f28233f3cdebcc0a04cccf6c2adeb221eef905a6e79b953f6c41e3b606e241489246804f4a863452d1c58ce1cf91a10701ac7e50f0267e6030396fd372e9688e31a88bb02e6f574a8fe040e3e81b6704b78cef
1434d42b33871cb00465610c19082a32675a4c6137c36010e61074c584b41775300000b50233a6a1aa01a4edb62117d3b348c9356201b044a96a72e00af601c54686f6f265f268ac3855e439eb612b092801d37ebb65f9f7b19d3d7a0902dcb89b102090bd04210b4b0ec41f1e96098770aa4fb48669418a
1cc79e060f4b5f623d159e4e17bdcd1a8196bec3940bf350e0491912a43b0fcc6ea3e4747bd0e544afa9dc93cc0fd40ca0382b6740b09afb2b014aed11874d1c35c8f782cb26ec6344d1942ab74a475c21e5a1f4929314c27e7726ad7297324be9a11ed3dfbe1f34521458f302d5c451e12ceb8b985834ce
05b8be01cc9466e3ec69983b235c12157229e432dbe9327621deed9958a828886ea7d3b20000e0c5f213534bf302db366f2dc9f930ebf827af83b40c3bb8b245e5d65522169ce433c7b5b10fada5ac7d3d1df3b30d8b4b716a1f05ccccb98d09ddd2f7e74fb0a93d1e10eb9375bc83a8713834f294b3764f
15e57527860af5115648466a8cdc2b05b02651932648119215c52aab721f132382d6ec0199c2ac089c292a8b58092d8080b40f59209ab5ed6f4313b403dc494c86ad5e50024d2ab7bef69d3656459ff4b428e3c6e62265b109982960c361a366b4a0b3de36c497f41939fb812cf52231f2f3a9495193efb2
278bd61c2d66e3b03a790109c985591753a750b29ced3230108bb35d7082088ea05c595112138c6baf2b00c1011a717681d645fa53c460d1a1d811580df184cbed11d740079d43fae4890e26adf06b28fdee12ce5514ad97b87d29534a03c7424ec18af4bdf5323753284e8eedd1735f7334e550bf021d4f
2ec821f3b4f1342332f5b2956ec59f1544fb625a2fdc9344b7b28da4297b185941c34f8886018882b173de43682204150cf4da008387fdcaee036c7824bab45bba81cba1c901f3fcf53b731214bc420cda5662efa17fe33f56ce227b3e62cd3f43f05439e94ffc67243262a8bd2bda377132c81aba896fb1
0dcde6249367e360bff14ec820c5612cb5bdd413107b01bfd63f49a1852f148299b31d6674021c557eb8fb7e9339ffb78813ac4ae3c45d226760bb8725bf767c28e909923abe0acca897301512949ff1fd8b7252aa52e2c4f93b035280c0afeb988303e7d48981f0230a8d7f12e576cf32b87b72d855d8ce
076844e49a574322b3255d00ee9bf70f0783d4f0663c63bbbc2b4fa73a682816768a4ad6324249ff326ec85c2628809b3e69dffd9139052f579ccfc617f644dee4f5e653cbd900811694811595925523b41e916ab1015722842b3c717777580772428b44dbae3df3a31fc2a46808416a332dd817589fae35
0f5370da369e11c3dc8359f022d60032fc4d5e64e3a18058872b2bff3e372d6cd77d154e4fb12b7eb15624aef90c65f4e37f100681e4bded67a294e038761f354a0a9e5239b2f3427637f5289ec4d223102cc06bd41194dd92792d8006fa2bb24a3134b3778a75bdea1f31ddbb1a5b17412de6fa08bd09ca
13a4608ce67e0f12899b070b2829f41368805e782dcff0d38408bbf31c130955195d6f674371b140c7a777f19a0e68df95d4a7ebe2341a152ce4a30720929cd732e91931a1fd733976696f0793e765d5ddcf21314cd9da619aac278abac926cae64193c82a3d0fb989243560609af84f12213cab594e3059
2c2aac6dcbf59ac173b29adb039fb90d432da882cba953818d5b1a63a40b139250e4c9206843b2936e6af2861e0670aaf95b7bfa80f7f2088c599dab2f8e5c04880bdc930c2b8efd30c8c010b55099ab7f80303e60fdd0ccd2d80827b3c9a78fe133bca1e592de84bc2756a86f76823a21c707e2e6258b9d
2c2c44fee39b30e210f016cfbf4efc22bf80c751adc03066425cb5dc1b043c8843a18983c2b2292b5f373da8763b2ed63ae5d80581b54919b426792c0914e8353699a202780b471119009d25b89c8881c40143dda05abd97baab06b37724299fb342665681beb9706828f6939810c912b357acf4a3ec2c6c
2126da8bf5be81e0818b8d72e90e140a53cbd3181e04839212f86338fc522f6ccd3db8442e10dde237fb2342b912ba445b5a3b9ca34aeffe87278f290a31a5abb6fd66326f325caf2e8b8028433c338b34fe03134a71002a638e2981a3caabc55e43ac6edebedd11ef19c77f025bb7ff411d2298a96a2096
1b59394704606881bfb982cb4ceae51145918f0ab4bba027a94aba6ccaf8205dc351e23b3c2171b67f72b5e4ad1907750985f03632ff40579f660f980f9da707e563bbd2b78eb262d5a89e17956f59bce2413003486f508c877e0597fca40ec94e305a1009135e313f1c49aad027e2379155150e5c04e0c0
1e8926d412de96b349088e1edaf6302ef6b3670173d921c8074ed1533a8f2b2967d98ea99b63d980cfa11f34f51f26781d9ad94a9209e852d0b796b82eacf16fae3fdbf1997a909692e0500ce4b54cd1b570205bfb025dfbd1963dd585532ff709b21f228ed4aaea912958c539ca1b14627620a6d879e948
0615121718dda943cd22a6c3977a0c35a1ba20fe88da10ecb37c361983d628ee16281f029852bb11afe9ee09761766781eace6a4834eb537b6b4559314e69862ddf2fa8275b70840934e051e4fc0ccc10d99324c89563cdf29343f80bfa4b059e3d281a068ec0695273eb77f01b70c4951a88e9337f44bc7
168e758f4e902aa322b91f8b5b164511570a98e4ae2260c1ded3396eb9c22b76e40e96c87db184497b9350d01f17c6fd9eb68d81718d1b8f03812a0f29af3266e21e7352f1b8ca3cf37b322c923a8b835368d00715910fa9f46915291c88284d98d2b3c7ffd7cc75b4193998a5616cc48368dfbb332068c1
3d27e1561d3e056076fc4189701f271b13d0528b66759391cf0c0b6fa701348f9c1290b14ec084668581c27018199e9da1214c9d817cbe0ea42df08c25f517421a710693623ef1229b38f828700f19e3cb7841c74a794ccc386d2fc471c606c3fcb06bee2b3067b22a0dd4d173a0b93f015020621dece7f4
05809fb421770373ad2d857c39aa0627a7f2553970161094a00a3001e1ba3cedf5a536e46f81344ddde3a79082018728c0416d35332c248ac00b00a60c1911f4dbba872332c2bb4932fb9535a06cb15c9b1553bca033fd0c44e629e74a603b776863b965699697680e0652e5308d77dfc289eddf15d609aa
03a3686ac57f8322ffebd7f93db2dc22ad2f3812a9165126f826e406d4b90ce557faa5722a81967f9197da5aa92d3d6906a38ef8c384730c2d56efb0084e85fb433c734159ed50c2d1102511d5e855f8a55dc090ecb582af39680becb663a9331a003a420f106c4f521cb72f7577e71383fb39a76c722757
252d42dd553e6570cd77d9a0071fca040e51fcd69aea112dbfff99ae199e0d98006b9633c65057cfad186edeab33b28cc50c44d2110bd87f4c54925c0babcfe4e77700c150d7e67224346937e77c7fdce6e311415dd62c67786b179c631370457a50982a97a8c6f7eb169d6e5984c3a1a2fa5a12fdaaeae5
18735e28242f9df0d357bdfda79d4c3bb4395150a0793031492b09e03bd92808dbc7c98fd5d37721c2dad6a56c1626caa635ae69e3bd4b8fc572bad4102a180f1a1722f13334b79e9d7f680a9866f1b0b8cfc39435e4da0803e90daaefae771ba8708006457482f3e43506ad47e9e9338119a02cdcc8e818
013e8aa3444ec093891a0eabed91131a2ffa00bd648d40caa6aca8fabb61169bb26c222ab78090573fce8a69a309628f1bd8b6cce351796c9b4bcf9e0c890ef6ae1588f0bd0358b2c0f16722d49a7c91ff3cc3d8a2761f8f4a310ecd9c6c6653e291bbbf0632341bf12e9fcd5b7b71291385d20bf471ea7a
3bc3818835b9dbb14bdb39e8d70a2c25621b961343ffc3ee20f755a7502a20403e4fbb7871201b290a30c415231cad9ca2e8b4293337fa130e53da2d2bfb0fdcb55dda12bd9a7a36d6e0c70f878ab436d1de22a32ae31d7922c6224d89064962d721d7abce77c35ae40d2723cecfd44423f71a775abdf9dd
370c4ae3e6d4d4f2dd0a75eb6c02fc315cf89b8bc3a563047b536aa3de7f0617f333c255c7c14c21e71b836a11123a22391d3f20b2fbd8ce778ae7f412a0962e7d5c8ce13edfd06aa89ebf30d71fc41d9a8dc3790ac398058069244143b66007ccf35848bc080f08f91b4aea3181d007e071ed40b8ec1c35
161fa9dda5360c71bd0c0ba8323d4511e5285b1f17f3d1e0fb749778b9d809002966c39c0d231c05eba3718b0a364a6d8b07e1d0e172debc04b66a8120ed5930861ca7c11732a99067f4370904f74a3775d5e2f536d86dbb629d376936601a5cbdf221fb2f5b41796b03c26d99368f6683218933e1564765
24bff6d1a4fd89f39cf751d63a3dd80959533f4a9ad220dff622363741db399b6d52624767f0246cb899af35fe230c297e6254c9d0a45e38fe4986ad0df4851c816207011c1dfe762e78aa01418b035407a8c010762588f437f42507e5507e07d9937d0175e44110d61f50abc3213c54e360c49ba19ef826
26c0e12bc0a438912254a63f88fea13124263add8db0a1df90ededb1a6411d1f6c2005e7b741718b27bc60a2530e47dfea2a227c706c0797cf458f46243a3d4babc571112883688d5200ad043994a811b1903385ef2013dcd36117857172d7c58d60909f06acebd960283a2af96f0e70f30fe4fde5b7c702
109b9ac7316726e1f0ceb3c0df47fb0386576aa4beb9a2cfaaac26ab280d2da2ce96b9f53e90efd0bfaf0803250b0b56be259ea0929f2ec3695fcda4174a404f95283e23c742a6f083f4f12a6ad4553b50bed197d80b442b0d551812783d85ccc9908c29424c24f61e2e9956f697928c027ce21ab65c362b
2fe9ba4922c72cf0791866ac114410165f19a192e4b922b8942c77017bbe1650394e9a4c5f826c506d6ce13b1529622a357b1d874027b7bc06ce26471686a92e7081abf0578f21b2363bee25c409d1fb8ac2a2e7aaa81d419d480e080f9ed7357fe19cde74331187862ec9d8c5354bac61a7a66dde3d46bd
389e63cb3f6fde22816ae3c71e0c020b670d01de0c75234138ba35a3bf4f29ce7e63e2246610e89a71ca7f4663164e7ddd0acac842558d8ddf9feb0a321e5bcf17ce3c026f76037628c03131c82bbd721a6a2208da1843db3bd01fda66d7ca2dc8d137389dd3a39d220a05003d0d9445930c2d897ca2c099
024368eccba45a722d3ae821ac554732808b1de34bc313bcb47966b572700394f17b65111f62b70c47b948180426728eeec9b74e63862318f1ca04030288c6bc339e5b01ebcfa3ea586a4c099fe832089fc623c290e4e2d71b2a3e1b00c778623292212da8532ff5902215be87dc3d48403e5d50b5d168ec
127d77a4fb097c711ce9db5cccb8401ab20b3e8069c630b4bf8d96b9ddf40429b71f0ff7ab7312e724a2d8fd933bc1e2a72ed340d284029840d7f3b31e689f3d3a7184c39a3f21749eddd02d2b9ceb846112d31b7cd17570fce1258672d78ae541c049434aa8508a0110f819e615851b70b7e3495f232f55
2a307ea2a62ee490bc14e61f69140521f579c4342666e056b85fb29e5c3f1cd70a8b2bacab62d960bda820d9f423f993834bfd1f62f2e26f289b842c1cf2e5a30c387ca244dc89acde1fc53e09173b9220e9f25dc2839233247137cb6a284645dac3b71f69dfa85d8c27b7dce44d0d2860b9ce6f94e73482
08086687f8696042473d51f78248921e069a16555cd7a14dc7c463b3f0753d9d5e8826f391c136a9a4c244a34419c07bb2d345deb0442a2d8b84effd1416c851fa15e191e198c9f0d20d600b186c9289c1054088bd8b56e269f3131c5a3e79ef1c415ddf3737341ab9059374766bb8dea228718ee1a6e957
04b951d473a445611ea85996dad27301f6ba89c1236f117247f1810e5a373da4f53597721f81b5132ffe592b18037facb4fc2a2f806d423f77edd8d724e62e88e44cdf81d4ef5ab2de075302b442625b6280b123379ba6959d5d2df0d42f0b3596931730e1002697a6080d3b56c5db6e30a09dba4416763b
2c96c1a99926fc10f26a78beef89c71921d226810f4f4089b5247aab73bb22ce4d70a64339c1aa2310c143dfa0023473e50f85f161cd9e81de644d3c2fc53bbe6279d4a1c2a226224a52632dde4e87c60bd613c55511552660b5303b0496479837a28395f0645aa00308601208d2abecb2530b713aa68095
2c9eb9cfeab90d10cbfced644aa0c731e48f57dc03aa80271fe6a37bd5080471388f85294483f05deb7b58d4693ca4fa9bd9ba71b09a5db589f67722147e98336f6a8a9135adae417d926a11bc2ec91c751e106ee91fe4d79548357a83e45bcc74d05378f6ef267e1c26952eeee7f7a6b19b83001d0e9e84
0842331735da0b83ae490604ec193e021a6e6b8c73c1036bbd9a94c152213e50924ebebfa9438daba7326eb15a2b5f6a8fc215a103f94fad9fb151cc374e278210d8e911f6b77fb03862cc0462b4dee5fe41829548d92762ecce1c149fa8e556d1217623f28983f4472c3c5aed5bcca751b1ecfc43ebc780
083f9d040143fdf30f9a845ef59e4c3fef15b8077b7a71c447d38347108a3dbe712bd7a251722a3c6b8b5ea9ac258bc47846f1f460fc5ccd0a8de94039e93ab40e3c25709c7b349e970f7839b4d928af22d5825463e07ad2ae1d21f2291df36d86c3f9aa083e64acea19ea63df64a686b3a346547d730789
07cd72dfd97498f0936d39356d05fb2fc1ec5559640c32bef479aaad261a3bb3327f3d76d2d00d8a61e972512c3557582614ad97d029f9948ed7963809fe1281160b20e31dc319f1b4aaec0c88eeb491716a918cc34a5946faaf2a4d8c733fe62141b36b7075386ca81b8496a12a81dac32bbca1145d541a
275d5ee327507190ca1f730fe16e403b87c9b57d1e1f93b572d134c1e1d8224d356b97bbfbb26da70dec3feeae0306749a02385c026750395d8ff6ab39bfd6b79cd1bdc297da27f4c1b0741491b6876c9bbfa31026651293e0821551da133284e7321ac1e0d09408e228a6b904a0da0ce3a531ff7b1ca43e
0db69fedf62a6c80b34a2535251e4826ffea564eb82082e95efb2a4471ff03bc2bc2b1bbd741e0544801202f1c26fd5c77447b40817a8ba32a3a136f0cd71fdc0366ffb0178a86809ad7a33b7497f1e66e5dd0290bbbd4afcdc823498b05bae5e2835b664e6db7b4f129afec1ec4267fb008e01e238afcd4
367c16e11b1d327102d843a96bb50409cc8c28fbe0403323691b962b5f091685485b4bef3ab177689a0a8ebccf1d85c4ecb0b2f1012a74ea3a823f523476a612c3ba66238a316f7cbb49fd05b310da261f46f282e0cfdae54406189f5e8e6c569012c9880e46a0a98405b2c1862edb494390c9d54fd56e9c
120cc31639a920407f520d2397120c03faf1ae453329a1eba3dfb6aab6a0215091ed8e04b8c3ef8a00123849e5065287156a70f142d000ed9254bc3527ee9506613834f15cd229d7b163b71d3e45780a385cb101f637378659e008fe819b82ec52d17710c427831ed03344b6982e38673119959be6526831
10d9c290df999963acaedcb32ef46515248bd0153fe93326c76f53cbed4120b14a5a18943fb22b97896d93c8660099a9cc3294149307ef239bd2fc8521992a0f2933d0f0ad7770508d865d37feba92f6b8e6e12ee6ffe5ec745309385d72594abec37ea0e66eb93f96339500b31546e2f0e44d7cbb84f58c
3aea369175b7edf1050d635e6818a31c50b23c0a3521528fd3692baba90e2675c503dcb399a1df61e540a4d64e120f9146b63a8f419dafb8d6645eb1288a5c22c3c0fde0089d606b2c825321f6a7c4f6e74761832bbf16943a8c09e7fe5cfe632e0373d5967cc1ba0a3f3046d70c7848e1553252629af6d7
1156bd574d4b2d727e94475932a6de10f5f345512d4721194e2a306f38ee288d1cfb1f4f49013897b0bb7083ab0f782b34fdd22ec3f086e852f02b541718f385bec0d113910bd5ab65627a3baaf5083f4d5cf10499183c61f5aa1fdb06e0bbf332b39823cfa9f774b01ec99e4b5839a832805d2da938f389
33c205306047cd82607650dcd51fd4393a9c18776043c0a19f1c69237e3e1095f80d54cba792c003bddf44b8801c0be631c63f9f23d1239ae5dbcde014733eea1d5aa1520e3a99802073fb1e3d40c333651941161abcaf5e7fa911672c10e1b700d3b7edbceb2705a9067508ed76af402295eb21b620a60e
228fc87ac575f6233835244567f10911f3aad5cc6a73c21d8b8e09ffd4e930a6c03f342900903c1128cbf7c3b8160740468bab9132da164d79a713d93d8ddeb33314e8a34f3df89afe0663229ef0a6fea9d583141c84c1ecba8338c06b963fd084f1ace0f532a697693240dc1033d7688299677f0b68fac0
0f1706e8e4f7e551a3daf02a4cf1483e5ecf4a5e3c73f213cc88998376001168f0d6c38950725b9b3bd93a844622ac27b137337c53181153aa184c961c83cbabdf576a40f036b8a1bae65837a7bf1a036b79f2552b2b957cbf6d147dc52007450b4241d8df2f6039e21a82969bef69de539060edd29be888
2da507cf6e4df9a2ca043a10dcf67502d16c7605ee6b00e28cca2e150bf83c63fb80a8404cd2c80a5b6f51c04c1a545e741f033102d1093ce4dd60fc33b076289aae2562c3cd895be57e660d648bb95d9a3ff199120a94a176043be196c6eefb3fa3dd3f914dcdde0612ccf317c48cf8403c8631f6b39fa6
135e6e32b38820e060b8c058988448371c6a42df33f143eb200ae13c60b73e424227edb08f90e24df08097a1180865baaba85ecc53547f99ff0c20640383bd6e484cd262eaa37f82b98ceb2d99c713f1b52933a0370db1a3081a1983c739c176f2c0240cddc4abbd28305678116060e07292a58f3f7b158d
1934ccb2b9175c93172961bba86ccf2241b9ca156a1f4161afe2643e9aec330fcdf0a26c0020624a7f07cde4680dce8d5abcd7d053b43398d919da8332a67744b377bd429a1d170575a56b377d00b99262c5f13fae1f5000c73021c11dbe8959d570dd147c8d69a36229d0e6dc0fbe1fe12bd88ab2c5680b
070f88c1b448a96352b1db329f8c5c06d5cfa7fe7b885305904c8e8b7d4f0342ca4b5262f7e034e5e15ef7539b0df040cdc18f5212c61f508f3439481935c902f714c9230a9be9cd68605532f0d3cb4eba2633b433672202f1ec1226c9dc64645d524e4cafe6b8573d0e92316f5596f1531dc3c2ebd6ca7e
2999d6719cfcb733ada1102de15b4d2bba1a310866cf10928e6091fc89640f70c1ff326b3513d680f57417c5560a939d46b3c1af317217546d1e989a33ce5165ffad36f0d1fc9341ccc87b2d9876e74340181111765a6153ab323d8fe66df5600ff2052ba88dee9b5507e6e92755a3e0b34f568137cf81c4
250071fd5b3f3502d54c73675802ae1bca2f1f3dbca483a10589602c62530bf10621592f55d2df43ad3d01c95524c9f2c5b49e7b714111cb3903e5bc02870e18bab7128016737e59ece9d23f8df63a2cf7d4e1ed0562564c8512342fdfacaf3c5fc0cbd923013d51e431c0a217d18cdc421a441d68194ab2
1408cca5b7ac8891ec9d13bdd7b253301946ff903cefa1b1b014c257d98e25de967dfe325a818f3b64be159e15346c525fb63460b1833b09eda8d430370bab4608e90510cfb09bbbf869e32908c625cf91b371c3683ba90735f6222a0f668836b99394d3de8f111be506f56d4e3cc6ae82857361b5ededb5
053f290b10c27072247e25dc40d501085644818b915ba35243d54c368e01181b8d4e738b2312684910c2a5cb740ca47e1d0342edf3acdbad05faf8f525aa88778937f2730edc56583b0b5f05d14e04033659702ec7dcb2c100763e5c455e208966814edb873b7a38162c73a81693c6c7b13be2f7f8cbaca4
390039d5504f1c4360002398ec235321f6f2449bcfa1519829a30641ce790ffda082bf1023a08416059df1551a362064877c0470a2fdb04cfc16e38b242f64bd2b1a09b23cdbdb1a295e7802417fc13ec61910de33d8b67467aa0fbfe9c3fa4184337aba4c38498a55045948ddf4e26732659b8f91c7da73
2282f0464adf5ff2aaf4334753238008764fef7e29fbb16d1ac502e25f232205672726c21451a165995767647426e6a66dfd5ae9402d0864562d665614a65c7790b536a2d787db14c6291413debd524636fff31faceef4b5a509081a2a63a7216920f4c96aa6a14f7328bcb28926b887130bee1cc1bf35ed
2db901848d7306f2fd29767966f5fa01949f313260c151fe24a2e5887ae83664fc981c57c271994fed80a9d82830a84786a43f1e701d2d29b82481811aac697f450b1111934783722d2bed1879ca4f697fc69360dd5ec8d4e46519900efa68b032c379d56b485f9025071127f61ab978f26b2a77e4289c37
02cbed860188ca9112b76b1072250500692bb9aea610e25fcce020756f0f232eb586b813237050511fa8e970273d77e5ed71c84fd1cae7999092c020252d46993a513b433435cba0d7b3d5353b7c1e02a17a61890734a4a38ebe2ca5a567f2446a636f3d2cdb5bd0fc304901ef027d82733614b258aacbd3
2c87febe347eb202a90719e76145dd164f558ec4a827b3aec3dbd27382193a93ed872443d2a037e5b41305e0a227f467be6058e230e765037be1e95902f1def9a5978720c312b2eec8260f14abd085acbd3871915379779aa5771b5b4e63e0f59452e659bf6f8ce273022f2ea635e3b29108819cf3510fd8
3e5b5f6040d47b80aa5a563856acb334125bc2c11395b07c38e398dffa231f05a77ce8624b405e1cf67d9e04df2a44ba34f6e209004a1dd410ecd07027642f35e14ad893c770ef8e7047bf2c1efb65480056e2f6f039236f1e3c01993a1f70c39c208d4f4329f0f04b305bd21bbd1101b38d793a94dc8eec
3505b3b61f8244520d451bf06aba3c180db217ebeac0a08dd895bd38bc8c3676e9cf195041838715f7f2e0ca1c34fe40505c06f520d6e786200900fb33342ea791b0e3709956603d24122d185a3ee67c8206206c412ad8120c861dca83d573852c83e01d5dc96b093109368fb9b0f02551c1e56df61b44f7
0fcbb5c67eb1a3f163866b5c6cdfc32f4e9ab941de27b39c8f503f4493dd231b1fb5db4ef0623b12bf6820537635d9eac2b4c662604b728af2bb189e25740fb20e3934c0e5992c64e057ff1d6b5ccf50d1ad50b8f4d7400d83e33204294f0d77668391d20367e9b20a1be2983390040042ecebe09cfddd29
32c37cfd62cc7623706d6e8c2b72b30412bd4ba22d0101fba4f214d336182cc569d3a5c7b4528c3e981c71a11335e08c72d73404e3edd4877ee6952c293578cdcdecac00c3a7b1ef07e7fa0812c85f7eab0df2cb98dcd578959420fc03820c69bfa083a86a1f3b5c6f332e623a136899f1b7c4b9f9d387dd
14277559094fdf002ec51faba235ec15cdbca4074a8cb281296de777ea6d02557662b68689719433fd80d7ca17365da7ce78636b73900a9f8a9ae87036b65cd31d45a25069f30c13c0b2ad0c47ac94903c6550615a62d82a5ecc1b99c0eabac0879280aeb6d3bbaf200b486776a7816021e604353fa0100e
3feb34c59126c2406b33c913bbcf4b3755f41830cddaf11a26844f42ba9f24722eec21563240b4f491717695163874615d89d8dd13fddebede8df4f332155137c3b4bb501c1562174394991f5c62a6be47b2d0f3d411f2327c7f2504710c3310e1c196dc455d312412139ac7b901ab0f53b4016b0592fa8d
112c542e877c7ec2a7a20065daa1ff1a777ba4b5eb8c03069847bdadb05d334e7d2ab8e0bf12f44df01d579d5e32cf4270d059be013850520cdd2a8f24e9fe8645c6d070eaac658deb67080a5853ecdb7ec4920e30050503ef263909da5c503e894235f19a597efa760dbe9c9e0fed0eb1fb7b0f79152388
0ad8cfad19b6ef30e907c72a044060230bcb19da8d8a11417f2bf7cc8e681d844bdddb3dd8912124c5da1dcb7e15343480d88e1781a78407fd4f3d0931cd2552e9827cf113bfe854ad79652e7e54af93e09b12fab40b053b33181914e5d57b301b2232f2d398c3b46a28f8832827ee1e81add31ff28580e5
22fa2fe5b2160dc23c54f4449c857e08799decef9e6d335b8856ba393aea25f9155ca2255913057674110a133603fc114f29e2c8500a1e88ae60c62b00731de699e7edf1967dc2fd6965d00c0d37dadabb13232f626c225c2959112ea9f685290d5018067825875fc22f2e7c857a1f73e1d84ba27be57ce7
124c2d05d68d3fa03cb4e73b9390e01f4eb00b1f047a12d3d7cf5a3f322b3b42cc29d48e3800f9f23432027d4b0b1cb6351fc109429ec2cc1936337a25241cbc97b37592436037ca3bc1ea36ae105e63cfc2119a21369470ba813e50c16271a5ac82497db9934ae50a2c715e8cd8468e90ddf077173aa71e
031d89c2f449ddf200f7ad2be130220ce17633466306703505de279b934a2f5356398e54b7626ba15029a4508d043254baf01462e0f5acabd6717ab72758a40b422ec47188fd03026f177d13cafad0474c9751400ecf7d2487ab013c5caff0a02cb3920b1e0dc8261f1e7cf83e88e4e4a29db623ac69f4bc
03eb76694b0cded34e1498460410c212bddd5b462538d3672565f9de32022b765f09dac3dce1053b2e5343b01811d6d206888d2b4362a5b8d85c777b3368478d06951c51e6e8c8bd94876a06158b2fe90298829df1bd0376ca8335d5cfdb6d6f6ca2a2c13b7a53984c344b41ba6fdb28c0a3bfef60bbd5ec
06c69de2a57fe3623cd65e63c538fc0340570ef0667a92152e57e017f3ce2d7e46d5fd279b507c5bf0b3d362122a8d0a40488e93c16d2044dd9f0f2b14e71c2be08792f0aea8ca338386942fe9aab5aad28d8382f446d8abeed228f976c04609c57047026e2d1255261266c3c819207901b78d69ea304579
14914e92bdb59693a4c8fe9d229c2a379734db088f2240593cc085f23dd02e2947c42bb1e7207c3a9d5eb192ee3289f2911418746313b24c8597fc862d0b0d77fd2099d33764797ed5aca105a1f1c7222f28a1e9c5dc004d22910f62af3b06ef1811fc7b9936a7e5873e3b5062dd1fa5400a045a88771a59
0d53fff9538840730f205ae921fbcd31ffc9d2839c7b205e82afaa4e65310019300e879626b0c6ff58d2fa80e52a3a7ca3a0e15ca01f1754de46179b202ed224500f1132c0279676a0577f0b051108ba3275e22930f2904d8daf089f8194a8a67a712ef315959b9ac4183353db69615b21064b91e453f978
026865fdc9a13c8181755ea00ca8b90bbb526e0bc21f5107e999fe8c9c9a3dd7d8ec9b74acb32458bfd3768af927289c74213ed952d3ae5a741abc812cd9ab666cb7106005c935d75485070d7bce5a4adb583137793bbba1a7d424e19cdb2729f7912344152639109b0f0136838816d5725a30c045e572b9
000000000000000000000000000000000000000000000000000000000000000000000000000000000000000000000000000000000000000000000000000000000000000000000000000000000000000000000000000000000000000000000000000000000000000000000000000000000000000000000000
1c24eb6908b98a0111802892da84d40f7696d59026eb232f3544b13486933d854ee3aa42e173a18f456e7e109b2dfa9fa638ebeec0fd4495252d9b62005631d104740bd00061171c2726953f981cdf60dab1225562f4cecbe31e3fa8f7634b3125a3c7b5adf4b86566164f3fa6fbc9c3036820927b9d87be
007650980799f4d28ac129b8fab52b181e4b7e471df9e3ff7cbb535f02623eae62e3ea1964b35789551f4062ab2d887a3ec5092923adf446859331f836daa834c98f0071f2943442613f6f0f5354b4843c52f1d4087d251fb91a3ca9af3899b73593f1d71ed88199b521c8cd8ff4cec6d2470d355a5ff204
218571e96f09606003873194c846472797180b52bf04b27e728d5e7e56760d6aede7f4792312d1528a4a9fb2c42c1269c711548c639fdb61e9ac84681519d5ba6f8f2d00cf26184bb36b802d6f978ed58ddb2397b5684829c2f43385f70d1030d0c098c788d7380a81292d7018df8dd970686153e362673b
30a3cb2f1026c1d04cdac489b6fc5227b9c9eeb013a6d3fcbebdd4b05e881558144da8fc6e0181cff25ada430304db5fcc068e8911a1c29fe5bed8c31269b7ca80a8d60313eae8a0e27e36214e162ab3627bb038c3518596205f0eff8c0da034a862dee8c9da9e6d08116f361381eb77c20b09913b653286
270d1b8b9a24e341c8a41b8293e491339e19cd8e3be2f233ccdc934762b22b3b4d2f42d431d322e59138da6a990bb0de388f7221a021ca211ae134312976e0c7d1887be09343705d249240241ee9ef9d1e74c0bd8221f847edd409f6883345418b127574599fbc9e4b09766c24e557190033d32971652e24
131edf2acf38165086bfa151ab43142442b3975bd3f3d29d52b4e695fc7015bb460490e7f94167033f32aac6392151c9e2f475ca412577b4778c985f10c50f13fbaeec1079c8cbf7c919be3a7379fb3c0053e25b81f425eb3062239850eb0289d492aa4a9c7a7867e505a0c97b769c08d2c7295efbd80692
06c440c005a002b36ccef280ca9c191b2e26a5fa1e47713515ed255b1821200234c2aff15b304fe5d0e56fdab10bd0e301e62bbcf04b554f575b76c20cbafab0f099d57201190a9b7659da013dcaab2f74f2f2ceac20dbd3b09d2c16931f91fe9e338535b337729f241fddc88a6a4d634045d852ad203619
30f091d0ca9987130f647a6dbedc60361d5ed768896a10afcf6cf4015cd40ff884c2b0a28c8096dba50d4890fe0681f0055c7c8ca0bb8cb8f72f297d1b625ecf1f1f99c336994cc8a2f7da049a935effe6f9c3a670dd38987d3b0e084d44ee7cb1106441c22b8ced2504a55fe73eefcc515e0fef2dc91884
083358ae9a83074224baff105e204504223219966e246349beb73799cf0c19a5e9ea9840f982e6517f0395cd5827cbd2c6eda759f323ef965c83959b3d00b05c111e65d2effb529572db971b935a3b29076782b7c0cd8fcb830635db745904e85f00d5dfd4861cd06233f83fd398078fa1984009a6106334
382a91cf7b49a58309d8369422a6f43dbc7c9bd54256d1a82ec734c989180a5bb7c5b0c085e3dbcda5277cd727376b11e6409d67300c58d238617fd4174066d6bf08d72136bd9967c5293839f214197a6454b23a9e3b370447e60eb29423e69427c3d376a2ffd9078701f865cf8be3d13033b1485584a735
0acd05260741d3e172d331f8569517231b9e6803c4b9d293df4bee5fa7621c33ce0ba1e2ac73863a7f3ec7107e0dc89ebd5900e410b0c6653dcc660624b4902d8735eea35f6101323d25ff224adf3f5e4225724ff02ee22dbcbe3e42d7cf3f3d02c3e4fb2005f926a03348feb1884c8823dab115623530a1
2082e3c4102611219e9f37aba3ad90168461c38755a2f1931333857e24001460606dbd29c4927a1756804ea6f508565f97e5794fd01a85cc39177c270fb5ca0058a7b072651f735737c41c3f5145a2153da0512c1331e0547ade09dc3189c4924f721115db8a1635871a50f4dca9597fb3500e46b1853352
0999162eb942de1088b09f69849be235bfc0228e00ba423a6c1accbc4f74160804543f6d41f3bb9282c04da3c6007adc32c06b7ae0bc095fb41ef57f153553eceb0644931b81f6191de147133b3b15ddb2852372a1c52edb1eed399fd1eb8a7ca8a041bf30a2bfbea5371c34e992881e326fd98dffae3db0
2cb5426dd2c4a643d1ef8aec0c81d6257072d9ccd001f0ec5a555826203d0f2d30ba4c29acb38c620c874528d0190075e709e7fd92a215e279a688a637c61c0282bd56027ea449ed875dcf28702c3e32f99be1776e63af857bb01ab17bd93fb8e8d01dd4c602ba20fa3431752b49f4ed7179635cb497cb43
136057bf50d78ae34a9c9b09b3d8782b9010b4ab5626e3c0afc71cf3ebf828b4ad08edd1be013db24429af26d3007dcb7e095a8ba118d339c72b758b0b26f2d6ee43a091a465a94cecfa4e3f27d793a66abc0138ad670c24224b2c3f9e306e070c0315028c9c49aed33fe8705ddd407f92fa7d04031bd517
045f50ab77a5b7d045f50ab77a5b7d1d1c677107f3ea51d1c677107f3ea5112ac9cdf1eb99f112ac9cdf1eb99f14ebabf8336097b14ebabf8336097b17bd38a039ad5db17bd38a039ad5db149aa7da2accf5f149aa7da2accf5f144ae7e61bd7b6d144ae7e61bd7b6d11c811062d421d011c811062d421d0
06c6abeac046a2d2700b1f8fdeafb00b60f0d598b264d37c22aa5be5c54e0113dcffe551c5a0f5d87f585f7f2125e61e6ba7b7d0b046f592c3858bad176d00eba5ab25e0b530958a6dc5a10d93906b676e36e0292161c7f163e12a05e7ad33853e432b9a4d20efe7523118dc1635007f73f4e577e2fc6a6a
255a805f4afc6c60c80be8021119de26c6c5aace27d011e491c313a9d6f51048722d43e70aa3b7cba3d130876c097ef2537163c14394bf5dc4dfe9b833b0dfdfb3a58e50dabae8182c27863043df11505a7dc36ac7355636591500323ab5d77c64b1629c073e2f0a7c154fdfbd7074f0e018dbb61555d420
31596fa8604c987388aa9b3cedb9a1028ad63faf5dea9164293774065838196fa0c7161e9bf18ec557245ebb300e017e3da620fa939e0625f72692b80d0276615f5257a2f284530cb4294e3b07f168567e2f900a431a1c4c28893a569da4d5b586b073f72ac86dac983347b4cc8b6007524411bfc058da5a
1bff929c8481d822682a0911128c7e3171a6d22919eb52287532c4e650c70f6e59fbdd35c5a31ce4c46bd3e63621d1e37f06b674101b3d72d7c6de7f3db7a0e6435b723248acd3a82fc704164f441a02a955e219c8a6c021b28c1cdadb35e7de8811a1896c975af5940beb12f462d78ce0b11eddef1c1c08
3b0729d963c5f1011040d343ccdb40292bd2b334c3ead022dd1ea4e02d11189d6b010f571e931585ad5a608ee31062dfeb808d92420e1eee3994522621e96cddf338a630fae59307a5417e195b58910d2a7b625bd40f34ed69b83d82c7ae3c2453c0b3209860e937243a9bbee5f583c692727c32556ef6dd
37807634266f7b61aa3c8427409c783f263a95b3f15e901e3aacf7e6bce23a627395949a7792a1dfa33b5d67123e442196a6fa1093840814c2e8ab8b2050836a723f8a804ff06653e7ae10313c919b39417e1056ebe860ba804617d498832fd262a03ea56875b22a262d2da5ac069f8d23fc47f5dbe3442e
35020e0a2e4df05373687a65a2da0517b452e4ef16afe38b4856bc2ff7dd3e1455010ae31e6077a1294172425631c74dc19d50acb1fb8032bdaf10c63a60738f41dfc330b3d88cfe2e4f1936316f532ccd1093674a1a8f461db33c2776cc92bcb97148b5493146d839298475468d0b39b1b2ce0c9a38fd75
096711e9398b31e24bb48daee4356c1d305756127a23416a6bb150411b09240850e4c1b3351387c03add3e737d02f3e73fbf0743a3f3f6ba5bb3e75f082ef5f1db30cd73cd8468a3612f29096f0c099e92212179e85264beadd10ac352edaed8da93147def63d87334041bea1e2e8459f027640fc59e7cfa
2cd2670effca1f231268f065a1a43015bd785e1541a8b20785bbadb2af3d2aaf71d817c134c09758b1356ab3c33aa617038b11d563db5e50130627751464632502eb7851fcfa0b47bcedf802dce02d4d979792c90f4ce96607471ad0d76972dcdfd1fb16dfb9552d6624ef78433a894ca342bea24b624191
2eeb841e4e356821894f6ac88780af07c3cac253f817118ee0d61316247205a0ca4a5c1ecb0190ea6406056b093dd810bb7038a93364ed57ad34999f27dc0bda709adbe3904d2fd240354e17f6d0e4111e1242e6debc8df4bb913ff428f79e0602127f67db87324e351fb54cfb6ed4a8e1bf691653df90c5
1b8072f70d1dbd7148fe610bd3103d052fd922e9a01e41e221595eb64b24328658f20ef410815975d6bef9e6f125b143c6af109e316a9007824dfab31fdef56f4d8144c3d72ec4893f81e2365f55c9617af50205b755d0d26d93134918194df99b439367db1074edd93f636375bd2b03c1457ade68ed50ee
2ab31ef7a57fd413e421a54e8078e31e2ce92afbaf3d632dbf720b02446930f09dda3f0651826e341a1650c1ae3932d00d9f66e9e2369ee965b51f272519fa9450bacaf39429700382af9a2abedd178b608f9385c53ec3d62afb2a8bbd41cd35e213d23a78b86c428d326ba74fca035b40404909f826d1ba
1679a7b81d767af1383a0206f349660ebc632a260cb7821d17a9d487b7690a3055deccf531c12a90cc6eb38b3f38ae0192056fa2c347aeeccd5bce4e12dbc0e525d7e560f9692ab0c6fd6d2b23bc18db063201b77c832310b3c635b27b9497afd5234a92248be9d93d3e04b25ad574bf31795958021b2116
24d2da42b671fb4062c318f316e6e81e023955f8af60033db04de054b9e635899c328ffda0302fd6d7b6fbaf752cffc0eeadb20db0186c59ff47c7eb0eae666bcf7ff75264a7b0e55f778b3feabcdc83d052b2c2a775a25d05bd3943c0e44f5146c3b6ac3ffea02607333846a700d4cc2159d7784aa89f05
3a925b3aa145f352a06f127fb79cfe16e0ce8882cc8eb3cbe0033ff460903ff0e9a22a9ac8c3a04bea85d40de9181d29aea39f64705b5112793af15e2cc29e5ece314992d033e78f4cfe780a009e6960c645204397cde9de8b8b1ec8adc32bdde123536efccab9c5da2a37ffe67d3f9e929c86fa7ed208f9
179102050fcb38632577b1165e24f33f5fee01db4c1fd2e067bb8b30f27b1d0b062752f271c01866deede32e7e0a4e414452e552904229399bc31ee5228a2606dbbbf3f09f928e1b5508640e96b007635268120becbfbb62c994076a966a5892f900b7b98eaf95a6e904986ded419263c29aaaf4dee1c3b6
1611440886a46391092c9f2c0bb31f0640f9357e5a4903dc1d2ca46623432199041a65a2fbb2c48716a46e32c60530df676f53f511587f14cd22d30a1b7ceaf8662c3c3292e1faad243a3f1a1e99b68c47c722ae4f0206d20b371c05f0f43c4fda914fdcc3ccf76bf302674e1c5bb70d71c86e32940a5dcc
165de22133de7d201e1bb37140add933df4967cdfbef52ed006622903c5b1401124d9e8cf003c50f520586b2ba1c5e716cf784c700856f8bd76605cb2fd1c1ca6021c6611f64218a37f14d04e3564864b9f8f36351cda632dbf62996a706efcea930143835b7c5a7db0cc7164d44b3868053b871794e4a63
2057dc819a158c2254049b9ad35cfe20beaee5688582c290deab40f0f5f73729dabbf6a65430b051a5ed3b53ae389945d63831d8f2902f42f85fcccf20fc29a2b1b200133cef17956e68a53b7180547e6fb170039c5ecc37adc23185f85fab460d03f92dc8ae595bac37ac731f9a9a1502c98227b1021ac2
1b16152bbec07a83ef8b0f98e03e653daff2dd2552b1808ad9ad892cbe121b5433348bcf6590e549163ebfdde5135b64de5a0349a39dd17ee584d99801a618853035b2518b3fdd8c498a251bb6cbffbf510dc3117615deb3a7ea34af3a5979fd9920276b522dbaabaa165cfc3e98d9cd61da93fc7334e1e5
1040519a6671f502a755fefa8b23e211017ee5fe98b001d276405a82e94513bb89980fa1c872bef64872d22aa527b834c298ea334353550812a10d273b3b4a4d9150c2723744adad1737a81e1108ce902a53c2b10e2d70f9b8e738ff6acad6a5ed727c609704289fb41bc9633194318a22f37053ba9ba431
3a2d748b05870632e9d3cb6b65ddfe3bd1117df1cd2c32decc27d9cc67270204cc75fa7f9ae3f4fe7f6706da402dc49ea4f295ac1392b4561fcbdb973578e4d0ab2ec6425e5c5aab1f771022dc130b565de7806c76f7836f7e2d3e5504f0efc012d1f6e8c4c90069eb2206b0e494e277f3dbb15dd682a3b2
00375e426969407224f2ba70a1da9a34e28eb93946f8f36d6e8a67b68f48234265af9d3f5540435348a49a3ae202aed752fb3093727961d135edd3542fd62dafdbe560219a7e6b5e16f6ab27a12b37e2a869317796f62e33906a383763f7765fd1a37678e4108227410be01cbc66f9ac2253ba6c75c1c307
0f7b2bc054c3e4b04a55e55042dca81dd41b17e39518f366891190b46e1635e18b1011653932b94825bc811d4f0cbc8f9d50473ef01058f44cae09d20cb11b02367b7f80207516ca74e31b3e3be32a3d2374b0d0519d24409a462006cf4ee69eb0807cccdc1b8e581128b5ffa947dd82437ee3d133560231
159b4cc6c38c65908491cfca83ef860d8a716fde3f75d1b84195a768cf1d1d663c64697a3310780d9296267b3a0c97de60bded1ad213706d53d8cac521f88df2c0578942f7bea939ec8a6a2be63de1c28db3e2cd5ee5a32062d000e1f0b7ff4bc7f32e9f4b244e21c524d0d632dd9512511a2ab1ff474356
29661d0422095280c6d3047bb64a9806826369f7fcfde38f1ab2eed880672cc4b74d60547b7359091e330a60572bdb39c05d18e350a0450bb0af58c218aa1c58bd2f7ab3266d6e1042432f237fbafce6c9e52082e422bce8cf0e082aaf42a408bf804ef6d4a184eb90161d0e8e7b385c60bcd8b78ee8c73a
3a1dd3ea442083d3a9e448e46b74c11d5ba47ec4c2589017a745314dea6a3f4b606a8921dfe1c623203befc47a18f0d90b874aef6159f12cd48d00d92afba9976f3bfdc33d3d266ba4af6f02e3d50b4ba324f003ebccd1d5132e1283db0e5d2a4da32e85f4674a589b154a57c7cfa130318c95ca4136593f
0ad18e1c951bc462fa2043593c3ca229d6f6ba5a812762028549b7b36dad067e23b80299b1617031b2b16e32042969043c2904c912b8a3023456acb628a18d85d4bd44e115465f93f9e24611450acbc77f23220a8d379d5149ea3e7774f31d40cff02fd7f6ddd000543c0f97219ac940826189ec23cfb4b9
28848404aeee8d80a7684b94c1f3af25c5dba867eda6319a5db11f110f181c381877bce775c22b9ac93744f5b3007117da6ef1a920936d5a000bfbf615881e9639478032ac03a4138a9e0616dc73e11a8931f270eee1b9e2f7cc2ef0d0120c6c011398b23a4c7303433efa97a12077f9017ed189c0659794
0c177560eb1c8d828a788f3d3b448f3e200d68776aa491f89e7e1a1f420318dcb385f3964b122b6f7b7dd4946934997a309ae143f1f5f5ded65652b419ca380345277af059ce0068af37c9316a010d3bb463a36cfc3102a4a2d51756b07adac84c12b5ceab21309b583d65c405d6e07c429f93e272ec8ab4
071b7d5216651e222c491d13502c923abefcf2cb0b9cc260b30f00242d1e12d833b437f423105f28b7a121648819151440875241301b53f8b07ccfd920208a38fbdd33f2bac64356984d071020ab02440daa71c2f4e8f46704b5304302c8a5379f02d265136ebf828315c7ea3652e87e819f3e9c810c7d07
3bf53b0df66fc4e10153d4b12a4d473b1cd02708307fe0e37f89695a379b2a73bc3ac49cf2b0e5d70837798edd2f44fadd4ca87d73b7aaced1806a1f3a0e5d360661bef0be5224a675a6a73f0023402fbf7df373cdb36fa613b4345ae9b6aa229bf2662e94aea9a0d2254bf2b2b3819e13c1466db752d509
0cb22ea96e68b8f399ae27bdcd9fb811f05f4bff24c063f4d5fce7f9d1c4121e3276db1f55e3849c2a6dbceb7c03e51695c1f791d2fc77cec5f14c3605785dadd1231db28b0199aed9be6c326990cf8c55772388b198783be4b4265b31d4f6d2d8f021796eb312e15f3f9aac3cde663a009a4dad530895e3
3c140a0b74f765924c749ca31678bb2ad2b8b00c26f2a10e39c3462d782b0f240986fbff7ff1c671d6a1fb66b514f7e60e3a8071f3731313d61cdae91c4c47af10f11882131e529a2924c3045bc50c4dfd6283d19b2453e099cf1e0048ff98ede740435ea89ac100f808385bc718ca80411f28c120ee297a
0487ab75a7a80a40b0ea16cd41fe38263c9413940c49238fde4f7399345125657b9d870ed2f0fc699b41dd6ba2137b88e25212d3d0bdcbb87b217baa3f408e3f1de42d81b717935dbb75e11c170a31de112e0223584d8a7086d838af7b8fc269a10186dbe67ea6b3393da2395e569dd2d33770a0d16f249e
33d885d59a1a9822363f0b6b918bab2bb0482de9895b42e55b976f69d2b3052c6481ebc78881be180fff026df335c6786ec3fa1d928ebbee851a063c0c6a911cd09cbb31b52cbfcefad68b2dec64106d8e6162c7f80e5a38d961178731273a6192720124924239c5703c23f59dc86ae301a9876db7791291
06f549b814da9422006b28865d1a161d1f9a04313589b288d48e2dc3ca2106deed4709ef5c41aec1768d95e5df23aaf4f827f9c0d02f47806413d7c422ea614f1ea9eb51b75d20e40bb1430d47f7dbd7e66cb327bb3c95461e64221abbdad5cb86315c5c62e1bd3e5439b820ee935e49b1407ab9151428ff
0a8c21cc7eeb69e28200ff3fb06f5e0b5edcb7fe1ae3b200e7443375837b09417c003fc6c782dc9475850279d329f1f7069edf2ec15b6784eba9007e2f3d684fb4b52f63d6d20c8868de821e2ab511981db8429465910d15d8bb38dc4fdd2cf4acb0199c6f5b12ab1a100b71e8dcbf341254b2a5a01acec5
22d8e9c93ce6f22163b7bf40c31e03176b83bf65034a00f5145662648946062fc9c916666460fa22ebe9648f091f18d4de36052b12a4aa3727ffe78a28bebbac0a607092fa5e0f4f02632710e3d228d8cd1de08ff5cf5aa722921dd93d8d5e3145805648bad48694310b8f906055e9103029b709d8a879ca
1b571554b2e161a308193aaf2890b905424e01e6ea79e09738dbb16a43960db607671113b772d1d1d1b70ab05903d7891d8d855f22b5bb6cf3365deb168ce6a1dec28a92e8ed8af0cb920019ec4e419b64ec50394febeecc0d2c02e019cf32ed76236eb3c8718262a8239a9aefa17a8633871ba644fe3c8f
1372581e308bcca2b96027a75e2e162288e9f04fab0070e16c3ef80fcecb01b42033cd42817173bd8d94ec5e10291c68e1cbfda030ba2a40de1b8d833f8bb9d50d4809a2e7b9f2c6fafcb11550d77ba8bd293090eda1283530f30a6c9d9052c871511b6c11391d178c1f74fd4592fdfb8143f3d3a03f92f3
30b78eb121b7c0c22a759802a7ecbd1f2e3701ea0abf91dc4a0814fbcfe92994176f22fbce233cd808b137dfa81f61b96965e650c3bec6a6ff9742b737151081448ddf138009c65e4aaace034ef7505f9234d25a38115b8c217111176099d71f0bc0cd175347fad8413c03d1c7abb7c8a251d64b2bfc63c7
179bde30c54a4ab10cf07ea45b6c69325dc5387c9328835699527dfd2e2913f698611317c6a28f39a2cddf578534d79a49d6e52513681103742aecd4263d19cc99b56a40b6bac1a8e6c7202aa02b8722938cb1780a3e75ad78b31476b4e003b869500a7788d18e606d290080fd64e4977189f67ce0d0116d
0e7020cd645ed2421a96937d2a8e3828a911b82dcd49e298d793d9bb84ff1230da58c71b6bb3e8edbee67399a824f4ebf10348d872b1df41ad12ef66173f93b5bc8411c1e956439608a2572148d924a85562708c6526e2ab0186024149a6a2c4cc8338e12db20266063bff3de5843648c00ed54f33e4a1d7
33edb586fb4969c389c978dedb15983f9cc20a63772760aa0566ab1378fd3fe3b6e7e9dcc2b32b2f793ae88cde08621b778daece4251f8ea92b2041524c795059f2944f21d42597daf6cf4233d2b0e42df44f369acafd4b7e10a29c20ee41ab42aa19bc0d9f570723801a3116fce231b820a9f5a923132b5
09ccf610621b33233b6eb3e958026a1226ef7c3c7380201f24d3b91d81600f432bc1715597307eb6e2d6980ed30e2e17ebb502b881be7878125802633c44c2796077b83359799200d9a2052365428d08bda412397959b6c53ba02d98d47720634332c22f4bac8b1f82380725e6e7da7970bac91888694ea8
0ee24f6af73001d39db0bac214407417e96e6d7af73e1199ba0542906124063f40d840cb3ff0327ab4e2c044af3e574b6d6f62bd63dff5cd2a6dc5ea1482755188fa76611c08cd9775ee6412655d5c430cef007579895a079ac71ba30865152c580245c95043ab3431003815c5da380e83fc859f3e5a86e9
207333f7e72c9260498a953d4c47580789dee4c1340560b295ad01c21bd90177acf31d2c7873cb7b11b3170a3e38b22c2150365d008a25b4e7bac5641850cc7a32fd2bc1a8730eb1ac5b6f243eea25eab40560230d14e3231e943be10f36f78bfbd1e212875c70a432371cb13b5b397b429f4934795b245c
16ca3e915e931122a0b4efd8076e8b30f02563a55e73429c8c69e002944c32f61328074a41b3f244206af28e2211582fc89a4c34326d8ace70ef16a32ff1007c08501410ce5bb613f4c0a33a8e6d39267f5ce1f9e7648ca8d31f25c36ae14cdb39334adbb5ecfbbde6090b00593700d9303819cca33f70cb
36aa05f1990429931a98c2b7d1a4b51b7680c4198f156098c548fb3c36941ff6422881a87f9287ebb35723079c248ac56690eaebd07926dab80e8d8c39d6f72074288232bf91060d18201c329e920b63d7379243a93dee76114c3bc8d9649c27f7f2575f275e64b8f80dedf4bae6e98b326cfa3619fc01b5
10851681508404a2d86548ca2133671c6ddd527f395eb0642e24d96efb022c2eca57ed43afe011a25f10d40598000fd27d5326c4a393110ab5e8507b123e09db2f3ff5a2f0d18fa31cb0a806732b78d962a8822c6e702e499286319c98b2625e6bc1b23f3b9f48fece2fab93165f5275d257ff5d759cecd6
2aed55a680625261ca8c4208d72324227e5a96412632f3c1df94f04c1e561924ef72745aa8c295a4112174a7a12e04c8e077a0ca934f473ddb92e1e22c3bacb4ef1ed11393734c6c8bf711167ab6b8a5df384003c8065f575805373c4f424798c53357e305617a5f3e24cd39c71a8779c26182af7f4e4db6
1861a500c7111cf3dd21cea85539ef010c7684479037520f37bf93474a0014d2ad337dc81ea231137454f4d69d25292d15d29e1da247b02fbcd950702490be298ed2958227f70d3d633f2817b3b3234d40760026a2bfa8d846da32088c25adfc93a3018fdcd746632a007b38685faa4fb395f5ba507c8c76
1ba670008629e7839161031b8e7ace122e8dae2f9b24c1d7b8fcb1886e993757704f64cd00e120be38fc36d6e30d0515fc1ba8648004fd3f54bd921618d5d32c224d1a5033ae0e3f2855d328c05383e4be94a1c338b33ae40af12a7d220c14fff7a0e1c2d4bb36a8060732fe05cac6c332744b8f2fe2590d
2dc43141c037a971798384167c34121c9dea1681b9370204ac099d9cbea818755a7e0bb48d131842b2d27fd6a331d2267bf5b04630f7538272c7c5cd360a4c9e70d9bcc23d7f29aa5382801228c1d137bdd093cc4fb3926722b1246f1779459070005b320f6efca15833e0d40ba186da709de1b8dc83f959
164e54df9e4af9d1c034697f1101a61a8d6cae6e5f9b529ed251e7d4bf5e19ba3269bddfa763d5272336e65fba12a093cb92e267b37e2a0b04d62524282c5b3a1275b1335a60b3d3cc6f571e3f75e47c2207e357450ffdfa947c2848fc9564f1d231af6d0ab3f2e2ba362bd356158888c2eb934206384604
091d732b366a73402d63ffb46a530733452dbfb1e5846217de83d3a253d02db50b697a0f8ad1ff99dedd50638328bd9befc5f855d02592ec351dc2cf343f009dd1aa2031c9b374363a65681d77c5871b7fbdd016f98cbbf8617f1a688303deeb5ed124e4651e25b1ea3a82469a56e26a20064e1d8df1c692
02585524005fedd2a1c677e22f205c0a1bf1c4cf935511392eb2816a2fe40fda4ee62233bc839ba7fe4c9e19f81e49191084c0a9008d88176df1b9983c0327305ab84412abe7ffa1ba5eef1e9d6801fe01caa22aae6f39d05aee33f9971aead41b7275b62a9e8519262df795896d36b21320b377527ce984
09aec11fcfbf5332c2e592565b35640d7dfe3db3cebaa2d50cd7737c31cb26086334c4745f929da3acd608e0312c830df2a399bcc31ca6cd473667f13793369756ea83b05489d26e13245a0eb6181da25e4141f5d6b9b8864a2837bd16049c0154005442156128e39c3f580e1e6af13562da9a738764b55c
0c79e303a6eb72b029689a171d9b573bc261ff01e1f8f373c335a59859d2151856c5d0cc48c18e49684ecbd1e00fa29dc54c4e1c51304896df9452af0f1a596cfcaf7960c183bc9a9172173bff290cf248405181cff82942c14914e4a302d58a1b73e34352606d5f35088ba400c297e2b2edd8c14296dd06
0c8303b2585e3170d34e9b7794af531b03654aee158321f286b9dc45135c180d9e67059ad843c018383a8b8c16171ef09792e2ece068046a43bd8f503dfdeaee910a6ff06b761119532a8d0b8b20ce292157f09531d13fa2448526ddd4d321f39862d80cdd1c059feb04808ce07aa657a3d00db7d99dcf92
2668252020129fa1c48d5e7f8021953216d78a3fb2ddf35af89cdb2cd98d1974f0abb521aa83c9856a72d524b11ccabd272a3848724230018d4c4e44141cbd7d9b11d15096435200579b100948e15c7e7a8113c3de7df60501d320ac9e58605eafd2584f232b824a9b3224fe97cc3f47603c9386dea26d16
0e753db6472cc323faae2ab077737e3891672c848f4d915825c4d39829d1161718dee27b08d2d7c10e4d625c45367b4c18cf8e0f229bda64854ba8e717125e9fb5d64532493a6c7ec2881608aebabab297ffe3bab3fdd9b4621b264bc703279435319b438fc71b51ee0000003605c7fa03fffffc855d3ea1
2ac7be618f8b6aa166fc1f7ef254840276580b89cddd13c55b6a389c460e0ade7cc7a3d902102d763d693101c524bfe4144f616c9316f9f175c6a28712bc716a48adc3e2fe1107e1c72f2e13ec05f15e4c7a8118fa119011b62b1666f32c24da46336fcb8dbbfd4ebc3eccc20180046f4309261571786a96
3753adcbf74cc7b216bfc63fc8df66274e0b671dbdc7b051ec5ac45d899e29a54d906b92a480d2d4d9e01bc4f916dd7b62cb021763e72baa98afc68416dfaffbd3b407b34089eabd9000f9211ed7e13c0e8301f36372e4c23fc525774eb41bb7e432f099d39a3b1818398d019ff3bef02329233b7f899c08
2ef9ee01b338019238bb78eb7e3ab43d035d7f22875bb0ddfae80065bfcd0bd1452539e9e88113c314676deab92d3975066848a702a6385592672ccf07bf5f008c4f75f29b71fbf25bea5e21a5bb8e2e452ef2af898a69beaf482e5ec4e5712dfe91be4a42c02c097609e9850926c2f6e1f5f7281e1065dd
156f907f41a36893c7098091ede3bf214ce6b22d3840407954e24317aa433f48a0ca015f4e61890b70f225b5fc29d98a5edd2579708888c8a2f834a00abcbd38d397a0d042db821d69ba4827532feee86fa2f2ec0b21493140582cf62842c1cb470327a15fb2b05d723720e2a31220d260e77bbcf1e36bd6
00df24427f806151143908cfaee14f18f30efa81c6c93114218e4a92b83a1b3298c1a9c914e2f2d91f4e437dde0870452c1782a1f2bf62922a43249f369f412c3986e83029229f0b6a2a5e39f4d440619bbda20729be82e9dbb63b18b64b6dbd2f81d149e9dac488570dc8550baf877353d882e63d0b701e
2a1c5f6de1fe68103364ad1583bd0c1643340c5065be10717f4c35f3d0603043187d02bd73209aa97429f0f77d23d5f3530705997003fa7a01a8c5730349ffacf9176022dd8e7ff45001d80b666e07c29420a3318c9b3c3b3da10aede28576be5b50c00abd962f9ccc196ff665a3c363f36733cb6c08ff9c
0b3b074cf1f795b1f8e1db4c61876c3523857a35027e533eb757c15ec3b620d015e17ce454e2ac8c0d720db18f0f09cf6e07fa16b0b6fefa623869c514c45add9a59b3112df49af2390aa22d3e31d0866912b180292025d91b9506cbacf86a1f1c60f45fe42c08248b1658e6c8abbe8970c8945ce81f25f3
0e6ae35a806cac61079ed26973fa200dcf3dd94659a1236754730bb8b0de26bf0ca06784d611bd45dc08c0b2083e2508d70c8599f0d9713ab27950fc22bd0a2ea408cb5194501ae4ca78ad29306a6edee9c373ea4db5a6bc6e33356d29995cdecb838d65521a8bbb40188de67e59c08ef1ae7cb67e8f9470
19e43f591de77192bf749d17e8e687251443be58672cd0be9459659d5af420de55f5e565f923ba57bac5efd102302b5850aa495410a63fb9aa47f66e3834ab7e14a7b43229c53a5a1280ba0c5a05d306a978535559148c04ff2f2c7109423eaeee33dd73888d16846b3de8cc2d86da15b399268ad982a483
369b32d5d6b84fd0a6a17922e3bb8d2262443695d36af0903a52d96b8b4320b1258a5f524b20b2a4a357e64d563b30dd7520327532315a45cc10801037d9b5b79227f2b25f76aab93fe3a1136c57aa294b5e53bc87d95fc0bbd00e1618f2f3e2b371778fa23c8b9d3a04acb2dce8a8b690788912a8fedcdb
2925f991ffc0355077ce3dbfc8e2e416f356a0f81706d1647ffd5e870c9b041a00c1388e468046d02733e5bbe823c968464933d073f3fc31425b31733d6eadfc8b4cf5c0f3ad19696615e035380d58180bf6726a61d45315d129192b5ff6d134974042e48630418ba124ad335fbff29bf3862fa22319c6b0
1f8fa5cc8f6b8f024cbcb2b110d827084c174d7e7efb90cfde8cb9a588dc2570490a09388233ef128daf64321b3016ed52116653c1a37576ac03d8e12ab56d00bf8dda11bcf42ea117203311a9e0f100d88333b16478d17e215a095de0d29173946184375b72c828ce0edca7a7fcf44971ebd9bdf9210796
03ac54be5bf50b33de6b8c00d06db62b8bed01d12626027abc0967c3e0a12f51065f3049678229953763d5d7af0b3336558f682e32659485b037c49719b294a790795ec2f8898b461642bf3f90758a0e5eaf218c8779e61a809024f2dedec17135e11d48dce12dad8a35ac9574949dd6f3f07e2212330471
0c125a0c926d2d02e2491f7039da7413377624af6260f05f1b98886cde9b34260ed7b53c46a30fef6b6e84b2e130f790b1a70851e18609223b389ba70a7db7c7aeaedac1a2e8b970a646e6316425c34dc6ad7142fff70ab22714294ba3104d15995248b421b570576f384ea9ff0f1cb7d399a35e018348ef
394145bfa6911f70a993a1b2791962058501513ad4d353581bf2d0a0db3838135f33e18cbb03548d1f10f3b35e19d8a96e4a7e90e0b885a17db0436b0f89db869da86c81fc988dd503d7573869ee5d0d76b551f280aa44125ae8224c03d386bf0731fd534cc20d4dba1bd4bb5657704762a13217d7bfeb77
26fc3d8f037087a015fc9db0a1709727fadbc509d5f6f06106fe269bade53683a1bd8ebc1d0291f8d6d0f4452c36c9d97c24e818d132ba447ab7f1160a871651124726116544602f4912012ae95dbf1788c1a343b45ecd95ef06076829638e82f893897d69c6d5ca283ffffffdec182413ffffffffba8591
0d314ed76273a663bf3447a45d30ba2c7e1c23e3a05eb15b36009de69ff03fcf102e361e18621fbae23bf7e5001d2d15883c67d150a5ada17922f86021256881cd4af480d3e2ee5331cd5b2705e8b082a157c29607e2aa32b4812941ab21da59b90101b001356b47281fac649e5fe00920768de12b887781
10540318dfce25f1ce28228e89517e0903fd6a9b7041a00fec0d85e1a46a17345b711832f8324943a8c023ed1e2e279d882e3b52d316ad2e2557e20c0659e9cac0e7aa81611879bcfda77131bede7fa46c2503664936002000831d5f6f532df09dc1176ccabfb240a5111c1334686932d174c767d4ab8ed3
3fd4d5fd03d72a71b4e05829f979cf06c4e5deae3d11134a8f5110aabfdf3900918cc7928d2023829622010298309360d06e0f434310fced7d01b4222ba52b6482ca7b63af6b646d15e5fc348cdf2d179ddff3e8b8e032eb53463fa31cfaaabd03805573cb02e09d3e2471df5c1f08f28368d9188ef6c2b3
3a69d26119e22552204ba705893fc434b08b6179ba780336d6621fc3ca8c22ea5151a8a04232eb39775a74d74a3197a4c8dc5c9f23f92f341e16cdf522c3a521d1cf9273fd599d08dd1c05095d3079a6ba250113a3e75fc30164371a46d101a46a6128c6c7c907599f3a253e67b78e5be0ea300eabadac76
15b848b5876568422efd2465f7eb691bcd4a58ae6496e12fda82a0017f191ea8f375e1799b7097be8fb986b3c117c0555c5503df22c67a487505cb1d0fad6c680f3d28b1bcbabed162471c32606c6f6ac61bf1a133fff24f022f3ff02d44509c2f92f7e743e4c7add70aef27f88ee694217a0f8e35c575d3
11f5419f95aca4d377f9de9656d7f03e37686b3c0750e3d0aa95126390b32279e38b25419f013787c4cb58f21804757101f943fa93672d00ffacb7bc109bd134ef8959933e6cf8e733fde500ac700c247315a15d09019ac6abd900c9dc59c488f3e019172380a4d82a150d6a64833bcfd3f83a76d6c3610c
3947514d0b9ebbd3bdef94a75994f915ca026ad8738842d6226b5a655dd6301d154844a577c2ce6e873e72d0fa2ebe2e5fb04e4122f7e51d453591af26997b3122e214f01c22d97d3558750b285a700190d8939eb0fd32096be33aa416777ca66ee22a25de7f5279ef2a62e9d7bd495c6006a6042ab673ef
30eaed71288f2040fefac669392831052ffa6cb7f61003a7df710c465c0e16e9a5d0caca14820832343167ea37045fb394c6e833805855e89d3e7b9605d7a6aad822194195033b25d325730cbfd2d405d689c00e5d5893ed8e850dae8a5d191628e1b00c2cb7d62d1111a3efdac7fd3680308a1d40e5c090
192e7c12b7b942713854cc93ae14a322f19b5cd58ff1b002537e6f4a31043c677447a1544fe3ad698c8afb26ad32d995252201768381e9dfcd576c033b263272dcb52ff29e5430efc9e44738911954ef8175627ec901bc06e38a17c3f209fea832729ceb1f4f7c5aac35880f56ccd1ea228363c940090108
2d79f4755e1f5b0084520fd08b617529d222cf8680f0018d64fd2e4fa2930180aa2ab0afd293e91a708714a46f2a6ea6554aca73816d20ed63370bae3e53a90b98272b014e95157e56531704888789df3dcba397e8a4aec11211249f2d1f835560b122215f8bade8951f88312777621db39144e4342fe7d9
0fe7aca337ab10a276de7465a9e57b2c3a1e7d01f4c2e2859da763f3d02d11e041caa79dd8f3b00ded72980f08392352cbbd75994189e2d7ed780009060bd0e482db74f3cef6c07fd266a72d77ba6607cee1a3ae0e91be14bcb306187462b2df6a72b2183e0f233248151e3673c9f7528362ab559c19a66c
2a87df8274868100bc4e9ced5df58810204f2cf7ddbf0056a6d540987d7f128bd8d1d6964a61a23af04132d34a36ac32c377a60132bdb9d17c7b25dc01f51a68f1cf636368030dfde1c4e82592b48f76d4faa16ed7fa4a13f7633dfdf3aeee422b22c0b9e51c6e40da041706697d9cfcd26267a3b160e7d6
031bb5590a88d5b0e29d071388dd6714018f9e3be71f50d77eb4290a57fc26f6a24bc15af93005288a772d6fe51baa47ec8b18b3c20253c9e6d17ffa08f3947ce541e2d3f590573353c89d23332ee89aa96993aff6b90cede6971f07f85de58e4200c4c1b27bf52b3d019b6e6ac884f14318a085ad09b8db
3d4693671bd419f1655fa97663a5e830e8179600a14a122b9124bb249795026cd9102b379ec21777e94c84ab9a010823e842f7d7806217334a0f99702e991dcdf14fd220d3a576fa3b4b8b09e0e8d9b3932921c371b41d9e8bc02f6f68a1b65527d038c1a68db054080d9ed92cb0e1a112338d307e1b240e
0b0969e59798502146ae648154344310197fc1086d6f826111336652c63c2af12b832cd7fbb08d580407f5f3c42d76d096bc195b3197427b1d0c23a81510e0096c4dc5d3fe525b4c53aed935d05a419470e582ec318d9f6eee5d3d1b173604479750a2374b58797b0a217b9a1c958ac2628e3c907809d40a
0000000000000000000000000000000000000000000000000000000000000000000000000000000000000000000000000000000000000000000000000000000000000000000000000000000000000000000000000000000000000000000000000000000000000000003ffffffdebe0101000000000000000
30af9a97f6ff25a0f50656804e0da73e3487f518f0b1e01cb780ae2ef4e3130d5d9ce7ec7c32cf2a26313f383e19dcd692d8611742623296d237ee8d04a44215412b1d73b5bbdeabab4e2a1efdd25ac8d890321022da533076fe1027b71e42356af2fd848e1b9aa952238482231e0c15c1c7b7ddcddd3ea5
2dcced3b7114a3e2c565c6c25fc21738e23fcee31ffd9012113d3daf3cb62751e15af21f3b20677cd9ba96b01a3c622fe06e5767d089eb50fe773a722f5fb50163a9cb90de6492653a12d621ab42e81077ecd02dc1fe2390e2d63cbb7e45559878a37dfc309a02aa2f3ba7811be4738682bbeb891e372545
2765c17e18e575938b65b8f44de96a2477af66cf5ace104264e0d1707f5501b0b5ceffabeda1a9835bd4eecb6615877a63b150cbc104564b86ed51da08ce37b27acbb612237ef542e03c0d3b35d48971f253d27edce6448286a519cca18fbe9254d315c4670fd101771226a6076ca44451613989efcc0d9c
0bb91a255e68c3c3b3109aa70ebf9926b86b447c0520818503d6849f15f917b993fad363dd80c8a5e54b81e9fa331c5d77f9f9b460239501b599086036734b13307733e14755cf118c72aa31f29304783d8dd1fcd1df8be504c003ab436bf31ffb536c66556d79e51d16b93c30f26de9c39f7e163bc1f6df
1719b2681c9efb61ccbf1bffa101a22826006f3df598b397d1a127d6e01c04b7d1945cdad3d3e9a3a6c6f2f520238187d0dfe8cb837c37a70e9dd4270fadad4b142e45b1d1790265b5b9ad2ea5619d1dca0ab181448f63813b8a274e48bfb3182fc04cfd9968cb4e76080dbb5be723f9939f97023a10ad94
06aafcf522a84b134865366cd2c650268573d519cbeff0071f350e085e25347bedc0e04cd5521823fd2a055ffd3c4c03c591576691b06ce5165d97410b2715c4505d5cb05a4c18f860b9310333ae478524a9a3166c8d1ea884293c087aa10924c0117c93394bca61c409b89b95b05940e014431514a15992
0b110001434c6fe20689bb6f8533910c5f56bc45242b92dd000d36dd85621036dc86cd6f2ce28edc7d2dcfd46a07bcf744d8827dd2413177042fb5ac2fa77d54c10c843351e2428e7e6e252817f59b0858b3c089507d34286ec337fe96fd330d1532736003433e9a0337760e9bb4ee9341d961ad14894d5c
06b1ce59c61af29318d8712d0e7a9f12f7850b5b11f6033dc74b7f28c5961e06f64f4e648b807237692ade783f01f3b3c65f7344d29659717e1e53e8235cfef0c79100f24b4d6e9893dccf3577a57a9993cae24ed5ddda43e93307c2bde7caf9a5a1ec6f129ada761d14e3ccf84b6af0f3bf304d027a815b
0418b30cbb7fc6c25d74ffeae7c2d70dce64a06f115c31c1c63b4b2131d312d892d44819350065ac7978adce99179d99deeb7706a298e6bdfdb8264e022372d12fe66b33fc42fc63d5f6291608059a70314462cbfd3fad4d17a71218d2e66daab620a5742a816142ca3354f4043f5de66146907646506117
05abb5c6026da5f3d6246ce4810d4c20146099fe620823cc792564bbd482288d5d1f5b4a4fe04fce6aa972479c26ad853f1c1a5ed03a0caccc99cb7a3939718ce241b8f31a5bf9c411c0080de6e39a631e08f232a1f1c871700c3bbd51955fcb0850448134455612d02781bd10e7f11623ac6b1bc3b70ffd
38710d3a13490a214b2cb6b93c5f09063e127c82d3ef80f22d05f8cdfcdc05b2e7c5fe8ae162c23f6cfaf5a44a38feb95070c9497078fbe607b6301d1cd1bfc58b189311acddd95bdd1c5d28eca3ff799d3b5060d8f61a592daf0fb5f40d9ce967b30deaf80f4b0b960a1c11d4f1ff5c532cb7f9985c5bfa
14b7ecb1777c2cd2633c35393f833e3c28925ae2c1fe215572855cec076f272a506df271d9b20b47f5fbc8bdae16acc75eb8e9b8c2c2fc73e770c2a81cec9085c2e5b992a819b750e09fbe08650aff957a2ee3fad6559b0fc05610ecd53375cecc532e9b8a48329ef329a19142860cc520d1698b250c2011
00080723ca6bc131316a0cadd87c58240205fae4c5a1a21cb6dfbcc0db9432eb9762cdc767f13f24c00dc5acee28a2ce2f3aceb0821a99731189d19324b2f5b33fe15943989eeffd074e0403e4e4d0de246443421c3dd8b4d5fd0d6d62f392c60a82d6f10fbc2d3b5018e98414138760e1003fcb39ea256a
1a42cd9978d30ce30a63d985351e913e960147b692b8c2b2eae0d9c86dbe1c6f68ab76fbdcc0d01876ae69d1fa25ca4b71caad85e17c7b484269c1931372c5e26e879582fb6e7555ac1908159bbf44709791c18f52492f20de771723bc952bf5c8b2be5514f4e38b8529d02b4343613952461814c6d69871
22907b27376d5333eb1640de9c38f6222bbb4d9d62672204fc0d0fb9ad1916fa9ac5833115c2bec63d60c34cc92efd27270fa6b180fcdf1e60bd62c438dc9c1c675d4342f35e382081d3e0064a450413d95ba1b1a5e7b32e53761babdeaa7d51592232fdbd4185f1683bb99a7843146d9064ed78aadb406f
17a89fcdd9ec82f17a89fcdd9ec82f118a9737ce58e39118a9737ce58e3933f626596a53c2b33f626596a53c2b02d6a2a0d8c6d7202d6a2a0d8c6d721adb6840df4a92e1adb6840df4a92e352497beda956e3352497beda956e3080000000c5fffd080000000c5fffd07fffffe4ee00e9080000005edffe9
000000000000000000000000000000000000000000000000000000000000000000000000000000000000000000000000000000000000000000000000000000000000000000000000000000000000000000000000000000000000000000000000000000000000000000000000000000000000000000000000
01e9e4137a974cf0f9e89b4ac778843194de446312b52225b938e50969e03313e4a390d474b2c8ad50030dae400a59034f64607e93e42731dee26f472120f97c438701603e4e43f2ee055e3f1b01b4369519f1df2f915f959fc3077ec1e95b9e59a3ecfe7d722f4ea62f3563dcf7c333f1dce6f4d72c8b20
13a069c381cda8936c73d339238d730f2b69bb6ba010b047e9189dbe69cb3b9d4c9050ceb7d3a8aa85daafb7850bcbbfb7aca7ee712fd6c2f6752db92d7bc82d05a22702988405b36242c901af332636b6ab616e42e8aa52a24a3bd0c320759fa7a232d85988c802351582d2dc0bc4da130fd54c16a86b9d
21f10fed88046c53890fb7c5f4394e0e68d0aeae845a926ce0d8c10842a6216a0598662d1a812181fbec9eb41e299bb2fabd39e59015aaa60154f124116b02574f3cbab0b6d58deaac0d2d379edb69f94480d201cdb47de5e2bf2e5c30ded6a6626047845c911f060d3c11a51682658703c78e7170baa527
3b70ef2cb6632f61d2b912513c0e523057e9abb2f40a12b8b170070dacc832c23b8db9a18a52a3dbd596709c1e3b5c88296fa070600ba396caac55bc3d9028cf1f06aec1a6262e124909ec34cc15a9b76d37922cbd7d7220af0d03e1eb1cffa892220d7ab8f803b42c1722bcc640a1072003b3c484a0cdce
20124e132e92e6023d4d934fdfec120f7a4dc8c02fdd219fd5d67b6e07fc30f314255c68df63e46d138370004020b4ee2c92d480b14b8633e8b37af60e72c2d9dd6ee2503bc7e50062905234d22661daf489b3478d9413cf2a063b9208058f22c162d6d52dcf59ff2b0de9c35e8cb491800d4bbe44ec8678
1e003ac0ee8777c0a76068ef9656cd1f2c90a6b3e81ba2b08f88278fffbc03ff2d262bc90191d5dd4a9a24ae8337a3a119666697f196f37605e3ee6814562f48e8a88460a9d2b48fb9c12f2ee11a7d6fac95d1c1135cb89c67f31a218801d426bf10a6f0dcdd529c691b3378b22fffdd106759d3a01bfed7
00bbc4088cea679258a345caed93a10154c7a1440121419441bfcb6e9f601c8eba34a5577110975398da8b61d90809b590475478f1abdd58cf398c872e9c83bb3e9b2f7052ecbae4c3c6c83d83eab5ab4f92a11d5137016ea63c136b0db89079b581533ce1606162ca2366f383d61504a349916cd3af29bc
0077925c054e9bd05aeb21e5f1ead52f3430e8644f3c72e877a07e46362c197cff52509259f23c6200decf96fd288f1d8b149206e354b462acd2b584117ce5a624a55a52a2bfd21176bc2f2aa1f814474a19902b2ebbdbf41190171a6b70372e26300644768c0e0fca2e05e0c69263e4e04d6fdbdab82dcb
292e316f5db985c1a174bffa197d2c13b6dd335d37dbe0f7db7f388514de13d870511bb5507063ee4a45eb17be01a6a34a843df8b1a34f8ed6c8ba3e137903d68a9895231bf3ad2ae4fc31336406dca5fee9d167319d99d46e6621d55f0efb4795d23e96a8ee987c3539e6bff9004acd62e08fd6961ccff6
0fa374123adc64728b1e873816769904065c6eb3bcf8536861acd2899d8a34e1c883523155728bdc0ffe65b0641cc91882c22fc613c1400827ef3d1616ab2f1ea34d0c129943fe1b2a657f16774ee0a82b0ad3c42d3841db758c259aaa58c0cc15c2df7258532678e438cec8edf2215af06ce708583d2d98
2ffb5c4e1ddb4f43797d3fa36a0d9b2188b0014e9016f33f2db0cb97a35109c854ecf4c8f8003163c81d293eba01edfb4416edc5e37505211fa244063749e2d0c04b34607612c49a04c51a3bf6339a4f769df2518dad7681f995193ce90811f95ff1344f2b1356866e3cc1cfae9bf6d771d848434021638f
14e0e9a8fb16a3202edaf937d6245f0170570160187cc20e8ee3fd7e2fe4161e7ca67c22db82f137147cafac4d3cee64153da5e66346bd9bc793ded919f46f94c223c3528436c4d2a53eef123188cec4fb8523e8df0f3e2f921833220d6c360eb9e1e6173a934862f22b478d558d3d1d631fadd49c72d814
29ceb4e25db8b002e56161561ad643159fe0733c55ab30233f82c7d5770f252cb857adb8f9f29f9642613901f83df37ecf6d9c9221a137ee3fae71d113d3b7e508b5a210b3463d2b959b9c0bd0500d7d4fcca0e808d7d42dc810135fd44113d80b23ed403f36d1de33094a0a3cae67fe50f7538c1b45042b
34b6f6020284d7e0056ce32d24e1c811c805402bd1bd62668779a76607e417de68b0c48472e02a4a1dcaeabd5f04994c3bb4b127e1a2873c1d153a52266ca00f30ce6163a3ef71d2650ed72a3d63a855b0f6d2fbc2af56456b9f0a58ea5daf8851f00cc1be0038b53c0c7dc2e3c0e3c861b6d102474ae175
32089a9884d1cf41245b2847b7b0b03d7238aa67b3bf531c4a1185ba8e8e0d1a79a81bea1a4049a2df081b756a2117313333e759317ed40543d6db43363d932933ce2391f7e0c49124fc26156c9e3ca84cade2cefe25085556e5031d770038d67242a1018ffd7a98d83fc7c7feb1e00d10037c8000000000
000000000000000000000000000000000000000000000000000000000000000000000000000000000000000000000000000000000000000000000000000000000000000000000000000000000000000000000000000000000000000000000000000000000000000000000000000000000000000000000000
124826edc88b9e4361ab109870499413cac98ee5285fa20a9ff65a3700232e518ffcffc1b762cf44c395c4211231366d8d3cb0e3713d6f6199528ead2eb49a3023b8dd61d9690dcf9af56f31334fdd8f73e5c2d3eaf01939a6b1311fd6fedc468bf062824ddb73c7303fdda19a60e00d70caeeffd59703ab
265b0a8d04a764b37c435451e3e32039e8cba65511a2f22d4d512da41f4e2b085bdaabfc4d227ed350bca9d00927a0f2a2fa983e21e8dfd7f44e073a1b3be849d8e0c3a19013143c1215721fed1ca51bd441f032c313a30bad39391134094d81000054b213cb76cc722c3ce3425d6cef12e0bfce043962fc
12530dc7f50ba4b19a91a5f59851d71e0d01815a6346b2a8afc140c7e341261d3449550e4652a23a90db5e92eb1f9f942801af92c26f829e48585ca80f4bae7ee99314708c288b39ea40db1e9ab8e914192f0011f04ba6d6688a2a4159bdb6dddc419722706abb5faf393682b0c66ede917ada6afcebba7f
0ad9bfcd8ea3a09286e50c1bb0f2491a181e6c6be53ac06d0af8129c208b266e8f283f3966b14e904626a3f9961bce52f801dddf12ac3411f660f1ab2f8d78bf0ad787f158c98a5c4eefba390e8ba463db6c81c745f059ba13841a18f28cfa9383b02c6d8f1fe7f717303f4d9139a5bd40ae34aa6911d1b1
1ae3a8cab043a1413e63d13fa4b719351cbbf12ebd2a50ef1300902aa31d18ea63bf2a81c7d391a999afc876e6316b5271790b4c0211a6da9a51956f033fa1a8331fc7b1fd68f2eaaf661608c8ed81747b20931fd652ed9cf1c011fd97f2a30bd0709f5138ab977bc23cb73de92fb6eca322b6dfb4767dda
2a449e1f36bc03b218b869452ce61300e46263ab9892e36aa072136e769716422f1d2fcb9850075632596f6d640f77cd62cb0329a15a1991cdea76210d47f6acf9f1e55346ef1fc784bd4d12023aa609f584f052f3cd0ff15be436d9284aebb6beb2a6c44f523364e820bb180986c2caf03ec88209ae760f
2e466e8c1d4f74528b985927eb319a0e0c63771329c380ccb8138d59c6d824c98efb153755e2f9b753549c39f823d1213526536740491936cc09293f07ef9cf73e8cb262eafcc2c01812e33670c3c4ae629c009226d5bec69300044c6e51097f2210862fd9b3915b652976e2cb8e191150faa8d520f61570
0c8bd140133dadf168a5af6a915fdf199073e7f37fed0253ef4beb34b8e6264d51dcd077339280fbbc71071606004d7c021d2c610187faccbf7832240f7bb5549325bed38c9756640aa5d502d931f2d2520162166335769173f73e7c091caddb236017e6802f0737ad3c9c7b1829c6ef73250d5079215096
23298c39463169c08a6ad41f77ec6d32082f67f22ec33132f6e91c60bc632be53f824937c78067afebe2836002106115e6560ac4122deb2fac1bd2ab0c3c7168cb5f025271a63052cc3a0b1036b74eec55ddf22c4ce8edba266420467357b3b6bff00b6cc4add1a91f186353ca19fa2ba0d61c9fd1549dc7
35c4b7a6fef94f4094b3a172ce55e214ac2b090e1f37c0af8fa0403dd4f210b2bf537d13b4d1702f5199941fdf1e330f4101106663a6ac12da8de4970bb9a344d0dd71215fa9785a2a392e20ba2b9a90b580c337e4d93681bbd8359a741dbe85ae3394d6b4b8bc371c39f9f4a89e643cc274626fd69a9292
2e94a75c214028c3184d94a0a1bffb0bfd5c330a4694b385e5172a3f4a712f148014a73b6b6116ee6306f54cc5223d24121e85c1506aee3091a8b7a13e098a09e2aa28e223a8f02ae11891284b3735b3078791f5c3bd113b1bae3d1ac7cc1c5dfde173af0b83a65f1037982d78355d099164c8f786ca5106
012ac536ff78c421bae07640dae21313d886e7dbbe52d2fe537a92ef938f30f6c915f86fcde04215a39c22180b3cac1c28f5a0b190ae38b3dfed4d1f187a0fb2dcf911a0d812624ebc19d226f495efc572ef43ae8a39dc94e3a5204c3d0cb6d89df035ded60879977b3b8fed3406fa10f08ddb4f2836f7e8
2e6be3e8625e1541da9607f3887e830ffe20da24e64ca01b16e52822cb0503d59008821d26e08e151731adec4a1d84a22d4d1dcb31568886863240bd0267baef3129f510fc15740b34254b1e30dd80143bf6537518c42a3f53a8352dcb05cf1e268166641250c688f305328cc5567a0e51f9f150668de549
1c447bbc4e0ee8906304cef838da6e1b3384f780264161d9090edc9f771310c0dae1c3fabac1d96e482778331d06bd8c2cd1ea331080671cba5b8c0a0f2afc60ed546b50f6d8378906a07e0090d538cea94780cfbd8089c004ed01a4112d2f92b393c5fcec90d90bec226fa589f03732432ee4a2e3d17b4f
2bd3f9533c73eb619d7a92b1a5df640fcf843af6ed88c10ce3339ddde85129eea20d736b8f7182b62a0a6a2dc31161646b8ff758104797b315dfc4d130018c79fc9b6190d02a27b57ff729169ef6c2f4a207f2474f25fce8324113972b41c6f6e4a099601ebc0c91b837ffffc61b000e8380000376500018
000000000000000000000000000000000000000000000000000000000000000000000000000000000000000000000000000000000000000000000000000000000000000000000000000000000000000000000000000000000000000000000000000000000000000000000000000000000000000000000000
19e2cdb33d0c0e229fc7bc4bb435f62b39953a25f27f61ed5d4bd877d6ca09cf24aecbb4ff20a9e2b26ea0fc9e0d3931458dd035c39f9871f332b62e1488129ae9e2e9619c94ec0202f3e10849b88824eec92339072ed65b1a9929161392ecdeda404dd4b3270bea530ed18f7ec81c76d2787ecb2635d19d
2c3a5ab2951377d0d780179289ad1b1b4d3cb4b85ea22004d67be08cfb9129dee12d700b6e70925b4b31d849523436f86fd977c4726f9f2f4e2fe0922050b0e17fd4721339a06db00992a7084a453bfaff0f8169b80e399b4a8d35197e9c4bb22c13e4c122e131e19819604508d417fc80d73ac19676262d
39618a2401b41a03dfffcb72d435ad2c490e9e0daa422008bdc4c9ee3e54183eda2c1c05d132e594f88fd7052332e78aadb78093f36f5812c1114e531a6067d53d261690dc134b0f0d9aaf0ce6d98d62093d51ed2fade5286e5816aa1ce4c85d3251db28756f6b049824f65bbdb4b358c007fef39f56a460
3cf97dc7a6b430e0d7afe7f55ba20e36d33c6727fcb5b2fcf53f9a8af94902d6c945b7912b21029f222361a0e01a6f865f191be1e260fa123044696c38ae511dd52c1750e366f753f3ba9b13c9b2438fdf20b12977d8a1898cc411bc1292544acbb1625682a9ac736d004be03f45f7b0e32ec0131bda5aa7
0975b979596c8571e47a15e71c0c851734f012baa976810f6fcc7d1f2b2905ef2d515b4f6fd1ecf8cac23763fa1e398ac7dcb64fb0e5c3b209c2822839db91197b8ab9806f8e5a7ef288cf3e16c2d13586afe1be4728162f95531896e5ebea5b8bc1edbc2bea3c85ef23b74dfc87c0f4001ec969028f6946
2fa7a7b41fd6279197903f1cbabf4b09b2b6e33e0773d1be174d340e27f80164d18f92e5af91eccc6d5e7497cc025966c829039012b466d0d67876cc1a7b832ad707468135b3edd0f3b92e11382b13976f9f02c3c8c2674d053c0b5185a2830c59714ed5d5e6afe4fb11ad8c7bb1cc88c0adb13912704f92
19596ab239079f9389d7ac2ed5ea4919f88a06c1a34333ce92f699b10a100ec0f4bed4fd94d18e89296c5118960e90afac19e0ab01bd5c265d246b9720d291e6d65af90282730c43a9557c3cf20a6b8ede8813a50de61cc2ca3335023fe074cf0911a415522ab00fb3202cd727ee62839086fa128bdc7505
24698aee93b53a21fd97047f77f03f28aa5ab6d8a501918c4794d872bf063b807f94831052d21899b353f6408a050f5d25a3f66703e16d1bec5d40ac387e52e8f477fc71e4e15cf94acc6737fa2567d34f40d38439cec30b57d42add6d9b1a181ac2c33607590daf923da164184de4d0107526bc8ff3006f
37a01dd2fdbe5ba23af8ebeb8101291ff686695d1b52f297bc2f248a34430cadc6524ca5816026b4489ea16d6f1f08f4905d4707d192e165ea414ff61b52af9385ed2090be00d3f287f1ac3b4ecf48ee0a6092de44d62701697803047b661e0eb8d1dc4cc6e4beb71c284172a13a262ed10b067c25a0ef28
2a49499a6528e9418c163a0215ba280c0cb502add70312922a7819151ab7143285b5dcbded102d862e660a1a26389e170640e63dc2138f44cf45d88d09535bbfbaa9bf93889409be8a0da310ac7f1a441979b1ad08f113ccee1417c5775a65aa67e1c9e558c87b6a65256b3ff42db634d17156afef9045c7
214b764af70bc1f26dcf73dc2067921bf8b67e33a9d3d20983a74de1debd3251af10d2154cd1e6c96fc0a0a5c838a24613770ab24392fb1920efdda338acf4b960b7d24020595ac7f54d4118a023d198ed93f0d3b7dd04df93771f2fa4f981026eb20b1cae0f9c4ea22175c010dc2cafd161248c29cc815e
1a40f94038de9af3a61075f28b07de16b5ae2fed121b4394e880e5f5b5e60899fca181c90132fe71bab63b25e31699959f2fd90bf13e55bd1a13127826bd50afc1390cf21924c6c790cd55207f1076e4a73143bbfae0ba39a5253217343e76c71321d087de4eefde41002f2719ec2f8d6333c9c4a1118174
1496fc31cb47bb318f90947bbfac641dd329c932f93f10e4d452f34dbc300b66ea028fd0f9137368938e82b6ba269a76fd4c50074334856eaef500eb230575acafe53523e8572f7d96e1191447f8bdc8ef18538aff768c319ec8222bfc66c715e4f04a562d40af983d1c3f51f9d9e4b5d05ed073e30f056b
164de7840c691181e20745727c87660a0424c958d7a2c16ff1f45797a45634a55239b9fca582c4275d0abad0dc29bc7bc3305bd0f366667480a23f5b2aa0fff25e60b022e09511f26a9e1b19aa9c49acff41b366eee89e2916fc29ddb4bd34f56b414a4b95ab30f8850c93b4d10f392763822b383acb9fa2
025fdd96c3defce0cea03494341198237eeb549eb780e00e03e91db509c12abf0def1ce8b59393a90f6f515cc22b41a8556b883c52d1bac3c374f4ed21808461d2154060b785503ec7a9fd1b11986b5fefa1c2ff5864712589db24b10cbb73ff7c8374e9071ff4e1270e3837fdadc7d900dc837ffbe37c90
000000000000000000000000000000000000000000000000000000000000000000000000000000000000000000000000000000000000000000000000000000000000000000000000000000000000000000000000000000000000000000000000000000000000000000000000000000000000000000000000
0f0f4883ad28d843b596a829e3c7a022e5cab1fdfa97f0a8062db73dd58035410e60275e6a10f9663a3ad55d9c0929e99d6840902353bb2b94e8b3a60b938f3e530833f3a635f429801c3f231e45b69c91b44202a0831a1901541ae60e9c2e7ff6a21f60e035a6d4db15ca9cc624d01933ee95de4730146a
0b42554bf9a71b515aa634bc4655253475c8789a4e6133c209512a42b77a2dddec17a26b192191a4409ce2638d3867b231d45079629c02e9fd6c001031f9f848f892ddb2a0f3d028c3a2ff1f2044491a41a251f90e3daa80d2812aee26511a66de713d9f3782d8395a1e66b1d259a025a38838c5116cbdae
1d6e6cd40c402d13be881bd7a1b9cf3881f6704d5846a363bdd7953860b111260cf2b52099a05a4bdf80c43c32085a430ef07eb7f0db0aef5c8d929d145888375deea4d36132efa6ad0794356c68b34c064e41523eb13a0269e708fd8cb2f365f5c3fa67cd8665635421d2517686cfb60353bcf85b02cd39
1e437d93c32303d216b661a8bd7e0c13405c4e06b9e3d157468655ef830828e1a04f4be6f562264ce5bd54621123f1d3f6f51767821faf70f53134ea3552da2b82f9ed409f28af68fb412138698bb94fbd77924e5486e9a41c812b4b74872599891101f290039067060bbf5b15f6ccff631b7211c9f3f762
3d81cd5f0cde1c403522cdc11015c40668ef52f88ae8a29ccb28a664424a013d0f12519e12625c4d5db221555e09bc0e067b5641409e03d6fd35e8541f26bc4e9938abf13677e83eeffdb910ebf632c47f00620e5cbec76ccfa020515ac9f08921517247b579e25d3a3ad5bab4303186128df4414c1db10e
01aba0d6d8e26bd22731a800b4dd7f1c38119169a3efa25e5d764c3c3c511f221171bfc6a6f008e8f07e70062032a0c7200826c9d0777a69036d33583e71c6e126d4aa203b2783c05d29560ad5241bf6a27cf3d81ebbeca65a1c2c3ee79bbc0f1b92f86a70d98abdf008a20bc5140d3782904ef31d1cd439
255f37c997e6f3a38c2d5936521656020b5ba70408bec0e60b82c76e2cbc1ebe101be5e29742b4a3f02fe6df913cf8da017926258083694c9a049f8b0b79a3a85bde687097d1a6d21705e129df46db7c9988c138b4bf71628ccf047127ffa3ad3733abb1d626ea55f237849cde109ea0a39f94b9129566e6
0446e913a77e1d03de662935939f663920ad7fca1a3a90272c622f1ed6612516694bc964e1907a8769f85afebe1c2e143145ea5fa0deb9f3f6df7c24038dca797a9c4a237a2a301492d1d111187fdd38aabc01e42d24485aa87b29c6fcb8cabeed437ac0d251da32a5373916c9a9e5c66022093f592f8ca2
319265ebcdc7a2b2fee74de126426117f0d4e9c0299fa1208f5f791effdf0852e5285f1fd201558ed0976943e118604596d536e5f06de1a0ae35c4041ab7ed0a19ab46420e163fdd8db6010b02711044c932426518cc3a6fc9193de397ad33fdc862ae9612d898a42e3a3e90c5138a3c1102e1f29327ae25
32fee3119dc4b8835c33f03852ef5202dda8227ce0a531c5102d31a6562e3664f5d5826088219cbf0012c9c6790caabe85796b34c1e184844730a39f38f568bcc6843e001adac1e6b1053a1521b29f0bca7d4127db8443f071780fdc0da5ca9db4730f66cfee98fecb0a11613689cd715019ee8c4fc5c657
0780032de45cc70367fca2c6acb34217e4918f273193405cd59c314dbd742245bebc89f1aad224a2b58d271e3e15f78a344e3c84b0acfb98a88471bf1fb1624c16f9e0135423305ea0f3603fa3bb58436740a1681ee748a542ad357563dcdfafc9e0ce680bd34270a33e62bf054321f68103735bc1d667dc
269b98080552cc2039e9b055cb912f0f1b8a339aef14d106fa5a5fe47d010fda43ddf6dd1c90d673c01845b3c936a47b1531a7e652ff829c116bb7d6302c194373d8ceb0ccaee1ae46c68c3b3a2e60df275560328d996a29fc0329801d5da46337901a1179b284d1b130aca60a233a60622501cd6331f056
1bee3cfc427ee7133098d3a8d2d18f0e764eabad925330d318a02699b62f2949194a83e9e3b1d888411dc3b04b1be70879c19ce160067483262b1a5a0e6b1c6ca25a7d52a845998903be0d231756242448e2602d77b4d9dc2c4d24fe4083664913826f3e6a147490ef0051b640bca644010ba8fb757ed8f3
0a5aad9be6baf4b207ddd7459758b82aaa7b8bd86d2c21a1b964dea774fb167ab50799ab04417bc103ce3bd78b25477b8715f568f3de1a1a79d1d46722e952b52b1a9c61e9c72e5d0cdece26877d4f6f44007308d5fefd98d561303bcf9627fb2c7342e4b70802fa8530dafd32db171bc1751778d8244102
36b38af73e65feb0bbc2565bdc196c2d81322e97cf03e345b6116edb86ef240fbbc404bc394044e5ece76fb4b9276c64099eedaa30be9adc1516a0901a389d0d272ad3300b8b57950e0a473da9a53aa833bb72767003ecf98e5139703c304bf27b306a85fcf4d1aafe32000e3623e00d10de40dc83800000
000000000000000000000000000000000000000000000000000000000000000000000000000000000000000000000000000000000000000000000000000000000000000000000000000000000000000000000000000000000000000000000000000000000000000000000000000000000000000000000000
3c7b98d824a2dae0f7d273fcc182d81a0cc4b403f3b1a0035d42e7811e4f1466f34f63808d60190ac03206e52b0522de33e0566b635a9eb25a7260343ce7418622404dd3db558d6b484add077d870594c3bcd3138bf7a141d15516800d0f933fe7e1e01e935ebaf5c614fc8ffa4c1c1351b2685a34bb36bd
2a2fba6a7d0e0aa36677ee232ddc393650b06637911b1315eddaacc5c7c80c501a653d4134d29f718b952ffdbc1e567cc72099a15274f1c79a6fa33416c5b84ca0e46a41aa9b35c9c1b1232e3221e834d401c27433caa138e9d303da2b1999c34ee2ba8eec40db271638b6234dee9afef1372ad8dd1ab434
0acf2a5fdaad7bf18465007354092a1b6be754419145b2db5c83768b624e1a51097c6ed746300d3fa4a7d80f0017a2c6d2207d45e2075abc30821c0d311f972339ac9ad2584ec83977cf873a9e4d98bffb8df09ebbb0ee27ffb30128e3ed949faa20b3db19f436696635ae57e7f17d1fa10a0ce2057eeea8
2c149aa221c2fc629a5031db98c3d3174b447a9ddec2436b4791ba246c9b15aba79015b825d0ad63ddb310d1ab0b8d321d89341363e49bbf22906b80116d2b39f649fa9170a02f6b8130b418a1fbde975120518eddfa05a3af84053a55894bfdf89109814b234f4899309aa1f0dac468815b24245ca3755f
0866fc1ff7b4d9223818b1ef315c313fd5a15a6202e633dd36ffb3952908338c32988a267f62d0c4ba14b4386403c15844bbd42f02f5d04aa073696b102bdca91f48f6b2d3fe1172c1721d2fe8b4ad88695311d831500389d4701c6d77e07d3b5a93291167378d9da501820c819a1e7be1083a9616cd206a
0db8a884146f76c1d4c73b17df05b936147c0534e1dd82170018b804a2b523b2f4485ebc9392636bfc61c493e2364839ba376a1501e5817e5739e0d40dfdbbb8fbf8b832e67a654974012a3a169407ee109a11ac3a6cce700a1e3a72dcf39bb08bf1e584de0288ae5a21546af6efb7151192b74edf2315f8
157b971ccc059910015e77dcfc2e111afe4d029c3495d1168117ecb6990424b60e78b85982f3958953ea2e2132192aae13fe41ce33ca91fb9526b5bf150d1eafb65142c0f99ab9fd565b4c3262df5b04392360e0f1f53e7f12473f819fbb968256720f65dbcfdb21f439f5ebe318ff7ee20497c8fb0df4da
30a09a182f772a30fd667c13d7fa4c0185ab5ff5ffd683631cbf480fc69c3a3e7c8f20d480a00327cfbeafb70f1bfb05254bc7b7425b4d7d6b33b83204024bc5c8c9a3805d927c84f200630d7c16b65ae2ace210a32d8b230a62003bc566885adb70850651ba477a982b2cc2f0017ddbf18539a82fc3a512
1ab7fbbdc4c208b0024a2395559a7725a17a775fa231e1235e2753caf2d4106c4e9a2eed4161477ea51af1814039a0e2c8f034ba41c4dad7232949653a00b9395b26ea91e6d15d1e5937db2c630deb1f0e67f1da74df680cc51a1c6e4001304839607eea760a1475bd3c0596c49ed881b0eed365a9b27afe
17a2211e8ea4a850ad7f01aca4af0f33b0da8ef19be5517eff3951ae463708fb0c94b97d3153f27896750fc5411327655f73b540031fe5aed25648af279d054cef7c89613770c86d9ee80510842683f23394b360222cb88440ce355c40e557d70e12c15e589eef27d02ecfb1ce72c8d8f267ecaef5bff427
1cb22a6463e96991d5dbb19f4a530d31beba4f873100b0cf957eef270bc005fdfb07c44fb381deeeee16c9043d34e47797af086710761ea55be541d008009e05a064c8a1c067b2a04ddcfe1f71bb4692db9fd384d390b393fa973f1713331198c2916bacdc9fb83aa71578d13f7195eef20cecaa6a142f4c
0d6c8fa14f0bf4b01f894e3b046e3812c15328ac31f7c0ea3d2853e3d88719ed935591ffd2f0c9970e59256e691c759b976e75bcc181bd8cdd7c2620264fe467816d173138e9208483a7fc218c963786b2ab80964949ed6f2cbe3cc3288e08f089315bec5d5f07aa8d1a32380586253bd2ca743d141d7ffd
32ee8b5b021123a3b7a8277b54c65629162ce634ab34e22979f3a612a3d616ab5f043459a2e38da4e3c5d3cb99394e8826040185c26963725d261d4936286ba8c040d7d009e776494e57a304d5f91944e28e2129bdf0168d232f1e8b7a983153bb92db44edd370ccef05442db7aef2a1735344f6fb3db83e
0b91b7b4e9315013a9928ee290a5b2111f9ad46ddfe2e1f7b9a5c1e83a70038fce1fd8040ea37091fb8ab88ab4201e4b3de6ec4f33078281026c57133a30b548d22ff3905687bad2a8bd083d8d3875e8b73df120702b6c0f57dc2dbd1939f83adcf108e739e65f17063e310595d1270ab2ad48929088cfcd
19d25c05c8b4862004bbdacbe02641393407ab8e1ca2d173fbc80565e7fe375006fbc58db4b116402e9ad035550e31b1bf7e5114a3e88667d036bd4c3c2c9473b41393e0fac8a45e93268130f0c41d08fe4e903361d2b497bada0387870d3937de33c78790b5ea7bce3ffff1fdfa1845100000de40dc8380
000000000000000000000000000000000000000000000000000000000000000000000000000000000000000000000000000000000000000000000000000000000000000000000000000000000000000000000000000000000000000000000000000000000000000000000000000000000000000000000000
07e10ebfb633dd50ecf892e79826a4284856a55a16c1e1d3758563f5a31804e2adeea4a787226c77b560293fc1219e1f8e9a48e16398cfa5d016d7531e09693fa49e94633c960a68999dc900ddccdad2212cd146bfe31556c43d2d64777f65bec4e35eab0fe6465c0f135587d5e63a773068e6871b90224f
01e1fa1fe7a6d3103d47eea7ff5c620ef81aeef986f7824df454c35318091939823477a610e32cc82feea93e9033709c2b166d9051e7b874064fe3602f84f20df80d8f42ebc1a276315d8f1e44444904800ee2415b8ca92065db235e3dcedab6341272c8f0414255a139f64d6d9d325672def0878427b208
3b1923cfd2f20cc3b19b23dda8f93907ce9058b3d2629111178805a9012934b070e67732aa903775130edba9ca2d5d70106ef15700ba84587a27fbb63bcc4ef6db8aa7b06191537724fec51c0cc1933b356e43e784ff967fbb2531d7e7aaed48072088d0f2bdee1b1f01b2338693e13ed164dfc0b62d82da
036b270ff86eb82284366421214bf60ce501b31cf2df61677b5dbc339c9a28a0c4654eca2c62d0eb8ce83f9a1113b1c87c12abf200c2d5eef78c0c113682f06f4072c0015ab45b84cfccbf06b79357715bcd006aa8648971ed0d169c82a419cd4132f8321f5102023e29fe123ab1cdb0f0b90b85511cee3c
0637505362412622865cad50d9aa4533988d20044ebed35d14c3b367639d34108e56f9d229a32eff1ea3b3bcbd141d87edb9f9c65313126d4adb0295297702310e69a7c0a9b6a61f806fb71a652a4131a90961e1667d994430ec235e96b11c33cf20f19f8a9df7ba9e12a7e239f5a151d14b03619bb22ea5
23a864262e9679432f63cdda51da0c134f5a85efc57a325f07f30bac4f2a3679d137ef0b7ff0110642b75cfddf25a24b28f22e2c7042f0a2d872a4673d6f8b3aacf0b84087104f44b8b13316407f7674569b22bdbf6814c2ca241a019562f3d28b80146cb271e4cf033ff34b4cd4cf365258f2acd195811d
3e41fa245365bf92d6f305d11abbba0ce48decc51eee925b45f842c7045527afb0f1d9617022ec7a9142a5ff75068c6b2524ecf2910b7ce35abb263c0457caf29793c8522f57cedd479b901343a8779229e8337996510b8ef78d3f7ba25be4a742809d04117ca49c74181f995d21379e7309bf934d9c3163
1356398a50ce8371fcbdbb2eefc8dd00bb9cec8dd46bd35ec53ba9dce5242ec280be174a0a206c396e8a449ca7222a9701accb31539cd3d1822c418d1316bcac5e9ae980914a9f1d0196f11781613b4077d193e075ba6fa17795302f729a5a7ada41295b7a2158959013c17d6044303e61ed60051aefb346
335ba54a64c31e823f00d13e0a704a07af8ab76add375252375be897ac893a36a9cce4043e12ad59928f23d8d137c0fed9e6f2d720eabfc8e0e3547736ddca3056b598d3aa12636e82bf060e6b1350a6824b70bfd2e18e1170b03c74a97f44bb41b1ee627d737e6793018dff523192d78093e0c098be30ff
2fa8ee462872127100e3c65a2bb83035cd1ecceb3c110269a75c2117935006bd6c370983f0112ab9894ae565600073922e3ee58410d15cec6ce2e23e163a8a81d4a261c060d931f801eb3f3d08983d6ded61120fe08d98c6111c3d5c672e41b5e4f2af395798243df423dab132fa9af6e2fa9b8891777e10
24e474648390726258dc788f67369822fe030022d857e1e3c5ff3977385a068a247b93a98c93eb5c8855a8d8721bebf71fa70a84b28a4025765aa3dd3e17a7d345db5752665819f50a66653435edb92cc4142327b3eb0750baf13f2f1ad8184430c0a8cbf6644488b31b938948e3bb7050fc838cbc488615
279f9ec132c5b1d0f7560a6d53b6c6059e57289bd64511deee04adece63f102c43513f6763e1e3282e4707590108671aeac53cbb534481a9c777ede6315fb682d9c1acf0ec8d43eb5396862d426002e537ab13b2589930ad3f9d1de515b889cf4190fd858c84a658661ec9e1aed23c36f2b95c96e5b2c6f7
365368064ad51943ff82a6276ebdc90e998994cf83ede3db970a8f4cf8ea3b0f2ceeef834e00ae234988b6872c33e4678847b78300e777f33c1b6d040c8a1ee5d54468b15ccb15b63e17d5149558d4a300b16104072b0f62310b0e92a104f7a0b50086d44027837e0e20d0d8b0180f0d8345a9bb95042463
0da5a272bec8d3e3462b1934f20ae62521fb9d8a5d0940539fcd2e3be42923c29bdde24e75d1c7c3fe0a03101e0ce3cf9e14c67500bbef3ab730f33a092a930f45a23b51fc6cb97ca193d42fb0609887109c42e226ce944d141528df16a9150cc352274d1d1c97f03b12c22bc281976ea28903ced87a70c8
21ccd239676913920ce9f88a6945ff3d9517ef12f841919354a795ff42653b1a1dae1b7dd47027ccb62bb44c4b039342c0771838b2570000420bbc310750805a7d3141601d86aa3449d34b155572bfa9395382181a24290da2e8180869c01fe4f3527f7963fdc13a8c3ffffffddde01e1000000000de40e0
000000000000000000000000000000000000000000000000000000000000000000000000000000000000000000000000000000000000000000000000000000000000000000000000000000000000000000000000000000000000000000000000000000000000000000000000000000000000000000000000
0805d83b853b7a90fba749771002e53bdedaf33d385d90b2edd78ad51701181db33a6e830dd34f9845b9df5448284168562fdda302105ce4ba0b5262364923c8bb7ed5d070f844231087a911fbea0206d81a4159c449f5e5c74a073fec880edfebe304a48a45523c2631857f6338f290e3ec0f53bd188fce
2b41a33c6c8c4790609e2a9519fc611ca3f4093fefb031dd4bae68eef730016f45ebf3b36cf3b581ca775d70153f8a5d2e7ac2e8f176cbae29d9d0d71de37f1261e997e24c12514af5a4ed24181c3a02657222ff8857fd7f05be1413bd949c823f812f2e122d2cad870c819995ff0767d24b0b2c8347b4a3
0c94ae18d61574e249c9e6f6512dca11b0b6e6a41d2a43cc7a51de8e2ce236bcf7bb9f9c07800a68642a40b0860ce0b2bc121f0c2246baefaf873ec238555316f16c91d02d59422e02da981b03317d40e67b51dd5b8e697d76b52d07ea8be5fc1f828d1774c83bfdfb0955b628e9236dd1001d55ee7ece23
03a9bfc48762fcc34fb2d9d17042963481cfbd6f91265128a3c0540a9f753db8888c6ebc0fd0912b5309bad7552a0c8bcac2732a71eb5c0b5f4c6dc10dd6814b010ca0b29fd639bf527b971b71a384beebb6b2fb9d70d96c12bd188ed93c1253b5d3da71d38e8739fd27cb6ea76a684b3238ef224f0c328d
19c45253ace8e1f1866a9845c362c4044fc80cd357d6714cf97ba92c3caf2d60cda3bb3bfee310cfb1f71cc0680ac4ea42b6f33f114e5b276b4a408033ea5f81ee761c40726edc728bc2c61d0b09908057c5032c251055ffa06b3f08cc76a4aa0283d1350dba9d5eb634b48b0b046fdf01dea4b935121c05
2b56cbbad19b7810fffb8e12c743081c5b822e1cbb2b72d3a5fc812644cc103f4d1eb2e864b289d35a2f1067ea04a85e9560da1d13709c5d3badb4093e8e4b450c575b31405a67e381de650c42f523eddb9b6034e7341448add23d0be0d60ccd2092fa783e9948a62027e9d8920d76f4305c6e30b9e7821f
06c1fee00eb366623eb6522529d6601fca7da8ba7b4de1cc656c9da9d3773e2c5db25cdb56e2982d83ef243a6b29d2988102bf1303c87350bd7dc9ae201901c032c2bd01dbe8e37d0186ec0864f950ed95125245d69dedea13d31bce4ee9a3301b03919976b8d2c0bc32d8cee3945c9921cdea234b336092
1d9682206b4d3e435c37076381c8a123b5c791d59686e2f912ea222de4eb26c8ffb49bd5a9d1c908b03f62eee506f71bef43ee4f73e5bc13751e02d320466ec7dbb1b5332fb28d8d22460c10a15264bac2e9703368d82ac7b5023dc94a241fc8fa93fb1060e0c92f4912ea9c8af8221413632d9a99580149
2eba21805ebfaf705aa85cab54850803ef79165f5e5eb03819c4eabdd9f52ad4eaa3cb493e13db2ab935518db51a5192babdb636a122dd7f703a7c1731845fec690c84e2e88b9616f049223a8afd6b6eca37a192161d9ab360b0046b335875599be09d383b7747738b08199a332c2e1c8173d97390ba7c88
309f1248e645b2c3bfb35342eef369155f19f84fff796365f957c85e84b6073ad69a2910208029c4e37b90f8aa389f10184bbda68285302cfeb336262bfce1340f084a40244e3ec5c8f7ce001c1b4f68710de12b667ac77188093eb36f515c05625005c29ed16144a61e8ca68cc34c2e20b1cb67b0b7a513
0be8edc1bf3fd88159f162cb667b3926e4d71520eecee26fe46b630b65242af5ab13ea3211f00d210c4bd296c80427386a79887443b49a68d132e9d113f2bd2bc547127334f55421eb128e0ec62fd135473a321051955d4b1cb500f95c628672f6521421493e69592c08c4dfd01fc9fde12d8010ea4cb90a
19aa1664a481dac166ad4331f54425201ebf183cd973824500e715f9a67f0484974c32d0ad011a05b38f5603f805b025b3fe5ccb23db5895cc214b201b1cdcfd329bd8d1aa91fc163c79b116dfada1ba0412905ca0f21d10845c1a99fa131bf7de40ed488f5786e2de32aa483a667264612b47c5aa59613b
2a93f014b2e60661ccc159c00a96590b102ada58a61093f996d52274898927acbab8bf3b49d0e14a7e49e9f857235f1d552548d9815dd0194e97c0fa328d1c698336fe113bc19469652eab1c3263b21d29bd622f7cd21f47e9ee16532d282e4c8262a22647aad6b9c1046fc88a6ed7265390717907e59d34
3d5976d00d7a61831a7f640272ae183481387f1f26b0328f069a02fe74600fb80861ab7121f2e487737ca7e5ec0cee23401e4970f22e423e1fc78a00295c8a145db082c1b895703478ca96344a78041f474713981528c2f8e10305513b46f918e8718a46357ca97f2c391233ace381bf30d7cb2fbb46d8fb
23366f821aff6fb1cc9907df160902162c44e41d4fab529d3bb1bef105482044eef562fbcf01fbb110aa96430d020316d310b27363dfce92cfbad8c733255e8e99929d10cdaa171b4cd61c079899895137ab138676676fd2853c0335f934bd093213cca06cb9156ccc3ffffffe15200270000000029400c6
000000000000000000000000000000000000000000000000000000000000000000000000000000000000000000000000000000000000000000000000000000000000000000000000000000000000000000000000000000000000000000000000000000000000000000000000000000000000000000000000
37454aaf756cc6b29e202abb406c1e30a0a1c6740e5b23672deb86a3e81914576478705a86e1d2396a33492ed21818355ac48ae6e247c6355ac405181ffbc0863a21a9628ead8f24de04e80d11b2da93070613005a6615402d0031a7c135544c4121f61179c3833dcf10854de791b71b20e92a9ef038ba5c
3801004cd798bf1399084c1895738f2f26531d527b2413c61235c46af86a29742d53166b0f60e6e1126261adb5395f243ab81685b0466d57d812e7a410de2845a1a6e3f31943e7571b8f6e2cd1c4e93aaff6e3aaeecd6cb67954251f22c38221845325ad1d9695b17526c7870d39d943c1a161a8bef8f2ed
09b7c83dba293b53e83a93682f42b72fa4c66e99ea89709d4e1feb4413f730e84106a1688cd09c2ae20ba23bac21e5a14772dbfcf2f7f9f0bd17dd230428e5c20cfbe9b1c4563b2c209e371405919ab3edb6c385a23b222509762643a73cae9e7861d5982a88a875e92b8ce0339a6162c19da91b5b0d9da4
0515ea93c849d2a1666fc730b651a21f04c068e7cb53316792167d1a0e3e35ea954f8541d932e660fe1c675cd712c55a25c94afd10c7d6dd821481a5142ce42b8f7af691c2bb765534fafd2079b4e9ff58b9f36976c1c69eede221a7e78346ecec72d9bc0df40be0701f0bb7be8feea3e0ef991d32cf5036
1847d1c65b004d52a56b27086a85e93464bd43359bbeb1747cf93d3b38720c5942c883448033e088df427532530a3b58c578d1ed91499c83b2b515b92c567f28d6b09a8157372aad975c0d169b90ff985ebec20f4b6a4f803ec1020ea64bbbf1b272e131423cf2be03343ac2fa15e73771ed6d8bdb42be48
17000dc02845d040d2c6caad63c2d52982c7a42d33a933177c3607c694513f04d5de599ea44387204bf9546dc61ad513076d1c1ce0596d563dd0c80629f968a60b525e33958a162176e24d2d219243672fb870516879c48a20811f372f4bcc372351e6f7849596cc040ed8c8473d8c5643895214d9ac40fe
28214593c99f03d2347d736cf9736d14580105fcd69dd076e6889aec5d5c0640c48f2792ad80ee8e8e65458d3432040b03304eff43136454193b45083cfd3cd0b9db7b003b8833176584e528152d8fe5d2c920ec68238a503fb01837708647bfb1c3042fd5ba200bcf03ee619aa1334f405ebe431848e540
1d2b721aea927a113735522d40249415e569eadee605e0c4b5362424bfed182c085d42fdbf432250cd832953483c14956d51f67b20baf58e960f16be25a69b4b6fabb412a0b433fdabe4f902fa48753e72d983bb3344209714ca2e4494dfe76135a066afac1556168a14f000e5e2ced4f26d12b901a8c327
2260200ad94bf3e37051fad674841d18c7dda3ebc44a235c486b23692c402871d21c5594b3c10e82e8c92ef6c81591b2a73d6d37d0f5077da1a552e6205c0b2d5d5cab009306d4ad168a1a3704649864bdefa0322a6393ac80961952c71f632abde1de77c3c01657591558042f695c43b0f6bd83b753a17a
192059287d73f7f0f5977fa8716e40376de3d73f6020d31ec683ebc853131e156a96686e8fa296570f71c27baf202915c07cee306391ada2668c098114a5b67eba5bc770121739243dbad02401c838ede2de40732007a53bcb8d24530e877c690d6204bd71af3c6d9d270a858a578079c2923324c64c9712
17083e944f48c60028a9c1738e7d761611800d532debe37b9ac5df6a83770f0ad2a68121e0a2e94b9decc8ea1f040e50d9acf9e1d0ca1d09a68a075b36b2759c78e678910223e7b7684ce601952a058cd991c37702df1d0cd2cd2b774f83a81f2aa286dd57205eee8e22663976ace7f8e0245d4c638b19c5
2b4ad638e92ecb512533574ced1235007f4aca0a0d5eb368a67d75ca3eb825b97b1a2f0617a0a146c1e258e0da0860383328ef60b3240da5cee73e40063fb852dcb15d1039958be07b1c3c0b5f7a6ef1abf261d310f7f71519cd2b9ef520e7bec3b12734670a7d453b35033f8f26eb74c12e91865d4470dd
152df0b40f1f60d2dbf74cd01435f00977541ba64f9130a30d0aa0b8cacf233861fa04045d4313d7dcba2d2b7a05bf21bdaab6a642719ffa4855c3311e4dfe9b8d51e5d2e807c55abed43226c3374197cf1440b3a080465ffced119c9dccd6df10e35686ac614f645b35ac61797173cdb3bba4ea4885357a
27351a9f67494e829ca6a5d737018801706ac9bcfad203ce89158c0d57c7131a7c9da3bc5570c7bd51ae6f133806b1926b2dfd9472bd7aa5831c7c3d140d82ea40c10373056f6805a683be12433c7d98b58db237e642baacaad93a09f0a9d516791302058d4812652001643e01448b48d0a97fe1671a2fd6
1ea9c94b791907b220abce178f95d71d7c8ea2c87c8332b0ecfc0d0ec2b2285e12b7c41c3422302f7f367149b235e2e0746bc49c135e0304fc8ef8191315cf07c291c4510c54322a8d597305f21381572cd9b17f4da54394bcae2296f5a8bbab0ea33620a574034f17000c7fff73c00a2270c8000881ffdf
000000000000000000000000000000000000000000000000000000000000000000000000000000000000000000000000000000000000000000000000000000000000000000000000000000000000000000000000000000000000000000000000000000000000000000000000000000000000000000000000
36e1882f210768500faaf10f3802773c964dfdf31d3bc3268a23fbceb49d189696118adbead3b0d4c24e19d6960b4d5d33d3d42aa0beef042cffc38d28b7a88d0db72c001eb19805cb1dbb2622fedf00adbcf0cfa614f6f8e9c43718acf0bb5458419447663d567fbc2b905a7e08b2958065279bf3bc4588
24d9cf3cb1119220bfce0cb76facf3083b3edb3f0af3a0fa77476c27095706b3349b50dcbfe03d03898602f5ac15aa5a72f3cfa1d3c5264400250caf19307331c13f1bd203fa7056f2dcb23572d42a5a566a334bff11a6e362e62789e5de9b646003b8e4772f3c3e5e3d4230c5837acd03c2b6e55d436906
1e20fee7073ab3e25ab6a6a3089e862a51f9c0c7462cd12e47d0795b92ec2c29ac6cd0187490e81d4f7313c8a3236d3850886593a0b3991745c9c55c3305a66e4b1098623d40100b35ad2223b3977e399bc7f239a2056c7b6c2012e2427a2de26111b428834b71c3bb29c62720307655434b43830f7a1883
3c95254a943f4223295a938ab2aff53168a31e572438f0fad42db4fa8f8908aed03860230750a1907aa3cb353b0dc3d638f1c4ccc2d5c5215ebafd4e0f315112db48e832f16063482a45420bd759275368e0e3160c6c1c852a3219682802f289d621dae88f16b6e1ff053fb50dcf8cfc23b368be9029c6b7
09711b339f3d15d0571c9d3291427502ed1e4cbc03cd11a162b00aab2e0f3327cf9b5c5a841203312591bd29a73ad6c1deb3b5f8e1bdbdd8dbfbb9313d302fb7bd0553123ba00465d9d59b27ba492829cfbea2a1dac108806bba378a89dfe963bc326a50867a893c2628251facb976a8607764fd4f3b481b
21da075b01bb3da268b39dc3c8e31521eed64fe27806a072fef43121f55d252ee081d5a8689353c5a2f6d8d7e33505b98d2bcbd620d353b3939387eb23855dc9533c1a82470c92fc71a63f049f2931b61180e2348ee1a17aa19233f95d61da2647a11a8d660aeb57e1177347f4feb1b68247b319af2c43fe
2231be731d205f01aeee9c252d1f1e1cf33e74a6751381c3c161b553fd1419ffa08da376947139c3a3ce85fabe1b8cd09e9b583ac0ec5c12741648ae2f34b7fc6244c8e0698059b17900831a22bdfd60016b51e273f0179d93c11db079cc10ddbaf1f077671c51908a10d7e5a2250727d1882f9f9a58d3c9
1466c82d3a4b67c33729bff423e82435118e60e5cf43805185b8f610dc9531c197e80e79b091bfa41bf0e1c667064c682e08d8e730941fa56bf252a83108f2528c1f0b1061abecf0be858f3c9a4eb1d7e822f343e1bedf123be024d778d7d47bd8e209478834e9c662215a9d3516742e0030c786dec535aa
2a6e78b2635671d0756bc7e620311d28900cc23390e592e37a71e1d54cd70c738b268d27b710baa3b7de15e5f8368ef255bbbb965270447f3dd16dfd3847db5ebda7d0020962e7416b46fd11879a7bbfc417234c19e67c14c22d312bbfe136e2dc813ae37ff7e456fe19193d1e72ccd82181f01615cc7133
3c0d966f6e5d0b6259cc45ea3be5d63dc92a945c735df0790353b71c115a3303b6831f5eee310c0cc6c608d5c73be892ae4df82fc2d6e55f682650852095239442a90fd29166592d46e8823c81b1283d0d0da05b0a6e4e07011339a76bd6d8f07b60b1dadc91ec7599128b755c3339b86147d77711fed2bb
2c64d6038673eed064ae56e2c27d660f6a54d5ea1942b322569e0df28eee0d4798945e614fd37ae0fd9fe6b2a422df782801e80381608353b43f61d33734cdaef725fde37491f3f2508eb1327ea2e06861c7d3a48899d2645dd238255628bad00bb036984fc4437cd5015951db57c90ec0b1c1b47a8730f0
2511180828f953236076d682b16bf317efb4c245dd9dc37c1c028eb97e052dc1c130b22433a15776187a31580a00eee799e682fad1cdb11efe8974bc305dad2b5964f093fe41e6d4aace6d34d1b2eae9e816f30da01a6949838c2df1080175ea2293ab36cfb762380803ca32fd8cfb8c42d2ffbcb8cf0b78
1d747ecf535332b1a3279f9e0091df14282651bdcff492e2fd52bce332693aefbfe811f8dbe09fa5ae18803396118c69746b440711e1aac3c5bfb04206f3061b29d9a4823c390e8889803030cb51eff538ca013e00ddacfce6383d5761d94b581163b5b437d08a01672d083764abc677a0e00d83f8cc723e
358568dbd49d90409b00a93cbc5cd411e99e83866b169052dbc0ca6032d5075ec8ae8bc68ac332c4143f0dcf27210acc77cc684f41323f9a6fc677ee37e22643a4bce7822f1614e5e4289b1df2e1024fc8d9e2128e305d220bef14841d72e88a3402957713305f93e211b598a846c254f1cbf4a714f34583
308497fc4b9b1bb3cc1a1ba22b64de20c04272d4649f626a6865d12e941d0a61c93ab3862681a98416d0c2f89a0ba20d6289647d73b0475783b5a48b358ed9af5f2b33e138c90e1fd4618d392383502e063512f37c03f6a6e40f1e43ccd465540fb23aad021421ff36302a287a93a4cb601788b68373442e
000000000000000000000000000000000000000000000000000000000000000000000000000000000000000000000000000000000000000000000000000000000000000000000000000000000000000000000000000000000000000000000000000000000000000000000000000000000000000000000000
36250ab76eb03a4228657778c3b56e18bcdab085254910d5298efa38358221d8644c6483ebf0c8ffe154134df036b2ae5021e7c01048669706fe4d4a2231deff42e9e81187f6d0513f5c3636888404cc2ad3f18283c82988ec051cde5ff2c38be033ca44994b99a57637f8daa1eb772d816537fe33f8e7ba
26ea8d67a9e38a50e91b0c1dd2d181222ab9bc5788c763167c9e9c34082f081a6c831af30e40f3f225797bb9bc05d138d95361521004ed64812c698b14066ed7affe960252a4ab089e56620658fb1cbde258205a37b151d363f510bbd9e163723ea37cc46fd26f8c071dc11cbbd41e95338b42d37d3a3fa9
139e5fb3543a72e18df8efd2908ff6084c1fe03285b6d3b165e7f1966e3f19dc0f6ea20aa3c210e771b4f478d002cd86c3cf5ca1911fef1c8002c69d152f7b1918dedbe2e4e555d19aa2c6008bd5c662689bb27fe8700796024b0793d807157810d15732a7be80f7a0052931b1880b5eb1d7beb2c64a9a20
0c9d79bf599b8512db80e10dfeeb7d2ca3b160a844dd2022311623860b902113719f3cce54b012288ccff4072d3f98ed9332ca0c439fe04fbb4910bd33cf6651eea0ab338bee9072c1b31404ea3282b608649094dbfb19f740a60c5d42a4e50bcea2d749dfc688f17c3822fcad35af7f939569ad62ede8ae
15b5763d10b53d73a08e0e760e349b02c8560a3ae688c0e6b27a186ce3bb008866ded6b658f16e670feff907e004d7c24692b136c06ad1faac019b683227a98fa66c02711129c1335dc75d1fb6407c15705ca10b575a258f383f3784220508744783cfadaa092fb45c214776a4c3bf2b42b48415ee660965
267f93ce183cd0e1ffc20b982d9971344fdca9aacf61a108a29da56509b40da8e1f693d2e9d163240d26c37dc52a59d2f38bcb99b041b480a3989f800358c91a987ae353ceeae2ba5c20c715e01f65c791ea325fc5ad07cc453b049769e0d09bfcf2ebd4bb481a78fe1d8bbb73d96b32700f70213beb4521
0cba9bcac796d383f8668ba9b1908739d80d6e57b95f7000b51997c2793501ed43a32afde7d2da797ef4b1c5bd133474c175429970dc86b5c8d1580326c00f42bffc67c21a326c0d6ef01e22bbee2b320a79307d5e795735d0053ff9203a992e15f0c58346cc7929d62abe8eb98cdfa7f0fd018d3278c475
3c3a49764d859391a125868560315e084b587d819aae9028a59bc06870ed046d5c08921682c2ebf208c814274505b3960bab2dba2148345d03c98b680eb31f1131af03d0b32b6207785622027987c12742ec90cca311c3495b19169236a269218a51aed8021a52f41b146b1d5fc3207600ad9ac6a6ad0cfd
04296a760cfece626349b9a3e4d0232753e89b0aeb0a01945711c86125f708a9bd6d912049e2d1517634395fb31968649236b0ce92799c2c06aaf07f24b992e19cacc1a2ef2d1e154f077b1a0aa0b8221e54020580bed94236c919c150c6aa973e23f4b0f10fd0bea50c94e691f1ee39113a0dda7f7d8e82
02ae4315ec67fbc222fec8508da0491be73a1c9752ae43540cf481406a3b3af2388752b9252076aa156bda4a5a2e29d262e6dddee1760f8ab297393407a316ac7c07be018c15f653fc5b433ec4bdc4c3932473ac79a52c1410432a61415bdb2fe5c1b4b524276cca771578a0139f87ca73e7180d18a328f2
30165127c5119c516e2615fa5781d436c798211543a2109e99d4393e95e03b61d15368ed3283080215fdb6bb83360232b0e65ce9709ee354689798561b353245c806e243be7db0510f2e2e163e3db8d9d6c0305623c0771c034e06d660bed9f341c34a56e61f0507c717078ae0aa3826b3c7d747017fab8f
1f202d0c041f82c2edfa05b9f0d3dc3091eb7c69cc8b330b8f5c8d63833c1bc7fc3155e791432b40430ac92349203d3fd1023b91d3e0d42b31ae1abd3e3a3836cf10af61f6bd24f43a76c214afc5157cc80480e9b2c6395a11c30790b0355728223180905131d5ddc3097d2089d134419397f9941d083c09
32593368ea27f1e3e20eb0f666679c380179d0073e6d12553a23be08c59218555c4da5354900b5660e166370600a5814b790480ba26f91205342aa7e34fb8f9b16ae03526ae2ae5e3849e5257e4cdbb504dd300a80f0a54a95cb35cb701252b3c343933f7f6ee0019b27ff97acfd32ce00cbc446ea1df93c
33d5cd32ea5914b2551a92df72a8990a353bc44814d952efe51808dcee150785623aa514f232e1ec1b0e60855b39c663001395da82e1f075a9c0ee081b7ed600cfaa7e9120c9ca7e4ad4f322dc1a2675eeadb2cc68c410d4f13d24439fe63810afe19fbe691b306c3a1cc3db465b552402f30cdd4fdadf38
1931ca895d93ad434f43e79d18f81725f97d588f298ba38fda04831ed8a4184a23f371edde63ba23f0e4efa78a1eede2806ec50fb097ece461a72aac23de54c7a5a7dd6051aae599d3f7333e5b0a8b8d243211fede1db8740d9c2356ffbbeb5d17904b65629ff7d36433ff598195879ab116286181785ca9
000000000000000000000000000000000000000000000000000000000000000000000000000000000000000000000000000000000000000000000000000000000000000000000000000000000000000000000000000000000000000000000000000000000000000000000000000000000000000000000000
316d2280c6bb65338e5570664751af0934cdd77c8a9593203382d784b6830c2eec6cb7aed7b1199119d2c550622911ae0494dd9953e6fbc66f7f64d73e932d89e9325483617a34e9da5f14399db872e5aea2c3149f1d7b72e68e34a5e7e035e9c240081bbd7f0094c6040733fe3a5b431026b8b291a1a3ee
150b315b95e9b9331acfdc37f9f7a617a5da739ced61424ce6955f42b5732cc471c5284afbb2f4e7f23a50bcee34bc7ae2a8ed4a80c86a45086167c5263123acc5f94503d4f4d3ce28fe752af958d39a8f5a70f326023155c986169914d1ae39e47393e2499156a1a5200243a7083b7e10150fc995fdd5db
2233b65a81dc1760590c35e5cd3514232fc6501e852093bd2df1f4e17dfa239c381fff37efa20354039999c39c3b8aa528cf5693915c192c0aeb291d267a60abe2517e00506f8d8842812e340cdcbdc9fd1e53d1ba9f5de115531ad00bd46d577f500fe23b22a570ff12f425b417b084d3293272bd61aab4
39966b480b935fb199d02db477b876304da1d019fb9543ab7f3bb900685e186e37acae264f820c565061b3f0931dbd39414f4ea9b1bad6d51cdb417236c07994b291de52eb1e3b8ccfc18832ca2be420a9660203012094c119d21eecd83c28094b105e15109171006336818d0fdb98a333f64d51e4f2c110
33e447391b3871d2fe8929ea238d88334cba299115e471b20d99ee6ca21d0f32a96098410c22800c3656530c310b221cdf99f5c2b0f2b173c5038277205a3c3e3a6487a307dd4232b94e6c147a722705a393b22c56956434fa7011cc8210184b72714d9e8dd878ff5e178ac549d2980a5256ebe7bddb09e3
10f5ee141cf0108221068a430532ad30b0aa5ba2165363afd8e45b996fc93f2d6aaf88db6751c14f38f528216d3cf9e19528da3513fc6027f86f66040efc007177a3c7018642be6a41f1c7231a4e84582f88818adfd9e8693e5a202db4825dd7c7d3c37fa540844e2d2d3b46da807222f2c0b089a57f935a
21a78e4fe58fc6d38a5f948d04134212b83e469b83fff11d2bc565f188540b96bdb7bf7013a259f54908f22a953cd30be72d36edd1b586237e386a440017eaec36866b40b70eb4b4e8021e2b47aeaa3f653f41e8aa9d86a446201154f8f02cc286d20a72d9002bda63334f18b36c23a181a858ec0c0034a1
2135fc89c62acfb26f2254fb323e29046818c8502f7b7095acb54fda9d950ab47d2d89a51652fa37e5129a988e05b3f74ffd3e65022776897adb360e27815a944a2b61510ce0a9709d07fd3c44bb35d405513376b7c0794b8c7a098c3e5ffac3bf00c62aff26c382ae27f345f61c7ebae303537ce7f4ea33
07335c1f8cab255204d9866eab07d417c2affd381382a129e1dff2e3a1a6346cf993852a9d0131e084f00c0cc52c7f164b08e4b3514653df2325dbd016109e018de79371604bdaa20e3aea20eb66e3a142a393f8cb71f242a71929ac0538058b929139fbd14bb9a03d1da7afecebbe50b1935dc1add34c79
0e67fe08374245b2a2fe4a1253d2f116599ad9873b17334bb4bc139896453c046433a65afaa1c08528a5ab68692d7af49bc2b88010a13e2e76076a8f3e9a8422af641b32f03f085c30aa1a3273dbb6f21582e12a3a129c2014ed22aba376815924e10354d42efd157d15a90d017c42a502703a5ae99abc7c
38c6a31745605d432d6b633855a1d832021fa7a0527ee303ae780999139b39c7b32ea52add9319c89b73065fc1210931691ed10f82e744c813a4a1c027df9ca38398eb738e5d12aa6aaa533381a9f041b3d571724992c23ec3a700c08cd1d0fe79e35bb7f80478d260367d7306b884a8534a74e801ff0cbe
32769191ef5f02c1b47523578a15963faac1b5802c6e41edf0b048bf964a3d6c3724cff0e5e1d082bfd08214ce20bafcb3ecbcd1332535b63b723cf733264cd2490f42c2358f9d1f92dbe62d91a71d97733a733655f8d30e2d460435753e9e939082c040a9da130ea311d05320f082a1516c78ed111c6157
0c78b8ae19e3f7f2192d82c5868788315f96209c3ed21334964de91d0ff20b2268bea871eb206228a03e0bde002abcf6b2d484d223a1a209c71c8aab10a48c883bd53fe106a0551c13d38b0ea1d7ee6a26a123ed3cde8fe7d5950aa281125fc44062f5551cc9aa9a6f3242a3fb6e371ba1dd8762608ee164
0d3a2d21830799a0eee8f168f967012501e6325638cb33f59acdaab8c0c5365235cb5a549a02626c938f4184bf0280970cb53e7182f4697ceb1aaf2c2300028c5034fce2beb415d1f2bed31fa46335512d12d2d5cef7ae58f5b100e2b8919ef627706d8480426529210ed5ff668099de70b34a3258f0f7c9
3ec92ad9b4d0d1f0f78869c2bcdfa426e23ece105ccf116e7d1d234541711870c49ebc74da62607e7f6d6af7bf3fd54674c0971f72affd3004ea323f202b6572f5b08fc01d406af513726f3aea9790af2c9ba084bb92389bfd113b920d1e917b72c3b172e7de7f17043036be64be4858d37771bc7ea67329
28ccac3c1cc5bdc315003186ec3a873f69399ce2701551cbb3376b72e8cb109bf49bf59090e0b63d6e6660f58c2ad8aea5bc8c6790427e3c37ba989e0bd734a5f2f7c522a157bc89c935ff0c486f64287530a3b6f656a4ae03f836635dbecbf40ec0d37840d5616edf24980695b91f99b22980bf15722b4f
193aea1d52d0b2f385d03bdac328f0356a2190dde56052dd0cbe11c0b9040f20785bb1c025b207591cbde30a8b024c984f31132a32e5fc01f0b38e4e01f32e6fbb2de5f29167ee22a1b164278b81bdc6aa46f2d559acee0609673341d1a784f8b2b1e2f40e49cdc5453d9ba3907d59f810045a1b793ecdc9
2809b0ebb15d28419e3afbf42f22633915a2c5055c5dc1080f6f9ccfd5f72d6c7cf38f2e0c338d67b785ae3176060afc9148d5b2504018ed6daee659027596dee1df64e1d7660dd7d743323f5dc0bebd428e801079ebac87a5f01fad01626ed7daf12765d3b06362a6399c822e3419c313264507ca54b159
09f5f67ab8c69013db0570ff8d9ab1084462b4bec0ba81e0b5fe7bff948036eb0fbd35b60bd04f930227d3584b22fe84c75340b49257862c928d70d22f391e76e9d5535137901ec5ee3b063d6661bdf6eb5231f191fddb45c5ae3d77afa7eb57bc526bf3759b4da9c81a482c377ae845c343861da182ef9d
17289a3a463162f3ed35152f61be1b0dba120dccc53703501cd86115e4e80aab9db657b4f2518880a511021d4a0c2593c2131074e2ff7285ee5fa0aa21a1ed2ff1fac2029d61f2efd35f7a24dc77e32a1241d2fb487c5f7dcd0c2113d97fbc03b6637ddd41c5535fc303884393ff02dc7217dc7bf1c08960
1448708fe30a7a52168478dc592cc82992c2c16118e0210d55eb9be7376a39e9663eb14520734a7c400ab6d79108672c24d2a86d7196b03de1e110ad3d63d68f24951972fe32ad2604986c368329acc2c84e0117e1dfa31f0ba23867dbbf5ec053d1e52e41b3fd215f3b717e3fa5f1d351d8e9cfc86adb13
24f7fb3a4a772a715a3590951ca2a01480f690d56e7b92daf02ddd49216614937250f05354d0e129d12f2cdab61ba10a76a2972f81ea8329944a41f328de1b5c9c2adc9041cbc98e6473ed0d2920b955b9d07042ce6982fd82e83fa712bc5468cee185d43b908f340b0308e3ee764576304933f387257dab
29b01da2ae92e6400b120dae9b16aa0f8355328ea29bd05fb4b6555e97a32a107e7ef81e0c72f0652990dc919230a792f40dea0ba0a7e6c31d495a4834c9a6ca7cbfb4204d6aa94185f4f2254fb8fcb3ee6c42928f6a801f666914b99b8661610820e5992d8d212a6920057cc11c5703e110cc79f95b0cf6
238cc1e67d4a5f42dd20abc5644f143a850c7e674459606655f9c2bc8ac70677413207c39cd0c41af0bd214d471df228a3e179c2c0e7f3358e94f8d11d7b4a2ccc7395e1107ded96225bf00f6c739e1c5993d01bf0398386add10c47cb74ef16d11011c2f46b8ed49030df272bbf212aa126b2977aba1f16
05f9462650bbc383bac8617e59c38f15016fe1a77b88a20875bb9495ce2308c957f348e32e131886e0f0f5cf003f394240dab72fd3056ec6b8cd488e102c2ac15618e4e175fc9f042d78d70241aec29dc4b5406e10a8f6e3fb420619f33df28fd451f95c04becee502285c2485dff6c571f1ce7a0115d6dc
1d4810356637f4b17ee76421ed26cc276ecb0b619a70d08e637c49ab06793d48e7852ff85b204e795af8517bf23622243d1465dd83c876630c31678430562794e3054c70698526cfc189691373f0bdc64f2f911d4d4a878abbaf32c175335a723aa2a75463e6cb41620b904618e36c06d15397e6a496866d
0105349fb818d253a35d3783c96e4933c7299572bfc3027ee86e262272e31b6c2aa96aa65e232cf2a7246dcfdf01d75de37e94cab03d75912818fc7a32df24f4b29b294119567f0d38389023cb5187c0db2a6100ddb4174604ed3e302d26674ce49006aae34a7b195e0134561b27de412301273322aa23e2
0e2df6fd67f5c87117ecc284b2a16900c570bc721ee3c19c296e62ebe6c82d1a9b585ed6be61ccb7a023ac700b395a8b1e21f79631df94249c24e3871d2c7feccc984763a338cda16403d0330b8a1f11029e109ceb5453ad55c72a68348536aa9f81313953283a43cd19af64685cdcce52aa6052f9154709
33d2acaf83d3cf72410e3fba5c3091393147e57576df737a9d0729b3a69638194def1e6f88c3b98b6af2b9c3a7174ebfb66d78c9b104fb8b49c733eb243d12a9464284e10afdb516a2c26407ad5c37680742107f9539806198c221fb999fbb265bf09f0955c3e67d51389b7d5701cc5c624d073d78d1009d
2eaf95d5fd544e002004256ab7ac911735de4617f1cab073316ba17541fd2eecd79c79879962eb931c24d27ec82ae071252ce7adc2ff74b755172c8f0c1354eccc1280615e0d3c2988e9cb15dc86f8b7037741ce8749345fa2a920aee6edd41b16830805ce9a0238ff216fef4341d2ba011765174360f9ca
34468c5c2dbd2d00ce75518b3875362bf2d018d5d02822faa01fdd0901110681cd8b71a9a292d2dcbeec191fff335920755d6caf01106cf0219dde6c0a864be430370063e8bee37b78eb1537d41ea17d149b232290c2d8e2906d0ba3600493c96e822fa972921ae3eb161061ebdecd39e14058cabf5f78ce
26881770c6f0ccb10beb7f78c87d2112d671bbe6996a8092a6c0c45d05e00dddefdb52fcb8d20446ab99d8e11915e427f867606140cfdc797bd42afb3f65f3a1c739bd21523411804197c9102f5e3eb102bb337936bb8b15adc9356e25e061dec3836f1860b50867db1c3b9b27ccacec1112fea5bc68696c
3fc51c9257827c51ae6feb225021b710b5b539f4b929c11c6a44c10da411202e7894df7c0a62fb3e39e3d6652933cc10d95e47d361371c2b2def0a1d22fb426f10b58bb29bfe939c73e5860f6c6dcc537436e3c1e98729f910563f5d719c1ad754722e66ec9dcb20d71c22f6c08f3764905830743418554c
1cce44e97bd0b3827e8177935406b238befb1fc5a368310c92df60992f4e1baf2248148861933ce073bd0739781cd828b071f6bfa1f04f2be3eff9c73073399e1778db327cfd4ef330d18a3a15dd274fd762728f93f1027864311821a97a15650b2340d6b0afd5cada2ad93b460dba3d4361e2929ef84316
07812f9556635d916212e6ae7fbb0631a4e42489c4b2d1090e3c82fad1a11fdd5df2f57e41d1dbc28199ef41f919aec9bd3fb77283b9908571a37d7e36852b81986480b34448eb28e7b2663e205685173a1de0d55a84a26c2bd4118464fa59ab86d187fd4d70ec1380082c632bdaf911815e05ac5db2aa3c
01b8e28fc268e85201c325a3576613304278ce10ded390317a6f86944b1e1dd51173221025a1a741e2365960182db2cc3fb32810c0e2b5b556d83fb0335a4183103ef910f68617b3c08db307ca2fc7625c1be317f52f5bdf84272f54bd028015b5020a7d58b41bd083333b6fa686bd16927a1ffc6166d8fb
111010b3e3eed262b9629772ada6db0707b97d88103f7012111a07430fa0000562f5a25187f26a1d5bd681b6ba32b244ecb41d181025e4ace812320513409e90fce74ab0b9b3a77e220c4320164db6a8188522abb0c16f877a151b4808faa863a3f2c35ac755f316be0faef06312a4d3d257d2a0225db727
22ddd04cc0ece220a674dcfd92714f316670d7a45e6082ff1babe0fe39cd1f628f581c1893429137708e68f3a40811c2c55aee4e63e5446a28ee2b670e329cff0ab406e3772b721c6273ed26366795c8d974a09cb74a2730e0a21ef44dad956275f289648341b47d6d0ec94ca2dc66a9f276356d72fa9198
1622b552c31791f2ea0289a7bef64734b2d2db6eac3c208258f576adccb11ee4f480aeb001c35c3939e80b410d16bf86802d968c92fee1d23c8c46143913d85481f0aaf0f6b127e0c09f9924a93bc07fb5289222f9153e80fb7f1fb7f942d1ebc20010c80949f56dd10f9c708f36461cd3da68173de9fdee
1e80f2ca60962521ac61b5cf2db9252c9cc1cff3641e6025e676133ec5c60d4ba60e9eda04309b6214194aedda3c21e9b842ed2d639ab63f6e59fe071d9e42f4160d2f00eb2b83e97f7b0a2c7ff9a984c99451e817276beaf35b3e065b932c2e0aa27dea62432d96bb3adde41c71c76fe3d45d5f606c96f5
07a54f1ca68caf721dc863ce391b3538c11d2c5cad7ca313b5f90b8b007500f43d7d47a70d800d80e79d0e33f32ad1289cdf0edc93f06304f16feb6c1a7af6fc8d2cefc02a628601caad592813f3e998912753dda06d5f9564693bb37a6752cd8a82f745344f0ead332ca1b11803c54e315b77cd5c0d5bc7
31fd80630c657c23569fe4d04ec6ee06e1f5efbb349421c27ac7e7d7a774318b50b07f156cc372644cd69d00272b84e6e4cdd68c31cc3e6b143599df05a060acd890cda27fec1ba4311a12021d8c073f1995c0a8a4f92f9574cd3f404bf1c03a96b1d88393ba1115f0337ba6efec8a2201928bfb4d3e1769
26d13e5a4c0b9c30de9e397ed656f93971e2d0a53f55400668ad9a53b32334d1af9e40f546d1dcc212d71060a61d66105110804e219051650ed0fae23c075352a3a288d0d2145cb85c06762a97ff618cb9cf8356b534182a77ab1f76247f5bfc36005ed7f3dbead10d0fe0e6224747b70122fc4d8fedc0cd
095fbddbd3d445a0ac8a28193dbac315f7ceaf5db1a550ecb24c8d72f8a122d9960c59afaa90fdaf40ad4c89f2121e6e3580c437f359d3a2c2438fb3346285e7c105eea28a91ea6a0247690c119d5c1d0144d2d0e9415dfac4fd231ba9e22c2681e045bdbe33641b481a271c1f7d1786312a2596279ae4e3
03a18dd3e2d06da3a501b59fc366581889629f11634f431ed298aaea18623c7d1608727d3db1d3e14f2b9c4fb70dde64605e9886e1d4f6a305eb34d610d7b39291b93eb26a46828fa9d10c25dd3a3f5a323c02d4a5c61728412a315c5269d576d8d30f0f4976c94cba0882410f2ac903009ac34ac7cfc614
263f4c0ad8ce7ad256650d4fa0e8780b864b4c5f5634031e45bcb61530e62e2bc4d68b2e2ef147967c4caa8b5412ff8cb7de1521a00777313e720e0d2003b948c696c8f370608e562a80c415a53ca9e9e0e4c2b3183bf3c548bd26d77ddedb140d92fd9c4e8f3bff861d9b39f01be8ded2bad50c77ec6bde
2b119fdf9cf545134ac059dac479262762f13375cee3334a79ef8049e6561e053e850ea2ace2f6c03b8032610a02a04cfde0346cb226db29329b355d0a474ad484266772fdcbc8f4445b611233c99ee4cdd723e15384a877a7783cd79464f6333f82821ec24128401e0bea30611a9e49a227001225d69ffb
055ca5b279acfc516aefedc868611c3bde5d7feb7b854096de993408bb651605852e3105cb22cc6616206a01ab172eeff26561bd11f0fddce8413666338e5f06025e3ce1124e191f75fcce0569e4a0e377e391eb5a9990ba3e5817d272c3eceaaf1247643dca7ca75316bbcd34b6fafab2d54e18a1c3267b
14776f7451ae0821de75354fef650e17c32c5518f8b4521bfaf1932dbdd93d656888d0e313407223b3a15cae553e6fc797f80eeb22bbd909a723fde60acebd175b5ad8a135238cef60896628b9a752dca41f329cb250206ef8320cd3b343f4797622e968c18a795d660545f683f49dcbb393e86fc759f131
0f88234a5b2eed5375f26d035a60822f0cdeaf0119bd12ba2853b59e9c293f191feeeba65391d06d1a5e788a281704d1f7022ad3f0c846f544a92f0e149782407328e271c62b68d2b3a32325737a3938da65100a0e0364a966b30a07b959e3eeee819ae61f7a26d8eb126dd8e4161d67a23ca46cefd0ca03
1afc706184c72130660b88c08315203d2095337d33f2c24db3fe312d59882b5a2351a5f805c205b52c570060b5279650eea71ebe72646c174f6147b8326e2466c175b5b105aabfed84185d2e45c265c7662a734613319cb2c7441c7e1ef56fad5b713526dd25aa1eec1798e5b9793be45219bce81dc52eb3
315c3ff6bd8588b0b4ace08052388518d4707cc3dc6d73da36c570e3bb6333acb15d597bd401624198cbf653a3358f7031babca323670b4595b92f8d2f8206dd87370f827f84583998bc2316923828583acd31cfdfaf50332d4529f7be035e8292402e30357a79220d3e88cfd964e7ee93a6d652ea930f48
37112e0f53d85e619401a3e0f57d630183f4afd8c05420a4a4bc024e0b0430362c4e18065472e6c573ee06c9ea3cefa74101af8cb1287d77b2ef78393b08526f58c086c18b1b509532d1213d9beb96f3798e013e412b75f611ba0881d9b56765a02389933269cf78e833ed7ed82e164c81f08395ea8039ef
1ff81d3005b7e3221cfba76d485c3810a5216ea52c9f722ab6580fad838729f6cb1ce4b22192f7cc201b890ed325f8b0bbb6bf66920f443bc46819122ada6b27ab70c53026b914b25780da0ced8aad8f9b7313598a0b138da462374d004cd090d4c23ae8be07c68889330a672d11ce2292ce814d1d2d33c1
32b0b7ce909160f256c16dad6150b019b67b9dc1dfcf311196d3fd0a58a10da55df49de427132e69b34bd941c3030c9223137df190a2814623a37c0010b40037717211f3574ccaa08c0e2e279803188f3439d1bf9e306b9198fe09e2422862e73112d097e4940b571427b61a1f305cffd273e8abf85aeb7e
396c91dac415f80171c47b26631b60375fcc3de99be8c3b9209772695d8e275ba0c53fd1e081c3739408d55ce50e9821046083b662afa2376272783d210725ba40f1e7a3ddad96328438900d0f7728d51daf43b5e928034d27d835d352bc930c86c03c339ce496cbd328e0e5b8284b4850346eaa804b5d07
07d5720c5d191650a4c6d080a5d0ad131e41d12dc04dc2010456cec5fb641f9b855564a85d40f7dc74e9a8255f1ea432d69f7ed9005a377e086c334a2d6ddfaa30a406133388a80eb42d5d1f037ad3f6483db3b5f46e6b5179a43c18293b7773b79280f44cc5fefa3d3dc8398b6b9ba1120615c4b0c175a7
0ad822c407b39e32a1c9b3020ca3cb1c502e5e92545b72070fdbb1f3e3091b17506832d985c1810e12fc4593813ef9a33d40d7bb63c589a09a1328313b452d77a7b06fc0e64d1eb78d4eb126b6550986dd02d25959ba6d3208412c709f033b10213106f35b5c4088d70b52ea06729f39f1f51b32c90ecaf8
2dae6eb902f059a09c1519e05b1427356cdb8628d7f1914febc9c8170d7f2b62d294b0096a238ae9e949a85b700d420b102e8872f237d0d025248a0e3eb2923febe0cec2f9b6591da025e239718fb18fb30592b069104f1ebbba1cbc712ec2fd0490839e3d5dbbc4cc2de5a4118e05e9e09dfa2bcd3dae56
14555361906345d15a341ed8b79d1614524ede770ae850fbd11cb5d9ad9c2731f7d66001a6f15d457c8ee191723a1f1a3ebf1648b3d0d7bbf819b5bc0db6e313bac54f9344795493d82646045fd9e5a6af8d93d8fa688ac9ea1a1b31115a9b2353620ff6f4ca3aba063ffc319e3f504282404239f1b82ac1
34e7974eededba00ec0b8767771015296f04beb14d728042bd738849572d1c13ce65bd5a2102d8b1d61aaf9ad01d9c699f8b2245a0c9a49f7fc434e719c28ccb40798e33c68ca0dfb67e6c082550a9be53b8919aee9db39b17a802c9c72c00b130f318b7085786df7b2a80adabd432f070ec46e37c5f7e51
3957e8ec36ba6892b8a4f5d40e7d5e2ba8faffc2335162a6f30ed58bbfab3d48c8490cbb25606be397dbd83fdc366df1339c49364109f75861792dd43188f39ff95c2463d3ea22849a311a0b15a2da140524530c41b948878c1e2cca6f6d45503a6387210d3b3946bd0c5f6cb0eb3776e2521af8617d1f18
19bfe8ef54be37203a1375cbf98aed2886259332a8f6d12c32003fe5d2b30b7a6b749f49fdc28d78e2487d0e47284562f4775ca4c01d64dd128c3ef60d5523515cd72a714099ccccd6c0a51da12bc5c81929f110420775fe580630174ec1df701643aca424049bbf121f8f7230056d56a15b0ce332b041a4
3bc3e96506b888c166d0394b33da67073ca814491ec5532f3a6d8f8cbc443e213ea07391f70278a3e0bb5bc97516cf827dd92e1142177f31cf67d46d27a0a15d9fdff663e1a7c9b6c78c182bc85bd2e7e8147398bebff52e85a6399cb92f333d5c801ca5a79a8405673202067709b471e396a6223901d14e
312ad85498946f81cf43d3614e2ad92b48e58ee9aabe634a6cd9dc9a372c0e50dcb58fa39db29528220c00e073039c43778ca91141ca3902af67ac9c35dc97cd3a42fa311cdcc6b1c6ea84186e01d6389424709a628db046a6f904d33f9bc5c6e1e3001efee0dca00d28634cedc74d046355ad5aaa9c96b6
25a2f09086ccd1c3cdd45c1e39edab34ff9ad924d1c9d35773a8b1feb4eb16fda177e3e650e2c7f47140c59d4d151284341f25282040b1b5f6939a7b1988ff0f33c49ed1df162fcc12154902335aa9e02adbf0cafdf39c29de6317d664a757a0a0002e9327a616aaf7055ac7406c6a5fc02b873389ce3d41
2b97d9ae7110c44051301557f5574d3dfd40ab93156d105e960e31b1be1f1fc3de065233e6c383a8596cb31b79033b491b44803d116537e17694559612ade764a8a0e4f2b63d0b5c98f8f61c51d89e305e6f0149adce1441fba431790b7f2d936c61fc9ae2e7c6f2c607d03dba53a9a5919d55f3809be1f5
1892a47aaf7bbd53c5bdf6efe19b2906c0eaa4c7ecbbb3db8d865a20646f019c50273a88d8b1458faebd64235019a8d902f74dc7e19d2e547ca7428b2de45ebaade63a23688218e4ee4362242cc58495a73801501c379746bf521a1a727b1d5364e3ba2f60dfc582ff0d9f089e2deebc03366414db9d70ed
271b1ee31c375ae1c66e2e8c3709c818283ed22fca6de1a51c9ddfa67d4b30637ecdd0815161888740d2fee9620b0f96e68fd04c03264542b22a172e3fc12c965befdb90eea8dca3a17b6a13bfb6c465a897c03647f57497d99e24ce0a6332325da0df8ab257e1f32f3ea7d4c8c32377701a7ca163622d8f
2e1a8bbe9af6350074000d15bdc5d83174fce31da91ea1b049c8754c5fe90149d4bf32286152efe5b69ae0e88220e79fd58f90e5d2ae2f490f38036f28337c5e8178da43713728e3d208061810f8a6d2b9642331825bfd916ef21a6d814caeaf1b71699314827721170a028a454bdf9f50e2f0d013a61760
3d92c380f9943760dfb088624b64743fe30edccc9882f29eda39f4030e490acf9c91442a6d91669ec26a743f850c0829808ac8f5b18d5c70115f980624159aae38b41f803a5478f65fd89018fee7bb8a122813e69d7ec8562d39369a671c7f1325013e70d844195c863a6b1306b4d997c2615764a7f2d6e8
3295f62f10254c30f6f21a1f0c56552dcd17a902f4ae23b67ab4f220f2cf167fb0e1a1dd53f28f890cf86bd15b08fed819786773d0a46a1e57052b3902e4c69db7ae8e7014d5146b7d59000890a7813125d1b3ed878df4ac14413142ee4e1b679b9038898e6fafaa1d05e0ecd7632db683c09abd55e1129b
10a13f98e131c8c1fc9ea1dc6661ea2a0a3499be1a3c108d9bac7c7e5cd013a16bfbc47f5ed293c6bbbf08390b242fe1d9a295fee26414d870d671991e09b93e219e4c11e3b57fea7e7e502008ee2f7a210ee0966e689627a7dc2d01906c4b7d712085a0194f516b111bdd442a86a646f0d78d06277a5cd2
3ae86efdbee3d0b340a86ff1b83c853aea6eae686b06e291af45e837276639d7dd80b06ad3c23b746ddd498ad339fb7464eb5571d21c77c422d3f0fd2344f2d6351a0081f23b1585f7c6d213080cb85af563d3ba4aab2c069608270728da4234f5f284b59fc221d357026f08bf1f2bcd53517657523535f4
1c4c7a22f2063e118c2a525c81d9c407a5913a1b5152e0faee84b639990a0e53ba660ae271a2c0198760a74a922e7fac47b2305a81e2fac67760bbc92138941455797e709dcd146394ba6f1766b023972cada001bd53d29c08292b431bdf53541492e25e71a043b06c044cd55fc196906224bb53da0a1b12
0cc883e636c76ea0c6f4f92f420214313b1b87e7e63f639b1414c9c4616e1a0a6e7ccf434ad2b70c4c1ba326a3297490b5a9504de093c48e4d228be02f53fdf628622683c09c0620f3377e32e0a9455056c0c33b2de763bdb207267458a14607e893fae602e34dbd9c06dad2e7d7c51a31de10223d4483ab
34c7b1b36fb989e3f9311c2a5551833104f347176b255130a400c4cf75290f287ed85918f5b14e11ab794e0d8401a6490831174d837ecc1ffeb2396b244e7a69bb13bdd1ee7bb551bbc33738a5a641bdd3d543bf5a81c20197a911aeaae4b431aa23b67f3483cd14eb0e97bb78e3856d42482b3530c1d69e
07251e594fdfce43f5ba2f3c9c7b3b3d501b83e0470a2155bb66de21eb3208c398e1ad293d7009ed06ab2c95fb14c253e142f28d20a5addd9588475f3425e508bda3bcf2f7df6dbb2a261d29a4777e2daf6883ca9182a31921b817e0c818b0e12c331c202f1494ce063c606aad9181a8726f0f7a522719c3
2e2892a5064812f005d36073e3e07b07ef3438b9707bd0fd12e2f2263d503f8b198977810f11ceb08160b73c102613d709f4847cd1dabbf8a40baab00b4c6ee0aceedca0535099a8975b33060e9c36557abf20081700611c80bb058855bd884ce7e062b7c52bb28b1d300476a2ae749a020623c281bdefb7
1cc9b89d1721439039b89ab6c257c21543557fd69fce43266bb6c4ec8ef80598ef6242ca2370aead600b67df46185dc1a3ef391d212f0f4a2544992832d05ef12ba04ad083e6932c596d9306e7308d4a9e7d32675b7757927e6a224c75e80a15c9637085dad3cdf21f27b0989621c19d116723244562d6a5
3677a72f17eee1b0dcad097a407cd5213765d3335ba6427984d4a63aa3d70219b87069590822469af9d198fe5904bd50e61927b8a380b826603811c01961bffa064166230085ac389de0940ed0569342925180248abed336d6a30a95c5e1e035a2d02c3888a6d080c135e8762b571f6020a6de4fede678e3
33067571e7f49ec2ec0ffb0d25e08803d798ceb57f2071fb8e8d974a1f0b01fd8bb4c28111e399f802a84f8ffb100ff4bbc0ef09e14abf6fac203d573f8e439f97fbf57307ef0a43f865183cf8ab5ba88a128221cc097a8fb1a908a000e2897f3ed16d9e60ec54e0f92413c0df7216289089ce72a1b62d04
2bb01a8a2b3eb7231a74649b8b6c7d2f4ecbd09557f3317fb1cacd1a947b177d47d5a2c0540289d486630769b8075ee959879f1450ff14240911f2b504503aebce7cba02f4b031a99041d63aa456173752c2e3bf02cd0310b3c92b8e7f61e9677dc08976a5a53a40df36583951a2dda1f0e379c182f7560f
067ce61722e225b0c47f9a84b48df43a0fca527400c4d1797b7ece0f971e19a58f5c492eb4410c65f6714d0be00eee6e5a28e09e33f426ebbd9d02513e47f3ce86e2ba90eb391c343379df23e1bd24631be113b939280635510809048bac66f1caa36caf358582097438147963c05dd6722033bed96b95fb
35c5ae000ebf46e0f23442c319dbc803b556d5e1b7049323e4072bd2f3a9112191c4649e2dc23e7153233dee3c051cfdb05cda484105ef9e7429411e08bc5794f8c9c002f631f3dfa7b0ac26b3f8d3ce0d13102f1d56f3288c982c3e88c7db61a8520146bad85ccfbe0aeef90f4d24b23310cd35b95bcae1
02eeace99d0d7d039c86e89a751aa221b206f55c5ab653fdccb850e61a4a015b2bda4c75df633315b0f4203b2f3190a0129041c4f05d66891bcddcb5199e29d1b6bdad1321cb843f7acf161a7c54f551995da020179510f3a53a1e0c40a24ae7ce22c934971edea80a3ecf5161523370b012c054483a3407
000f595289dca003fec3d08d4831263b7893b9dd30ed3051d350cbe9aa840f04c39ee86e9c5141808773d4badb05878603600da5309de256be83434e11280612668a91319005749f06baca04b60ff39c8e2e310fbd577b07d1dc379069a1ca425b8100c21e41301be13eeaff00481d62b26733eb10b6e558
2dc8a18f70677293cdea74693cd591364e71eab965d3810b812562a3664c11b409974c1263d113cd878da9c7ac1c391758d844f2216fb7fa2746d17137fee0ea935ad9231be0d0f1c060da151210edbb5804921d4b4e97bc05f72df45585cd1b0313df202e23aa6dfa0b668d78b26b3bf2134ae014c3cd28
26faa03838636401700534ee5d6004213dc830d26b81b32637c33cb1585b1467dd70fe43e461c317e66965188c3af3ca658b4efee00c876e4856a9d71bcca26e032579b1852fc041a4141225a19ce7bd7b37d2eb8ba5629c31041f754c461ab54451a6ddfa926435290aab0b2529cdbac3f0de543c20e881
2c4ee79492af5162278e72d16eeea5256ca95fb6e515018d0f25fae80d1c1fc16eca26da6b833ff00a71ac1252083e645e3f0e2823977698cbce9d8f3eb13791e2546053d93160e5eaf3883ac05b01e24dad12ccd4f7e1aca6ea15cc52582a213ca322a4c012928e4d2f6a12d792759520dee451b7991b2f
080fc469b258e911969c74664c2c3c119ff3574f26d380c1bd53be44a39f236c473ab413c0d2912beadcc1a3461a3c4341e6ea7031eaf2ef1739926c2eec7b44a5819db346e13c5daddaf2321044cdec65ecd24ceab90c93ec6605e4f11313d8304120537b3d3933552fd1f587ed7dcc810f01430f6e6ade
293a819721f5ab6007a9c71c17054f1c797b703e04c72285bd44ee3df20f01767cd55859d5007a76d8c3aee8b4312a000efe48c50003f5a6fd4a81121bb81d263d2b5640925bcb5d2ca4f81c74162a401842515ac53179cdf3a21981898ca6651083a63acec5b11021239d3184631575625873cc59f99de2
3d5f08d9a1f4a5d3c3b8b4eaec4e0103496279c96f2722cf6a347c1fa7a60371a59fd68ccd83878e0533183527088a1656adafd2b149807e3f13b9bc33f0a38ca38fa293d321373517f3c117f919c162ce44309909e523b7d57714f2da50864927e250f3e9ff7054e60d38be49024c95400e064713bced00
24b401f842bc6213651e5352f5a61a27da1d098e0e895151214656010b150e1791bff1dc5c3192930a2c60add30da3c543eb0431823053afabd35ee3094b070e5eed9be19dab9545fc4bfa2a152c12c63a76613267346f26c9d429472db0fd78a8a049df8c788cf63c0f8310af3d312370979cb850817d1e
219844ebb95a581106bc06610c67660c4d6da07eecbe201c5f09e3e64f19394d1d2756aaebe27d73f6773cc3c019f3724d95837fa0c4adf61a3c7b4839a8deab72440dd0db6574a3ab1ec83c7bb88929d78cf1799df098ab5e282dfcd71cb7dfe2a337ba97da73203a0197c0fff32f8d02c2ace19c9c65bc
2886c38f520a2e315db13773c1f5b50ca8dbfed325003172022eb30e371a399025268abbc8935d7f077327337e1146cb9d663e8740c1dbbf2f7af03e31b759475b7242a1e19d36f629080805cd99a4d7b2af400c5482f10930b92eeb372cf3b32a830ca43f8d495484138414950dbe17916502aca452832f
0a8af1d152ba84d1b9a84ac4ab5faa1d4d8e666ac380a385bf33dd128aee0f50b5dabbae19a15e8a2461cfaf512556685acc9db021985edd1f0274f502c74c6aaae7c5c097b713e8ec7549271000c68986b8f0b4610368ce3c353ecfcb550a3438b0fa0385c8aa547e08fdcea285794f021ed309c133be67
21ee4ac1582951f2e249fbaebe4eaa04da943d0bafe00269defa69310e542cf53fba7c92b2e30be9d0505008641625b9955fdcbd41ec10d50da4c72239af079854148691afd2515fafd70902bda0171dd79d10246ddbde1ee94e3fac9a534f161dd1d5d549bd6007ee258c1d4bf0cd4570c9edf8d6ac0c9b
38a7f62938f95483e390968c1fe4b51b40664277f119725152eedb7e357a0a489c46f03e5d10c42a47020330f111dffe71bfbfb432f013c71391bcd4361a56da19458711f8b5b22735a5ed35090ee230468232637557d4b21c7a0056cee9c4f3c410883912c80edf813cb456bcb5b1fc41ec103e1a5b2ec4
05bfc64cbc004a0145b180f5715e6c3a1d27878c2bac60d593d72a8e0f5a1d51be9764448f41cf09cb7991c1823bb70d1083c4e4f0478b9eb63f0b810d407ed78241da33f14414efdf688c18195b110c54c160175c1f3f3a6e130a5379f3aa61f6023bbd02c49578eb21555cff5d75d4326354e13afc6054
253642fbf4cf5ab22c3eac49eb08f829a61c4be3ae6332e4fac3f333d5d72068512f46a2b783fa1f921b2514ad3746a513167d5aa0e5052bd0294e79394efb42660738802d3b69831222d41d16a9a350ac68f112dbc1826ad2ca34698a4f05e94ea227e754e46e181a2260d2feef309fa39ce864001a9985
2c326a43e498ea63d20e0bdd1c0a7e0731d2afb22954e2602943372550ca1175c56559164db2bfc623832b26c52983cb4519db4f2229d4c27acfe60d086c68ae8cef54722eb440d8d8496e07681c04b3c39693fdc7afe7aed42b0e986c21057446b28ce005c5ea680d1fec30a87d7a4fe366d23bfbade569
2b4b12e7688eb1803dbc8462182da41f1dcf43c8d05c606cd4e79e048308378959a804e6b680498fba3462f487130a0f0a4c892eb0cb18124c01dd95399b1b84f8199ab003642d61bbf3061e06904e4c8cf9e10646d40b2a5dbc23e59abe88886b00cdb62aeb1e3baa349532047509d8b23ff3915621826a
223c15614e10d6c37779b3ed4d5a6a1790838a1f75faf353fb87584889262bfc7d50f5e14023022a24d059bf081301b2b1562719f2f221c1ce00fc8c0e3c40997015d60335ad8bd15637083f1e423d37fb46e0d951994abff0a025ce3fbf946a615072018142c8c6661d83a7a1f1ec8da14eee77336ccd45
32c8607156a2f932921faf9b26cb4a35bb360ec189a470413141061e0a6905a9c418bf434c20aa28587a2e9ac9095de81eeb9c8ec294214ae755006f0be88d87971e4590e3bf0351906c21206a1c22696cb3a0462da74073ddb203cbfbe605e0a6b1d86d8870725e051b765df3d09ef913e9abd63f126005
31d11b008a8320e0b9576bef8b98da0d55fd892379db708ce27429b595c7199515bda4ef6e82207790c1c574c6397f09d387f7402312fa4ceb81f82c35900bcb48c8a593fcfe2770f05ddc28a2a4af25fc32b25fdad5c2a44bae28519b8cac1a6e710020041cdcf1a7095d56240181e292c371ca6940ce28
0a491747c6bde83271d6f6c350ca161ec3aae2db194c72ac2f5d75169fe816cb208dcd921cb064d8c5e2b08ffd0a7d1dd7bf2d5aa24cd31c75d411960f217626a7d07323a7dd520e8279f60e9b93823c5e47312c0ccf8a12d5453a1634c27a4de6e28d24fc7afb2ca8162c258481361fd38406081dd4d7a9
3dd73ad7920f09026416f247e38d0f12704333433b96714950c4478e5fb431f5f5cce8155bb1fa4a19017fb772292a8fe35aa528d2fb1a78c46881ba0f7e4d18d07fb6a1f117f500a283b33d64095dcc82a12063f54481d05fdc33e2869163834f00a043aabc0089942ca5436ebe0faa41e374a10c42e3bf
0e1f10ff8092e1022233611e5b3a5737b44ba1b0c8a4b35a9fcc68234e0d228e2224a5aaddc18f5287a7dd93fd2cbee04fc80d08837087e8973c4de80f0e6f7089c4ffd1d6333526c91a391d917c9c31dec3200c870705cbf5e83eccc95cb55f9b8073dcb4c995f8bf0d21ad51b0f3e9e310d0171dacb79f
1fca61baa8a36a005bb1c9450d34103af6dbe8b40460817925f9373ffbac3f10a67f213f10535716f6266c0797237bfbbfe43feed1938e0f93ce56d0157795d4a2df9c90b595c0bc5c30e235f008d50f84d5c30925bb7edc91aa3e71e98347fa3e2241e804b1ef4b97072553de33e49290e6ccf6aac1eca1
2b819f7f2e177d120f5722e7e9a4270c4f255cc16d41500a820a9b9ed6e5285ada851a7e6bd2856c682939ade03e098e732554b4f0271ec9f9e902ce2ae2306951e2d5b38fb9123334354e0e9572c5942bed803d574399c74ee701a7508e4a2afa12851bfc26f8798514f03b2b7cae33b1472c889e746d69
098a562f59b25cd0c54116bb75f7b2280315367bb2e25116c2edc6dad02a01a2d0ab13f370b2b908af1130bf992402a0ff3764ee907d6c523e1d33b301f4f1b7f8358ef06a15b50cfaa3c51d31ed19ab1b77b09b07de61a7deb40f97ca4241c97f40410117c23e6db4387ccf8ab06cc0134eb7d736c2fa4d
3df5c380efed93d385a4369d2532743f364faa0b8d96e08fee163624f2cc29201cba6735cf6072375eb640e9182dea3af53792a5b29b112cc4e8aa8b25d039086ef6147333d52712b5cae525f8fca69ae27253d96c4fef2c603503f992a0455da0218460facb4dca002c7c114608928171c0af3b744689f0
2f79b7a523cb8da0209c1c347e9ccb39acf9577f8b49f0baa14f845deea927fa9be271dbb55210c6743ac348173f48b81a682a20507f20e51ee9a9c80a0c549c8c75eed0f12cf2a06bb67a0e7a37596d39b00321de5f7bdb17571118febb7b8d8a02320398cc17c2c6336d4877bc974280bbcdaf51a2f71a
2326025e2bf08e634cc87f9767637b03a86660818c78d2b8f405afcca71f2a1b5b9f90306992ffb588fca42b1124d94c69e8d39982764aab2319766a24c87f9242406bc1af402dd500c32c22a4caefeb1df773c6908637109d0c1e6b9bf38f108ce1f71fdba3a5fce71b538cd944c9ae9390e94f8c29f5a5
08afbe6f32cdf95251b119d81ccb523f735a3aaed5d1a148e251dc0bcfac23c72b66daca60a069d54f91a7cb9a3e0ed78ea9fdc780c20bbfda9dfd55382b1c20e08e9963ab728e02a9a01105bbf88a45dde65315e3b9e4a518d72f64e19e19a563e18c542b3fc11caf126c6160f89386004f9d5f3c62bc38
0250c1a062705ac0df4718ed31423c10e96bb50668db835af8e176ef06eb150887939a798e421f31deb2da676a1c69d10d4a065fd3fe89d4acebedfa156cc936774e65e269a4c32ac77d9e1e1aab26269717806b2e28cca01bec0875ed8f95867ac150ac87ff78261217314b4b2ec62db10d1c3c2382ef27
196198742cde1991a33930629a17ad17508eaca4e90eb39063657dc39ab0164d4d8eb6097b91124e0cce8cf94c0a6bee7c4ede8eb2e1b67d9270045114e0b7f756a26b00dd3314e1fc938f2279107452fb7853a1f0ea0ae939561195860e3c2530d12f640986e663c03ffa4bb86a0eea726a1a6019df6028
0851a03e0205b8a270a3a65ae3b2df354526a31cbee2104837b1173a7bbd3dec2f44d0b7f272a28f5e238662953b51ba0ca1a58d310cd35797563d4b0059a38e9a4bfd80003d44cab0d12a1806fe6850429e5004336dc63b40e6177a11d484acffe2ef69890c5d6f863547e365e7f440c2ab8d3875cee4b8
0aeb5d923a88b3d2c78400647b9edf051705e7f7343b034089edff4295ee2872fe7fbb1fcd92c78d788e5451cf22da014ecfd44b80d316d821e899d5212a5f123c2424516a0182e5b9e3bd35537782f6bafda358698b16489bc13f548eeb255e7c32d50087e073c4cd01839fdfaf30f181d2776ae49786ef
062079d0789d24c129138418b75ea01aada3adaaba91d3f85b54a962118b2d3794fca2868ee30df489e8ff8cd02a1535ad9e54e720cc68718e8fca3101f19f7b62008193b1b310438db63a09492cfd63bcfdf2c2743a1f4f74340277584db5f0eed2522454f504a53b1e0d97fbc6f7df92104b20f67d8f0b
224dbd57bb48a902cd22d5cde71e4e34f0dbc558702511b7985df557c04c275cb0b5afd5ff72284c261732207415d8b36c716072d3ee3c8f206d575036236313d046dad364d84ac0755fe421459c68c90b7ec10a5108c5e0535912708276fe352590ef301c65d4effd22a8cd0d63923eb3b32c82cfd81cb2
3361fe61811927b104f7c3f2e9e0c008b31edf2d37a253c138b377721e08394c98f7ca12269094d8213982b7da2ff77ee45ce9354141a55f8c20b2ac051a32b3726972c197c513a680789016499be93d99c2522f4a4da2092e4a2f7d7ecd0cc848a21d58084c84c7ee2fd130c8c5729b82314880444ffb9c
2bbdedbf876fec030c0e5a6b242899293361f49ed838d03f1e15ee93edc43f8bbfca51aeed50a4ad0bb9da095d2344a0255f1b31d15e08594ff36b6b2fe7cc439e6b8372773b802f2465d832d6f941d0f6da1257df7db22a61e7067e69d0feff4db2add0c9da1195f8108f1296e07df75349cdf3fd859708
176968b2df330c716ab40e1dcac7a60ab4b922add576d39b8201f11ea0a42be8b5fdacb21e30361595df36a5ec2853352d58001533964ba4cd69e1bd1993c8bf9fbf17239a5d02210238db0f830e240addb932b06f64ef52d6ef1bcb147cfdb795622b3febc1f8aa1a250c06aebffae562d74f76af35af58
254a52e9596e4d0178707e8f62927c02b8dc6c6237e683c3f5a437396d1c1766cb4294a48f03a143dcb8e81bf81d22bdd51f7ab82317eed203c1bc4f00bf6af37c648e10fb2289bad56d2810fbf8b8ded1bd706c234ff8e23002267964557d6a3ba2ebc1b6a0a9884929883285b014e4733c4510840d3197
253cb071e04665a00935db10ae787e142061456b3f7df3e9adbfcf25e0c435882eef5ef67b00d44ff830bc8dbb14d0b797add064f27039b26a373ab3051df5493a29a6f391f8c5c9cd39751359d5a7082d498309b1d0d72e0112068ae61737d573531d5999906424600bf8be4771a45883ee89752a9f1374
38b418a6fc201c72654d90069d5369075f1510a3d9d4e142bdccc6b561f81a345129991df073037a515c0faba6351d3f0b8a8f05d10dcdc7d18efe2c2f47a6a52121cf41af35bcc4e483840eb5d5e83a0085e14cedf859d7edf72d3e4de527da9dd1cac8bea4a1bd131890006c5c2e7a5238e688a84c0429
3e62a9496545f8337c2101b47bceec2257c24ff90848e10c123e8e65acf23ed457f1d8384b9057232296e33eec28e0c8681cd7b4c358a1f108366a083015703cfe7197a1c03a317b2b07e2123a20d074ebf321be0c437132179f19eef324ef963bf32e840a70d9e24106065c5aa89b98f34f4789f0bdd838
0d7d098b6e664d63108ec4bf0e11f116f7a7b192934e328b2d9c35ade59113015f64638961e362ab6b8e194dfa3e3ec6b948f61e616e20ffd83a657514ae5578d42ed9c1b78c9edb4883f506d31e0d033f077093bf4d032c2d0a26951d29e446ea232b4602e00796603ae3adf8d67af822b0e76adfe652f0
05088af27fd90cc0b922b85e840144385bcafdecba0ff100690ec6c7d4111fa73549d749337361adb2dab657f22417d40f7d7d0241687d8f2ff53b35099a6f79a68954b3f8f4c4994f52752f3158eb5a5984f2d81251fd7cd52e3c08ea11a9446830af736eff456c3018d170a279dfbcb1f942f884fef729
3317992c761aa9c180b96fba088e8c07c8c40fd5e10e41414dd4571f5a3e08d3cf1ea97400c11449f0bb271b200bbf70ab9059b7e0e298cf30d23c5f08038871f97823a378608d28f44a2d197595b0b66259d1a8aec9d4900593357f4cfc52b4eff0b0cb2d5e2e9ee10a34df25b89f93604195976a560b58
07956746829984428dd38944c044f132931f7b280c56830e735e2c5f79923d318e956dcc32e33e8105d68fd1e02d798a9d9c577f2186beee815e6f6a3b1d265f59925f20d56bd43df16da93b66cc3fb07158d305bdfff9b2ea9c097ac784279b21b056f26895bdc8ea256bbee25a26aa13b90c1b6d14ac3a
1a70dcdb1557a511299695ed445b2c38b9aa41a18cfab292a1f70a717d06316c25556249ce3274d12797c4c0a711e66f792079ba21e168657ccd78a82cc5a55b28f9c7929f51099b3697b4059e432bf9be0eb0bffe37825e229b1368a22c090449c1abbe05a1e047ad1bc0999b3203eab38cf7620e1faba7
0414890c21d5e392ea79b51759b5061b7c17b0359cd8e09c8bf17efdf1f90def63de474327802c98a75fc73b010b79498517f7a2b1c963089d457fa52dd6d083880e01a15797d331d1c59c2409dfce1d02d843b741258b4107aa0e8349b6f54d29f291fe95689368470e14203f98b398431e369947548fb3
2e021ab23577f6904cfe6daeff7adb2f2cd4d79f5b6bb3eccd13b14ad7e71e42f51eb4b540d368ed82a4145e0c1f851987070651a0ef0271f0450d9416606e251022a0d026c53bd5d082072ffe7b25078adcb34619da7840a9e20943bb4b57194581d0f514cb5d518d0ad0efbf371d1b32ce0b966fa772d2
35a0dedc78c784a1966458b10eb0a0312ed1f42da18382b746853be1e6a731695942cfa6a673298792504128b8189f00e0efef1e824b0096279560c43a53ad2df0109383df48e6692a7c72045126950cb96f639930f2c10143b932b3ebceffca72f3c569f09c8deef41ead82643815897263246af2d4015a
31513882daadf6d17d042a204a3ab70235711cd768a99222077deb560a020d5fec8ff6bc7f20a767846c751b062dc1684c1855daf1a75eace4d581101e19f5a8685aa7f17b932641a45bda1a62a8a04b3435f0c678dd403949091e96b1e3e080345255018722fc026419d74fa909d768a27ed5f329ad69ca
28924241ffbc3a7048501957d50ee222901a9cee0b7db3faa656602fd0e335082ad55c25367015e457b97e23c70efefd4a408390e22e2415590fc6d4251f3cd538c97893eca645f0ac71b30a1a9177401a7771a63195c547d71b186bdb89d478b88288ffae42c2a0ed34ac33bd040552e1e194a9c3dc2041
230d1c1794f0fa62e58b65d3fd21d32a5091e11024b4926a0e54986cda640c71c15ac7dcf2c1340577e547bf7b2244809d49d42a42235ea000e31110215b21a585aaf331eadf0dde1d2d090eaf8c1c9e664c028dfe986da56acb1bab1eac3ecebe33f2ee7fd0ee1e4c00c485ef30fa8831bd373adc8ba0c8
29d442a2c84634f2e623c909f15d27042e73796a2358d02281967a1e32c031f0abc13a43d7c328eecf3e31cdaf23efd87ca31aea8332279ff08c989d1dab8aee241ca333750060ff6dc94a0d488087e6e973a27021f08bb2d54b0361c6f7144483d3d69047a41f40e00ce46a8533d6fce34d037cb0f7dfa3
2e1960f5a17eabe3a4f78daea14d7719378c7da857c703ad8f0cc06e1dad0a1dff4ba8cf20b1c99dbbc83963313d0fee8a17e134521aa92ff61b8f2c296a8cf5e5ad077290803ee4fcd92d317aad125728b632551c743179972e2d7ea959b8caff011265518713ab7b05b1e2ac9fa1a3f1a0fc6482ec78fb
29f584a00f77f631a21a5e252403c523be43d3a20facf121fd2bd39d8e043265cc224e293362b9e847e05e6bf23044106bbd8672e1e984f0d5efd4da2fc555c2351a4652f1c9e7c19f2c0c11287db1d9d366811a2d120cbee9053c646a44750d4be14e135626cb930d267c7faafb73fab370001687f1dd21
04d1c9b1eb4a2531b41346bea195dd09fd49dc01839de201fd8b179da1483da6c324c7af91a1cbb24d954927572352231e39bb88b08cd1eb5e11c709064ff82ccc493d30587d616487e6bb096e1f134550cec3daed80b61f0a9a0bf71a7d5b5f8013c242e6d02922e72de29ca7b32a5d12a0f2e3428598d1
1dbf9be7b886e4a22c4da9261ca82e1f047057a63f6173735f2e310559a63a68529db90939020b6ca3a6fde56c27d8f9e4e724a17108a2a9898647e11e1c4ea413be7920e444ce1602857a101f17cfc3e6f3e21bbfbf2cd027eb35ca0d7d229d3df16c8171e9cf47db1fca869f8927a431aa593eb9adf8c7
3a5e36982803771357803fe52244fd0bcce73ead9d9712a1820a5b24ef5c0324006c31aa3252e6683aef736a34237bbe174146f132e7946f634cf0d30840aa56294a680168caf4c464c10d3c6ba18fd2793671fb9ea5cf3196bd300d6ed497fca3f154a275c02693cc18bfbdd88228715049459af65862d1
0bb5697c54842f30341aa287452bc00f0787a64fc938f3cc6da27cfa23750641667a008a9ba3ba7dca26a6ce1e280cd39499970c3111a4bfcf31566e05ad60516ae4c762f29f0e7fe55cd7146959c1758f7bd1837b368a06731608d3717fb5798bc3fa1dab6ab702d12294df9bda04c4411ed6bad712d3b5
2d82a33aadb9aa213f37b2ae433582306b3fbc21bd0f30b7bab40c7a322d1e9b49ba6d80b2a399e40831f590cb01412960b06a6ad3ec4df344d264421ee1a522300c4e916991ea36019a4e1089d2447669c6204f09fcc87e4bc80618efd4b42264a1459224e540a21a1f62090e359ddb72866590a566c2d7
0f15bd242df5b60398d3831b398e4234b464eded57c0829adf4fe9aeab312175ac07d483c7b3ea8c999fd3dc7a3768458496367ed173915f228693f43594bd9f7bf27f51dc51143df09d3c28b06f10283d34c360784dd4ee2ef82a337337968361c348c2284162043f3850c1d3cb261191019a124e8af630
26f251bda3a217811bb01b9e75d8ce0466403285114a71a8bb8d895d46cd17f3829de7d61b206e3f27dec23afa124a979dde0935a188c76a4c2290c60c7611b49945a9c3c85e9b8dc16f06228e410a4bd723c3bc69ecb7dd2ae82eda29f551a245d328a6a08885028c196594344d3da8016adbe1ebec47d7
1bf7a24620d01cc239a75be68d9a5e1a305dcd3a001031be4b13dcd8f2ea0657f4b9150c5e310151f054c486ff291565ad57bc84030ecc3c6376746d3d10ba154acb6400b2d4869dd5420d29c3d74ce9cdb7b3f88e7073aec5692fa7bda59db490d26166f6d160cf9534e87b455c4900825f2e0a038e6021
1e4463bc239830617043bb451340da0687c5a1e30a4721f3f5230f663cf809d78b6465016b12f97db5dd4ca5570b99b07a0bd402022f01810ee8aaba02cff34d3a7da83111a6b2be7ee1b43ffe352b928680729922ee0cfe5bb407c6b058926b58d0f50cc8957802e90f17b04e22f33571886698e1824959
33c87f69e9f3f0705ef87a15391e4434d9fd78bbba1553538960fa3f151f2205c53ae6540f929b3a9473a044042805d6f94690c532b6b749a032f3dd30d1a40699d3b3e2d6721a39adc982398966d62f2a69f0c792f5d83576d431da2c516504fd71b0ab6dafca8d6d03d5c877f9390db0935262b541de16
0b12afbe10198ea0adeb4b1cb46a833c1bbdf184b207d113388e269ee59837e9b31d835f82e1dc323b4de5f88e2da40911551733b0185e03137bd05b2931d91365118691337339f4a0c91a3db2ef86c809e7707f99a01a16f24e26eba3e7cc82fe80133cdfc11671273bf9224000448bf2ebfaddd1a99e2f
087d241315b2f111f5744541bf85da2561e60d58789a01726d5b47b4df8912120443ee09aad038bcafac8fee642bb8350512856840ec9fb0f874ce3a3d3d1c8cc8ca1f11fd303dd9eb41280ab625d65ce356219ac7c656db670a0c462ec529952172ca395ae2a33a3623cc3e9061e915a1f92729138c42cd
249641fe271a78439fcdabaa3077ab00e7f0a3b7ee6f9146cfec57abd7f60ec4679a01836090d125f7a3f83945121ebeed638e2e00bc765c381503d21ce49f46399aaf52a74c02a63b3db014a30dce2f5e63d04e973760ba7bed0e046ed7f17c90003d3db36edfbaac170b15bea361a37159e6aa8da15f60
33f91a33679151d23bb3ee5d026ed031dc238ccd1a9c608b8d9e051fb98311d8d8aa3ec9d1537818c1147188a437d8ad12d3b4c75270635de200e0670063009b03536ca05d86bf8b340ae8086a57e3a16f03b35994894ee35a6b0c48c005b109152186302b36a54392036d4e85b160e9c382aeafae7156a2
2500a0e795c846f222d5722f7af4f0279d37b5542e8ec3828e9255321671279056dc43d5e2f1de37b14ba14e8313b87c66d1b5e0a04aa74179cb4f532a2a707451fa27e3253679d0edcd900d307833eb4b18c081bf2470bdd34a208500968042cf729b2d3f8d1851b4293218f3c9d337a3aaacbf5953ab21
1aa0016967425dd06baff687bee5002f80cb03b1d4d001017377f21efbed2c2bdd95fae14650fb1cc0d3e582e63fabcb5990362fc1515d9a4e7037a22315521bc5ce96b0752113867a617724b655835d598df11d44eafa7267492a261a23b9c077324a2ac59219c9da2c31487d3d3cacb00bbb1589860f0e
1462fd3835f281813910478a91ee6b06e4678813f780d112796c708d717108a43764d94b8db253d38d6e7118e916beaa742d729313b5fe55009f050d18b2b75f6438530167f5caf593e061364b2a4c8dfdfe51a82c1a4ac4ba8c316d6d66df6f1dd1f8158b6648ec3236c8cfdf906aa2838486a031f377cc
07dd27af5f2d9870b8b8aa3121fde60417dd2e65855d613fbb5bd2be48a60620958fd301927156f659da0f512b0c7ae21284024ae099ae8aabbb66120088292afeaac813809036d7640cfc3031abca9b3318e05e225804315e9c3a652e94f5ba04b37e008b676e5e9b1af35b7d9829dbc01131f718420b36
3a45f0a0d02da4c38b84c2b386675428300cea3589b103c00cee980213a50c7232f3f71aa480e557658d2f92702529b4f9db8d3e309bcaccb94696352e9504c3a146abc32f68c8adb445e02d95fada3e6f3b12481f66e804687636aed08ab87f13e2ffed16b161fad81103ae2e2e3a7c91792a52cbeb9908
219255e99b13318117e09a679270c722e685bc69fb7cf36979f13b1c81a70e071ffff46d2ca1ad8e9d82ed19f41be3781b385fa4c2bbe2425a0c79ba18e286895a39c9c1ef7bafefa4b2452e02b24ab7be5ad3df16950ad46e70264a5247c6bd55a02503bfde99237510c4857ef8049b50ec8e611d832682
2087ae8c28c28a13e7c42101bfee5107c24698c15c12e0fe1ce657298c3f136dc35952d455d28ecbaaa380f18d1afc92d72814149293f0ec3af582d3187cfc53a9003593f0ee35d0544dae378a5499d6a4b562ef6557d86b9b4a242ef816e38d56625af57aace120d51cda6de6d88ef512297efe8781599a
2724f0afdf35f1e34d13223bcbc8d831ecaa9f3bbe0370b1a48785e91b67255db8ddee88dfb3c0ae033c490dd324e1ac6173a6de829fc5edcdd4be460d4956556d5b8cf264d4a020ae4e3938af18ede4da1c0310f5508d1ad1590d384f0c8a8a46e1d80d66483a337b1827ed8e5ae790d2e5b9040a269134
0e24be823931e270e961248b8f70883825e6e70ebd96d1be1f73884429370ef3e7b37ac18953ca5d2107dd99940ba42d2b0f0a287072be8692252d48388a877633b8c493bfe6d0ba3a694332f601c7e9d9be43deba8f45f61b1a2923f86ba94cfff0e27632677eaf1122fa83c49d34af60795c77e024690a
39b201d29e602c32618c347f1dbec9384e115bd7598b0039401e244169d1139ac9b2f7a78623f7ee42f5896e53333db0dd9de079b1659894e7dad1d528fedff5e3f48512ce1c8c1840e3b51425d4a705137e3311c74d3f48ae4a15dbc66efc41bf2117b36548fa19d6172796864f231cd3dc8556e7439dd5
0f6110d5d1551c0118ab09d04bdf802cc0648406b7d611948059d6d60de209c43bf72d9aab12acdd39e1f78e493ec11bfda623dba39a38e851a326931da9a6aedbc8df004f21e6a11032130ad36ca65158e7609cc291a8b2bee81ee922b1fde132c1dd64286dad9f1205e4829a59974902c3cd56e1c1694c
1dc23e67b06fa362435aa55017adb12ca6dd572c16fce0e9d53b4aa49a161e0c259de05f2082f7787999b0dab317daa24837f978336d244c6b26815f2974597bcf5cd5b3f00c49c583ad9129ced5dd1aaf19a0453b904cacd5e800d53e77632bb330eb7cc3054924240e584cf3bdac73525fd70643487730
3b80f16234e74320ae3506093cf6d21cc247fb069d6e202ba7353fdf44e00dc620f3a3987821917e454bdb65de31785b65a83f32b30f29f4aeeb97f10cbb708725448963bbc1d8390eff46214ca1ead53bfb027be33fa11a8568176b6c3cbab090b1234038ea90865f37377dcf7cb2f0a327e7ffbe7eeae7
27c597a44150a6514c2946c517986f0ff03b57a47626d14078b00118dd602f946ff056729393de4f9a354fef270844b914ebed5612551253161bbac122e4fa6f5d89cb90756d4f0292ebce3b3739098b401a9250dac91434bc063634443a53ed7dc219c061662e69be06cbc2a0f2f07be22d9f8ff9375fa1
17b8c2557d4a2082f0f518db9ca74e02ab9be1c9148573c12d8d5d882be118b06e36287dc23045165be15ab038122341667947dc93be38da43d56c7b03efd07cbdce3f70ec39f6c40333fe33f99c34e8179df23047c58502892e33681cb36f5096f2b6b7359a6cc8230be6c648559e40e3f69127d2482e06
2b6b25ac0bf95c82867ce19777310f3a4c3a09c48651b35cbe8b4ef20ef71d77116909b5dfb29fd2ce3bdabae90ead3abda2e82910e98104b22bfdbc159e10a71290cfa15cb902a81e19b224198f1c09d41da0c252b6115d4ed82f9b0392ef9b0ee37502a5a767194519c7e6da7ad03740d5a6903df61afa
0fb0675f60104193019e16e5b948501372e357f74e6bf0b796082ca22d72133150d921e02f33220325c3b0a5a20f7d9f9a703d0a423af28a9d4566a72b80354fe2a136d0e8f4de8be09a083b06b4761ac617921a672fcecde30d04d3218d7d6e85e3a1f83065e21a5e07935bfbbb9c1c53130a75ad66fedd
1a6c7b78177d9a00ea7465e7cb916c3186900811491e22707f9f925260aa01fcd5ab4995ee9292c28d2800be8b0d9b3bc356bc5ea36b6f0db6de3e34218084fad69594a2095ce225b6407824a604414f739660d0674d0134c3fa3105c2090288e15112af61e353b59501b94b0483a2f8f3a77418040eee03
0c3a2c1e90e240b0993fae8a90377435cdc0ece84032a335ce7cea72cd6c2da08c58875c9752a9bbcf51eeae0a0618093b3b59c721095fd398b13e331893b749c4f3fb039840bf9a2f750d13f078204bc286c0afb0bf8c68069604a4249a91598cb1af3f6a35b6447c3cff99511e4ebec3b2bf0060135186
3fb1116f30c80dd138736603e377542990638c4526f453f9c61ff1062bb632c2785dfb3c3e92562d71a630ecd334c2bdea4ca3ca92d041d214a04c28245ddd23bbefd2e106b43b4dd453f9277b23cb6d7a9711850d0434ecb4541f5ad77ccf622f339325717eb461ad22897f7a5ad49ee036868361a5d584
165403f1e352bc8276875a7744fda2168ff784138f9d82588d2e546b4d652eacc56ce54f785218ada914935f4325df7c4fc09e740210b928bcadcac3132ef939e174a3e13e47c521fe640607015e1d76041150c676e228c50ad4377b2661f56283d005c838e98bd47436a096558fdef6d13a0ec64d436337
09c52f4626e83421ac3eb3a12d02ee1a84112c168b80602ab24fb8c4a48030f37cab346034037e1e44c868bdbb16e268f8aab50621783d4fe860048f17e46f2d6a9997c1c64017ce212cea186db8940f05ce514f8073028177ec06a07fa13b5ee17215176636213b07338866f8fa3571f37afbe7893daded
0216a159baf528b3fbcaf9ae3cffb630b008f6f118c5f2af80c5328bbe8d253114707427aa60ce704904c7b00c3692565574e074b0d75bbf1473b6f9330cd71046d4fd20538b8abfa7b71d2ec95883e256a7200b0cff161d23df1faddd0f8ed82281f6eb93f9b6b84a2349a613dd677280e04cb4076b4f9c
1481d01ab1b8a0039f3de2d3629617194ff36d8b8da2910197126e3aaaef2988afc4467e421267958a95fe14a403e476fde9f8e4413b92e1fb705ce93cee56720bd9e493a6a53a0da53af6034ecc8d30a21c70395dba0e89fbe620ffc588bedd4e62323c197617d48f34c93418badf28e236ae19eea07355
050e9e60ddb18ec3fb6850ee581fcf0db03035656cc6300e87d51821d2502f584467279f3ab3e2c34193fbe9f83c773dfef3b2e6537b4ced6308604e0cb4bfd93f85e0d1591efe483cda963b3692d4cbd9d491e1d1dd025b6ccb3b14a5bfd72a25f329a39e20b7741b30da81f39461a70337526c87a296ec
1eb252ce90c85bc0a68f664548a6cd3e7b1efc48dffb503c5f706f0f2dc731d29cbab48e2ed375b354b858dc70246754f51a0f3d12a55c1bef7572f83314aa70a899e6632b01a0a2ca3c4012c882e689af3b037f4de983132e7d070166be2a7e1213a1fd5c8c0647522b6cdb25dae416f337a1d861ad7039
1ba76f3cb917b3a2f946130487fbbd284cc4d98d1e6453e0e39425890c402bec4de612e4e9a0da145b45a07bf92c53c4e70fb6c85088195255f4dea5231990320321909179585205b8a007374f72a7452f9bb3dd0bd737da713c0f59a5dcda3f7350cae2bedf75453128582592ef72bbc1f3c438fec3cc25
09cad5e29e9371a0b03ad44e8acb3b3d1393e0b07f58c348968c2eda06c13906ef1f1646ec11748032228bf64020396ec14ddce4f10b2c5f065ad179265c831509f2bbd1decdb84b4600861e53515ef15a1fc32563e0c48a4b582b4a69ef8c4f2b33333a10c056077901d91490e2bd382127795efad8f964
32ab63ad9cddd4e2374eb1a27574f312b870a9241ae1637623c99aa2d82a11b2a46eda9543c323c3cd67ddf5c81289115d4ea535239aaf316a208fbe122467c6b40553235a4b139f9a0c7a211b24300ddb212264aa2423617edf03f1463fbc737eb311413bab6378cd0f989ece22cc84b2dc2b7c30355c38
00ea36e3863dbeb3ece0756fdc8e340c3d699008094243ecee00ba1c49c611311a6cbcf053113457d155014ff81c69f715d0178b525b36f8f540fdce31e2065565878aa07af5a1f6c5006a13323d5008a973a016bfc247e8524b364d4e3c824fed20d8553d7a055e0433df20e0e950bef3a39df489a53991
2d1ca574cec04a90a4248d411b63a41b783c9c44eb8e92298890633edd812151ac24531f1f42cbad15ac7ca6ba1f0fa31aa1dac600b1e2f28861c6772e15544996a061c1be9d0e2b4f2ce8014a57ad4757fc70fa8d3e8254ad7404e3f98af4d0c0832f18e0d2703bd836896631d621a801bce82f7664e73c
037209630bcdfa7179eeeba5c2d4c73a7602a8e9814520845edc2baf9d29342252a66257b9101767351af46ca40a7b95c582b00613dbf14d797ef0ed17b2e2bccd7935317cf13467031ea81da0f43735636ab0845d1a9fa6eed01f2891a85c1f5d00edc1188172c7d9060bfd66c15b11c04e5381344234dc
186d13fa2576bac275bcaa71b566f614091044ec105cc0c7cd52a536be8f3240862735ab2d01ab43632d31037200a53363361c089227835e5b0c560a05989b7ffd9f14d2dcd4ce58041b9f0c7c6ca7f50c676064851be5b4d732220526e1329722f08652e52ae8d8353f1d2af297f380f373268f2ddf9717
06cf5b7ce04ee8835d5ae2593a880429f6d3755990f6d20227708a0b71e73d7d6b0ebc64c76005016905ccb88b3d463df4d0269e322a36c46aace73f20385f92e6c1e4916da7ce25836bc208e01da245c868e24cdebe7a0c39e306b4e669442ee402f661929c88cf982c7a4204273b73c36c6610ecbaa8f3
3812c869adb354e1f671081c760be61744d464be9641d178541a7b8370ef20a7b26537729e5258b7d3b5485b411125d0bac5c6f8b1fd12ec2086cbc50f7a238bc409305221116bf715decc0a41b6143501e7d03edb15ffabea8827bb75d8d78300d113b3077c8fc6a528e4a8b27fbb0f2144085da7dac186
0606088e7e1376d23fbd0aeb9559e1265e7338cfc1c84078e404f82ab6c829f33754d607f0120d91ce317c35763ad33b42a200f7a109c686cfe7453210a30dcb4d0154f28c015ba93c45a835e258157a754171a4479a51327c74072e2eb28f9b62e28ae53942abd8032bb10fde757edab11bae4a6a7651f3
0e98e10dab114a71e3fa98fe4259701159b9ce7e95e1806501e2b35d1d2c06c626c5cbc49473c5add71fca7e0005b68730b5c29cd0d7dd2a654aad75301cd5f5da5214e27d59d49c63fc54225adc7964ded71170a591376a35b1325ae03b4e69c970982524b6969b7008c3da9b7adeabc3d6d75a578576f3
2f4e7dc483ee7620ef7726d708f4d318fe58d0a57d0200ad4d7637752c2a079ee24f24008f413a1a5843f09b9a2c05afa38c6456e3724f483d503ee92cf3206c37f170013bac22fd94623f3d621f6997e5b632e5752cc3a55fc128bfc08b3d452440776fa1ff41262f2c6fe24adbd53e80d6f97e35bf59c1
102a7e2d86c7abd32e92d47d608d8c1d28bf51b4babc302bcc83459d2c8703c2b51ed4ee03e3eb36a612c63f4c0d4585a9f311f303369f7aa586161e005c1b12a5adbb410353286bc0f0e137489b56134715f2ccf9a0fa2fbcda01e362c573b54d83c9596e02f2be6d39895f6201f3b0f12bcd80ab64f4d1
2ee22ae3bd2abaf166479353a260e211740f502268a482d793b1e30a0bee1d34476dc70bafc26224652f63c3a11e8b9dc59592de2110fa24511473ca0a5d30e5dee978701581d46251a1d330ada2673299a1f2851b5f933a9e3f3bf6f0299901026174e7971066f7540b555f053c5db000294515ecc63ddd
382160e067e9a5916c1a833ed2d2552117bd5edd658b500371abcc320f9a154b96cd3984a5a15309c2fcbd295d16411e53b7a404733c5313c27c067713c1ed95ff8bb7038d34d81a42c98022526fca967423c00d382ecf7b13e030d2a3f582eb868217a31807768df512d8ee0759df4e90484987f86edc63
31b2f19acb426d73060f1ac72a75d02d6e4ef72be566b2c6e3045b90256b26e63bfbe62fe1539316691eb788a61d71eb1abd654d62b8316a9d0eeac70ebe59ffa2cc8c93b0a85eb1d975952882f5637a7c9a10d4af2ca5a73543390a7e7ffa2f3e92382a596d15925f2a083f67a1796f808ca704321aa8ce
036f0155dd8835220a92b4255592592df4f87e6f907b53e5943b7f660c15277c8531aef34771a2c4a46641b1000d1958b6ae873e63a0fbeaf077bd3127843b7add0be9e065d0fc94181707027b5421eb3f9f91064f0b43357016287ae9284feb4fe161ca4f81fed1cc2ccd6a970d1409d2381e25dd3110b2
10c9ec052dfc1080d74636a73fdb7b33fb261befc22911f7bb4a127735c6299d88cedfb2754214cf2e6a9ce9bb11c77e87c91b3000984179e485860337ba62c0c00abd81cb54efe3199cbf0d0aa28edfecf21029196432da1cab2c7768fd0c0afdd0906b0d10e0529600819ce519a3cd31f15fd54b6b8aba
3546f5d07d76ecd10fa6246d502dd8320042b769b4c7b1ba90615f59b17c0fce641314dd28a0e70267158a16b10728501f4873c66331bfede283eabe3da4006040c299c21bd125d8b03ac1292e97fca0328ec318bae48f323a4e19795302d43c6f43559ee00f6ca5fd0e058f0391e3f24124c69430fd9883
3a1f30ed35f78441c43538469614c72923b5f0564b5f70e21b073e894111298988959a12d011ed5b3ad79de5b81f3ccf2062eecb03ea04017bc9ae7504325557510768c2d66c962b2e081c0a3db63fbe5271502e82b3df57045503e434781d7f33a18ad7ee8d34ee26396556fba7518692ae5622478d0d56
083daea53ea33ad254c3f6c7bcf6e53732e3fdb3c65b525f393fe6b0fc3532cccfc36febe532abc722b77916042ecd7433cdf25263b47096d1ce542b3c8ea739eaa3ba319405de6581dde00d3b206cc784f203c3d4ddd3fbbdee14546b3defc8b3815912cb5b4b5fce20797e5ed90dfb1223c0e011d8a6df
0222bbc08f24a0b1f7dc8011e7505a3dfbb427a5771a40ccf8e12e3494da030050b4cd956c034cd4b4ae71aa522ce4302b0cf3e28307bdaccf4b780d19190fbea5896e92988be7080137aa0e6d8b2e2ba33f0138f4e004b6b79e06e51894a9f87b014217b5dba768e0148a2021a5574b83b047e32f51acaf
1783ea94464515603e8f9aa85dc395335261b9f8065ba1d22f8d1651172c34a71be777a3ebb3bfebb595a90a4607852f47fcf5c480a7108fd5e9199a2ec1a85f64083ff0f05c6011670f022d6ca14490868a517ab66b8d4e32c80811e4d7fe60a2d356d3280fda913b1e17ee11b7c54f211ea1818375c8ca
034d217aa007663250bd09c40e26b720786ab2ef28c590307924384293a20de435ce1af93a81d2e714a088a9bc289370f5d9150e405ad7eb8ea95d8e1263891e565eee136445d48b80917a01874619238ee952fbe34ab92472410badebfb2553dfd3cd6d134d34fc0d3b12181a23bcf451312046bd83ebdd
0aedacbbe33e51019dd80fd9e291e93782d555480b2b22a2ddcee733c9fc30d00f76a1289b81aae9fd48561c1626671597ab7f8dd36259ec49af0d20380b3143459efd810a9c7ddc099ad6211dd81e41005491e0d5371adbc8e42d0f2e844d919bf020804ddf13a7e8341c98d8fca1a4101689902c792a12
2b71e327e89e81e3d5741dd7a4cc9531f9ca1ec9f92032ef07f8310fe58a0ad6134a508e23025b69aade7a258e2a78c16484bffd63e026b4f40144382c1f38f9e7679681d6e8dbea4205243b9e0e051fe153809273e726fc55ea002655c02e2e040028fc3ba52969bf1c1955bd6fac1980eb801564321877
045962b36bfbeb6326df81e2229f7e1eea0da6d745c0b124c402c0aa9e922121373ce4a66242ba180bd26985411c8e4c6c2de0ad10df367049f9d9180a173e6d21eb4d02e680ef69412a1f25ec8ef9246d5f8371d5ebd3a386dc3f1b086cfe9eea103399eae39a74743153dea655d86e128c8c45a8407f85
2d64eb74f1953de36e0ebfd3e73216158035e8ca8667902363ba6c1c648419eba8fddbce43701890d61d81f3f02ca66966feb70f43ef1eed3804019d013f35972850a5919aa24e8a68e91c2803848c4e92ec73993d67995dc29307438b7c4a50ef90bbe5516aa05b5a0501d19eb2487cf15fa8537ebcf71b
18d3ccd3a45ab9b2d92bf7792a954c00873caecf3dc283084ab5a28dc3b2324673b7d3d61633ec3cdbb972033f165a1f1bc84760e09b1aa24adb6679259aa5cf0134d4e0116a912fbd0aca3cab0df8572e3c302a3eedaee8f77713b6ef7006461943b4eea0f538ef7533bbeef291041f539c2be7460cc2d9
02d7bc4cd11a2f122566d04bff2062129fb14670b5a71292a1b93df71b7901f765374a00ad2210fb04339264012e5aebd2b5c7ad605c64f4c1ab1f1811da46ed39749cf3b0d9776e4816883b5205b5c2737821fe040f6e8fc30b001189ece5be0022d6f33e91b466c4305bad17598826d2e245d361adac34
105af8a2c9ca5051e62acfe348387b3b272261041222d151dc433171b068004ea2d35824af936fc9f04c6017a11d8747c7853e71b1b196cbcfeb723e2b9c7b3246fa45c23075387b81f6e81caa99be991d5060a959675c4ce2ce3dcf977c09ed304337f36260d98c1632ac64ad46cfb3d31f47f28466ccd5
26fcbc4a22204d72ec95c4723e4d3230a2c09d716b5ec2ff22eb0b620b962a9fa61ae7b9a100864dd45cca6fb5009f04c26b512693512390f10d8f4831de39da4b634ef37b158122c576eb0e40e70e4f424ed261f25e7c11ed7d1288d7b6ad636721b31a029e2a88d20eee41fd9aead383999447193ab36a
3b99f81adbd58701d2817be952a46705de58aea22d6fa06066dc30bf252b2dcd5e549766b3b2fc3ec6c14c1acd022ba1eeffc10b81b0e9550430bc3f0680da760098ca820f572c4d8403693f9273e04d33797078c1d92102af312f94a0fbe23454031f0b19d32bd61706007e70c4879801a7ef06bf451a0b
14ab917c809dd2c38019dbc93b3f241aa6f44819d6c5019a68d533efcc4a3c57396d2e7376a2a48fcb4f2aaa462937152845a99b6377eb7cf23c99702af942c36079a890dafd440f3b54201f3a0b83a1623562236dfeaf7f3443083fe02bfbaa8fc32d3bab855de44013b4351c34ecf6d34ee80ecf1b7710
3eed94a5ae5f28532ccac87fbe57ab29e44d007b391d634e4f3210ac861235b89135e879952075bea8e24158d3234b4e68575082a253da32494689fe048dab95e6ab39b09f76a9a955849b04b98efda64b33a29b95b9934ddb883ccaec0e801ca690cb38e88c02b6fc34be17f276438b33a1c8ef4d26277a
0fdedfcb1aaa70b2cb40211cc053b30f2ed6e96d57a3e0eb45a6fdcc0aa30508a4bea21fe84326590672444b8d051e3cffceba2f41fd8eccb364bc0009f562b0dd8eac2281b30668018e113842630885fba921ba4b814ce054b02464b11ab67af0f22abde31052fa690b18d0565f9c35121b114039ce70ff
1e0ae288bcc46ff37605b3dab0d0c812cf2e76466e78106480af0163b1682dad9bafc3a6eba163f0fb090d6cde3265d56f1c463d91c3bbcad6b15f5018ace0ad460cb9317ee787c2e4ca9c3d4f4a2d7e7be103d6dc143c052bcf160941a28ce418a1e38b4dc0a67de60f8359e7622f7801a5cd3d33150093
0db7170d41018242680f9bd2898c9b03b1bb674a083d718fb532a2ae27ef0fac19a429c70e811d9ed10f02a413342b62b8482ec0405f9a01f05242b719d3169aaf75c3a3485bc5bdcb1c993625d0243f1fbb73bda6db9c082cfd1f290aafc35bf151cae7a31d652a34300a3748551225e2c63f0aadf04107
3197023a203fe17242cc30789084da0077f8dc75ed0f90eaf418a15610fa0d58c220421558317479541e43705e10e5ea381fb392c345bf77e481f2742b1436be95532983a0374ca386471e16d55d05210b7043a5bd908f280ef117585f5f35656e00e35151c44854d2070ef3acb517c313cd9dc76ee7f61a
2c37530fde5828b28d892fc7eed8cd0ac0468540696e70f32c228e5f2c263b2a7ebfebac1ad107a295bd64ba2d077e6e63562e58f260c5a78edd7ed32888db5011dd82515d182c3862080b22498e366004bdf2129d2c0ff30bfc3088bef3706a36e1e9796a8c832cd63ad16db0717cdf9295d9643860f79a
3c8ff9ef1bbac3812d97ed85dcb3e216cad07f096a89512caf454276b06037dd32fff53b6ca28273b7afdbdd792313f76deb880190c0e8f99953d8a820ddc857fe87b7a3a624ac64cd039901bf00a6bc2302a30d920a91d3938707be569237cc4f9032b35b433e18b71a8397d2030836c00c300f7b9d7a7f
11834e9e42d27942577442ed692fcc352f494fdb15f562e83dde0032e3a329f7336c67d99fc1a960619ac3b7f33ab499960368cae2dfb82d8f96460602e114fcc1e1500000f834bb4d4a681530c02e299278c2af91444899c7b33abaa1de6eb31831e4530a6085f07712211ffe98a6efc06f4ef979c920cd
27ef2f6854f6124122dbc4444d11262892f57ca9e055c05f2f3874da68741f65ad777f0f08b1991cf18b4f44530ddb341e9c3cbfd364ef905d84ea9724afda741bf95e018d692b7c20df101c2d1f88f6e91993b3251f6fa011840c51c7025154f4b11d68777d24048521b2ee867b35640143a222580c955f
33910355348b36f110594e243791fe2edbd01cfe5fdbc046c716c802cc1c0e181c3300142972b459a71f64b64f294eb06d3fd51ec06cfd3b9959934220c987d8a53d3301379d2b517aca4e2f54aa3235e6c2913405e3fb6bb5fc3c7515528065d1e011d4076b97621a1e82a576a5b068a1a429007ef0f182
01f75c2cc99ad1309feb1e512ec0e732c6cdaf39793ac12ef278df132ee422e3176405893e13252d150ca39d001b6bd7ab31964f217b4d1a18911ca80b56605fcd4d5bf05cb2f711a762721029609a0ba3a43367423b29337805059e91c4433598337e512209cc571428c8d8568dd5b000c7597efc8adccf
0fc468f965c2a4a0053267bfcb16ec394e9b830a7c3500d6b917990146e6030515c07e2514e3a553481e530cc920b6984251881ee207a51f89b7e1dd21cce75886f5245003dd9fc52c67142c5f4acca85bbbd23f4d3d498c7fab3daee697dd5e1352aa62d5c77b43aa18136e4cd1eaa7230af4f8740d167f
130f924840c17a0058426c19b6a915166e3cf9b697b8c39b1f3940f9eb142a3cc0aee301e7a3ab0059eeef22250be07cdce5aed84312462fe32eb7470547ae18208871b1e016d87948d3f33893f0eb1197069255cae97a4a0f8233d93020ccdd7bc1e69e4955c985b428e85c0ddae3e3f03b936246d7ee8a
317878c1c979a353dc00c372ac74ca25bbe0ff3d41fa6135d222288883631a5afa6b6b0ac871230fb5d916b991268536d77a844fb38b02828d8e2f983d4cb0d98d59f4129339baa880a580290c2fdfba4fdd42e6304acd01ab150e87d8403777c322e150d9ebfc451a2786f1b24b35e1010c51a3d1bb1af1
2573a3bb8b5778b355d009fd8b0e4139c7e1ba410fcb90eca563f9a61cb02bb99564d9572f431a55ea8a90818a1d283b998f9f3ae21da4c6f6e4e7b92e2f555811b5a7710132068716670816da437840104f625951f329cf0ca20a830c580d627ab00fb1165c092b5b31eec8905c65ece0dfb715066872a8
129e56de0285402076efb9b29ed00c094c250e2437c6d097809d70a338d8098333c18f9a0d40c7c702da45a4e52adce5fb19e42143c62bcd389e41382f58c51479744bb2099399fb69756e020674e6471cf7932f7b6d538e8fe02464344a24ad7a9314cb250e74a9e734f8546b6b62a310bbfd395d07383f
36d024d41c5ceb118938663894ac3816c1175fd6171883c62c5dc0b7a7cd2f9d2ddc21d08231edf9d02a34b04f0f7c7c5c78f2f9439bd1dc5ae0864a1f457b2c517e1b51afe46ee598d8ec1974279cdd513710ae2f9c8bbb648209c318cb57c048e025812fd4917f812ae4e1dee428f9e219ee711dd4c08d
150d21dea685b8d3178ae0bbf329f83a04217e9aaee9d3b36b47e5c165be3bbab93b898d9c50c0823e88d17b6d3334bc075220a8f0f7c523718a213f16454f13264784d1d7f6f1d201dd622b8d3d68de490b60dd86bd9ba332121ed425d940ba73c2f5096a4f9a475217aa7cff2af4d813f3987ced2112dc
18d969c3d385f3826926b4e1dd96253ddfd25e2f93ea212d5d0ee188c20207a36ad0fb881e521e3c58216bbcbe3d6eefaf60884c01f25ef0e63d915234a99b8d766f48b335f3647d67ad703e13b3f3538ea153531eed98bc84f519e7bc2837d13fc0cd9ff400bbff7e1a8329e6cd96c4225dd81482580138
293488348f4f2ae31d4a5001e07fa0382eb2a95c57bda04e0b3dbb052dc61d8c6a208f2f31f3ac9e528c67bd700b6b659add9be940e62eda128e5df321ca75ec9535bb8361573f5d9fdf361fa94056bdd2b5c0a2843b90357e200727ed9c1059ca23ae852682062f911040e33eb2a8adc3969c3b48a41a0d
11203370fe33f9f0059788c73801070d184aa6c9da8a52df503e0ae27f8f12c8a00b32d9e262d61eee382ea8ac3f9ac042ee811d33b754c1323d118203cf5ef3f8d40eb10a36c9b7017fa7381de0219fc64c6277760958f8943327e0d985dbf3a5c1feb457e3f43bca275d5e5b67089632298a53bf378707
0bae703eed5aa02263470090e9b1cd1e2178162cadc562c2017dece01bcc04deb3201141bf50d9d64e8b9186e527f70f3fa4b5a73146d555df5261530a9cb49b0866896122e5531be2fd723dae3b4494fe548190472df47e49370cbf9923444935e2bdd921c8be701d098aa37c1b4a4a02f6e5b4360efb65
06125717508b5690e633ee4dcf28f83c5c7a387d615990fec427f7071e4d22b102ceef06d95137492c3b2685bd12eb5bb164b94bb0160938c6a113d10d084008f9e6991334d5a0f0a9d00d29c9d1948e7c8152e87ea11d1a61e32beeca3075929923a8599e9c671e7b1be7f2a3fa05a1524f1a2634e8d6b1
02c734de7b13f1c37f72bdb6d2eb1f05b721b629aa8341632a4de27fc742038de3dc2a253590c36db7fbcbcb2e0219ed998221fa31a2a4d142a243df1f98b251c725d0c3e10b768ab55ace009f5f2844c1a9f38b430622b6bfe12ce2a38a9972c760d3af9e664a471b15d7af14501ce453bef9f7694ebf04
38eea1fdeae2fa6201093732c2e7262a43bfe0ece8f3527a56c80c7c52ab2e97e0b34a38eb60cc23782b8d283f0815b75c48f30e6355e1e285e0b146391f7f9057bacc438f0b93d4b02e0e012661c1730e20627b888cd9fe5c8737eb41586192c613b25295d9cb02480561067514e56ea09e0e01dab45edb
2f950531e6f49a11b3d2917a99370b27c53033de631f03d29c226b397bb825f8bd8207cce2a0aa9b06078f09a121e506e7cd8a4130e712d2ba308fea0f5da039d2aab142124ac6d8c4ae0b1388899299c587e13cf589deeb9b9d313b1fdaf02d66829d44a1e3fbdbfe17cd972fb56f53e17bf9d26626bf03
387cf938382f4e93f005fdaa75bc8b2584cc9a929ecf822c531b7e89269a18bbb7f64da2b1200fda471f81c67b1775ec3d9e4a5d918efc71e871808218ad4e1cd26fe1609655721a965f9e0429defbc0c8d7d1f797dfb2269509064445b73c3f91d2acb2d5b7d0f44a267aa510c7aa0ee0eb446e2218f9a3
20a1dbb9e62da98363ff8d762fc5910b2986f638a9d220207a8a9b0ad5593267d4266d0a9dc3ebbf741ca854982593876db66dec22d7940f3a15566c1cb6d2f58477a0902ce0ea64b2c3ee1946a9954b7b9122281d09c31224ac2a2502f432026c23221be6a0bfe7c63ccd6fcd4f84f013a506c79b584ca7
0752c987912a9dc1b3eb8c8f2c99c41ca7f05b9d0c0463127817872f5f792361fa4ab115d8013a82f20a6d741b2b508b030ed004522d756cff3607531c34c68ce3d21d31aa32ba27353bf91950e5d24b9b28e27cd640dbdf42d63b1ff3afa982d181e568aa88cd9a0b275a250e110f2302d59cefe29b6f7e
336f5a1e3ef8c0d14773b0ee82654f16af22666a1a222120aa092b8ce2b63c68178e329413c28c4212989c27fc3fb1fb1450dea151dd1e21633afa271dfebd58c222a6f36ac3f5d1f2a9db314cba791ad0b9632eaa8d82d7cb752599e5e0fe49e9131172cd48d2460f382806c8d4daf570952d9ab7d475fa
00d61037148868f03b337e79c60d921e35a8d1c10f7581cbfd8779a836c121db79e492f41772699347bc670a8024a3f5b914011682c4fa8d0b3ee4ab3c11a3eb6d469d713819d007867d882f87c0ae94bc07e07382be197f4a8d2a48cfd8323e1c314b46a251e889a737011f42ab692823c1cbebfa760b40
25c30675af97b9702d4f51dcd1b266372acbdc5d6233515061a7377095dc2fcc1ff26ea8cab2ac1ea5794332523b73daed8cc31832569bfbeb0d2cdd0982fcf5e338a68057d76838a790ed1d8583373bef04c0d1053e7fac24da3162ab362d8726a2569f439b4e4a6d3e68043aeb5c284005ed88b4fb0a80
38fa8cfe4db179b26f3a2559b4162516dda1d21d10807207fb8c306d41ea0d4efe688299ba819e07fdac8e551a173f9e18e0f8ef81066b626dfb942e005680632ff7a292f016b5cf5a942712d878b3e7dd4263eacdbf1c422a0d0f387c1d423b96a13d7778f50b2bec2b5c43b9eff155339a6589485fe3d2
0ec67689d6e0d7927b4f21e4bacd350bc0417585a1c962303906110dad570b984be83446b6c1dc31a201a37c253597763e23d58e629daceda30619af048ecf476e505f0226c1e6b7a3d4de023f7b47766fda9236a7ed081bdf441a8519245deab10136b029752c981b31e1c3ab367439c22a84a5667f49f1
364d84e4b40d51b038eceaa4b0ca6e1a24705fe5c93410eb44105607a4e02b70a7898d1216c0e6c326acb780f01e180b61eaacf010240eefa9abd6a00e8ab62a95d2c5e174580e3f32ea8c3a450d61de6926a02055838235e6ba20d5ffba06ae9723fd41d12bc6448f194a960fbd4a6103b0a6eb6a190a48
255f5cbb97b09c90a3f6e9e58ba51918a827d526b092801f10cf9f14b90c116596afdff74ea215c7ace93ab9972324652a3c92d6c16e6dc6a3cecf1a28f44574fd2296218e508fb777a894090b9245e9a7a5f03b3f5de06924e92320fd3543350cc37e803a4cef9a4e368d5a97035ddb4212c95f7d28514a
34688cb90201f160f48da60feb0d9908525aa65b549813d0079a3f7797e21c6ffce5cc2a7d737f7a9d72c2db5418636095e0418a81c970daec4f8fa929c513cf9a6c6431b1b26c2c83772d3efe16098090b8c04e695273efa89119073edfe205bd80d14ebcf00a059e103858dafb2001d0927773017e3c9b
3454cf9b2aa88d637df38f8ce7f47b2e5cc5655b8444f04765965c8bb4c7283f492c68e70c12d960ad328b06ff38c0171b559a5d800394f2ace2be71390db9b22cdd14327552e20b86d349357c60f304105c83af832566e5ded2083c96bf91dd9b7357bea18ddd8c0230847e71a03112c3d8c894503a5866
3d622878f5ac065360756b0de2a82a1756aa29487173638edb7d47a020763be23be980682b31792617af5e1e9c325b34721d2ea741934673a51bfc0d153f2af3213249a15699e805c7093a00e46b660e2287a38010e891fc014630036d885447e52351300d6d7d53ed0500bec98225da519fd6221de101ac
3e5103771a3872a0840d9c3cf3ce5d2bba15cde504cb309eebc28b794216041bef5ec4792211abe4255637ea690913789e443b2de21b86e9927f7b1d186fc0724f5d13c161320e02a549961ad2c6285cae3dd04b2b1b82fbad453430de13d2a1fe0009276a8538fa74160df43ad7f4cf12df2d07b0f55069
0ce6580e519dbdd131af54eeb323591c1196f914734a81e84192ec7b550116e06d36d6cdd922ba4c9378cf08b93f9fee2c6844d3019eb76fc973a38d2cdc8ad88d8af4320aa462128dab141e67328ab9e346e3a1a0725346083b277466d5c0aab7c2772ce75e118d9124138855381b79433a6ffad955809b
29fafe9f61087c6114471349e9c87e0e12d55e64487ce12afaee7edd2402248fd0df95ec3962f0e639927305ba23d72de4f1217fe045db246a361747029bf436bff47610e94917cd949e220be3284f88718b1004d18e83fe5609359c8870dd9e6de3eba259d9dc8b1624dc43a31deccd627d8d1881582c42
3221e2106369c791c4c6e29de1430b0408d4eba8840421c1a378594855543311bfdb7e798911e3b79a22a907302e4d8862991e4552f5804b5828df5a0e7bef467a7976e107440d550aab110ac937395f9b16d1999b40cf5bc9cd3a19a81821ea41b117d063147bf6e40badeef1ba5d70e0625ae6d794115d
3266d962606e1841990dbc5e0036ee36959d12259b4a21494e4937640b492b1fcecc6386ab0216f24cb26f3d2f05af9ed53d1afb93d9ad9119fd3a2a3787823e4c0cee3337c11272cef86233dc67a4e7175a03ac23a52693d31918b88e58508cc5c3148236bad792740f34f84b33b1898089ada21907f39f
24c87bdf15734ba2e50f5fdb1e5b2a0e80dd582f77072116397dd2adf98826e71b23f256a0535433f36f017e1c19b54e473e1752621e9bf93ddad21620641c1fc34d79f2fce10d726391941af7c8c6ec6bf3d061cfa8f542ecef219e5118f2687cb0f40b5d768f694d2937ffe37354a1c1a5b057f312bec5
2855fff567bf4761c835284baa95671d711b6c630f96225796222eb1f2c03a6c7ad37f78c6326f6109abbadb300790ffbd65fa01f33638af6b75aba814e8b9c5906f0830ce7efc61f26af81f2332a598cb24b0be015d76f1f93002f1b37fa37cfca0e962d240da92e23192fadc8cca1b62b59d83251eaf31
3e559d60e554e740c1a800280516ff10111b2d5355be20143756fb61fd7b0ab61dd4d56525d3afc42ae74243ba3052d141a110817149e18439a6c44e26f2c7c4064bb031a101584a1e178b292483560e2af023580b1516f440c704fd2a52d74f8911e04c782506d23a1b67b36b81777501c6bfb95fcf55f5
1766f0984f1b7d43785526f9c9866e13b43eff6f89f4a0f98328ff334d68231ef57159bcebf3d33e3ecd3bad9321825f715456b1c26f5b370a6387ff074f3f84e1f79c502276f581fde3c130852d3bc7710092e4c564952c31f43ec89aa29709e0739f0054928291d63d73d2a08b2edf834cf709b94b2cae
18c698b9629dbdb2b03f8fc09d81ff209d715f9ef198a054142773fdc5f02977c9f61c43a50124c88f81d2406b12ca6c48bf214f42ddd67bd1fc4e0b01faaa862acc92827675751c52be890e51ca297eda1142f2f8b9ac2e1ad8066fe05e19189531c6fdf5dc52fad712cdf0cc3dd400a22c5ea719ed0f1d
0a7b52f6f3bb4ed07dc22132cbff761f6e82f69db696328c9858ec14e8dd11d35d361a2d679267e2796c49a7b9181068742d44dde0481a35208d0e9f057a975a78e493b27dc40b6fb6b7e00aada4eb7b7a59f29646a407b0f43a3f18c85680d41ee3a169de8a5909c1078230f5e0808b8205ae8a71cb3b15
2886fcf6d9b7b82245313e50c691f73eca3ce651f87891062dd4bd24eb6132f86a38e70a1561a96153d894243135b8a199611624507a154ebd459f030891ba969c9a64a22720f1626ba7bb1bdbe0e75e334481dbac14d875a5d01aa139088258f26282775c1b960b731e156aca99f9e083adae1f022e81e6
1124aafa7e8e9fa12930501c7be9f514a2bc4aabf88382550927e8d450cf30ccb2bf223e7161afc97dd5acc15a2303f866213ad5c036afa741b906b4329c97b3b49d37e00ec42f6022464724fb22b34577cd12957b7d6dfd5ca81362f53b3d0dca906f159a51d6287e39ec2a88990bb1b39a0babd9deac2d
0ac80549d3e3f9516d8678ac09cb0a05cc414bfc65799232a8c24fc0ff9d222e1aa314c01d8310f2a01948dee02044fd8b0322ae53f10f8fd3bc6bd82687c0898e29c1008cbcc5f6d9676211a3eac7b739e0d05476397612aa4218f46bcd004d67511cc98265984b3031e529bf6b8226206e77c6d4aa8e97
11faf8cd51245b7314539a1e6da98627203899fe5348f20d9b7b7d939eb926f5d86a003e16929f3c1141ea35d400059539dc9283e073d14ad9f9358310572da7a3fefca3f9967f0c87f23627361735543a58823272fbd1f35329046ca9ad11432c402b105e4581ba352a1a1402fb36cbd1a4d91626d00335
2deef5833d95528131ca09990100fa3d926e58085633e2619bba131001112b306f8890b4bd10c69fb74fce30601c4e5c02124ce4d27f6a59cbcd20d818976592a0996613b5cb3f21b2d8b43f7f02c0a28593400509b306e8c9490e9bdfdaec4ae4f1e12eb16cd47a3b2d035264e27a5d3255f072750b181a
1ec0f52cecb2b9224da9ad31a7a8b914b0c86cc26d79f00f09b23d5288a712b6877bb9473ea06c3772d61618a6033d6664a8814580571fdca3fd862525483b7e79b9e032469a2c4f3698a5149b82081bc478d3c5025e84ec0cbf2ec8d7b532093001252bc68ffe6104097240ae27643e52f1db383518287b
1482db6b8585cc222851576b5ffbb12a6b5f6f09bcae71349551dbf18aff36ac76d369d13e2170fc53d9a245fb3002322a79583671e3f1a318975b2e3454e6e7f117d9e0e04396f0c56a9301aedd573748b3a2c75d8198a005cd3e206e7a66633513ced2f660eed26d0eca22cceb0d5823723480a4c5d75f
32578caf6932b1c0304dfd00b6b97702f3132fc127b4e03a0fdc1015196535cef108321782d22c2c99a6e5425a0caa554f2dd04b5373f041a197aa082f97288fd44b62c330988d829760421d5b2cfe7bb869f3396d02b1b9368d0803832167529ff372d5ca96cd0d970917b07f6bfba5d141177259e3a03a
030a418e9e132e5319dfa8cabea69715302801a36b7c02737678046c766a1c9960e0f258d220ae2124ae8c7f6518a311526a4d17111e8c81f3c999991d9140b79a05a991b98da87c992a741875804f396541525db77c8446e952292bab5019941213f29275c695b834384e794ebcd8d831fea1f16f25a7c9
0edac2e80ae8603326cf15824c9f530bcfadf870b621b04a2c6e5f82a53c0e478cff6da823423976bf66f343de1bdb1ac7c5341d623a12da6956bdc910de7dc3478bd8700d8d9862c06b280ffc4362631064b0088b65edbef7a1070574757420c5d372ec8b1b5590631d720f9bcba7dce294edf37324d971
0b570374706488b15fb50ced99654e3a9bf49cbc1c1540162ef709238b10085435a5db35bdd32d67d74a450d4619fed28b94fbe033951c769b14261a08b090f3fb13681063a41418cc99b7165469a2b86816a01a0c47246594da150417a16271b2b2950a75a1776b5500277d093c3d5660bfba901d1ca518
13fc5104695ebdf3d5a48814159bf22de9808f02743a109a4f845b0e70422a2260246bd9289325a4ff76c93bc8010db8f77f70b951ceca78cf37ec30140465bd3dfdc743d839a59641614a041c1c5c1434bac332b653251d55982f325ad98633ca425fbc62e54c9b8824a980506ab5b341aadeaf0630c92e
10882afa7b516e534523804a53cde8092f5e93ea410c3229630bc29b35000394d5db2e2dde13d81a93a2ef056a3e92e7d1c29c7401338a2cadfdd5142ac01d1ba506ed00579c30f1b29fcb0a46a380e4d787035dbb7d8e835a883ae8973a84b1eda0ccc556369301802ca8316c320391c395c2f97fba462b
26333c7d286684f3a43c8da30d0d5405d22b3779e2ce13f8a4b4d6f82db92babef705c818ec115599c117aa2f4383e2bc7779fa790c724acf26495060328c20f3d0657a34ef98ee257d8a42745ff5673c1de7060a8fa4c776f4828fb24cc7e282e6127dbcb4bd8c78f2198ddc0145145d0f572914dda6941
32c10c7b9ec562d3157773ff8e1c923e5bd5b70187d6236989724e75f3d63b18ff30d47378f2c3649293d8f0851fa1d41998b19a019e5be22b7bf1e932bb5fa795e30de25a6676ea69d5270ea66362034a15535f776f068a49d037c4f1fbb180bee2da3c35a2ab09701e440b8e5375eb0012a6a96b6ca46e
1bf83384b78993b2ce7603aab140442ff666d43feef6b35901030e6d0cee2a2ff9312cb3454148cd536a54937f23efeb2775e32761f4e484c208b6ef35da31597a6153f27a5a6f22c520292961621091129600d24fd0305db7ec10392b75f7298172f3ad33d323d3ae019f4252a09487f173422744128b69
02d2ca23c799c52029bddfd208fa5b26484bf192205541f908033725c05c24f98b809d9516a2133d9eae8ce5b90096455205da2c3277c4a36a75c1ea22b245b836132393e6dd49836541f70aecab72a9c94b10d0739e355a9e661636fcf5ceac9162971a17e457399502d676ae0c09f4414e9a52722ca1c3
1a459359969c33b1c9fc249acc6c7d2270b91a3cbc72e1756d9315990a020eef2ad8952266c38bd772542b6916340d84ab0ccd2672c8af4f3b6cff6e1cfba99762d81252890590592246380195f54c07f48d1093dc8872e7c9e31c78e593eb57bae00d4d540c5fbd1c1411ef44ff9cdb61914ec1c467863c
18c8af385a40db9110b60978339b013d34e6a1c6ce0d7326ae969292da2800bf015593e7d540e72e06afa0da061a55c07405e38ab2409ae83f1b010d215be21399117eb39c20db2e5041df398f8fb6f2738e1283045bf121b314049064de1ed4f7c11e5284f0c3ef7d17c4edf69167b9906040411b0a1a6b
025c53d75e8b14a2842273a165ee20125588065b9dff602aa19a895bfa7b31bb336108ae0fe09c9524a04f7ead3d2c7d75ace73a42c3fc6157e6bd4637e284df24e5a3e00838294920f0160f5e16a21f4fac90c2ecdca41ebc642d4f9f7769d2dc70509d5cef761d3228328e4510e8aa229f7074a944594f
2e1ed757e7025fc04a3643a4397a2b23e6f3c8d8315e61573c30dd100e5220dc0c407972aac3947451922be92a0c4369c3668187302e408e094be3de1fa10da035b5a132a6751ed78aa5d61fd41ec1fc98e2b2c21027c422c7a80b04c3f836524e323a1859185ede030404dbc5f569fa920512e1ead8f9bc
24403675935421b04b6e3e4e6b063d2125889b652543f21a3b68989186a62befb4a5902acde2c8c95a446036d22dbcbec25342f361ee971172a0665b1e50cbf8120a8f90748ea49e4ca16b13cfe456c8673682ed999c121a47000db938bb61b164108f2f1fa18906710182c656872bd1e0c2ce21675749c0
2cafdb6a1e37b9d03eef1f7a062f691ceaa9daba55b6414c3132d228cca90df1b690ef2281c3ec10ce64f196a63de1caeb49fed2c327398341cfcc162da422214bbb1582fc88e950a65c571d2a59040f5762e2d7b79a1778704e2a4b7f5ff61267e0158a9d78736c2332228a90b75bbe630722a7a482f9e9
323b9f42c5f9f8b059fcfcd56cf2a91aed482da158c68002c59e7a4390b81bcd9d23db2840d18bfd7db988745732561a377e16a8c2ba8a2314a77b663a2dabddd51c3eb118dc0221ad56d31db06c34c4baf470ffa27131f0435f38b9709fdec38b62afd1d4d5a5824f11357f7f53c72492547454ad0b367f
16ea2c3e3be6f610d46b6b96d182ed1667adbebfcfdfd3dbc4103f94732223a67016fbd883512462272260b43d3e70f081922145c08dc1ae175a4e0403b71d1f70bd263231f556e8eb67763205ef131fd2eb9066ced5040b6ad62316d60a21f6dc903b14f45ae1cffd08d2b85b12d60f5174d60c4ffef834
17ae141c081206d154484ce101a465150b79ede020a20086b113c18afd4437bf92e92ddf4883de705d50cd18502fdc7afaaa1d09e016474f46c03f3f266b0194111027f0e74780d87dfab3391363311b5724f07b57e21c44830c3f65c514232910500431980bafd14a3c3e963a7aeea950193a8f721dcd89
3d52debdcc7a2743594ea1b09dd6c020fdc5b5b36ac720eeceadd200267b37f8eddf5216894045fc7ea4944b96056950e31d2be4d37013ea4bcbda4e10b6699c7071cb92244364a08237740d96cdf17b4008a07ef7c75c14d99823dcc70739ed5952c4b42b0b36262839996f4f511ed0e0ed5965fd87b4a0
36b387bca293a7929dccfaaa1e51dc1e9f277319812d0295955ead9bd7c93c883679b126ba401943cefdd689dc3533b89895f60f5371a1479792a14301b9ab2be5be62804aeea5a130372420391448d229bd110f8ce3f7d8dce5100c432bed8c525273e893590e099f01f418be7346d4a2e3621b3be4631a
3972b3da0daa13e10bd9d49c3a15a13eaa43bf2ab75a12b24709d90f05233d5f09716d779f53899f3544eec4c10d58d52bbf97ecc0df4ef03e4d42cd02dff9bf707d7f4049b7e110ffa80b0e2474a1dadacd40081c981789941513ffd4c9419811a18955516766725033814948c460a6d3b6d7502bf6b93d
36250d3ba72baad3e114b024502f5b292b781b14cac3d0bc9b215eb82486398c4b25b4602ab1385d20c1db33bf0b75a5c8a036eac1441fca2b86ab051571d3038ff42d03ef096aa275f277369670eb5b8a97330619c64719150f1b09dcbaecdde4e3080d772b08c2c413e25537e859c2f30f96d8eb6d1868
30484c7a737e931215f4e64602244120e23c3c3228aa401903a06e2f6da13c3e3a9387eec5220197477035b1460fa20cc2561818f2e2313a1556e1ea0a41e2a0c0a935c19379ec5b0b81832aa742a4209f01b3efa35a0c591eb53f0dea45dafbead13edf69ccefeae732d09e6b5a8e712310adccca735baa
3b31c88d3feab143c9bf832f9d9b8d2bb580cd14d7d0c13006915ecba5aa09ddb85067354a2275b8c6289a53033024dbc1d92d6962d1061dd3bdac9926145acc0ba4d6f080250d536084bd11b004653cf763b2e740e01b8102c82f30d0632ee910809140cc0e7fcac00daaec74e124401096c196c6b804f3
26277418a22d7e329485a286bc5a013efbf736170a0023ac435aab17ab1e11e8abad6f9878a1175d9811d60c3607a478414bc63d62a6f2f7bb51e2972668468bee343503adbe1cb067d3e70094c98296f1a9c013194bdb6f6dac063fac2c4eae7e330e17a299901b9d1ce487aa2f054b320f6b0136e9b109
09e27c2a7666ee63014160ca204f090552fbcb9ee57720625a7d117b20942f20e45d49a5d5b10885df101c7c0733f7d8344283d57168a630a91fd12a0dd3e43d4c68b61036c0b2126782651eda5c37793080405d232c2a3d7dc739c7f09cf0e01002cde8c19c7b070e0599a69a786188d2bd51f1eb9a5887
3c837b9f7d7714d219874620e583390faab4fb4feacd916281d3adfe8caa0c90e44b142f2e51d87a0f72a0e22f030fdb097d547db2da84eb21c5836a0a37c3ff67b52ad3df498fb845053b33b8397da6dc20e15c1b7496dffb000fc42263aa902962c3fcc5f1ff4a9201ecd4e5e8538b635dfa308d44359a
0c82b5d8b002bb4311882ecb69d432228d96a357fe2fa23838a9176d6af63845448db01937d1853c5b94ecd1443122222f3c603240119667bf21061a389848afe37fbc33631c319b4133433aff252ea6bcec10b9286b4889d14a34f9d63c0e179cd39acc4152279d4229be6ede9a8693124df20f8316ccef
0956657cf2bd737047c942155f1f06339a41f5e4bb5753b9dab6816a155e265396d306d430a2a4701f4f2403bf33aa49a51e3e57909940ae73f636fe1d91f1c646d20652e5ae95092cec7c1387ffe23be589f2273ffbbb776ea731a0286c092a14222cac17a161957c3f691a87b4658c02cc5c31e9280b90
064de8609169c9b0768a91d39aec8f1fa3e08c8780f2d21fcfa7d41007941d98fdc761c509d10021736618377d30464bbb70f4154021e0ac5993183516a508f78d8978638e1be0951bf3862772bf6d68d65b008edbfe195be8633fbc0d693efafcd12cbe9ff865e5c30be4b66d938c71124d7452fbd16a7e
311f46df242a0771e1199939742dbd000fc7105952ffb1eb30c452e4c1062371b60c33f44f8371db7ac3bb3ded2568606eb35700f0b0f7ea5bd1fdb32308af16320477824b4d13a7fdf26a21427df6f3cb7d33bb5245a184ab140d827aa79b0e6c4045da044188000915f12fa2e20cef126bef910a7812cd
0842ab07fba51e517f1a453d5e113c00715af9775732114e728f5143b92f0a9b013e47bc22a084e4f199e7160a3127bcd56a8ff1104ecd6a8016d31c21ad9c60156ffc4170cfc5e6d334c3266dfcc21dcdba438ad6fbb3b2f8fe36e8d677184bcb5187b86822e941ea0372dcf959e97b319c182ca651c131
3508cf5b6ef3587330de03660d43201e5717fe544424f21f9a6456979919066dd7dff6a16c035bf3b75290a27c21e71cfd714da180bf5e84fc56fd9e10453a8af07f20e134c69b052ab9d53ad68afdaed33d0337b6f8e19998ba02f3badc0b356543955474af82c2001f07baf46314f4733c636bc731786f
346d02bbc87d0e02d1f89f7d35398c232a6a64a52049a2b669793c3b06790d6c8a3e899199723f3d1496c963070da13b1c1f584eb00cc82bd40042093c0d44b2672d23d2ab989981a055c238caf3641d328a80385b4b1a57d71f1656a88116c23e20a903172a088c1c2a3cdf2eb25ece535a5f229e7d2f61
11d3092de77afc61a7529b269192b43e2ee0f5086e5ae2588170e053eaba21c1efc246154ed1d6dbe10516ac6a1cf3dbea80109a836bf01d600340d42c42311b048e9702b34339c2357f482fbbd94911f9a9f39a1bfdcad8928f28129131f4cd3ed0a24b781b4ce6b500ca19117a5b4e11f14961e5a9deea
146cc029b5d22883d957a482db590522a6a687c4d3ffb005d469da49c1b53c71aa942864044058f7b5e8fbdd523d7d99c562cb62a1234604fa3f62ab1ae6bdd12fe94e738bd09a7a3cdd0200a7989f380fa7c0dfd72682d93555209ff3e16af38a102e49b333f425163272a16d77c2f7b3cc53ebeb401703
13aebffd8ad00ae30cce8b0a5c91413dfe403ecffea433e5c78b6b5c61193c013c775e957ae0d2a8e2000d034a06c8481e666c6d30d3be36c86955281a0d27fe6aec0983a860107af198851359d9ae14ae9a7021899222639ae721a077b26c12e380c9cfb4736101442a364c3acbb20931ad3bc0d5ddac7f
032da91d8ee61562edf274878ba9e20cec234b0c200c32718abe5a7781b60324d2ffef1b5211c5b4c9bfb526993ec09fc7f36a44f0e584b15f626a381ed516360e79ce21ecf6c5b5493a621f0a1688f4719bc19182c794ad982519167e2964b04f42320b0022c1cb941b51b420a22941d269914f14d707c2
1fae7ee1cf3692526be4c553a8e2ed1725e42506fb94023f00faf26dae4315b470ad1aabd690fe3900ab917e7810451e6c2df05973cf0d99b617690d191a2c0ed5889dc3ed487a9c7022201b2fefd6d553e05250999c6a0d96a027c6b2247138d0a09b5a12f2039e7439210ca5223f9d12c016b13aab2fc7
16df0cf1bcb520431e66c45e7ef78415e2f105e9148153c29a7d304337c21fa0121748eb92f019c3e781ea5ccc0650acf42132a1612bace48eb6be2c2aa1bf1d796d21a317048e65de87c734d53f2fb53a4500d6552cbeb73a3e276433365dfd44832ab0563ff0ab7d320057e259318872ac5e13c5f95f0d
0d493c0a13b23891b042af60c0dda12bde48e382bb6481553ecd48cb3a243b88a49ad0b61951c4cfcfdf7b545c3d832aaed1b8ba31e9117dc19a2078002a8311ce20f5433d44a91e3e0c6336c2e604bfc8406326520b0645eb2f0f6801a9650e8661dc2e1bd9a822e315e7528a76804001c0e7d6b4e837b7
34a5cfeb37f1bab1c704553a6a9f9833b00c77101ae2d27c2dc4792f36cb0013d669c96bc1a3cc94f2ca4f7e733db3921e430f591323621789dc7de62852de6268f5d100e0f8a1bf31a8a708fc5552443d25418f53bf73714eca1a539fdbc70d50e3298c1eb3970e240be9a5ff18dd07d295db1558eae885
3b6bebe1c5c5e5b17bf39e0d8e075b2459c16b3e5a2c42dc8aa9c88bd5c33e3a747ec974f5a30831226820ae5932ac2a391bb9e8d133907c2dc8d4782dfe2f3ccbc58e818ac717edb04d0423a076a1994f8c42432dfb6355419b12bd223de1619e80bfdce573edc1d608ab7b5fbaa7f7334a058e68438d29
3a2ba3cf75954103977310c1bdbc811c3a36ddc0c91f30d1f81216bc9f9c09f5a5496b24b68198e33fcd7e737b305c6da5a4b2c0906630fc92f362dc2c55964be436a7226c9b426edac7c81376325b5c9003a212e0114ca7660c2a45cdaf00d068a12b6733fb0c23f70fadda459428d340bf564d33aa4fcf
18834de0430a28b01af2dba44dcf692b03d5e4ed4a6d92d17bce85a91d152a08516db61787d34cc5554c7e37ba33236d1be6da9f33531e01d5fa20600b44cda93091127179552fdf0d1e8b2ca2ff8820b58172fc3bd37e12577f3cba7b30704d92227840067c6e792922dc11672b9579e278e1366d565201
20caff92c762b573610c2dbcc31e99206c790bb31dfd104beb5d9ea1c9661941b88870a803e385240cd85edf353eea446446992db33ad191cf8e6bfe2c3e94cafc230de2970e7346871d4a1e9519730c1711323bc170f1227a3919bb8cb82ee642b16b07f50284c80d04a6101d47f881f331ba5559da32b9
191532093778c540df94391429ca6215c267e7b931aa72edb06e9b1d417c1a4a4e1dae147601ed94857532f8120326cef934ad2d01b3fbd3cd564a0e237a98a0da728d80b992a3aaa1a70e36a6200b559e460190e6c668078a3030394ad6f580e0c3d967aa58080c6a20cf8d5bed64b7b0e4206905e8c887
183c0c535edfd8236a48ecf0af2eba35111b96434c1721111a38b1a19b142bdefe5256b7b9b18c2e86829752f9054f6f5b303fc962b11aa2af40dd531f0f505adb5a1611c8cfdb19460195237ea488abcf497121ecbf81fc77882a2df027854bcee32857b147cdbbf91347f74470c8b53159c0a987a5c9ca
31fab09f1bf251936028fb6e53dd451a59faadf44a98e2734ac6aea30e4d0ecf935103a71593a20e81b2aa495338113e975e66292047ae5a68f551a028e3564d9cd0d43267f05161d5273e2b6fe39abf5fd4337f1eda073e9d9437d06668906fc852166883f92f5c183b15bb66068e74e2c1d4fea162efaf
2c664a59bf1c20205e3822781d45802773d057fb703751efb33d15c72ca00b632a82c232b6c1d01c931c268d2c1750e9d303769553a14e89f89e91a1139484f5ffc0c9b2556bc4ccdf899d36f82f9b7d731f72b0c872d4602b432ad5acce08610820f137f965f49c00251dbff42ae1c323779d73342d9b53
28273567fd9c0c0015fe396de010260e188598ac0b3c9333cf922b69a64b1b92825cd88e3002bc34913e78a6da3886cb9bff487953092d09be29a485175ea35ef6b424310dec716c6e258a0ea107b8bb6a7b40975e3e59a3014d32d1ed8e49c5f9f39b5720adc8697c247d06be80d64af0b55f3800f43cc1
1ec115038c071f5033b950569b73031fa7cc57f96ebbb2d2cac61204f3ab2b8147b7ef355ea0f6e9bb2686e31f2d25ffc4695502920928103190e3f70e5d08435cbc54e377bfb5b81c136e2102d91e2bffab80efd7eb59db4ebb150b8c1259ecff02965632e476846b009379f12ce186c10552beef9f4410
2386a23bed75bd210fba2f8b5a96df1dba7f75c16e86331ddec157c44f0b33e4a091c4f57220ed551e8e17e380196a1b8a22910e72cdfdf2675faa1f2b9e34f14ab145038ba0d9ea8ea4eb1da7676975d45a8284b02a33abb60a0ebdb4e14d36b26011730ed6f347732ddf2443f6708f0342d92eca3c1839
11f8a802d48bdab2cd3cdf9535d07f0065b645a08431634da8eccf84ef2523658b61ddc7d0f3296d94a9e67fee3723f34ced2a01721d685079235cc327bb303613287822862aea9064b6b612d0e71f297dde0122f308cc771a9b0aa0a8d0de976d00317b52028140a03d569bc4344454634f486f561609d8
0d689e2b2d22af520645c4383236e60b483e75aa92a1402cc3a1c1a135310f5925c9e72d8681d657106a120020305654a9370dbc02308299a62b0f5e089c69c373b6f1d1d571bd103a49ba2cb20c865f6a9202a7cfa9b79a4b1a224756bcaccaf342cc807b4edd35af20b9ce091a8dccc0cd84d5d341ebf9
38f68d3079b94d9033f1f1c2810400194499edfe5dc48057b91833c2d50a3dd6c71405bd2703b6622d4380755b1665df151f610072bb1505498036433bfd34ab8daee1902b1e1a0e8ccd01261ed5dbd8aa22f21dca11d97626d620a61c83d51df062049b37f3a68a603d2ed49d0301f4719d305c7432da50
3998050abd874712734313c3215fee0ae786d8aac030923854207813e94c2e0fc3a098a59c91f8fd7aab00b3053f378727c2c86a639a72185516d3492ff3ec32beaf4830849c337fdf5bcd25c86cc26fefead1d32c940f36b1ab2c1a71e622d94960564e0a15e621800fb1c18c5997fbd02736d38b53b4f7
2cae5a7ea5e042038b50e9713a95131296b35bb6feaaf149289970331f7a306cc9e2f94ed7b0a9fc317d2fad362857dac22a04bdc2ee48812e4cf41626820eafd3ceeae111f30b39b30b5a18aeb1c673975fc3a976d1a8b6ba1f01b42e23e742f4c137ea179a7a1488304cb4db343303a23e769f231aeb76
2cb0ad8c2990b1213dcd4c238ec69515a7a3a8696041d399f34a0f27ee6e3aec5468b6b081b2a5acb956b29487398830a8444cfeb39210bde0cd83bc1034d51a68c2ff610f29d9a9d75c870d8a4c71badcda02c070adb02ca4822feb0c9e59b918035f1aa585251b312269980aeb18fc6021c6d1717e1dcd
3a67970b4449cd7084b17e65e306dd24683ceefd722d22a94806ac8bd8f2097c5356b201bae0982ce0906c24c626d5e347bf440872925461ff0329723ca2b502c2bc5b33e58687950e664713f52fe9629ec3909e4b03a420b8a13eb63fbdc5d986228203953deca199132ba7a6dc19b661f322064fd45a43
10a8b7578d944893d295c826208b0907a37bc78b7c0d22ea4aeaec47a2c81086aa6113d1cdd34b5799a2d5fa7c1708913ef6c07701181c3798fdf9fc1e31d6d2e3ed55a0a17708b146c6682d648d765225c8d3961b8ba5bc1ca42a1fe6f51e4cac1044fac480ffda5c29ad76b483425fd0b3cf2a537d8b10
05529038b647ac121c8e137c254e101326519309761bc1c90eb886c422640dbbcaf44d0d2c5285c08d422da2132cd8f8c09f360022e3a0636968eddc0fd7636fa4ff700371a8b85f19c62a32b750faca5d62007ba784b49b41d320961f170d741f71d46ab16ea810b1358fab95500a7c90f7abc4ebd597c1
2b3f818b37f036a256b8398477553a11ddb256159a945121ab76bfffdc2a32b17c265cfb7483980c0f69b5498633a59218a2e2c9c2cae574d5b96640199f69a8953177e11b26423c3a67e035867b07a9ae4012094c34a9e6f06511f30a5bf6a28f429a71cf5f9bea5831cd479278f3d3816a12ad342169a3
229f0fd38f07abe01d33e3917c545b2b2dba2613cf6660a70c15691077da36a8f95d0015cd81b3ff2788f817bc14135862970ba0333fea464bd2eeee253d4dc071854c53082a56ff65e6b21b278a4de93d53801d7e6424e37fec1f69fed7d941c0c1b53cce07a3d73f2d9aa3ed73c08ce34f47a78f8b01a0
2805956855320141845e621173314b051c9be951913f21140c90a6f315121f12300ed3bc25e2535f75fd2ad21b271348bd8e4216f2e9c360994bcc4e34cf2123d1b9a7a2b8b08ab9e0f59d1cdaf0fbd2f261216f6a293f612e161bccf9d738d12d316663cd5313f768128a4b46794a34111a6a7e68011a11
009c0586b3e6d680363bdd36e5da9033f89063784770923837645df16be83dd580c42df4c7c19e5452599ccb37228091d909b1af71471cfb247b64dd37aff3c341f56081b7893f4993eb902aabcc52b1061de1af208291159359091a610ea97ebf72a769868c90a1ce07032069b0eda871e9b6f3c3c79414
3507128dfb9a46700ab6c609b493281e4e94037c85f7430d0775c95bb3f23e8f6d05a5047ff2f9420823dccb18225df208add1075120b7026712c96e39bc09783c0e91e0aedd2ad49cf8c723497c4e5e9223030223b8807fbde508899d97b66df2b06cd60786fcb3161c3b250b0df751c2d03004addaef7b
0e37162bbedca173498aa190f2a80b37281ac2922ae8d1547b371430f5a004371b4ebafd51728f46d01b5024b23393f5c6f74a5650bade5c6e5f379f0a11ff8eafd42af0a81c4858373fa81aefc10830c02ce3930ce54b3e66fc2708c5edb2346690ad3ad894776bfc0d61f24a48902441f26b944a7452aa
05bc3bd89d26ecb39dbdd0010dbc9727b7eddcc54de7c3edbeec1f4a9db90ee3e8b70ee97692f55a000950ae8f19530d24d99863335b6fe2517e2cfe3a87b5f67da9fce245be3aa3735a0728c49a8f7fc4c6628680bc51cfa88c3bd6dde43b23086180ad92a9d4b5ac05159c58f4b6901138456907b7fdb4
388d2769586eeba2d3d933121045bf10a925eb56774fa277195294488cc60949c0b9ac9a01127694f3befda32004c58b7cf50d1091eb2fe49c42a6a109e52c5cfa8f25f139dc4dbaf1368428091bc767971fe3e8b38a62c04887072539dc010d4f63281ecb7e0265e80f639ce12a6a36b29c0ea60a3558d0
21215eba608ed0d34bda7a8bd78d9a2dc983fbc2b41e120b8ce44a03acaa2c2edb1a6b361841f9efbb5c11692728f20f2a865cb602ec25403c8521391aef096f48d95ac0bc66fd888725f427be329d475646d310e20eb09101962a9b7c76853b3b839a328560585c1c20631c66f8bfda71e8fe15adeff509
02d5182857e9db12f55de2419f915c0fb4b66409fab493fda385b5d5a7d73375703e74fda843423c31837e0b521b8aa02c1f4abb20cc1ef4a5c03be90eca24849fe24f62dcb4e0e8ad34a80579ec8519fea652ebb343640e5fcd0c9f52c366e9184120264f5b289df714da7e66bc6be1117e46acd567e18d
178c021552743b104973ba6a3b36972e930801b3499593d634af1b34ccb20fa268866d7f6963a23684b0272ac7322e0c6673a8b8f092f88d9c13ec911938dad144b30e2320045c212750343911f2decd9c91123e9412f227de91305db5556dbc0f41eeb450946426b63d8b1f4515091820bf7eba76b685b8
19c2713bf561573243d0df7e27e988072d72e9d21839d34689bc1f365e1e08cffee68b204d42b40ae9afec1bf5206db988ae7d75b12dd9815da505ac3ef28c6fe6501813f939008f4173cc384295df1026f6e13f7f32a9245d673bd1becea06a21d3d42ae827e021581c53755f778f1f60ddf7e0e5d1fcff
076f0490b6c58fc29efe9ddfb3101d221ab58241723d11d91979899cef2309b877e0ea1abd22d3c6c5d1cf0e721b34c1321d2578816655ce32a3c9720a75cc63f3979701d062f86b2251343a16e4ae3138d01275ca61927a6f7e38bd3e996e6d15f2186dce147c9815082e09dfacc3ec32dcc00d298a43e1
038271663cf360d3d0693f2b24970125d1633d7282c1e054c9670b16a7cc2f7890e90940c633eeba6f6067fe243e35aadfad7f502332324bd0a4559d0342ea63cb8096b05c084a19351c9c2445bf03ee3c971236b49badbe2a7c11b8366c1440c30351cc851457ddc83c7654478266e010ff6ca48528fb79
1a70fb1d8c22f6d23a6cae7d0e9736345fef47b93457b12a060a8cddda3222a838bf2aa929f2a0bd50b906aef702ffbb5c72cc97e3b1bfce1856a8b6097a8f0c0c2080c1cd9d6dc45824c33fbcbc867cbf5ae1398f3fed8c8f4013500f8fd3fa4e60ab8069dd9456a808c23b0b854e3d10e47d5d58e5172d
3e15a59bb0ce620116bd78bc56da1c3a6fd3d050bf8110bae491406f7d6d38e05fa8d060103282c5db830ad93a3773177a1241e792ed5d2b365da1cc09f707170cd9f0505eea85607b2bf603f18919af857fb1a01be21a8598e715177c4b2d046cf343fdc385d795791a5936126e55b922048f3a538d355b
05157e4e704bf5520667d0921d9b37218caa16fe266b62cbebaee897d61f3e817a2bbbcc13a1a104b62b06013338c02ec1c6c35d6384bdb7f6b2015d0567194a2dd249c1b74f0000c1f7c702d99c2983feef82d5b18d00ef1bef33deb79ef7459d016aa7b67d28f1bf32f507c78f4f082298ae66c9385228
1daa24e911b0164210deaf3fdb97b614be20d222677472051fc05094d6153b837fe8408d1670acd7fdbfc2eefc2dbcd141097752e02a77508f22462c1fc3540b85a46eb0207e8c868a8aef18bff76e5c939be38326d94a16cae00cde4df25adb3bd3f1d1dfbb35b4351dff411e644178b093a6e7869e230d
1d4e723bf7e76c10fb2ee7dd0d9b470cac451ff99d03939debe806a0bb9320be200714a2f731da2d288285bc9d2c8f9718be9d96f263f6c76c009a8c35ca1a9c40b31ba2e1d24b5b853d5a143a145366fd8900067937a2eb38ce1957d48ed5fbee515033d3c8bd292123147edc2196bd4162273590f0c7e9
03878172b1e58c934d17c8ab56aeaf2acc90dd415b2b536224fb848ecbaa185991ad27a42c12dd863fc174dcb82c7be561d0621ce3109ce55cdef30a0eb87e525e926dc35e7faff397c57e07b6e970801939702736606b2e0a593aa1923f6d62c4119966550cbb356503fa24170c652e900771381f15af82
1e2d8b0bb882dfd15ccf40844b549435ef84cfcd4104d20defcdb8558cf93957803c87a30d403328f5e7aeb9813fe187b4e31c537117a6fdfe6eabb4129b6c301444f723db399750c9481f3dae410a4c1c1632e3f987bad091791c6f04dfa609aec23ee58b15d833a80c594e2ca17b5642724854b2556e46
2e0b402ac413e493faf3f762cad27a248054ea348c67e03234e548287d903b75e0d33c41bd828c76185c5d7a1e3743366e530ed0f1f3d4bf860f9b960e03f9b3e8cd24415a68b4741d289515890e1889cc60d2f5fc9a7f513f0f0438f022a29fa3f2c3c05348944990096603ec036776e2b6cbba6f89a996
35c072b6c6177000d016333dc6cf4a31d2b16054801a436395d40564e2f1037db0fd8a739120be65c82b2ea3c90e3df6c430eb1f82ab798265c1a4653e0a3d639a00fc50ea165e776d57c40a6f2c0544db58b12d111aaaed4c3336ff394e4e1dbe83ccfdd1110f1f472f5505d71a2af4e263658d8bc4e008
378d1c13936fad3185df0f1476d103019bc31978a7efd3f69c6a77175af70a68af4c4a608b20e5c2f0ed5218a63565ff9de9489343b6713ee0e8bc1c1efd27826bcd26410f5cb7dc0c5f911b276d727cc45743a093ef1bff15ad1254dd2d273f3e210c19452454447e31d9662a86ef793066713c1b3366d2
223cb2825bf192e30b9dcbd1ad179018030210c480b8f37716d1e749aa8631b684fb64511ca1de48135962c14b3bd6b5577d84bc12768a4eceab7283308ac65a0751c4309edacfa455adbd140dec0ccde0c22035ccdda568ea8009b69612d3ce32e1f2911aabe5286d0a030363fc2009d019a922beacf7d2
3bfd938bdd2be9739d32a47cb28d212586e208d21986006dc485c5b46c753043cb530739c4932f242a75a237b41028cec03970dc7230348e65b384242625ff7517778390acccee3430a37f36d2e0805e658ce110ed8d2112e58a10f382d7fb856b82d11cdcd46190c708c9e4b8887cd9f1a7c99f01a838b7
0615cbd03b13cf61fe2c4657a047df005daafd845c4a6306a70c4d2ac73507e90a400fa7d9b3b4ea463d910dd11e21191e7b1e1cb14769e1c3856fa211308ae5c24968a3d95536f204ec9821d6aef3bd14ba12edd8ef4613d7ca027646be8f932d502c38e968468fc9057a6fc38f797fd0b3ff7afeb10ee1
3203b4e84a80f801363a1b13f9a6b82aeb5c7fba2dbab122f4c3012edd7533395e30f57c3e718f7d223e6f0a8f24a9a1bb2f4dfc6386dad1f0b8a30b338e8c7c8c5a96516836dc9e05ad4e05bb80fcc67b63e0fec66f37213c1539d4447b4f9ff363f6d8c95ce10b393d21e4e08ddd44e1a0562575abed8a
2148a2da2801da023dfbbaf113cd172c49812a1ab407a104a0e69ba25c37298caeab28c9e2a0f885a3e8924588244af032d38369e044a14950031ddc014229bcdfa5d473fb0ff7102acfb00a7148b921e454413c574afa9d9d42267710e7412c4f7190c57f0b9aedab1f6733dcc2b9b2e0b0d6318bc7145e
2b1e4702484cf6720ec14b0ac8eb641093bc902124bcc3f6b65868ea713a259ff6cbd6414110143ba2a1b9cebf03093d95cff56160d43e502d2f53522be9730ddb8b1eb016a0ffce1d30cf32acbed9b6b45c43c02e54e01e1c862ef4c8adbc29d6031d8acdd65215e139055ef49f58c40107b1044df36f6f
348393e74f16fd72753b0420f02c9e31ad900fd1473de3036dc96b036221091dc751d8864ba26253dca36224110edc30d92c03e722b71fe03d8af70c3421b9e11bb3c95145733a6770f33618a07965ac9b34a20f2b8db29dc504346905897367fa136b9dcd4172d4ec2f49cecaa6ed15d3cfe7619a5860dc
01fe51c02d61b7f1aca8179891584d3e97a10c0627fd52b71b653a7e65c30395fc84067d68e06d410d0de193ea17a51004f0af51d16524ef2d3c446721a187b4a75606909f701de487c490237944eebcb888008131668e51068d1252e7b06c5df943a8c0b0fc98d1163c2b61a9cacf456162b48d44e0a08f
19f7e3677f720db36fe403e29358ac3ffec29790113b51c39c93454c623126b2585f46296221d1a8b250660b0302702e0dd159ede017641a9c7d45e432c18cba4c76d97201b77cdc39a7c61cf2315cb95f2811dd95237a9659990f4d38be505e2af164db05d0fe3bff0144607c43f1ccd08dc4d6ca22f301
0b38ce3eab05cf022655dd960f841f045f12dcdeeca7e148f4f24e6862133992260171d7cc221ccf1fd3ac901c0799af6d765224037a85e36a98e8dc322e42d25561b060d18578a9e7602013df465e9180dc301610197d4c81aa128fb4a00633668124741ea4eff48b3df9b12138dc9e03fd9dd7d79ce668
09031388ae5a05c37a92129ce4c26b1eda025ad4261a516bb53199fc5eee31ecf8cc9a753e610f78ff62ef45f70c222b2e0623ba6338a18acb2f52c51e5450c2f2d6fcc1944281cf4e38a71f5196644790138300c88e27cd2bba30bafed5648df6828821a2cedccf4914468b67840ad052f68ac89efc9637
2b08075665f7e9a1c51bb257ffc57c1a246ee25c30815258b00354894e3f2477fd3b6d30b61037ad4ef6afb62e193d07d3b66d2f329a461a5f193dc810cf5bdd71c0da0018186172a2ea2f1dd4dd80aa5097c1c9df3087cbd0433c0bfdd80057d0e2aa6f230761b3dd27b0577dbe5009423049951607d42f
31737744d4bf3be2fba1b233d94282338575ff346502b3721bb412693497239a4507c2edf1d36dfcde85905f1f3847293800000b030cc1eaeb6772493b6ae2001a388dd354d7a4cc2d17171b43738265d96be284a900902536ef39e62e8d85636dc12429cde37c8b730542fb3dd1b39f811774b2ac38b68a
2895cc5b43b5720244429356169b2f38d8680d7e5723912abbf903f5585a355857376ce66be31513c1bd5b1a9001005ad735da7d03534142992778001cd49addac0bbf2017209ba633b5c03f0f3b1853eee3d3888896a3d73d8d2719004357a063f21f59b73ee738650eb37b448939e7a2355257f6d0aac3
3e7fd13fd77f0db0d08144a98913db058b34f08dfdffc0920e53dc07f84f0376fa0c38f3c030eca928eab0193402d51ce4d1f41ac15ff89052e1f7043ef1a426371dbdd21e21d60f78661f3869f1f6fba60c804468b788b15df61da43279ad66c5405fa87ba2fa61462e0c2c27ee3a69f397400d9581bead
24b3e58e33df5582832b215e433e10336445236bd3af8218709b6ca3c6a7026ea8c64b1d15e39ea1ba963ab3e93f71f234915ddbb2c57ec6823d3d58104f4974bd3a00e1caf2ce73dd5e461d9a568fe9ad42901dc0d639bcca582cfb50eb00bddcf0e218a02029dcbc01b23a88324474c023136dfedbab13
36ba7ede77712161cdfae43f41aea408acea92b429bb60794ae208be7eec2d0f65002414397140ef498648a0fa2fde29532f16b700ed470eb1c9fd6e3ae5108529242b41fc885a11079a250423a9883d7d4da20e8c74f1838cdf2b433572b7440a610ba2af684f89ca0d7bddc5acc1ef6315f6de97273181
39e43ba6e2c890c363bcd51595c2b30e98a1149fc40ad37770d10dd402df16a3652710961d53933b89d2797427031eed5e0c4660c30f67a522a7506b18543e9ae70e3f53b755fad9af9aa917cda735ae0db6506da9d802494ae9005149d81eb1c1b18728dd568bf883394469195867cd70a9f3d7b205c330
209a7f388a2a3ab063e8d6bfba8d9a2124e8b33846ca11c1ba384ff468f0224ec21f10d7cd813b4052b05cf791255b30f9db9417f0043b87ae82cd2212a4926bfdd3dee255a330b1ff6c9d338254b91a9532725a662493973d5719fcc706e8b6ef61df6df155c667201db0ccdcc9b4765355de5582a8372c
20e662b80117dfb31d2a5d36bacc383a8737d17b1104d08b15bcc3b349dd34af5e60484f1cc22c455fdc118e5b03c7df0604ec35c2a1ca54f116b74d0961e6340749d3d3db7b9721160d6110f0e7eae5960e30198dadde9aaae72cca68a3c365623037b183db8772231d750d952c148e50e715726de13427
337ca1b585fcac907ba2c83acfaa8f12c5203e1949df6182e73c59ab2cca3bc5511b7674c442159c177ae9c1932b2b61282d285fb1d3aaee0a892eb111891e6e32ecaab27bf3dbabc5540e0535f16a1c927170443e059b22a9ea3e154c219c4e79734afc05b3b616b41235f4f358041900d1f371ae8c97af
04104a21794419538b1370f789579f2dcf6a888d9b94a1013f88e35b79590302c89b7740fd417e5dccff07004a0c7281cb2aaf1b239b1ab2707eb81e1e72eb79b11f74d1759765c1e1ac7c3b040ca941882a6059d6042dfdbe1429209aab96fe2b21b87e1837802b701819223511c6b6c1fde1783fc8605b
0864b2721c481d604a0ca38f767ec50c70acd250a0b8d0d60a40f3e7d4dc21b2fbb8269bbe035d74fa85f208bd325af23aa137e1d3b347dedd4f11b90fdae84a6b7030c3cd334f7509176f189280ceb6a58cc107b5c9e465710c27633d6fa2b402801e07b6439274ef19b9720bcf818432883cb3a264cb39
2d41af7f5d7199d054fd5aed6e46aa0ecda5ee2ad70ae2794dbc5a79f15b1ccdca6e51fdd5504bd28733e1e5f4060b8fc646e718b0426532cc3c78570cd8a2b7296cbef0169ea67d38d3b42ea1624f3f940e224bda5fb6398cbd31b717dcfbf837b1ba14f7eb97b0b9087c6ca0e8bfe0801f0cef4e0f2541
18aa8c16e295f1a26471b90b908daa0ac96c1ee9f011d1f7afba75217f76036c53522ae085a1d23fac94edc809350d4f848b21ac1382d63ba32d8d450e364d1ec9ec629037bc4dfef10246366e5f5a882b5bf206198479fed5643a93cda3345d55614d43f576292788065b1181f8ce47739eaeede03ee5d9
27dabb6936d83fa3560df97878e1b82358c980a42ec0a3a2bf82583a277f2aa2c6f84af0aa308cc024c0ab0c353651e01c6d8eb8028c5050e0c4e17f1ea38e9f657c4e82b83f81906669c43178302835d520c37e7cebdcfad06d359a823550753932338d1f45cb6a230d89a895003d1a826c87a33c762005
101c959d4e6e53f27eb3efb87d0e36334c79f5e92da29234361817d91cfb364e5b0f6645c202afb36e3129ee8f11e7fb86f47d640241578d93e06a300d58bd38ef0e68633b83df735c7604050f67c256a25e907fb5661f11c5bc2aeea64ade74bb613bc98b141a49a41ad258aa674f70811051de81591512
2d1170ff289d6d2226a1e75dcd6edd0c20514dac3c1a5331ace17df5e4ad3d51bfe1d2df957188b6004860207906874ce40e29f370688ff59e2d15660f23045419ce9831b8310fe37637741bd01fb8e8b682f022afa67cf5bc7a14cf7c9446d31313323168ed8bb4592acf8b611da38dd3d9375a9a01361c
273084dda6877292bd799549e1de8d2a5e99877e8575a2510d3e155148d51f0f0882e70c68707cf198898307af2df0e47c56d501b1be64d92fba5b252be61750f7019ad1beee7023ede53e3ffab0a144063ab215901def2a626a2fe7967b4925d8f3eb6280dd9b9fff3488d6bde086c07358c994b1bb4cea
089205a61e36a8433ec820b531cd1f15cc0fc89db79313207a5b0d1bd7741df6e06f185143b0dc3e7ba053373d2507153d389aec3048f473292d0e012ba7883c6ee18fb0e07a5782f7c46f25026ff86fadfe819b9dc0453496862c4370d5a5abc981416abe2150c307160d7b69954990c22ad8047d0e8dea
30788c41b84b4570433da3890028a929a5d65cc44108a02fc3873061df102d7042d35c089bb264b12b7ac794d93946b2f6e8ae7c13b6b2238404a26c3328325cd1195910283ead3d615ad606a9d4334c6d1e52f864392062317e23f3df0bbcdc79e225fcc6d46bcb231753144c02ff654182bff48a7b5519
2838d900b98f43d245d830a1a63d9e07f4339e4a92a19285543d17aa8d262faa1feab15e7d30e4bacb64a7c7153761587f128d7a81c109802bb8736e19f646a675d660912c5d74a4120a7d22c620b244f07c83a164a834c1a396181da3e4bd837ab132c47b3431b2b80d1ecfd0451373f0acb17dcde8485b
05a7378cd5c28e4195c137a05449483fd99d490f5ab6027fa3b9d778ffcc3fa49933850477a0b26cf9c7f2435a2cfb12ae8f2c55d377500f47d9f46e25de38d97320cff2923da8d0a08cb633c654ea144c1492a1e7a8e7bf864406d4e8dab4fe25201da97fdb75155429bb5b149697b293fa2535edb4cb3a
0c6ba54bc5a45d923320c52201e9273f2021f81a507d6050fbcb914a97cf1c5c2e93353210513a63ed458600de34b1125c45ef2240225ad7951846f031b9e639cdccad43889e372b3c77342dbba14b77212743eae14de00bcc291eaf21ec00c076a101b865ecfe833d338a6ddd294facc1bd7a917ddec2ab
08448eb90a73d6d04c94518d541697156575cee4ebd9b1726e1a80ae4036156ac393eddcf520de720eb2de0ca021afdcd725098a318100e569bf1dbc178cc9b33397a291846621163ecaff29314c9a4c1f8f0148e9cebb7463212364a688af5ac2701bfb985263aa280573df91e5633f23159245c52abb75
37210d2167e0ad32398aa9b8281c7e1ed7485e7b19dc306fe62279ad245f2f03f84e97664ac0a3caad7adbd9103b441a900d224e72682b90a99aa0ed264ddf035c8b4c21a69dc203ca40891806efc200ab8292495c799d0c13a923eb14706d50f3f3b9dba7303bb6fc167d24c838579cd20963323c0c0bea
1ee340b10077be72fb1bb8872a77cc3dc0284ff4a79552c7a00b31d01e4d34c96787d5fb0600fe84f78392a27e30e39bf547a79c3069620c7df282d312467c0b03fed173bf71641e7b875e047df40cdcffb8c3847e50be4a42742921c1ee8d3cc180818e61174a05e2104c3455a8600e108d661c384ee9d0
28c87b7cbbb1db72dd085ee5a4f36216deb5b10911ef721691088899d08334bf5eccfebe0b63453b70190f311a399cb19137f8c4c05276e8dbba556b307e52d5efa8d62356f248c9b1d44529837177d019d781c4dd1f6f05a9f20ea6f9c8e16f0432bcd20306cc6a5d3150f5da223d4700a76e53ea809b51
093dba216cb0dc113b270f59a7acca3873886f6ec542a3193ac51a81fc5c1989420ac55bf250adfb9020c819f93cdcef55d7805172739c1ffdf58b4920347bd856c626c1c6ee7e3018881b110d7514325f6ff2d8a84ec79ec8900c295a156c041711441e9f18061de11f48f8eb3d2727513d33fd2f624bd5
3596606019d9d861d5a23123e87746319adbd7a324d7016afc5d0b343ae324bf8c3bfab731d3ec8708076e3367061b1aeafa32ab02565555a6b6fe040a74917f1cf1fdb3c000c53acc35cc067c73dd93d88bf278b8572c237c9321596e1e657df5d0a2de8406dabcf60038e3ae81475953d906dd1ea7d3b2
08049de7d71e78331842b9d558d7c23b5758538959c87349f10b0488c4ef0e18ff6b37d4dac26da15c32326c5e3635b518fadf73c26745e8377144272883f7c78abb8092fea3c33e62bdd2100ee6bece3391a1e154cba879e2ae07cf6d479230f8c24f24afe19dd5e504d9178418e7c003dd09ec3d2dd1d5
05b08940a567a2e29ffb8053337d0c0072bd892ffcb1f112b6917a998194347851cf1995fb93ac4055bae4914311ad70392efed072e3ec6c8b5d557e069405f40a5018107cc4787a2c966c0cc5b3149049f633da76cb6f785c382e2e54b68b1acd52d121d181d462213c8ee712bb8098e36fb8bb590c9e00
10e0fcd5d87ff0c2e06ef6a2e9af5d34854f10760b78f3ee951d544bc8c7052ba898eac2f531aa7d6268ac50a90f26ac1e3650d2337422b0456ac9823baa648e199e682355760d6772414e164aec17b6e9445000ca7786ba3f6a1aa98b4e9b46932137815d3a3d3d690288176cf4510e61061851bb07eace
3fe69b1f638fbad237a99edac7517a304b102ecc40503175ca73889afb7535b68cb100797aa20350a87a661e1a3f4a95ad3e6abf929c4cba5ee8a2a134c1e863e1d0b3729977c76750512e338e6330c98fe8d145cfcacc4f419f2a37e15136bbc74056be04e2ccdb182af5b9bab8e531d184da1e3ac7a30f
31df0684d2b47dd0bfe4038273b7d0060376a08ed79ab17bf77edb94076c386a92b9dd59f083e35654b35d1bb53d6806c0f6bfe971bfd2e78f8e39943c91f10f06989cd1ca53b126b2342d0d5131f11bf1d8f121c7782085600c1cc86e44b5fbea5242c5d46dd3e2b41a575e320d5ce4c1e37513b882f66e
2cad0d2664c8504136a49a302692ce0b1d76aa9b2fd1a01e3ec73c7bfc8e1a4884a2c726efe3c7d7847ed94bdf1d29cd7cd35836400a89f661d287632a6380076f6035002b835dca25cb5b2beaeab49637ac32fdcc0a14306b3b0b9b2f01d4d7bb6156ae9a41b0d788286aa4ff93ddc91356af18b55cf51f
3461aaf544e107a0a9aa27946712d32e53bd21661dec71398943d2af37770b17baab92151f12b8f72c012a337d1ff932e7d3456ac37a0b88d17a71b01a414c7c9c11192385c2a2de91638f2e5f1aba45708332df076bb9e2940b16ef5121a218aaf1ea4354e536af16057ad74984df279024aaef527dc32b
1da04c57deca3041295df3cec253700cd19b1916ab0fe2210c2b80bbc2030ebdd33f585f65b32ae54b3bcd5b1a32b1587dcfb7b210f8cb3a5a62bff23131b3113cd2ec612e0ce25e28e26208374e9546b76b830aec3f6a938ff112047ce3476c1f9072623c11571c703f2e68d1d63957d247c6aabe1272f2
35d5dcee0e6e487331516a1d9c544b03f91a3e0e0bf6f1699dec46fc9ae50a296eb008e312926aee38f080ba1d33b1a96901e3ca12138d5d8b0688f60632f68cd34f5d636fc736e81df91418c7acbf316e1741f3e8bdd3c18bdf09e21416388180f2687564becd172e07901ec4bf98eb610083120f5e0eee
16f72da8892c69f1ce9641031e4e87217f7c7c57fe24a2de6fdbaf331ca00357e7e286fb7b6008d2eb3f3dd6bf32e14e4573b5fca0db4d72fd3e139a21e395beed170fd0028c879d67f1f926d20772c78cc2800adade7310ad3d396df2073ca195e160bba06d53d485040d164c249c5743c323e318e05302
3fc3fa175f7621832c468d42d13f472f10e3704195eab29346b974f1cc2634b7546469c79c116bd94188cb0580010c3bec6be983f39c9a6e5e9f135315fc8ddd6e077150e3eb91b4dc3f593f713aa627b40b424e7181d745abdf0187e87dbf05b8b166bde9aa5e9b6429ed720982a33200ae50b505446676
370eef93b8d10713e73bd4d83220bb1f8b009d908a33906ffa90f40e529d2bc52d5814669e43c3eb7e26a0adf921466bc25c00268128ea4240e0556834e298340536c2411e9db8ced082523947003d6730f452d24e606f2b546636142f2a4c392d132d73f916127e462b1851d757d18eb37643b0a920ee74
1a6e7912a1f7be423478cafdfb09bf3fa4c4f53366b301ba034ce0ae08570cf9ec34f15943b2097a26f4c4744025d65340eacb16124d457057395d7b0ca7c279a6ad961305ba43b016d1c3093442e163e8a212b76b567905b3bb3e20ff0a1e5185c1f9f919923ed661264607610892c770e8889365fd1ad8
05378caf15b302929df4e53e4897ed1647ff2e344ce3f3fffb8795d22add17d7721da6dd00b1a4bc3607e94406231995444db05391d3d672d35c82a43f4ef4b6430831f36123e2f45e3251336d41181df1bbf1a7a721780d442e1db5903e38b932c39f990aedfacdb633d5c0d31af91bf0fca92f5f723060
0acb25a629197432f23316e64c164f1d66916d14297373340e8f51a15dc40e57b04167081073da00399732ac3a0579e25c879f88b126e458999766b03ceb6a81ae46a4e1e8722ba5a13cfc149d89c13e237a91c06539df7c51d8143949c07e57ea31d74a852ed20bfa1b45790c31369df278bf63c37dcf7d
359cf468565cbd93774d24cfafc6ee0c98debb9dd9ef73f83606bdc082db1f9594301a8e7722e74ae34a41da2b3330495c905c120348a459ed465ecc0013d31725984eb2a4ec3d3aa97a8f12eae847af1ec2f27aae64fcbc84fe14c0c9c8fd5e6c410bd4cc789b441a0f5163d10cc59cc19de63cd769c5a7
097ea9a3d94a6d022e15d6ad0fd8c7019914add51085415f64ae2626cce12f1ad08ffdb5d603c3d8ef955b630129ab341789f81b435840e02ec78f9b2fdebfdc2a33e803354a9151abd4472bbe9fcae6d6d361b0512efc0ca5280b735057b64ed542b398dc8261d8c40fe30041d920d9633c4cf4b477a573
003f6298022aea51424479a23c07b639e96a5680897e3008c0784b835797021b7fc6026a89f2be2be76498473b37db6438d2c08640298584362dc3b33f257ef875516971f190d8b4fd61ce311f430ddc29fdb36db92c15744e86158cf4a04678ec8140987cafa968f906f620d4f9f75b32f8d42eccad2caa
26429c066229889154cfa94136aa1c320e0e82a2ac65118445452a2d720e2d03e3a3115bd0720de90bbea8b6db1d90d92dbd529f20b423869b7f3ef43664e75481bb3eb17f2632ccc559d407230a6f1058b191524994369919fe30e2788998abb1b31e62d1a1dd775c30dcdcd3a18cc7a160a08269b3bcf3
3f58aaebcb5470f1243eac465a410d17b4e4dcc49aa2c0b34788966a30382eff034352e76e50c1eef2b902790909356e2fc59492110fb6e570d4cf370feed579474006f3e7f166bba7b8fa255cc1ac356043821a42211022014c3cfae1014ad9b911b9d0d25a9d84c72c7c061159603673faa1347561b641
0a476495270af3a32f0cc31ad42ab509d17defc5b4a793600433b0b0b5771e438f5029d5fc017dff3d7222d4a6257281acff2ff99029ccfc5808555a3616a1accda99451031630430b56270d4fd6df6c5db5120c208f39029c4b1243af3e6d6d3d42de00efd0276959233fb877eba2f28000b2c6fd422eab
2130fce5fa13e21318bb23d85deb5436be986b22e7e180f2f0e44e2e48be1e5febc0c7bfcdb17b911dde1fa2c63502ab3cf731a0b03c5bcc30c9be8c38e4fe17ca7defd3dcde7806b9cc31326eed3d5d6456b0adf9c3d08f5a041f7eb3ffe9c27e63fa3c6300c8da6103160da33c13ed70d49915189755c8
3ca3bc72597c7b32a5fa6e46bfb79e0d7f2548b1093ef077aa65f0ce81c10aae00c2cd552471953e480399d55b210473e8946df1c239e378ba0f45cd06de7db784b76f33689754887a08f913ad4a90dd3f2fd32e12c6e6189e74049d1fa341765902a659ee5339fd7e322b92bb1c0895219a75505f104d99
02199779fc6a5e705f609a7e546a6717d8cdeb389110025837557021ae753fff8bd226c5af2098a3655158ebfd0c6276ccc511cf83517439e80051c82517f9c769e0a6601fe59d4528b372263c6bf8b1f9aa903627a5cef89a5425175b7bef368c80d7d1aa6c2783312f29535586969303759854f070f682
00250488cc46ec81ae5ea4d0a5c99f0567d105eb24cde06e7c82ded134991ce2b5630aec6453ae5a541a745b2d2fd54f5282c29091fdb07acf70128e34f90bfcd59f4fd1a1b47b082d969706b6a36b8c233c8037dc0885eeccbd13e3e7d3c0882d52a3fdfab70d89c81181ad37ba54db93ef4ec5ecb08124
2ae9267a6c8b18e12388440549715c1c350a6704743582ca621b81cc730323fc7afda27d003181cfe33b2fe585153e98cc8b5207a2e0f8759ff0fbf21fb95443493f924373b3497cb1cb8c0c77541787907950283222751d31cc257ec4647990d942b8d1315f340d763b262bdb9a35a3c1d6083a751648eb
1c9ffcfb824fdfe009331ea9a5b15c085e8b8aa82329a0fb6680c62c2c5e3f0335fa6b615850a28ce5380a05b41c81a1fc03bee02129d0a5e4d584f31bd1caea218647d276a42a2532da7920ce426ff33622e0a1817d95df6517393f22f4ce0b75c02acb60dd25799a23174db02a1f5f814dcb0d832d8d55
3f52726d90136b41e8a02c8f021288342aef40e1167820e6fddfad9cc0a42094be24d4bb46202a7e09b7f8e0433420e091e3d501b182535765d5db2b34591475114c3e821c574ba0f218870e909135291ec16013a91cf0344e010da6d95b881c61f21ada19974e84bb2848ae224067cae1cf57ad7a3b16cd
3469fea8b55abb0007195e9d55d27a3f313c3e53120e827edfb13c27465602cf05634c67d1f2f2ccef13b6ea3603102f117b4b79e305b8f2e36e8e08269829a53a391881c0857822daf77b20b95307cc403e514dfe87a25b703c38062fa0f3c28992158abc3546e57d1c176131f997f223a0d6d4d5b47eb2
3379951b9d39bd02843d3f7a6001dd01841df068296b21c917d22a343b822cb7f3abc2abce1269d510a8399ea92b95c0ab2984a182cc0044f8b271a10d51a83735b4d7339728d418810a3321fc9ea0a53da3a04306cb1969a8632671904e49f9e8830b279567cec2d1268c0eca607c2022b0725d9ee0bcb5
2fb9dba46bd7be320021cec719058d3995611cbcd5fc0104de3005e797a802fcae21d5922f021c72319c83dcaf1aa2aacecbf721c04113e9c742200f08486895509d85b3f3f7eb046802d539df7981d56833b14c668951b9e2cb308718b7ea8af5c115758546ffef6239235fb2a51827612041d3a634f8bf
0e07bfe45f369281531d4d0526cbda362fd59951edb6e387c45382016524214aeaf52d354001c950a12608c6661d4e0a126e9947a2fe25cb64a0da7e02fa601535ec9a0301066b193f76c210e3b2f90dc33bb3e7dd0367ff1ec5161766373895e233280a7c746072d022fc140d3339aa031836f7720e4c3e
3d72000011a429028894cba41210572c568c994c387231de3ac8584e5eed28ae7c44556ac3f276787a920ea614321a40cb745ef7e257dbb45a32995c28feb2ab6c9e19012a5e6dd8b391b3270e25c24550fd53809008bce9706c3148db1a5b67a173c73ca24df57121020783d74e293a734a2e6f9962d9b5
0730001d85eb2b81b22ad56df629fa38b25755424d94d3bbf2574261ba99222df63908944ec1312361cfe7ae0d031baa9706af3f6103bc9afebb4f202243ab1fb6f3bd92298bcc66addd693e556ae95d68112375dafbc4f06fa73e75cdbf9b8ab9b1e2909f0255166e13178acf6716c550291d8bc40ee253
0d509fdf617195d1cbc3cae14bd64c02e68955427ba211e6bd4db3da217a3a4ac1e01574d261657f3e0ca5de68280a8a1df32798a0e4d2d0118f9a6613dbf7237b381270a3ea1780e585572d66ebb09ab78d52fba40c6d7e1be0326a6b4389fd42f2324e5a3d9afc6620693a85c0ab365217363c7480a8d8
1cf2bf8e284bc0d2415b725b5134e11a06f50169c3bdc30d20c1e1b40bd1254c7d4fd20e54b3dfe5478a599bd510ba9a318ea847e1ca2e1d2320c0e1214ace222b460e401a7fd0faea1c4a139841a4138643d2f06a4abd5a2ef138b471936c2f3c209419aeaccb3e2e33cbc8b261f0e7a26928da76ab12bd
3bc705f0d4c55622c8562e4ce05a541e7c594d1c71afc06bae09ab38956e1ada2e4c68a6f4c0a5b0a8cec522161d20ed3ec6fb6843505662df874a960fb52784aee126e390fa0bd4c1f9132ec067c0577d3252fca5bc850629c70372fd52debba18352572b48187a12093e21786a5bfd529700bc9af99a6c
2ef66680e68296a1b663de1e74bade12a3c1d19d3a56400af6ae0cdbe137216631b8bdd439a1066fcf2da961240e773e5121da2c826925bb15b5d94d18af4858e8d2d6512bd82e20310ed4176c0e4e7e1bcd41931a12ea81130a062a97e82f97a2635f6818ea7133d005e47f3b57e8e512e60d05cb9964af
2e7ffdf1a0b82d3292f5b776298bef0a7a77da13487470ec74da966cba8c1fe97b3a9ace40f340a16875dbf24d1c7fcec03c566b126ba17b64c9815a04f99e8e393ceea2dd5f0e95c9ee2e326e20a83ca45910aadbc08574c86820572779018c51514fdbdcd55f58bf2762c7c97d65219108539e8267eb46
1683db63536bee9316227f24f898e2091c721fb85f45c0f8d280984e98280bdb3e32cb0e4ef39b70048ef4cedb3d93f7696da091d2eeeca5c8b5849d1574055f5782b9c28ec23cd704bb9c3d8d804100c4e7b09a899fcb88d0782300faf4458660a05bba9c851c4e3714b99d48b6cc24417e4c6b456987c9
310c3daefec1aab0166a4e677be6600a8690e4a52417423eeec7af3a90181af19a6a443c5b02e5c1a3c65887ab0e523ac7715b685046501c12a60b391a3c4c9959dd12412578f79f9b96b5158d2e91153d4832a321a3faf51c2f34761f50db24dc802b3ba3513a0c690370680b799b09d1b362f473481478
067544880cfc0181c16ea4b2a7cb9924192fa96e2683b0725e0a48eb127c0169cbc5f0fc8b517e51444f9059840a3a09f3520095c0f36798e54d41462d42a64115bb64603f9a642aced5c819169d4a0e7d07113ea220d68ea8802a470c9a78373d21207a8b36fe53722a5fd0a657d0d5f06596784b9a1257
3430e9878c2baae3f48b5410cc4d5929ad49c3a48d85b16b616d53e86d540b8db25403242a02e456a9c175d8463bb16627ba0f18833b19bd8e9490243d5ea829c8614f837a1dca7228fdb3162b1531ad4b9443b075660b1c7c55226b67f145b24f90158dd7940258e91dceb48e7bf722e19015c61fc1047a
200b600c512d1c401548266f02d77307c7088539c97d8145d2e7781212a42857c4a4994431b2c94965d08a1f4d1f09fa1dfcd123b0e4b7f1fc3bc0893226f3259b1a5e9043abadae19a0f5104413efd10f08210c978351b864df21b3d98a1cddc492d84845de8aeb7722978607ff41e5733bafdac647ea97
237f4782784766f1f09a9676a03ac80b8f15197663aca037a6a5fc28932028f958acabbc1f2346e8c93530edb12097255c6acb7a9235e4cad15308860a5b11e6fe20ccc2522b298a73cf521c109f3b29a14873c0105e4c718c7938914c7a28629473b6144bc752eb010cbe6d6afcdb3a7103df6fb4cfec0d
00ee1d58aa7a7c025862297a8e35f606c21438bd4805a217630b77d58d3528b60e30612d4d11721b278a292c4a2e9c5f408d7fdb02e63a0fe8ac24fd069a2f25146e2952e2803e3738326d28460061619f38722ba69ced7cd6600df21b974e5db8e1cdca79289791e51e37c4ad333de9c3accb2302dbf79d
08fd267c82e69d4286c50f2bbcffb3064f197b0fb91370a0ee98d931814c06dd06db53c9f7f2cdd8627e806929274707b9e8cb71d1133d884b745e992b25d01007307e619c92b2e1213ad23ecd7770fdb561722e7d1d98bcac930cef21397fe63cf38b2077d26570353417adc09f57218049f4f90ebc8d96
172bf816927b9d61cf8e246461f2ff13fce2e8255d8202783554230cfec50371df6964892071a83e5e2b23b4eb29b520e414b95412e62c7927275210344ec30ae5cec1311e5b3f31497ec3350cb4dfc3a7c4e017fd45ad36e86d15cdaebcd54a1cb1918d4d56b1690623ee5cad34a5be71adbf2585da97d8
0712c305791e2df16c257ffa9fe9f23182436cd1cf19224046189fe0127b18e911ff79239860d1e158610b392c2bcf7c6812314e81a3d5f7a95cd42124a7a7462484d7e3e47f97917745e70061d2d717311720fbec5b569764862d792dbdfe67d422b825b7d54deb96291e8e6e2bdd4523061250ecdd1197
18df8f6090e5a0f3b7ba1ab287741421e40d1e9da8efb3a9debe49b510b4326ac341ee0d64d0b7bd75c3af1b5e0697327fef6b42d01dc8e6c3fcf5f731aad3bf3640076383668146afe455317ddf5772b83441471cd04c98b9dc37cb2b8c40afcfb078e7ec212ef139126d7e43d402792339c16632abeca7
0d7f6f86ad53af20e75254840e2c7c0d31cb2eeb7e7c039bb97820450ef91fddc5e039d9eb033259213fdf6392028c8275ee8c9252f50df9b624b5051b1eead4b995cf7010577d5cee81dc21b0ad6d88ee0c41c85db232a2ef3611f5a46f7e961d9020b17824a0bf6d21f6d016b9c8fd8091c9a9c2791ec2
192bf3ab858118b3ab58f69d41b1d033c516dda84666635711e98f024f081770d1af7c2b4a32ba331b9e2ef13e10faa8a3ef307181660f3e17abefa21dc7126d6f429e5162d3dcdd3773ed1aec5d321e6225a2b00aad2151f53d392fb30acffac630f18e8c60185f2201729de1f6cc0f42dc530ee12e1f05
00a2b7da8e3eaec373375751f4aa803b0b9c9abad08882fa8a5b1a6cf5b22707da4a75c58682270aad5b7835302257cc6392855561d894d6331663870b2842ef9dd7b7a1ec4cba1e7dd4b621becc56426e9e3369dabd8584df0c3806a633e1c432429b5a815622ba7418391fb074ea3773465182469a04f6
077e55bc112e23f20bc4fd23fd85413d9d7388de2c8d2091cf2645cfd4d3347d79122cd17611f8287ef1cf4da13d377e1bea943c51dd16844b4c52ff3ce66150705d8530584af50a148e732fa87f982fff3b1233f0c2ba7886e30638d90637a558a3574242655e3bbf2a8c5f81a3446613baf787b2fd6d94
27b8882e2bbc4fe3d4021621ad43cd230c76e3618f70b3c3e571dad9d1802e11dcab5c442142329fb6898326f537f608cd449198f33adf1544f5e34e013b0a4514f0ffe2ed5f50e94b6dfa0f1393aefa59b401210856a7f4dd801d5dda473683f50308cf3b9de1f4fa2777484bc20a672359c702e9d55f4f
34052f3c6f52f8a2243967d07adf74013c81d8dbe65280d3bd2b5e2683182f0ce9ca2a6e3a83eaeeb08f0390693231762e700513b16d2c0f61a3e94d01adedba64be17d31ec85855646cb43182b47e458a9e43c23cde98ad5fdb246cd697bfc72802229315a7223dff1009786e1290a791d5ac378652121e
39c867fc0dc96d52de4d5f57da2a05312595bf779cf443bebac48c3020bc2e0f495739093be0911f3273bc7c0512d6b834056d6a2366ae9a12cf2994333ca46f4869b2116b4583f048f7591fafd1f421d5dc210029a91e4e3b260f4bfeda4e084f3330f9393e7e9e6804625df17ca10e611c0c91ecbfcb7a
0829f2b7c02d09e1ea5a87b10702900867c447f0733c12289a95222cc2d83b591e8afc78ac828935e3ac2f43742d9357ddb0e681d0dbc15476dbe3f23b1463762865a0c0b701e14ed8893d38f44aaec5b9ed608bd5b7826c109536c4b36d6126a6f06a9db15a51f3e63f5b31a922519771d82ff8da7f7d3e
204500655a673b518b9bff2b0bea111c6c0b98738bbd31c6d7b17d2908453e598fc40b517cc084234bf43874fc3096442c9eb44492c4a871bb9e08092f4270f72c95aa3269413694d6790729f8edbedff863e0e45cd6b294b5d803f009c66e898c82df4a3869315ff019b046d7d0b6f04095c5a45f1ae687
3d4b76de8714ba935d69d3e1aa67ac3b7df97cb9be8ca1d89e469efcc1402a018a15d80ab132c2be8fbfe399063a6320a81b5208a076004f3eb881523c12176a134055838c1ec9b32b5d88259754f834f1efd3a57764f216ad9b111bc26ceeb841f0c49b0a029529a1165b4ff390e5a513b68f3535e712b9
1dbf5b7917509f60a7cb040af4b95704e4562a0bbac580cfd40f2a431bb32fb6a819a1cc50415cea1af4b2a6033630273d4e1461e31cabf9149cf7073fbb6f0a04a4af9106bc262b1c43b431c5f0b39de6a492888315680ce22a22b8742a37d095c22035f891897fc30356eccc37866040bb3a683101ae61
1166b031ea97f0e3ec1bbdc24f22bc179ebb366d58bb51d67e767ff6832d2d798133a0d51d90aaa390a47713b3360d85be70b6d1708dd5cdb603e8af1a66d7ea13b7c1c322617e63cb3d970039d551a809b4b158d5d182c4d0dd2830f265b06bf4b2e7dcffecabd3d11fa08da4216d18a38c633ca9228142
1aee8a20df5bbd70780509dfd325a00a5e1edf5d676170fe35223565663c1a8e534845e1ce53655b540a3e04ae38cd6b1d9ddd901113cb18635406e1365f57c03db655126de21aeb348cf11b4b91625f68be51c220c92b6646af36c744d773a34d801ace7beb1da29012208a7c2d1cc5a37dbb3b37a0e8a4
03a95ddd868687908a104aad0fbae21f00120e9ba86753f2b80cfe4ac7ef2cddf44c0d5ac6e0d18e730c14421b2fb10ee35deda601761fc9c219d45929525f7291195773991a0751192542256db805608b2d615029cc4febaae321ec4bf3fc3c94936967d65a1d5a1f2256b8ec3b3df0b3cb633b34f3994b
30b3b7547dec40e23fe3ce7c06a5382c2367e1640ae2a2f736cb4f879c9a28b545a777414730f15d28ec3d4c7100c7d4b04b919c429075b5628ea1c6236536171bcdbe7134d03e0e45803d1cafb53a294b8bd32b3973e024ee3703684980e7293ad251fa6152e0cb2d1750e0a03bce10430638217ae44217
156166668aa0f170fb2afc8c95d73c2430bc948af345f3cb10cdbbd5ce740937ce127b2a85703f2a5b53d381e423b83ace567304537b86daa86f6e9915a1ba3bb4614302ca69510a185da92f3209cfb95b21131fa607471f60dd10a146475c7b3781d0ce2775868f04349670af224dddc3ad97c83e4bc2c1
2cc6c28b6e06e5629355d8b1924d7f015eb6e56b087ea02783746b4ca471079a5dc9785316c334762e48f26e302c58f06b61279cf04a28bf486f65a710ffb6e81bc975e2019731e48464023d514a1568d70f233ed50eb6929835299d26986f152aa3f3ccb7846850a12c4ecb28059f11908313a95626ab7e
18ea7084ef2844b3e78a30417e1ce708d3fc5f4473063183115dbbe43f100b2a8745ab2bb542b2525d3d3f99ae1d081b12718cfc8225f29f0ef5cd76211a079fc859c620a9af4e0b44d80a1cbc8341fa14a462b4e0f0aa2ece3c0051bcf919210c518b7e026ba7df800f21e121faa8d0a3b320ef40f8af52
0056ba313deabdd189ea006f4769f61c6241feeb1a39a034aedab4c221d431fcb46bd2b25f238c10df0f95f81f3a9d2abba4bdce213ed42676e9a6db3cbd68fde5f3fcc087c2c275f152471c119a6a3bc407b310e189f504a31f2155a40158276b81c2e9fb3aa625000084e953804cb200155c7d47cde26c
0db0fcfdf3ad5af32b82ba713fbf112cdf12544d6336802940c86dd1d8450be348623426b1331c298dfbb89eff3e9bcd525c779883f524d509bd57eb26db622fc97733a1b6ef2da5dfc5e409e447b63e28f460c4b3b390e0570f1f9e9ee739aa1e10cdf74b2b5e5d7a0a7aa74671c592d292c3eecb104f89
3fcd6480c7aeab617869fcccf5030c2b378aab78860a10e83b90791ae1350bd05c8e6e8f5e701026521d82a6e00b198946a78913529bb4f1b7d898e22d36546035e61e60d192da9cb5a5b6144feefabdc0461070e1fa49b5827b045fe177a9e50a102079d08b4ef47e348aaa881e7af3d0c271f3976c3163
1b44696564839a133dc0888d7e549e3596df3109745441d631664b3bc17d069f245b7f616fe2d54bf1904035c523c38fc2e82f3da1a524bae2311fea23983b2f33749c40f11daf82c1c39b124d1b4c4006a8d090e3e61271474b1de4abf43eb601612b1902dcc506f500c523d819ae4d01486ccc85164b8b
3682fd574f242143b29d527ab288470e768385c9374340263a5c023862163fa59c55116d2570ef2310666317203c4fa0e370c231132164ec69ea155d3fa9b93f6c918c625dafc8304f5fe52f627e085e85d9c2cdd806193750cc0e4fda0b15031882156fb8453fa4d21a8b64387c01c3b3da63a74998f3fb
0e392a29be1f2fa042126f1adf7e25276c51454f53f2727d68b71492c9503a2f61d1e8c17180ae48e86baa8a9d06da827e63b1ff406c6c6ab4b3000419e209f9e36cd0d246cce6b97c03c81189d236f825dd31f1674c7d2024ae305bb8e1b2cf30b2753839d1e21df63ebcdfdffa3ccb205f9ad5129a7de5
0e60d56df69c92534ad3f1d6a1ff9e0c5d672fc785f692f6b5c402b2bf3835d6daa9cc8e3d53d29b7676f6a11d35d879be446eeb51c9ff60d9161a7f06c0a0d8005c9b52318a8a23cfc20f3ab453aae99e695275b0e93b09b21e1686a7bf89e22641c026cd4c279522301d3f28857470e0e1e252405bbb62
0612f387bb3f82708e74e41dd8f03524d70916aaf4fdb2e4e212449c968e2bdc4fd83a7e1af01e220a04cd333637738585046d7c237647e06059c1572b6ac7bf81b974736a04c5150a900b0bc8fa8e7a375890573cb490f5cca82349d2718ae66cd369aa30bf7cf944348d32d061bfe4c00110d0b300c642
12eae2f7e112092377f248cfa1b1720fbc7e730a5267707b565ad869bf1c0a19903b269582a2da5917ce14a2841630bbc55c8f45110dd9a282ee8b4e0368d1e744603c234faeed6ca84ac70953cab413d5afe265853dce7de74019acc0f83409446153d3fc63acdf0b32386c083bd255202b0960081e260d
2cbe596fa6521a12d04154324caa111931dbacc45dd99108f8dd838ca0402ddd268852631b533f90693dba7c712eaf564ca87a3e415271819abf5db930d613c91f7c7423c0f59e9fb8bf1e095fa39612fc81f1af2335b3ed338a135c9ee1027856e35e187e1ac5d385151e780d0eb58a71afd69f6e133032
10e8b3ccd48b9912f4b99528fd061a044043bda9dc823247df48c549016401bfbeba32e2af11abc53c42c8877f18b1c202979cf8e2b74c3b7f77811d085973e31c05203283683e38c836a20370ca9fbc005da2e69ca2db88a117149b787128c2de60fa4c4b094919e003b9eb3937ad5c22281054e721e220
30d5693ec09582b238332986786b6602bdd9dc16b3a263f3647a06d0eb183d31a08b9e981a30880e084a12cb2d3289e37d10adc8d3e5f6e1e21771fc3bb2d9c43b3afff223010d46d999e6139e3abb1189be104598fb0aea62ef2e0d74850ef635312e612d938f77c2325a9ea6b24ab843dd203960d127e8
0c5fb1920f30dec1b6e6b3f46c842d35b2c1d0d79192d38188ef1a089415183f5f7b971ae331625c779a067d5019aeaa1f3dd46d432078dcc7b89c103b6544f7f50da4101e139e54b93efb3d6b609841dfe741eaeb5ecd125ebb057dcbddd0b2cb91ca08b44c9bca111d40d446dd67bbc14086676cf6f322
233cea7f94523f413caaa0d0286e3912ab8fb1422b488254116a196fddb801c696e89c06c87008d140224694d5037ecaeeffdd4320532d9e0554c79f2900b083092cbed0c3945cbae097740aa9b4cbbe29b911298216c35b870d2a03c8c48fde3f23bf30c771fa343b00b2a8d458f132f2b2a56143d21bb6
0eb90279262a7dd1b0d4bb006ae95c015c909da95e3211b72429594305260cc000ef10be8711b56c9817863e5e383bf62e15e7e531e9eb74374b224233cb66c03512ade3a77fab6691697c374d2bd475c1036084e4ac0e8253e33d7b0086ae0f9c4189c0f354f805150c35d7fae3276ff0d88e10ae2acb68
0a30017af50ec3f0e2627f5e8bb12820d7315d99d23801f2cf94f68164313c9e7920abc365c0d84035ff9c8bcb12de35fcb7e667837b29932972f44a22f51fdad5dbadb0567eebc4f791ae36d87d37cce7e480f8a7f4bf7412040ef56968730034b2e1aad5b0508c3c0a0446f81236411044edbbe1696ef9
3655a9ab515ec30234255c6e95761538643a07b364884390faa6a13fa21606aa2fa1b5813bd04818e77ce4d69e24325b87cdd550a31abb7c15233b801c4d83d2d9b3515114fcc681f054c62365cc0664e6c130f1fea81b2d0ed7132e17176b51c6903c85606ca6ac171c15332f3a40b622b478391caf9c5d
243feebea3dea5d10f91bd75b91fbb3559347a80799222fd329d3dee33f62d82965c03e2ca5356e79f9babb6603810a7ae198efd2261153808c4652f3aff728ba007e421112de68308200d36d1f8b45a8862e3ef156a0f7a760436c3f96861f7888246ea495f64a1fb33949fb23184aad309c5867da1ecf4
2ccce65bcf48cdf2e273261fc1bab8056a7f59aaffb980633cf7c54200eb1b42e276260551a09b3bbcda293b0e21b35006a56208c325328b64fa46b03b93b02bca1e91028a1501937776751769046b91471591d756f574ee53cb3ba1a558b20a9da3a3a39cd6b0e4db18a2fe80f8810941206b20e02e032d
159377d48e7e7203eaa688bb23c7922b00b59cdc2f8c2141e81d90b23507116c50e5757190422751876aeb8e500a343229ecddf2c3c5db8e44463a6c19101b96d3832912e73f88a47114962c8384e2219a150316679e9525b6db2a9f97336cb6ff426629e2fc51fd470eb4c3a6841c53e2021e915bc2fe03
1a07be33f76eba52bbb0c4f6c6f4db24c1169456a2b4f1f443e0ba3cab340be3b959dbaed433acc21b715301541d4e3326ce74e6d27e46adb8455be30f7d7c0a4edeb342ac2d957d65e2d13454d4e8af6e195015151fbc31919204151f11231d2091ca34b8dee995cd040c1f0f51f67a61a8b92cd970c9b3
118b9033fb9179420bcab4ed8d01ae30ee14447a2fe6e0902777caa1039a2c4d3db61c5436331b50b1d92ea5b731b65addb8d0eb62b1ee268b8411ea2cddc8098c5ea2632eba7697a2c9f11963b692a54530d21e4c284ef523bf3e9ff8b39ece84833c9b7324f7f0a9371fe7d00b1a1a03296866bf64112f
34fd5c67e89c9ce168af068fa2fa4631595450d3b533a158e1445c2aa89a3b81a57228e4c4f1f4fa61c0a0dd9d0e6a7b376bc315f1111b7e0f33dfa2367845a8e97566e38e9c0f66ecbdd01efda14fa2e496e0c083d1b80ff4cb3862858104b15a61f500e281b1386c240309ce8536edf1c53efca4502ccf
09a90098df5e37c04b21c7b70065111401cebb7df371829966a9d3ed079d17188b5bbaa24a93d45f9baab28911006b40eb377c20e3b7de27e1676b450dd0ebaf245d7d33cfc3b0de9d0d772774b61c574aa6115710d59979e73821f3b241a8b17ce21cee99eba20d9826a7a1b413b4b9316b3edc1c827996
38639a5f411ed8639a1a3671b0759a22ba7c23958ec38135f403b3f8665323d1d9d72be993e0fbd7fe3e0313603497f69eb4915213dbb2b5ffe715072b49ad69df0cee925561b6d9ae003e0b162cc2a5e1d6b0468c1b3d253bb0366e70c01c3199d35a1c85c29c85fa10fe5f1f76c7ed238ba6a4f392260f
3a29b94bd2f81333af49e1c5d92b3706f749fd38468b93fa12d6a441e5c1082b7c957b8cf7c07ae20ad45fc5523a5f87d50c0507e2cf9c8ccbf1272b14c62c06d1712d72fa290daaa2b1cf3a3ddbb4a771a340edf807760da3b0221c81459ac6f2e1214b7460ad70ba30eaebe6ab501e33c71154ecd49425
1998a20348c0339043e4e8cad1a1da34e576bfe678e49215e7b1aa8c5323134aaae87ebfb7a1ac3f957bb6a1682df9826db1f39d5240e23cd394a90d14cc4e68cab9df13e97ce1342648e722753b08ecc82a40960491d961f2641b7ed241dfc6879321f967c5382c3d0bfdb049d9959900417cfea72806cc
31f460a59b688540c308791c155de828d92a9e1d72e9f02809a6c7b3ccf7376dae8a60201063b7b7d32bcf316f09457347abc6ab92eadc76f667e0221405303a6d3a70f02e4763dc2d297e19e8fbcae72fcfb146f9961cab601c35f6b138f1742232f0329ec21141f5189eb81f91ea0e21eb444fcf844101
2736efe4f29659b2c71fdb1cbce84f2e2f666abdb92532b485b160b412e32fc8c526391d9b1251af215a8b07ef15daaec6fc6523233fb7765958fb271150d4fd048be283083c40c045e34d0892e12586c9c3911914cac4700dfe34548f9b8ffc4f010c44ef214cd10036e1b95add375be176106d21702b53
026e4463cc7c10333431403a941ec31708e83e91d21080965f596d00cebb27d47c34204fd2115339eed6b857c721073533eff7ac70fecc973cb77d073be8f440a62469d1fb1e1a470d2c1439c4ff1dee737802bbe4df1455ac0812ba554cb07fc6f06044e8542ec74922eeef0084385d6060cf5ccd38b6af
27626ab3939390404a3ab5900b5c9e2a894ce3936b62f2142061922520d5298d75c1a08fa7034b7f8988a7ef360dc9a09f0ba876b2c92123578797301eea87dda88aa561ba3d0c60d8ecac3d1b6ba5bd86f972a85293b4e0d05f32bcbfdad7bb8fd01d39770a4c6fc834fa0be50c5defd36272d056e7a9cb
30298125213d9ea0f6247905b8a08821dcbec3dd2754119bfcdfdb5af7391257c8a663e1fbf320ed02058db3471fd8ee3cef986690d1b9a56310e3b227e50c74cbd212e02fca2f02df4ef92a9b255e12a10d02189084edecdb5d2fb94a92e9b8ee326ac096cdd1152a03d63261716479e1831607a27ba560
16cf076845e3f0e3c9a660b97d7e9833f603cde8e22e80ff8813658fefe7388f8f25326e6011743215390abf022e74b2632bf080d00ed1c0f02f6d572d7414971b304081a2529c16e0ae812bd3d0db25bd67103e398da256121709946397b87871d3ab81a1455fde2d355cf4c2a6ac36a21577b03a727f79
27b503f8ab7127028e2bda77b6a9cc2b955633d95367d2fbffa217f73d52387c2266c5d2b59080b37f2ba62ac4018a9bb6b736ddd2fbddf3264506de219c793d62af84c23ba12d23f8044a252fa234d293a17069b9308a519d4f3162e540f86b6653b6d260f89a8f4a1a015e140e3328a33d57160a35ae7f
0a0d0bd7254229000984b89d8fb3e1154a019596df4f80cd7d584fb8624614113f00ccaaf720f21cb7cd6678f424165a21d86432733bf86c053bc18a2bc390c2d0fe3961e0277981dbe51b392837874b2757318d2d0296d061ea18ed1f0a6f657f819ef26f74e172ae3e7ecade2f4200c24038076c6335c5
1ad1e7a65116a5118fbf2e151de7412cf77d4750fbd6a39b7f7cc851532d08e1b483fabfedd20b21ab35cc1963114c6f20be71bd43f4b4a2ade4be451cbb7b4da9cfa6c3514d360139c15f0aca29adf2551db2e48114c5f55e8b20e0799f2b7562a012f7ff640cc1200c8f19304f33c1c3fcac016f0c4bd2
122b67a04269b5e3171cf0028a184516b991c6dae3a361f008301f5e5c91234cbf75fd77a44330ea270c2e0ea01a4199eeb4b263c17e2aebe39fa2ca08425ae83cdb31c09d989b2e7378401306f6d29229e1d33fb65cb415330e151f0c1855982e003853f75d03cbf5155d474ae30c8960a0400ffe9ded8a
3a23369c5d7e6d63bfcaa5a83570e21ac742962f7c77a0eb82261c9c78a50f90cb823036ccf2b775ff0789f91833c3455a6a27d3d386256d05fad0c516bb82824bfe4de2c220dfd26f06733cb999659f1b44e28f09a97d05b5a72abc7f58dae7ad90623e0435fc57c018638612416215d3fd16da12eb18f0
2047bc568d2ed6a12a13738f27d7e134573e4b156c3d4300b0485c75a9040f347544bb43770396cda11edea86511aab7e59458fb2359655e203d77cb021d7edb81806b005eab9a3839c63b17a4a79ac8195b33335382904d00f00e227dc5a44697b2143d5be36b7a4d059bd74a95dca5c2828d919e0da50c
0a6d0e04afc6c68056a3ba3871508006b78b9258b6fd235b642d2eea7dbb246425f5dbba7440083c4bd1102d0c02e7d7004590dda15cf5545a0fe83f18d2df7a5068bc522f555a9e1f1251022b24fc793882e34a47db9b9f3acb0184dabe479b5ca196d0defc95b6b213b9deb23616aee3d2f279ecaa1763
0736dffc9b174f62133e5905ca27d51305f814112807025bc98dd54033442df2004ff05202a18a124a2789b084226b460c3a7eb561bdf47069ea030d0fb45e8ce1282780a04237fb71c8212656cefc38eb7620bc8e6ec1321cc80599e7228d5464a01976f401bfc7e10aeb0da480a6c1a10a1411378fe693
2edcf35ee11d7c6224eef817685e743bad6ad47daeef8355bda0abb058b73ef1c635a5ebb65089d84609676f351ef12197deff19d08f3ba732c8b4ee1b36d280611e4f33ae8111a0c2dc5425c2ed36cba195714f493f5afc78f61ac4dccbff0b6b1316ddd05018ca511f04a9ba7aae13d159a40432a2ea72
1af21a6c8f898e005f5d7684b9dd220bac525ff6a3cd02fd78f03b3e02d834167d18952f70c0795b7faa04db561493d2a4e12b37a2b6abd133ad35042c45a6d27693435224108fcf3496d00fffa3ad30c0c4120dd99cefec31891126f2737161dd303c6606e2b9dbb424df61180b42f333396857807daf5f
2d70555a4b777d625aba8d65d320b9130464347bc5da0053bd3e1c9ed352006c759920909821ad77c65f42a51b06aeea8b91e9c4238ec337a96f3c5d3817d09b65a5166332d2b0d270f2b81bced17a9c3f2e01b00133ef40b9352d489c790184043218f23d67a423611e299af7d862df31f4845132b73530
3816c285dd766a70b71be11ae775ac0f5a0aa3b915c8722bed9f04a62ff63e7a7cd49c43022027b5f3645bf69331fb2b8ccfce76a3f489e38a574adf046930b440f8a702f79092a3cd2edc279201c09c40c1e06b81a3c36dc7363e4b813fb14e3573807c1db85ad2e51f48072be17409228f723ea49149cc
31728d2e592cafb0eba94b08b4d19f3eb2d6d489d0c450b2a91b5e1e948c129e702b13214bd1a3f57128b6b56132793d005a952f528cda9be230954931c76348edbdf071debabf17950daf0a61eebcb10bd233a0b27e99b19362049b3c0ad8f4d0f2d7562924c459e43d591cf6cd1f9702b1b367e831fbe2
0a41e826723fe1035d48bbd47d7b9d042b6ba70fc26993b8ac5c496e6b9c3660938aae947a536da453e781d51110ac06993d2df6c2a22f87f4c705cd1ed571eb86944f42b57cacdfa2459a2ccf03bc7970bb73ab1b8656ea6ac42b7fbf0fe1ceb181ffd08322da77ec1d2c60c74a306d73a6b8ed0ca8a0b9
1ba7f533c58952235e756eb59546a00579056a8e7ab5922424dcd1b73da5078cb97127e849b2b103df74195d2c1a20d6644a3cc6c15e3ee96a099bc425540f606cb25d50d783040a84ab092feefde4aa1546c14520054fcad8c40d84c6feb9f74040bdc62f8931088c013f9b2979070a025ea903e0d26367
37d611aebd3d025371cf6c3fb719b32fc5e353ad6991817131a32094b4c500bf167308406ad20ef85becd58e2b31610d03fb6619e2298d2f9f18ea9b19e85cb811ca6d82348463472bd74611baa925d89d98c23c0f32dc54248008a5149cd87c6763bef4c4ea0dc79d24cbd50278cb8e90eb1570d03b8b88
129608aa68cf5db3d5ad7c6491ef8d3d7588b283b1c77155f9a35c12b882357ff93c9f84ada046184f076677e71901626901a4d0814371db8783c73d22b5d6f71049d32273291a91b35ab431c1b1fd270f0eb3b752b7387e94080db6e5eeb7835961f2b6447eae58a72ad589bc868fd7706f075f97a70dfe
2b1f6cb9c2a20e43e19c969484d3143abb073c06418870771f2b3fa6dcff3f07c1a85eb6e14291807fb70a4eb518c71ae67c76490091ec78168d29cb02d440505415afb1a5b884a51f91a82610d8c7ba99f0d2564fa5064b1732324e5f422db8968176d50531eb81ce0a3eb29151b203630444e0dc8685c7
1fb8767afe2bdc320c87c2bbe38f592da15db584cb6162f5a42d5f3f205039e8556412753ef1f269d5a90bcc82091e67b4e891aaa1fd4d0bb30609f310156d89908f04b208ef1d3869254e295a9a4368435c11f89e73970c485e105f1b7f28706f7057d7e454e0b06633c22f007d771d8245e00214142b4c
01f6bdb985453832836486bbef0ebd0172d986804ba1a307bbf2dee1b61f2c4e1484cdf6f2229e6c78441363e512b1b8f597546df2a36aa84515d0fc165de2314caa4e022b5727ed8ce1bd260a7a9b54420ef01ea5038ff8cae5385aba619397079191894dac741664397c41e14f2d42c00a2e26f5e099ac
3d615936d1e78b727a56bc3906778624cd977464017db1d693f4c3b6b96e33e2b6f85896477207473080fdd7001bf3cb529a14390148a0bcede230cb01490b8a484e7290435bec5864255e1cd63cc4e2c21452116de29bff0a6c396977ed157714136e91e36a11eadb2ece9fe58f79dab368a7fb3affc187
1f337610389191119d4f7c7570c5d63e7022e0cbb0a8e3d308d2876d1dd72f56205dc79d86f2feddd7b160087e2fdb2f93f045af82a952c7d5345a29269fea2eb4be6b13b55aed42aead2705635985a6867053d480b70934468e1571397d53601a727834581542b739161dcc3c7720e8c2e4bcd1cbc5baf9
0637e1337e5ec89018ec38020b040e17f2653666a513b0b9d397a18c06141e949ade4085b10318198b6df1870525aeca8a2908e9c349396f13d738f306047c3f2a9f8bd07dfb44c347b14e20c3ce28dda022235b83a093b9fa1c2a63425b0fee56003079c1b8f0b5bd14c5b3c2e40a61c1e3efd5cbe6a49b
0e768d5bec67a8d3d8932986a9ea6f126e79d5c2bc85c0f2c99469b59de61ed72c38ff037c9216298724ab7a1103cd31db5b0d86b0034540ee1b8f1a09069022faf455312c96ac696586f5235920344e87c57376744b4e958c603e9c194d6579c9d18344a3e525c6ac364fc6e917311421131c019fe32323
093d80cec7ec1343e683df5213e93403d8881194d9332320458101ab46163f75694e60970770b184bd8f0198fd1941ccc6cc9c09d124f88b617889eb13784cb83047d413c9a809e8d6fff92fa2d9fd157dd5e2c2e57f2450a44a2eb91393df0a2db316aefd6b3db1ca07e0faa098dbc800597b1362f8a302
309e74aa99270e737c283ff7a447bc15e1f0c2dbf55a510bbe0706178703160c35bc818f8bb066aa582975f88d239272dd34af19820dc6b60cf6dbad39ea4323434ae8f00cb71b5cb5dd032ed8f183687c71b3fdafb45d6b67b10099bbe4879daf7098e1e59e687bfb043eadc6ad133b53f8be389ede6f69
1b2142b175fa8681337370aca881cb297aa40adf870473a8c2ce9cf97607081d6fa560d05d10a20c8ca442f2bd0412dc4e6309fc21393f368f64fc0e11e0a1385634fd107065602ff75f371b270962037be39186f9df6211798e2cab4610c349bfd3a5db207d723c112c1739de76e0c9526faadf11e32ae9
29bb3325743a72700b2500ef57108815925b3ba51a05a2b6df1ab5e91d160df9377a8a53b9b1183c676fc0871b3206069d3743365018e3eb9274cf571ab1a3f89e17df634c8b40da9946cb06567f2b9e9c69629777810a1bc7321a6b08ec1d5df9a0358d19ce240213058271bf2aae8a40d28952c1d7ef8c
325ad7994c1197a2e365ab8e0cffe628059e85fe5bc953e7b9db2cbf55e52ef68cd27df5fdd1e0814e755c7d77053cebaf05c05b22b12398783c82f504aaa51d2d13858329a4465d0b853235b09360157be813faa5fe6f27df410132a528b1909b434ff5dd9bb308aa3db7dde3ed794ba1eb64c3df938796
1300009c035d3a5235684878efbe8010326e96d6dc3180c6550f93a8c63a2f05398409e97a52a43906808e56be06295a5106a063515d59d47e04544c2e7cdcc8bffc76920ba444cb476dc91e818ef646476961d8c875da6476c62c48e0d956ab1762b4749fb63bd8f229b41acd882479832d7e26406a0b1c
39925ca964e8c612ed7ee5f3d32f3936fb5019aeff0171bcedee1151ba1a3a304d267c21bfb1ad26b4021856503b0e67a8a386a771aafd7be8ffef711185f9d76f9778230e5c97455ec5041c76db2283229a30e65d139a6fa3e20f3160ef664eed30aa3cb1f04655a13568e7cca7365812415f54df7dad1f
174979f8b3aece81b0c87d8fb7a864160cbd8428353912e5c496e28bd9f50d449260a72c3e9200b97583df19bf117b01b7b967df714549bf7725d98f37791665d950b521820c7084a30d6b1c0e80623156a2e0a0a1ee2f05afad0ca81d98f776ef6366e1f4156065022963b6d65c5122b04548f9fa34b781
1535cf54e396bac0feb0a223cf33e9056ec8275a626e9026e443c5ffa835024f270f242ee9909cda61da11b26e18d273e1556e25114154776cd93c7a1bc91a2f8e924b51a564c1801e6bd725efa9800452d4611dfa1761236d7f07ce3a9fe0436c202a32aca717039d3368599a4ab7fe72ba0276109ada06
10bd8eb29954e2e0772cfed75afbb60dc7f48c89ef76a0862e7ae63ed8030467e53686662f839189e5fe9062923c54fe6352a339820154b0e1d11a0f3e29f366344c0b21ebc76ae122d46c001acb92aa5e0361970ea1ef78b8e30035d95247930b93b108d9cdf1a6343b7a361abda7c8c1172dce1ae4696e
254a4e710a9ce4f37222566c3591d0084e6c4f9298aef147ec65a1ce951d2262a2c2762eebd0c48ffef271f260252c5beaff66ff10c75825c678ccd824169fca07285122ac2a2dee9a403d09c3f6d4d88674900cca575508effe1904de0627b3e0f0fb6731a589e9b318eb9c24a201ab11f8033e36a7030c
1faf2abc6e51c9f191e8673151be4f0d0cf69b0a4908c2623036feca0f1b0daba5226c068261313713ccc87d8a288865fcb6aae922ae98d66f9b16401c0584020ba27791367cb4a2e4835f2cc140dd2bebf920833a6d49336a7f277928be6e9c8d4027eea3585f5d5e3920321a70af8760ba7a2730712a74
0b1c368f0f7575d2cec95651aa456d22436901974836c00c150b808e36a110b0ce08b9867ca22ef349699adf060f6585bfa51ef9f14368c3b6d99a600900a217667c63503efc23a21cc58520a6fee0168a7c418c14da15a3e5cc10d84513f67f86a0627d198519e8fc214cc892ee95e9134ebabf910062bf
06e6820717671473d2d3392d9a857326ddae18cf6c0fe03577aa143cb9e03e7c42ed728e14b3f2ff9d8b149935167264fec3cc5d32712988d4bf87f20184e6c8f212dc318612cbb99749452b8235565e7f6232fa01fb9529ffd13ae1ae8fe36f3b2060910620c784d52a943a2329c5ef83be406a7fdadf0f
2c8a345156d727e0ac45ba4043c09029b53009366bb1504fff1263cef1130c35f8c0cab56f82ff8350d34f93e02c7badd1751b1bb2aef8a501fe66b91809d9241fce3960e8175f07e65bfb23363d414912d6506484a6653face511755c2654926f839cfd1388f2bd6829544c45c0ac2691f0ea5f50bdffc5
05b1061952d06de1955a2664e6a8a616fb47b93c0b48e1c99aa9b1b2519c33582390c4858aa367df3e872ef7901d3e6875610179c3603ac3b6775a4d2bd1f11cd68800013101a572032f9930f429af82259042cd021416c9c8ba36c2e50d8538af71679b3f2688b7a12413992251e093a08ece0fdde2aa23
09bcb755ffe198e00d2933058b74ac35e190d5612c7a635d92d80ed02d5d03b9e21008b8dd7021d2ee871bbb471fb7a6de16c8dff110c1aec7c9f6d401322260974015327ae9ea56b77ce0024f5db537f32150c1252ee7d5c4b50da1944dc7dcb1d07743ba1a7068bf1077ab551d751c5366eec9260aa4ef
227c94ceb7c60730aeec6080b9ae13147234439352f7b3081475bea8933b24738bc2f05e09206aa34e36e1b77217d4136f821eaa62de0b7f6aecde2e1792f0ae435f88906054d0cc836d4b2695fd028c2223b0f2b112dac4faea03cf689ee8de36d3b05af8af555ed02757666ed68e7bb0921d1584600fa1
0e6bfbe8ce3f8c3083014da2812acc119638d67d9077d12f3716debdb7a40ad23522d7bab522f19679ea872c7619781877d8a4695010d3249d0922840777e471b60f8f83ae6cedd3d1bad8159b15a990d0d3a2eaf6606a6af8b402b64bcf7fb9ddc3d16aa81478b3b40fe2c7f5791963c2d910a3ce736e86
0cc230c7c83f1bd2518555a891a958071d4ba34151deb2be223965f404aa030d2726dad8a0c1610f5dc58200f029cb63c7a50a24733038dece43bcff36c1339ee08cc370ee06d13155e71d1d6a5f1296e9ed30791b7b9215222213e6f010c6d388e3775ec0a151d9382cd0a3825813cdf19fe2949a5add57
3e6630b6613ff1d1e4e575eccd53e310e84a37e3cfd68247245f81aead9e3cf5f4d10415de301ef28932ae2aeb055308fe0cb848e0f6ebb519d5adc923a15abed3a6cef0676336dbea8be028e42ebd3cd86ef1bce770f6785326177eb719609709827101615df7767f3a6d8c5da427cc400826453b0edbe3
392c462db6e4f1228bf5b547f813403a11b8f02d15e13241ef20f10ef51603a239119548b9638fb74705b9476302b7d44e5bde8e72a8e53698bb6fe4150de082d34b6e32905688559956dd2d90d5f183dcb0a34d52666a6518352b1727f38d1c1071007e9be53af69215aa355f50924e105afe292e50f0fe
2819b624edfb77129b7de53e07fa7532c820df039e1bd3a01f18ac1a7ce310e2076936b74f736537b42b8b45d70627485579241a32f058f619932e541a15beac49f6a94063ffafebc6c9393450b288f17c2b91ae16b95965a8bf003f5817ed6d4ea062e411fc7cc2d135fd3755e51f8b320f2e5d4263e2cb
0247d2927f2c8c934984247fde672f371857d4b0f8f051520f0b0a9ff82e1d1ffe53757b385118461e08297cdc185d0d0682b455623516f08ee3adc4296d84aa6745ba802b5b75825a9b98156d4b676a340120a2b59fe6dac2f73f13546df1ef60f07e17341d3d1f661dbad082899a8a82a2c6cc557606bd
2bc329033cfec3b352f3e9a7fa0267328dfc80a0bc1da16063f566ff8fad2873fa09cf81c3b1524165058d930719a5c0189b7bc8d209eb8f1807063532e84949c7f0812065a22ae1e4fb0b36a9735aae1c7c11111f030ecf9a3e3ec186118c0759a16bc5e4a8e2195615d811b6d05ecb406bf59070735ff5
20c2e1eacbcd2e40c4c979ab2916840a9828eca36d9e3136ac63d4fea40a115805aef981de1355eb36fffef80e00219cfb156c2e2206d7029d4e999a0292d66cb79e81504aa4a2f7e4d5240f5caafd4a07eba3b67d8bddd3b71c02aeb6ea39b95db0d69a49711627ff09e4cf0fefd91f70406f753e304cfc
3d61fbb37271f23172bbfab4d296cb0af519a37e97ef433621e91449d9bf065f769f1ac78f11d5ab09a70775c3169a474f191d55a12a6475e7033c1d2cb5de65679506a2992ddc7eed4c5b12a915947722d2c23ab98d0e24759d2263bbf1318aa6a1c7bee285948d12271358d0d9908b31b605f5a5a33e6c
185d76da27eeb8f001a3eef7c772e9218e10628507af734129dd98da4b4c247e9e2a88068270ecf33b6b0db661104e5db2cd92ef52eb7860f6a517c31c62a6bb0363a6c2844b2cde44e4890e07e572b42f4c73b69ba194a4dd1a297854cb52042f63362f2210ad2b1e0dea27ea4a32c44361d384debbeb5b
15be2cd624447f318c66405d640fd22cc6ae14f88fd8a112935ebdcd2e9507b727540168b820dfe1500e3a61ad3db9306efe1d2dd1be133e278c423111ecdcdea9f58390e6c78153279e2c3682de057d1b1971d6a4bd664992393002852062cbfc335bd2dd1f19056e089696c7e301281083938720c8ddf8
3d2c59acc27ef040c9ffc4adf981592860b6a12ea321f209fb69a4b971a9361d1e681c9e53529e6531179b001e2874407dc5adc9f164728ac2700fee06c764b11503c540aa2cb631c201a0021641a3bd221032a44cf4644fdc8608c28741041bf2c3eb6de6cd71f11e1e290087091dbb1256663e016b6836
08863b958f5133437adf39bbc5ef7b2d411d736dccd8333be7421bfb50cc3c97df36c75859a0bf53a6b778cc6a1b6f249edf4405333b0529596c3b381620febb163761a124ab3142802a6e3e9920bb6fc758f359d9886ef1eb8e26da88b747fe1203981ce87a45548c3abb97f03d605911656ed85fa485b9
325f36eddfbb95125f6152c7bb317a2514676cfeea49002eadd78c3d73560318339a501b39a314b96e31aaa5162de2c571464915f267ca732b32bc8f1f5b567d77907c23f76b5196bf17830209510d59a8f9c3f1f7467514f1833048dcf69a549fc164aa617e08a7fa3db8d8669280061344ee3c8a170009
00000000000000000000000000000000000000000000026a16821c8e2fcc000000000000000000000000000000000000000000000000000000000000000000000000000000000000000000000000000000000000000000000000000000000000000000000000000000000000000000000000000000000000
1a13961584af7df1b9fc552b87311612a6ddb2e3998d42a1c9f0b03363c408ff140cdf2958525fc65a3537dbb424e4f4cbedcb0a31985d19df29f8ca3f0d32650b1f44214eb13b093545a4140d750eeac409f169b0672daedd331c1da389f8a5a982aaba29e4663a852438fa3816f1aff1ccded6dadb08f9
2f34e411ff6ec3b154f5f3d94124111d9a37d2cd6f5720b7f23b8c8ae00402c08cf2bd9ced1247707ec0cf13073ab81b50e3fdbc1066d7819211d2ba2026624031fe3c3336c9b6b474f9c214701ead167349139201a89bfe64be3e50dbc3c35af321ae2f57d4dfb2482131a16d467def0094770fd50ff715
16396b61928631f11ba015e89f96aa3a92a228c91860d0b50159a42640dc3d6c27caa9883cc347475cdc55d60a01a6bf904aa07b331fa3013d0ef12e2446d76237783b72021fb83bd71a5d00eee383dbb68132a7289fcbf2a3b31315da3691bba871665d192a42690305cefd6b4bc86d116a79f5560130df
24f212fecf5963f039997fb278603f1f044ea71d90fda0e8847611c1389b0c8d503f403fde7379cecf07fa029f11ef229d0536b5d123ca2f07ceb2b823630c5eaa492e70204d8b8e06d7c63295d6ee44c023828eb1f3d649ad1a0f9bb63afeb672820abff91df0f3561bf80a97a27b1741dc1fdae1204a50
378cafe508a8d661437aba742146d21d8fd22fa6f141c06006be0481ba4b1012cb835c35d1830c20e5acd96e341ea0822f2165720112d706c78496b523bd1d65386eb9b096d75414b9ce672daf535e7e160421500994e2016ac3120f69c8b0397a5376779080b82b541364f5582a94a5d35492eaaabac79e
0873ef2ae17992a09a233b259efb7e04dc1f7a0c5752c02499c4dd3d11d03043c5759a8bf52146ac9b5363cb802d38343e87da46f0eb0e90c164f50117af284ded6429a3ced7516d85e1862c8cc8687c6385b147daae3694015033c93794bc52b2928beabc9e0a82f82442ae8be9b74cb33045d181d6f1a3
15a76185a12045e1f41542cc734cd319856ad562ba012212b9960300e8553740081ef86b9db2acfe77a7dc3f7b322ca82aa83ad01093825fffebe5032cfa1e237427b2e22672c5df7a91a208de4eeb18dc5153668698dee286c7058883da2c73aac0af5aab993925d426068b61f9fb67a325bb334982f11b
12b8df9567ccd7f0542dc410579d4b2e39c796372d71b2b3075b1e4541f23c85d43fb8a60b02cb3b7a8d0a88b2307e901266fbad029391bd09eb1545092b42db8cc630507b51fc75ec12140659fcce2ccdebc3d0e79ff7e186a91061cbb3d6ffa540d9f3dadb13019f3fb93a7f4a4834d1c981bfb4b73221
1cbcee31365b6081cc56121bd515623442c34063c16f1132524f79104d7909034af4ec67bb13989ead4a3be017078c30ec2fcecc12cfa6537df83ef835c3035590529af33fdbc27daecfcd32b6c9450d0fdf124e1964ba9fbe960f35901a54a2b7a137a06b1423f12f0dc43a7d232ea9b2da8bbdc493c71c
334f0bf0ad1cf760a91bb799f06a663cc72e0f23a67972409bb7da64c92b25afef9b63c846431c84b53db7220b2154edb1c98dda40fe344b8cb1863b073cd650df954f5357d596fe90e0f6325a731e36aa51906a1bf8dd2a6d9b0e0395de9f040fa19e3971c2942d482f751adba4a3ca62e65be1383dde18
047356a88bbc04430b36eb4f22ffbb3b7c5e4c3bd7ec62f556f758c27d3d2e683c0ff65f44a38578c742b3a2352b6d419c37c12aa1ff21ed9e88481d216d466b217119e3724cdbe0ccea5908aae7e81abb41b09b7e18e8daca800dc54f6e213e13539f08e366ee54c0351fd70f60313cd07f152fca0beddc
255702d1464e924284801f5fa31bee39b818d7517627812b9ae9b336a420360bff0608624e301f7c4330ba38ad20df629085f45b72a667547b5374222936126e298201f11acda5c8a2984a3e3a65cfefd98bd3d625ecb2a48f022e143e05c0cef4b15992901f57cad60f2aa1ff74e0d4f0294e86c0409c18
20b01b8a01544c400a147ccab4feda2144520c2dac81a321e61fb375de8c3a872ed12ecb2d13c8f66f8e055cb4342772bc64592a10ce9911652013400d4bd5e279507b02fb4187b63bb68e19ac521d66669091e97cd643d8313c175bba7c769d18b34edf08d1acc9be059a8ea41dbcb942bc09a42e36fc42
17db44e0fdddc9d28a3caaaee466163008611483586502a22ef4bfe7084809495fe69bc4e01128496ee8ed73bf3db425ec7ef1920142ebbafd4177801988dc3f5f3246f2aeabb1dd52acff126b2eb63888b65180342a8f2adbe308dc1131207e89e01d7bf08da6fc0a3ce2848de0c91e824a6610357c8537
2118d8855d560590ba545b2f7aaea9188c18665fcbb261bd751bdbb56ac53b558bdcb5df6a92dda554196c7cf7111ef3910368f5620fe934d24f547514fad483973448c15c68886ec76254287f5f9724bf66f31177be62a0561b32fb616ed89118a0af23a0b7593c6e3d51c8f0402a899253381d48853be5
00000000000000000000000000000000000000000000026a16821c8e2fcc000000000000000000000000000000000000000000000000000000000000000000000000000000000000000000000000000000000000000000000000000000000000000000000000000000000000000000000000000000000000
2429d748bd18d110292b56c562f48e0e4243b8c522b3f2486c286e2f03ad32109ba99d11c5b1f7857d24c3ca9c081668e2cbe4110160a25ee346161d250a25998f66c412db11b81657eaf61c1e029bb531ba2343853f28e344be28fef46236ced03093214a9c0852cf1a502484a59121919abc72a9ddefc0
02fb3f5da8d0a0e3bd21b0154acc6702e26a9e78daac63c3547de4ac5f283285572fce052f112d67e07cde7dc22ac5ee1b6a748512a4a66433167a083a0206827c1aaaa009583f09e208c60804770ea25535c39d3805034f76773b4ed2a8624b3f72693741cf8d4ab51280577e1c3aa13099bab6dad0359e
11de8bf9340d7dd2edecbeebe3700e049b1fd64719672330a8a3317a810a03cc74db0f0b9941d5f7278f64704d331e8ce0b4b813b2eb624f7019a97a3162dd120681ecf20aecc1dbd37c6d1abf23a3db179be23ba4acd203c2461fe46ad484e20dc0a241928421d9ac104d2c2f12438242940636e6566ddd
07c62d8a3dd97f83356c5575be4ed71af62e223223d4d1fa5d7b7bda164f18d25e4a24136d735bff17af38c0ae08b188a0253c98b27304a64f0b340803a7618e5e44d550800b0a3fb033992a5f47f0179fd2d32289fd10eaa5720420cb2fbb6513e33fb3b11f579caa38e3ea8f1c673483f1d38daa8cd339
0d7baa9c9bc14760b99fdd943d7e0a3fc0130c9ec6f403a845ac99181ecd28d4350b5ffd2ea230dbb206b0302603f5e2c50354a73229728f7ac1f53508c6d4da8f4f5bc0508be5c2e164c72a749a2912ea2401059d8d32c1058f04c5b4cb9f2f8092b5f435c293e6be2c41c2176911a4a3c2fef8d9d54706
0cbbcc430c857483596d8d81e4b9ee3f10b41a856f3e21e3e4e44d0805ae3b4907625d51c5c12c0752ae12badf29eed09d211652a1d06333059587dd11390337bc7f202367f0393efebee53bc3abb1dfbc2260509040393c83ea3f3358aeecd4b791175175a93b813f0fb32af5593a4b71fed03f6b8c2dcd
0b6b671aa34080f3c5243aba8280a62339d96aa3a043e0a8bfd51fbfa7561d76f7e006efac02ad6c064f5572af015d214b651c5563d23d4c9467e2b62ed2d2a582a54503e1f7b5ca40ac841ae4b20d7dfba04218d20ab87ff4480916a2464cc5d8a1998f350d11b0ba12f6ac6bde112ec14fe18bf5ba833e
2622ccd42a96c513a7926e99283a412eb4f5aae5160f90ab734e92db0f5b0e1f389edb4dd891c825c5af6f6e542b682b6ddf20181250694abf1e9b41258cd3b7bf577b9364ff7328e3d5203aad88afc7fb36826c030c822d72e1292a17ea62ca951126f338170885910b3d5bbdf15631f34ab416a22cc27d
2947612965eb08e0d4c7576074777d0a1887652d08d83109804c5acfa0c42d4ef870fe8014d144016207441ab41ac044aabb90d8a2d56952ba875538297bc275cc3537d3a35ec099a30dcc2c44b4e5c10517009480cca4285878139139085cced180de239b3652d54238adf9ec24b4b0127ecd7fdb6dd60e
24beb853d9ae44210a022abab9012823c2e85a16367b6255187bf3fd9c3c2bd6a38bf134bd413d9db769bd4922338f84f54abd8b221d175837d9cde3095fcb1729679af05bcd31c724bb7f2aa818ba01b04de1c8f591795588de2b13224c28cfdf92d1b503af06f8ef091284ea9c1362c1d8e41f8fc2dceb
287ea9ef0b688d31a9f42882ff473d32d938230bf3c8520b09158646f6130158c05b1fa7399054c942a677867707d67122a27177f1d86bdb9e0414042bee3eb1b74d1a5123b7c615ea21550f24c8af9b0c4ba2c1862385bcd8160683e28673447f8345b01d0d8608853240fef43ac983f0f23d805c203e0c
27eb6184ed9a7321973d72e279c9ea2d20106f0bc826d21fa6a30185895f1d44f0c77222736185f2675641c17c0426f30a3bb64ab2301623cfd41a19018b2c47f0e56093bd6c207c7d5d5b06de65677e5e3282bd45837b37b06e0c98354049052f22306a7bcbcdfa130ec9678ea523f070a47df77145ca0a
2af44581b1415d63827d376d51cd9a09f70a673ffc10227a45522a7d974d1a56c058314ef500ee766ea6feb87629b13da60132c441ce322827c7964e3c376ef67e2eae010f854ca1918f5e2aad3844bb7c9b30f58dc74100390b33f0669e13b6b2b083a2d2bb6d9eab2963d64a4378ca52961e0a52146270
01388c76db7f6ae1ae035730afd82b2d73270f00f5c3c19438f23a929966061c7cc36db7d84116f96bb644b4cb029f75fc1697ca12e63d5b9e9c99d61507cde129c538f147d604bdbf20171e2c62c7e1df8a926bf8bb309c3be21e60679a15edb750e39377a892564419d5c51a9d85a4f0bb4c49b48d2224
23611522a22718c2b0e16fdecc726a222d03b7160887f1610d4832d2dbac162f31995e68c2a139dc19cfb90b800242be58f1ad69b349dc6c1454f0c807f6d61930079531fa9f77f2d76ab51623b25d0f720f738e814bb6ea7e9d11bcca4beb02f6428d4241dbb9233826048d31923281915b881a18843806
00000000000000000000000000000000000000000000026a16821c8e2fcc000000000000000000000000000000000000000000000000000000000000000000000000000000000000000000000000000000000000000000000000000000000000000000000000000000000000000000000000000000000000
3d21ec48230e3820d90c88fa7a3e8d1935649c1b79f5304d114e3de02237373f651cfe280aa074a63ab78ef6f21a4e781b373dd4a30b8fcba3d3ec850962125f4c1316b0079a9dc4d8b4952d6313771688edc126d4d68527bbaa30b477e8b1bce0f03c4c3c0af12a2a2ee8de42d072a07058c16721f93ff8
3cae6027a00e473286f1eee468b8f9356204d25a57fdd2d7dbc3baecb55b3a382c0a1afa177006bd561fc429351d748e0870fb004321d8e600f7d6d2146f7d46145c0e63a783507f80957d2bccf1e2b23566236e207729717e9406e98f03a78f0341c6d7466c2c91bc0b2718494a44650151542b9ea15259
2f15a7ec347579d117eaf0a7082a5b1506b72d1121cd5383fd9b19bd5e6506ebd896b56cb57360f1a311b69491307fe1315e42e7e349fb9a9232a3bb1fa44c6bbfc8f9334c963b085880971e4a0ce978144981e2afdad7c6573332f951358fd984f0e44bced769d550178be13f73aff9b29e91809d6d4b72
1030e67d8d677ff1d7b97fc723e03d355a08fda7d39f9005fec0f19becf51c023bf5108118218b12ab916a0b993a97b8766c3304303bd982ccb849dc2b0d0722182bb813198b820fd88a692b0d2312973128a09bed1ccb18455e38c56d0035e47a113dbd7d3a114f6c1605731215fb7b509ad5a057b6def3
13a9ccc21476aa71361f3ce1d561913be8fe3c492023d2e5ebcb1b6017b836bbfcb8b2ed4ec369f2cad6bad40b2168748cfba780c17394be3f14fcee0f5d3dc30730c6d38aeccd1d419b56221138960d3792f01ea555a7a849b312b7557b945e44b1ce1ba3f7adba0713097d37cc4ab3538064acff4cd40f
039042bb512a503353136a0d13e0b027fc28e511292d53bb6ae4d687f816221b4b279bff8632a76ff81c92e39a3be46562ac6431f06eadf0299a2dad21cbb836ef066c811069f9cc1a630e25fdeff2ce730b232d67a37496b33f28601115e2562da3ffc1e58ec7c7f60f7dd9b9b57fef60c8668761ea9c08
1a21a1f394d281c2474849e6b1d6a011d42cc7b1b5a26222139b296aeab634dc44ae3a579432d709095d3d2048153254237be7d2937a99c53cd451cd335d41dc792c2613e9006ceb1d2efc07705be7e5867fd39e275c8de4cc9313a7727bc31c0a93518af5e049e82f1e4b68863104db3104b0ed0f78ec94
1b94ba17753b46d009e4510d4f701c3afd4f486b8b28e1ad799e3472e54c07c8cb84f8a11d92ee913745f1528d30c851c9e22422701c5ed9bf7ff7400d74ebfa7c3a59812eed75f18d36440c324cc877b7cc53df443833f3e06801cf5df734dd5a6062d20aaadab51c2d1bfc6843ba8e13f01ec5629c2549
25d64d33d956ffa02686be579f00f0251077f0f8faa4e0dc1e0137b5388e1c37cb7d0c8519c3a279eaac9d66a110e665f844cf46c3921f8571bd10830519ac4452724c6352ccb80a4af83f3edacc7e0beca70185e2c0c622ea473b282357a04d12b238690152c5b3e723f0bcbced86bea04221726263e692
343a899d6c1b484000c2fb39f6254c07f9d8f9a7f75ba37c2918c8411f8000fb089bedacb9131c81f66dad8ee136f637a00cc65820f2aab7c40c942002db8bf6e3273a32952ce6228de9cb3d6270100d386f238cad8935a2696d19a02ddf117dd5a1b7f85ffaba0752335c2c4a40a10cc33a2fc73faf6a41
39454896c6779a5087f7c9e70964ca2b0b55bc841edff24face13b6eec482f7b1fc84f57c300239e90f718088b040bf061d822ccc3d8c50d5054deb61bfbcfce7aac0ec39c85e29b13fd79090bef6426958b7224894389b9f88d0d0faa1fd2f85ff1c6ea6b663650a92e408fc129ad2e42fb964725e12415
27b090ab920cb6020fa59523c7611f3f79bccf4498ba31bdc08fe45615ae0c3f2e27cada38c1eeceac731d64d724d9de4310ecc103cf9bf9600bc3d30a5246d027af2693eb52525ee429ad0869f8aab67879531eda61acd97bdc3feb8102f10f3aa11ab308c2b47ec931f8854e08f3b620172979691bdf16
1587dd5f0ff68b2239d994d5fdf2aa39aa41e14ae206d3fe45a1c9822b8d0871151413930a22e5cb7ae4b6457d3156dbc3d2e16010df8b01df5851b600b4371be7df8f9094e7cb12ed128313f2e33cf09b62e1d7d86eb35557de1239811c9bcf1ea17f49753c29fd0807ef684bbcb39a53b064c6517670f9
30a6b26ec65f8fc1e004756a9215c731acd7eec3f3ae60ee6155d7d89d6e36d83e5b37489a337f56e911b3440f2c970a1bda7113918f3a6d7a4097c407db780d32a809a31ac3d7deb3e43f25c8b74fe9caf78382059462da4bbe0fd2cd673a690390d8878bf7b42d640f806222794284f29c99d9cfb1b6b9
14146d63c9961c20be9633277559ad1e6bc89264dd3083840808e7fc47671fd2ce181eb8ff70b0a851b9e5f11b1800aeacbb803d209e5078b53d1472190c6527b700b1e1cba9d7f9aa55e32fc3620fad960112f3d066ad79173c3b5c68f6b740f1f28cf8c1dfa596d53218204cc3026f402b8e510a5f7e29
00000000000000000000000000000000000000000000026a16821c8e2fcc000000000000000000000000000000000000000000000000000000000000000000000000000000000000000000000000000000000000000000000000000000000000000000000000000000000000000000000000000000000000
0a76e1e29ad688801bb86b995b351e0daf1d0c3714678243f9f690b29be0226a918374c6c6f39deb7aa6a0797a2731f8ef17f42ec3256dfbf7f2a6cd380e87acaad23b22bfe992f33a8ea524cb965f95aad9928a4e99c9f5f33138e5228db0190a62ca9886ecc992d112199cf7d8afa633641c6d0839b120
0d31162c63a7a8f273e2f6fa9550250c6ed913286d48613ea2af9a3925133ac2316e36c51f32ec2393d7a03b0a28af5600a82737530464c05493933221542c079dc2eb4322edb1a4ddf2c30d4308b30754b091e77b89bb2024fa1ee61e212fcf57533105ef5577bd8b37fc6fa433b5ec2323781ef9ed5ec3
19a2183436957f30836657163a8e130939fe73c1bc9f431882940d5260e73f97d7aaad86cb8285c9848d31635b0c3a5394ec18b5c066a2dc6e68ae82129c6414ac8722837e9ffe4a6946211874f91f9c555ac1c159e8c724d2b20ace9b7cd08da2038a1296b24996c534c1659fa4e062220563db890a076d
02e42caee89718c12652da7af814072246c6741e459283d3b2d89fc034733a761cad4d4ff522fb07a29f304de42ea290f19b85f442a10bac8d6dbc580035a41bfc0d831210a673a806b22c215cd45ab82dc8c2260e058510fc1f3b908b5ca5d7a3433f438071df56a60f2a17b800e977c174d581f14e56b2
3f603842071574c1f39b012e0dd3210f5f5ce5f3af8d50280309bb50e7cd3172cb40eafe6c2156d734d597a6d83de768f0d39ea3f2b2b40063c6144913dda143bea6da823c4147560165ce37ce2cb403948b328065d9c6d3b34925c5b545333014c1bb59cbab41b7b21e4f963594c949e3d3cdfa8782d3f6
1e03acc3387ac3c17fbd6064bfa2a50673aa28e418e1f35dd183c271ff2513350a9119afe0c3434ad9912740ef1496b6522f073743f17d0f3f2a59ea31dba0b1e82d6433e746c2a6b878642e5b02721cd2a3424fac1a0c9c723302055fa1be06efa3828364d98db3b42c1ff2ffd552bbe07ccda05bcbc5bc
1d29e0c3d5823f03baac9723cf7ad732e109486ac08d21aa6e20b7dd4d4a359e5de2edbaa9c2b3c6e821013ff32b5554a18858bb033059f01a9767d4271d1ad726726013b74ffc17cefd370a658baa7c0754315a9a67646b38b2204602d52ea69b8050f56950279257246382cae89be043217e3785125003
3188a6881f7c1a22e1cda9850e8f903ac0c05206b670f0f4e60e505c5c4a22ff065403f35d604e22a5996e933b3e5024aa42ca04e22b9fc2e0f3d9201277282d2f98c21032a212c0c3686c0bebb5b93d1eac0283a223347110ec166cac6f4c9aff13e507aa6922db49354f20b88c0002508c5c87f088bd45
3df3d265290a3081e988d4483541ea111f87851639ec7092f2fe17c78fc62acbfa5f199d9602fd9cc4ac3f093b3fbbec893544106160ef3e159289ef0f45b826883059a1a63a6d9f8f768c097a2ad74f6a6c22e63ebf2a542bd40032658120e0f2f1a8fe16551f571e1a1049eb6742af914a13029fc973da
2f8e202757475c521b10fa57295e31187b5c1a0f1b2a2350f052c26b595c399c9436a53fb3b375ee90b46024c509011a1c12a18bf2018704c329236d3d8638d7f844d1e28cdcebc70de747176d5201f278faa228cd69601c1b07090855c271a95d213b7a93468fd98e177410c7f0c5e0d0b034eb7bf55f2b
37a71c5d012c6a303a9578e03f7c7c3fa1e4aaaa2ae8501329215d39bb830e7aa4363a39eb82057b8c95088da409cd9fd79b671b82041d961bad677f0b382bf7c191e9727d2fe81b60cf13189c6479c07151436c6b1aed6e539b1f029e76b7bf99a33982b7ad6927a724961bcdbbf01030a7fc5a9bb3fc23
1584c477c4f4ff81b97081588070e00aaa1946be7ef6a0e890fb2695fbc41e9897e3511cfd61c5dba22440a4363d825b143a511c8016a3041d169a9114f65fca08c121627567eff80363c23a4c6863ad12ad5223a9e4f2ff340b06afd89fc8497863223e4df70326e228ac7c82774b595111262fab6897f5
3482c33efce1f90201750fe5153f2034737789baca5981ee3ce3dd3601c03862def5aacf4e1193ac5c2986aac10c8c75cb5eb6aec178974f2caf45b01ab06261553d19f14e4049139d953231667a3aff4ee6907519ef009e764737ea1b35eee39c50b8f8791e34ad663a74b749183ddc32adb37071bc9130
2bbbd0d0c7ce4ae2a0fd342f2597390b1e9522ccc30ee1d10d39114169951bcd682ff501fac2ba797c2658c850272a062d683995f12a85a083607ee81723fe558638fd21a6896a6b61c1e40713d573046ad0d297e473e3b146bc00abe1a4939340f2ae87b5a5c8f08225afd75250bd01616b17cc02dab5a5
26e3926cd355c7a15dd73392ad4e5c260e52d38d0f1b80f8d619faca23cc36a612cd49b9f2916883176af508873f61b00a0abae70130437f53b4b8ac118b16afba7f4ea2c8779ff78267c7334d5f92f160ac5282f3a5af3ea6483319dab7da66e6a0f4ad0cd63d834529930f891c0e29c21b0b161f4839d3
00000000000000000000000000000000000000000000026a16821c8e2fcc000000000000000000000000000000000000000000000000000000000000000000000000000000000000000000000000000000000000000000000000000000000000000000000000000000000000000000000000000000000000
300dccd1ca035012de0dc8947016bc31d5f69e2641a6d2a4e11e67fa02991784351b090857202f2a9a832bd331082f1bffac0b6212c6f0167d77fee2182a4f4ac7054d0227e35af6d942fd09e5e401759d153325544cac342ded381d379c231b0d9280cb2316ee253538007e88f547a453e094eb5a93ed1d
19a4920aa3b456631cf0216c17a6e634d7422aadad45a169eac9748234830913b3f85d1c1112c72ff7f0d2bff609475657128481e29174af312690da25a491e3570f8aa0df8968baaaf816086dc826c957c61198733933e936701f56ac62786cd141767115f6e8530e273507526a06fbc36048e64be113e1
11427068d54cc4e251210e6a04eafb0a71e10d9040f3923ce0772d794619209d19869e18e863678a3ad3be4ea733b27ad2769ebe823399f957a695ec150228df92a444d1ba345cf8c707211493384f6a9b788116d030701beace075bf37cffad74c2b47ddd61387797046df8087181b4316ab176649147dd
3eb1b24aa793c482f9d159b7b35fb23e245b270efd89e30387b705d270c42d8b4f6d79afe800196ff995f0496401f4781c9d96f093f7c6cce3adc1ca18f995d820f76860ede455fc78306909e4de2adda90813a9c1e4b966c43f156ceb41eb03f5929ec9a68055c8cf18b4d5f9a1e40a33f0bf22c3ebf004
0fb7263cb6d9b8e1319f7b69b8fc290be6ca316ca208100bbbf1a8460fb11c284210f0e89d331ec64418973e0c19f83bc337b7e9724f55225e1c0ec52b014c5a676fcc63ea1e0d28ecc1201e7619a92f4fc723de0936d054117a390f9c5aeb03ae22734d5337f6d059160ffb2725f4e2633cf6d9a08acadf
12a2232e817a7072d3f1f30e2ac71c3d134378152ab3a1baa0395a69742308d376423f857f1139348c6802568c323cece04270a4a2bbb594cbd3db803c61276c08b26f93502a92f52016bf33906f67a113c5b342a69778da7966028a6995f844931233a04d7dfc7a9708f31f497223f9a3e6ca1813f8f073
0d524d690a12d9f2de95059e0b18dd087c1b6498a147128fd10a13e48aa82e7a4abcdadb3921ca516c20156ee6386ca45c4f0eb5e0c2a492f8f81d761fd12c1d8aa4a863c5c642af27b3a31f5eb8e92ca73893ffe2ebe353905e04b2584a02b4efc062efd3526c79560beb1c81118ec392c3849b5d48c523
1b61f8c5c00b569027e0b9b7f6382d3b7b32e113e41a91b0b3821a7eb1463bfbeff5681463912a773054911fcc1b177f0348ae63834745e930b43df9196dfba9c7bae8c35e3259a22b7fe229e21563d27ba9e10acd6455cbdc3437c3d7eebbff94633fddfc4063f8190aac76d1fb0d33917208835d57d4ef
350aa6e2ffee40004f99b7a81d97b008bf2196f2b1d5119177985629bfde10658bf4d31691d3a7bdcea8d3064c37575ee4d242c691175b10b23c6f3b377aa36a38d42ec035bbabf61089352c4eb3ff70c780939eee9f00b3849a347897cf14b28fb192bc9a118a7cb225d86442b944a912ae9541ca6435aa
0f8cfa7a09553270f6207dff15d2841d01a2c8cb27f492e8ea8fe4098bad05ad4a22b313e3a24e00033bc694c124dd7fd4f24f0ab3f44d6bd78220bb26f125cf5ea6cfb37b304654fdf7e6123c6e51600358404f1de0e8afa49d203b87d05d28f0d037340a310793c92d34262b368c99e2168bfdeb112add
2a4a1d672d37cf00aac06d7dfbb09c308942634fdd13714c8f941ccc28cb2473a4aea30a8e33d34f55517b28ea22ef992152a771906a5af57e1b1f053e921c87d8e27a72d82a49450f290e100097381ecfc2925cdfd56bbcb0b03124bf14a693c3734ef3629c87232f1831ef06db455720ce95dd35014a51
37344d24814db2714674147ceb7e620781f20604a544413fe3c48832efcb26dd34c23efa34b152d8cc9662a805171d14c44d12eda1f10a00b3a8c91c08ece2acafe50cd36050749ede4f7e005b0aee11220020ee5da7b13c7c93224a9646c4822e30e077a7603178250a9318bcbf5b05234c5cc7b970778c
1a4208f410e0b9516a8354bcd16ef90617dfdb6a72eb5386e6e6483b3280259730674df75543ea0ca2c3efe8031cd36427584907b1fabe535f6824a53a1d34710d79cdf317c87f105801a30ca26b1c08133ff3eae2cd6d9f1c842ca49ef4545aed40141b09f072d7cc1069ac2467836af1dcd9ab992a27d0
00f26101c6954cc270291c178833e807d20dd927f33da05dac040120550d308c349882ed1862c616157a6f4fc0197473e2b39700b076f56125ccbfb726c604147ea88da2c25d969bd9f15b2a04a6cb2586c6028756ca9b73f0353f1df109c19174504756d5dedd7d6d3eb4f7c2c6aa714126a03c27e7334a
38dff7cd760f40b2ff19822731d1d135ef32c04547e8319149740df508ff2ade84faebdde1e01ca997ed8e21471e38df8bd3de9f7082363876d68dd437aaccd9b870f0f18bb8631028ec6023bb323c1723e0733da27692bed35e317c811f358d5bd3528888c29dc3550e7acc134f591b835730f1c43f5b6d
00000000000000000000000000000000000000000000026a16821c8e2fcc000000000000000000000000000000000000000000000000000000000000000000000000000000000000000000000000000000000000000000000000000000000000000000000000000000000000000000000000000000000000
11ac221adca5eda35b3929700c206b0eeba6e476719e014f84087867cc3f1b8cea84fd98aa13691279dc3c117107d77e68d9777ee083541c20d9da5d25b56b747c4893306b5c5989a13d6221fc85a52dcfd8104653980764431f0c49f15e4c522193b6e94df9a1eaff38f83b02819488b21185e6261a450a
3c7124c1d7cbc320e1a3c1b19d5a751adb6efa76a04671fe0e91f12bfc1807637c3649e434434f32152382f8861217106729cd4fd24d9ac769333a5917f7fd5458854f0221d3f4d3cfa8d623f2fa3969d948e3e314405df4dd21120cf9ea36e57c9241b9b82fe1f39521f34e82d10e780371293dac11552c
2e64489f8f1d5ac1e228468b9892ac1b1a5558129e44214e0efc631142fc2d195feb669321728a17af5d7763e90636b02e9bbe563346a6524d7456962d35dbeb6aab72c21fd5147cf4dfe10098b898a91448e2c5baa38d4e726128eb820b5fe931e16f42725e5a2d5912000b4d83dcb76062201bd9b881ec
340a8d55e09847339b9265e51724e70daf69b41cf125535eefb97e1026d02cc843dc01a035e19b87338c6e26c22976e0700f3073c1c290bd15f726dd3b69b3f4ba3fc563a07ed5d96591882e3292e5d71bf0e354161a615204bf133999f53e780a8112e89a4ae5270c21f7d3e3cd2bf1d2c70d8c7741da44
1a7d256460ce4cd2b4a3f03591aea917b662d112883af3105595281d9bc33ed5375769c8673213bdcb46fe819c21ad8dea32f26763fe4f29a94c467728677538acdae3023065a9ba6019a50b7bd5319940f543a63112e3917d331d17c0002791b26309d54de7760f790b85114a40248183fed25405310462
1dfe5e7148b7ae703ad38b0334cc6c04789cb733255a2188e47634995fbf38704d886ea0be0301f2d5b3cab1fa2847e1be95ef930041b3cfa89df6db32bf1543bd1bbfb39f1677bf87be612fcc66c92ebff1c197aeab3f4b6d9d0c4a0e281a4b9810429ccb9f4b997437bfb9039b2cf7b31034be4eaa6b82
3f54ae15743f0b12160dd262f42eb32bffde6fd0f70ec161ccbab0f51bc02a68ae042bc89750f717e9bae2f30027d543cc9bcd8cd3bc2cde8e55b36a3c84ce9abe9c0972c883eca3f4b40e3541fcd4ebb40e8244c4f0d6cd8cf804b170da35c58b23bb72f1d740e2010453699f77f17733201a459e41e624
1d7b3a3e9bf9e9f2c081c11e251cdf38c309852bb1baa05dae6aafe7e30e2542dbdd19e759f0511665b9742c8622d811d1395153924b800f432dd37b2a5e08f8d0fd29416e2169badfe9672fbdffe7cdf83ad1ef75cf7f00e3352a748f6b0de533629a763d39074fc63942113a657c53c2153370f7ce2046
3595a13a6a689a1100138d744b094c00b5726017f23113953761dc9d923f3ffd3297dcd14bf15994014e707b2b079e4e85c437cfd1bb2a073e63c60f395f9c705f54ce7138c3c15130566b29727fa6c97cb9f1d317fc667583411f2978c8d50142b310fb1e5640c5f72be3137dd84269801376e7bac55c3b
10c8abebbe1b5d832b0b6eb7645ff1064e8cd5516abd7236c050a99d96df2769c9726c6191b39e974cc6d802ec17d58a7523af5271dd88f9a89c5e6d29a1d67ec8497ed3dcf2faee93d5c0384cd3c2084c60c3107aee85fa95b70d9c030c32525093bf480ee634e60c281d7588e0de75805816f62565a9a7
133c4f2b47c73ab1863a2ae50603e00dd08d8549be4ec1ab45e73f5772c600c27c9effefdaf2ddd0cb81fe36d32e7128e38a677222bbf3985403eabe154bacb1c72f300250751757d4cd42036c23dcf1d63ac04e70aa1e6c24da20072074066b48e184dba47c6f2da33ae7d858ff8dd5f3f96fe497bdcba6
37b5ea12ba3d1a302aeb216cab684339604fc6b9893831bb9b9edbff3b4b125d49f410da7411bdb844b1b28bf812a3817affc96b10f41354c3e9f5882df054da2cabed1382389794c3cb150e064335f8c66d929b9f1ae2c7259f3dcb9dc4ae40fa72b1f83351e4daf93671372fd95f7f7255c7a448ef1447
0f29ec57babafce2e65f3f21af852f10faa2852af199002168fdff33de3c128355579412a720addc6e2b1122ec3e29947aab4e2d32c709ebfbcd148e1a40f8090be882e23a7354295ff00330c3261329c1c49035bc70f3bb7cec23d11fc85118e89339a3df4e2ce48031536ee0d11442d3e8c47bf2ba9aa4
2f2bf7ec7797b962a013b890831ac53fc4ba0525b4d5c3ce4f837dfc8a873d00053a8a6dfa1065f64f244bbbe6129dd1bc08cd61622ba9f3f842dd7132346d6aa4ba1fb23470171779382d330b2f06e3047d12092dc3734c41523e18242cd52f59d2647c2af354f2ae11726668e9e514505dbd7dac0d08b6
394664da452411e10a785f45012353159f4540a6e1c9e33406e252cf7c0b38096b8eab9d0671837cad5636d5de2ad63472967809d38ca1fc3a22cfbd01b1feee35e48e833ff33138efe5953d36c64a5b32cdd1cd7132c56e92821026a32f3a81bfa35595b21a840df219db75ac2382b46122babbd120b39d
00000000000000000000000000000000000000000000026a16821c8e2fcc000000000000000000000000000000000000000000000000000000000000000000000000000000000000000000000000000000000000000000000000000000000000000000000000000000000000000000000000000000000000
06f20d3296afbed348597bb9851a1113fd4291e5430b626ed97c9e163cc53a389f124e4a84c39d239e7330070e203dbf4df84bb8125fa18a0589931918470ce5d5e69c30702b1b4526760c1b73b162931910a1fa6f525bbb88a539c4284c54ecc8e0d7a0826789a75635a731dacbc20a726d51d46f3c843f
31f8fa0283acb4f17a3ea87a60413d1db8750e686d23d39b17e140e352083a55b09cecf976d134ac36da0aea7a012330d380e91720b53642ea027bd82ab2033ff139f900c94da11264a43c19c85198c03b24a28d5d9102e731a9253fd40e719701d0a93a92786145111e55644a62e90b52065ae14552dbe4
283c1644f36d57b0a317b1c57639503b8d3f1699fc1ec2f9b76a6243eb500fb4c218b5242ea396ad7c550b83ed19b47c91db3609d3f8a3236b2e4995382e48ddbc0737c2f5437c0da7ab222a42cec973654d43846851dedf1c3c0cecec8a4505edc35132c7b0f564de02ad58b1dfecff4225878e0ef1041a
35b53b45bc371523c76ecbaecb548d17b8b4d4595acb838b3157068790b033aa6550b57df52221b3ef78ca67ac28b62b95305909e29f6520d881bc643b2e17af490a55418ac474379f63ec2b6ab849f70288d01e7e43546e069a16ad64ac4d94e460c5015bdcbaf173345553873022dd02cd8c3fa25d431e
0ff35a78098827b3d4d736ec1c5f241f14aaac9dd16771e0419463dc49243c8bab9283a03462b0f32df1682c431b669f5b9acec1a1c7510cdafd95382e481b568adb170382f3a384dac77537a5d56f2be83de1fe007177f760e725eb69dd3bbca842f7f2746632d8c215f80705cc63ad60d49aa2caad6daf
063467bda1a75c93768c7352e0344609695e15cf179b4296a756e5c017ae17d1e81156bd6ed3b3418c190db255214fabc7d8daadc2f985a0cd535c9d055c36192d25b561d26a123e152627173e062d69927d70174771a84dfe1823aff2ac9c47d581fb99f0de7e57551732bd68d5ced4e1519b77ac34b389
079130abd53fd6529e2d62fd9c98c13ea75900f35314f05f95e3ff9522441501a575836c14f286ae6c7445980e1d7ac023d05db370400fbf334b130e0e9866412cf4e4d067149b9ee30ef001e6123a360a45e28b638c9eceef4a01f6ea64ee3f964071bf1d0cf6b6931d5ada16528e2153a5cd93296bcada
0944fbcdff0f6aa107a075a3728ebd0c61264ca449e5d101a55d05624f941577146a16b89520a34e1001a264d220caa9afb11a6e90e09d3b7d9f14db2f3fc680952783c36dd36f31d56a8836ed22025042e313aa6c49d534d60d3bfa71bfbadc5c22e55f56866ee192357875baf2d76060bd4fa49c0e7d2a
1b9086d190f75a63dd72f09501e12e108506fedaa27d1168e3318f639d331dfa3aae6731d163cf9f2aed0829ad1d976d01dc4566c0aa88077fc612dd333e23d60c4c2911d882ba54795b90252ec41da82a4ac36f01176a5de2c5013d8b8133ff60f1bc5af208df2e520a80b6d6ec3642528316704c914f79
242d52aa46e833819dacf9b5814b29213ddc04d5e3e143235da1c5f50fe10ef0afb18a7f1823e768dadbe5a90001525b0243fb3830b73e8491c4172e274f5d4b0dc103c061471d5c61536e332e6e3320031bf216630c8e3abfc717d33f0c39c2a8a2a7d42b62a1c63b28a760fe3c2c4992065fd36fcff608
057cb486572cedc02fe71162fd68823b018cf2dd7435d23b7e322691193309d9a1ef503fde802caf2a227187973e7cec4da4ce9ad0aba35f25b7bcec1f81ef1fa1fc0d0355ade321a7357f2120991af47bf443366211b0ab6139043cf3faae87c26141aec37f0c665f3156b5f3e26b81a03f67a123f6cc4c
068b834e25655e71181cf9034f15b8243ef93a9c7935b3523f483a4c50ad0b2146c4035d7ae1885578e5031e713599644c976a47f16bdf938b9680002fdd5895e350c283f67a2726771f171e48c1f542f5a46260ed8120c34c24207fcfd915137583558d1fecdce743303adc9010867bb1062e4ca9ddd767
0d7f748e74490ad1558e35c7de9fb31a5be9d3effd7ae0c8c54e504891df065d38e50fce0a920e62dd4f94e450111dfade8d542b30b7e0534b15ad6f0c4d21aab9b33d81c960748d97d40713535956e7a25bd0e0eeb2cee186b30d49787608597db30515b90ffb3f3a00c0e6b0f3a76c00e82e468775092f
123a04dc07cfc8c04696e3163af407084f20f97ae3a8c2cf99ccf7abeed40a961b0b7a6bb0b212af20f59337e41d2f99f6634fade38edcfc687c3f0f1a0786e29070a7c0213665c6b35f7b35190bbe5331df21130644128695673c33848a8a12e772da6776cc6d46633fc4b072d1fc35b1ec98e0e9ccbe61
3ab826f6e48fdc51030712b03366940b90fefea26db752481f59cb3482571cea7bbcdffc727279a1b183908c81311508382c0826b2fc7d1108b6a8ee22479ad50c2d6ac397c585236de77335b224eff0584db15d6a65990db95f0a68293493062982f3968bd55656a3258fb1b6d4e0d2e3f22582de8ef948
00000000000000000000000000000000000000000000026a16821c8e2fcc000000000000000000000000000000000000000000000000000000000000000000000000000000000000000000000000000000000000000000000000000000000000000000000000000000000000000000000000000000000000
26aee86927f05fd1324595a8a11b7b0d347c06ab1155901c9cfe636b2c410df886a32c9455b3cfeeee13856b4d3b09f7537591fcd1b144157cb385121b969bfbb093e391e02ff4e8c5b3a81cb434cb3986b0718a736f81365cc3161cb3492cf931f15c7b89206fceef25ae983f157974e30bbad4dd3e48da
084b725224a4db837d6ddb189f30632737796eafcd5fe2491f91728e963b0e5934e36fc344c39fc09dbd869c023ebb282b3d6d7a7290be63548602313ef0e216da964cd027242afa204b3b1608701f8c2da6336f9b0dd82b3ec40c15d2bb9f9884f0eb3f72558ba6e625e951ca766f9310a79fe97ed6e31b
0f64aa9996294c20f1cd4641b4f1dd1f44ee95ef9c35f3b34b46c75a23053c4ad6a3128d1013a35dd739f9654528be73a5aa5512d1ffdba888f25b523d49c790a8aa61717b852a2983ba701860eaa1088777024ab5002f2fae0b2a230d0251bc8a8298e3caf9a46ceb05e440a9eadb66b0062819b169fcbc
30ea72ce324859b07885558c952cc83d85e47468fd4e0223d195a334d1e036fc533cc9ba1ab127cf782b1851c9176590d380f917f2611f391567a0281d971a9b2a0234a0604d22e3c8a2303bcdc8cf5ac78c70f4c89955df284c164ff44a8050103229bc22df8b792c3d010c6f9b867da1f1472c8cd1c77d
015c0d216dad3f9103953cea3e2995066e435b76ac4710eca04739ec27e02ea2555a8d0663722cb48a1a89bd840c84180f950523e39357b9c14a7f8e271e0d87408fff9020e0b46a35a4582986a0082e5c94c24a34459e87b547353a748f1b7f907090e32bc4111cce14a9a3b9fb9f68018631d3a622f294
29152f6c2c96d553fe05ab1ab72e7f2dd67e2631925d42b6a8d1cab9b62a1cb6c3c79f6d26106b4d0ad7a70ae82695eed922af3f31355640a5f1b9d0220e9a2fefe32ef1f5e6a4d33d223237e70cce9fa3a533705a1933f57896034daa8a4e4209400702e011854b572bc3dd368789d6f0561430316e17ca
0a9dbce8b6faa413ce272d89434a15191a14dbed0147e014b37c3c473f1134116d3a3ec7e613fbea18585f60b103532a7adf65841220213a7dfa3b5a1ca169bb1133432106fdf8c2d65d2600b8dd326c493ab2e228756fe76c151d34f419cda9a8830c38cc9489c9053665bf017e9695d155a1090381b513
059e84ef51f30393994852302a7c4a2ee8729266d1064054f3338a2be1941faa84bdc20408c07226c6bb0d85de3e42befa2f64cb2084f6017c75fe7519975a94fc3e2b715bda3741b1641b2de5e3a8d3f05c71f37833b22571df1c8c8ee72b97ceb1625fe34a6ce51a344fe4b0b4579fa15fa1a5d3f854bb
0eb0758e5e17fd329b57c37f02889d027a7f26a84736e234a0fbdba871a83f7b018f4feb4a727341c8cf65fdd41039f0c25390ac23a3ec0355e7e3c4234eb44f3d06353060831585b4338d369559560e5d2bc01809e3cdcd4fdf2e11965e860c2852b15ed9bb2ee74d35093c38f05cc952201824cba9c767
3adc74b283906c8065fbc7f99da200097db9e91cb660708d4aa9944b34e428a02f009866b182609051308299f70ddfbc760326104364caead47cdd951cbd0822bac94a820bfc69b43e216c14023dfd2b5c48f34de9bb350132c204c323e486b51ac26c6fffcea4452e2ad0baa7ca9e07c2b56c91b8e1a998
0603db4b34b3bd03c552cc8a3fb6653e001077e1974950fc5e65f3c583ef35ffa291de29ad438411aa8ed480c527295cb65079b442c9de166f726a4e3f4b7c4697f77a93c88cbb4e626a601a8a00b19c54c6f20de44fbb07b2dc054414f84ce0a682a3f034d54b9c6600e74547dd812f93c54c5b4600ca08
142777c48fa8ccd29f1bb3d016c7f009b7a41e28eafcf089ac571816f21602557293ce44e16393fc8a0a527f0238ac9d5df0661fb202652e95d6f8ad38371e98010b0761da5db223bf3cf734a754452e828bb27bc2fe65d7a99c2c41d48f11638e43b217ff3e7353801ef57c5aaeef53631784c6f2d54f61
1ff0083856911540c86459a6aad1ee380349c0e66cea2092981a9fbfb2e600f9721544c174f0c18b1f4119b1930bebbed872590af0227b25caf33dbc0b597c1c36acf551f3d35b6ce292ab17bae1f36a2310d3a11857526e411b341970282c35ad50c8bf6a941a0e0a28cadbe79283023124f94d48839cb7
022c6cecf0ee9182972efec858ea082dd1dc31efd29861335dd628e46b1c0f7b8557ddda0a00ac9b745d612477124702414e7f01c206f8686223152c2d9b975c1819f95123343c1494a4aa261e6215685c8fa0040d912110fbbd331669bbdc4b9ee2e653532543f4411503cc7146b2dc111b18f48abf94f2
0ba8a53581a41dd29e97411770812612442cf2d12e7aa2b8bb8f3eccc85c32490a8ab01385428970da260702631d8f0a0b2840fde2a2db781f6315b40c13a60037c1bca35a0e656111d7a706aa63dc41650f9192676b973cde9d3972705bc5d1d72392f9ea0190a5973ba2058d6109c4e03fc523064480c1
00000000000000000000000000000000000000000000026a16821c8e2fcc000000000000000000000000000000000000000000000000000000000000000000000000000000000000000000000000000000000000000000000000000000000000000000000000000000000000000000000000000000000000
3c887e1d7fc857f27419aec1dfc6ac340ca5ff8c573f910f1aa502ba6393216e45630838b3d33650a6c8cd4a6d27bfe5433b3ea463d7238f67f53a9d3209eb1b9667e551302e6a49ba34b30c2cf315f362d4a2cd7c221e3133b624d5d63e73c0c982301c99e133c3c604103bf92925f0f35fc5b5b6b22e59
3d0274de1c0cc203e6953ea22483c3314bf626d66fd73354bbd76b367fa81e8b9343e05986912cfae58664bc2f252db96cb93f6bd3cf2f101bcf05253da81db047691d71854c78d1f3f42a1e915d0e2db21100eb68fc996d29272778b4a9524c9560848281b2103747146de279af230c71b43cf321d54b58
02ffb263e2481f615618dd5947e55e1b12252832607810981bbb7797d0593b42acb82515d0a3306956d37cf9002cb4d35f5fb7dd22c032394a96a5a53f7917e3a6f4a9319f5660500b6f303c32ef58deb57da321fde79d53c0dc300934c20cdb4d4328953c2339e89d0317739a88efaca024c62bd88ef5b6
0298e963e5fc20620622a967551e9231a754e23001a0034961f623438f8e246c7cece3ae32512d513ad636c6a211d5f73c3d2436d1edd16456a6235c2c5a27568201d7d13abe88f8c673b6233d86ed6b2d3093353a552d21d9c80f9efab052028242e4921370dbb33610f40b5f1fb0e7f24e7f8e1eb70c27
0d9933a94e4035b07aa4fd2d7533d0156bda6d04511af21a22650caaeea537cd94d5ab287dd0c7c177bf30775e1ac1be71f4ef5982139679bfb77eea0129370de558ebc004c3f4a7bc5461056060e64e1abe618a8959bcc6521c0973fe1129a7eeb2ed36af78f57a783c3e71ab390e2ba05991400d7b371e
2d76bf2a675641f32249fe81076d86312c70174f4bbb33764bed99696cdb39d2b7572fc8b1d24f1848412f444d2f81ca5d7d57ccd2ffe233558b99822057a53ddc70d5c036f9de3457d1843a6dc7073de11ab1a76d2c07be0d25137c1566aaf7b9106222da9fa0f0f22c91781ddc3e72c298461147118cc6
0b4ab8c7fe20d731af040970510a230c54da825e391e223cbb635460ec1a3a6817d263cec0301bf2df8edfe07b3bfe3688c8b699f1fcbde396f5ea792b8b64b958a96110c73e8e9ac0796e0d95b6d21b2a57320be996c314cb4b1db0baeac1456a73e47c5aed165fe31b6ed470fb3ddbc3e55afdefa41ed2
0b84c766b0f62031ad19ad82aedb1d300084c8a826dd63309773b7c576fb0e664329c9064410853b9a0d5367b12eb49e407f2aae51be14e57841bd753226cd95a5fd4c6229fcd6eb29bbf623a8507bb4367e605aae2e5036e16c3f979f717f68e8a04a73df384e584b35d7166111d0c05152c4b4c44b02d8
2eddf8e632600833279e99c664dff6012086bbbe045d6215c0ae4681226c0fc66d2385dbe5a26f2b5fea5b0c090b7d4c53aaa03a90d5af8c956f00661db739061b22426300c7adea1f462f0cfaa8d349b8f0b119ce0ff7320c2b163b870a262b40b23365f2e4bdd0022e7aae3bc9dd1da247fdb08fa2d4ca
30fb3c5209c2dab3730f000692755535c47c5096bb6690b85e807d3116a114040cba323d702280edfd8934652903b505fd873747b122a4d6b727ff8406dba2a3a68277a3bd93b7c1e09eb713d12e67967d3492abe29c1daba57920b5b7dc63bc0183d28107b5f76c53038e28c7f4b0f1112fa375446e9683
3638fda9438b84605079e2f10e9f2a251c39167769b1e0d9d65bbe549aa738a4dfa4192bd5d3980807219671811b70bb6fd16311704b1405d6327a7204ad976ceeba0a42506c40b37c7710324b1a8d588183121d69276e7f645235cbe99039bd0763767039f1a36b0423590d65be6e3523cbbb0572f7fe92
2a5dd3d146b95ad28cccb9dacb54d50014a4c3bcca4f926032fd400361ad10f570979e05e941e29b9da4e8679235e55875b09de0c397b7f5cfc53ddb219196cea3f2d1f1ae68298d68ff5f1d60c2f2a63fe7f2b450f9fb36d7790f702a11a03844513873ddc830397d0c72ea8edd6f73039da894533f98f5
303179e870813211e230099475e5420e50a2c1911a4cd08f52f2203a6fcd0ed263e101388a1189e0e11cff3fa938d2a03455c7fd321a3af3d2c79cd52408ae21fc20e3a39ce0cb3b9ad338213b1691fb12f13072b1c3146f38be0e37a2b78e3033510646a236777f7d3323cb3fffa7a481613de3ab3596fb
3496b1ee6c87d8015958ce278d63d23a4d760b8f7fd420c95ef5ab9ae01108a6e577ed8818d241351b214501990de0dad2947477c3a1da4235966ea80524701c5d4c5921b4610f054570b43a5b192c76fe7d72552fead52eec420d1dffc0da35b8d2e0dfc393a992d01ec9d7c5e0201200fffd8a67038a84
3068afcc5e6d44733d22db8f215205262cb0bbf7ed7e10bc1b9b98aa56662f4a04fdbf062290e00bd129c9c6cc2e3b8c7d3b98b18139be84f33b943d28c5cb900c6d0653f32efe15700cc0218ba46731052c1034375e92b6810f1a9f18d3654f68d03319016d65c3b62a6411212bc8c9e3c50c975edec350
2b98e7afa23740f347c1361e39f10f234b1e37d5adeca0de92d5e981780423666a4373525602e2307960c2c5f50a12a278c3516610acbffc398d43d31034aa6bede0ab71034aa6bfe60ab3066170bcd201772011f9a706c8c1812a202710ec44384303e2fa6f7d7d7a2373e50079b9e07149368b90f66cbf
053e160d2ff51b104173db436ca744062381a3c07fdca0c19179a0ad39390388d2f46018c9b2118fc34e97d4e11c40cd9d2157a9302abdfd847e49383300f0897a81b1434a006e2a6307a20cd06eb3c59f30607765a60a3dca7023a7f969633fb8017a0c5e212af90835c22a93eaee9ec39ab1f82c4d87c4
1b601261fd3ff5d27916884d834a202a91386a168b5e421dfdb31fc44684198f47ddb75327337b79d6284c370928ccd0e025542d22fca778595ce28b0b87659adba610e28129bfcebde0a412eb3baa2f3758207fd4e1582adb012f72929127e254b129cd5d1e0c40c836d4f80e53db122020e0315549594f
2086ab1ff71b9053b46ae61865d80a32701274d56848225ee0c86b21d460010e13bad5cfd903c2b4483538acf635a98de7720869335872544349cd681389b4e43c369ca2e7f5d71869551b143b0c288234a8a0cadd994ad79a370d2a1211c87a83b252c3c717c63f4e26ec1dc4430fa1b203190aa70a4a80
07a159fb66b3f5c30d9e267a68bbda064c7c5d6e9c632241788421e1987e05a91065b6538ee2522105d4027739210e42c71ce0c182d159fe13feb2911d437eb6a5972a91188ac3be5575141cd9d0f1fc8fe3a0c339cf6bfdcbdc2600b1ee6d6df082ddf5099b7613860ae28c6959837600c355d7dc0d5ffd
1c3afcfeeb2c4953ab085911727d5e23d3b9d904d652207defaff4abc04026301cbb53f057f2df0fef55eb33b5240061f1a35e84a21b4b4cae9f8a561c3539f28b751a036b4db09ba16f41223aecb24e737c314748b57e47aaea33bb8032d8f457100d0484848bce6216b92db9d0ed474129680b5f26e30a
3098249fa97fdd1047582004d1d94f3678c493c13d4d9335fbf042bf514809141e0dd9937590f9d3201ba7178a16a8fcf20f9c4473d8d2b8292943f12d77acdf4f9b64928f6efc6d5cec77268f4e3d10913cf29c08fda61d32d8398bc48bfa4d9e321510cc9d18aa240d5c21020b46c613bbbd634c2725d3
261934d713c1a3a25bd79e92d83ed80fc12c02527006c3243abc890107fb24b84c59bff674c1b6f0e92129272804b0a4caf4e8cc31044e3405b4e07538cedb7155992690032b8947d8a5f602e80ca48574aa218f5032503b8adf161ba3da51e2b8a0a660dd18c7a21e3b7204c29bf1cc734f7468cca93aba
04cbda0527b88a11fa126682d3d1e212df378ae65f3a11116bc3b950e4fa22ed13db98a075f24a872c5c1e610c3247ec1002b00e90ba5e0fc4da230b212235b26a08b5f2c02ed5c675384b1d59d7bc517b4d40f1eb30b29991ec1db3dbf5916738b1b40d8158f8139a292c09868504bcd1a30dd8477753c3
2d99fba9370695b06387dcdc698d30356cf66bdb2a7dc284ddd21dc5807a030948d92e489121cad4c00d5ee0fe1d9e045dd2632e121cbf3b27f5e20f0de4f4eb0e84b5a2a0a0f2024b8038116e308dd7db7d33a0cf41c63f05fe26a1dcacc6f041a24e428c083978e634a42345c84f3f8096c4caac1f0dc5
35809668e2c53e431551c2547c49f036217d9a32e7d650705fdd8c10fa91331120527df051e1c201618cc66a9608ed474257ff85e1d9c184f7587eec291ad1da65d998023e6305478ac477119c180966dd9532942df8f947cac62ae2f07e688d10c35746467360d604379b0c2f57b49790850b61f9ded2a6
2edcc30558f2551115f6ada30e943311f04d6c256d4891fd2382611ab0800813700479f839a0c89449cf8c8376109e2f3194db841165b8ba06861b680d2c0c9a77938f00ed38526ddf182b3deb4d382e8cbcf02ec48a21a151b11b44eac25ab006125d1f9b4dab137e056f3dba29c30480bf3f0a46c34aeb
3c2270826f7d9052ff512e8fd133b41be1e22c920136f292ec4307c05fa61481de69e025d4f1249149aca5bb6f254d10caf573036367ac4c03ba573c1b6a32ab55b207424c20da50d0bc8533d4bb15fdf3f4e1e5b4f26b449baf315e79115aab30a0e7996a5112fdab31a165a5621dc2d3ce067044c36c85
1bb45457c80820d07bf5558a076e91250037499fdb1ce0df43b00e9f03970bff38366dca3300d1822923931db23f6ac759d19c49f2c4e9e94a0e54881b0784c444d144e0127dc4e77489a833f5c79dfb82fd91912ffc7c8765010291cc1bb2909c93ca2b9be260bcde25c54e88ee9a6511124e940c886c73
33599bc0a3e6b69377c61cb894e25b35b24c0069062be2ac9f1163c68d8a26cce3e58472a8a0a93b1d22021838016946aea15cec50ff587ff0f2e0111a3d483e581da421052f4c8df49c64102071605fc7b5c1926af082838ffc05491944541c3ca1e0c81ee919da48378c5693b9adcc51ba003df3cb535a
3198c06abf5a9a1104240a3a85a2e51e131ac0edb3b0d17b04e8dadd47530010b0d978cdb9208ee5898be589f8073e914eff962bf2c1efef56e070673d1ce3ae5ae0156022d5bf6707dada334f24d9c06bc8813849fca8ff1e9f0714c6a8344388b02c0eed0198ff3d07e89bb2e7f3a50364bf9813dfe6b6
2b16a50106651671bb736257c23dd03ea59a0f8b5222028ce3c19c268d811a7011c259cada03c4471a09738197313e6c4f5e1b1da0d134acb9d9af8538e0da04fe0943a222e1b3c3f485490e4831e33738e4702fc20cb11e0d3b21628b3551c94bb08bca5e0ec26c0004ef12299d24b5b3066f39739e1f09
114322ba47d797c2874644290a04151aae738b4c2041000714d70c31fa312a9d7815764cf0012ae37c7b122bf20ee9c8d7bf4f0d224355c6cec6e7e123e4fad16de96ad36f941332a379ec0feb84d5e6d1aa22bc7bb549f566100d9932254d3042f30384e3d6c4383227a661ae66db20a251eac4fd227527
3b4b902e567bee7189b3f6de0d431419fa9b2231078283481d2d0027cd46365e23767b16dbe35410b0e3c74174022329f43f82d5f1e238884b52ac280b73e8e03b39a3d2bf8bd32cc7a8cf22ec0ad5db5d99d1dbceeb63d78ddc1730247f25656da1b0d01ff045eb88125b8b8b3b0148839432dd1df50b73
3c0d4c6fe414aaa04314c75b29e4ef17a95ecc29402880ca9a3c311662082656491e291b9810bf524ad89fdd5506516a8c6c92562094a7008be4cf1326f227ab7f9ce3a0ad490d3c049eef2455dba32cb7e0c2ff7b494683b33a2fc505274f52fa52efe968f2f1120b22946f3eff6b4290a6e789240a36b6
2de10a39aa7675533ac0e71e3faf210d60390dd50894225725cb57ae6d4021f9fffeb0d1fc30ee4228851caefd2cd5f4e88a2f50034b4697ff9a245b214cf89585e188a17b78eca265ce793eca8fcc7802d3638a09496805b17b0d5c31c1e7d26b5040a3f4016b32c7036f8fb3d51bbac13a2c3d2abc5ef9
1a7bbd6783f1d00053177444d14a2c3622c8e026d602a2fcfb0419fd869d04cc14565e62384014e1f0d51f6f981c7247d636a157b043386b89f30c0535ed3dbaea4d5c902708c961b6d2c41e05599e1de3bdc3345102a7d2cc37110c4dcb4e93f3e268d821c820d1590946c0ffb6b174b2d7066d23d610e6
0385cd8f25e024f2db57355c269eab1fe52ade1478b092a91f3b6ebb86ad38f2451190c179f0b2af8a389414f81b1b1025e9a620429c2370ecb7e5122b8d2b97c7c1e513921bd1ac4da5a02f9fcb56ad3d5783987e92556093362e4125a6babb4b5162c70f4285aa7c08236bab80d57c32dc2523efd65313
3ec3e7e3ea694f62982efc4e3dad1a061d9d377b136f2169848f801fcbd02de041acc713f1e3b625b6ccbd64ac0ca18e36dc4ddb80fe46208e7bce0a1d38e0e29b3792e24ad0da7f8f78e511d04c785bebdf41b4ca62e395c2291bd6cf83af4ceaf25bdcc64427109a1492883efbdc976020cf20bad07e61
2386f7689900bd614520641c925be414262801e940910329082449a37d6301106c3fbb505cc14b77315dea66db1a2e3cffa259ac927489f659747c8d360d8f72486044119c44489778fbb62aa05f58c0d53dc27c2de698c9e3831e4c600ae974f8e1116a3f1b2deb120cb4e13570981d701e5c56e7b3195e
28a6ab385861d163cb64ff76fe6bf627d5eecaffb02c901d1c216bda293220222d706dbc90c049e8aaa66845be34636724e8999b60e9555fc82bdefb3b4c737bae624aa00da4c914265d3e13cb94cd7ecc3b21b4a3769412bdee3d0561bfcd338a72eb53dd180848a70e47b1067186208355c6814127961c
2943ddc354f1c9f1d6133dedcd9f2616b0c1bec45b56c04c031bf00e4d4510e8848048bdd081ad7325a53d64760311ce8f15bd08720b47c7b8fc032b318dd851813882e3e5f3b4d6b81bfc1b19bbc5e77e44427123a1aa2661b7323dd043cf27aa33b1cb30ef6126a12dc8168c83421d62a4385558e2dc95
31044345406df4706ac79dbebd2d4604ac07810cf3d63240cd87728524a33d60b6bf2d1fa7f0194bb497743543035273ef237c10f246e40c91b0a6c3030ea214b510e06047b24aa123da8a2517b848d268bf41d2222d454ecfd118c870c443a55bd206ca90272b957035e6b8af66ec7ed232d30d4958c5c2
3d45ac6a0d4fa871f181f135f1ac311646e43bca765433951d197ee949c43317714484907332d3b6f336ee6acb24a19a25a880d1e2f2bb7d28dfa1062941c88e757bbae2e7125d557e4a4d27759209113914006b7f2e04daf13d29921f1f1e6debf2f02865007bb1cc3d15ab288e7e3c73e386de56f3c6f9
38c14dfec993fca12d15124759d3113efa33a6be231140bb386f780924650e904185caaa4302e433c5d1ec0c2f08e73388c4d66a407febd15d7479e92e7a86770eac24b29258c8ff62745f052e3cf3a74c2e50b9867c4b8ac9c7225313f8a34eafb14b29ba31b5798b2a379b0f511b18e2f76609082bf1f8
28eb971b234649a2570d8fa9d89b3f05062f208c2ba85376fc050516a27c3e5f55d653ece8b29de6fbe953de6d0abd8537902902c15e10e1879c3d470215fcf68bc18d10df29e73b0a96fd31157f6f6d8e897234729829a87eaa1a33e7efc872b6b142e8e9f58bcc7a049609d26750198375d9f5e83c13d8
18868efcdab15720eaa4829519b161307d4f523e5b8473588bb51537dd9a1414341855ee7d0048a65271724ee51dbc70f0a1cf12732e05e92f2e7f8200a9d36bf3379d505e029d6824587e2d6f77bfb6ea43e22b82cdbb29441b34a34508bbdc8160cae54d480f012c06e91795215ae0c03230b54a02044c
2305e3af317f3d62ee8f0dec8f3f971162206940f82e103045af914cea2c36fd5a9c10ef9a7013cb43f7d026950a05b3da824532b3112d027688e8b70eefaa25758155f3bf814a9e31a065321c3da2822d9b536d8bccc86cd5a6130d7294dd435390cf5a5e67c8b9d330fb8324fa63d442a169b32635da16
11c691060ea63833dd392c035547d0218f36d8e816a673b7ddc61b077214290a69851439fba249bc7b26db01371c4486f796d58512148cfa8e678c151dfc08e931b704c0a99bb786779c2723d24785e96afa932bfcff1ed3b85724e2c0edfd70a2835d967253e7c2a1321c35dde0f17b60f181773fada500
3a5c726ac4f9d5e36994e821aec27016e86bce64b4d133a38dcf9091515310b23c9eb2838613363c28ac77a8a437287ac4448940c11024e737805c270e3e6436bae9fc114b33d5431d81be1caea2ed56223bb178129906cfebd63265482951d688925d322adefb539320bdf4f5f5345b43cf71505ae7847d
2d935593ac918ac3f1c4e4f2aa381e2f3026bd85d348a1270635747c561821ede98a4c15b1a184994cc0bebbd11308bfa13d443283b5411a775473cb088c40160f508a90ac4b1fee8fe90b159a44bef01f0a0355d6f19d80cdf818b75b4c0f3778329ecf316f2725f20ed32eccb9684542aef633a0623a15
39b1146cf44b587263f4056e0a5fd334e3a63b99200ed091edab71fbb24e1aecc1f21aa75202926c0d6112225224fec825f132e0301d4ad90a0c39241058826403c7f2e089b1b56757c2e9374a54fcdb5a1f0333f1e9ce9d77c129cfac7d6fac25e0bcb0296d7ce26129f031fd800430935b7560ae9846af
2e9a4e4454f8d530cdfac030232aa411c6f9fb7f0a57c2e542edc4f6cfbc0691818430362d827b9cc202e2cea139840fc6c879c4001ddb32fb3362b00205d20118bb32203cbfa27a2af2703d784af148fb7ba3bcf7e64fabbaf3141689565a76f6e16e5ecf920bf08f24de8c1d7a9f5ad2dc12cbe5e87b26
0c6d135efa9dea82fdf8f4901e5cf53e4a70ae5c39f3919c815a9b0d6cbc280afbabcff715b1319d63246896571eeb112f13201dc1b052a772a25c9d1a2908d4706c09c1d15439391aa1e32face676c2e288e2ca743b32d93a503618e0ada0984241d9530c3a9cfcc4360c84adccd43261c990acaafefebd
093ba17e7df48c8305f5b2955697312ed4f0dcf72db8507ab594518fa302244671c28231b321973a963f23c65e3880d83a916f323357fe4d2e1895d710afba287606b7f2b1f9162f7455f735128c06589cf74013e2f189f695d71d3477dc8cce58510fcec8dc6996cd06d264d945001ca247ba897ebedf11
2f91e99aa6d396224c9b6cb7d42b363014fa3c707545f1c4a103706c95700394d8416bc07780f82a438c5d7a793522139da4b94252c9ebac6674182a10cc3d4b058659a2abfb3ffeac2db31741d0b890623221e8a7b44e6930d639c4a5cd195392c1c1f755a09b7bcc3661b5c2fa8a4e81f209853cc5474a
2e3ed690d39cc86099f847158629f63d06d791d3ac4592820e31b9baa4d82cebf748d4bb8eb2d99bb032ba6f042e61c06230a9d8c276b52a8b4181e826556b549aaf5a72d5932d5a35895e39ca169464b0bbb38ac1ffe7c4e0d42fd152bd52b9d86035afba539478e922d3347f65147e409c364b0d2455ce
390be9cb42950cd1d4255056d7359a2741668dc3108511e6b176ab4bfeae2a3a49e930407db0a57a00172c68480dce8aa86a9e67105069a0f153cce00c4e48142e6b8012646fa7e9a87e4e3ab9f2d249abeee00f6199e3a41b7f3f52b36a67bb19a09574a4f1c969111ea4939e758f34e23bebf7412a5505
037f11bf902f85016fa797d272d39f2229069d5ea65232c37943d5b2de2e2addc7c5b41ecdb101eefaa2c6ade1167503e7e39b77f28e6703a105bf991bfb744cf43e2592110e45e5685d4e2c48c8477f16bbe1f998ba2172dcf816679e00aef06a33cdf037a38097ac3fed4ce9c7bd88337754e554f215f3
3c0bbd75a72c0822299a286152b618118bd68805e762b180b323b8d3d45e050274b1db57cfe0a435274f665f592d000a1a20486d803d3cf921a6117e022c9266a12cee0039f7e41092f756074a8c484609f201641cabdbc6633303353f26730cbe0015adc89a66918a0bb3fbb9c8fa34e00a5e7dd307b74e
3cc71d5abfd4ec507849cce317c00535535848d2254bf33cfda6255ffa5700ba467267d9ecd34913979e4373ae33f14b8239f3ff819c5e0e403c81920a21c89b066bd293dc4252cddbc4cf23f65abe90318c101ddf1fbdd4c0e0383c4e18b3ce1952d39dc193b0a65434b6978605ed9e12cbdef5c93ea107
23234c7d93bbcf52b5851f70508a60386569c916523ce340afb9548cf05d15bef16aa96c9ea03fb4184e54716e0840672661bd7d2088e9c05d4b01693f83f523d08fa4e22a65950b065b8a25dfa32745d777814b6083826f727b0b6e5cb0688846e3b70f01bece4dd121ff19000fb600f35fb34379ae5d1c
11a4ca7a291d16c3e84feaceb02d730f4cc472995bdf62468297a7e6b9f9087e5d77d3573133451023864957450e42df1cc92352924ade4d92a432590e90151322948501ad3eb16b39a3a71e47478a316e1271f4c582c18c049b3ed01330d066e7c232b8459c64d1733b694d33d3b573a0bd300de9b91901
05ade674a8bb423130e08f643decf13beba554a6d43d1039c59b3c7c969f34d43a9144730a410f83a2a02e9eec208905accd5a2e53203740b21e08142ca8499516afbf60c6e4e3f56f4cf00ab615ecc1d99502ce681e970cc16e2696c2f8c9eae6805aa5ccb2ddde9426c603da64336600e1602f977f265b
28441ada57ba7140458b5eea69717f3ae12d9d321fbff346a5c149d8a0843d5f02873a196e30c42bbd0e0ac7e6251345817b75ec30da53f404b415033424f0c0a3233d01969be9297083882c519c20f5c61940b7389dc26ed7ed28f60d118d67dde05d2d0f4306714f3f8fb1d31411dba12e298d9d0a7809
2f4d0f6069014071e12cdc1230fbdb09ad57c12cb201d16fab076ec7e8d22a123a76037744c0efc302cc8754cb355380d22a3f37e3e9b615b77c741c146fa597fd0a26104303d46e9091740e7dc14b5013d691e6e9b16d40a3e110ef597fed0d23205af817dd68d1982e38c67f0681f4c0bb714c93f962e5
01c809170eac80731cdb7849ce1d9b1fd16a0d8bfa9d52ff8adf8f6d00721859cf5c0589c59099a23a570fdeff3065d56cd8d864919170b954ccefeb130a8a00814a6091aebf69927870150ed310d2984429e1da3d2732a6174907c08f3c835b2fd342336d42649faf297ee846c997e32363c43ac8e0ce6c
1ead610df731c55325383cbe26b6762d1a0151a71642a28ac5bd0032426836d004af2152a1c30b20d7377e37460ab872d9b3d5937357cf1f9c4b9dfe23079ccec6677b3355eae287bc0fa22c7db8f80586eab289f5641d100fb334ac6639c47398f17a0d510c2150601197382a9dc94cc3fffd39ef05c165
18a250e8f4fdd9b0ae3f5466f909153f0ffe85ffb4cf3338e76af24c477619fecc60cdcb33638a1e7433bee8fc341a08aa0e26a783253bf20e39ef3304695f4e0301d8f3ce19a4aad8d809146f7a404d1c4fd03f8948625bba44167497294c2dd9632da4dc75f0e8460aa0cab62a68d1332eeeb437a94ce4
25235f61d83f4e83ba984d0818cce0265b4bc10f9043e012ac1ffe84d7392b34df88966a04f09e9d8685bc0ffc3d164b250ed338c003a477748a3e1113838838d3c52cc187b248bbc2d9113f743eb90e0a5e0341d81a90362ec53ac402f6e3e86ee2e95ef50e2410941a76a83c8a75c212de99747da0a620
380c9479c36a7c93bef7e04675217d1f2712d48d7d24c0f4d69420ec37f21998b02f18ca036322fa30aed3346912d0226b5b826a311336811a6565711e3d04acecd7f3f2c5d4cc1037c44c08b38b785bf7de63397ed5af2b906f2fcb7890bd6d46f2e7c722a3d47ac4375e3920b7e67002f4cd4acd30b182
0919586509ed27b28dbb39b045b5803cd048a1908261729908ac77abd0962e49b9bfafa385c0a43671d221ecb311fba4ea5e02a6121f4325907eb1d80200e5041ca44403dba1ea6bd5eda42c20373007f90d913b26391333a706104225a9d4fe43b2ddaf670378dbbe2dc88796b83de62003ae8b70710f2a
1ffc0db258b0ab23dabc93626341263ece83839c72ecc0943a207cb7b83418038e5295e336a145db6e8f518f2504893b824a0efb402ab97b0cb4c4180969ee6a532718a25a7dfaadec0dde378ec51637af043344ef0f0f3745b22cf1d79b0f2da900b180d5526a78e125b03d722d62a450565e41c1d1830e
233d0ecece3bf9c374337156fbe0380fda9cf5ba624ee0962c96994ef75309d4488e436af752a964f1c40c8767278a0ff47bdb4642abb3c7389d9dcc36d4ed6cf886ca012026f2ef17b8041a050ff45a21d0c2b85c42e57e68883cda61f748bb2f61ecf8f74ff5ea0011baad6eaef39033a00f712d6aa935
014dbab2a11a7241ee93a0b350af590ad8ad61d3ea9f108d713a8d0d066d29978463ce4fa3522162c91e907bad37c2cb898b07b752fc6256aa0be9db1c3d418b723dae51ec74ecb71f48e5274f651a9501a650ddec62ae111b2b2504e589591beba142299e767925ce2ae18490a23632f3812c0c5f771b59
0df8ef1f416d948074064f97b98ca62a10bbc7906847f376eea3f1353fef0b22657c2d886ca220a8859d17d36006b56bff147f5fb309cb1044366b9512992a7b71959d42077cb77092081e0c1aa57f0454e63298faa2336cfe1f206941bf0ff73ce0964da5842b1fe52c3a213f34ff5f9380114e96c78f69
239694aceaad93120387ebfe7acfca391877d0ac2f13a262b9c09bb6884d0702ebe986582463054e6bc059df9920061539c2034460816cd5d4ecb72037f90b282215b8f3e271c105b2e1e22d6ebb34cc2b78d14459a10c13c15604b28f00bdd30522311fb8b53ee3763b92e5232a28d1f163840f74318675
3371951bde929bd2e18fc646f779372ef1232e59bb6700ecfb1a0d7171d512bc4aa5a1929482909181f6845f523ecc0330a9dd1091facd0985390a7623d013debf6d1ef3df7ff9b2342e811bd4a70f84309410da4cd43ce3e5412891ed35c6015f6317a5dac6962b30240c7cf6abe5fe83a52e6e00221969
3878d8e9a686d2b36b349f279467650b5348ee278142d16ed8094e40f0a60528d41547decde0d0cae693eb24a125201d1778d35493215700842db5a5120434f5d0482760638160cb517da21d3743a33719f4029d482b5b76364d2891a65e02c0ca219124fd37320ab22cc70518da85e2b28df81c808937ea
34b61109560d491398d382333bada2279aaf1544f321f0ca3220f720fe050d264a02db6ab6111c051530949d6d0224622684e596c32651ce9ebd0f1839663f8b049906d03581e9ddfb2ef22daa05bdaccb73e1e4656f0a301a451300fd8c5924ee51b709187819c2fc34e0eeca07658eb15d2161a4ca48da
276a07debf7e9290adb989ac2f968f08c032590a6949821ade78b121b06e15e6a0caf7c8d6a3324b377a6a70a333737b34adb0d1f1eac5ac55d5b4c7214009812d558fb05e289fd4788791087b6fb18037d52248d851b6bd66a7227910bc614d02004c46a534023cf339eaf1e8f1ac86f158e317b77ec1e6
2445be0514396b236001316b42f9ff26ff0d4740bf3283289d37e0bb435c34a47281654edcb301c571384d7f5a3502d43bfda99a91cdaa2dcb92a69c08856e2f968d7442627a2019855bdf2338d37dbaef6bf37fafdcb8df06593dea4c0035aafd60b52d428ff4f6a80d2c51d277c883025bddfa426b9106
181b7957d0f9e003340f200326055d149643c018e9b3b399133f13cf96b626cbbafa6f994b80850d237e6d57e3327fa068613395126d90f6d850b19308cbdbd4f6fe9ad17bf805a08950a53f59bc5c053f155345a2c4a7cb83ff1e60bf636295249165c813df8bee61318b37a22efa9683e5dd883b846826
3141ee73941fd2e0c69d205abbb96410c45de7e583d8b373dca19d924dad0fccb7fbf04c80f3c842b2f5053c2d0228fedbace46220fb170586b145873de9f594caf571002e65636f74633a3a00124a09e70f20ec5226f698a2a6187a0d0bf3658d93a0f6ea8362dbe60b484f28fc47ca02e15d31911e6ab3
0e28a52775224ff0631bc114e4888b177a83edf3b1da50be0c3b1a3fe30c0b590c9a7c8bba6106157b6d8287fe3a61b3ddb8734430ab61b51300032a08a8e082483b7380db3896d5b723be263889793a11885087b4b5927e1284358e28d4369a5263858485a7be23380a0de67bebfd1bd019ac6eefcfd8e9
1324a7630814bfa149e1b4339fc23019f880baf286eae2d5f1496ff780bb14d180049b610bc313403afa9b69040eac578d5ed51513cd35ea42a69a9f392c28278e4b5852ae2a9457ae75fb234f3f06202cf8d322ae21017e3c750441711b5fa692c25f12be2b8170f02c7c16fbf94928c3686179efe6319a
35c5a494974318d2e0b430928f3bae1fbd1025e7068e12654fca615bacb50e917754b40487400e6b895466dc4a059713bff2eb76b2829c8b5572d0d21843a038899205722fecdccc4b1e3909269095910a6522df75857782e71616b3b39799803071ba104ffcf48fe43ef7b8640885a45136450cc99cdf74
1071673a768467437187263975198112fd7354beeaa0a2d9b7d45bf956711d5172b8a74b8c42d573b4d4c6adba06335bf0453e8dc24ff507d0f358410c643eb2b4443b6292922b7d0b0d2602bd7dcb5a921930537ea74cd9227629b96a29667eb0f0a43ca6d3bee94f02b533c8940c76f09e40199324c5fd
3e57da03656b1682d3aa9f5a818d3b15e6baaac5abea51c920bc94e0aad33ff79f43e0c771f0ae3cbec638b0951758e700ca6444624d4176494f0e7f15ad3d0a2a502bd3bc4fe8c748126705d84bfbd30c4b819421a9b86003162025bd87cf1ed4939b743d75d2a5ae196717ae4a8eadd32a32b2a67fcc2f
153156127088d623fcec000dd6ee900cc912cd0bc1a16209b215b8631c910c6b7ef500bc3491ee75027876d2b82a649c23c50401b2beb2a91c9b763c034a4e369aed60b00ed11c09d5d4661c1b2d8e26e26561a566ccfd32db7f1c592398bbf911b2f2d14ecedc6bea3012d420d01245c0f2853bad2ca3e7
0dcb9d4ce9414d504b820b9e3c64f12d107f890b22c651195c631cdc8b5816a673416eff8921abc25766074773051790fb348863223457da652556cc3d52234bf46d35e1aaf83e03978a2f2d0d33e64b476aa3bbce241acab666363d1cb4b0290f23b20ea44ec2bd0f2d051e6d8be459c05f1ac7c73b808a
2ba9c499bc42e72361897046406de83fbc87cac9b1379177063c1b2b3b371f57f63efdf6f2727cf26add789b7014bc6aba7859b4a2066ac21cbced8c35a5247a1d2202b3b3d110d4cd7a551955cf05b0d97eb2fe6d478a23e8ec1120325876ee1a113d1f01de3c28fa2677a57ffe42e162f22f35cda55728
26ce22feeb22ee0261f620512eec360babb24655b27cb08a13548bad76fb25946553c06c3d006b22f3b1c3829c12cbef587c1ccd53557df7df4ca12e1ee6cb5d8f85ee83703f3aeb6f887b04da90714ae11722416e2bb51ddb430227995bbede62a0f674813c87607f230d02956a10a6820e402badd79763
3a70a593c5154690e199f744d6d04a02411944fe99b9c3b284c692aca59101a1d1650d55e770a8340e2b5a24160cee588b1c2af513c46eb33e9ea86d3b1ddfa3af25aff22b51c2b414623d2be7eb7e48a95380d80da47e8cd6742dc466837a1986b115633cbbc435c129b4e6a64a448f80f9ca9aace3aef9
398b6d82a7a3033046ae0aeb241707375a1d67cdc1ef2390550e03eb03f12dcac5316ab793405fd09bbe6f81c91537f7b280522902f2a1288f12ac392698b9c71a164d724e6b6f2eb10059038c406ba86a42121e834a8949d6be00e372794f1b958261ead3fb7a89641d63a2e08b67d8402ae14fc5de47a1
16a8ddfc31c566e3df3908a98e7ca92a9741d9c5097e01cf0b9644861d6316c9142bc53e9591108427971749863347de3d070968931fc25d1bb70eea38263fa8f1bb49a080cd99d11e9cf61f1d81d01aa8cca3024a6a6ae025122c2d258e64c05690fb07a67dc8754b3c17e9ad37a08ab38540a9ea51089a
133170848e636f41f6402096c8284d2dfad4b31b251b6105430cdc0717f4010b7538e96c2183c609d4af30dc5b02981c7dc408a3b3e3339ee9680f760603bfe1e29c4dd3fa486b84c1566224bf4704c5b22fe110a8bdd0ef18e13af2e36bc9e15b52bbd0c8aac731c21c6f3734e5ebb65036da22ae6448e5
009eb55192dc82209077ff4063edf43fc74a3c0172c102dbad0ab62b57a32b4ea2b9d6b23390587bbd7cb5da032e1b25d9d4ec3541f5f4dbcc1d12351b84cfadad5c6b00ef376e7146b1502ed38f371ed1db7156a33f3fadd8380245e17968ef75027c77da3eddce100d233df467c828b1d8fc4af0711ece
21cde34632259d43bcdfa78fb91711223873bf31780d839796be3be3657231c24c4313fb10317fdb20e12e81b32b82a41b2807713228f534977b3ea13a7a229b9e21ce133b90275ee9f3e421e921aedbbfafe365aaa1eaa8903d0c4155660388baa0577d1738ab515a09ad45aedb2e82b03947857ea891a0
1d9b9bdfac5ed9604170b34efa411d2718b7cf1f819e029c8db29baaf28127c4056edfe2c813c18a3f4a56bccd171a75a4f0219692a5bc10ac9e1d440af3aa5b11b53843f7368852968dee25776407751330b2e82b506a51babd2466d47ac0248980c23c7847348784166b1ffb3ca06df0f17411cd1815be
07a3702f8c994fc3a19f2630c8107b312ae95a3819d8b153b31ec5399fa700b32417c0be53a03b819723d8040211cc0e7698938a103e8b8f4810c24a3248ea9cebf9c5e34479074979dccc2805c297227f97d26dc967384b24020578f07e29474623e9fc45fc5cf2c51508520450116b808257061ac79681
047928a63bef71b06da81b50b136c11654a19d1c59ef12ffdfbedde45eb21dc4918042e16e03eaabe0b038df942d81924b181ec39031030ec491b9d12be358f60c5f3ab0558463d9325537363237be911e7141cd54b49f9098a5203b39fd3755b49305b48e249591b3061b4009d9016e33e8fd753f33ac16
02c4fbec06d200003a9795617d481f38d0c2aed77c2c3129d7e36eda74083714d9e5dfff189055d6a18622050601b2935433b01c22be68132715e66121c19b9af999ec4340a7ddbd924f28195c9bb0d8fef59264917c0bf488b80208a539ba1f0fb01aa3f70a4fe2cf1a0513c091329120cc8dece598127f
1ef4e452d9a730d0658b5ac8ecc0f005f9bb5b4a3f3e42a129a2ccee5c490bbc78d5390887e2dced3ea9e107d307e789ee1465f81358c287daeee1101058b08abe2a0762a26948fc1973b9000b1b7774377252656504dceaad4638c7385ee821ae320122b434532f470b6843d2f9254b42e7d9681bfcd97a
2ede48798a9418d25f813f8f117f2c10d895ca1b7b6eb0aeb1b9030c8ec138345252781aa552d2664d55ce364e0efe3579429cc140576bf632caa03a31899de83888ba8312563844bb657601af86f3d58980e1b725008905b2170617dad3bd126a90dd73b7e1409c8b1fc0e075aba2daa15bf84ce4a46cd1
1af3b3dcf70e6cf0bab8630db85d6b0767b281f065ca71d1a3ae3d63e05a01576e654f790a509ed63cff1bd45f00a94529c6b7db703aa3d8a82f538819eb2c8937007ff2e705f79d4c8dd83f1e2ac30a5aacd3bd4e9c72b42af729e8ba3859174a71a1923c22bf91cb3b86a4d3e9541393a46129da02c59d
3e1e24e8328679232d67bd2cbcb42e3eacc85eb0503753330193139e45a937525d0bc6bdb2c3de0480b195d3fc2389aa266a88e5a197c89291999cf834eda0197daa31a09ecba5ed29317a0d385c7b43aee983a7ec36e4838d5d2ea4ded9c1bc4c83f26787d94178d22650b7fc31a1ac6227d56ae2921d03
3015932776b23cb2e353893eca7b6c1e6b84dec544fcd01f35d29034723834fbd43db80330d209f45234cdf3f23ffabacbabcd5863a1e2f307d0f6cb021b70c68ef475f3399cac379f4c8002866e5274788ea18d913916ae7a2c23288f25a45854804d00605ebd10ca30916a85de7afd5179d8684822c22f
220e31dfb1e6e6f3ceedb763c54d7e21fcd32191903fc28bbf3ebbc9ab522a6a453fa4355b92012357ccc182ff0f0d3f578e805a0178fae25d9332e42afb65c14598cd9367e38f48724d7e23916b31e02e0d41b1d80a86583cd73180455d72c2d8831ae7d9fa5d97dc0dadf88411b540d0df65841242fca1
161fc7debcb6d530120e55220e014928e34309a489f8d0ff4bd0ed9c38491a9fafad6c91be01330d29322096ba1b431162e63dc360a56a3536ca689807052a5069c7b6f27f49e7c9edfab10274e425af2dcd424c75cae64ddacf25dc8d4e2004e2f206facd4e3640180d3b557109f894c18b503dc93f3c59
32edb551ab080c6044d8f74247bbf409888c38fd588a724bb1dba8e0b0011ebcf87d144a0bc3a96ba014b4edc135cdc0bfb6933e63d5ffa4f91b990a0fe1f4d740540e609a938817fdfbf50df81d3bfb4f6031122f5b0f2b3dde1f7d9d2012056e51630552c2c269821c7d6338c50330418df64740d1e533
3446b90f894616623b533a3707dd4f393ce3a5c3f5376349a0db392291d22a7f104ab52cac72a70c25e83690383f45934925e4550218f690b03573a604f31a39c679a3320a3a395521137b1107db7e0d13a39358bf15ee1293c13ece9c924f175f5301d59da633ad7c1beb1dc70a7d35016375a02cc8e5d7
000000000000000000000000000000000000000000000000000000000000000000000000000000000000000000000000000000000000000000000000000000000000000000000000000000000000000000000000000000000000000000000000000000000000000000000000000000000000000000000000
337b0bc0fb953c72e6ea4c74c2a42d1fd8798547222442aac905b727ad6b264e35fe2b66d5b07259b93f5fab6f07f5de4a175f21100aad965aa6d75c119fbeadd9064f626e059635acb7bc3e29ad10ae5c6f012c90f7e04389070c750f0cc2c7c6f2fabf76b2169a7d3bbed4dc65b86eb1da6de45cc470cd
2f5cb3cc28e3064271386229c5bea104cdf5fca96da7d379b4ebfdcd543f3f550fb32bdf9be193b3e3bf02b2ff19c5aa423b065a913233cd657075231c2a085f84540da2ece6a139566be92c48f3ca17d570e11fd7770068922239f6cecfb855bfd263ec5e4ca9085518b34a13b8589db3b6758c13c1236e
23ea62abd63bb4333285982d7c984b19f49b706ba51cf127273ee70b3aae3f24006fd8a4990363e76aca8bf5d711ba71f6a5316c31a726cdd22ba4a9166663200c9331a3ff3cc33a64d5c52c184e077e8f8fa23eb8eede99656a34b3f04060d9a0b081646fb5b193441cf40be6ad77b5939dbaf1c6d99d19
004b98ff9e17d6f0d63420e867977f1b9bad7c7436a011ac6fc5d98f083635bbbc5c38408013f30042a7e604b901a81496f2c4d5729f3a43406ba6631ad475520b1d5a5082fe08808f094a04214156adc3e392153693fb3acbe91002f84060acde236768e692850b2d06c03da14f15aec3d70930488a83c6
107be92f95546ad1d244de83f8933b2b220938af6198a37c228ec338a5ea2c94a562d3ca4ec3aa2176a0f0bc911f96c4c898078310c53549156bda1d28c8f3734e044190ecd60470c185a62b7f9de417cf6cf24b0b18d2a4701e38c63960ed77dcd1bfe1f8186b129c23ba446acfe0d4e1ce9705e22f0039
15f1209dcbcff113d295fc96b1d044275babaee25f67a0a8ba1f30dd11250eee989476e7438018f2971181de6a0e8fef44bb77ff9029f9f80bdf01a506e314e8ff311a208c12159c15974a39e9b9a11b0aba10c4ffdf043acb660edf26833e99beb0acfcc74854885c1801c5bee68674e24d894bf367d1cf
3db77e0371b22702763aee59d980f611aa3a8b8012040108c7cb037c6aee1724725108949c70a16789daf8e3f32535be292051bf93b6aec65b356c9b1c52a917d6d947e29ab1b24ff9210b11dd0750282a058255dbd631149cc41f4dc4f5d2c1fa614242c13e90766c2b16841f752e654184fc838a954435
019d9c50cd4156902b50cd40e8c7ac229719589b0e2793761b8dc86575d01331ea2a3d57a6c1f9052d3a08a4b6106ccfc8db8dc103dcbab1427cb9f6166ff157dcd797526dd625ec28a75b25441ba311178a234d44df0d3fb25a14bb64fa31e040e3c294e347f1d54803fad6480fa61ec15a88f75ff2a0a0
1f0233113ca21ba29d88363528256e00b208cb5eb59ab0fa58055cc4e9be1a5871134dad3500e854c4d8409cc60b999595c1c4ba4240e73c8b356b6e326d0b8bc2272e13e4c377aef13f1f0a2b2c9c291cfc82634acc89a462d90709d786260c62f1c0c87c58605fef0f920c225d198d61bb5dfa8eff9e59
12f319de1bb0135244956196622aec07ae7a0ec7c05960b2bf34322693f63101be797752795063abb0f29118a53be9cedb0607e533116fa17d4ee9d034f0f7727db1bba29abef85fbb621b1cd66bb849ed32b0c43d2a0ef4166530d15c0d4199dea3054063f7806f8c239457414b38d5e08256001c6ca207
1f02ab31efa526a2a188bd39793362311bbb0d428410b0f56f2e4f4e921b1c99b8e2f838b300b7a1cc465143be39c74d362ad99b9246df349af2be273a7f7db8a646fb90edd7f40e38f93803eb7f7b96476a52fa164ad78080670e8b91740529aa324b6020e72a846439586eb8b84882e0cd6ab92e67e181
36c0142875e508f3f6fcb986aed2cd0753a00110e7693192c222292fc87733ca8d003e780922ae424c1c270160097131bf072951d3220d2da76c7e590c6d760361034053c9bb33c5a1895a202214a7f4cda0d15a24a3fd8fc12c3ecb950d09b1b1e17123762d1496bf2f0049e475a993b08f1094b256d1eb
1db4895ee4624571eec614fd45373e1d63beeac75ac24135082e064c482b0bc5f61c03d7a2c35ea7852af5abea1637fe57dd0f3ae37a7d7a075b8f9e2e59c610093f3fc2a14f96d7a3797134d7ee93f1cc8ee1cbc166295f99363340be016878455376b70ab24b301e06ec546b05313af09fc4197eb0af3d
086c9f27ee883630234e527f0b08663e580dca776fde33bec1b21724151325a82b3c16d265a109cf80169335d515a9a2b6b8b4693114f6148d55c1ae202092124fddc090e92a4cfad34b6a16d11bddbacfc303c9184fa3df4aac093c5b69ce0c0a6318ad32be993ec3179a746c96ac29c3c500e4ddb67dd2
1e901679907e07f2ea4f0f947db0de1162210e9c0509634d605232fddf7820418b72e95e10a2b27a52d18fb37e3b7e37e1308343e0c07b51562507a520e10c285ccb77c11000c9e840982c117c0dc5ae1d47429422bfe41c6c141e8a4860742359c2d0243752015d681e769485c428b2b31b4ced18ce4d87
000000000000000000000000000000000000000000000000000000000000000000000000000000000000000000000000000000000000000000000000000000000000000000000000000000000000000000000000000000000000000000000000000000000000000000000000000000000000000000000000
133acd574cd4e3528a89ba5c166c650baa80d9343e51b07c6881f96de46908819d679a9d463278dba9e16d1aa520cc064bdb660710a776175548fb38084622170a7eb9d1de3f3085522ad83414bb72cf6086e224ce386f2a499a02a94481620986e0942fac94912a9527ddd8c51e91ee01814d16803062f7
3897f5aea0c212d3c2226d56c9895a2a3dacd3123ef1c1117fbc474a832e2e4069381367e4d10c43c0cb71deb3021e69bf533398e2821c48061e56f20f3f4e5a0f0e815363c64d62e0e5f93b5ee65b0a2361f2d9627851da5c10048eaa876f90a891e6da6aa13e31191e63b98be8a1e951a26448402af3a7
3e1bd9ae39369b6100e41ed3d824143402946511f2ea70249691027f4a9810d28c1a52844282b3878d0f47dcad3277e4af1e5d0c501223e0c1b29c540431c8dfbf57e8912a438a48088c1f1481e9418e0b2380198b016ef3e07610615db86b547a4092f1b01e28da851f661ffb1506aab146036edf14423b
048a50896a813ae091c01e0e8248ed3002c9fdf518e0f262ba925b90f11721e5344e2316eb02645301a400519e107380f99e2208a2feb9f8cf36d1d13b3a872d09f59e40c2b60779d9f514322daaa521d69662738a404de3987817fb21f3b13d1f82dd47d4c577d74b17914285f1d329626b3e2dd98567ae
09ba90599dc5180358ed599d97a5012085b05ac2a86371cc4746465fb64c0d0e77a2963d94c05ef872aa044ebb1e362ff1b130f53037574acac89db81860dad5721b292319f42815065afe0c764eec710e3c52e24755a5a77ec7073634d052c5460365cced43fe85f4239031d51de9ae51d3fda55671754f
2f446de6c5c42b90faf32737e27626191b40fcc18dd190a846292a17691e09778a4b2e4b0cc00e8e9b474ef0603aa86ba4881d2fa0701ad1a02eb21d2505b98dc2d79952d04f9c3b00fbbe01d7df9b09a76bb10f12986d4a49e9173aa0e0baad50927237252b8ee2cc0f47608681c7db434568651bdb37d0
36b7752b7a1cd703e888cd5c71fa892d566d8ad310f46366afe09b7dec3326bd360df2367092cb060815b78cc23afa5610cc6ef7338e98a2fe8596022c69c187c0487cc0f93521a10947b310ad17dced75fc004e954bc05f8561196736bdaca49da081dfde068444ff1e48ac8c90cabd113ca28f141990ce
3fa4a303f733f173b817d39719a2c73a07240567acce42492e52caf82fb828215629071ca7216a7e91ec3cc5351743f5faee6589410e5d5ef5a506cc37c4c1105fbccc400e492977c8479024c3ac238ac71ad31491a07a2b643a15f3eee6a91472e06e0f7e12e297581ab5d098e6dd79036b691df8119ad8
348cf8d5e404a9d2828619edf3ac4015e8dca04cf69d33e7b0b451208b46231c255c7eb5f3917811e646dac17b24dccd2482447613303952c0853f161e1141a5ca2ea412edb77c566e3ddf0d3f0f0b28f40ff34ecb23637212063a417c62b690c6a009005396798cdc34b15f492ae5e05339a288dee21273
2d4df2ed232c53c368d20f86b0327e20e40676954a6af29e2c25899c6233318cd12031c23ce2e400f5bccea74b253a33a184eaed92cb96a5c9b3ff211634aeacc69a6871e307468c820121240b3301976ee9d227199a32f898da1547833590e83d83c215cc56a8e8cc0851b82480f0d0b23434b9a587737b
07b9963803cd78a365b0cd73b27b25360ff94fbd6542f178447a634b4c6d269a52676b8317112373add66a4da9056fcb212a97bd9277b4b295db0ed11912ddd9054c0063fe7b6323fe04c1246f52680587650207e48577375edc1575356bf3483f7395ec3f574a4f7b2db03b35020cdf43c71628062d3253
29aa8a82e7320d43887079b9753ae81614532edf69c2a14284074a4a1ff5171208d8115dc6d303d19d7e542ba6147bdc78ea119b7045a619c1fc041b116f12c7018083236d8249efa003e207d740da09ede982c961dd08ade1d9029904c90715ecf222b19642397e190777628feb7fdd41f45301ec182779
06011cce58b7b1115c041c62819beb0487ee7c0e5505631c454e24eac54f3ddc2174cabe60e3397750814dc50805c4798c158ae2a35191223379641615eb3d6f05c8ec70b3572886b683d72ccc148786d47633274baa0674fea70e37291d0e7ac7b1201ff953ab08f41898a17577bad922e0fdccf742801a
1215e0a9c2bb6e229b30584b0f3268267ba33050a9c3a336a94b5b20e21b2a150def2fec8b103a1b16c2b9042c138a9455963b94e0864ad3eeb1dbb52635d24ef07e34a374db6adbb3f0233c6e10fd014508226f0191c1b28470355bcea1a5f3da21e98c9b4710fdae2efe9f13800cd9932463b6260d07da
025adb50d265d573f128b9767281db0b5246a98d605ad0a3354d153912422f6c288489864762b01d826261ab95184aaa5b47d63e2243a56df0eda2350266c9be0e2b62c24debb75cb23f333285895aaf08c2b34c004b64723a1535f60779be83a61150aaf661da9c060c1a9c9713199fb0c13afd54d65d9b
000000000000000000000000000000000000000000000000000000000000000000000000000000000000000000000000000000000000000000000000000000000000000000000000000000000000000000000000000000000000000000000000000000000000000000000000000000000000000000000000
26187709687a56811f3028068205672a603a671e8b9a50d97001668b592020eb302bec1a8c438e946a2c18d8082390d40d2d7677f0e62022aa9acbc53a3f5d26463d4ae05c1644dacda1542a7e223cb662d070d6af31e0c1b4b005a30a3d0e06ae13248922613d445f114912f3bc2026c089ad5b4a5456d5
2e5c2b7b2c0908704907fcc346603e1ec3870abfa417a35d64600d93ef3c1b5a9f187edb78f1cbfd2f85debf6d14c991522ce3aa90a0584698557d3c33a0b12bc32729c120ea64740960d910f694ed3c17be822e25922be0f3a0154dd8ba8bb4b2835c73b261d05ef41a16846a1bc16ad13fb9dd80da3f14
339291a893727741983c48ac9db40a2b0f83a5cc1e7353b79f3bca2ad15e20d5a8d0a95a6e6395c27de4a5901212ce5cfa5445585308cca3557f9a1f06b787559dd1a7f078086981abc20421f15ac65e461ec065e7ef0b0d81d921f4c85d0289df630efbb088a0db1f39bcfbceaf89933269224e4022b012
2285a23bf191ca40c6309f9de622db2e02f1ca9a09bdf3887a6549fec95008fab057cda6a170260d4868f088b600c3129ebf602901327b70cfc1c52d3a5e020a93b4b243885959c5c4379a073c1ca677f051f083180f9aa5584c3212fef736fbc233356f45f248f4ec16e7a32f83aef5c1305019c59412cf
2bd949fe206b42434313f8fad1881a0a2fca277515baa04d5da32a472251384ad017014087a0f5218f94502884341b9ee15a1867d085d216b3e7b47b1801fe308b58e14248332171fc69402d2f1e95bf8ab802912b0f66863728253263029df50282369155489aa6952a23a5a3419d24d3980c88b8a5755a
22dff9c0fd77ee80ecb62c3095845d0f9622df5ab03f22105234f660a8913120f7e398e21ca3b7c45c1ed59e92205d817734fbab420e4468069177ab3a3bcf6bed81b3028de37d975b0fca0be7645024b24a61fe5b3265d4707e2b98d6a6db35da12361c15f6e56a2227fc936886607f427b55a9f2a02eeb
1a42ad9472c4d18283247f29a1c81e1d4fbf3c413781f2176a29d67dc2562fd1ccac0bc041e1449e6169e941d535c70e80ec9269626e41e9b6b2f09e34a4e4be7608d1f36ac3b5ecac82640435089a20b495e30af687305b84780a8a2bb56d1fef83a4c464028aed4d0feeb43da2bb10d2c967a7ddd19e27
064c137caf74e4625626fd1213a01c29dce7aa4a1dea60331a206dffb883123579b6b22bb2c3e7436071ad268c0851ab9865f32f82477cb5179b842d208f2e1d5b1c16c08d8636d3d4c21e1eda993e5a0ac473dece1d96bdff62165d1520bd4a5de2d97d04531d8d7322611332c8e9f841253ee68ee199a0
156abd2c3799a740b97e4765ab880e34795e052f913432c8e6e1a1013b8d213d7a1653c84633279f003328dcd913e575f9904dc180a369df33f79223132ea2ea4288e5b1c2e650efa1a73f01298fcd2b89831195f2d1d1055c9a3466be945140dac0422bd1c948bae22b18e84e6670d4e2269665e8162ab9
12099724ff20fe1095ed1d76d92a643d092097df8c88c0b56fae074b76f0062660629a9d170237dbd2f8f00ee32491735b8464c6c0fb3b05ef37c5ba1edc8de65ad14bd05cb5481d3bd6161608270653223483d5e296cbb6ac6f06329e81e33cafc031a6291162e51f3f8e08907d1594407a48fa5dfc1d38
3571799573e2c4d38044927239f62b1d6bb4c557be93c2af08b0682acf0f3935b7e3aa5318b033afeafa040fad370456825e98b383c5ca64348b363b3b79446c536e084123b1f0b27cb29f0e4e782c52363f735d97d7a2b041292dce7cb971e1ab825111ea07ab9ab819fe53c6f32a08923c79d361062590
1a4f8cee4d27e730045303bebebbc71d9a0075ad9d63b11acb37bc1e51a338e27cf4102f3f10d4fcccde7f39053dab77b326a3e7c1dfaa06371997d2310677dbeee3401199ebe67e8255d92c45d98d48df42216a6c9feb6654390247e53a9963f0e2e40b4668a4e7f11bea241a88d325f046ad0ecfabc114
0cc67c1e5b21d070738dee1332960f3bc11d67d483a870e0135f31c3ab741c3175d0da1a3cf360628844336b9c36abfab3418b248183d9f2f7f8d29223ba4b44d8150cd3dfcb84174266fc1c790a16c1be19d2fb5e745ed19c311823827364d158e0fbcb078d74171f25e99dca8fa3ad5157f90fcb05d651
09c123e608e0d530ae96aea3d332862292b07bee200223640974baf9007c0b18aeba3804988046f64cbc9a0b3c3b4100ea8f3e4300faa7ebb1a7c8a03a12a58bcf1465826c84bd632988980be0f2284386dca1f7e18a2858f1ca082e9dfd483fe2f059c8ea924c78b000ea8b686eea3952915f0936b6b12a
1b17a53430afe12098a35bee649a021dac2bca9bd965c0322ecebdfc82f235eca31c3904a0c16e71b3940533c21049ba5d1bbd2f021537af68567fc1352d108b9aaca17348f37eeca6310b232a3d01954bd3d04920b78400100a07159436375b89f2a8cea3175bf3cf2e55af0e2bfe9d03e55af0757fcd1a
000000000000000000000000000000000000000000000000000000000000000000000000000000000000000000000000000000000000000000000000000000000000000000000000000000000000000000000000000000000000000000000000000000000000000000000000000000000000000000000000
35f922d901db6e40664b8fa203783b3a96ebe52cab8ad105608aebd63048073391f9d043af03d722eaabcf54c41b697e7e4238c1f3fcd807a4e1619b184004332c8ba4809541b50d967c1411baacf80758c62292b0f68486d40c0f630b29a6081bf09dc5ce3961b64e3cac228cad7c0ce228bf7adeb15a41
128fb70977640832f576aec3c1060b161929048a8d5a73693c54ca188f2a26c33d3ca8d62e30f41e4465104779260288f080c10d02329bb47557cf580a572ad398a7a6e095e2530b9d96b73160859898673821d973cd77c9c4a01e920ab2c38817301530cb8940553c1e33fbced280a3a191d93ec57c22c0
0051c09a553625602e881b5aea46320d3b925369fac60168874ba84b1a6a09916487ddf2ede3e1b8f8dddd641b058b9a4e5facf5b3f6e5278ed47c301a25ac0b60646912d84f4d41a0940119c2ff8cca5f5de2acbcdcd551723b12564ee6ff98a2b1f60f0ea31179d81fdb91bc50dca5a336fbe150d16f8b
02325a7292e5fb009c3e1848739bde09ec62f16af09fe11a3adee46c6fd13adf10a5cd488ea169c06add181af51795313101d79da30cfa0318ebdab80da520f06e97ec9087c07e0b6c1b152244772bda09646195e2bd76afa2b100314e13f7a4279007a4cc088d74a238e869b3bb652ea20b6010ba2ec527
2e86bce508249e214d55db620787c02539e92870ff5b13f8c2dcc9fd26e5067e6c29b66e43c3e4fdbb607b4a4025c14217803b4d22825636307f7bce325c63ca3478af3296e8247178906109a0d19abab61fb3ae1225572953481396402b57c47e61deb8a6c3fb9ace2dc9bed174f79c601c3a81c509ad4e
22370c10705e1811fac3ba3777f6e01f39d0b467608da1992013138de5872941538b0339bd507b085d7486160a16ae27d5757b1d51e6ab04835b08dd3fe224d402cda20261133eb913d6411585111a94f940220f6bd674892afc23e6b81e7e541e40c7b18063f53d321d6676d38c150493020e0843bf173a
30ac1ee6779624525b06221a201c240af5dc196c05c1238fd984f11446df2caaf768db8b8a0036c14557d4129e3f2022f8659c14b1e6b4a352a36e5c31532749f001026118d8d5803ce68a3e4212f5ef87a1523683005f714dee064cdfe584f05182931040c3ffe20d0a3a1e0f44322072c6eda437795cdb
1d23a6fce85aa9b20d6a3d8f2d5675366bfccf2dd7ad3104773dfad88e203224c3c9180bdc42de80f8239a4ced213004f87edc3080cfbd55f9f8f95a17af8b9f76b42021a8ccd3972adc6c06966793bdcb62c03988f0a46157e237f67651ae1efa11508962e6c4d7ea2385f4837be9d81078adf74417c647
29a915974df73ec2098ccbd21ec1280a323a79ef80a6d2e94aa2bb8453182d7cceab4d3a06f14f137d054eab8d21475ab4ef958c93502459389d02461cf232e95ab1c552614497f5e2b04905c973b10ff29a12d6a26f3141f9d0385e25d2f64c17f1e017a715bbc6eb2d1e81d49a773163be3caae5e1223c
137604f513b71b83df8f9ce55b50e332f723d0234b6ea347bd9d220d3af41b10819019a27f42c8c83434bf48c929c7a04ba12fb620cce221035c6ffe37e19a05bcdf3322b7488694b2ad860d79468e45c63ae214741517bcd870174073f424d85ca2997198b0d9a4d8236fe00158449f009bd0888a6f6e47
39063973bf67f52326a747442e58c217ef244a07d167004bed360457868b1bd6dbbbd4a02d405d96e8ae9e12ec3441d39a274957602538a158ada5fe3762f075f2e43b2229f2d56814b1f72b0db00f9a831991dc6d126aca5fb82234ddc2aa1c45303c7df9605ffc7d319a0539bbeea543ae6d3830db58e8
0b2b584c2379e1439d7b62d88151452de9cffe7f6694a2b171339498c69017ebc25d8aab49b020d0142fea56621fa63c7418639e31b584d5ea6291e1187c3132f69e2473f9f47104c1797a1a5e79f3d1a09a91c3931d0eeb2b4b23149ac3e857fcb2eb91a29d3d3ac209c79d7f6b0b8a311a9f94eb8560f2
243155daad2c5390804911655249012831a63ee81b8ca1dbed0ce280040431b9caa2a085aec362b933053bd8653a344f1f6e0e1e805a276331fd3a1a2567bff4c8666d7082393cdc58ea96344c94c7e322c912ead14fb84a59db0411052541a59fe15e08e423b1ff440a540a2dbe9e8f107e1bf8736bcccf
343ec0edb2dbb04179a403079629781ed81dc25e1e99a20307d3ef98b7a70ee527dc4dd0c251f4c768d5acd9f535fd56bc8b1f3f7206da46d4fc56a0046549c35927db323963310b7e715020ae310ba7a24d40c498d8fe06d5160c64bcafbc8af18053e420b01b158d1b4427f41e0fedf394aa8e14b2e6a3
046caf06ca426a4266b9d4f6b573ed2b931766eb15e6b0763d5db4524bf70da8ca950a3c3d12ba7c6c98e5ced83c35e986cc734c43941b7b2f887d8827a94531568c0a82273886dff34d241d4483bf078e6773b56c7e083d27c80057343008109532b1ac567be702773909b939c60ce7426374939f365f49
000000000000000000000000000000000000000000000000000000000000000000000000000000000000000000000000000000000000000000000000000000000000000000000000000000000000000000000000000000000000000000000000000000000000000000000000000000000000000000000000
2808e904fba9a2823c2af3566101302556ebc163d72a63e326e2852282662a832e1612ea9f83372f32b90320a62d3aa19607ff4551841d169e94f5ea16e0b6a7bbed4312e14609564882bd00de68048e26bf82cca16da2a7d5dc0bae04f49ee807b0d1a7a7b8a0c19f175f7f2e45bf8972d654fb42f475ab
156576eb4b83cae131b578d393f42509e2c1192a95904206d4a7c9b3bc9f072da31066c07f6171101ba1ce5b4803024cc8217d0b0041918714c9abea0b35ad6ebed79a13ac1d99e4be57eb222f39891e5117c0edbf11d91011a411fa3bf786580950746f4ad6ac84fa044208d9cf5355d383946c2aaae504
392393ebdd3b7cf12cc70dd270810e295bf226a9420c51761d3eb96ec9bc086ac4985727be1344196d5dfc5af43d052fa3678a6b904d6cbc9bd5e21514ea507a7bd7f683acd3a063f23afd20de4cf58677fe005356dc5423eb8e0eceecae0ccb985185c3324d4825ae0658ea12a88be953a2fc62f74ec1fc
1847835827eacae2bf5ac714fcda653702463d06e048905221e3dffb14721a1c4ff98a55e083d6ef8f9aeb049337470887b5e6e0d10a399c18a90bc00c5f093cc974ac90c2b2de8ca2e8a31b12dbf7b1acd0515892a8c261e6611f9194408b16bea1d307896624f1c31576545933f699238d5a317bac8063
06574314f15ddb23ad8c08b9888df33cad37b5f32c4421d987d9f4eb3cb138ddc6b90eea8152ce86feda917e0515775d5b5a6b5db3223843afc44a862fa171861ea21993342cedb1cdc0370f0f7f7d0f7e6382be2f39e96408211a970492523d1bd180a22b1b932c1a1da90b00d24a02f361858603549b14
09ca98535ed7be23b430c29841e4f506ec23b9f442d941312fef628c474e3730e3e1b139503173fd0b210a512330121955dce1eed2af125073d2200135ca8f45aac5b752d647a1bc1cd25d00674a05098e82b0f9dd485bfd8229095a95a15d81bf410666a4d333686c24e7eafae6d56f40dd278fafb6dffd
366e8e9f871e45d0fb5ff68530b79a37ff75bdcdd0e920a259d908db4c1c003ec6eb76ea5bb22a06962d9afdd90cc46ec15a4e8d039c16baf478f2253674fc894d1823504e41958e25d585233fdb085b4811539005b05044db9a31b7d2359e7a93b33f87f7e990856807fef4d846e30e72d27a0d6649b9da
01bc3c7461d54c91896f827048aacf3e7689ad37fa60f0ed0864744ed8ee0077afcedb692fc03e1c655cb714d91986e3e3f94ee2f1f7dce2b24fe174363903f4e766d100fe11a5e61a8e8b06f662549f84fee3d7d6c535034c3b1bfbb46196b216017449d7578b45d905072809a3566882d379ad8ba28770
2a04da388c6a67015f32eb51c6db2911cd20b8436158f32b14190f82b876315a1ee2d3ccdc22737ea8b95c5c2e085837456e7164e0ba0c314b5ff6952998547b3d037b52d1a9b743a278a32336cd3a8532e8f1499465ffb5586d1ab79e4d1c75f022382ac01957e93b2498ef08deebd892713deb2ce34d48
1db6047a7e569c63f6cce618dd4e90277a12fde4917de2e28a9bc40ddc8733c05be36b3d4dd3e5eea216faa1ba08a7784e04cd69d294553185cf05331b904c8b2ad29ef24f85e7eea01324003dbaa84e072840f4e8de9a0ddee02f89f5b437781b10088b01d8803ff83271e80129b30f00cb85b8ac2c6e57
3eeeccb5eb6ae9d2b289914885873a34aec5e3441399803411e2dbf95a932b47092ebba04930f15ec7b208f3641a2de132175b573371eca190ef7faf39dee57f48722440b7ab4b98b2197f0b56b80ebbbc82b343c365a1a46c5709bf4c204f17cdc2dc7d5dacd4cc992b941ed46ada50b391d634c2f1588d
2efa17c868363d019d91fb0b1638681eda448a2bcd9dc39480ec5179aa6d286525325c98af00d55c5109f31bf23a3d1837a084fb50ff371cc091a8d0345d66cb3026477354a363f5d37ac5272ebe74ab5a2782b4aa30d6072dd312fe3e2402d12113d70d6a39987e7127e795c57345ae610a9a596902d274
196bb6a60d99813379beacb48eaa7e3f4af7d207cd425358f01c2dd6466607d765b532409c71dbc9537f65796b2b48c71154c8ca5040d6408dfad4d306d2c1b98b572cc398037f8a8ad0781c288a9665cf2d623d281bdbe30110103814d82dbaca3223329d5d0c5e292ac85afc6a3c11712157e32b0e00e2
10466823d73892918e8dd7a260314e1184b6703e29d9f1f9fe4331bbd44e3199633256bbd783ff912aa9b58dcf1f00e80efc10231392acfa7ef2f9ca17efce4a01eef302f61896d95daa88324eceb0344edd31dc44c9f09bd1b11146596cee0ec7c27570384981b7c31d47e378fe09d7713cdc3d3898be41
313b33d4f237ccc323915c804bed01031f911b8980f810eb2c6be8331cf706e30f2b26a8b34023f9e59be37b2f09c55f38ac0f7aa23ee65b26fd983716d5b9be98d72452a7a0bca07d31ea1d7f7353047899307b3a0b41a31a9c2930c136e5bf7153dc2e3dbe7825b3257c792b578045e1be72659ce80426
000000000000000000000000000000000000000000000000000000000000000000000000000000000000000000000000000000000000000000000000000000000000000000000000000000000000000000000000000000000000000000000000000000000000000000000000000000000000000000000000
15af13eddaea06e1c1431f3f53a4451522d79781ee5c80ec32bdddce4cf003b964b3d7cb2c93afbb8b656694890489981c86030530acd133dc9b256e055c177a4fb2c9d1969b7d65f5e5be29565151edbd8213cb393485b398c92e51897cf5713a3296c0a58bd0f44216da74157e089f431b880b7da0f0f3
2ad5873120616813db92bbd99f7dd3390c67d85046ae13ac4fafe57c9dd1195c2f7ac508f8b1e6ad381c2391263f5406b25e4e5860d22f12a4ed6035267be071810635d12ca09b7e14606937c5369f8b6411e3fd61066837c67c1b88f723b63ed8a140b68feaf238583968cdb41d661903f83901f9afefdc
0b4a424aa3f0b66098f3478b4d55e1333a5901fb18ecf3c201872b1ed22e2628a087cd813300143ad8800ee0a6279e7c5e90284190c963199075c22810113d8cdde5fa801491a39d16972a2ce1e5728f6cf29165e37c14fdd58828d1311aa55b9b827e454a6fd099e42f26dd0f2262342325387850faf303
3384652b90faa8d31997d9863a9fc605c0c3c7e054f3909380d5ed2bdf6a21979265e94420c1ed348b95395b342497cf118c8cb731f6d461a9351dba07ff0de161b254d2ffd1921e32f21a3f0246a31cabb5d1c3606d94d614c103f152429b0d9d634192229b3cd8a53d08bb6510ab3e83129c51d5991307
0610c1040321bdf3ba783e29b121ac2defff28bcf56f21f934d7b777fb170a2a415e5b56a5333fb1b7d56b36562d891bebf6e925809d42800010c2e01bb16649f63b8183b01dce86dd6b421ef07ee311e1c1524de96fb491d9cd073d5ab3ba8ca581770fc1d3744b281651c6d95b62b032b71c41f10ddba9
373de8e8f3dd2c00974a760d1197fb1c9919c28e3556f05a33860e2d58da1a099a964a7a1f704ed0a12daf74a003979103b0d5cf5368c2350792600e344c09c83db7c840e7bac74ae28f0918972e05e2c291f03754da01ff59d43e5edb061698b6727e8e665e1105c93831a47f37c28ff3639cb08b3d46f4
263dace081fc7800b2cadeded8477c24b52be49043dab1f06fcb5595062034097ab7477b59705e2b4d5e3f62581c4333303c0512a17e6377c72eaf6816226ad3dc94aaf0e33ef26c52d6c23c0e1845abb91823cc922430b79f3b02024555dd589d301ecf7c207612d630f6343e6b6c0830f765df98cecedf
08463a167543b4f18b9fffd344e413339dda9e8e267d6123eea7e9979a2928c8f37702f4fc43e784ff4d28286e071b53f8fd4e65802bc148fd84aa6c2c679c15c34e8cf023587b80ed860514eaf9dcd05b2b01aefc0bf1f8cf9c204cb0d55bf05f826d5deb92e50e613d3892dbe72117419c4b6e319ff8f7
2b98741e019076a060a212758314e72bd50cd7c41c14f159dec62cc10aec01eaf44577527a4160faa8f2bf027f0d342fab9f010b92236d7b6905c6d92ec90319e1412c51a2952d402cc582214f535648fb60f3a6869d88c7a94c2439ef130958ee3339625a552001d30b5f6f4eb8ee14d097ca5badab78fe
2d7540a9fb46f3f025c64cb798c2ba3fda4f6fae4e39c0427cc2a5966258185841469a823860fd4fc7d8689ded33fedfdca29eddb31d7c7a36df3b7613b51d6ccffbbea1e2526a7b6485f9317853a2f556cb717a396bb30f8bbe0e5f38a372b27f72dfcb0d7ebf3a85321eaf3cc97b43320b9c4f8d723804
0f7af7aa78789333963a21efb047f0036f592e532e2230a32f0e527a080205484603995b96d292f3e93a1b5dff2f451a52829f5b500a252c19d5247f2d84bf0072198df1caecb547f20c1b244c11054789d8a01fc03b25e2e2f71f1f04352d73325185dd47cad2678515df21db68b9ea40f60cd2cdc07dbf
15bd59a25c844f5360154966f11a833edbad9be619deb3f029d1a7629a74069df2785b87db60c6a0c1e827212d38fe420f37f62ba216d7f2f3ccee7938f4304f9994b9c2ef523080b37ced0d9a33f5ed83cba0d89ccd53fa98bc10ada7987f52c1326ce3b051d0269824416c033614b6a1f2a41c7621b0d1
265dcba81efe78a0275325856144c3301a93d6ec8b3e616328df9306ced53b334aefd0be28b27363ecdd29291e28533bc97ff077e17d5ff3d4642a6f222e086c40f304738f4019d367cfbf030e7521fdbfaab025db291d4b2d553fd95239331c00804b948e44e0014f147846491c5b15f1a1e84efee7c352
2f55a99bb06c570082398cdc1c46c5368ecbfd9f6ef0a05e3060b188b5c11e90cefaa668cd924090de9737317f34cfe4c605ed0b13de2335df6f4d2b15ecec6222a24aa1f39d18002d29bd01b3dd979f83611076a3a2fcf774170b03149e753e63814b51d1084be08305694edf381bc8a23840e7fa74863a
31dd9959fc3d724027b1cb5ab19b8734e16410ae6699922788facd2817141229e5c560d4d9134771f339fb09202bbe1f18f2e2b131953874b01b01152432820f182cb4916d8deaf88d9119099cb4bee521eac316e8fe354a2584129ad959791c20022d5bd314f8339e24cf78ca5edefd224e56f350c0c8d2
000000000000000000000000000000000000000000000000000000000000000000000000000000000000000000000000000000000000000000000000000000000000000000000000000000000000000000000000000000000000000000000000000000000000000000000000000000000000000000000000
29053ad4ec7f5040fa8f26099bb4e5309e66616d711d0307d83f52103b6503222b07097140f240648f107afd2718171f1bc6b00753fe2333461b86a037b605281cc57820911a78a8a8c1042ebc9656a957fda169619eece74efd1180287417c597e15c31db72e2d5442ecd7a90b51beaa24ad6366f2db91b
3c39140207e3a4306c9c0add2779d52d5ec9090fffa941fad5575294a4b4080953a6cf20dab08aabdc7e03c7dc2b5fda87b5b490a32733c9f3d7830b03d1e9613e276d12d7232ccc9974e209590cd61124acf17bbd0d826e577b0036ed2a6963cfd1cad676c60852403210d68f1a6ce81181dabd3aef57a3
35338e0b963e5ec2d720408a57d0cc0f76ad03a57138c1488256166048d4320b58268780ea50ea67dc14a94d523d8a75bf99a0e5e0aab9a12fa8b6413b984cb8d0d9f8a057664eb0345da31131476eddb4b2a096cb8cc8d3d33615261bdd41e9f093f6bf36a28c8b111b28c98691a0853274b87a6d6134c9
028bbc8fd53f01a2ca155cacabff780b1d799f2b28cc405e931430afab2122e52c5be683ff901f21965789868802d4bf866a28d972944d0556cde07d25f88b891bfce2f00c9a6ebcaac9c32185ef9d9f813af286a3b3d23e2bb60a065b4b7da302521f24e8856f4a810f0550385a71e1521ca11ad97b629d
2c30c04d9220b090ac15e480939446191757652050def12d04ab685feeea3f89f809b1e01722036b14ce35d4ad0266c87a59427641ffefdcf6849d1b013f0bb860a264c119f9ffcdda9efc37b99019f42fb4f181c12f15b33ed733d73ed9cfc07431bc7fcee4a9381902ae83d238b1e242f15ada84690147
2e03439230471e6004024aa6b90ce614144cb5eceb9e820d66c2db941306204678967314740226fab649b6efc2359d551384efaf9270bbfc287ac51f330e2e1c77b60bd38cfad324be9c842839b26d1fb340d25ceeb280b333c63d05872c81a433831bd6b81d10ca7a274865da7be91de07e2bdedbf32012
28ec9ca846ab18724a1c213fde5260076956bde6d321e207375c9571894a0b99b37421f5afe1860e8c18626a3a2cc665aac37fda01ff70444c12f3e1369a6a7708b71db393ee241bc463ad1412566c08d1a732ea552326abff4a32eb2693085e4d13142f486abcd4992bc625c2044f5c72497a23096b4f6d
0e569e7586bd1dc1e6817d2b25181c325d0c102742eed089d64255cc60d73026a397ede7308343037cf6af8e8233293eafb007a6e32ec76dd25e817512942b8fdd2519f196cfca5a8c33d61f5ad73ca136c121668d5c685a0df632c262d8d5cbc353975393e76e69fe1caf36a288ee53c00b6c94e7f9dac8
1bdb5ee7aa608ae2bac8a82940a172212fc81173679a607a80df06c3ee1c1618ab8415ac1eb3d9719ab5315dfc1fca485a1f1edae02a078db8f702a415482efab77d6381f731150fbc377e2c90f313114aad9381f1a95f100a5e10c213eed0778500325f122277614d3a00c81db0e17c82ecde1b0137bb57
37f149da0f35f9f0e31cdb56e442772ddb9256a92ffe33d1fa4b22d3e49f3f705a87b429f5e1bc45d093e202431525b73fef6aad30f0eebcba69dac315ad690e0fa84fe2184aaa4c3094e901f0eb210ded03e129fd5d602309383653d461c92b2ff3a57f9b9fa1394d00f842056935d653f95108344eae3e
17e027bb9e6006f38dcc66c83956f51831c92fab24c0509aa9c98432cbd1303d23ce5b17219074a332a13ad01f2b94caa8b18dacc38fe439f2e8cde80f10ac28ace06f513fc8d549c0f26d14ffe94d6513fa9115963dd328a0e12b7d2ef3ff4e9e22ba2376a6e243153582b799f6adeed0df7b7764e635c4
2f4257fdec8cf74237984c65c47d072619ea43d2fa0ac1614dde8ff4ec7b3b70626473037e626fc14704c1c19502e7d1c3f1519da2ef9cad36c8b6702a2f2a33d6d17c901d06ba933ef5ad17ef93573006c451822e05d92dcf353ffb0443ce208e5141dd6fb476bf85119075d0d9587202dcd2efd96e18af
0b537f1c6a18cb8314133acc74a7fe1f127f720c6b1dd2f957020ea3945027f048ad795c7151860cff19d9e4cd350945d542695fd2712c16fc2d16f81e6d659937324d713f17c5464e575017d22a29611032900dbd28cb889cc3296d6481eb12282065798e74e4eaa0177668caa8f6f3e0da63e357fc27fa
35ba742b30c20e113577904d59e5d70b2d11f0457117d08e85d621ec95850b758ec990372ab3ca07ba1a5091163decd45ffeb8eb02b264ec37f481020a921a114f4318b35a4e3ce3b458421ac10e0a09942fc0cb6fbc55df966f067fe19989ac6812e78f2ddf640dc906e7ac84dc826f31b27f985134af54
180a45023b784e62afa1be6d82ace03dff7f8024d013c21ad0257cf80a9a3524553034f6516252b6254a60e6390a8c7106bc0256d3dd47a35727c9e003745463c8514b8065d728f635a4c700d6ece1900a7e508ff5a117f8467a0f757b29037aa802252a27d5d196c01e46608ec8954151ac260a4beffec5
000000000000000000000000000000000000000000000000000000000000000000000000000000000000000000000000000000000000000000000000000000000000000000000000000000000000000000000000000000000000000000000000000000000000000000000000000000000000000000000000
004a543774b4c4408af6dddef87566136bd14fe2e3bca1098ea7fe6ff110169a8586ea56e00124a08b6232e4fc10640e636c8c240092d64aa0cebb81081dd74ccf3fa6230c52e2da66469815322d4749c954c04e33c3c8025b3b31d3f6d3a458212366ae748e47530a3cc9b32cf33bb2b03b5dd7eca94aaf
0314c8f18916c3c2f1bf2a5a349d28378bc79c76bf9c433b32085ef7e54706d9421e22c245d27c80dccb52205819648c6514995762f7d1aa1a05ca4a19814c7364bbeb63373fb4f328c1392776a25b4472f46121e3d045def3df3c51bda03466cd71a588af8c7bb70c0a943f71ee8d5070cd416247ded5c6
232c1abff234d4b3ac791b9063a92714ca26ca97eb2142f448d56e12e81e01d86925df3d6d302726010b3784f431da7013312186e23e7bd18b97b37036625f44b14f06f14a06b6d506f6df3d1e733b52a54432171d3acf3abf53015e83667d872501d812128e54abf501046ce8e114af30563e6f782cf30a
215f452c479a8a007d7e46193145c70069557a66a8763162f5b1949c62a323b5fdb576dfff332cc11d85b78391218b4b0a0cfa1e8201efe052e9e3a71af4f4a3449e3890544932b303c62620d2a52aa228b182a44e52cdcf36fc3fa8088ce0af3a71957f2446d21a7933b101876022ece19cb5119535d8fb
2f01bffae5fcfdd29b2a092119febd36616eb242751951a86708598d7d2f199a0248075ca0b1885e8ef66aad722659b107e756e9f10ace6bb5afe42223676c74b54f6c52235ff0bf4f1927066479f48020be72d324ddfca8220615ea57c7ba96e3512878ae7c71151b2b4353f1507efa03e235b1180bbd27
39d899ddf66867a0a4631bb20e3c19363b9c7bdfac24510af8f65a09b0860817d12ee9200e02e3bca1240552fc330ab9def57cb952a0424d06a0b0c0214a52b72ac464a27ab7db83187c0116ff5001a1e5ddf3092c1548633f990460668717e53392d7f593226fa25218dc91c29d6e4d12509b2490bdc958
33a527038d3680c0ab79e856f2e6b106abcb3308a8f222a732107106270f2918e8d8aa773bf3a6904fed5ee76f03ca921c16d33dc32b8705bb6a42f20ac4db84fa7878100a196e571a630115a99a45cb2510e22c7787cfc6270c0198c66c786f218292162aa146608510517e5163a4f20297fff5b2bf055c
1826ca650f711db1f3d7a3214b399601579814c7bc06c2f57e16f3da4c6d3aaddf102079813122cca4f6e5f8442abb4758c184f040101b9542a385d411cc8c5ab4bc60f17cf1a1e9e5276e078a1f5a3632b9434ec1e97ab173ca27dbeabdc47b7da0e5691c8246306f1f625c44aac1e9c095e58bed22f887
215e2bf09d74ce30f7f539e210c06e3ef19d0fdf472a31eba53c8f25576329e642ede93a67b008dad82744a855341c0e57c89cc782aeb183d6c34f560d3775a765d58fa0971ec9ee6a657d3493c486791f2a61aa4863e340bef7126e3b9c2d170d40588f789393f12d022da36a58511b81a47c5cbdf25ea9
2abd6dede775a3b01de9d6be2f28b93cf5a8644b1683e2e88ac04e310fe51f70b7790898a810e576c2ce65984136a2f9bdb0c75632c0424812fc922226350206aec8ccd0a62d08d38ce81a27fe4f98c2fe04e3d535541408bd4b12c6a8c2a10b96a22ffdc87fa1a5a92ef93f784f43b7d021c71b2bd06912
14bbb73e08bc85d2d59408a801c87b038eec0a6c43891064ba63d7df79ff24578d76ae0659c1884854c0bfa3aa3f21a605d4bd7c029dd810e79347401ca0e6c1456f6692ef0a0222cfa7c02635d343e75604603b6791639757b8161444a4707046e1b93409383803a2023475d04e49d9b3817b6e05cbafd7
2986401a1c2414c354d871fe4892f112d26af64d101512475b2981000c6133d18a8342811911cf5776f6c260b819e038ec4df28c4274ab16da04eed5192782392c06c991e1cb22cffe743f3214dc8f0375fc70980c22658630cb3b6a79aae779f821def64cc5426a7b12f1fd35c5cc11f0cf6abd563b18af
033bb29f327fdc1395154eee4a8d06177d7ffcb7389e61b5984584b6c08607ff0479da4f78b0db21e299a8cf5331ca896314e3cbf1bae6b67a889b2f3bcf3488e32133c34f8eecb39b188d13675aaac8d046b1a6aed984f2f5962ae22cf57a5833e17a53422800b5a12a18e6be06ed7d03d712c447262268
30dad1fa13f8ed01255055dece11f419b9352d91be63f18b329b5e2bceff0ab5ccaae6201001d44168843e5e1a3be469ede200fbc36511696b2b675406677f2b095a9eb3a4cc4e81a6978a2f8e3557ca19206013a6cacc9684a03b1172f033ad96f08e1ce3bb4fef8d20d028916514eec1d188ef37d5f9c8
11ede9a3c5bdb1507b2bf250da82730bbf990dc61e902300583791b461811dd747390c13bd32274bdb400387e622743084f2f97fa32958fdcbbe4c852c6e74357684c531d36361021858c01393870cc2430653731233d34c72b618c760fd2d683a81fd3a577d0efaab29e48451f88f4a108e480cdec45424
2ad00b246f023fd24c3127eb2d5f9b099029e30b179bb0f793845e2b7bb718c56eaf7e8d6910fc55f554c841731b1e8ed28e3722927f6d26c340d663099bfe04ae3e2ca06d4285af1042801ac2273ac4374070420f171a3403172a414c11646b9a8110fecea2ec0d0011f715cd8b4cc600b9f0ac6d8c0198
0b3d40a8ae8a9d12fddb16ca45a37315f8748db63d04730814228d7216a633175d12b79350c39b9bf84f9c4c152ff04182a7dae0a3a3be2271280d570d289511f772e2f11daf921e345b1a3ddb4f5520e264517bea0cc87ec30a12a18de134d38560ef97fa5ffa219221f792ff16f88510c25b47ff010b86
33fd42a055753302f07b791cd295672c4b6e402100793282673a2037b1dc2d1eadf0b893b28021f118c615229603bcddf8349964d18d0c343c889c3c0712888818154e935a5b6f7eea231b01c2452d145759f314d4f246c1b920317d8d640646c9713210eca30b82761dfc5c67b0bf6f73cc1bd1247f2bf2
351890a95f9122832ac96ef2be27db1b90be6ecdcbd6c08c51045002135e3fc06596fcb4e590cfad9943eb455f11ac37dffbe38cd071666b4cd352d131dec0ae3afb0a936f89e7c93d138730ea2702d977ada06d904c4dbfc4ce151c65b5fefef4f0a4932dc88d8544283e9dbf886ef97039c752fe20e073
12a5d4020e2aaf503a52d5cc4eb8b613ad7a0403b506a1181e1f1632a0af3e4a346133168c40e351b25ffb021b11843d63b6a2b6101c21ec7cbae7763fdea2f2a18eb341c85678b5b275a03d51316b572cb7e1296d1c64c6b5c01672f4314d1c66d1330704367d653401571ae93ff457c051d2607e8207c1
3f3b8a5830e8fa40d92ad7dc0d579b0499e71d62e79de1fdcefc438649da0028db97aaf73a83a57df8f489d0f63c3ef09582c9d741619c42502441482ceafc31c0a287a01749af7b0dbcdb27219f78840c9cf267bd6597f94ab436ba54d17fa144822c0bbb4eff820a2066516814ed95c38250ae3091203e
15138ae9ce277973681bd7f164c6c81586ff93b45154c266a50807858d8038938c7d7ceea032dafa4e9dc4956f0c58e864d6a4fca0ba7bd26622018a3afe0aaf660d31514bab5044dcdd3d3efbe8ee4b689483b04dabdc032ef43d98a5a78ce6604283bbb6a9005ccc3069ebcd48cf3f121756f204fd33d5
343bcd22768237b12d96563b35a2c10d801ff6c0dfb701fc2d615b69143a3696ab5993532010376404ef7c3e9638aaea496ad80dc3bcba80726d055d2905cb59ec81de7182738384b889822ed80a4eeb1ec41160b5551f09677a35c4c97900034f23454850be82b1281f564e5fe634b7a3e50a56ee808b0b
2499c390597ecd73501c39af3aede6366be219a0908e333c6832900280440372e8e164690ae30033133bf088000335afc03dbe82b185a7eb2b3a525628a703755f88dbd2fbe7a94ee2bc0b0cf17a200b421d720a4b7c03cae147227ff517186dab500e7d820e78da7a116b19bb7e3a64a3cc0c97fd541e06
0de2a303158557f26aa1e0c84859491bd2503c716896129e3a4373fe7ccb2342437f4d541b32f2fc8477382a241e4bf00c339315522ebff64d9907561f207418fdcdf873c0f2ecbe2202bd171288d53871cbc015e7625c47c4623f97902c18ef6e22a62aea8efa272706aca52f4b006590886ab8b077ddd4
088b5bfc5ba1349295cdc3265f5a7009515669e652496242a96503153791393957cf2fbb6d8260241b82ab7dc92007b1b8f0e3fb62ae02234ff62c3617a0f52614221d33e5a44cca57f429055145e1ce381ef287034922088d4f33f770b5e99738131837f0a2c777a20e1b061673207600d30c58a5da9793
2fc149dde4f032218dbb7226687e6713c1df23c03697c13af8b086c2cb333499dfee6dc1e432de2cecb3b5509b1dbe694ed4315c82a2fee2f0c9ab04077ff0ec618671004b73a8cf948bdb3033b110341795301c5a90298ab29f0cf2f4199aca86e037fad9d63a1df536304f9d84793672d8720479343397
16f7074f47652fe06ef4ce5840bd7e34aaf2fd7320c83316411ee5aff17f2a787a6005cc228140c45f6ef0b027085800c7855599e24c9f1baceeddc006086f403978ff402d6cbdcbd691121487c0572ad0a5430e99ffab6e0f543eda6e68bbcce2e1a0748fa831381114c37ff6a51215a17417d67daf46f2
3c443504d1225f808c9275c1f3facf0ce2747f23247bb234f37e3707cd281670005e0d97d04349ad59ec3d01fe38da5aa4bd12bf2203f0dad2a813482b823b2bc7b6c41383361f82d1b5153a85c1eb1daa94d0a3f6714aa174b126b8a9c1f59db002ef6828b4387b97301fdc27627edd5003de6d8f71e530
143eb18d15066ff11594ff8cabcb8602b3299e3f04ad63ef52cb074e611d1d8ea95fd941e3424feacb9a3cc7873e95819ac2caf533b14fbd4bd681fb0d128029ffb5b372dc64bf77b4383c3f3bd6e7426d21a249424fdae4199e00e6ebd76f5f46920b69d84f77580612e7e3544bf28b432f2d9d871ed057
1906caac7922b3c1df7929e60b141e014cac1b868eaf532a9e530f537b990c0d3d6d5ba566225f288395111a2628087b7acefc2951101ad65d9e6ecb140b5e6d2ab0bfe3a11adc193cd281248b7ab1afcef4d2817929d0eb373215686a5005dbef2240c9e14fd101ae155cf8a6f7530913cac17a7044f08d
092bf9dd785c0681ca54e4e513671231c3041861da487239ff6afeee17db3638ca845618cce3c5f9e0aeb347f22fd7adcee0f83192f161c711c8b2b2043b066ea9b94b71dd43091dee7b4f2085e1a602bd8fa34b559f6aded5080d050d3fc2a283e2f7c9501c9558153f81066cae2d5701b37d0212453fcd
10054e5c61dbf960d6ecd95f40e44f1e7c6cfa54ba3c50645840cdeb23532a328b2b1a336832bf0792028aee79019dff4033b69412772b683cd0da4b10ef6e065cd99fd19c59cff3cda8ba12fc3f6fbdf9b6916d669f884b53782e80319399d1e4423a801a100703b124d2ff09dd90c40125da09f61fa3b7
2809a0fded8c3cd02b95ea42b12d9e078551d8e409a3d154c6ea5eeb64db18cabf614a3bcfe0031b838cdcf0c00fbd1590c82c60c0f659f287a891f23bf299069b81a190e3d1c4c7a3a26f3ca53429ae6ffba1fc98aa70ce9d663aac20757313c3710c937658bf4c9e2cd53ee6ecb80f93c21565891049a7
0bd6910d22d3cd62aff1c1585e73bb2f8c9e1484d54fb26bb98db9b9d88022adcd9b4b592620317735b689b32b05864148df61ba701c3f3f9242e14d170a80ed51b888a3e883502b65ecaf0466cdda4e8995d3880d7e9b9e2dc535035682e8e1db21a7674794d078c4084db46b763fdc70643d350454a436
050e4eb31bf694e219cfd04aae13b1312fda642759b421629f0a0fff019d232cd8ff289bfbb027f486dc6c9d410a275cc1f1dde5d26775bece02059f2d48b1ae8374829210c0fbf52746b51490e5467b0150c3f78c1b72da268133c503e9b21219a1064860437536ff114b139f2c2b247216342c5bd67a9d
2dc6ec500f376331211c1d3851af66064f43fbca5c1bb33cc703680d240a09a876abb4b7da615779906f9b80cf30cf9d04b44c90c0ef9b1c6b6eb01317a293ca296d39439a9964966dc0cf128e44ae502cbf809468dd63a5231f31e1a2ee0c31b7c100e99879e34fbe3e8e42a31c0911426acbbc9278a998
092c5618e47fa7b189fda29eb3763e08e430397633b4512f8e552ceedf7e355f7386b8d1910264747b8bb705d8209375a0836d36231621d939585888336eca890895ace358c91590bbccc42e09f52c77d4a51202f7b2b7a2743612b6ad293f109d43ecf6e59331ef2c07aba03c18f20b3093b326e8509836
19ac66c08498f6b1cec472e7d92528213283597430e801dadda5f597ed8e377f5199fb1dadf2bbe2386e9a7435201b46103e867ef3a5a964b52815942fdd82681fb91dc05d7db9652a9c1d06dbcff083b119102374c00a2acff3366bd455b7970fd00a3a6393e1ff3c06490595a773fb931ce781b19573ab
0dbaeda351bcaf239e158096617ba53503605392939252b5357237a6e0a80cd6ca019ea96060f54c66de751c8e07f1e9eb7c68e3d15da9f7b4be920217065da2fdd34b9293391995a4d3211f4aabdeb56f46e290516166e17eee07971e607c54fb40a66dd6c9d71bcf17d25c08a87160136ddfbf73060e5f
1c5792b6cce220b2d6d2c278e4390a33e58d3a9aa86c50e892d1de2165990241ea78dd4d1561bd56db3e0e44c1205c17971f441e3148d68399823d5f2697c5ff217b62603720a4732077c62c4546dcc3f7ba12533f13cd1183920f994741ae3e699198c4009fbc9857000c831b384a9d90cb58e73f9b2bb5
21d2c23a64f208934da78cc63dbf6d06c337361a49cef2c1ea53bdc68bfd37c4edeeab8b0f8283621eb5513b5f2c6755575528e4f1f066507d3b68213709dd4dfd0e5251c400f96489d8971b317b1e3ae1d551ca749d898d6b383487db01faba5e81d5b5397efdee380093cbd6ef3e5570806bfe0d86f7b3
11e9d239000bc533cb92470f9355d03c5442b1f970b8523a06c7c7075b9b12bd5e96c87e3d5329d21dd5be7f6b39c315824e134df2ed46a560f53011043e2dbcc46834128ba2218eae51b002915ff093a270b1593df5a01d87362fc6ffd01f0e6e81bd8fb4d383d5ff36c7d842ebac4c2247f38b84a98c52
1c21b73061d7b5700249aa651ff1c80a1fbd0ce6d2e67312a308b3fd20641f1589bc09cf688059051b892cce6534e355d0e91a5c72407ee63a6de7a4233ba8cfdd8640c3f007be901b90c5165dec59e44b3bb1e0cd50c8bb1f3836e9abc7063d3990f4002c7caeb33a295785af7994ca7356d86768719a39
2b57e7b7795dd1814d4cc314e25be93bb59fdd2a8c3852bb61a714566f48372eab195375ebb2c26349e69b9b9112af0a9f79df9d82c74f2f575421f70ba08f79444482f33f8f5f09f5d70530d3515ccc2e8eb26c91ea1662de2035ef8bbfe54a4551c4fb8c192d776d2ce1fc5325faede0323e5c374d6b20
2877322b370d1b63d667f70b710ee6030491345c424d705773192d2b64b91d129037ac4765e1f3688a89c44eab11459dc96470c213dd7106fce8564d1f1b7983be1f0241f30463f5e3955117b295dd67d0f6c1a49816e894896f1d7278fb54bfdb13e8a12327be684a0bb8667ffff0d3a177caf6bf32ab40
1554bb71684dd03307ce8be545bf1a14e7e65f06fb49e3931e66ee7c022305226a9e89c22ce0224b0260bb29aa07fd6f891c1be9d1486e6c516a47c223ff30ea65c6ebd383c4c77f14c606020f60443042f7c3c6c1ba3ac30565037784327d4b40f15e057ab88d0c873cfe5b9a0a5ebfd3aff82e91cfebf0
38dab9b0fadc3360f9e20e85e63447191c381618ee99515be59ca2ae0b7d22a2e2b1417a5b1293234348f80dda1e8ee461a4eb4e731cf3e89c2135031084b97dc2b5c3c14d1283a366e2fb25cee8ef84e1f4f29a5c7ce22afd8c354ebb36efedcb304a1a2a83703b462d77ca4b4aace2b09f39903327a830
2c9be1b054d978e217023344314e033e453a25ef7ba2a016da7675947435378e857cb8021d83416463bb0ccad73f89f231640b7a6031c6672dd11e46216e480d6c11c482800bab971585712d855c9cd846b340b1cb1a133e2fab0d74d4213d3bb411ee013b860d30283bde747c2455c55288dc055fd199d6
2165c30411048fd2e14e0c08fcd74c0c4bef91c7faf4b3c603bc37fb7be728952207ddb09fc1b74151bbb4572811170706deb4db7073b957121eb6ec171946a5133f1cb0a88ad21a9f27333fac1ed380cf13e2d033d7c1ef742618a8ca55788daeb14c181836c13a633d7c1dcf1c325f13d52d2695651102
0a4000a112b13011e9a269fc6ee7692c124e7b6d1204c20c146c0f8f53ae0ae4cd7335a82d00b97b1cacef27822f9d93ec9750db3208eda0eb81e3573151027c39079ca15db4387e8398513ec16d4b1c6903108e9440120b28963e52d242380efcd285f0b108176b9b1855e19dab3b7fe004cef135f02860
335fec1588171bb104aecdd3e4772033da64e48941221115d590be60fbd90dbbcabacbddb2c268e4ac1ffbaade30b43c2ced7e5de38942b06452a4920c837275f3c35bd02e4b39622ab8471d1cfbb7868a0a72bd30b9cd0dc9fd08402c16225c70706c883cccbd9f4624eb293934b75a920c36c53a06798d
30f1baf542a83993ad5c98191bf302241c6ff4b719d5f361c45436b7351b2506f4a0389d1923e4cb0b14b2d8dc02599c3b6041c7f2dee1f187396d6522b29fcc8a1827d28c15648db169be0cbaa4f9f15ae562bd8a769b30438716c0df3d2261e991c6f20788ea2b4a22a3180b4570cdd3ac57587d7bb02b
207c39747b0fa64206ed6118540ede1c3edb3605a38f937c21d8dee7186700eeae6de97255c05281171ebb155225dda73380e9f7817265d5f0d947d2250972fe98b1fac195504673661c3e1bc1d093267344c2428ebb2e2606c23f3313c99e1d9f40132a15d1d3963c1c006d9fc9aadfe2e0e0a56df7d36d
35217735706f0cb2516a2addeedeeb246c6da1bc1c18e02d574cb8774d4d0c175b24713ecd02ce8c24bd1cc384121518d56e5f4053a15ad17e8af915341dc5d8c6a2c17245db85d3c5d6e11f9774ded9db18018bc7c1496fcd342f072b5acc5bf4e055d42d1ef546cb35fdd9673f4397b12569c410526bd2
31c8414dc35d2013f6ff463eb4d6d838fdba2ebde1e6a3a8aaec9149c3481ad1c4f449ae5ba24607e556b9ecf234d4cbd686d33633c2d757caeff5ab2537dba907469663ecc9f1789c97873b5c34e0c3b195320c12625dde6aa93bcca80ad6c807d26ce3d43f032c9e1696994100ecb1c1c92643505bb663
013b727b58af1fe12123547bfbf51e1f64b90d049bc55066ed87c105be8d1a8d8097df083c5357350d7cf443b03593b8ed16057bc2daa47b47acf76c3e65e62fb978bd02c5e55dbe6e9de418bfb38bf1e2b332efab4bc2bd69c20e6621f8754359f2dfdc97e2065e9f2363960abac5126060eeabbd65fdae
3e9357cd8d65d3d1cd3340e315c17718cc4434622eda2088b6cbff1de3e320e24920bad29b337cc6f9ec6825842549e918e3f827f04918018f8724c928a290386984a693064f20762f7b15364b945791aa3642cade26cf16cfc121fd49318f082ae2104b12c7bde47916bec100d4590002291696842a4504
007ed13fb7fc8a612ced012f61c85f27517ca693c0e311200dc04eb8b7fd0f7c38556d6625e26e75d5bd54f62c003f4279ae6859a272435bee453de51962752ee7bcf6f0e9a1eefaae8cf20d6a453f8957a1f2903cd81b0d7f0b398dfb0bbf9c57830a34b9187fb7b20a77969f5a23a42259ffabbb2fc4d7
1e950ac2d1cf7f50ce3200196fd79f29bd9dad6e937912365e19120dcfe70d48921191052f32695df5dea3f3e70b1fb96edc458502a0b6131868a88d2b010ec9f8896141dd426a9ecb524f077d59e2a57fc6f24dacddbf84c62f173900662179d620257c1566ab08cc3cde751dfc12fe60b3bf115b7e0c5a
2b8932a6ef72451254c35c34cb3a542bfc917bebe8785119abaee40b28d833f55884f6aa5b1388b0169d4721e736937ab9e737d9d018c807c41719561ecd0d8ed41b4671f40a23b12ef6402f81823265397ad3a19e806a8b308e21d26c6f7cdc13d2a74b6cc2d4f49a299b7919c6d441319bb162770bd30a
338a4a5b745f17d3d6ec8475ca824b2a0440f504c91443ad1655f7fb76c22cdba6e62ebe71c28c7e69727198261fb40a6904eaaa4282d9bdaadb564921deb1916bef7072a16efd542b3b2f33e43d68af7640e215374a42f3cf481517db6bd616d472248d94733921bc0532640f3c8d62e11c68a199300455
037469c98659cce0719b854912187537699ea5e8f734f3b63528ea860a962f7f32d4026a4d012c826b7666574b3f17541548355e739fdb591fc031250cde488b78132c430ca5100ba4f7621f69dec757ceb4a02271d04ccb9edf3ece1a90138209117e6ebeed59940e3471f300dd999b726e531013ee8bd7
3449dfcdccca29831eff4a15a4cb7006063e787b4829f04c8a4e498b5d9a1b25d8ae79322ea30f359b12af328d3557cb11d4067443bfecec25ffbb8d1c1935b7102f9cf28f11ab2252ee6c3e1486bb08ea0dd29e22de16dbcfbe023905e5c0d5a1625c858ceec6681312b512828114ba33e5337d3bf3160a
0b76e6a0141cb0504e5ec0f2cdbe530ed5d7e50e8a36e3166753337d005c3c33060603be30805d6240dd0e65571e9dcf33e675b9f259bc6d33fc1c70222912e12544eb239421be81cf321e2364b539c91f94908b37249ce58f360c5dc545a5635c638935ae4c5aabf9362e52379c6080d182a429c9ba3970
01aac842cbfbdbf2551d3b3f7cba6828cc3131b64d49b1886604d637e0620c61af65eca2bfa1e7441f4ca9e6513f879642711160015110d09dc7988a374f404f252f29702c45171d57c9ed24f6588a2a0e9e20653115baf32d1c2d06083666fc6cb1bb1bb86c27a20119b40c5570c44b41b872a88d94be9b
0b9d03a0524a7cd120f1ec3bde57e219fc58304f3bd1215d4105d15f561025bfa9ccc6d18dc07d4cb91c43b45509ebc3a0619395c043e49946ebe511031222a17a4f594153944e4e62966336771b699c5bb7c25d9045e323ca5732524f172e861d912bc4e0bf34e3c305903e6c2f4d06937b8ff46f8a6f0a
20d104898ec2b8c34b3c8c2056e62309c99785f55267826884c9af28f0d215cfea3df8a3f4106ac4e3e7355dbc2ff3a4869d40e2f3e112bcaf22e1530decf1386600a580869be79cd9c4102eb086448894985322b05b8fc09ee30545b3c91b210ce1ea9ff3d78e3adb11ce88829cbd0c4314fdcf934d9558
19ac2b33a5c97151c7f3974d590b5a065de87dfec72c93ff02e742af91803c43b98df117bce23803483841ad3e1a0d5782ebae1a82be45adbbb2b7f20a7abd578c65f5e3558e2baa2a86913ec26d5af15a5ad32e981f56050bd00ac3b92fdf1940b1f41d5f74464ec02860c2b511519e31cc6d069b58f4c0
344e8bdf1ba266e0b8c2da8543ae951b5a2538a7ec3042c6eb56cad2fdb9040c06464b80a1700e7abb2a1ac2d714203eab83b4412391a0a3665b7f6816ecd0b627f2835073ce469e43e558023890f4f9586f22f1a828e6a627033822300494c6b323cd3277c9c9ac45339ab5d4b86ceae3ef9508d40e4251
2428eb4f07530f804f7c9ed3af28c82d3b787090603da126922f59fda8d8244ef1d64f1894b01c4203432e2cb6005826bba90e65c378c07ab284e3150d80698277cbce614b686a370050fa0011699a19590cb1136fbc891755b626475c380f8c1e431e4b2a4ed7da3a09a0f99905e5f87014e15bcfbdacc4
3a331a9ac4b8b7421f05f2d34380621bc53308337763e255604f9000f3182f1bf96a8c2debd088302c9aee55c02c355b5326c154d2b61de85a515a6739864592304b60e3500a5f764823d825dae0560baa8f032377f70040b9570b1953c716d1fc826750c47d359f713d591d00dab98a814f6999100618c4
2c54a2fc7f58d39393ac51c87d332010e7ca9f22d5d5500322b2d2aad564245b22a960ca8e0067c275c91ef4983f8cba91551e82a38de59dd30defda2d10125f9b5b4aa0fae7e5eff329c327bbb29044f04de1518c299e8e174b265204ac9a2c9f40fd8db57361dae71c446d4a7f373c20eacfe13481ab5a
1bbedc6047d8ddf03d09a35c50c8991f25133aafcbcc60b9a4c09927ff33029515cde24a0c23ebc8505109fa562e4fb534dcaa4a637935d7260d243c37373368778db5e2408a7179c7293b08a67c194678b561f11dfef54e1a2e2986258376cdbdb32974aaed51f963019118d9a01556a36e0ecb6685e332
08515ccecd9652e3b413256b18700d3e67cc24e8e0476028d00de7a12067317f81c3ec66eb21863be8afd2ce392035c238ac87d181d684a5fdaf308c142e4edcadd42e734ccd5b7b27deee24746a59cd324591b53aea649adb0115dfb1ccac1ec2421c26266cf2180b38f58fdff7e17a53a3451c4010dac8
35cc4ceb248f3a33932659d1da903f2e0605d1189489529021f22461f8b03bc434e17daadd1286cbdc920fa9740e148d0530ef97c3f8de06d0993d600051bb2ff992a460cbfe9bd290c0db08f296e91fb677408531004fa3b2320530172907200791d9a2e295e90d6e08d1ecfe3714856284da461008bcd7
25ffa66ee288828220359237521ff312c2000f85b770f240048b93b483b607721811bcdd92737a9b5b6d0f47903136d48a5cc736700f1117e69b416317e59fd46f8891927f02f49ecf81ef04d7703d57ee58f3c812f8e8b80beb08d09dfa938c37f2f3d25e052565c60b5618ae95f4e1e2ce9f7f03f57bf0
122c200109af4d4235bec5d56a36d02434f3cde34a09a34be75c12b513b618f642f186dbd6a3cc6ac6cc3d9678369e88a7c0787b8289236367778d0b0f5a72737b4b9d61f5d87676df8f5e0e4b6c86b8d660902aab4c7860f31507451b8a8ac63c90ee9b8b2e8b32d92e80874878beb1535d94bb6eae8c4a
073addf6ed547532daa21bf89eaf9320ef37034571cc905430889439f67407a270b82bb6a5d0ff65ae4bdd78062307e5d29b266f210770bd4ec7c0c617ca01b1f463ffe2e24248b492ed6329a59123f17a46d3c3fb90074d89401a31d04077026ca398c1a9f2671fe5237ade5aa4807892a66d0cd9001a0d
2ed72239c71335106b5cc697648ff220c8feb37283d2603e520049ac7e200abf3492add6a410d14e2ee12c928431b265e1e41cb4435e9f47bf1063183b733d0af6a027f045e2b3f32ed87719438a7fb5ef4402beaa33f99fef41327fae3f5a9ba3d22f8bf12f2860c501a26f966ba872b12eecc28628b9e6
14c0bf9c49e69171f22db12ebb8a923fb3f77fa0e07440729efe94e8bb030934c58e293108912af1bf5e8e210a2173fce939f85fa05158b22be12dc8387db68e08f50822d4f6fc8fe120f21c48650d4c9fa1c1a8fbd43ba9236d1e2293fc01b5b912ef8aa19045c45e16e8218f92a305120b402d86596ab4
108f3fded8ae78504b0d57c899a3cf0b9369a08f876091ec91795390615e0b6bcd0ee6e001633326f1e174929415d2ee079d19e33387cf5baaa1fe7538843c518dd796b150de66eea4032816137518fb9c452386b66f71dceb7630c86ee1572f8823c4df75d36fed1e0ad5d2e0370d227255087da4ca8d58
25f695540b28b0f0cafcddd100f5f515883fd5f2204e70fd89b64a46709902c86c7e42aa1f134256bb6f3c52ad29dc002daa9b2902a02fe8724f7a3e37365f0dadcf8ff1a826c17c44496933ab16633449cc13635e13cf159ec513631f1e9b463003ec182e8f627d413adacdab127768201884b11e95bfe5
0a972dc6b6e5f4d145ad60e1af031b1ef0034c4d763690032525e29abcdb1a6baea42fbc0c60243ba0a1bea5c12ff37f733844ab90396a121a82fda037f5686b24790a7028b0b2205e8b9c01300a13bdcfa56153ce5ed77c5d782a7732b46a2f6a11855e071cb2fc503bb2d286e4071f50e6c4a51df8e8b1
3985af473bf88e71c9ef6e6f2de2c433e0fc93240f6671c1806a32870486365cda47101cc052b73a48d0dc3816269e7eccd6afa102a239f7a7265f640db0e413ce2df163f2893b8abc8b382a5d5595bab72981dd29af40287f843d0169ba52ba17a232083e63876e720267ae8d8f66cde238d9c144166d64
3c74e760390168c2b0f59857445f282c3c7eeaf3ac96400715647623950a179111ad6b732c41eb23054589a4d42f2c81216bed7c207616901fc85edd218e8c5dbd73ce20389281a32ab9932c8b3836d41bdef125babe23fb5809127624716deb1fb1e032e77a2e5a513a77e9012aa537c155d59466dcfe9c
19a6a74967880d01773fb760e205bf195f9bb4ef927ad3af64989d22312510dfc08b2a38747121f6515534cfd81c2ec60a7051a9e0ddbdb24a137eb13c041c5711366110ba44c03ded717a36e079ad7a4725c178ed69bbec822c217ff492afbe10a1ceec861256aa8306ee354c11abb0d25608bb3a4b5ef8
12cca7396513c461036b84dafefbd43716d42520678a62b9c9b2335bda30124b727cde148f83a5f49dfa9726272a12a87b5756a8923940d276fc2e291fb61c3d83249e4247280a979cc713379324de558a96d0a73592c95da0c41b7ee920231c84a0e6499d68ec2ae1041c5beb2bb47d91bf7ec2123f2333
2180ea9ea6c535e0d10db2c28bf91909401070710c24307f9f71b3d9cc1516c6cf783c543493f243fa117c3dde2853aef0c25e06132ba75d90af39182d0ad533d16555f2bd41df4b042b58230a5cb89dc494604b044f345e738418d76fd7e9499f33b77b5ea2aada5410d595098e892fa25f72174e638e42
0ba29dd162373061f067ded60ae8a60d22aa5b59b455c079a0afd53da7c813dab6a0883e74e2f124853881bce50047e485685f39d002e97287432a1002b5d10e31d40c70b0b30178e940a90cacbe58910d6232ae8e00fad8f04b077db24a03ed45f0d53aaef6d552f92f55e38b68a291020a8ff928dff955
198891c8cdf6124303c3e1ca6011b903ee7cdb57db5123731f200d48b2a306a48a12a3efba43aa7106c0a8dba415ab4b91df12a23206061c83a080e50d10e6fd9984216290f052b977294f14ec5a27290405803060d0764998e502b4156143070953704fc2519c591a1e7f7efe21a64141451f88b40d8a2f
0afdaa37ee09afc288d0fea22b408b3ef88e90bc0154c181f00e290cf15311c1b60410225f42d1c875cc04893e3a523ceed71a3d6212f627515f81d72f9bd1695e08cbf2bb003625dd01b738ec7f81bdcd2aa345cf8ca6c5464220cc62e49a887e4316ca5c8a6e522602b722feae3474c211b3e7e87b5b08
3999425653b6fb7015eca80c371e1f282ca8738078fd319448c30dd963b03f9f95288f87bd0395f5cf8a7e28fb2af8caae5d036b926cbc6c1fe19cc2350c718d59bdfee3a9356d87b0f315244716a20153ccc309759bcb081e3b0d48fd66ad1819618c35c10df076f8131053fcf6ebbf5008fbcdb8089a89
2f119c7fb1c8a172179d1426cb48b706548107dfe868b01fabab9ac1446b15c3e6d72993b6b3d0e81b00fa46df13d0edb957300a52570f8c54cb4fbb0aacae02b70f39b1277cc0c9bd984132e9d47ec1527c319fc007c79c4bfe0429548913671af19351447b0121232ef6e1319281c4e1a98ab79c383c3f
0ad71fe26a96cd1353a9c5e898a2322e237507ee1f45c057fd178161814f1e0860d3e79010814bbbd56de066e603e4df301df4ac80672569972ad26916e9706b717bee739d8fd71312a08a0ad93b2015adab32ea478cceb1b94108a0a20e589cbd008049aa7b2e7010318b4a901c54e020db3a1cc206d798
25c9931e434d54c1b47ca3355c679720173aaabbabbd11ed76803a30074e1d8ff87652e6e4c073207fd43845bd0747a86c616bfce13f657200408c2a3e10fd38c27653e0821bae31794da809ec260dd7609492fe121d646543d328607d565a138ee389f1a3a37b65f63b1468485b1425523ec002706c1eca
281afbe08b50efc1988b7b673677db1956edb931b930e0ffcb4d28ccafd03d81120cd4435f32d72d12dd0dfe4431b3ae0a8b94c3e29242cc6bd9d7143fc0f344be5b45820ff4dda5c86911185ecae843866b53a327ed55a8775810fdaecee73b9db0fc1429489af3002acc8226b2b0b0d08d7645165a217c
04b02d2c713555d1fecfc1a40900283c417ee00167401331dd64265f9ab5164a951539c03330e715e666d07c00132fd156595965c175ba3bdb84d2210842baaf27855cf06973c6a68d5f0f15900a0bc6d1d6c30bda5ae1aa4a043be00f3ad5cce2323083f54189129139ad2a1f2932cd93dfa9fe1aaf6531
1fcc0e8a26155491b920a5c569434d1a38ff6911984b726d4f5530f912cd23af5c6760d7d801ba39daf11bd0701dd4f0aabc20c0e3b649537dce53bc3dfcf3a8ed9d90f092e480e90a01c60d78e4f2a892266058bcbf29c2965f049b5da8017dcbe2a1f4c522bc47670bda5fb840ad04803f7d7ebbacbfa9
0a42cbeacb9d151179355b8db36b9a1ddba6c4039b7d32a7c9477f48348e3e398cad91ff098361cdbf1c645b65362cc3798c19cc33e6bec199b7895228a5d9820dbb97f09c70ed520c6bc40812e32d283dd5c2a747b40053cf5b3168f754075a6b52b2e38e80cc1dfd2794093d3b16ef901c6d9e9df51ed1
3d7281a61c0ddf2200287cfbd69388052a999835edbe812fb0f3e4465c661e0af1d070f9f5d1478ac45500fb4a2df46bc56bc5c6f09c6e98f3693e183bf3486729958d3264c0b4a28ce00b0e1ef56b00f636e10d686b4ab3a495384a4e96338d0cc3077a92483f6bd93c76b23d6bc45582d7f0f98005dd43
35d71195b0702de2358c180d2229e6095f2afc6edfa5b007e56fee9e286226140d81029bb3238462ce2d91a3760083b1fb014dca20b98b13ceb9a20b02342ef815147f5065bd7eea74e7a83f21078860424333d997496984acaa0b2dbb02d1cbb9e32435d1c60677ae2b2c832db5b655b35ae5bd87628672
2c03b3a62672cd91d58555988ae60105b0a0807bcf3010827818ea660c0b3fe9922ab4ecbed3bf84f4b19990fe1cc3cf82a859ed33657ab2a29323d73dcf1892913ab9231f02a0508e6fd23f727fa9c73aa1014dd40b711b014e2d3b8f7d6e43ece1471de004c06cdb0572983cf7a5ebf367eecb4c48c0c4
0596b42900d91ee38b491aee1ccd83263c982f26267c11b030044a1cdb5002da7f8208dceaf29b781211a2bb3e33e316b56ff22c70c409cd25e56dcf322373f36cbad2d36cf3c30cc7c01a05844d1e3d323a30b8a2e1ba1182210026b84dcd5af6319e14766bca6a91059e362e95795343c8ad51d6c9c52d
04f284779d027e3020072a3e7e113717bf3ebe6f65e8b11d6d173725857d12c4c69586d28630d0c0a79fb3a8bd2e36411f0a348c6106af8cd78c03350c2f598c1f3d2fe0bbb6df79d748cb384cab2ae78a4342ac41515158e5761e0416b5863a5d5171a5ea562d14ec0d37ec0757a0c4d0da1e3b7b2381c2
08060932cf3e07b2eef753eed03a6513bb7475ab63e743f0cceb3ccb03da197a58defdfe7091bb65508ba867240cfc0fdacb1209434a1e9a778a8ae60b59e34830d7261170b7a2bd68b6bd2c3197c18291c72091cdb2d0aca1ac0ba3b7f322671d62fc676f7d3f139012d6875a246670a13db3bc1c8be21b
2ad6e2191bf2f6a31a136b200a4ccd29305e38870c5c706fa6c11cfe2bde083a25a203fd0f900210496afa27bf12820c7966c148c3eded7539102eb002e6aa72d937523394361884c123f31dea4bb0fd9120118157db67bd73f81800f866b5d5c7018736ffdf8696a2044100e55006c583e9c4245071cfad
2305d393d9ea45a03deaaad8425a711638646e1685afb21d1af7c3fda9153982e61a98c89332158b6a93ddabf01c72524bc90a7e10c7c12d45c20f23181b57e716ccaac25188dd3f1f9ddd269b40ee705d08b04021fa16f527cb13ea364f62efb43336ad08c1f89cca08e3bc976d984802267d469f4fce7c
130457209fb76cc2b22a441f49fa081c077b71870ab96041a4c244f21a1014a48037074e11e2c3293482664aeb060aba76210c8a50c099d22c8d971d2b1e66582aedc8f201854538559104121093686cd214516c22b6ac55b48138cd809ef8e37f814b81c42f719a2d1554b4475b4b1fe1f76285c3415c72
174ff0c6ae9f32639ce8e9d26be4c10f63d3a91f3526735dcdbb180b194b07a625e049287751226ffc00137c82257dca31cd839891e0df2bead3780107982e667fb3fed14c16b6ce1114b43d00ec53aa3b96d0655a0f1d2a01f9177e9be1489166205d7d0afd25e9cb2c7befa4416021e1f3bd667f406c62
169744a9be342143303b39511d4f8c26991e8232d3d1115a25d33b85a59130a6a908ec4c3e9018ce7a17781b9c2e672b383847f4f14e7ba2407de7cb007a9aaa66dbb7c00dc7d1941d0cea36e2c9f4883c0ef3ea9fce2e2602100076bba2d4b876c2ca6a96b888eeac3714a3408940ab210e0dd853ef0daa
000000000000000000000000000000000000000000000000000000000000000000000000000000000000000000000000000000000000000000000000000000000000000000000000000000000000000000000000000000000000000000000000000000000000000000000000000000000000000000000000
3f3e52d1629000f276f266665c77602f1c1123046e79a1d03ccf66f54c311eb7231886633c02121f12780bbbbd2b7a6ffd13683270d89eacb09f9feb2d7b68631343890166626f8f937b48340a5c0adf1dc0336459ebbc30a0202623d0c3072a0e531913cf75b5d21c0141926505da07a38c9c570f8d1a6b
37faf6134f675aa343847fc83738a226af957d3be0fd114162dc7f5cd61037755e9c16f7b733e718e88d0e4eba04c1c2669e814af374fb3bbf5aa52225ff4fdb19233b71d03ed4bddc8cdc1aab5990c3d3c993a837682469323936d39d37949244919d06e185b5130026686c874e87354139551678d28308
25715d7fc7bb63122069365c6ffdb40bffa3e050d5cfa35da601634050cc14630b5aaffab2b33efe5ff0e8b5a2333d3cc1a8f6b17157a599d9d8b02416d880290d8dad516c6f95c275fef3178aaea5e4ef2bd14e47ab60641532368ec4716f0652e25a8b572a91d2971f55fb1d44c35933270621a97cc161
272098b342bac43292548295a33d3c0c9374ab7a43de23e7a88b4ae86bf1133aecd12d1509f17b282bb3dc4253379b52ae3eb25082b9f643f522d66c046176f98ce1a3332bf86768ec587822c96ecb59f5c2e3144e5c01500a0c0bbf01275df405638dee6fcef32c69298c7fca1126d860eb80a4c72e3459
008ca41563f08e6065d2039743ecad0a0e89c1ec26abc327179b36f712e6192ec78e387cf8b035ec6756a5bb442822da96360d60211355cc0854ef4527bbc0dc44f0f9b3c1fc304e9eb6840255d389d4bcd0803ac495d122f97526b43dd158f51c43d4544e216df574089a1ea74b0c39727253afef0c3e54
287cd1484f1669f02e27f6d3e2816c06463446d0d9d1c2decae27406b62330d0a450896e55721bb7927bab443322c84e7cf4b86990948c7da9333d73392640ebd5cbb2c339c8b463d6dfdd21eb44889ef8eab2960a92ea02dfaf350e768286f6e0924e69e7126d94a328bfb1e932e87d51423fa28bc24d8f
0a2be28048475253f4b5fa49fca2301de1c0bc31d12071a426b7c425c6910edd5b606a5710d2bd73ddbbffa7ec3b9a2dca90497ab0977dcf508821640fca6463a7c059032f70a04c2bf3753eed2301f9d2fd709ce3b3fbbe5bd71735472cc967d7f15211bb370e1bd30927a93eb814d4c396bcca28cb5755
0562b6c2f7a84c1350f213cacb550e18e6f0442a5469a0df114570c1268e22ec3d3a6015ec607238932f6674040bbc5e9b3cdada921f19853562f8912184bef150f10252df414b00d501771a83b5b2f9bed0015581c74c62abc127fc071673209f93a571032e86549534b283b1caf62a93b88e39eac4a4a8
3160d01638356be3154032bb4210a90a528b991f3781a311d74173f89776392dda14cb8e9c924384a67af6871838d2c9a81f3ee4e19c584b473006370279f6e87dc2ac73c20af7e13b485e39146cb28d5cf5c1e92a6fea5cba03212eeddfb8fce49080d2571954c9a83d3c226b26df1ec1df29e74b120833
17547ad87dbf64c2f0b871745da3012ebfaa50aae96d30084a7a04f27d3101411d06679f55f00374641a701aa2079b6776537c2923390c89d43786f3170dcd38a2b54021dd066ce308b3ac09af0cb9e92c8963611e8f59969e3535ba0afc189ec5b1e4137376a753eb299822841ea1f340e209a4e84b61b6
3aec71c9b8f90b422fc0d11f4fbe9930474116bc16b5d0325f9c290747e7239a707d6ce3e4919d6ec1af5e88d8308a925841704903131ab14ae624082fd513fe14a51e036eb1720fb65d2b3136d579b2a6fcf04be09ac5e88b12300fd6dd82d93e91dde312c51ad4ca2a833390fe92d83324fb93f1c331fc
12f776a4d8450be36af41b710869c1231fadff2096d8931fb4298c25f68c33bb700d64ea4f5020e24432d5e5772f5c1cf836733782248d55ca8719e03063d919cc2e2080c4c9de51b69eea231db9c199066a333da9d28dba94390eb644fdb39104916030cbf8fff8770ae41830e725d5b11968e4017382e6
0b81e544dac57c81dc0d1eb5758e313b7f1a966178f7333a2b12708b459e2680a16e10ad76108d621419e5c61c140539be9d577e626697e9b680f3c52c076109721f37426d5606b50e8a1b024ddeee8f1d1100c87e4e13b240723c04d2c5f205c00159991bc6d594c83e538489e9e5a29208c40a21cf93f9
31db4b3295a02aa20226c0285dee6a07fee72505e581e008e83384e0def439c5b2d6fbb381f3e1fb091bfa4ae71a0274dfbd470bb197dd4d9c662c6509d3cbb3f49cc6228fa00e453129182a2561572bbf0c11e3df879abbefcd29cfec99c69b4101d8daaa43d7b9e506cb450f9fdf1ef0b6ed033df6a5be
1d63d03aec142c00444ffc79aac5e300f43f278477f3d34af8f406652097396e04e59fea29b0f3b6f7a034650101ba9790a85ec5938aecdfcd74fba6363b66862cd74b31a1c4698a4a02b50e0d7c89cc05b351d6e9cf03f92385292d20d1c4dbeaa3bbfc773a2ea97a3952e22d994737e3236594498ba906
000000000000000000000000000000000000000000000000000000000000000000000000000000000000000000000000000000000000000000000000000000000000000000000000000000000000000000000000000000000000000000000000000000000000000000000000000000000000000000000000
1b4b93b06c76c430334fa9593c80ea2dd7a7fb3eb02fd06e3b5915f14c143860f12e28999a73d243bae7f6182e390f45bb0db365b05fb07fb0c4d8e91ae7f82fd01822623d801406af0d1b2dca7942198ccb51e146916e166c3a078fb7157056c24044f1a0ddfc5f373a36507a1f322f03614ed7400ab698
3b1783ffe7f1b2909ba7311c780e43148f824d02ed74139933416da5fe2f2fe251689e9758f3fc7b5fc4a85020090f0ff5b9f5aae1660acd44c50b5412840d6ff45417d19a99733569064c261e2fbdeac1aec00fbfd991c025261cdca15504f8e8233b325485acaf6104a93842e12959423ee2df0bdc4616
3199fdf01c853cc0c2773e37d0ad7e30487b0db342f12306503f85329bc938f5b7f865ca1bc3e427dc565067c50a3fea8254c718012685fe4301461825693d4bec44b0a3647833edc4ce102e2321a922bf54718e9358d5d9adc21d5ce8fef2d32800b2c2cb33e9e7571266717b30638aa0f918491ca705cf
29d36eabc4445fc262625789af7cc63b57119a26d625e0bdbf7038c7751336d29fc4359b36e2df085109374dfa1f83e27e99b6d99141b07083813d160f202e44183a258254993e692dfd78358b48d76376ef73a2d3e411d98865029e052a4b6b5930f3bba47096c88420882082a74392f1a1c62f7cb4f4bb
1f8456bd87a183b2032d659cf2ce7219a4745f282939115b313a13d9e97e121a41965687132339b78cb913cad02faadab1b13a99b133e7609fc67d851dbd7e5d585a96916bf407e202f40922d7a7ec419ad14099fb530cbbeda734bb87884c2e1a7304553b4345e6bb07ee13c6abb4ad32a2c982e6f51418
20ce0c2b2ed41062797ba21aa3610315802e97a2bc3db25864cac718ef8a05d2b6fd4dd8d2320b0d1b2ebd34f51936c09a586bba72c05f390a88268a0772b9a00f6d838010f61d38cd322238723323c4bfab52dc54381e424d121469a43b97752710ef09e601016f3927a68de41129bae0ad5bc664f843ba
24075cb48ce562f154614d559d628e3012a5e0a83c9ba05cb5d67f4836252f50fa5d9e834cc322a5f62476bad632b71774d4b32d515651339bc494831fad81a36c5e38937565dd1122b3dc23e665787df9bb02c3ec3bdae888dd307ceac09a6a41326f1525ca02e80c0d95ec8e506826a063a72e93e830bc
27fa5197e54ccae120ecf84cb9c1a831b2fee8d355a0b1727fc6d2b1e5123ed1358d63583e93b601a98799b5d41a83668448012cd213d3ae5df7824707c95d24a50b792037cc497fc5021810036f132df68312237754729556e033b9de95df5f36e019b90bddf9682e1178373846f5d210cbe2324eab434a
364e6a0e96acb4e1d1bea20c89c4d702acba0bcf5374132b86a34f5f4dee099c3ee8d42b1b230d5397fb56b7943262831b9b3bd5331dc93c59ce4a1004f860057d2c7c830a36dca98013f636a86894ee115361f3b96ab27ea244353afd7034c7cc300981c1e75381c01cb82bf6c108c69300f963d781d1f8
14e47d8153fb8713ff78bbaafac99d0a818e04e541da02cae265c3657c1317644bb1551e5c708be5724d4401b3337b46b1ba302123ff5ad5317f7bff2e234af3bdd6d9b3beb81f094e9fb63c7e01ead177e191da85ee631ea3391280d40df6e226721e0928a8ac8ee0110c2874f4ca0272c6335b7c4604b1
1e6adae9f9045b22e4d02835c59a4c3d97cfda8326b9301446b5ba62545b39186ae6b964466232618a783e99fa2c2cb9ee4ccd23633c9c368958c5db09a13263da99d4634735193d8d1a9800ae82d679e51ff1fbe3fd18a95c3c1662f6eb6959da13a3d35867785f3d2f17b4735b6ffe40947a22f8b92fb5
368a7a63a7ce99238f45811640496a0414927af18598205c88256c5df18a208f6990b7d4f7b34ee8d6c43af7f03d80692cd08191c399d5413c7423e42095bceaddb8f3d3c6890aa677c152099d8cbe2dccf5829c2443b48875ab2675b51c19296dc37d5827b06e5ef62ece003dcd44b6f1b8b3cacb980c1c
2ec6ba34c84879c2395988090b7d470a9e84e6742be5d0ac410948ca87710a619686658ef2d296a31659486ef72d85a8a9d7e52e41a9eac471ef13e9286a93ad56e0eaf3d6cdc90153cf070c2c38e91f4c7e60fc228d724f5ed43260d30ffe9c0c81cdb588dbc779310b31195b38ae8801ce95b3e3d3dbc4
25a327231f183133382676762bc5da26ac6edabc989ec39b2e81d18bc9c804efd8e06b8c20f32f98e73d33181d375fbb4bca64b692edbc36b85fc6bd10cabff4b8ea8263c4025a7724742b1763c86f0244cae1d6e904ed483b1d2e10140d159cbd50a2aa47b65063b71d853785b5ba8543ebade81fbee915
27c396659570fae1f8b67a04a3a05d0acd6966cb2cde53a96800d35325003f08218a1e113d916e8df4ba4bdbd02feff6916f1bc7807e64e5a0525f950bfd9aed267e9a422b77431c6199fb17180916fb3b4591b91d3df4ff25bb0695a68b3edae8e36cb9cf55884dde353f6b2ba5605b80b4498aee9c6f0c
000000000000000000000000000000000000000000000000000000000000000000000000000000000000000000000000000000000000000000000000000000000000000000000000000000000000000000000000000000000000000000000000000000000000000000000000000000000000000000000000
2c986f54569b41a3775967246990c228b448a6cb97a21338ec2b3117a9de3a909b1d9c0e0b530ac7d7e441aa121f1177b148cf6c50d91223c9cbe4711e3409289c586830694541af199b413b4b6c56f79ecd43fa9862bbc07fe60cbe65e14b754f90c93696305d73142600ce4ff4209261a7063abe81ff3b
2ab951d434fdf620ada97ed36604a90fd4d4819403afe3fc58a40a2a047a054c38f657b35b921dc78eeddbedc92fdee78c1bbd8023116fb745b9d66a0fb3ec9a81966b73f7dc5ecf28aa170eb46f0e22e8f9f32b6348b5ebaea11fc41e5d37910d83476eb8bee7c4be3d84d8697c949a532bb2dfab5a3233
09c3c72d9b79a9a22f89e445b16f8f24c55c15d17977c2e4bce5241f7c1c3a05ee28c41407b2fd995b6ef3de5129236ff34f9412c27b4cd9adf62a442a665228e5650cb3fc4fb35fd6f56e086609457e4640e07ecfc66411ec953347291bff0133205b1076ca0a7d9602239780ea4aff629316c5681ac3f3
0dbd727420c695832fb1ef7ba22e2e323bbef3b72f5763ff92d7fb714514003f367abefa12b08da84603e8ba6815c7f1c4942fefa14c3985377a5af319d0e481d7578eb1023e6c699299011cb465033cf59911ea5a1414bbbb2225810cce1f56caa0fcae677b608b4c3d005afa048c86c3ed354a438c2cfe
07625a57db5041817309678419e58037742b9eb46b45a14ebc5775d3af122c16f8cc97f97a9199d7073af54ee117c211f985d97a50528f7e5165efb4302432405c3287529c130e15ad1cae2e3e7f370b1363515d677f5be5163b0873905c1ab0884240275bab72bd2b163d93616432aa610cdd34553e1cee
1ba7b6b27d2f30e2cce84a9701dc61143492db1120b320dbccfc203b1fcf1e9658a8198ff5f22e876cfe1f132b0f5011d56c1905c3ed8aa4b1f32ab13078cf4c1aaf5730e28cb99b2851df18e18b80ed18f7107884c1fae9b36d2c2d6a8d7a5c75e2abaffe290fb8413aa5ea98c6865653c8b6e545426c02
0e681020a6a90e520ea0a9b420a8b31a6c3c3dbbc2c1f3ee852f1cb0995b154d0ba30a100a60d042a0c5b4357a033f6f0b6fe75943c85904e57ac3ad16af5a9024d9aa60bbd1b1d4884bff003723225f1554618a1761ac6f8130197964bbc1016f43dad525add059283de21c9a92b1757182b7ab5474669f
3ddfc47c62e68110fca0480d44145a1e35d8dd8ec49cc2d413fe52b78d37181a593859d48a837cc43eb80edc7a26bbe009e2355a92e3c86a9c5f0a11117db7a12b72f781c9b11d7d5c75c100619d50192f9843b5e2f16ded979b1d959ba9c4f8d650ef867fa2fb33832443a71a37ccad401b3dd18ec68099
3a8aa74d920140609611c83754d5642f2dc3f25eecd1d0eed62e00a16c53011096a6fe0fe1a36f82bafb33f960304b2242937c4b11a869a324bfbdfe3eb97dbc0b2abb715d4cc0fb4f234a133ca9ae8983ac01f0bcc22563a90d385c1614112f8bc31610d03cb729fc25afcbdaff3cd013b49f41b60be03a
127afc59f03169303380c4b19623e01ea2b6dcd3ec4c12f303be5a5926992431545580a4565301e362874f0076006d0ed8e36d3be3a2c36b809bf2cb2431ed5911a765f095093ab32bb29925edc275bcffc8036a0c3e685dd294082500956f4b34e02f41f488b10c561a44d052a55d9ff1e9e28d5712fda7
08e501fb3c1e38b06b5efd3e4ae1521d24fb305b812471e057ecdb727e20383596ff19d448d023acbb3bbb8f7d37796c6fc783b7c0d60da19b98e09719231115c092077126c9a0b4c085c935d99fcfc74b05208361d9156ddbed083f088edbb117f1c63919c86fe3fd3f909fa1283ff44224a60d1ddff8c4
15c21a3b81614572cc11baf8b8f94725744b4b606a6873590bb050dea71b2b6b28e622daf59265723425fc54731d779629eca192814da247505c0c0830b65432b212162116efcf2ad1f9ae14ebb1d872f61b8334505b661b003101852ac1335b7c0310675c2f001fdd3e6dee4249348393e795708206c2df
0f8b4f52ce6137c24f28ad1e9c926906ac3a33d230f6f3db020f04b78b2737074cc41248dee052267db8062243089df901ecb777936ac960ec2dfc5d3eb325d9ed920771b5c8192ea0c40b1f5495baaeadb231724b76f9598e1603618cdec8aab4c11981b2932a962d111746c71c17d3035fdb07b75fccc6
1a0e86b4841d8b229c202304d590801f08a406cf357593d05e6ae00dbc6b38fa2f51ecf9535267c7d76a1fb26f1a2162f6e2f7fac0dfc01f72eaeb5b3236ba9d64b92b73ce4f405674ddc818c45addb7c775e2baaac507164ab22b1d224d016953222fcb979bb5aaf43c84ff69570207935eba757e1d78ad
27c4ee74cbcc71c090c273d66870d83e976ffa7fe5b562b1ca0379fe9ad71a7b0e6b7ef4dff1e5371822e2b89723bfd98026a9c73193712d14d744353ffe17d3531396e0c90a36d19eac4e02d5baf858b336e0b26a168754277e03abb6bdaf86e6c3bab8f6bd8c0d3a389db633b1443692cb605c8dea9742
000000000000000000000000000000000000000000000000000000000000000000000000000000000000000000000000000000000000000000000000000000000000000000000000000000000000000000000000000000000000000000000000000000000000000000000000000000000000000000000000
1281964d89365583fb6a512ad6a9581d6331bfadc9e2004c394b2f59097b29b8de9a8d497c603feee91c87cbee08eddc6a482eeb8301e72bb5d68a5d21ce901bbeafd6d12fd5f10317be1302c0ca39a25d2aa030af427cebf4b8196278aeb0a2c3309f1b3a2d4d7e1200736c1638f49100b58f3596da37c3
16588fced9b02fc1bcda736b14d848283c1f15fc185083f49c3c5b27e8a62ef4c8a385390960571fc6197721bd07c5b4c7f5b85eb2e5c86f41037f6406dd86547f2e7bd3804234b27b3f0538e20b816748aff3cad91a6ee042fb0a451bb1aba50d608811ef7d0179ef287f7828cba334c0b5ef5feec10825
1a2df949029d73530b0582a88e349733d1f9a274f94a333fc6e6da60f2b806720078c0e83eb2edfdcb6005b386079bd9247cf94ba0179f108466118631f73a8219fba763c79847384c37980369bf83a377b0916fe0cad9d9210d0e0834c3d0b6444329814c96e660312b628c7f4e2d3de38662707f71783f
0c362ee848bdc431286902c697f0e4116b0e9628c0f851fc67e91cc81521303447505de5a5813865ca07021a061ef84faf3596068146ac012d6e39841374e44c4bab53a238a83658e45d04144e54d6135712d229e17f39be403a11f3ced669fd3bf2fa79bd9ebb4db33b7d1469b43e1c7119585adef210d5
3a6d88b0d16ac620c1b8a9c4cd83b4348c4c38c792a2816fdb8ae9bed1280b18166a9056bf21cac023ce0c5e0e09a25a507db360e3d9d1bcaac338f40e97799f2a62516081482502de5c692313ab9c413cafb3febbe0b4675f2f24def0a01b8e6fe26a84d056ecc0d4342cedd9e3894e828f59750e43e53a
22e1196583decae2568d4d69ff0e24345a8e0ab54047d1dc3be41f6e0b980a2687b5bbef4853b04f09682e483a1fbf46ef2bf62393baa3928509e2a920a9853e383751838a8354948a2cef30b01fbdfde0f462ba2876a2dcae9221c6a0f21a79ee404c6b562e770e060bf62d49e2f6611284f1764b508d17
2439c129e84e2642148a916a961bf52b204d6f6b97f521d9ec381697c02729b88129628ec223f64613c70064db2a6d724b5a6b15d13f33ced75c7fec27d0891dcb6bf3e0b4a809fea954370d6cdc3c0767f4807e3fe69e8272aa05a2a90f134de67109d32df6ccce763fc31b72b9c88a60b40dc43bf0796b
0778eba23d385ed09ab602e83c2eb425945e6412bfee90f4119d25ce135d2917c0d462655e118ea742a88a9ab5293c6b0e620fe970781b012afa0a860be382f9c42949c37a1523ee00e3e70a475608e17e7f12a5f2c4bf47d56103dc93696ba65401e43a7f46763a210a1f91ea2f80ab527cdaa9b1589ae8
170df4dcf34fd10104403e623dac6f0e599c94048c8683ffc1717ad0241328ffbca5c030264399199c94cc8d3807f610e8cccd85d0398d8139ee418d0c690c664b3d3d009becce016718ed35e57b287f3ffa02d5359684147daa20bca35f3e3c35739c6003cc7aa3e8387e85ed4bda91b3ef0f0144864f05
1d624628e92a16d349a6596e26634829f7a3da410b5f42c9e65e64ad557f07e6ab5ec83ed7a1e311cc7907e97a09b964f78fe7cde046a2fbb3963919306d42f43b9e58b18729edff5eae9b19f6b817b5afed21f600fabfaa116c2408e131058efd313189b09d07c04e25d1b0f5e083c3e31ea8bf4d6e60fa
11b805bb9a7ecd0322660cc8da0ea73f79a617152fc7c2392bf9ba7c192f036a8a45c4dba322838350b1b704ac0cab5e02533234a394e70afce4815a0f2489633bc0c01260ff136ae8a4872cd5b23298cfbc10329900591160540b360d34868233215ac81d72d63f4731ce2682fcee1502091ad2d2d98c62
1d494de68610404060dd7dc58d0b3022efe927841a4ac1dd3b99274ce11c006afdb816ea6640a8b145dcbda0f51cf27334736f6cf1a93908db1085410105b98b231c9911c0b6b081676a8b262f851b9077ddb25555b0e160e8f4162d9d88f5094a61051c7d9c6ef43c3e6e935626ab15c0b87de50d71b37b
082d6e7d5914d6e0daff19d9f72e5735c943013fc0ef81638b21687d53e70ba70a9f40b16ed1e3f2fe0c0e542302c36e12d49f47a2f242a13f99cf791f36f42bdc8f1af19297ca435f3afa1e951b596ed9b07106c8c0d86e878f355b4525ef47e1824dd2616ca7a8e5013f2ee2dce4b2b362b5d4bd8cab58
029430d8f55f5de12052c4a027bdc62321dddca23dd1235bb5543dac8a411525ba142db0a6127c1f9069b797a826f424b0ccfd9ba083e954092015ae1f63f991aea76642c202b5aa33ba1a31becb58f055df40cfb0f95c42b05c181470355d91c05175f36e806fcf202a3111295500af51f791ef2825bf0b
165cd46d61e0ed335a03b5dfa842be1bccfdf7d9d75e10476a741787f23112c3c7a94025b60398f6b329ea3c91266c3b81c6396f602bc9b39167f96b2f1981fa5b09b8f3e9daa2036300112d744fe775752ae2cbd4cd7d6502270891441295a832135ff35181077bed1bbe11f753b3a9d1248d43e04c8d5e
000000000000000000000000000000000000000000000000000000000000000000000000000000000000000000000000000000000000000000000000000000000000000000000000000000000000000000000000000000000000000000000000000000000000000000000000000000000000000000000000
25f3aeba8e468ab2f63e83c21427e812df217adeac69f30fc0d9a346d41d113b20618f780fc18e5ec726ddc0f819f685f4c52faf92f75f51bb2f54cd153059954c4da6b10b70013ebea5811c03338264e060904be22b85829c043c7ae930a88860b28671f6a15952940c6caf6f3fcdc410c9e42248f77e87
3c1001e48bd5b6a2c85439a4f5933f3c50fa846d241f93ccc400438bf6b1141a283858d9e250c96411231449833378d650387382d14e30b3f2a86066320b35cdf5bfd312bae1d401a0a7d83469b1d83e5e46834de885e20619cc0afa3ce4b4bd1440a5379e68d85d000fab607764fc8dd362d506af2116d4
098de61aebd05b6226ee34aa02a1991ac9a19245bc0cf04aa4e40fb4f525371cf53af8bd7cd25d9caa9532031417ce07828edbed22d8663be29d20593353b4b86aa22f63fd7d6ab8dc0981218d9e45bd892f73e54066c64bca8420d3aa643db0015356e595f9d90ce400009f963a7ecdf1195cdaa29f2bd6
3901268a52b21891743e5153d64911023fdee8ec8d1310afa7a16514bdda01ff4c4d228a2d110ae2fb6b0381322c431606e26cf351454b8c5cb0d78021d1fdfdf64611b326e434c7e0b27b38620424f2385cc08e24c614b9e2d11c006ad640288b635acb3475ffd13e1add536d0bc8aca010074a551afe9b
09f9073ae1813591bd6822281b1cc31dc916d658d57cf0d5c6ab46607e2c1842b346d828f5e0d21df533049c24240b9eaebdfb9b01826daa3c709f453247340b8b0e72b2f212a78275f90b02b0113d824c63f1b15fe5852d7456066af294698f9801cc8098ac9a99b630aae479323067e2db39b65662deac
101b355ef796f1f35f4ff5b2ffb0963a801ff849dd4d6023c081349e90ca15ad5fd5c65036821c4c6b86e66e6701f8c7efc4187d513920dc47fd065212eff2ad87c1174349bde750f8380e13612eecbf5354b0eccad37d733a762ea91e04e57e12321a7414aba963723343334b1415651191b3b48841cfa6
128f17edaadac8a258547d72c7f78f320949286cb4d1a09606ab7ff4fda30999130a23cc050271c19c1681b0513eb200854c091d71393d0b25aa0c942704306e11393fb29ee25b1546de70089d5486928b06d1f5f24ca9f9240638ad971ab50b4ab326f726e153c82a02a2496ad91dcb518e4202b09d0665
2a936217a7080a028404a202e68c1714b5940badc0e8418b0616634795b327759e77bbfb9a12d77ce95a17cabe2d1975486114a24363dba35534754231247f1530820fd3c48d49034953f003b60bedefbbfbf2bc3bef6229b44f198c61db0ae0a2e334e453eea2cd420b18604a73181681955a8eb002a982
3268aae5e0f44840cbf739999934b807451ca78c2bd133f27716147471991e37c3fcd19abc83606efadff52dd33d2366d409f013708b16d50d55d17224a6234b8ceb0892d218c1e2b934d5183dc897ffa5ba32b98f1ffdf51f0d05339f79cb5dedd28cac8c11de109a33c40b5d1b1fc333070b470b74737d
329806429a37df80ea7a25d4c7543b33533a50b574fcb07243cc4a4a6a6e05b22215bc4058830d72ce2e24cf4e21589493cf435500a358b3071ae004379e5a771d72c9c3ef30b448c3548c20b8df74487a6a618d4cfc5ae13a730dd520679f822c006f7caad6f08d46106db5f5bcf8c1d20c04856ae92ab8
0b305f7e2c1d313396bb06390ff6c631a0eb58e29e7e225aceeab2b7e9650e0c3c15a3c8a783622ff1f85e58010dd5bbb2f6072490a53ca9429fb06c39117db4d95f3a9086c8852187a38c2c533966f1acef71ffbc88e53dfef7194c829d16ef6c3015c1492e95cb3f0bb648dc36fb33c036f5fca51b9097
2adb024bf289386376c59c6fce434b22904b840c5b50e06546197f044da0020e8085d5488f837ec69f109908d8311bfbfc21944b80e8ba58fdcba47217f7ad5f63b99ce2af31f1147e97802ca945923979fb015c402be29cee5a13bb91215d1743f299c2365c030c59103a4149badc59e15a09f7d6048335
180d3bcc2c271d6233927140305c9725bd82e8c913505330ed95483d07c731aa5c3e18e792229ece1e82ffef941e14c4190256a2a3d3b02ff996b8bf38f1fbc4ce9014c1a5835fd956976237c092d656cf5f0146422abcab7db81fcf3be2f147a5338df8635823900412dc52a2bb16d482ca22c7b03e6fe9
04d248b6aedca1e0e4f924566a4b4917e3e60eaa8c14412275b9e93ac1dd3b771f59e8851bf0ae24477d07c2ca0e59f479a29746f009e7783dc203142636d8a66db5f062c759a378c6dd0e1348d8d4f3a65dd04fb310647c7bf735693dc8dc421ff303d587b439ec4c0d5ca5defac929f202fcdce2699cf4
2c48f927d0591070886465effb98570a85817dd58dae5090690289e1754e0d189bb99a3af3c0ad0db4917c546038a357a05e40af70f8b15d168bc972355356e982d08c00d60bd72c3840da06b546c7b2b07711692e2851b8ca340191cec52b8cdf9203baa99ed3c5710a256dc9c9abe36008ebe75f7fc0b0
000000000000000000000000000000000000000000000000000000000000000000000000000000000000000000000000000000000000000000000000000000000000000000000000000000000000000000000000000000000000000000000000000000000000000000000000000000000000000000000000
36c07f56086c1830734e02563c78e7149387490f3c0303291a80978f641e19c8e4118a01f1a3d6d8aad1b2ee9b3846fe9b703817122528460d6a1ae833be42aa91f01aa3898aa1989fba893546fe0ceafdf81220be4598b94d9902eb62f4c469198001465425a691551bbc2af0065dab704938f9a9effe6a
33c3aa8c442bf6923db0ab74e2f82600627f9512eac7634361c94f9717911b6c050321ebb7e10ece0b2e7fcef41268772717708593e65b4238391cb210d9b0e3bef8a5b277adb733d2df5300bbf30e8f2bde80900abec5930dfd2d9dc0d9c892f3100e08a9df74026809947bdc6ba57e339718ffe0b43019
23fc76a31018c4d0d41c22a0032fd219e641a159aa2051c59ecce1f7171b3f2145ff0f5f8d01407c5a59ac6e933ff06da3466d5cb1befdc2031b359632ac090ed827aba137f3604233dae723659137f1f6f6b2b6b19f4eac5c7e0a9150b8eded6f40d39555fce7de992347580f3b29397356087266900fe0
3c966cb026d43b02b3eada47607c511c3880bba78049f0f4ce2728a6a138228f7380cdbe484341d02327edb62d335dce15825fc732d2eb67922de8fc23cd42ca880d03e3453dfeb939132726ca4da8553f20406f1d5e45ed92970b5aa836a0d0cf108813559b511f512afae0d28b640f03bbc198623989e1
2d99c4e6e61438d0fd33c4360384452a75c05e07b488a34b675da6441b130d1836a94456cd5022057fddd86a4f1b1b581f88e5f943993354cb39833110e6bd51cb2c3d9002012e5b5b6820014e5fc89c424252b0a80655350c763203394258bc78f2a4d50d7fcab54e16fc2a585bf23fa3cd5c333207736e
14dc1bed19cdd192bec215a268a3cd0f4f747198ad7bd0003b82a8db0c8c3e07c24f42ecb79256d523bb51995138410e5afe8e213121e991f05909e70ba9d7a16c6104130dc3f1af2653d43a3b6c193e8f16a16321912b2b86ac19ab3a4c649822912d8d3e28bc7cfc0de028e689bb5b50a29b4a83661a5e
09af0f5e7d5be1c3df3ee215f43e79341a80f43d9d92327d1dc0a93857492c91a5cffe3f3a10b66ef2014890d403d03cb4352166936c84d636229b9f22e912b2adc6e5f3ad53a28de0640a07d038555b44b860069d6609eac185037f3145231a8342573a3f25ff51b82b224803b02a3ba3ca0ed91f9604f0
067c2d0537906e71f02bacd967f7b42443ba016fbc1820593ed7518d97411549aa4d03fedd6372f7e0e498d2ad29910f998a765183045e888fd5c03300352ebdc8a12a71c49f7ca2cd489b1b4ea4f93638256217337a18f0396a12e2b01bf8a93a33a14ec2d8c744be085aebb6684887f0810a88d364eb30
30c1c39d6b8967e051c63cb21e7ba92eff9f6a4855c8c2554bd25eaed9e81cd7d697c9b87853d1ae11e3a0b6b216c55a5d059dd9407cab772139140e3cf73ad05ad377f35b75b5395c33a32ede8fd5b3c81e52b55a01f7e2ea301ed59e035d3184d2d0ce3bb4c1b3e112282659da3908b25df8a90f05e1d4
1b80a1bd7cbc9831eb15ea5504c8731893d8d210f4069202ae8a43506aac25cd8a0561806e60c26fc1588c443c37770ddd97b4649176855dc342711607b0ea0e9d857143aeb5f9c637aed5278361e02023b800804de004426c3d1b50d5d74f4d49f1c1292991f5178008a206b35054b42150189e375226e5
1a3434dcf7f29e30fef242593dd41414e27ee8a0963d21ef023cef0e95531b155c0fe2f0d4029fa15071377d511d33ecc1d4884fb292caa27c0fee8d097dca9293b045f15658055f43ba9020f570ce1c77a1f0cf62e68730c1ca157e09b25d8c1963b8edd8a1efa5cf16513b2e20d027d144060e8650299f
3f83dc56f8ef5b93a756f39ccffce41c1f11e686d67560beffb35282bce039f12b4aa456a8024af3b6b94918fa079d1c4c67170f82750ce07f50761c3d49ea95a55299215c774f4433f1012d86f8fdfd97eef037d8d6bc2038a1087af2d0996713b16e9ea7b8f65a0506e4060aec60f5638e3b219db4d584
174eb030f9ce1fa21952215c8c8607207e4daf48bcdb8073569ae776ae8a3f1e6e025695abb1829d96e1d7120401981eb1eef8ff33cb7e1784b23afe14d11d6d7eb43ad3e7f053ee31261f1699f4aad0d085a2ef329fd14a1b3d0a5bba2a182e715025c04f9a6dd2dc381f4b1ff729d25297e05ad992a035
317eb116e57949104ff752ce7a4fe737796d5fc9dafdf154fd2cd99ed7a70e00b47e609e30001487a17af1012a0bac716b565b9832daf085e181eef930ec2b42dd63b7d2b5c75f82f3d699140a7199658e885357e3ba95c850aa2259200f218a023379863922c11e090b12f6a22710f6d3546839bb49dd74
2e4f603fb6ca1d92b4c3b89595178818a519ac626b2ab2ec5b9461320d273e75fe2f277688137b93139612140135b07ffc3fdd0732178f4f8e1edf450ff7b952256d7630d62cc14ec6e7a7172053bf48df55a3fa3ff3d7d89907033211551191c4205f5b5ad6291b3d01f99115fbeae221e47990f8843a33
000000000000000000000000000000000000000000000000000000000000000000000000000000000000000000000000000000000000000000000000000000000000000000000000000000000000000000000000000000000000000000000000000000000000000000000000000000000000000000000000
04526d06e0361e9135b6f703141543165760b62f8a60e1e78381f00adb50023b8531063c78e36a0f60d383810e136cfaa9e24e46110d5713831c4fba3ebb41135001f231e32d2fcb64eb4a0040b075c622f5b3504f8b73147d6318937d232cedd870fe2026e5a54f6218e34da588b739231f942e8efb54de
3b375fc0e8bb5bb16871d1b41f34103166b500fc3e8290d47340b3a17ff522ca187e0c8f5b91efa554854d386d1b44da8826cbd8a3727f3684b5e80f2aa987415177ca80d60920ece49d5d0679baac34822893e0109a57c6c73f2c66bf90edbd661253df595341e1ec21ed25a2e849acb31da2575f00f2ed
3bcf0ba211156083172a008907809e3aadd327acde7a20bfedc638c8d1831441672105f82b13eae07f8d932145296ff98116b1401203d86bcd077a1c28aab241e4af5c12dc41fa817f551a0217907bf54357e16d8718f4250fc116b3a004124ac8a07490823b60585411f9fbe134f9e050741867252b9781
0bf0be6a59352821a2b018391da37b2fa8f41782102d20e35dbfa13399382524073df7b801438e2cdb1b967b442695ade9f0148312c80931afa76fb806f143e37292114306a67df88553903be8922d0ecf4e5032de12a8cd584f0efaae67f8b5b700d96762b46016033610934bb82be660e34c221e7a4814
2cb595795ca962f0fc4ff445eb549f05f95a1ea90cc0b10e3df4ae7c4f9f2c96dfee5dec6ca3444efcda11a9c107f0494bbaed68f34ca051652dfd002036b968cea91a201fe2b1c2d28dfe30a8d82a5c7c29c3144cd49d7d980639ea3816bb48bf23c1a41db2bcdae438c7b35e5ac6177372f28cc3f335c9
25bf29a6e2ea7750546d37e2e255d11c6430f525d07461947a1295341c9500bca1a36bbaf4a13629d5821eaffe0f4b3ef142a4abd299e25b7afe8a4b09eb2b006ff461328b953b94880ea80a114580e1befe63eae63120f97cf51c3ea6f6267cb4214cd923f9e6b7f23b355627db223e737402d34c44281c
01c8fd5685f0594237989b7ad20f5c0f9fc51ad5129a62a87c8d8838fee20a863a2d78377df3ced09122df5e63069460dc6ddf76f29e55ea20429f061d859e0b62e43fb014ed4d0563e400208a0c9eb50e30e1b07e62740f7d5d16b625a70b970c63aabcfbfbc99b0d3c7208b3f8a4d623311135a9babb63
01bab0e4dffe9c2139c06902a78c7e238aad6dbd08cb00147342ffe83caa0ed9d0021db803b01b0cd0b424f8ee0b3433d8f86254729ce3b227ade98215f044b8514c8ad30c6e3048a8d3f11cd3fe073e768b831572e46ad4e12b31bcff140d765a93fbdc286675cbff359f22950534a4618ea567bd28e6c7
2818c1d0c29b9030b673a74c3c9aab239bd9fb565498e29be19d31472dd40104bbca70d91462058dc58e2d590f237576920dd5e3a0ecf9b8e2cf83b33f1d80269fa5e0319a7270566b809c2bc2fd52be0a0d525af327181c333a1ac62feac6306fd1caf29b27791cda1efc883fde788de2b097e7c045409b
0d6c292b35cae920f91ddd2cf3dd48159c42463b1c6ea1e1a2e4ed42a21a16ef9fe4f64b3063c2e71746e421343377e6d42f8b0b92879efc4625604d2e1046d842624673730415bdaa70eb00397887d4ba77a307f7bce441cb5e1e392823e7f7ffb3b9aa1650eef0d822a1cfc019f1d512ea0cbd07326727
2acb9f08a6b9cbd3f44155800f837919ce57d7d1b91bf08595faf509509306c1ca35c249dfe1fd67dc01aba29a31df74df212c2cd1698de7b5a46139012d0b1ba72f13c3a816e9d6c52c130ac0c037956d431285ef471c246d0100862578bd7619600add7689f70f5614918479ae22fec22847a096f0ee63
17250bb4a9507bc3a1e7de70abce470d59db87a448aa22d55c2924e4300c17e9ae8ee6ce6aa1d61976d8b77dea10ad62093c683c63becc559f44c3a201725f52d7d5f131fdeaf7d4a42c750f47df97f46922d328bd39b479d118153b205b398caad17cfacfa2c3af320c60c6678063a913200c168449e394
13d088b17ab4a851639fa273bec9471fe1f01ea589ebc2d455f86f4e51c812e6ebfb8272911235a30f849ae61d098cd950858cfd438159a7fbc457df0c832602a8336003e177b58ee67f2e1dfc80b7048d045007839efbf054990abd28fb9d4e19726fa14440bec51838ee5e66ccc96f600043666ed384ed
33ddea2813d416339854e9d6c6ffcc3c2b732453a49bb389e076828249a414d7a717e3c07b83ac80bcf466df4a3633ca7c6fffb3103968e9309f9ff80cfc96abe6e1949357a8686d546399136eade31115c7b2c70f4fc0d167822f8da0fb776b50c06a41946f48d45b01d52b20aa3b701282e9870c713a25
3e1a49588e1ee4831cd37693d558681a248909903fcea040c6e6b942057c366e12e119b0f740f450a91230398b2b1ecdf8c763aa42197d8d7f016046151cfe0a3be00ce32499c52b0443c3183d3f4ac09f4a72bbc17e03b740e9363780f23b908bb342d381d0528b05291a86075cc66a31609cda681429f7
38add3f7e6e422d38add3f7e6e422d38add3f7e6e422d38add3f7e6e422d2ccc6b486ee3d3a2ccc6b486ee3d3a2ccc6b486ee3d3a2ccc6b486ee3d3a2a145fb20824bf02a145fb20824bf02a145fb20824bf02a145fb20824bf028faf367fb3226c28faf367fb3226c28faf367fb3226c28faf367fb3226c
1a54f7ccf347e2c3398ddbeb21ce8635ec009ae38432f12e8e39ff9aefd626d81d734c60cd729ccb3fea75d8353901ec9a1ef6a51029126448b3a3fd3b4e2dca70e4456178062a7a3025921012e1d980a259d05b93264df5db4d2475abbef91a04d29799295c0d1251338be93897fe1502bb1579666c95b7
3379629ff04b2ba1308ac39b2dd81d2e8ad221b51d27b024f7eb3ae723b709b35530efa82fa0f2de11ecadc6ed13c4433873ed85e037a74f90edf40b3c743b55188172e01b4672ea3242642ce66c4bc04151e3cc9d18042de2aa29f4ceea78fb8d7215eeec54a59ccb1c7548c37ed4d1720df87b2ed25750
39e63ba21c541f010589bc28c0dcf634e5bdd6df6c26b3ca22a2df915f1002b88ee8c4f42d121d313b2d74cd4732fd24322f0ad0c287742fc61cb17135b84e5ec10492f3a5495a6a6e28e922eb3b88bd3d01d18b4ac350e4254836b45b1547a8a870692cd1ce37b88d1d07d0a0a09506b0e3f7a12d42f8bd
0021bb5fe735c273300ad62e0c931625851c8d1f4b8e008c6cd50387b1850c899d9bf7ac18f028a142ef530e8b23d86ef08a7f7bb19416d367491be307f66b3bd5d3ca2344f6666e0502c30116e60c3b744bf2744363582781863bae075acb322f90dff11f60c7b87808cb5a10f8cf4e4149aa2ed00ff575
09ce12fdfa48b4d01f5f609602753d249e46d6cdf489a207102fe6260c871c46fdd2743cd532ff23e6ec73fac537e85141b0b4202198dafcb35f305227ba78bcf3578881098af6ac84a3fa0db7971ab9dc0d03bfe79f2792a42c350730dd3dc907d1802d5a831c1b8d30545299d58988f20580f6020ccc7b
27042e6b09c36e627e2f29e0a111930c3e01588fc1a3d36a749ed91353c202a9079381e74093d50bb09e32ce0b1fea9d0dc2540382125ab0b62550bb05fc1adc98b9a4f2ad1a76d550b61c257afb3887e3f8e2406eaf1ff3e57f36e27393889def524cd0432191a644210934376393f4c0a6b3d02aa28588
1d5cb1b66e850de2122f926fb917f521c38bd90dbc74f269970ea6f0bb453ebee40dbb7987b2470f94e8f706b70b90ac52e808c99119a0c8b8d58b382ca7444f28980d50c178d07da5618d38db952f41aebf13a3b25fefe6873e2c1e501e928c1ef03e79701d2746cd39481e6984621ef345215cd37ded4a
2f2e4cd16d885ab27920615f8bcefc00cb5076d9d94251839de6c53172ff39d5b3616148de9149654e204c5f5c212d07cbae8797134f50a675f3128627391f605c9290602735116d53557421f890915dd5c1b37582b783864e612e6ce9654f3adfb29b026dae93d3981fb7bb54c8e1fac304a9535d8a9144
07538c1dea915aa3d39e4de1b8d08c2eab43fe7b42fd83f65e61325dcea308d4fff2ff0c53610e286779d95cbf0dfd8ac6f77d9de1cc3bc6def500470335832541ad7ba327410ec613cf8738ef15181eeaf733ed5dc20efa375418e403180d58d1137a1465925f2f9f0fa221ec8bc1fc133325a9dc9505d1
16696b383712d1d3588eaeb4815b1d0c48394b2aad95b39d0e2f05e6f6f306b4af40538f96d3b62859db9c0eea1d7d5a5be3457d936b140d6b58577b2631e707fa065a42ff66042b25ac0619804c41a69d256228f251eca61de506d66eb154883660f3174bed8f2155175eb38cad4751029cccddcd2f8a61
06688b746fdc25819b02fbc3ec8cb929dec7e74c3919415d0a5d49491ab233e4b6eb85a822739dedd69c7bf83d336144b4bd700901dfb1a3438962da0db5ab7dc84e13f143ac5666a54f522a6435d1e0df64128ef257d6bf9ab62f0c0c4ca8074992e2f0faf811c9d227bc0d2c557930f0f3f08529d35a79
02d4d21aa927e170ae282bc814ff3307909b11bcfffcc3c23d467319050421d4ade58a31e9e2b95812ded1235b050c0fb268c866a06c8218c3c7b09b3d0e12a296548431403c660b5cc1e101677061e420dfd0e537db805e9b273f3f1f9d06dc45118e3db07e83fbc41fd3e1ef6873c5b3019f7b4a51be23
3a261fbb7904f7a25172ba6ddab3d5363c8923d56e100260f409b6a1bed020b0e5c503906b71a97fc973cebc332535c55e4aa454e1043952d7dcab1834250944e30e4111f5fe40d0b224f41924f1621c0fc95002c98bddfb3f971fedc6a6b97be722ed0273e61234813bc74291252ddda1d5f54a7f8f5074
0daf5b0df4aec1f0a79e8752fd73ed157aafea9d00ff807f68d1a46d6aba1a8116f0e298d421c39d7cf08113fd321b02f8e7b68460f9a6370c278dc416bf4a99a1df99f39031d8bb6b66ba2fcf365b724d02704d4142d3ea8a51112869b5b4c87e0238e476e8a5fe3e39e1a6eaff1501a06ee8a518dc36e7
17a34725ae3eac2304a45755913bda24ca6d5e821c0c005e529d0607017f205690a47df5b1633ea0d0e46d00e331be93e22d4cb0c2e646219937e06c0c78ff1a56f203738744dbe98317c331955448b5316f3200bb78301b6f3533b82df1b6a40283e4a58f7683e42a2ffd250cd559ca624db7b5590cde48
2650d4761461fbf256ffb6cd13ab01220cba5bc150a4f1b4cf87dad8967d365bcfa035de9cb02f2817ec649f640ca3e611026bb1d13e3f84023adcd31877d16d003817c227dcb63eb0b5a41b152fdbd8d3a952ba9632a14758980bb1a788e7711b42ef53ca68a6a629231b620a53ca3272a5aaf85ebb76b4
0ea2abc5e0137230103022d36d956b2be41a085e91dc825720dc15604b6f25a6ad20ba7e54d1b179ccbacbba3e1f9a875719d805e08b0278db10a9a30c600e276babac10d74bfd029d0c14169c4c6bce205960c174e8ba1f60832ef3b708edd41db3af44d9cc9f9b0210c458fba05a2bc24aaf33c99101c8
1841fa027f1fddb24c5fc6409bebaa0b1c2462123da27099591cdb6e6b732a609f1c2813436369d2f9e79621d30770f4eb9002cf31f4ad77b11376542d9df82ff4523e3293d9be00fe256b219ab5831def31b3cb68300f94402d09cb0da4618632f36bd6408c8496e10a99f13a57ca7ac16ec61db378d155
1242c6f7f19d8972fd5ac1fb3cd068218320f452376b13e17fde608aa7cf2b2295940169e1e265e968875894821ae9dcff073515807cd95dbf5c9c7e33cd7d52e72294a1343256a33d2453284db8e4c9ac665107a359a93c95c1104b206dcda34212a74f452f64b3ff0d0b8dc54eebc9b37492aeaa4f5ba2
3cdac97603e661c1d729758c0631c70765f19389a2ed20c06d8d81f3f2a604dd377b7a3386516279b5397f19550d8d89e4f54d421263a8c35958d81924f956f022ebbee10171ee8e218eb922efdac36a091f52880be57c91c94f28d1bef270d62f92db231a3b8476ba3286e7f178157a504132b7ccd442ea
13ff0004ba82b1d0ac73776f1183ae218662d6e9bcce811cdf72e5487fdd2942e388a5e172d22c3eeb2ff737810b99dc5579bab4e2a580ab1a25cd3923fc475f8aa980a0b545e2b57631200e7c6f1e305a28f0b6f05b8d36046a18f5ec9b81b1b3f05a331952e70cf425205f1f5ef78b3191aff3d70f8b00
31c0f085223eb411f238e4ccb5f4063245aaa582dc00f11b5d9552292f890e455608703ed930e2eb2c41188c250661ba54ca6ddb10d8341d22dbbdb6100ea1c7da24b8133f6aaba35ce0e13b1d3ea6aa568f818d5463d6b8b13a1bd50ac18f1775c2099867333ec93d109d7b956fc741920aea9686cbb995
0cdbd0a4592e65c3a9ede1007c03c209c3e7fcfc6030a2c07073143646a303424f988a1d1de2a0d59100b951290fd46bacfe1499d28b3531fcf502070714ef536ffd3c81b3b677de5804db04aac56cfc739d405a0f6c65be41ba0a2c69b70f0a36a11a4fbbf78476ef2c9169ad6728bb6224efef3e3616bd
31cc2721602f92a2db90299a4b3acb3b887bdfe6bceef30bfe15a05ea9c826347ab2c3e612d0b1b6132353f1730b90a73bf6518bc3ce270f0b8d874d2a82ddca9de5feb3ea3ca74f0c38660b7ab530046ed4223cb03be207375419e6004b9f6f0b50f6fcabc4806e46143adb36d2a1f5302bb3bcd0195def
35f5f201510b086359bb8d278acb8c3e71d5ff9ac1fd83224bf9468b11c20941acec901e22a1340e36da5c7c04358967bc186e06102f824a3e2150de18ca0bf86db320a25ab47a1ece5650067f0f9eedd74422104cf71715d7663f47d8aac55087a37f18d2775a765e37cf81e2e79bd8d2de87591d173db0
1ecac98e16db12000efba3581d09fb21b7b9eaeb5d51b2feae8a802965db0939f3a2c422d331cd2f60ae66a993139c26eea062166127b045e2fd3cc5336d47f221953a803e10676e0c5a5d112c82166709133373cd74e6c62b8f248fe538f32cb7e32f27c64877119f26ebe990093ecb3148a090a500ec79
3a5672b74d07ea2145a986efc6778c20b152d276aa84c3af254e2c97526809df3bf345ca947284f17cac80ad130f13e6eb788702125da0c2f6b036dc3af0235c05f8ae134087ab0dc9ce8c12b4e178aaa6c8c256d72af5909bbb02baae4d27ba0fd1561b4d3009784720989cc9266022329050b30ca8e872
3805d801f620e621d954eacde5b5d725415c6d2b185071a8bacc60a5f5e91b528eb8bc93fba0e7d31f7610af9c3f9a96d349c66f5279aa7e07894bdb0fda4c2951ca0f73b857275f84cabb14a642fbb689c99219090a223cfe150a531cea7a99f731499ad71af7643602990ca3927db621990f47f222d827
36e62f2e02d0b0310273225c6690e908c77410baa05f3217d84ea517be0b386991f065d49cb3b17dab84e499b324e2785d1122ee21652b1101db18782a4072e8945a04d35300ec6ca39a3e3693b05f8fc31d42e76010ca64bb742c76143e82102710def585fd11c22208671a06f2a17f82f7d95b4e920bea
25553d85482a541071d98c9a4da8a30cf85decaf15fb00979f82ab26198010e0ffd43aa683f0d7c4486efc95e8233c410f4fb80a6291e1e4628c185f3b752e9e650664a3df617fd197b6ac1ee15391646de6933b6a3100693658216972777a3d8c500b62868fc196ad13dc557109979913a1a7bd6cec2df9
356c1a60d3cba842ce2f42fa6610e031e767e41ee5d9e39a10244d243c35025f0863cc1328a0d6c84833695c8d118b1628f93bf9425abb864af23ed82267380ea1f410a0ad564a0510484431643fbfd6fed7d3ec006076513853092d6949d888eb23ef8004fe5148250b800b716cbb2f01d1ac9879f8ce57
14a76ce7d81ff1c1a75112775b46d937a4e0be81340601a684e3e5da96e3005832f36114b980b8243f5af9b15b2c12d09f03cd24a2e08c30e5ae1b6320f6c7678f23a763b9f2854bbd2a8d1cdff88664559fe0fc3e4b83b953340669e9b9c60388f2e222b2f910771c1d91a8a7c239b39124b6cd4d3f7462
0a72063c432d628058f5e85226d4a9284062a1dfaef390aebd3e999cd6fb3e3a48be062e9bf03e8fcaa784b2853e2a5f074580ec72982cd2eec0a6f63ae99e0f3394f5f33e968b05d7d13d0c826283850d7e925b45cb6f38e7c71284e9f68a94c683ddee8bc7ba9b250af6a64815bf1e41494e9bcdb33f26
02007d8cf8379852f472ad021e456433dfdfaa77c85c423a0b51acd698af1414a378c265ed7044da1baba0997f232945e6cd6cda6234dcd596268e1633b559380a3b30228bf8d6c0c5b69b226e7f65dfa2a2910702e4d50c5c852269cc6c66e898709f8b36e482c7cd21344666a99074c1da5a0ada07ed66
37ac5f1e30206bd39a394f3f29a9370993f645748113d07247d92774294d1cb3aca551828dd2dd5848977f448b25d9de0cf98646612d66ca68c159ab21d452ea4dba3610473060fe3df49c27de15b6beed2972cc6ae084f3df7d008b99e66aca78b0729d2fc9fa485328d7275e2fd268f2277f2a52898ab2
1ae448a904cd6761d524d4c1a838e13f20b1e12a5046030e7927ab763b0f1582a8c160e78663f247885d937ad3371229458ee35b30c8af8bfa209a6718fd540ea2c6342166e31bef84e39514519726b78db2c0b3c7c9f840a0323f85766c1b295220e4f989ee45c81d29e4fc975c87b73118c257380ee4bf
3d809ba62a4ef821cc72d5da9382d0391ae551ded962f300fc1dbc499b653f734dfd14029c612c9b3bab79fa8132200b7753d22933eb41297629595c2e0f3b1e03c0fc8094077f346940b80bbe91fc9512a721813542d9b4029018a40db5ef339cf332291083db2ddd15f2a77345f5fa602009861c6b436c
38a17adcb48dce3027bc4a95a66dc50dc83e3ede150ec1c5e0b51b9924ab1f111fef4a9967138ca374735e80fe1c34693b12236c225621a1b8fcd3fb35b6a2283232df51d6482eb724f8b209adbc1d76d6a2c38a457d86dc99ef2b2d3a68ff61e6e1bfba6d3df74f81075660d5d971b4f312c276ebbed782
1272fad13dd085c0aa643e91b02889085dc73c04253dd1bb0b85749816862c3bfc1406ecab13909bd584268fad357b0538da129433a1849c6b50fddf01c18aa92f76e8f129e4b8195355be09ad349d7e55ca02b8144593360de71bb1989962d4bbf24d11d9e41e7a2f01737f84936f82434170ce5febff03
26c6799d3a602fb04b50622a169ab9013099c086c2c4237be17f7bc14c6a1d6d1a5d484fe9c22412e833c15d932c43b035f7a9c5733d5e4e230573c71c78feb0053dbdc070071627c540dd15b86870c2143f32518e3977dceeb000998ddf1618d29340e14a7ec9beb91b240a4ac8abd791602976b32fdae8
04d750a19a1e94e35ad43178ed514e2abc5853d06543a219bb5c2c33aa1c0d000cf56e1e6eb02b9d7c9495e312324c87b697c6b132af9b51418646973b9d88f2f07f8e82210cce8dd735220b762307e1e5c380145fa4dbd5a6663b0f662577174a63b38769118346db213d9672673b9b8284e8284b64f684
2f5a1d67ab4851d26c062eca93ded91316a0638845c963b136d8d0e48fbd26df260a3b1d3802d3377a28e7e6f907c1a5b895dfe662f024f0e0b5eeb3165c824294715470f51c4dfc99a40c24954a357c8d3752f2d53499be871c22328b76cf087572623fb779b5a2a120526c653b99dd1383c7b8173b63eb
18c64c769eb5a992cebb8ab19dfb840c4adf4ee2f3a2101bbf2bfb9a81f40edee6f933bded4051c1309dd29d3c3ae89c83a1b819901d0e0ecc0022f4041873ee04163bd112255470633238013eceb3af5bbdb3bcfadb0d29621310e99efd66fac763602b271a38363525c21a129f66a2e166873433d56ea1
3b78b536239760623780445fc8bf46059370ec86832821a3b62a2e9347b82fafda13a09b7f9377febfde50fe1a1b00774e2af1e252d05c46c20a92780e4ca526bdb7f3214faa791f83a57e0b2375315843ec83ba7f8ee53787df07319cac8dcfb291176559e65e207029567e605383f5d315128442e16570
1a8ac2d4215a24c1c8622cfa5877010205deba5e936063d1b662b913cc5508f9ef7f6d4560d027c29933dc54db25a78ff7afa15c60b83de0e2ab8f1000c4edb77a7ab8e11ee88a7559c8103d39a88eb3055ac27573eeeb8a5772031462373435f3b0c40b1198cedcdf337bdd545476c1129a5fbcff981de8
3f56b04a069b5fd300d372576f73d61771d53caf258c23af0c36273bb22a0a6bbfd2a9b6eab142ac9a847136cc10cd3c1d8c96b012b127c393213abd142835eb95fa33929a39bf9e6ab244332ff03b06e147c0dbe2a3ae709e2f03ea058f320651213795c0ae96110622ca77e9de239ef15c81e5e30eff54
1c67afe03f642370c56d25ceab0d550ba7a0034fbb0f020dcdbd179da98531f4a92d68c13883c6d9665045ba533c529199b842e192545015fa691ee8364134bc798831107d5ffc22fcdccd2ff139afb81f91f236b870f7cd90b33036f873f9cac2e1f3afa01b32f0ad088cc2cb3e3c8091f382264f701d47
32c68925dbbb4642e0c046b59b3f1019d4aaaaf5eab8a0bf7f349555765f09823a4205947dd2901e0ee61d068a2e821858e05583329348ad9fd005c622c3b7fc171e53e22ae303ff596a802286a2a65a2f5d6002153777ddffab0b857046f75efbf2d95559091eca693fd8bbe1a11c7a620ae9cc0a89a3e2
2f164fb038a93761738bae630e06a2133af2c43c15657312ba90c3c0f4ed1e6b4556bd6135f3fce1f7ac58ff07378ffcf1c81184f01efb43f55594332bc4d879753afb9185fc9dc2bcc1e3071d421db23c72c176b2e93c8ca7a639eb8479fc1afc91d82e9ca54d90ec0c0e63907837cac224793db707ad7c
25892527e5ede38105065869bd6e4423a7784cc98639613db8905773f60e287e7e38e2d7326178ecbcfc65ce120e61a892257e7aa0d04cda9054f45422c216aff7f205c0e582b5375cf228323601048691c0b0c82a8d37868cc92984e9f4054798a11231563d9a2d6d1a1e550bf24fd62159a84fd69986c2
0bcfbe507ce76130f792f127ba9d8d3930c42cc1184890b965668dbc6ba115ce7ac82601e18262e571435989601ef5bf3ee8d3bad16515fef3b6c47e2597bd0eb67384821b1352c2bfaa510d5f48e03dc4b0708910e37c37fde43e0b59fdfb7f3a936bf1dab4cb7f633ca73256dab0f721af46a4ed3ea098
213eb75fb59448a04a79aa3a1bd52d223b5893ae874dc26ab23e4494748c023ea6234b2bb5c0e85c549c8f11570fb0d68f7d38a792347bf0e79014b700d1d8d8f92f70532c11b35b7bfbb2351703739a13c061c55d3e423469f10a41fa24120e9be0af8e833c34dca923714c2c1e4b0cf2ca4fbf65e2ad1d
1df039e4690c023006417271333e07305d52016ee768037a455b650b50292b9d2014a91990910b535f0d5708a602553fb13e0bb9b3c10caf8a681cd50fd886ba13f2bd50b51f771a256ccb2f900587a771e7834e0d3a721b303a2812eaf5b5cde2207655919cc6ce0d34bfdba01cbc39b2c363fa384ffc09
0b90cd89c98b7653fa4b31c57c350c178c7189d25d9281fadcf09edf59da1d0cec7f425c0df061f082fab73df62a147f8ae0ab0dd090928c36ba4ab63fe125da7ff66343e2e3225ad023d22bd9f74ae9b28aa1204797b7f098b62912d36615aad783b2963f741319be36634e5a7890fde350cd16c82e1a69
1ecea78810188132638619439a17c40c79fcd4c5000a310a63910e3c1031306d7e5d65f0a611ee6cd666b7eea93664b8baa884acc02c1dae8b6688f53dd5830efb85e142460900fee18597300299ddd12382129e4341ee4e3a19210b71979eef0f21592c0863e9b4e61b3dd494ee0d28d20498e05f044238
039e0fa4dc9f2fb290eca18d381e790bcb0a72fba43d33e682238cf68e7a0d54dc03dd6432c15321e8ac03c4ef22f0e9beb46bc661e45360e2f2d24a26d48b9edf7ed5225ef9bd9bebe34d0004be844fa481114475e22e3ada9a145def3a47a787b3662656feb86a530051408b505f5b01da7506576fe1f4
3765cfb579929ec3c41c6aa07322930fcebeaf07d93a811cea436c4bd1fe207784bb4a1721c3848d46522fab7f17a36d3587229622b969b0a73e520d2e2fecee0ef466d1c29ee4d7cdd54c30982259877d815015a0224facfd9524abbf603e775e9262ae44a9a1b827334f4c45372eebf06059a0e8c63511
2805a6418c00fd403fd938e709635e14a52276b2d47eb1213ee6f84a51b108cebdb8d632ce733f8c7f5c34bc881ba2dfd44e086d12feb2e7eb1d3a0024f09130810b5a52152b316f76fce4256046b04a09b8f1e86919b0d59267036845fa54bb04807385a88fcefef61f9327d6d06403d161dd7d91d0fbdd
2604731fcfcd04b1255cbf388bce7d2d6f052fa2858b9376dcd76e44a76b0e411cac64f5a8c18e65ea01e0f0113736556f5ee34c137783cddbe3f279127284f12b731de24a98e7a2bcb01a111a0bf2db08bbd2bf513e2b25ed26010b92d8b4cd80f0c6c423aec24c2e3b27be7ad9ae54e34183d53403a67e
3ed228950ed30d00636415b5cdf907183e30b541107890f8c506e6ab5f4f0b10a1b44b6c690287f4a2764cf0251eab04cae82c1fa1bc7c7efcdaceb70a8363fd0f074ca34a36d50e0b8cdb2b7d90eb00f137d34903d92cd57c0432d35f7d77a2fe609988b311ce361a02e6c1a7395857116796698ae0bf87
139a6a6807201e31076802dad749ae1b3a2a1ad1e251221722e807482b6b034512e74161d0a00f4f5d0639d1f51c82306fbffc7f91022ba0fefb94dc3d862b8e57c0fe80d51e89357666fa0eabefe6d2153770517a807f176f1e0fa904df1e91f120f00aa864022623349ad2cc1524379058b33d63817d92
0703d739964f1f2286a758dfb6dd2e1a8bae634665d470bdd6f1c6dc31491eec6e830dd246a0706472407331dd1253bbdd045543d06bbdb67975cb31126ce3b8d23b29e29dea58d696671039299579d9bd4d22914f9bed87cf372c03ccb385806c9159153b8da0e1472853ec2191492d627f4db785d7ea7f
36e454b9256ed3d1bff30df8244a7d323124922f63c3e0e743ff15f2538503e25d9e8530a6233870c620df17650967f65bb3413780b1ab8e46c9d2e835d884c0ded75e13180153bcc23ba70565185afce8f7c09fe74ff8bf2eca3cf9c0e09504fce39c9ed7a0d3e29e19d50c3ff8c797a03432f5ce524c8f
30b65b0c8df446b3e3cb300f1172ed1ad491a4db4c9ea0b47983988892b8352f37b01c276f41e8eb32bb2267a40c38dcba94e41d30bad215cd84dc1520eb1636c15b42a00a48f2177423ea3c422c77029da6d122794660b1afcf37af1d4fb1e996f26098923e25c1582d8aad6a1ebb6a10daa3ea424e22aa
02419d46b67c42c2730274d72be4d223e9ef14f14d1510603e464fe54b4335729af66d7103d01ae9cb6cf44e36032d27a21390d0837a45d4318a2b2f2ffc2422bac9e93092af7cb0163b943bd3529055eaecc25ca44e7bca0c5111f086ac31e984009dc5132f0945b328ffb20d61622f41817008b4e8c090
33794d8955b0a061cda3e7f741e5dc38044961d7d604f01e322f7528d30823dacbe191f381e00d96749b8192440269faaf501104d205124ec2e5d1630db6d435bd1567f0c595c269874a7612d87c2ea32380d273c75bfe2fe8f624acb12267ee92f3bd335b3feb90f711a933128f4aa1d278dc867a29440d
2a1c23f891b06f010cf25892a0868b1220d53845da91018ffece4cad77d511a3bc32f1ff03022157ba53ad1045132e1a2423824871b4facc77bc22a80fd01e39711025d287e4ce7dfed89c0df2bd0dd25350c0bb00279ed69ec420106131380d95b33b539002392c49167549241357b1b1595e97b7d946c1
11c69bfa3f2917c3eaecfa19075d991edb143d25c5d132248f9daf181f1126477e251900be42343efc9e855b381e49b1597d813590e2b13b1a64016518292ae12510aa816b710aba66d338026eb782570220c33157ec09ab2ef423f623d531b5dec14ec1979c97e5700dbe2219c9693621ea61467c93ebd8
2b5a26d19eaa7bd2e84ab8a436833e23136373b1c7d3117e6d399b48575a392d7f32a73f1f3095a5b02ca2ce2432830068007728c1aafce63ffdc5e23bd9a56cad109fa058283e21145f8e1930b3d283e1a1c1054d12f7b780c201bb78ef9c9cf273b4ac1dbca85a9e25ca500b7f6f8e00fe7f48530ffd36
2fc2ac17f1eca0d13e67979cd454e536acd820b40df521be22f1393f12e8093c7221fb6aae33f6194a533ebb051be5b26c795c2f602497811bc6f8240a12f40a90ad5a92b7bea7d51d7cf900ed9b22e6ae3c8278107be2c47bc33bc5604423a766d3d60d12a552249e1ed28f6a2abef1d0155b57a868b272
200bbd0cf198b162536fb48606b0e031c68a1cd1fccd90588ce498c7f05e3364f6d4a03a51636714493b4e81ca001221b3e7e75db18c1293a51a324e1fe5742f17fd85d1965c734be8bfeb2cc35f67d5712be36b08e15542c7f0332c889bd8bb87920b6110e58337d6388a2d5b335fa6f09f3eaedca0a131
3abb7c3d887b22020579eb6a6c9f0f3fecec154fb462a18df5a201bb97b60d327444582d7412f47d0c41df299a27f46ce66d312ab1bd2a65aa20804a2d90381d5dc8cf8388e79aae269e26342f3d81cd6310c391b3a8119eeb3a2f74768aac7b4f63984162424ad45f28346df32ee96843f2963f1bb4e059
2918ffad70d5e5319ccaa0ad52103205085e0020efe391950e44ba843c6a207456b69b81ca324eb7fb49569f20380083c6275929e1c21877b7b67035164932d9b41a41c3dc58a7806664541b9553ed7bcc93c041c16e8013de871ddb1422b656acb12f9cb26174c8f414637a8d5517c733838b3e15a80990
0c3e42e749498d52d4bc548f0c55c51c94f3b4be16c04332d8796375dbba2d8f90c8fe097053ae4b26b12c19313ea5d4ed142f8be09b11e755fb3386186c75c069eb7c3045fd8492c2373033fa8bc8f12d1a21696030fc5030c52dd828c4310735e2eead4c55df2d503200874dce88ac1155d04ec0df7f58
1da7a03970391b32d821d1a2b9ada62f435087e36994637b185b0922407a3fb6150e7692aed300403b905c75be24e250f0eff1a3e0d273940122132b09b96b4703453fc199092e6144167127f74cf8e53a8900d5c19725d34c94092d8b652dd62c33581506995ba0c306ce3a0424c625706e13030e9aa198
05b9d1b66d9e0eb20ead6271c9c1aa18c8e78a259c55e25d104b5f124367096f3e6ef373f853ce2276c73658d50b78f8036ed09e00ffb3348359a85a02f870e6904b35f0d5defe2e1a9028283b0a8c1e4e05b2f3dbd5e5088a35313ddd856f710aa3811e478816e5753004485dcdb6d901b813ca1f4a9d00
0eca8bf53be2fdc073a44fef742ea627c064321a2c91137464bcd23a72d9092532bc13f2ee8394751d090441aa0f274b5b60a05881b0d759e81bb55032c1e334c43424d215f5949377677d3363365460b57af2c934d0fcfbdccc39dcf1dd5ba86a22afcb01fb7c979735557f316eafcd633be71115d42edd
38aa9036842d440320cd0528d3beae2be9b06bfe814982aba80942e811451281a97f923c394049ec459d370c861e6f9d1e4aeebc02f5b69b4111aad00dcd3bd2f1db6de01c67fdbc0fc9490f29cc8487c1a251f51c40dacae6552e526ec83b08ef83a5e6118eaf0b6f3fe1cdb77a2cb93396bdb9927160d2
36da328bb2db55f1720f35d2bd8daa007ee4c5d62b1db0a110f27ab1f8540afa14dc0d84f5733a3edd5f48df3f1885504458a2c1e2f02dee5457bad02991d39189b2f120b34da518cc30093b2519ab2f9110b127bc8462dff22e07d41f0ba74e53037278ae0c093ffd3eaffeadad30a5f0d5928ea535119b
0d1353ce2db08e730411689d7e532d25e7895a9ba827006c404c5bbf53623384103286b7dfc033191e19c0158a0a6e015101f33cd0897eb2d594bdea0844cafe73720ca1478a569d9d2fad014b8e59f0d9df8211b67e4ed552df2ef7711491b51d40466a212c836ef82e8002e127e544c3fd496a170ef44c
2cb7e9da166abde379acdce45d04702c2e9937d90e0f40b71bc3216a74353cce6857b70783d2eaf377e24d5dea19caf58338154473227e227ca59ad80af5f996ab0f9ca127e65d47689aa31edf1b5061eb302078ce1c7bc8331e2d0304cf4f5155a0e7f47cc9c0fc2d14a86b15d3d852a3ce54b6b32fd5ad
19a779a5fe8dde4397f49e456f607e2c8f2459abac3aa0a86eee8295d0cd30524c820af9d39381e392b4d1cacf31a93bedccdd73a2d80a7f1633631f25ec60afdbbbe73143d046fa79334910aa3b9d7f7f5963fa44c4ac456786192f8940f3abd1b0f4457123512db51657c5299dabada32785d1eda5ba6f
12dc720fa4b375c347c53a51bb61281e4df287ede91bd1475edc8cbca06b36c23855026cc1d0fdbddae1f2b4232740b25a129e42d226bbd4a96d746528de8d3a0f9b9f83b94dc7310656ef0dc9b64bd4033c71548ee7eac6929e17317d23825eb282ca0c65638a95ce123f005964f0efa05ea74a34245238
3a9c4909c06ee223e02b2a4f53d8dd2a2455a8e76cde71929083034408380dbd33df3e28d551b73b7bbb9d93931f34f7f6e33603239099704955b75b2374dfd2c63ab4c34b612123f6fd8f3c8be815220be130d272ec7960999d1e0834eb15b0d6338e3dbdfe20f4382541c272b63c8bd28c9da1cb89308a
2f3cd0af5dce66c291ab16c67b55d33bedd49741b5f330dab9b0f5006f152fef7e502b97e0c11882f98c68aa3704f1afede299aeb3fb6f019160e58132a80907d8723d931d1c0e5a06cc5725394ae1a6769581da1bc491d81db207da8225ac296572ec061831652510368669efe47215f35aa2b132582fe4
3fc6bd6e3bfadbb0b0144465e64a0637f1e3a2257028e23974548c6d25b1082aa0c9c354c11199ef9d52b27e1b0f84e8607df3363254dcf1403cf1a122419d14112452a33b925416d47b9d10a2f50fa5eb64b2e5cc3d22001f7b0501acca5c46818339115be33d4e5e3c3e9730474f0092345838fc6812b1
073e124ad2d303e1199f6e59750c58288d91a2cee35f90477d523fc8e49420592f225d69ac9203400839f612f5068344e3ea3616329a59ef32e4734b016b182b9b748ef14094d8271c00751f096d3f5292d14313297b434196d91ddeab401daef100fb83c33fb4a8ef158d21a50f5973d21bac7bbaaa1c81
3ed44473740472c3efbe8edce2edcb26b14b2a4b1eaab339f52edec3006b0ff0c4cbbb35cc81878d5816d77d69038aff8d1a95ee81840b0f27a28cb21ecd56a42e36f930d35493979c640e12f9c150046e6da30c451b82cb88921645d5803238d0102e8918ad35b99f23e83f754b3df6b2b8756a8afce797
20545102e396ae91c103a3a8250a041b413863de3691a365ec4f09c1fb08234ca9e91e8d9df280d4444f1f497111a7f3f258946d81bf18d57f31cbef0a15c29d2e604d31ae4101d35337423d3920ea5001a880e92637758357183e45acb192f9ac6386e0235e1880ec24d00af08b1328c1bbc2e0479b77f7
295fcb1bb8800f7216926ca08462a8110d4b3bbe50d280268c93fb6177420ea9c662244df2127d98c3565940d82803eafdbaca59e040e212393fddec08f5dd6bb745b5a2fba2d845959d892516aa6607fa71129e259d6226d10936f97487d03c4a42694e8d90df911910131c85c5e46a607aa5d6af200f36
0d0a2e10c52831b2a488fa5bf147a623d578928fa2c423c80530824fd93324a75ff27ab9c732f6854359b8a5df31fd0194c62db4614b13f8829af6120dcc08fbfb48bfc16d19fa33fae72e24127aae026f5730cd0884a0ee6c361e29315d0e2b26c113caf21288adc419f5d022b2bfec03cb3156fbdce86d
34ad4ea244adf11215140366987ba003605538e784863251687453aaedc11ada145d5d50d473f2724d33f296a502696507301854227026cafb4c11502d48a6d4e3325c915f770364e58f81249786e3ba67ea50d1560f6f51eaf01f53a9de9a103da3099f61533b11e5152dbe67a20816d375e1d47da584da
397e3534e8235bd3182c87ad4f252d304d328978dd5a020cdea026ca715c124c0a2ad310bb529c751bab200c2b33b03a7c2bd1af014ade6cadf132280e71ab8f508d60d3d8fbd5dd9e28701ba1233fd4c45501fe7775128f27912a384f9afa049a81438822b7cea4942f4f259323354f23c01774d7177100
2764b819d7f9d6c19c12d15993f3bf06670bd98f1e61b121c4ab290257ce2605452e5f56ffe0cfac8179981de502d144bab2f93780b147627b6d26300c35149c57bcc350ced7bc8b96f9b010c26d2ac3397dc0b9b56b055545bc3bd4bfea1195a5222a31f1509ed6d32a75240ee90d3c01685e517f19bd2e
0030f51a9074ce5225c78480a25d2e09c15b795876a2230c33603b28c44e1d355dff40c38a930de3e94024548a11bb08500f9e82019a5e99bcec2a341392936d8a9d4e024d78b9f02534c43cb29678a12fd3d16575076753b82d108db7660c8d7303e41cf7c3918dee24ef640ba3341f923b49d0f31d74a7
16aaab2dc03dd053f94fc192cdee9e2a4c3e03c9ea181007adcf30cbb0e70cb66d6ce92ed671d0972269909a051bf3aadf760d70731a2acc982c6a803fc23b67ce7aee51f3d9b2139776033d90d52e0b66c36108f1f86fe14448216765bea3ca0572bb3168466ecafa1871047625f4f8f25dcbeed0dba7d8
24dd724f52381b713c5c923705bb911f594a2966b0e3b08a9f7d8718ee5c0e3d6d711b82f543938c58c3ba8eb4169a9551b02b94b294f3ac95e4d7543685bb4f64f79c73b7d4b2f3c306f12161b5a3a5c13420ad46b1546797be12e7db238ce904a018a9709b9841df0c4f11a9d3c42122a3bd35d4edbb50
36fe7b3ffcf50fe08d9bac1093276e1ee7f9eef67d48c2d31676b29a905b1006af26b3e039802d00895b9b93eb099b46b1ea14c3f2d3465ca367dfab07cc7bcf07c6c4210dbd8077e3486012776b7206974083413f9de4106e133f8e51946164b9106772041a582a223a795259c19f1ed2287c983dd64f35
28d62d48401b2e53e26309133a4eb718f68918bd0bdb50e5e099555801562ebbab21429e01e35b38632534d4563cdb2e14713a995067b342249d3e430ccd9c019311f551dee2b47e6081653a4eb0473c91756391da61921b73d93243533c4741a4f214d913c93abb0116f3bd288ae2cc43c36ef74449d08a
3d44e17f137d10601fc88ba755c0362774c242fb0241236970ef4252969a3cab0add55490212bc26f1c1bd940b2a7f3cd866ba6d70f44b3dc4f52ab503fc4380319a0e43c876f6b8210bdb2a7c326e669d4b73a056d2187401c9093c2def1fc463122a71e2dc9a556e38716d821aee03106b4da53f3b04fa
26391bf788ddfab2b6c6f9979ff1ab145de8a8c8afe421a2c99b2812d1fa2dc43b7435aba73182e2e7f3b84adc24c8a50c926a84a0cce1c0d41c4acd0510f74905c3dc80e562867abf2902154187dfdf65ce0046966edf02fb552ee4bb1d35b9b611994672439ba39c19f2367e2bcfb6e1ea78ff1d6515a3
07148090dd341c2093ede114a723ed3f7fe1e3bbd962c0643d3525ced3c119af7917c064f5901fddd18a8638de12b8ba40344ed7737bdd47474a8752276c6eb07d1491606d416096b0b4f121eb79fa69dddb6066eada6ef2ed1a062974d08bbb7f81c2c8f18c0de6ec36e831f965bedfc0a418243dcd626e
35a0d29f1402f1d3979b962b110f301341e0abba95322237ec13a0df9c6c35652d8ab4cf1fa16c055c577eb50a1ff10290f2960a02d635a4c2300bc22498f4f6eae9e141a957bcc4a4bd9e21c4f46585db27c1f1809fcbbd41eb28a771bd830c8da13b1705352327d203ad2755173a05c2c1d50e1153294b
1e36dd529b54e4722507e4176ff98a3f351b2d59de99f11e726dcb0ea72d3b57188c4c6610b20009b7a65768ed109ef982cb0a82c29717869746c397011073d2e8e8bb42b41f5ad0c571560419bbb92aa05443aaf6b1a787f2cc114f0d218c45c76255163fa4b0c330396222053fee0aa1d033ee34fe2e94
0b4cf5f6a5def6022aef9c7b479c203cc0d8b67171c6d37155f4289e6cb63e2b90981aea72a34a1949aa87a5681449b53df70906f01f9bc25254396215158c7a68e924e38695a6fdb9467410c60b8d176b0b43330b52d226495f02834dadc9a7c1833d8f4c6381d18c134e8755059f46113b6093980b3f44
078bebea7650d1a31d60daec6133571cfae3ba3d47e6f28382af1d125b4e242861fac2f9fc2388ec74e0ec75c40e548b86adf446f0abab052bb080c12eafa04d1090c4e1dadbaa97ccd10e2080992588b767e3c7111751239b0702268e69279f7e323b90ce274293fb2b3685de6c6f38e0dc804acfc72c9d
3bd061e2aceae873503124940302e70c65ef21f48fc890a595718eedea743dbcb2195b01cbe222c528c81414c1005ef0ceef0890827a0db4e4558bf2081629f715dda77242000542014abb19ad5fbf58c11e701d890ef9d66bb72bb97e9656496543a42bba6c4f2a6f045232192f9c7922ed00d2ea3ff81e
2ebd82cd2ed548d236c4909a7fa3192bcbac782d4b267166cececf2a6f9c3233ae434942e9e23f94a001c6fdb9049cad3c3c5d3a80bde87e734618e61d0f37ca7610beb2a0dde63448f3a1160e44925db24d837cfab99aa2da6e0f629d8c60022841f69ae451f063012d9ec2223091e1836413b5bf2801bc
06900a2a1c8533f0c2dc6a37c6da5d00dda363fbeed4004cd72eb606585313e762ea09be327049ddcabd19365935b301eccdd861a02ad161956e445c348f19a75ba488322319e0f692372a3940e48f6cc51b9375b9edc58ff66327e03b8eda174b616c9b0af66e8e432618f9f1b8f7da91aae4b04bb35495
0d2682731854fa72a2155b65d6f82b1cbe1e4375946f21ed05864e34e0c32dd74c06afe0de920bc4c3c2d800a812d8725c9ff29d7259d8a7bf7d7aa32b12ab7fa72521d0a2f8bf2f009b1c19a2bc15a76a5502ece33fdf5546f32c1ac2123ef07772a3199f757d8c8413e1fc4c802c1f6262829b2481b2f4
31c0d33739f43a0009ed92e69bfe073788ee5bb2cef0f37f2a7f232794ac0e1de7a2b381a923c27c9613be2c59250f0b168fe840b0225b6ae2049f1f1b4488bf5d747690cc00cc938567563230028bb75b89227dbe1b92ab17742acd9f8c48f78b3068b3fef8e1e82936f4ba8cf6b3d130eef176e03f2b9e
1a2aaf18d8d537c16120b3ad6cde20248f4c59993cfa4135d95d3096010b1a2ff7be97e2a3904f1b2ddfa1ff4e1259a77c630a14d2909d9d8bd9d62c166a81a5efe5c581abd7bf8cad73840b49c07b5d36d072183618601f60e30865c01bb7d1d4031146bc75d59628001dff9e4d744e22af9b56df09fd57
299401186cf8cbf3815cfd2a7987730020b9d0e03c60e1aac07519c4374a1410b6adf28acbd22edc7323348d130160b83ceb915a2123e1d3290d117d1bffa469f770a821bf12b0632144fc29b638ec2527d1704581802c2333cc37557a49190ac8b0129eaf90705327015036f32bdd01734eaa509683d115
313a7458a3ee4c03dd98c7e8169f700e72e361d25fd1a0959a6472c1d4fa2f5868d8ec5647822466471fac54551df0c79dc71e1351fa2398b90c28031ff224ec4235bca0e707629af2d51109df31b4bb709ed17151e9be3ef64f14ab39d206eff921a0ab6a478241bb171aff8fde7bd8c0a6933da8cece37
0e0c967cc84095c22a59e6a54d95132c5d0b83ad7ca4f24772e27c767f233149e44355c6db92db7fdafebefdf9203f62d2aaa9e2516df9a54cf143641843006c2cc9cbe01833447314b56728c4bf7003351c20b0b2b69a2a430f288c6c9129df6e6311628254fa318136ca977fcc056dd0fca74d9fee4569
321221d3a21ec4e0ce95dd67d3d371286b3d5d3ebbc7e22aa9582c4448e61229ca8c974ef163e5ae8f66daa5d9101e2057dc34a5123cf6cdc7811b4c12c140f89537e0a00afe2f25b7747c1c0c9de2407647c1f2045c674809330774411dcfffac4030486c263c28bc140232407ac1bad0e70f218dbf88a8
197595379a97f391eb7ff670dd5898000faa8389527af25cf67d9d4c1e280d6427a4b11c4e707ef4192c715c0e392906c1579394505fad57d6c5d2653a3fe9ece7744bd3c1b318f1442bb12891cae1634febb1f9f4f1fd360368322a4a108f98e5c1dc77a2c286f832344d3f55d16289b332585b7678789a
2712e7e42caf7fc0163182072a502f055229ebd966cb321fd1dd383d5cfd1eeb2e0afdbeb4a338ca1174475a6d129abb260a4facd31c237667b48b192332893aa64c0b13924c72f0687c1c101f08fa7100f6d08018f2fbcc3ed219719b9f237a3f110b87be1fae25272458addf44066642589448dc08e6fe
0ac9aafff40e6a90f2a7afafa1fafa0d48623001228351e3524d2d11c30c0446d4baabfa1fb1c6b655445a501337193bbf6f4ff5d1fd5f2a884b092723a907126d1d7ff397c685e22c2f05213ac85bfec6c1304f6a3d108971f10a77b1e723ce5863271d2bbabac67124935711218459a073d233927649d5
075595af64d0e201364ddeb95bdb36173c6441c80f999021c36a156b02c32ed0af7ff31183637f182b420d50bf257e05e0870f5dc123edd2c51b9ae6013a598148f16741457c32f013405505852f6764a472e0c77dfe9459e0052b519a432064db4257d25d3f144b29009cf1323a32cd90220fb239dd4707
0a9c3cdad076d3924e137d383a3df535579e2e93389ea00d2d741e5fc6b40c1fc8660c8759b269ec8d0932251c33da826328cbf3e1ee1fc6178ed58418f27f9f29afe080bc1ca98e69b96c1d652d0e6a383c1227bfdc83d7b5d82525eda87e7160c0e504b18eae398412f0070c163a32f23fa5f12e15f5d5
161a86df52212110179a085d1ce0fd1433f37f6027922358a1e7a494babc13a511098522f8324af647925c644c32d31d9d0bdf711213363ce11f46b81174e5a3cc3158c12a29add8f37e7829caab02e0c12f527966458e2643451333663537a1a0a23cc8e5e750961e20721a589123bb21d7343be690517c
3e9ed610debde7d2ca688cb4af4e382be4ac0d2e95805362bd6db175bd7c3e36a21c54f6dd1273f12f1b5e2d0f2b56b450e2f1da53df82587db05a6927165beb689cc412d73774aa49c7871bc7633f700686a356f0ac8ceed85918ee43067d5cc450e6ec0ebc2ddff8114ab9cbe1dda7a21d487508d475ea
07f60eaef1ad57c381b7d1e0c08f2636fbd698fb07e1f0e25eb73026a9531365876e6f880a53a3c1c793305862104e140231bc73d3a625df601d51a320e30ab90bd31e0254f3d29f1600d402ab3fd3add2662035da0e2f2ac9f1221fd6804858d970821b80e0bbd04f19462664c7652f21d03b06f55e130d
221d97fccfcc0a7391848831a2dd881203a342913539231769919fc50aa0059f1be84db79633afade3e4a889e00115ea56a68cd5b158dc2b82dac47422ce9c849c16f9024ca0659c20a2183b65459b742197c352cb4cc3ddc5b81de3da047a2376d2a5c14b2c4031a236df6903ea8a6d82dee44341066d96
2c660acfa7f15cd11a245e2f97d5e4106fcba2dcba6192c5ce807b5951e72f988b5f782e9f5241e37ed7192f650411c15c857c8a33821720a7cfcbcf30d6f7fc088522b36dff3bd4dbdf5f0c3021efc97ebbc3fd2a6f4efafb390c2346fafc024af3677e05977fd6e8233ff45eef2a4e33d3fc50be5c92c4
04034dbf67c090a02f605262b7da731d266c7fd786f84035eb5b555e27e133b25d19904b66c1ccc4be94f70a6221d6c41fa4ea694086b87a6ab8ea9b214913673fcbd3e01d2cd56bbc071f2e976bda7e1120d07d7987d772b1652246e3bd2e7b8a5081e47a5e0864332d3dc1a9e712964227a6f74ecfd3a6
1b7fb43171a26573846b5c3e30f0bb3808e0eb160c0c62872ac0c0baea8f3aa43f5f4f928e61b9b7e6d994d4fd050b5db803a36ed0f5524e2abab39909ae72ea186eda12f8981cf3cbd27d34cbd32eb0b8dd33fa5b3615874ca92f24306bac26aff012f90e1ca75fdc28282b4a50e882506621be13951990
3ca6ca6458da7552bbb5775eb1504f35439f9788ce9df07e618679176c920c9d1526bd22178112a749b96ff897263f67ddd6c312f24a36df7df4c789018e3c4eef8b9c53cb345983ec005000e5a1e4055676f08744b1b58c40031eabebdd3858eb42f5837647bf95992d6d251f55eb805282be351b13ce45
0a53e34138689082becd7de2893eb63fdef5c045e90fe12392bb1c949a0415f33d380cea33f1669544a3796f550b33323fba0e1bf331c1c8e752159b01ab47550e1a7771ae2c2d7c05c5722dae79f48c78b5f397f418d98c014d185a2be52ecc2da236a6efd7ce93302e7f9e940bae6952502a35dad636ee
2e4077dd2db5aba0d30f4f2f3fa7620cc45f2685b6ca639e2abcd6da397434314e7f86b143b2c9d50e834c32563309db98568372a326df93aed93e561c41903fa02664d3a3e7c54e9e9a121d28da281f6a9ad062e1c1e7745b4325f746e1030e55b3650aebd05f81dd11faa4c9b28a4a01626781595d1942
3bd293b9f027b7b1bc626445023f95223268fc605359a271fc4cc9ea6d713bc002a85959aae1e23b94d0af80192b2cb206123620d1488641314e64a23c7fd56ece4e6c708bdb8f0a4cbb8821848c2d01f6eed36c8e67f155e3d016578d5c7dd56ee2f6d0a1e6ee26da387a37bbd9432a63e61d88c406cc16
042edecb1917c6c03f713cee0753f5144d88fb933481f29a5466a78347c938aa3981eea98e61ad1154966f9e1f238df206d92b2f31e8b5eb7b6b43ff0a0489c4f7ebed20df72f650e794a00f92361bc9b034e0ce11aeabd0265f0e576b562367c4a153e111dcb8a61c3f88470e6a5e2172ba0702c98f493c
07196e064b2c602011e299257806c805fa684654e962d3bb99c17a4885ea27c0a921c03bb3d189f4ddce76f0e11283d8b621df17c3809f1d11a5ac970d4ac1dfff13ee0045b1f53b04064d3278af3dbaaedd722762db7b54cad1384fd7af2353b6d07864eca4dbf53639547a7c724aa091bd9bdce2834d52
3e23be776979e100b9834f1eb2d49d3c856a40b52c9c335aadb4b96199fd3cab113fe9dfe30288e9e1d24b95ee240b9dcea4998f20e5ef939ff9098116836575db2211c268ee894d9162ed1ad4fdeb0616f5d14389b74805c859223b6e1c56ae1fb2db59ad83acf1a615fb3ccef8bf80a3553796abbb06eb
36c2b330cf0890925e0fdef5b1407221bbf909128defa2be9fbc177323470d13768ff82f86121cbd1607ae8d773da6cb547ec17ec30e4d99747f44b431617d85d55bb8c3e2c7610af44eb7205ec44550eb02837305d98f48d42a26857b9b565b27600f3966a806838b329e2fc502b19f811bde134ce2540d
040d597e70daecf19b7c51a2c0e6761804f05bb073d561cd292275c9609e2f63bc93f78e4782df28c163630b513c3f422af3500f315bc095841d17361c3ad89c4ace0ad07b9830ccda72d80bb164f9a752b680c5333ac2bc51b43143995aed24a302802d3e0869f9c31e5c83ea71890282c1de90260c73dc
316443f90ad4c892f248039f66efbf330f4ef10cea0851c50e8d306239c023dc283595f12861c0a5ed2fc7c38f253182c360308681d371fb39514624093beb8cef0608215479b7345a8341078263310cb4d431fd293a07a87d550ab8603bcc7fb7f100facd6c0ffc5a008cb3bc8d430452447fc2eae8c921
3f254bd1faa105815ec2f26950e5f21a2beb6ea58b1380b230d3fd4e956a2a134e60cd63c1823269fda279ea1302a5ef55091753501cdce388b19de4160a9b1489ae43a07e11a7313653913eaa46e56c3d28214b0aa80145c7500efec5286d8a7de15c10faf972dc801f32b11ec59f4711024188606552e3
2dbbfcba3a0ddac3070e57a80dee481becb5ddd0e8d3428a38210f35028d06f97daa85f5c9b0a5160ac0c98ffa200e03fceb9387c02802afd2ad7d2c2bbe594aaea36bc2b09e1b8c9af7e81235fb2effe5eb8363d57df136cd3d3353a7518f0266e0b507594105b71a3134f60c75b7fd20ec967989edc289
211d5e12ecf95863fb6f7396e1e9763be389e66db6a283379570ad7b2ea91f9cde0d0bdf56f19b1faade3930d906d79f517f23a592626ee2e3403af10eda72ccbb750d71cdd52fe2a76c3b3946daea1a18d22272ab581d8bfa4619529ed965597d9243f330d19c8860279f93c1eb075a00f83d8eb1295070
29aad8ed05abb191d004ca43015f612186089327bdb2f3a162b3157f93df0766c9eb56db6e40e6f92f511f33090c0043eded16d4719eb67a8e4026d1168cefbec38bdd42070fcf5ccc185725a500e813ae4301e7280cd08af7ed302cc07bb7badd119ebf455d46ce7b0759b0021b43d222cc22c5c4169c27
3c9ed167d8488510fd1972dcf7c802271c0553626d9883a4e5e4dedfde490a0f68c0979218d2db00fa3682ee08384bca2fcffb9971fa926bf23634ff124b65819adb0501989291694822a311146816c647875317480b36df2e670f8ccecabb69cc33419ca248285a2e02ec5661703d8ae2e71819c494ccb0
000000000000000000000000000000000000000000000000000000000000000000000000000000000000000000000000000000000000000000000000000000000000000000000000000000000000000000000000000000000000000000000000000000000000000000000000000000000000000000000000
04027a4a7e222a1321d21ca857af502ab4881c0ba3433098d8183c3431bb3dd8073d602317626356544fe5f3c23fbc2abc8e88b4005c3299e1c269362f02bdc7ba8530c095d52d368162a1148fb3d4ebd34e13f6a74f0114d7e12afc88414a6516416ab1808977eb4e06bf791528928b4110147433ac400a
057d5abfed00d6e2903ca523cbca2b2bf70e648e885f83e185a509926f0312582189cc392f101ea3485584777b1af9a92eb096ade346017cc9aecc682ca1a0909d1bb0607b2062688d29ab2f77f2aecbc027227275cec0ac484d11fc17c3761be9722e2190fdc02c6a2fdd85be089484f2112e89bc16c344
2403db5e064e43015370f6d3b69b8a26b766e0786c14407b0c4967e725210cd3494fe75b89a0ba375cf235031739fa390908ea9c3218b21bcdd1bebe041befb85a95faf3cf1890a8bdf2b2247ce95ce84f9073a21a9218816213053e6abe1d009e6131d7ac22ee10eb182245c8502c2c200a985124a3fecb
2e57d5a712e40692fea52f9da5d283287bc3a434521ad0674e3c49c06ef001bd52d93846d4c317aa021c82b9eb02d0e3460abf61a0181e74e7df65e72d29673a3674283024439a653ae8550bd340aebfe9f5220b1085433fac8414195dabbe1bf3b2a8d10d2b5540ec3f348978171d69b2e5aaf88e5cbd7c
27042b4850007ab1d191ee1fdddbbd2974f544251bcb12cc54d068ff62ac3a7299c42e4b9cd06e38472ca5cc6a3e0b06fdbea3b0c3d406126c81fd550496cda9dba877e1d3ad9c079a0dff1a6cb5644c8e44e3c598b8c770e0a7279120a80cb4e352b8dd8e3ec8dca81b4408540a288d200a32a18d09aa97
273ff1ede9e20453f5544e75a0d8c83849df40ed2f947106799d9ce2a2c40a343ee085b32291297ce221c89aae1a8a2cabdc67ab42f67ca49c0a67b037a28524990232c2c3837cc61c68171baee180b96448500fcfd66f4328b63020de8c1cc507e0a5be01afd2c5031bc1d8bba8146ee3e8b5e766daba6b
0e8686f1e49a58e050cee3dc04beca0f72c214739a8452eb09d3791bd7bb36354d80975b5f02c470a898903367260c04052e985153d79cb62c9d59940cf0aa6b1a04ce120440d3f885c6111d35ee480dbabd002c8c99a9c7981f34fd1fa9848c832069e0a7f492afa4157129f835c71c135d2de5d09f882d
20976c15f4bb76d2ec3658d7aaab361813e8ed2e7330e22ecbf51a816c8e06ba9da74bc4da10768c11bf3baa87366f349b61ebfea29f0465f08d1338075166514f050050a262dec031711b0239d49c0ec441f1dde5b47de41fad3bb7e547a0dae0703290f3775eddc912eb7e89c52041401a356ab62f7d34
2463afbe9597c60229aae336f070e42b659944ca5d0890bc35ea1348891d0e3382d7009b2c40a4d3b95eeeb66a1f1c87a0204d974184596c96619de73b7ca9e24c144b012d7783e679efc93842b87e4804f1d050cead8de81e963149a3e142228a915008a41d6c007935f65b1d1e52d450f52aac2e662f19
295d7cf0e45d7da119fd500ec0a67835672f01f5f919b358b37aa5c917770cf1a1feb554b290a3702111e03bb73a89a429f5a1be615e4b5186fc725d1691ceb1f340a031ac7147721f28491b05cc8ec77b90a1d909c4d0825b7b332e0e12ed222011e9f0c379a126f0179b0e7653639c22c946b740355802
25e3b9b65b2535c033caa62e5661a907afa2c36ab3bc6276cd7343fd67c016e1d80e35e7e641c25a8062a603210a0c39709c26ad7141484d5e1af875336f14b17b5abfd3ac3cd53a2d2c970f7facaa29fa19a17502c2b4d8f8fe3a0e0e12a28cbc8318559011b056b3354e14f9df3c1b913b814a71070a15
2e33e8076e0cf993b942757c4c34de28c107f4a9d4e892fa3823690e13d2233fcead754846b3174fe8fd8851090ee031e98399bcd1797575a9d42ba728bc712523985b428bca0babd9e54e21702835ede73c734301fa2d0cf2660e8f0f9b2c8c1b639a5d1e2607e2eb363e3748841941f061b97e82fd3aeb
01ebdcaf30bcce339e72ceaf1633c013ec8d1b2249a03027521c34d471a2345e440a93abea90b65bdbef49f2192556c5afbd1c54a3efaad13f91b89920d8ed6dec4eaf9018c93cc7008b4e3d12de79628b198205b95376b8f25f358abb8928ff6ea0e55d0618ffdde80e11b4c652d4de13c27953751e9c92
02c67307990a03e26ad0277c6a5f3e035a30556410bf502587ab2f4047823901917cb95d73d3980aa7a55d85730ad637fea19b0e511c060f01180c6f3519ef38b28c5e43981a413e0e36523efad2ba660f66c1fe95a2d4600df338ff7a673637858205da98f475f49b3777b9df23a29732e0e4eb76d82654
2221bbc3f653f832b5110b790fb7be35ab8b80bfd543f0346f38814622bb361a702a0987b0a0a9a54cb13af409250bf5b15ccddfb305fe50e6fdc03b2c97298ec9d31ea3ea87f30fe89a7f323a2ba326816bf070046b2c7e86e13186ba49a67fcab23ca227905ce38832e8a58dc5423d0382120318ce27be
000000000000000000000000000000000000000000000000000000000000000000000000000000000000000000000000000000000000000000000000000000000000000000000000000000000000000000000000000000000000000000000000000000000000000000000000000000000000000000000000
2fef06085b9b88d25a9a684641226f37421a38d0c98bb0e64c438dd7cf600a4a014988721680d59b772c6a22dc3d6c799786d4f0f2bf1e6d119496990801f3d56f920fd0a3c1a0ca8e48830fb733dd2ac621c274360ba461c1f424e3ba9a1fd90c40280c5f503631613d1f61f8193cb9717fafde64f349fa
1b3323ec43b5f183da841534cc92dc14bff6c9be699671c34d7f32953aa338bbbdcde3ce146065e2e28b8c06e609f3c0ce835c625253125b9e553e0b24514e6d0383e9824afe76cfdffcc033206859072fe082113ccf99aa004c022b282cf281d4d3840529872a6891134e6a06835165c09f9405612a222b
2fa671155ab781820c84ce66beb3db0b2cd532b37c28d0a16c622d2f70d61c7e2956972a20034c7a44a4acabc93acea554203cd3d28fd3fec43f741625cda5756d7db8f0ea42cc3ec7d8ca2b9d40d98bd605231b0410968295fe39d7b048e3e40c93b064300fff3279389227127620fba1852ea0765764f0
1f0aeadea23e2c53270d48bb8c63470246351967f64d53dd12e90716955c014c8ea466c7ce802ed3ffcf0338f836e27ec648615b62e65bf0d6a4a4c000657f10bfb760f257a338e3268bfd08f40cc4f0f26511dcc3d22163e88f0771f3d4b0a80c414dc85d6845c66e345378c159aca370180c088bea564a
118b30002e5001728c1369d43c1653279177141072aa716a8cf88bfbfb021932449c5ab0b7d0be64d4b20381f3031f446721aea0934890e7fa1e92db2096f7669f9823030a925951203e623c48f57b38116053e7f929c9e37f141bb2075667b325429b6f5d2411ef55300c244dcd1ef5e289b22890d38a00
1806a4fea4b612b365371da59f020e3acebbe14e208ea10052a09359c01113decd46b494cd9341886caa746b79237495e6d1a0518017ba6ce4844f843b3af824bfe22ee2e6793ea48508fc2f0e594187634af0ac80b3663439ef2bceb7a2fc1eb492d5bce5369af87a2bb95b8e54e15f40049e84e5230587
1ef3e46104c352c28823251b52402c2586df0517ad17039851c1ecf7d0f3230c92965d14be5008966dd6c385a608bf0d6e14bcc8a0857184cc1e017b1b1b56ee39fcac82d85d296ff3d9e23c6ab426883d66810aa3bb83fa38580ea4d0ddb7cd6331c31bff39ba4e0609742a93c828109256779340d0bea3
059a4265fb4f75f34a8e27d4fffdb506574a6b10e66362d4f0627e09bc5b3e1c0047c54f1c82422e2328f1702e0f060b2ef5fbdf13c89de0e0b7ba84173e794356493cd298fa0ef1dc062336602220d72745f01415dd88a0f0ab0b732f44f1eb8262ba2530d1c4ed391e43fbe5cdb89e4367f371d3ca8bc3
0462eb499537a4f2d9b79bf8e3b6d4234af75a57f8a1d165273b15332a5d0b888f08b817a5a04218f142be341910f79ce7778ece207a6a378a29d8e811fbad438c48b0705603c983f22d243862cef0987afd711d7dc76d3d33ba2d5faea56784c7b348d44d91b722ff21732b941d1edf930f686d8123dbd1
1b69cafe186db4738edc66a25d2c8b064210d9941d01a3f04866e9632f123f6e29e284046243620414f076f8c135ddb7d462b5f770fbdd1f14b8664933b7ecd4c85dd7829f52961b3bd9ff28d561600c679c702e0b044c962b47140b23acc5b8b013ee3e4028a5e786021038b2c67f76f1fde0b018b9da49
1f99d71c072c0911cb7db7a7a3de2115010d409eed0d12e46376ff798c820313e6813f7a521095104445fb9ff334c9aad7d6fcc32128a072b4897be9072e66fda8f1a2635d3beb6f99fc7d062d2158e5a99ff3349ccc4aa716412324e0681f2d99b2cbd75fcff727e20f643fd62a1b9b9333f42f984bbe10
3aab1e12c2605bb23a8bb26907d22d0764561761f1a1e10a140313bec85a148f03f966c36310ec8b43c3b982db1eb9cce4b3c14510e5bbe46432d6753bd58ac47ad18f825efd6683bc2e8129e293fdc8478e02c29c168fc165b7156957053d4be8d3bf644d2742bb343da1d0a89ed4b3f08a6570e06d4cde
38626904be4f9103a8ba9fdcdf72c33872af5fed2ea633e4f371ba003ca0080665ab5da8ae2080e3a834438c683dc0632a0fef6e51de778b22d927a41fc8c90c45c99af219ad641d1d99c736ed66edb6452590c832345d76f7001cc0e8d2c09ddd202f5e10aec890b42ea69ff8be8cb5a345a419e55be41e
194cbcc0638c3ec126c029a0b79c6d2cc275c213d80cf35cb6dab8d5c24d073c5cb8914d5d610adea6369e87d920a71a38739e26d17bd15f28def0c50d1aec9dddc7dd61e2e0365926388b3734e75b59494b7110b340b719dee92630e81d52b1a9a2baecc84c45792e302953de5bf43da3107adfa31467a1
22071f692c5162d018dda80b593a020b6addc0e7f8f9531b9dc948ccf54015624b6d95fd00634a2c9bbc92c11d065fac07ae01ec53e546a299c39fb1377089c4c087d072ad8c0f0b19fff32f5c2983b97f47328d3f519be6db632236410b7961ffb3ef9d0388448ebf214596d2658820d130f461ed8ef3ed
000000000000000000000000000000000000000000000000000000000000000000000000000000000000000000000000000000000000000000000000000000000000000000000000000000000000000000000000000000000000000000000000000000000000000000000000000000000000000000000000
027c545d0fac77d2133b23f597bfc22153146d8b56a73341e32a1bda74681e1575788153f0d3d9255daa0fab373327f4e54b4e49830bf8a74a3882f609c48050bb4a5770f49399adc55cb81e1407419eb880b05b86d328dafd9636f0b62750650b81dec7fc6f30c8433b80ae2457ada8d2529fdad5d37343
282201467e68a222f967ae36ed10262c61480bd8dede33e5dd70265b89a40c50fbc4063acc42902e5ddfc4bf8b068042f9c59fc751d04293a94f7b731191c5c11d735713548970c0a2e96712c2d0548b9460c205a931ccd50527280652fdeafbb352c3d6242c5bd3bb02a0ef4ffede3d21cca413b5b8659a
11b21d5e16ae6ac31c63f62cda99293ff3822b6432bff2e41338f91509a539b156166c481d407ce74af462079b26e99b1ac7b66d129c82edc55ba22307356dd125d4ef81b606b291f1df160dbb12066f50e9f285195ca40400ac207dfa8c01294671ff9a23760dbd6a39d5ccaec246faf12ba20b5b4402c6
3149be5ee9a8be1266a5b582b0362530ced7d9bdf308609729bf614440151880ac1a8bdf6f3389319e96e366d713b50fb02fd122b3e948b7782633fe1671005f94cebd20b3a369b09a54a22b7b43eba06559f2ef4e7a0762c8b7233adb76fecdfb43f9399f44ec191711d5ca2ea416c1e18fd466968dd220
2d08146f4e98c9b0f838a088a4c8f412a4a70386e9348251a4e9022e6c270398352ada51ba00a1362295a53be63a2048ff59870d50af533a30f0b6ea38c791bdc47c9ea09c4ccefdf90336191984c8a6e4f962cabb3c5bfc083121c9ab79e74ed580ebcd7f867154ab1fff7e5236affb80385c4c047283dc
08a285fcb813a58102a808e8491b8f39622c10e329cb9014089262c019ba389d92f7a15267c0312be1ee5fe93415ab091a2421d272e99dfb9600e734301b632e91983d511b4faac655b3e2053834c6109ff382a1b4109a200c5635938c4ad1115e2255681b3e70d9db034e0657315344116f7753171fdb74
1917659a3dc4d563306101990c52c0338aae226efb8512d501447d6515760eaf9afb78779ef349c9e049af37532e1adf0f803923e3c4b3fdabf433e9093c6304c10fed3290d928c442a59b21df0577bece5200370fe349e41eb4050a16d2cd7a97712262f4ec90286d3bb09327ad99aac37f8204c0ab9e10
29706527660f0880d52efff3658097064864979b0106b3d218933721be230ee8b8d0b37755e1b43808f41043d2309868563a4457a0e969882bfef0f1240a15999cb704a02b7200a133164612479831ca0dead1b16b94c065d0991389e49de56f06a33a1e1ce08eb47d02d2b3f6a9ed4b31a4da9bd5151d7e
2d477a8ca732dee3e0d6874e83019538aa795e0fb1cb41fb3756b977e43a30ca6215a228512101304d6fa5d4222087a23f72d0b3f0736fb566d618cc0d3e98d8480fe10019272873d52596362144db8362e883066de30c520fc21e7d8fc896c1a0407ba7ec0b256c4e1db51907eaf88ed189fe05ab7f0d1b
37bc425dd467bb73c269eb6b28edfb2a090bd501a7f2437bb3ee107d3719190dc601156ae3d0ce85550a620101188361f62c56f7d287735369b7d47f0786ed97a6ac79a233a1ae390516312e7a23145efea021cdca6f1ac590f426570a0b3f47bc625a6ed04f2c43cb0964f5bbcc47dc33878db606ee6a7e
2d7812a18efb3470fd9651d03fdb22381dc544a0084201b8a6110f8de81a0730fa7fe3bbf1120504b7e74ffd4d0dc698a7b084f3a011c3bde0136df738d392c2827f28d30c69addf2f6d622bd892d4652b0b8262c90f6736b77c0c86d90b60a8d9f1b9780724b2936e3656ed75613af610dbe15d7c159fe1
039554dbf5bdae409ba200cc6781051ca46f579dd5a4c3d2b05d5b7680042459de1a3700c8d0a6d82a15acd19d2a8fb2f5d8c57b2396b910a57ee03228c52ac48c0e6e437f6048aa30c1191c98904cf9ac779311fe9df955fe11013a293d4e6c28a2eeca241fa221172dd2b6576211fc8178a5976bb3c1da
28e7e95dbfe4e6202c3f937df67ea4375c4a69f68a96d249cd58a1c4320d3b0843a348a648d2af847ef97df1d433f43006cba67ec37f4cd81281a3a92e51fec1853e0dd3249e8a80100ec303c0562c9d6c55e2ccf7c8f0300d1806095a65a29b82d2e76a50bab47619387b306e5f1f2d33166001bacc865a
23b55ff935f42271847b0f3307b43f08875895c0b4fdb0828443e027f3a13d9b5ffc427547325fd7abc5808bae24a1775d702a4bd1fae782213793a01edca7708d80ab10d94222107181823b7820940e1745f166692d756b75ca0e871e3a62f7dc138e31a07913b7182d484a44b5858472b27e18fdec9301
000ae59725c28fe261d2cb8c77807f05f62982cf19f8c3aca18508dbb6d712ce7f996f213b5264f4adddd41d5a0364e82ed318fc23b6dc528b554bb73b47961cc48c6830bd49c9bdbab0e11dcfff8761dcd390e20536b76a66b627f72c071602cbb2e4775ae56f93e53d514348aef6be4173fb0c3a4a0b43
000000000000000000000000000000000000000000000000000000000000000000000000000000000000000000000000000000000000000000000000000000000000000000000000000000000000000000000000000000000000000000000000000000000000000000000000000000000000000000000000
00f01f15cc1ea9c196bba11967276f0cd5ec6a84e0d222938c04f3e34e6e22b02fb1275ec261ea7a677fbdf0fb38e70938e5574a11c1fd4cc4422c9e100ee654b7cb2eb14430e7243771113b9bb871b8868e81e84a3e5901f4253aca797646270e205778bef1b195fa2d544a7df7fc31628389e48fa48dd5
1a73654c49739b638a1c6ab3d4515b3f2246887df969f0d7382c0588e64403ce48a50810124093cd440230e4c33abb9d029838e3922b86e2de1c9ef20feb5c313e7c5220c617abd2abdf7d0c877f54d653f6611c019b112a1c5926043113312fa1c0c99ebe40ac3f92272b19c1425b8cd067d60c275b2cd5
3b1b5d54295908b0d6e07f202d3dc9375fd29ea51b1c90f9f268dfc03887148cf42db88b607169de0066e72ece01ffcb520449a300b036bb7164a0d80ab52257df36e420ebe80fb7b7170c1966af3b4a441961ea1405d0753146067a5e460cfadb908779ed6cf0371a15301f7f2e2819d03c058ffff120ae
32650a9a646c5bd1011b542ddd781e1ab53317a026f56041993f04d43ba72976a4bc5e4e5962a4c3a3401cef1837fa0ea8e9fec253277841d2d0bd601a5d0656f22cd6d3d7c3502abce1e7089dc57fc05ccae12864e629e1b6772b20c258d55187e34967fc22a0ef61318a2b2602fd05034fc23caf3be83f
3968903a3ba65162312c5bf9b95f2809056f6b84af67b321191716e5d52e079a9cf856e68c134738cb024e1d902afca02d05977532cdf7d37d5964e73d817c6c43106172cb027d2ccb0fde09dfcbd3c729e2817f479612d10d3d2e00cbd56aa588d30b748e5590720619c5675ca81930805370a4ba88dd49
17e98892bf89ca115808b5c0fa820a023567d4bc93f411cc5455a56e416217b6baadc1c85b53015013021728c313875be6b5b633007b3f9ee7968d6a0deb5787cf3a60137185e45c5e371d3c0d552264fac9638cb7e5b1e27ef93bc3cbb3c5c2809012797077ccacb2274ae72cdcaa5a928545df69c3ddd5
2181945e8e526833919a76a74d7fb220b0886b0569c5009780920a8616872e3b356070a983a30261b5b99a089627f882f0930df7524eb3a2d64201521e41bd445608f0108cfabac07778e22f2407472dadb6336792040e4961350d2028eac79945e1d4a02c2c0c5e24228a32bc3ac31ae108bd66362e2d13
271ace44ad28beb2183081a357cb35060abaed49d9c2a0e0fb4403c0fd902c3bfd041e5a29e0060586b02383622a7a039d866f4f31052d93645544be272446c30614b0238b53b71b7d59d32bec67dc266372f1105cdeb4e7647833a68dcb42e041406b50c539b1d4292da43015283dcb904402037b774444
31b1e5f60db647e3c477bb97d64fe2185346157cf8ba8069413ba5e226502b86c513c6e9a2a16360e2d0ac506f37699087d27c77b369047790c2fc710e2f7e38e9121820e6fa26c1167abf3c623cdc622302508e11f2215d906f1beb2c49a8604082f201c26fb88cc2307f31ff70439de2821d84383c15c9
0543030c9b7207103e801c18da8eed106719b6dbcc3b811847a3559602e22ef23a5622deade0a002e8c752291e1e8fecae4eb6ff20b796e45fd7875903bfa195b59c5232299db307d56829169cd4c9bb18cfc055b733c79d0baf0b92b85dc593153035b87e5463f65a2a491fc23b7cea12d7e836626027bc
02b4270601bbca521e220dd3536c00137809ffd66abec04c85d5a7f21cb31e6417c05f964e830641e6c81ada8a257062dcef286aa1e98b693ca5e35e176aa19ae606eb42d9da416aa8e4e808a77281cee6a163916e188666c2c436d60e78251515a389215d027d4cd41b08a094161c52c32da5c85979dff3
1c0d07cf83f3a6305e5e7ed61ab61a1fa50b349f26f260c5501830fab6882db797f345fa68501d6f0239078504352d77f21bd18271cdc62886ea0aef0749a3d1cbdfd1003fe6fd6891d8d31186cad7d7c93943da4f419437d1ad3033760e5f2cf3d01300752188ac6c3e3c2f80cce84c118777e7dd7a1e49
2f2a01833e9dac2215678727ebe05f2ce66fb1f6980c0180b47dfbb81ac71291887e8445fe13fb2837bf97a17f074502ebddd17db1cdbe069ead5b851a80b4be9e7bec23a190d6380132b92c206e601310232339925d7b6628ca391dcd72b2d938c37788fc0efc610825e545da29cacc0003b4afa72283b8
28b26b3b93e101c351540430e333b20e6db0c77a315b9099e252cd941e69048dd6e69b07947060df1ea901ab74377ffccc42bb733375a8a739d844f4051d11cf7019aaf217a6144a54f96b303f26c9b085962365df8ec298e40a001db2a74e3804714ac17dc8d8d1ec002d8e552f858e8260799f037a9dd7
151a5ca63eea2253f9606499c424a0136909ae5fe27c019edfdea4cddd1d3fd1cebc94e0eab1d6069cb287526c106889f635643ee051f0c03f7304e42015c46f8aef1d02604cfad96edc271ab9b39b9c1ad7d15da8396bd8860425a15c59740ef0f2961afc2aa0af811395e8e6e9443090522813abeb7af2
000000000000000000000000000000000000000000000000000000000000000000000000000000000000000000000000000000000000000000000000000000000000000000000000000000000000000000000000000000000000000000000000000000000000000000000000000000000000000000000000
165f1fede47b4b80d3a5086629c01e3f8a18b6b882b0600d3700d900e9393290a81977d07e40dc7bfe1baca2902e11b8db8b2c69931904d3e7ee997e0bfb545d6c33516240251f823ea4e62068407da8d3f381d28018693545953a03c8b0b7e1fe91d77d6bd2b10b693d6e98fb890b9180bd464ff980180e
27100ff7b25f46929377fd8e52924b21d53fad00b6f9d34f2c9df20148a72adc61020de69f028dba06c1ae621431fb57d3bd81fce104387a9e94d5243188b8deb2f36d7104c8d5e7a7551b132e08b52699aa2352003bd996441e15275e43874ca1e312fad7f4b238f1076bad8ae47a7f628affb02cbce327
11e15bf4d1e83f0101e536af66a7a20ebe963bb9f3d6f0282c2cecf1855d001dbf40dadb76436c501e4a63a97f1f3a51fc3d4efe413f71da87d4845c35f4f57221ec9f51059f582a99f4c2128bdee20c1879c213684f5cd70a8c0906e478359bef21c03dc9085da08819f8a225ea205b4289851cb5af9d1e
25a914c2128d4650fbc36b931ee149372589a21c73c8e339f5261c2666b400d7a3f7d7c60393a99830fddffd1c11fef1f7cb42dfc390d9afb02b9add3c2dad1788a02801f899ecb209f7833be39090f176654355e25124015cec09fa6d32f3ed7f52ce12356a7389721c11c696d3a1a03329efc0131a64b8
0aa9f8dcf2229eb14ea1a0765b1a011225aa4dbc468490e62adebcb374fe2e3fff4d47b1801373063643a778913e977e1ca399df002a726da4bd6d82259c2610ac3fada234453afa0b7a1d18f48940deb6d112a35739584ac26e3a05298381075e70e931b289931d1615b427636b66f6909d034b07c3e582
2b9dc1e64bae0b22a1ea734ccd90832b2d072862f45bf1741c60f3c2dd7627b6f79def42111337012123c165ef39b43bc2633c7dd12285596e174efb05fbeda8306aa3103ebb44de8788791d4388d632fef752e4ed1c7621e89b0fcbea095d239830729b07332e731f1f5ecd97730df6b39d65619c4167c8
2e043ea30bfaac835402b8d6deb4d70007f4e2bb64fe819a789f240db78b18f43e74cf182451d8dfa9fd1df781200aefa62cda35a3ed2c610af2a9f5196c881fda9f68716e75671a0b87492d093dd682379a116d7c012b08cddc07cfa6ad5912e4217c7c2c5eefc7db2b5938234fcdf4d18caf5771ea8a9e
280b50f1d1f62e32448bcfb6902fe227caf5172f5ff763cc2bcf2d7fe1f1035e543b26dbeed1ce7d6f680e9078294e30be1765504052d8d955ffeccc3ff4f76aa8f3fc2023ccc6f24fb8ab31ebedc5640d58f1422242382f17ae06383acb4df22f8072676369b44fdb0fe9fc132e852ae3628e8f10ac83a7
065754a3072f8491791b5aedd921ec079d1c7d10c35503c4b13581b0f20a3b198fe8885ceac1d4cb1934de41c11bc6dd0ed9651393bbf5e5a3d5ac6438ebfd10a7b0a5a2f1efc6ef25c2850db23628b8aa4b10bcf44fff03774f27f824b225d29011bd600a2f0d9b0b3376ea331221a8b382d20e0b63a106
04b6bd27d06330b3988581bcb804a02f5dd447d23de931ec807ab167bc29207c5c3cf8cc5e4391ee1a8a5c50fe2233b1e3032c6cf13e7b03e1a00af3077b7f16c39f6152d7514fb0a13b7537e2e85bb194df11c30312370e78d116d849f832ff4410232d533ce7cb103024e1a49b5347124723f3c04b7e2d
163a7007bc13e5d0551094668c01511bbcbe2f126a6e3360d4e9b5731ad02c2122db5da1689055acbbb842c4c2225d701570393ed13bcf27a101be4c3389f254d4bd5c0335943c3d6952c837971318d92518c06cdc2732cd67d7255cade313ce547338f97f39e132a824115a692343bcf163db20bfc6c167
3e1c66dfead279f2b411e5c405023d3a8e35f00c0c0ed0c5e93ddde0bcfa11253fdc9c221f32681c1a705b0f4c0b61517f6364b783eff08a36f304193a2bd13095dbb410c80aa8de46fb8e08a37d3596b23aa0ee9b904b08a93d02516b5c09b392c365abdf22d66eac0f795194cf6d5681718aa35eda86b0
0798d5ce4b8b9a42ad2d369b2ccded1b5ec120c8ddfc60adf9c6b9be049a2045afb717c00e90248cdf10a31fd12bd70a1aee3672b3e93a443c3809a51a092ac25cc93fa387b04d47700e562c57f080484f71800a22505ea1f8d81fbf0f4254dddf418e49e48f4bb5b02d04c52312900d41c6b79cac9da935
111d80f57cb790811741cc9675bdf7107d126864edfe203193b16b471e3c058914274925b610bd0b8a932db3780cf1190f2db31f5011384cf330ccaa2be1d3429ff7b7e0497a5dcb7482b7123d555346f6f46237fa2d462556682aecd910befabd510b1025992baffa3abff8096fb37ba26d50e0d1191a64
1d9d297657bcf7c1fdee6e22f9adf706759e3441927f4106c08b43dc247035c60ba8665b3f6278ef499c0a52cb0d599cdb977ec6733856416b02389228fefa41f2c41f9199dd5be01320612017e072c91c7ba1c6ce75fa91ac8e28fd170a6f17ecc0153618ccbc9aa31dbf607063714e61b7fe50931822a8
1f5bf04006941571f5bf04006941571f5bf04006941571f5bf04006941571f5bf04006941571f5bf04006941571f5bf04006941571f5bf04006941573ac5a3e8cca31ad3ac5a3e8cca31ad3ac5a3e8cca31ad3ac5a3e8cca31ad3ac5a3e8cca31ad3ac5a3e8cca31ad3ac5a3e8cca31ad3ac5a3e8cca31ad
1470e1c6ab73e163fe6fd513f1a8620d57bddf4b98ea12594b5d49aa1f28070e6cadba913a11833230fb9250a72245fbd8e761c02350421131c2cfb10908d99f1bab0e507d9df4c9f2aca617866a620e6de88162536d47123bbb263aac6b5f6a3e131f1b8d7a71f10706fdbebbea9a0992cda37d081b8363
15eff4e12c3f08037bdf0a766200e423b35e9640fe4fe262e03e5db687e30fbefcbfaa7b916124472705c9f3bd33fc47a5882de832ac4b627022c8d0188965f318e540e1d4f8b58791a1af2c15a4c49f7dc981d860c1e6b887c338bb0d3d3f2e5e90d0f499e3852bb33bfb177afa4207f0fee70823b5b237
252f279f69559fd08266eb6164360d37035b40d6421913e8855d5a20578b2137943de3e297326cf5df46cc7ee22c4409f6209196826b8f79fee56051241f15224e6e7db298475087158653146af1ede1ec15d3eb47b453bdd50e0fdac48878b50b41279545735a3eec280b6344423bbba2028ba4f0c413ba
0e48b26c434a6ec2398d2c1c55abcb3e9e1b2fcac65f303e5f8d12ee85ca084d62099ae9c36137cd3d84f3270b2d26c0adb50c98c38493336d9b94a520ef831a084808319e1451cfb04a7c2148da1d3ebd6330ce4862b93717672de2767748436c507eb279e8bd0a91179918b22ad62591a26ad1cac982c8
1405a1d8f67a30e00618cba5b1c08406e51b06fe8a360342bfe1c686dee610a1ee43c939ea72d33f30cc44d9490dfc904de4c86ed32eb68429836a1a2b015ade16b8e931e5891b13e4d2442176be246ae5acf36a4ce61b0f05a83f5dc0c8cb3154a3cf4ed4e6f504f80c9123df279c89114ca8048a6ea4f0
2e0e9715c1fc05504b69d81c61c83c1a1783131be9ad702c99e00b3cf3de33871b93017260322560a492e457011a53447393a091d0de178bfcf831341fefe5061890cc500a21e13b0daa7a26381ef572a520a1e9995cd1043a1d220d0f98a5a83e2313e2900e87e58b0f7d1ff5d8d8d652f5e0b1de1ec90d
10edd729df487c20516536cd4260422edfb7f284f6c1210efb4b2ad6bffb139878016d311f539b1ee2115904fd1fc4912248173161335a3d2bc6b8da051afa0eece1f6c164cd0e784ecdb035f98f678c126cc02162fdfd7f566628fcaa7c0b1eba3200900b7f6e82621ff703e8adfc8900e2857fc5cd1e48
2ae56dd0f4e9a1a22b86f76acaac210caf76e3004002c25c1d6ff083326136ba87face8c9860af132f06c645f525fb51a3b46055d2427907ef4de37d1b6e2a9fb98b5893fd9211e60de7d208e5c2a0cde6c0c33b15f0a61266c8170b81d43c7d5fa13017501b9ec0cc234be4d6599649711f8c3782e6682d
19e9739d7144e8837efb0354d3b06e01c56b03cd4b0e72235b6e4d8df6f22781f5ddff7e9163f45b3a9c661a1c35fd515ea287d821dbe7ee9eba5c601e2bbc0552c99ba2394623a27ac0552ded284a3655dcb0312122f4f0c8a812edb37f0a07a462b5b33c96851ed730a463327e9a4fb1914b4347270480
2987206a355cf762df7acd26726b0d006cd5fbacdb9463eacc47273db8603706f334cb8744d25a9922e3753c7a2bc4b791f204d97133273b77c4193e05c9636d326e5f23882536fcdc42fa1c8988b2ac885613dedb97f2a4d4cd3191d8d8a0b8ea63322016f7635742090d714aec569333b9f4cba7619d10
37f0d350948d3f600699737e0c5a4911cf48bbc4d0d0007500c7162db7db19d4ba84d32bea72888cefa75203182374a741b13b64f106855265c6bd5f16a7c10f9d528410d8848977d1a1fd1ef3f17b35195ea08aafc0d90efcc72d6743ac38a6eb20737308868f2ee42b78366404559b50f9f5729519dd42
0764265e54efd8d197a03e2bcd4d9426955adb1a6d6ca1fa9d6d1e73e6670f2fe0b8dcdbf1828ad6dd59e66b350ce54250f722cae0cd244b9902e4b00839b9a1fd5dd0415911fe1b7b78e31ab2de578b532e40dfadf590129393297bcee5bb436a239f7cbf39c836b0180d5c3ecae63282f00511362ac03a
2f0c22345f0b798137058e41be69c61870a55c14259cf25da85555490538008fd56208a95b61b4c941efff8a973791001501c4f600d19355dc09da5d24f846e2c973a3c380b669db401d81089631308e0c1b2378d075d1bc1f2d366df8495f75398209773a055ad79e187a9d66f4459f13aab5d140ac17b9
1c67091cc2e9b7022c0cafeee41d1436d52091ffabeef23bc7b0cf0f1144380de4491d95b77200932a34e1d4c2121a2b6b05ae9ef25bdd53c02ea855163dfbf7c1e31f116111f0752e2ba53722c14d5f89f4e3f452b843249d673df95497a6e5eec3428e697352256927df6fb6480202510a8f64d1b2c2c9
1815b1cd82c5fea19826d9bcc2857f022808cbfa7551d149d7b8b040e34d1da0b63f822372027a5508a6223d742753f3f284580d50a9aaba149062941159253000d238738e23bfa0f83dde26c30652abaa6e832386ca1e3b043421036eb6e5482ac394dc4b5c43429c3def80e7e81090005d1993297bc3d5
0637e96efdbbbef3a38a6e7612d1640cc285c0fce0bbd1b51a0de2363edf1025d2cff053ab2244bcd0afe21505028dd8f8c855844226af1439cfba5d34a11f632ec51f01680df77f9ecb530c5f4e6dab3db490068b1fb4f348ba3859a00185951763872269fca0315f00cf2a6c11811360e788cb9c643af6
1705e44cebf02dc1074a84475bd81a26a16361ba0fc580a59666c884d5c33080b2d52eff9a708717272830e9d112f328c3b93ee4f0e4a9bb18704c1a104ac80a14a855d160dfc2b661a6330307d1006d1ae533cc077a387fe57c036988094467ee63a5b3d90c945a4402cb5b5296e1a952aae5bcde33213b
0f6625d8ac53fde0d0468750777c8e30aa947a51ccba23084a432c47b1d73deebb79ed62629040bfbbf040d24006dec4e810257192bdf23a29d44d7c23f8b153e0ef6a334660f914623d9803be542100a70152fab617fa78e3800fbbdfc8a2b110102a7a10d4d0744f1717e8021d9919f1eb2ff7dd2aa902
2721ee9d1681a7332f6e9544e7e5d02c250ee8834699a080e35bd34f17d425bd474c14dce7b27319bf561773ff347fcc6e0ce10cb16737cbf4d815e530a25bbc22662992a621f43594cb53265275a95a281f73ee6a540588d27b05a35ab2338de4120808f87319682c3db7d6a01f7fabc268317939074912
1ea8c9435e075122131f8154f18b74145e062a130d5d1348b2e7367d5dad1658ddad87c9c6e3794d81a95af72618c212096594db42020357140187d40e7d031ae3ed32123271e0245ff8fa345b699ac0b429c36cb1133255757f25820dee9d88cfb10e9fedfe9266d032d0c306a07562d3cb014456992943
08df8c6050062231048606af8154ce1e61e381964374d0b219bbb11a3e95116015ca3fdf919009d57bef15590e112189ba5e4d1771641f81c97477143e95e1930b6cf6416474928216c79c149307de7d0300700f9fe92a64a734133587fa8e359680fbb3aefeeef593117fdf0aa5939550c64c51dda8f7eb
1e3db341b4afe0501810b3c0ab20fe2c0a4fabee2a327055be78160a99f705a3debaf3fd288351c1d4fa3b68450f93ff254a55c271dbf879ad210f02046ac69a6c18a9425936e5da63bd2c34c917d11470f883d371d6b6209e061506bb82dfff748339fb1b188a3d621abf4251d8b935402d88d03b2d9b3b
32e93dee7c3068816ed4b1983c300400639f0b3a68bc7071c81ac89672f532a21d9550714f91b94876516787a20adedb74f04e3222fc4ea8af36172724f0a4421a5c506084b603167bb8f23b62195cdbc5a602089998d081c22f0bab2e48f352a9214c72c36cc7ef36080d3435a2982c01243a70ad7ee669
1f362d1e4abde7f2e5cdb441db44930bf59dfd93fbcba27f7ed9dbd9eba40510cf06a535afc040a9cf46e8e9b5018fe42ffe610653ca58365ca235473b139efc6cad7d0047cf4902d2586d11646a803a482411b7cf99a0d9da132587967c2b9c60b3a3abd086ad4e4d044dcb834f97e5d30a32769e89d159
251f973a122886f0afec0a0cc89bd608d60b9622788073f18555a00cde540c193ca0aa8fd5322f2fc2040585702231ef9031e08931f89edc4c17a0161c891d1d855a30a3401dcd622dc55429527acfc91ec4d1718f97ca5c1cf82004c72f86ab2ed252818e17a3c16a1f28e778ff7b7bb2e404127709a805
07ff95228a06fcb28dee1e32520ffa36f270b925bf3c42ca616b17d1619427fab37e50800653360b14c95bd1a024d9bf093d94595068cfc24200fb501b58be189101fc5090770922489e1829e924ad44f147938b5dadbf8f76901f2b3cf700014b625260423d08a68903e5aac9e7c70670f1fd94b946b646
2620d2a42e78618084e498a5ba22b833b2e112cc6b1972d8bb3558fc0c2d34f06f6fe014e553988b0ef645a5ac37ae7d34580019f029585e8e1144da16ce14fcd8e5d4934041847082492a036c2088b59d64806b12cf4cd1a68d2db431e7a8ac2282b1f0df6861ddb72c239053567c92104fce451a18a731
102a61c408594db2537970e27cc86e268656a56c7716b3dac274ddc389dd1e8bdfb6008dee93996d4f59851ece078cafc47ca3fec087adba1fec618f2671171bd1297f43d10cd89f4bfb8e02e02d5e5c39d9135ba7fc1d202b7e1e23278c138265609b07e89844d42f2642aa6fb0aeab3054189ae130f9cd
087f4dd802ba8780e992872930f7a32c7a91518e181d72d243656778d9eb0cc4e5e67524bdd19a9982dfd25ff417acd5153ee08a20dcee2cf8c7fc571a52a829a4ff9db1cee3ac0346cd401081ea99de85e961ba38a7b000e8d40b837616c6605de28326d8eef6282532420996e457a3a24c2f73bb8bbe1c
0e21138608c0af62b46489e1375aa33e19d80387a34722715ca0cb538534221ea1a9f397ad01bb901d4815b8643bcbb491b34b93e1a72485f3eb244e1ad51e0dc7d26cc2e5e2bce21ebd3e29326d9196ef12c18cf457498d3d7e0efab23f15ef38a1efccbbe2bab2640648a1321c8b0911b65a76c9aa12ce
3043a9eeea4ce490863109ebb2917d07ee8b312f0dd610a300b5e8c546b02722c8cf80ef726198b7517e71dd2d069cfe81f54cbf80abacf5d78cfcca26526cdc645e54b26e3b90116cf4bd23069dac8ee717c09ca409f73bfdbc1dbcb1efd2382d01d685d74e702e4b16e3714e4ac515a17f4e3ba7f959d5
0526e430bd9c9ff3a75ac4bae32d0409973f20eb26a23056bc485fef722b0ca5c39e291fd03370fac3c8e56439325d47271d761fe03da4066ca98106219e0dce13b77c92e0c410d51950132a9c4d7d8bf788830778087ceff65d2b92fca9e0435c016be8f68d412adf1a3a5ff54b24cac364db800a8985ce
1f2d514552db0522061ba96cd7575d2241092c9af5f450b5f496f2d4fa002f442dd9ac3285328c249319f7430c1dc31b12a51ad362ef84685041d49c22c46fa0c3c01c42eefdfbc976cf473479641da3b349c21d6152e89fb9aa2195546ed1d66f71048d31ce96f59f073d3c5f256a86d091017c440022f9
1cfc8c4edf4b0ea2d23d99eefde7d30e7c7d2ec2fa5c33c435f8ce5cae210e0e3883d43d4093e9fcd6e84d10a91a07c13041a458d096b086b4df95ba1801cade8bf4d4738872b0b9c363b21741b421a45f3610a7a267d81cc57c30b21f076c87fe91f649be6cb7118b3bdf635eeb497843031ac84bef15e5
2fa5bc8ab846c9b2a53a4e01784df330d003aa17536032338ab6f66b044705791568d4b41d909e34a5a45ff91831721dd5c9958ec2ce57457cd8d6b80afeadcc1a375020821194ba18533515790384b7aee6c04ed6816c1215ec359721cb26e355d27268c77afc421a1d1a82db3bbfd462e4ac04b0f9c421
031d93879f59b302b543fc28bfb3d539d8332919fd6952209cff9f9cb5ec164a698807b0e5702c46d1d16ce9ee3c94ed747e746362c818f8bfb8c1e632065bbf7eae3d63b801675abf84293a82d9f8513cfe4082cc7ef46b9c523656c64aaa61cdd35f59c80792ffce0291ba1017821240cb070efb8d2b81
15e882a6f3560fd1b1bfbf5806dce00f7bc0c57132ccc0e3c1d4cf8370910b451b247c819890463a3f6c12855023535503a3dc451119c489c0bb0fc007871607cb22db33b1e2e504b07124333205a5e911c45161abd7cc51f5590796ec43dbbb40310f9732e52dc6023c630364a699cbd1b5e1f6a290fd5c
1582a4db13f60a41944a4914ae9c87132798786647d722ddd01159c72bc62ca64ccec03fd740fb737c260429b72a8ded1f2a57e56258a974b026d9511d81d187baf454e34ee7bd10583ed62c158a88886da7e263bf03c6ad72ac0215d4c1d2f02a8211b4a4a107da9939fc4b39fc5e10d2da3ae0955854d6
018b0f85ab1a05d228ca8ba005b2c006c85e3393d7edb31878988bbcd547212e86d6dc2b15b000840a72436fea21a46ff87f3b04d2dcef7c757e43a60265cb0b5b7780325923a8e9ca75d02a344b2f0c9a02d13760fc134bb7bb3270e8ab56c57cd1d2a3849d983bb202bb555169b295f065c6f97d0138c8
1d07a68de9b970f0131e8065dc1c01255984bb86a206b180c934fa6b43263f6144654b797861d37cbcbae3e4f115605fda0bf584906c4c7ad4fc503d3b11ce89e2582302ec4a26a3b6447529f00c804eb3fdd31a26d27ffbdc482877bfa31b27bd8297cad51e783cce3c2f3cf7e5c0b811a99adcba8ee1b9
0287ff82fb9e6cf029b7d4030540820b591e157e4e9e919b0e720a1400ab1a745a636852ea813e29ca2841f8f411978b0f01d47d905df417e4460fad1fd6449e1727e53125bcc7ba0e568639a29eb87a6c8102cecbf5c71f7a4912109f4ee8d0e8132a9889e904773815e99ed8e952de5142b3f8c6b22108
21f6b1f9a174b6108d5e403b9b87503203011d6b8d12d1bf601e42106a072677ffa7e4c50b91443a2a65b935403cdfc5d1fd2b0663d7c0e1269709861760b260f9e290638a6809efacdc43367b55e64f5d3d238b71463a57aac10391f49ca5733561936fe19314757a17873d88c237f8e0913c271711d15f
3ae528c8943fd1c3cce56af28344e93cd915e3365740723853fb6226bd923e8d9b6ddbcb3961d00b1c9f60e873329595a096f96b50033661a83671d717b5a3ce437c8e73e9382f046b3d7827103b16dda34341dbcd73bd9d048a3ea1efbfd80022b107c5892e1a1d9118de7b304c6b73823477415a188c25
1223d7e5f4a7fdc0e436ec7c2f6fbf15bad5a6fd082e41ae468eac2fb70f3c5109688f48a48140f6151b2c8c392cf0465a631539a351650588b58c1b1e412e37da4b9410b2e3b19a00f4653bb21b5627020bc3e481d0ac9476f62cba1df3140fa2336ccc5548376b193acd49a780aafd9177fdb582e83369
0b3fb12f6f5ae94126f6469d5afeef3cd254425a8f5ba3a243a1280aba872606017d35a46430f434c5ecf538c90eace93510e662d0dc9abf24e191f4293bcc994073eab3ae2020cda991dc10e356b8eecac303d34439572911a43097e68517bf5eb000e4cf1bbdb9eb023a2592e878f3d22cd2720821aeab
163c289638fc0160dc3e6bb90227f73f64f2f1081476b3ca7afafe7771bb03acea3deacb6980fdfd96d23e4ceb2837519a4d2a8223171373630f98693109a335c8e181a0e9feb891e0ed2e3d6f1f238f2a1291dff1e413410c7732e520a85fd83f5116fae3626f83c0154e2047e95b1f10efc85656c7f88d
3230a19893316b20a9777f961585ea2174100b3d181ba1b142e8001a78a02a35981a2db4b0a014e840e190cd9b0ce35b3fbd6b84029f9443a990c5111af66636cafa8bb30ef74ae03c08b511c05a474e8016e04a5f38e4473c6924754120c72b7623271ee74cc5346a1839160afa3edf115e6d5a9391b889
25611b15e649ddf1d63cc692cf0bbe0d28d49c482ca5525c6b77c66886550f3b761ed6fb92535dd38c3e151d4806527f94dd6b13538930085f809c7d362fa71012243e92fcb343f59c149c20154a0ead09c080c23f231985cde1397b9092928954b0f674f124dc010b347840e8b971dc2389d929f49a92d9
04a528ce2804e9b0552291dc75098c10a0ceaa17c2688314fec24a1f7dae3974b9b15f9d76236701b6c6d740ec08675a266286db00077ec774006f5f31e1d0098954b243a39435ba71001f23a96ccfaa4da7d358d531c9b0d9e2313bb2f3dbca5402c4b6fa7f80f990214f58fa9e3f0f4192ba50303cb4c9
3079b0b168a11ab0d2941a83b79e4b2fd3c93a07cdba632f421bf5efdbfd27f228049db51200f98ebe611c18e422cfaa422664e883b5e05aea0aefe8017fe616c18f85b3f10855605e12d8031f9017b900e5a1d7197c4260a7e8293321aad9d2e511bd64ec1340b85a38c32c9feb04b1d3c817997ccd66e8
2a213f549ebf12618a02e23e6d2bef3b09ab580ecc9ca2a73e6e22a4c6d22900bcb882e1bcb0c9842c71c51ac33b0b4fcab5a449c29f96fb5dccda903aac8d8e66dff7e2ab398df748260e021f82cd4b26a7f2d98699ac7120bd0baf53778f9fd4a1a4086a2161824e38a4dcd0dfcf7bc342eda0578c00a9
3af31110ace4ed82069f0de728f3c023fd0e5db4323de1d113b2a935dea029c149fb16ce590384dc55d39d23b6029a6632e25ad382ad212c482560ba1aae7078763a98c3daa32cde1961f8000d3ab3b9e02dc3f14e0781420ffc3fee9908c2ad7360c679e15c7089f6244c7e40b74736204a6c2784e0d019
0201400430e957a2900353a9faeebe0a4eb24782ee5a90d825105414f46c322450d11c6742a07524c0a944303c3817a577d1b1c56101918ef06cc49306ebe408c87456b0f017aca89dd4aa07ea593db7a26f418cf58d0f69a83230f142cb65429a71f533bdce0e25571a20885e57273bd22c91b38e983c6a
1530d08dbee258b1a1f8868bce5797044e6e4b167cb59207fc5d9812b8ce1b03cb273567f75304d7cb5843ad791993179aea8a19e089544fae12bc300e54310e601f5a83ec10cc17056d400c7029ce9bbb78526fe6b28ef8f49c34f87902272a66c1f8f7a82e59353313f879327fb4d8326d22f2aff4004a
2e5b84e35b756b21dbfeb028b6f0473ee9263b0cdbafe021f7c151158bd1369509026ecadff01f4da702a31070000838db2fb2cd4337b9550fb0b65128df179fbb76fcc3117a96c32cf33d09ae07a059d3fc9368d3f66a6dd811278fa405acf48f11766eb33a38201a0b5410916e5cfb70769ac056da54ac
0b58a70f5aee7692df8eb697f56c0f177fd361750b4181138ebd234a6f7a144bb00af2b40c83d4b84980f82abf1681556636a72ac104af46478dcd2e0820bc43be7c99a279aaa9f08a1a7c018166182a73e9a12cc59031ab7d892364dd7eb36c5460e5186acc7bfddc0d242aea36365c212d16f43d629082
1694c6ff4f676f42ddd5b79268267e163b7e2f43ccd783ace23d99e79d1b110043ef88d51d5315f23b02888e813f0ee9e7c76c80f0d95da4adbdae331be8a5dcb86da140a6c828502b66b62e71728787dca4e1fe03ed239dc41f3f8ac8807d607cc08cc41e14b3417b18b602fbdcd9b991f29c3732a031eb
076d0f6b6bbd842308f1f0338ffbf00e91527f00eaafa21c107135ecbc75368696be1ed03eb3437996640c5e661e6bfeb27dd6a2318daaf42e0646811991082622229e618059ca2e26e9a41ca3ecf562d6ce82e84df3534a841736b7907b1ab9b3e164443a2af566561096a2ecb799cdf35f892a4e65fee6
27add22c038486822c4e1bd8c258211ccf1551389f77b3af91b3fa68089611b291cd05a0ec322c48cbbd4266c0285799df1b5c0fd371f7bac7a15c781486621a7da339e2b0a06689603b6732fe1364d08fafd09d12027199d9f33682e813c15adcf1b8b6b41eb059e133621f428a984243b1b4ea30ad2718
35b2f0a8e0e86290460b2cd510a53c3ce17bbc7f59a3e1168dc325b1c4dc3ff9fc7a28e3fde0ff9d35d8e9b17f336ec22b9b3bfb311ac5b877aae46f3f787705c837717122dc5521a7a8c12e9680a5c976aa11ca5a17acab96502eb89aa1e2857320451a48348fde1b31c0edadc1d9d081bdf56cac101f1b
36e97448c5d10982692d64b699cca009b7ca604ffb3dd245359db442c32e0c9983b4d02e9c000471b41f5cb6e53cda85986d326991feaa92059e90b637e68764217a1f33401890732b7d0a2afd5498875783a2cfb61434ddf9571258b99d66fdb4a3aecefabb298b9e365649ba85c835d2a5b938ba867f7f
18c85249bd45662023ee39cf47054d14809253645cb761a4052a7ed75db3368f0cef2dce26a241934e31c17e5a0d8df839892f2e51aaa8d45be1277016bfbcd9315f30027195611f7636c4287818c9fc2367f060d657734fabec28bb86a9b26cfd824b1925528fb38d21f8dbad887bcc506bf6131b5aad27
01075f0a2391ee106fcaf98cdd27790c3c7caaad2cbd502dc69f607f1f161ed7c58e53236c30ab6609be92c75a2ddf5d3fc54107c107986f3da8eb5e0c91d54edebaa9d0c95c17aa1319f42d70e73906e8e5c3b300405b317125090a74a6f13d1b82bd948709511dc215a8e05ca3e8de5310560e2be84528
2427066710418c10d0f54fbc3fb394009a8248f45e2ad0222c22227e462c27519bbeda09c9b1a1e0e0d8034f692c0a8f887fc59f239d3d91b0fc4ea20299c670b39877615b51aa89bd86ce2a95fbe342dea90089b733c0c8947532b86bc82d20cba2fde044c59f5bdc12b86e5b2896b5d0ec45a500c6474b
2684240b1bdae012bb733563e5e792395b5624e60a27539390240002f5b018f57896cc6cf46133de22991836423684ab781c0f170365b24a7f8c23bb1f9d1ad6dd7d3b2260ea02a705554d18742ec599c64a0183fe2486b211f40f76848426d65c03a9f63d6710ae9d0a6289968400ed23f224d65ddd5175
11e7cb6f4f9b122308d419c4f68ef8009a249f27c7992305e779894dc56e1ceae074f2c37f63850ca3b51fe736235cf4782822d882b7951f8df03ccf0b935d074bccf8026b517669c603ec136dbbe129bc3ab1a4d3fce29383d213e144d6796228e1e335d402a1ebb1347a7e781b528441de8fe72c7b4e12
329ff34e71f75d00a7fc6775f6d0a01fc08da24b815193ed0608183ca72d07965144216de101f94084936246442226b91b2f002900a9adde5f4b21db3d7996ef4ad1b001d7f48915bb2c7d2ab9d07c1b9348610823a66dd71dd430534f8fc62cadb2fd4d087dd8211730d984fd8dce7973ea5db45aab9009
16055f02fdb0ebd22a0eeb884c72ff3c9b13a76c4e3632c2d6184a1174b31aa6492b85ce3ba083d08f7ac01c883ce26fac2a606353f32ed836d29ec403ba6e102f0f3ac0ad1c9f22d30b61163c02ada46d378079e8d1c43a3bf018f464b7d9c17f40fb5509b8ca3f310771ba6d7f8eaec1e6eaabbbd01e97
3da00d127a3b03e3d23de60d68aed931a448e5ecb4015375052bd00471061ddbe313da318983fc6df0875a282a1ede58b7223dd0732a0333dd36689123094ab837e1f9100433505cca17103d2b9ff8d8e391d2447a433208a97e3963dbc713da4f21f4e54fd56e85cc3b5bef7c464861714b162a9d44a7df
1a3c06e988e367d300dc6dfa41499504b056e44a55417058535260f1cabb008eabe0525935e0bdc4415053a7e8120ef09e79e375333b339ed448e0fb24b6a1a55ad66d31f471558d94968c3255811a5502c9f29abda07ee18b61068bf5f5c593c8a24c551fd4720eeb3811368ee14777e04fb732791e5783
2f1d4b83631fd81355d62c5035a6262416a6765aac8820611d5d687a8d1230f2f2a81ca84323c26a76b99c9ac62118d92705dfa5508af2738665f3790bc7b4b47e6ce97339f4499eb7878d09d9a459985b68d01356c0fb4369380842b58b794f98627f53bf4500aaea26dc2e25c381dfd10a4357e621af40
1e61f77b1ee1abf2b06accb8f0faa026bee8e878341d03b2485ca4db66f516a99f92ea1465d2efff157f05e1263b8774df3eeb7d113af3ebf41d9b1a2e682419124d3121075c9373865d743f679832fc002c41e3b6d4271b127c20beeb38259c3e609748e6d253aa0e315d84926b7fc8f29a1fa2696cd0c5
104503af65b20912bb91b1244b7da31cd372fc4e11ee21ab20bb5a8e09e201d0be4547f9aca2a8d9131fc723dd3785143bb33d1f727160314144e4813fabb47a0ff093835367103575a90837bfc83c33101ae322358c7ea45be924bc6860e462f172e974999cffe75f21c15ffba4583f8154fb7bc746a684
00c3abbb01a8ac836b1d7bc381ae310cd9ecca396a9083148620fb29d2a12a8a05a863c39c738222ea09c959a3250a9fcab75cd072ea647642f16fd53f83b4a270e6ad908392284b24939a0c9e7545bbe5c633c08a4c5aea34063e95edc0208057b35382df5304756c3853e4a9df764bb0d3ab58f1fb6a1c
05ae0407baa99962994cfc4b1f3eb51935ac9cf04a25b231c47d70496f831c9f15644ed29be1fbf00e794bf2e51dc73990a8c585520ea0b6f11129a22da2fe3e3e8412a0af9b0a37218d570d2cd42c7954bb003b41911d9b7cd20c103983dafaea42b29c84a5c567942ef8b760af9080d21bcce8cc445f70
2d9ea885277a51a2c4f0fab52e1e4c332aac64890c4a230eb88449afab011244347024e85770dbc1debe76025f0ac75c0071fd97e05c9d77aeb125ea139b0988c1bb79c2d2a8e2d26abe091bf8c493aa55f7627613689e9d8c1f2f79f89fddd75e516724d49f381874293137298ad09002882ef30548d492
3b9909f7ef3d93334ae1e7934a73e5264c71be0262da13d3cd7733322a0d0e36596532462d003c4920676c4f3b1c8294ad60e1ba5143e475cf7e670d33c2c5c1323502b2c38b44a65b150d227789f5fdebcbb38fd0aa6428c95312e70a02e7293c437d7c5c119fc08f1cb7524499b29a01f9cade746ec66a
022a4fc520c5d8223f9e00caefa85c1efb967b3f6915f1d20185f4dc641d08f716b6b62200322b6ae0aee8d023102253391df80f2052c8edb0dcca5a2bfea58d471d48f3b8cb92e36c631f3d3d9e01c4dfc0f09aa0d3c943c9c43242e7da997e7333f5a0c3979fe2d835a3834c5a92f1713d0fc73e0c274c
3545cecaf12a92700669be0916ebaa067a602cc602fee0fa0dbdec0deb9c22dc9d8fa878d1b0e4d6274fd146ad039f2ad47fbf67d27b21c065796b3522c6601ef6558c70f28d4849b0ffc917576e3f5b24ef43abfa40d37e5cea36c02bd4dc4260d3c7ba3fe6e911db23d94485e0b119b26825b36bb208e0
1b1595dbfec1505318c3c66434d5530e844046460764d29bc70c5df753d003446aff8ec55a01378d1b5076dec40082ec49481b26a2ecd72a8e4de218158634fe3dc465d03580c3b3146a8e1d9befb22adbbb01d04b3094abc0fe3b73781b567d9a03022058c5e2fd922364c1f292b54920f0ee28cd8c981e
2420255112de7a71579c908e5f3fe00e548c8cb712fcc1311fe3f548abf3036efdfc1dfe3a919023f01f5e44be1bb32c7dc1d093022030933ce57198372dd24a53f32002216a7df2210af72ee3459741487e5380dff9238181d80042bddce2408c82ebc7d4ff38e2ca01090473dd7cad0385dd23a86d56df
332b74f254b2960251b0520bfc3dfd1ca1e4740cb0d162353d69cb8886f63494e8f24a899243feca4508607fea23a78fe9dea0fbe2c8db68524efe3f22507d091211a74117771b4ff59d2120527275bf3d4f13a31662fad3c6733ceb3b73717cb783752873be9cf21a2bb69253dae0df62a2c5a7bc327e4f
1dcaf54ab7eea881a32a9164b031cf1716125e99af05a3afdc7210080a0a1c7e2cce8869c5e05df09a868ca983060f0bdfa615c99058e9ddd8711c2805a8272a58d2b7f19c04f8b59a90cf2bcc87a1a46f1e329924e99c60f4cf33b21c12f3091e41a4687c95deaeb32244e40af3caecd2a867432db21bdc
20ab7cf8fb5ffe4171716a4aae0c6225fcf75bd1cfb2f3e84eac305b19fa020d9c0d961134b2db42fd2a1f006525666da9eeb34672e37d0acb794a9515b8e61eb04bc6c118626b9ef97f7d0cc512ca70e83ec0c53ce21381a277332bcd9fc460f8a3e6e4ef9bd491d51300692342cc9cf21809291a0e68ff
01033141c3914a32f87070756a54942acf09f20fc7d61033166dcccb58bd010f016432ed8fc2d10078a5aaa4941f3c0a4ef484d65137f61481f90ffe2af8cb57cbe2d2237c4f2e78258ac836603183cb858063e6fec08e8b8ea606a41ef06c964ed106a9aa7bd4dbed12e03ec5ec06c1a2c2e0b7a02f9312
0f792cfe4444cfe2f5a8949e8fd11e3f9652db2c6593e39427add35e86853bb36726021ce4b14c29c0c04e481405db42d400c53201fd18296806171a28d53a56907c067290049229dd945733f90c7571518fa011af19139038702fcebb858a0f95026c0e1d2269c9ea19f75a9b515d21330adb9855bbdb86
3c28ef42de198ea3fbebc2a2d0c30709d80b8e130898c0a15e36f52dad932fd6b5793e85c1f0830f7f76f5521d384c1b2084f83ac3957392b3fd384925f12a6851196231936f04c26421472e50faf2c85e27503b444201b79ac83ea0758edd67303057fb6de6fe2ca910327c755a971510290e8c6f16e535
07e5c216a912a683d644f8efcbeda12b404d9d0700c9815e9e2bccd31824240ca25fa9551f214683a6288d0a311624521afdf332a3d320cf073cc61e05b5e44099863743fcf2dc2f1cfc47181b09acd064cce3233497462237d734d4109d96eb68c08bd80a547f8f8426529f0c1f930de224abc3b5689822
0a94e572ffd7d7e27481f39064617e0db7e5804275289343f41fd9567e5622490bad3bfeea6295161ff7aa8be311325023bc1717520993662132c8f330af06f85a63e4516e21e9b04918ab3819ad2e07d06043097e8c972ed50f2ce48d5144852c8208aa8441b32400029b01ac3b97f7437aea74b192ec0d
29f7b9d3ae2336c39aeb06ae84ff851da907d6826ad9211d1aaeda996773196d476ac7b3dd106cd7821860576c27d05dd6d285a0e33ece5802d9cfa119feeff2a23d14e21470587d750fdb36b2a34fe728d4239d5a7ddb43fc5b0cec3dd6b00db721de5dd8e0a1a22506675ad58480b5b3538b0d56a79f98
1172ce1175773763b0c42df03ec77a17ec4ad9454e67a13382db8df7e224218635cdb66dcab1d5348fa6892199095ff0d174da03c2b699ff2085214e09872765264c05432801e5a28545062ac1e254ad3d1ba295abe8641e8ffe11e68404e15050b0a9b31e8a640f453fa0bbf73e48bbc247ea87c79e6ac4
030ce15a81eea421023cd3aea498db338f087a5d8fed71c1426dbf350eff398896d7b48e685023e4928e7c6b102031a6b9270fe413a45fde3ede4dba144bcf36dded2b400f1467b2159a50156e3df44d0b19e10c08994030f6b8128808eb10663810811fcb38c3006f3417781df2f0ba3034d7481127dcef
243ad0075f1f6b10a6ce0988f090241e2ce4bea713761043db169e7d36fa14bb1aa3487482a180e4034a181f3833a866101a93b7335208f5ab5cc4d10606926dd11da2b1a698dbfccf94691fda40f865a024a2325c47b644098d2c9e692713d8e9f2625fc2c24b091a067e0b011cc92d725eb7d154a14d8f
367edc7cb453252259da37aa7825bf34fd4a6786090791a2c8cd7c91d80c01e39268e0b73121634402f3aaf26e3860c48406b1f420cea051813b46ed39a0229cfd4c755297bb237cbc8ed92376457ac87a75e3ebdf92c94af13535433bc48774e1c3b19fbf3ad902e93c3d8ad1128f8f0129715b39cdf800
1204fc9f13d5a74081ca7d4d7aadc32871caca9f9511a2dd4a11c5cc67a6320ef6dac6fb58b3eba3d3239008240c9f70e9eca57db3592de2cc6677150e242c0c98e24b70af45773044c1ef31e498746b104ff1be743b590699681e5a71fec59d9ee36dd5d5360443e02549e3126b3364812c629cc27e1d77
23efff9f8eb34ce10dbc47d988ec3d3d05b0cbc4722f30eebfe205d0bb9c1ddcb21f5f60662045d81b14f54e053e745aabce9e3a50bf2b8fc2ad247f010dcab9401392e062ccc650590eec14483cb9c0528103e5e0248e2350df01bf95584837ca52f775e734ef4048096cc7300d3e1303611f6853d5d8cc
16c4bc7b4af47831621a038afd993231851f64b6917a2291ab9d80e2dd83178c192d86a78a6155f19c6a5fd3b5046451c4551085a310a7e4f8f53268153b875f85ad3ac1362c2a8d87be913030f2b18ecf93333185f7fcd9936a0e2cd490be0655d291240e8531585a130b8fc0249018f18ccab2761a7890
2d46d12f49117a603bdd73968946d314ae35432e17a0f2f36598a6dffb7200fff1888a19fe83f2959b784de575320599c67b73c481dc4a1607359ee72a3e46f05555df034c0cfb01007d3206bac0f6b1ece600a77f2fc6f8bde93b80b3032a9a60907eabe16b82d0dd07a5318fc5d7162140f576406a7f75
3e457189374671d23b1dbff38a579b14049075b5db0c6313b9dc551499bd2c543714fa048140001355517205c8119220190115f0c3321347fa5fa41f2d714ede3ad3636141c3f97abf42482468e97bb819f61281574525fae221136bfb81ee037051931a024d11a1e51a11ca4c59c31420885d56df9f35e6
39a66814f52f9761470e045b7c0d2500022b511b1934a1f4a08d03f249963aa7d124ca3d3a125147430d5422aa0f818916b37bed1059ba61a504b1e024cd62d4f228fcf13b7da46df41f24178a8df550c8ff6017237d1ad59b43321e50bfcd7863611a4ac802efcbfc09cc26a450c83860cd2388f31b23f7
039327d1d64967d1e056acc2e163163520532a81d589538acd1cd4464b90018d4d06a2603413ec40d58fa4778138c61da722a727921ee085e4773f2d360779f0a11877e1c2d030ed1d12f2292bfe9546c82903a1fbc1c7e25f1c011b74897910e511f97eb8a8fec8411e374c6fe4f6b232f3636f002c76b8
118fb898c05297000aac67242d13f00e1cc11873feafe2dd91f9626216fd0cde07760acf0740309d97a3c9f6032e7d5188abaafb419b4cdb762e95c9347efd83814038e2cefac4f5729dc213bd83c755b2ff00b9bb0752c779db1c37e0d7ddaa0523113131141df82d2e6a0fe3f90b1ad03e13b457f9423a
249a0cc40c697770a37a16d80f03f62c19921670e9d512bf664760df08e2148fac8350b8b8316de2b2952964383a8a8290caaa3dc0cee44b32f4c9b81b29f5f2b2350b7009d6e9e0cb241a3aa7c322d1d84221e4193b9b9593fc199193c22ae03e2206f4db9ed7a59214be0c1402c7e0a0c1a136e7a2f8f3
2b54b2107b403b51a5ed0564c8b63c0d24271ab7476660b48a4c38a98d7b36b21f93abe0008357dc043233fe493244578316abbbc31b9408ef81cc9c359c622847ea40c39fbfc84d964f6724d943e30ab9e890f525bd614118e01fd544847b300b32132a037826c6ca315503bb3aeb7922d512839a939e5f
3fed1f59ce900d90080e7faccd070d053c1a93d6cbb0f319c5224a52532f11c1d0ab13e0cbd2b37ef3a68c24472c745d5871fd3d516315834e548a5209603b0dc7edc712bccb14b13b30dc1168e80bf5bb09a21fff150077b535065d4a9e29adaa635b793ce14611ba2197b64ae65f7760e8bbe6ff88e3c0
2b1ca1633b1b3883e1d55acdea446727cae54595639e122fdf3ac0f846003615b5257fefe9d1e79098d116e39707cb6227006e62134072f14b6c15703b0359b40c4a190090a1601281c4ca0c33f8256017bac0db1a67a83786c33034561375846fa18ce9c4484aac1c13584291181400231f92266b687fb5
0cbf5ca886d4fce2d940164ba451322651ece985e69271e2bf93abc10eb91f934625c61280f388c3ca81c892be135274262c1d8cb2c722a93b87167719c2356e2db9f8c2a971d74cd6d97635df6b8f70f5be704cbeb79966b77d3902d1a7709bced3bc14e430a9843a178e1f910ab85992405a5bc8a6dccd
2e4e6555b5149a825596613ce1326b2ae84b8a9719e9d2e4cf67b462321315b2594e5523e8117a6bfa2fceb2c0032a4bcfff8493a0b525c2fe4b5d96310af11104611c527820fd17e9511b11aecedff36244d1c785bd624bb7aa3511b06eb6e5732291950725590aff10410c344b53e16222edac9e17a55d
1a9aa893c367ad914d226c7cd7dda71688cf1c1f8b68930e00ecfd3eae711800f3781b090eb2ed505880f9018f0be68cef553dfbf33e3ed1c8f34dde07fcf9d39943ed536eade289ab16773b79cb621168f9e0e0375be2f5e1240be00c10348800f3bb742dbec745b327b35b1d122303a1eba49b8e03f131
142617f804768a92973058c6369a860b0dcb0238b243a2ffccbe5b128c0a053fa552ec948253ab4e230d1ca29233ffd6b3c8c588f18fe3416f4bebe33d8aa0c184673fc28aed611cd1afe23e43f0ee3f7092631fd31c9eccbb3f347c513d0dfdbb30aa2be3f0725bbd3ad4913ea9177ed156c6a75958f86e
1b3cb6685eb753315394680456498308d80179e8d79742a3116c14e2744d3c6e0ce8ba7e4be175286b796563d1332073448ca75480453b8aeaf24c1a1807ca655ffbe520e3af088d289b2124a73826141f3d53137d0cf876e30d34e7b56223985c633674a3376f1f8e3696c9dcaf4a56e134373c742b6a04
0aa380179d10fee28a79532f65352a0223d79a4b96ec503f113bfb387a0e0eea5ee3f2c76cf0cb358b120314a917562181c95b29920cc9de5d1a4549099d08767d7b25d16d92bcbec80da33a824bc154b71082e87e30fcf513170486238e9a2e69c1a441016b0fc76528ab3eca24cf3a723fc40258d422ad
1eae0cc6ae4314008cb29922f5989218bc6097a2df7f723f0d2c11c47bde16c1f17ea06e0de25d177be174e65a360deced92328710f5e7963db10bc01194735c174254434f51cc0bfdf0371ef0709034190cf389bd0593d213ea0d472e74799e5642d362f3e16bcc1003ffb85a1c82220086be3638c1310b
0a8a59ba5946ed537dc8cb78ceef323c3f0bc515edcd1146bb17c5989b3a3c352957d0cad3010640f952c175b0130c848058913b82893d42b66d122c23e7f11ef8fc0ec09251186e6c0f8507f416f4ac600b8350e1f279c90b011c3c7226055a2062c7def66e655d81072dc8ace60606c0f1f5952580fe10
1c5e0b1ccd3a83a2f04331c98ad0e5322481963942c9c349006d023a06bc204640048e253e010cc1519eecb1572049a122f6a678a2fd767537cd4368245422115b4f1681591948f5e42c2a35fb2df8614dce00d8a414582dc49b334ab6c582a814a025bf3a3a6f2cf001def536d4159e7258dd6913c76fa1
0909d9ed5b712070dc21f587abb1c70cbc44de18ef5e116d0033325e9592233e463eff542313719e5c31b792e02db10c88ea8149c15c41424c9e6dbe1fb651bb60822641e791eb6f37a15d0350a913d608a65068e3d34198b6ca1555be73109d7f004d956f746ca01a3e0363766a80a40390e566e7fa7f66
1d9d9f263dd650d369e8403691c54b28d56e5f8bc37f1076e491ab995675347b4ab9715090833b84398769f82a11ef17fad3a00cf3fc9a58977f67bb2140edc8c3c0c4b07e77d85444021f016a694653c098138994bc9b08e0433d5654acbdb45dd31530fb464cd1851e7d2e800b567da2547faf33ebb5e5
078eba9beeebdc53ff5ab8a54971470efa137f8e96f6c2fe1c056677584d128f17d0f60f8a8384ef2ad6738a0b3bbc83038b19c52313002605dad81c2fbf50e25f379b229fe1c725fe23520e55cd02ee6145a21c8dbf00f9abb30cd11fb1084171e16c5af0b76b32ce3bada6b8045233e06d106191ebf7ae
0ca265ca694892502279af40e890123153175a29693051d3c940d4d33de231df2aa353c207511e2c355338c7630ddc4c1b005446d311b5b277692d7802d7adc0aa1944904f2fcd83a33feb0d60a7029ff4453362e989f2d7b286065052b55bb212b320a242a900f8aa39408bbe13dd38e0f61d300738ca17
1feed815046d65e0064ba3878c88822f332d1ad2b1ddb39759f4a7efd2b12029c6db065434b007418637fe0ff51518e4cf058ed4e03ac26e7cf80118103950117fa04aa308e550e11c4e5300d1b21847d5fd130ddcf00d414fac20cd969118db7e001d52fc2953c98e321b353e7e423513e95df64a44103b
07b12ee69ac208825eb47f73ccbc11332ba5b92a4c10a20fe954a0a4294b0a2a0ced5a88c74382360d2b42c92d2c51d7826cdb8530d057612bfa979938c0e5f634ca02a22ea28174d09eaa0379da7557ecf160f4e0c929edc4aa11b4e270d69acbc2e44e391cdce9f0020b5048c64655622018c5429a2f18
2691563ac0a1b5107710bc43cd85680f1ccc28e1fb4e530531446c536df913714dddbd90ca904fad180a43868314d9a145b930b5225b7acecfded995075b596e5419af02583acf42822e341ff423100084da33c49bfc24bf59430296b76996e99260739aafc4a04a8f3b25380e2bc2f562356f155a4beac3
39af0c94ac7caf739c21f9e18951db0e62bbde5492771141212b21ed8c9938e6548721fdd7325855618e0e74163198371528ba35632c276d03cfc2e22be63504b70215506a960d0ef523c42f15d9869ddd92b2fc691bd38de2e60c5245596f2e8ad30f27efea92dc7b390130c5168abff0bf3411bb2efc49
0da184fcd2063700f7b07da12e27953e838280e5d3add1a1a935fa6210c507c50f2c2435271029b49debe109172669f30dce8edd21d3e9002f33c36224909d48ca2cb651cbd0bb15757f5a287cb63b10fbf7a126e52c8f647400372db973f9eb7411a235f5686b296d07af767d7d5d8fa161d427da0710a5
00bff01f5ac667a1150a3aa60862f8053ef3fd200b3d0081e4456332277d08add380b38c5ba07da8bd18cbcbe82c9be73438f75b13dbf31106776d5a0a4d1527446b060052721ab2f73b2b02557b1d308633c18c101453f6524d04f0b692706f95825960680ac8d8cd15e71ed498c402211087410e35dd53
37ab0a7f8f72aac203bd02ecc65dd10268fe42f4dec5e2160759f9be3b5b3009974e84256192f988606523da8d1a0256a190569e30cf57365903763a0947e1d5d569e4a3f4bb4f16c9858221174e0171ac44a0f1c190ecc3affd1515deae76bb80d1169c665925c0d02f5843bb8545d4803215679935150e
19d639a66c7ebad05c473f0fd84f213fae874f500124f272a77f93a2e1992e6f78c79585c913e6e9b79ddb5e913fa798041354ce32c1ed5661b8be5b1cf11960ab2eafa3970f51a14061ce2c6e43d548d768f31b2e32f59f585e0d4b09e212e5f2e1b940d5183a277a02ac48d842cbf731eb867bf167e7fb
0dbd894257bdb6b3b0ab089ff5bdb50b0a51dcab7382f1f5c629178e91a60f1b5052a985df53170c8feb68447a2aafc953d05f5d2068b1e56251986b3777daf3e1a7fc52b671aabcb6653305ba606cd0b358c14c35b0a0d7228c0d066e45f87d8c006ed2d466fcabb53e978cebc10e2502aa773effafeb35
35472cbde0bc0482d7224494d0e3b92eb99a0a1cb647a3bc3f68e64499bb26f752f13dcef3517f0d6f6dd798fb303b112d5581ac2038386b0fba680d229c2ac719d76c121780fa7af948ef3ffe6dc168ac1ea2b495fe246592273a1b65ad89beec62a01e87bbf09ad900717bef9378b7e3a9ecfd03eb8c4e
10da2f884708ea50b8ee52f8f16e6b2ed5704802c54b23314a77a9eab447251becc358c4d3b253bbd39d66d26401503e6e7d7c1ba0c89fd807f0e5dc1ac67bb34a8cf1e144a4a882474f70277dfbf0bd097c92a71485dc10d0d23e5038a692de0d92ead6cec78a571424124dba06081b1063149733f388f2
16e1baeb13ff5cc1fcabaff34c74ef36da4fa21b4c4793e5b42daf9b15eb030f5fdb9cc1ffb1cf51b2fe2fa584249187091656c95030937b7dab0e121dec22903f5d0fc28940386db9738f0c160b136f9145805698b24bd7667d1a730c34b3cabe3356c535712b6f031dc2d7a1088e4f4087bd29757d6673
04a05a2a66f92a73b0e3c2123d13f316d1337a07c30a913cf2bfc6713dd534cd5f870f5b786082eaeb1107a09220dbb7bedbdf7c62dfdbdfc00ac24e04f4eced0c2c06d2b5e9588691037e29a297fe989b3ee199c13ee2cfbf3837fee15068e65be13f2455a8edf8f23e9516f55e4906f3704d91fcb1aed0
2709a18efe1ee5011d260a4dff003d36a5101216efee336ca14d2a25b433083e93f58424e472999d78f1007c7f03e6f3aae31819100908f74215ee602e0526f83a7207032dbce9f2909a530ad2b0762171dd01dd774a08c6aa92253cd350edb269517c1e601df748be2326f15f12d481e0151379675b2b55
31f81cd42a45b741a6dab1b607a58133de322ffbf74d321776e80e00cbf90dde763a89f57913d875e57cda532e3712d7ac11f7e4a22102b43a90388725bfe3c2d7405871ada4214a59ecfd11baef5963c12772a8baa3b0d5cfbd3de73b0e3e11eeb11b27df9ebdfb800317b500cf14a8c100a28134b62fcd
1e1ed3399067c130919fd16885eca43d42c61c8444ceb26e2b812fbd32f02f8c7b3d440ad353f289fb1ea275993211b46cd52fcc633dd42652e53aca2e9b3b99ad5ca4208cde3ea9f339162a16966f6ccdc0e3118ca9e1ced2862ddd1ef0405cb6325fec86a06042061f883420aeaa03118d8b0044df7467
0f80fadad61119e19db52f7717b6d02ef0c64f73d8118145554b006285e92e216546893bb612e34adcd740655f03e1849d03bf37f06287a5f8cae8551f0fbb70bee86ee27de0d91dc56d2524227f1040f11120776e6ea7124fb4116733f248276d313dd2de83e320650eed14a09f694432188d9a613f257f
229cc811a17a1a21ccde9957e883ff2aa6512349f9d3c35ab27ced41e90f0f45f468f489b0e0be6b8e6ee429b20d17e56ef20d6ca1db8ee7b703742e3ced3ccdc368ea121ad28f8f8459fc24fa2975639fda3078d1cb278cde1520f626ac183352103fa1706b5b9fb33e7b2cc74bffe5b1339803432b1899
18eb553acb83682290c6ccd29480170aa7d8fdde0148a3b94c5d197a351a0886b0aef205fdd106bc7031177efe362f37d37cb15042964181a2ce088a04731f459c057193cb187aea22ff423e1c22c5750d7b805440755bc8f4cd0ed4f406ddd205b30cacda8eb0c8d20f615a07589a689066ce4243443605
256a78fcd9ab48820c5921acb3dd28045e4ffb29b852c250888a8cc89def313fa4fca24379a1462e5c1e4f9fda277149103183791154b0221fc62b28088a1177fe40e4d1b22e0c788c1fbc3a67623eab2bc4a3a3660eececb8130713e89d2954a5636782c217fa55f10dabfe50b6b650a031764f86dfe65c
123e4b1bbb670b5229aa3ad5435da10c188d4f9f60a9a3c4ff6c90e2a7f920415c55a18aa3c17284d8982155e0307b5ef9a4840333328581ed25e706008c04238b4a35e35914840c688d1d03234511ec20d550fc8d266eab0d2a0a916cd3778025c3e2856499c34f6f1ca98393485a2ab186552d80f9b336
160f72a922050c92d593e254ab36873c528f37016523e2e206d43d5b80ff035b8eda7474c430548919ebb29b9410bb5c324cd52fa2cf49bdc417d524334df12e942b85d03a1b7773dfc30f21685d6ae208a8f291008daf60c7bc26d4f124fd803bf0c2a8558bd950f13a3ff7ed202b6f93360c7e5ed0718b
17eb1852ce10bf33ef559a69ec4c411f69623982f04a010304c97db036b003cbd788f8313cc1328bde7c8166bc2042c88201f2982066c82b144414133a5de941ad02b4415f38cb614eb0011e5e5b43f7eca09123c63ed75b8c3829b8c6766f5e3d11d9cf11f494e4b02153c139110b8a33e42e48e68cafa4
39c2f57285167dc381e9edb5f5ab110138d828aca8f373f001a0ae326deb2679c0ca043c9da02e5006e3555e342c5f34ff818c6fe1574067429d586e25660d4895d82e73932c76bac2fa1c1645fe0d680705b09c9d4ad7a40a8538b6bc5f356ad6a3b089244c264a4f1135a5bd3120d061ee359eb30b0518
0086c1d152e550034b78c36b8212f62c8e0b3edfc036e244525d1805301b09c45f62bc68890162d168d03776ad0b0725a4a464b13019f5812bf71db31b8c1c6aecf4b3f3905220b1e124bb19d71582b7b18103066d5727be0b08080b3d09a3dd78f2533bf1fb78528d0bb8b52cddc6bd13e0028e350b547a
0235a9a6ed6c055250867147c584b80083a276286c44e352bc5398fdaea31dc840944ccf6991b70c899ccce9fb31ff8176afdd8431b05d1011849c5a115c0f42f5522023db680ee897ba362844da9f94bc6e22db42cbeb1727c61cf247be23ae32423482eab3b718bb01acfa11c98ee08294f16b557d3480
04d6eb43899cc25338c86e393da8190c4b64e60f5ea123eb3c7a7ba0946201675a33645f1f205dc9974486debe140153802ae2df9267c90c26b78532144884d77bea123002cbcb0c6750b01a71f124680d4c62aa7999afba7f63364e8690282fac62b6e286b2272647314aaf2b9fb8cb22e7c38387843809
1f09933f1c91ba13103f5851f839da0245fd977f9527538216de249268820dfd8374bc7d71415c5a25a25573363e9ba6089378537316240609038a1c0b8e31291334d282754c970daa417e1b8f539eea1d00c2211082401611a83ba44239a41592e0ee55e3a4e6bbc33d5e140681648043d84bd0629bb05f
071a10f01a531512066866a72cddd427eac919b2136ef0df49e34a9d03cc00826d96f5b47bc37eb9ca9b885cc9240e68ab3bef1d10d3bfbb938555b522517d9d3ba4a5b15745ae1dada4953bd7265e64279d016c98a82be9c8df202087c69fe8e5b058a2f3ffa75c9c2fa6c605c5038ed1d1ba3f0e41ee70
00c5cd63ba99987335ceb9c735cf7c16ee14e6a9a9b47332d2a07ea48797246bce0829d613215029c2b23b06b60671d8e75fa82cc321f47efb9eb63b2672c8de42c69562809fe9dc7014983f4f1aab97b09ca3bde46b189c2584306718c9853f1de0c738495cf7df0121accb919b00b3c29f7b540af4b10b
3d9963631e6cd1f1145a800419ad883a30a90197645323985bab4025f6b23dc0efea01f5341251ff8d4b151fd93d716a22b171c62042df30dbb440251e3ed25bafe5150080e83e7a7de0d60093b1a9d400c7b0f7c6861ee7f0ed1fc7069379e334a2ea2bd36ac817592fcd4a0bc611e1c05a8899216b10eb
0411753d2ab00dc0dbe1d581d6b1291a08e16972a73b331e69763a4c6ba625be78aee4c4cb8395378fa501e482011b6bef12eb120031f28c0bd253b408184dd1d1eb8c83326c965a6a1e711824fd66cdf5e7c300b6ec7fe5cb9c360c9bad05090e7069d67a2aebe58c200a43b97be143814e4b6998c63d0f
0a7ac02fadd956e217edca0892c2750d476767fa3edaf3b3058f99afd10d3cd7dc8bb8314df2fb8bdf878c0e95293390327e64b2b2c9ef830038bc9620ac4da42899059355afb7b75ce7c536948ff1f04023d3a407d38e3957d60ca74455228221505586978446539a03b43ba9a4331b02fbe1b4837019e9
236c6315a5f63d6133d0d30763a4180ddd49db329364e2b3b37260bf90012f3829026f95d571082c029ce50f03307cf4b9910ae71055b4ccdaba9b4f23bc4eb8689517a2562adbba52e97603d14d95c7dbabb0dc2c64619cb6fe3c945ea4e583a8b375b79747c255770cfbbb3c7f8db57084372a151d2cf9
3ed62af8b4d44e03d2c08c6ef0e51103edec051766b6d1547fedbea107fb3dd55cef51c5019235bd47988df1d82c9318ecf35211a2bcd9c7d94cc1011e593cfcca4002b285718ef62902e3382bc1e97209d5118b502375dad9bc11b44e3938a6fdc3974fa02e901c7e0224a490990fdda097d7b91e3b764b
20e77289d6a06ab35a7a765199dbb2100490ae4d7aca304b5ac1a50dcd2e396ea289588179d02d52566b6205a435c097ae02e2b132abd5eb688d68163aa589adb7ceef50bfb91b8d7ecf1c2517f1a57535a982e734b2bfe43d4b2a3eca3d2761f070efceea62183af01d41434c37962d417b2fc10447232a
2be74f85fdf877914e79de6a812b410f84cf52c5e3e371eed504d0c38cb606b8787a2cafe0f1796faf640cf5b00ba3c365aaf0f39295aad33e688a36146c5244dcc921725a49a742207b31013118cf5c2073622147c1435e1a6f1fb58051214673f063aa746db450fe0a80163b57140b515380b3b9730cea
136a88812f9236e155215e67dfac893047feb2f500d5d269c04b4540c16b185fa346c5879f31fb1f6dceb1b3f423b9b4c08166c4127b1f765b77e5460043b80b174b366386ec814be41d672a6cf42ef62d53d03201651028896c14d50bfbd24286a392182d297872c70e1f7200c72be9b3c704bd6a10adb3
0fcc6b31698db270fbad2d848ab9922a0c9695be5a203333e7036541799b19179b0df9410d8322c24b215a3f1c1e36b0e54e303a833b8ec55920681e07b1dde2f2708e81c9d6629aa1e5583eaf60b1f84e18c18baa14802a27511c6aa7ebd3ee1571a42e573f5a1d3007c2c576019689b085d5c3bf3fddf6
2b7cc22cdc2edc73d8e0b0e172ec8b088b32d0b952d11182e67304740dbd3ab77114ca7aa4417f1fc7841fbee805fdc4ef1b29cb429e4a8368c314e700220f4878d8196060f24159cdf77b2bd21856f5198d33e13ed3bcb875bc13a23e0c597cc1818c40ab9b078fe133fff894ab62fdf331b292c6acfac4
000000000000000000000000000000000000000000000000000000000000000000000000000000000000000000000000000000000000000000000000000000000000000000000000000000000000000000000000000000000000000000000000000000000000000000000000000000000000000000000000
182ba26777ffbdf1e8b32aadad75550eb95b74ba84ebc332376c41f7c1a9047b3836d8f29692efb93325fa49593764cbe5112e076268dfb23002d0a41ba707eefa1dedc1573a00985bebb4070eabe8e8f324e23bc4876c93e9732bae487a1a4454c23f3e05d61c3c323b565e9eebe86f81642a2dec4c2518
09b1fb0308c1f1f1b8a2a818fd4f80250eaafe51018990c6c5d130d75611021951f6b6546d318b05473e778de31657053bc3518f52482d6825240ed500cae5ced810d1416b78de525006fc07e6c3568b2d47d1a9d8d4419789e0009c73188768a7d3a470ec39d9df481abcbefbd88e0753b77be8c6b2b14a
1ec8760f33e689e1ba2f43920d32a52798d2199cfbcb22339d43842e5ed31d90b1e04524f493b07bb1b4f0c5bf0b628e80c414391311b6cbfaf82ccd24290739d9991970089552af36b9702c17a06a59fbf331b19bf681ed57c23646c9f6b8c9b2021f2a475dd3634f0f95a34f4cc3b9724b282e74009714
3fe84de92f3b4e02376da1c55e9348046e7a98057e71219fde4d715793a11cd61aab0efc71d1ce39842c6fab13189c78f745cf1131e2052245c0233f3ce1163dc960df331b650c14294017291e7f6a937d3b70c815ba7928e8e51a3954571ac1fb3150a6eeb226bb7f25c188d8fb6228312e455da6f85c0c
0d88952845377ea23557f13ab6435d1890d8e28ad9e9d24b678f5b8a991a0b1294c00a87580170f6574ca05664142365973bcb1b317133967e9a4f430a4233e2f27b82b2628e5dc6bff6ff34ccdfe8e6f3c1d2052e061d80fbd81fa3db257f09777105685ec94273d33ffa520666b79072ae2e23bd5c4c3b
1c5dd1fc63d49b532a36dd5486f40f381f52796ac7d703a56e961f325b7905248edace92a253bab5ff4823be6834ecf9f2d40efbe3b0be42a7aebe6d2d847d559ceeb07096da2cc6bcc00332bd8fb6186e0e804d9df2856d51f8111559ed883880e24f1b866e20e2cb31d63473df83aaf06b581e8fd662c4
32ed02461b4fb482764be1d080f1f31caa73ec7dce13b34dc0b4d1d7163303c366feeff08bf071a70353218cff0659749df50723926497f3e14dc9852927bfa3f4410e40cae14f6565400a08646ddf9b44f9d1c45f75351dd6e10439cf53a396d270ea9d447d31beb41197f5582a1659d386b5a749b58d16
206b0f5f2ef7344242936903b66118297890e51c22c9e3d7f5021c996ef2365e14922192a4622d7365e402c92d0280cb14a835667157505b20931fc5038905a5bebe3e22602d8d4065bef8375315c797400a01a8a58efca8762203ca55c8bb44c882a1264f6f756d6c00e25a774ce2cce3c0d69ad7aa0fac
339d06567898d1f0d3c74e83f2a7653aa90513a16d09c3f3ae3ad3d717e720075003ed78c651c3cce01bb2208d257357bc5f1a85121ca1cc506d580b0e274f3396112370ea872cf80d26ad0ebd24d3efc21e212debe9299d10851a88a163ca2ac4b0ba154f20468f3101643c57b641d6a2a67cea9c2b06ff
1adc507120972a60583ff6a622658e238797d8dc564bd093a7265ec76ef63abd6e106554b9a218ec772abf0cb80973668246884303fd78d9904535a33037b5c59923548207d22008f74a3b1ad836cb7b7e8c50d7b0da058a6d922a5560c82cf2dfe39f2a2981ecb0bd2908c8b93f4f8ab04b8c412367e498
32acd0080a0665a2bb9b2815019d58311eb83b03b15923e3b914871e530735d6982ddd4965b3513df4dc40b80023b0796b99f7f612d8011b2d6c21ef3ef402dd9f643e82f17f93210e08851e1c4407e7a9bf637e2a50981a09c8040d9ad35d2138b3a22b0dccfd564e30da1e3ab265fe5149d95d8fd8c3fb
353bb2acdcb40c01db6e1b80d9a4a92d9158c9245c5253261d00e2266d933c4d8ed5605d0f523267c36588b1b91783c5ebe22fe9a2e8b29117906a943bcd4099d9414f101f1bc2c234cfce3033bec1052898b22ce7d2cb1ea1c13907335ba5014ab3f4d1cca8c138b10c8a667d47db6de3b49bcfc1a920a4
38d6a1daf9cc96607191cf2f45cf05295e5193504a00f12de1dd18ade43d1c8284ac51851bd22e881fff33ad221048584c1a0bafe2f9970d1682f99a1fdf9571720874e357a75da9a2ec2c34773242794b2cb226918402a8c5463110111764de0fc3f00ec016b760cc1a158d28857440339d708173cd38be
1bfa57bea244aa61ef6424339b17bb3bc7de45a3878583c825e7f777b9a31855c871dd99d4e0ec07f65d9ad854350ade9de08068731929d8bcf8ab112cf46d1ae2ad00b2d50cb1ad5622b615235d6f87668763933fc4220c4a9309775fca51978b120f4d712ad044d538ecc3edc9f417e3aab259fd42483a
1c6393a178c8296323a45b06032bab0794fe69cabeb7d0421f4c1a60bba93adf16b4973fa173787da3a3da485e0d1a92ba97ec7413e8e82a5d33c6300632278e9a3c25d0f6afbae20d486c0280ada98901a6a004d9a568ad903b3159c4c95d9bece0376ee2b61998a019a18fc828f6c09035ec5345304388
000000000000000000000000000000000000000000000000000000000000000000000000000000000000000000000000000000000000000000000000000000000000000000000000000000000000000000000000000000000000000000000000000000000000000000000000000000000000000000000000
2b2e9cef8953ef51a169d6f03a6b7e1eaf4c71c7909bf3ce7a30e7564c5d1f13af97a10095631f48df1efb02383a84ec444e89c33177c84224ffeafa3ac75d1e34ac4bc29b7f3eefc18c3512da789e3b0ae81108f95748a5e7da12e23d7510e5d7419628c398321ca10d795842abc6c6f108fccc5c5db0c1
1e0d837dd7487eb100a1a8491b2c461bf8ca6fa7a5c370acb268967533a80cd0ca02fa58c7d3e55f86eaaa6689250552227e406e73eaefe8913ab29129149b35a9087723178d50a0a6568a3d23ec8b7009d1407e7bbba1e3b38c13353f98d87806f0ecc8b75022cb2c32839a5669418cd15cf88424969cbe
0606b481ed237020b52c0a47226c1819773f12f66446202c9db7423f929b1814a1f626a4e420df6f3994d264870c42a372cc79dec11b9e2a6434e5a83ff51caae6a197b0ba0961698c7a0a2e25167a96f215b37b84a83bc88dbc38bd16c1a57aa1308204344d08ff080764d8e9946c3883d3ecaf07ec69d7
1ea9329eafe14462523c5146e8be073729dccde7729b10fc55912cd60c49207bd63edd22e572b77046f40d72200c9b850cce54a331dcf22c8353548a19d5d042c0701a90b95215153749ed247fa910a35d16c0b34a7cfe86c0471b0f209cddbe68709e177a2693660c0b0515c6c311bda23f669a1bd081bb
3d8270e43acaab723b20b9028c914a157e8aece2c1ed210e2898c6bc15f1250674f25299da3220a9485677bcdd271d6af1ea05a331114fde9d6ff33a333f25dd3f909cd1e68f2ce5a29e3514891bffbde9b111d41fe3956a17953841cac7df573ec2121322ab58ff0538c45c1b28b4f7e3160c949523c9f1
0ad32a4f1bb54143cad5fcc1e648c7256b9e72cf6f130322fdf4d03f837430db711748cde5d0154e800c6eb0332d74ff06e11c008366af5e07a1dd2e02bcf5232f867e30b6bce362a301c40eea67627b5e5483843578ffdc33b1132cd2890fea421179a7ac1f328e8120e8ba0208bfdfc2dc26775c43a06d
34fbff4382792b81ca15576c4a19c63b4147bfc66849b0e36d065f3015a618e777c27f3093005a84edb333968006a64d2440dfe4725930e3bb71f07809c9ea6081359313b6bcc56fb1e76501f2563810dea3e0086f3ecc3367351cc21ab6e93afb51f9f1100e2962a222f5fb18fe531350d14458ced81a93
0d178cbc2fb93ef1805147e0954e3e1c25c5a7b0d3cb30cfbc82ebfcfc0c3b8f79b448be6781f7f616c92117433ef952ec12d5098211fbebef8d52f919d3885b31637963c43a3f811b4ff739b3b2d95e7b52e36cef8cc5d3abdd068044c017f43b22aa9951922b637a236ce3840a8fe752763e377d8b4d6d
29a0c3fcd042d443a5a6996442d42b3ab2d53948c8402047f724ac235396268d59e245a91f11c7783ced88a1d61a3385dc7c2495d3c293016b0b9df607b00ea3caef65237570695aed3dd73f2e7e05b57a6520e889541af64f4327b0b2464054fc41ad40542a1ebb5027cdbd1b2a01cf73e665746e14f762
3fcc1dc9c4f4fa626545ab4d80b1d202aabd1102ae537001065a6a24981d3cfb38467d487c60c300b94f2115ad2dab2c69bb4e8ff1f78681594649bb3915b6f7bb0957a09f8824a0cfddf83ac74a5c393cab80a64b61ac1d6afb302093e864262532942f0a3ff5550811b6f5ceca8dc6f2bc4be21ee3ce54
15e569ed1df266136e361db5339b3c1f9edf13b11638d229b184bfbb269504e8acb3ddb0dff377b7e2c40c5f911f6209a53590f5128f0af783391e392f2fc978df3fb9e3a0f0b7c5b3dcbe37f20b8538ee13a39173558f17a1ed1488c317cd3083c0effa4d93639b9e3c5c139179545ff22ab3ba0697c6f0
0ce5d12281b279631a39715d3596760d393b0a96ad97138df937fde5e1ca29e6359831766563e877625d8f92d32204a0bb04e9e261e6b128d1ba7a2c1482bc0a1fa55e83e2bedf95cfd36a2276f110a7ff2e73de0c407ab790bb223ea9ecad9e6681fa5375b18014862c7d68d7ef579c522c16bc661c3f58
314dcede0b9cc5e3c86fe02b695ece055bf8f1cca2d9f2b6cd35567455b8180ccb5c96b371b20512e64e8518121cdf4766801c0341c621b0748250c9167e9d7bfaea3741874221066e3b493bedfc18b7fd1dd2387cb7612193631dc1647d4f834321007cac197ac64f2699716082019933c5283e8bbdc42d
2925eee9b631bd33fb3cb64534feb529c99b9e3b3be26153bc07a7dbb50c1444c1ec67ca5ab0e9620e6048704b05c8727553a46ad022b9052a50a52b3db1f4dfdce98d41223729b64f0c5f31422967b18fc3127005ad0aca497e0bbc86299fd13b525a7deed6f2fa0a3dac15053252ce83346ced30ee8cef
06fcc978c7d4aac2ff4308e1917f202109891f855072928faa78a4b35a8311f6e303f6cf2253a51796ffae096134954f2d6123b621938888f163e55a19cd5d7c592b059299cb2cb8a7c84f25c68e3860542a73be4484f8dab571057b79a777ef8f7369e266ef91891c03f981a3f0bfeea198791479cd148e
000000000000000000000000000000000000000000000000000000000000000000000000000000000000000000000000000000000000000000000000000000000000000000000000000000000000000000000000000000000000000000000000000000000000000000000000000000000000000000000000
28e02dc85d3779814a6b51ccb1b5213b4a975fcd6c94f368a5abc71c52042dc608e55fc693e151ee8601e3950822457be8bb81a5237dbcda5a7e89b5364f4de5ecfaada1bb5e5f92d1a24d1f195f0056ea865007c98c93aa3cf331d90afe90ca5dd3a663dc80f9f17b1de79da4c35f98b3116cb3166e485a
0c6e7f7591fa7660f90e46838c87ee33dc001ae1f3523262145749114cab1756506e28f03c915699a1e76b4f18059bdd858e2c1583a641aac9a001f2041addcb81d1f0914a590ba8ca7f8314dc284482c0ded02b57dd0222cf621badd1a5717e1a53f9fff9834326591b51a88a5fd7fd11b852afe9f26829
321d6cffd5937b619be9aec402e387092a9d1ea84c6da14508f0de317d150f0a68f40f4c56a02dad0c45e6285d0823a225929c53e18745ae250b7dfb0c96edebaf9e803378bcc4cb14e0e93ff62fcc1c9e8411f8db00bcb64f5333fbab1485b881604ed6ebb5a491e60f01ec8d24a286924b8dfd4784379a
0b115e5af81fe3438740f82c8abdf41e87309d5e412b51d72f08d96889b00d388d2b1ff31a03df0b9bb1a33f1c28d3c078bd60574377dfe9d163c0d914dd6b4a8acfe3a169581081ad20781d486631282e02527fd712b3758bff3a7aa35ef168e480ecaac93e9f74020e050b243f706cd22668a03b7d7286
33d599d2067b09e1f5631df13fa4f1261ad98d7ad992e17a47e1c68230bb108f0ae3476b70013d9571d1a411f137c17efa11b01f53cac445f235ddf91d93cb17cfab3841fc3d01b4b510200804ef9c3135c5b0f8399bc290a7c52464cc1425054c60e7902483c944e10ce5dd24f3256d41093d50671218fb
3cbf08a9630e33011eb3ed3a5b30323ed354eb0f03baa095af0201e17dde2b9324b0cf367910a7f84e1e9b31d23eda24df2c2db6b3fe0e5966e71c313edfdb4da8a82181d433257d0ac9cd37574ee3bec65110aec338f80dd2002cf6d6987b90dda1985887e7f5bbf703120feb858ad433898fd90201b1ba
1dbc161660a07cf0c36fb38ae1575c3bfe57e5ad62bea067a49aef75cc373d77ede9a87617000bc68037e449ab31e719305ca59603022464065fadad3f732740afdf0772c4fdfd93fdacda2b9db9b930dfe06165dd67ee9a53a0186d3f5691b781a3950d2c5c31c86336c9e60996679a713809ce5d31ee42
0c4b008d05c85f73485ab67c4b0bf127a5b7cb20e88a722cc4923a156859180202bea8878dc16e7f42456091fd11367911549abe628f622194452d4c0208ac358c3364626203729a55fc6f07bcdf5946769680e619b0c662eb1a314c5e0c718992935f89de5083b4d61db6f7432c5dffb36e518ccd4409be
197c5678be48a7c30e552a1a763dc102e9390d8f0cd923fef68d67fce89428ae25eaab72f670d1666be0719dc215bb8d52ea769bb2dca13712efb2822838bd4db2ddaca00115efa06c9da23bee4f4228d31fa1f90ccbb7ad21ac21f33a60c847ff3325381892bebc1832eb2a04a32809e3975bf5f886af88
292a41685748399092f62c3df7719120782c0d5185520243a0cff6569f1821ea55e6afc7fa236e2e2b5b75aef022273373b79d95b2859b7e0afc63771b9d4fa21880e64330663f0d9adcc60b8c162886c668b1a5a8ee1c8542282baf11d49ff1a0f3a5153d37a00b00286881956c0a42b1dbb58860f6032c
212f68d66dd21251b17299c28c427a2baed309b3ab25e077c68d626a01933c3556dd8d39bfb13107e3ca201b80259be83f17058131572e78d96b1a56073c27264fc2aee1f4998d2afc9bc0308819c1097d93309447a677e569e317f185a750704f802f869e8c48ee861885a32e6ce0ca2347e5cf95da4fa0
1dcf109b08c7f142b1a01f18e54e230c29e43adb421a4385a493b867c498223569ca078ba562cb27418f82b0581a72030cda7e705368d0c39b7ee3f327bfd54b3cec6061ee8961e260d9031adc76370d0827e3931d93722e3e5d1e125a9325cd06a28dd3f0e57bb8271cb80d687d5c46d312de3e8dca4e4d
30c04a14c63c46134a409e00c8584d2fa7be397fd276f0e778d31e25cbfe3f0c19413a8ae4f3e7196e12ef3ac50e9db2719e5961f20e6f6ce74b0a3a2746757efda54c115007b397e5ddfa06848fce2e7cc4b0388326f848ecfd0ad794a59c7a6200c763f907efcef11fea6f8aa8c732913940b6c153f5f7
3302686b20794bb0a659bbe8520cdf34549ecd0a1ef9e29b9933262b2d9d1e94d85661468e51d70a9605a2442219fadc0ff63b42b146af79aab5af792fb0f24e8eeea463ee511203adecbd194ce851d5521733aa610c1b7171863ce4ab25d57580239218d03ca161ff369c6eec7836b4c2b18d983e71e469
11eb95bc35663f63c881c8f1e7d89002e3b7382195efe0c45c386aecd99e0aa9d77e3b56f39294985cf102309019834b4f3233ce62ea123c4a9cacf93d14f06acd2730302092dd8a6a4e9d2a6b4d4e8d6b50f2e5b6aa5047085712708f9d4d025ca382acbf7cccfccb3c7c452cdeb43c9202544aabee8e8d
000000000000000000000000000000000000000000000000000000000000000000000000000000000000000000000000000000000000000000000000000000000000000000000000000000000000000000000000000000000000000000000000000000000000000000000000000000000000000000000000
3b8cae568a06c62188067726f4e6c40d8f40f740f9ab60d2dbbc700c8af420732b355ee91f41e4a283fe41507f062e8da61b090a3039511ca90860761cfcd68c36abac4131c3a316adbc1727d253873d8494709a078b2d62b7bd2752aab420d0fb9157bc09446735040e0c48d111a539800e4487c66eb577
049510ec6d09fba1a22d0ba344129f17b5bf3a49dfcf90c77ce559f3df270658534eafdabf1103651ef5a72b3c1b0eb6fb5d81b751f7525d8dd86b6d0cd36d2751cb8c20bfdf3928c6eb140cb7fb615bb406408da122dac816aa310f5258842e1ba26eaedb59e3a7850029332c66c6b3e0cd091c30e9f9a6
0fed325028c748f3d3326fcd94de300c702d360e3cc3d2ef14d9c627e60e20f8dbbc0e318fa277cb535f185605004f1cfd13fed4f1fc7a85c650d14b2438c91aaf2d565138ea3516dcf10c23bc083e2f9911e2cd9d36d89bb7d72ae56e170749e17333220b771b038538567bc0da0a85820dafe57bd1e4ee
37fba695ac6b1b524b9ab50584e3860e7f7dd167a5f7d38efdf801f8ead5044ae0c3ea778b607bbe379bfa7575293a4d96447b1fb3a89ad78406568d17627a83a9471b13ded6995d2163881f6e5d12434fecb069881c1c23e0f81194c35d741e9a6014d58be33d085b143c026ded1f4b0185daf15f87ddd6
3df6cf52e7b1af114fee3706f3c8103ef31d4b4dfb0e230b27de26d221a70606b6edd1a43df31d425527feeede3cafa12b3cc1873062ce5633e4617726d700a2f64223c09866f54952b84633cc4bdeb22665c38598e24deab9b428afda235e4578602a46efc516445325b493d4911836c35fe5985768084a
2a674e8583c264b13008d90aef8cf03965f5dfed0b6643f217dfc6f5b6aa27d576fb474b9b81f145b2967476f00b29874358d741e1bcf9f70c72237a1431eb8b5fd64ee2e5ff94ffce7f28343503f1edef502294d99cb5ca65343b81df7c493de3c270a6c5417a26490c497cfd1d4f8ae045ad660e78ae20
170b15f83aa5b8c1b4dc42d888e71b1cf43087555716e191bc9d39ed78103dba2c72cdac3602571f9907b89b860487b4b8725015f31978023ebf4df20b3783e820ecb3d2c13d5d4a0b4fec1c61ec39a353c0908334fb1c87a11b1fe38bedd21310a3432d26926c0cf916c0ab774ccb5d506f42f774bce703
110dff1390b2c6d3cad5b78142e245142d47055328fcd02461871babcbbe25249690978954d0e4fc643c65c74f2fb2029370ef74e016e8466b24c93d1ef61011c9e890802c2ba199e4c71a39f7f21a9cd105a280a46adcd294ba30c521b5ef1e70b2e4d40541dd76dd27164fb8fa8fa9b081c391b4307f78
2914a522376daa715b068c3a1d63970f1ffcedeef824e14a60ff81abf4d208ce70953542e7236c0c655c71e5fb19b6c55e9878ca93cb777c0512240d3485acaa62dfe3e36fcdee5b70725d3bd6da21f4fa9973bc0cbfe5f119c9005881fe5f3c2f91d9f4f894e3aa6a246297e3c9cfa662633d11ec1bb15d
1ff3817eccfcf613de9d29325a92f8367b7435606da003d4a175577d4dc900259a1812e846a383a6fff1102db72a802bb8162d9960efceae65ed39a308f777d17f38a8402a06d61f59b7c43c00fedf132280f3a73b7f5a45c03c22fc0d6dc7c0d8422edc19c251dbc80a22b7d486751b71f47b00666a9a7d
07e0909188ff15c0da998868a09ba10c8095fa2741e2c05214e56388edac2ea7fb891e9d17a22d7e6a53f342c42444241aab413c83447af4e69fee6333efb05cc8129393cb889d4ad9f4a53845202af58721f25f6de6b98e1f580077570d13a3d3e1eae6e4beb7c7ec21930ff77ac88182cca5afb1a81d46
0d6b18b217f4ad40a843c88407b12b2ebba62c6aea665121c0083f045f9d2fa55e5dc73cbf3183e5fddbea98803c4a43ff6a5dcad04f96cd27b603b81d25564ae4cffd3389edb2bf0039b1277670c5729f7992a576655c7c78d2356113727577bb0393790e313a23e23f479c0a2ff68de04556edfb41e301
2a853eba2bfc7cb3c274b1d9ed13310653624acf7a0ac3825b404e18c9372adfded1bebdee1174ce975ee9fb7e38caacb481670d13a76d906bbf4fd034b6e5933e131722886bf284a020ab01e3666113a253b3e151a3cf61c7850c46300922f4bf5129ac013764164a2b56557b259b79204f16cd3fcc08a2
1f8e5d519f4a2610f1a8bf88c9a1600c983c255569765271227d77521ce519d8acc464c82c1399351fa92c25993e76713be8528ff0014d982a23f19804171a51c92631224d0c38e8ff3abb32e4bc835915cdd3669105297c6c020429752fa9b78632a1e032de04681d1014341ff79711e29a51e5d9bf8092
0f9b496fa0ff46e0f6ba7a109895521db098a3e27e9a910948eebb774a2e24164b3859711412da1015a93279720804ac795a127ca05bfac61365abb10d9e9198587b86a25d72ffe124613f394db758ca0d5bf218349d7d4cf8d51b50003b1e11d5c2a23320e98e044a22c5e10c25e45d602464ea60a36fe3
3a2ce076fabb6dc3105a7c7f8c10901ea7f71b8ef385c29915d3a9aa89e531500f2a2b8b7a81e28449384be14514289c4fe549c2e2eb5a405761f4d42a2c28c9f1ee649101943bc8412a52296e73b9aa8a77a04132b052c5ca773707eed09234e803bd8a8b00ccb2533d0f1aa65111ca00aa6e44ccf4865a
3d1c338dc64e97e3f0b210ec9981b408a1fd356a82e1319b8950f581733813fe6eca91ede8b300b035151adf2a22bb35efdaff726352e8e4b3af43462bcc0ba84f178f91cd27bbeb6545f906795940b62a96226b0c336712fee838de3e78866f87f1150122c704225b2e60739bdac5e5f2904cf42f278f8b
249f7a5137a4ddf35e23df11786f01305ce35de6abe9a2f79df74f2fbb6c302c7e92c02eb9216f8327a9e1e8bc0bd424a7561e4191c636a5c225c9f203790f783a492de04a585c5ea6d0552608a2d6c52c47d0afdb493b09f5c216b1efabb68a4842c66806b171710439d12e7c296726a3dfe125b493bd2a
1d8d0d720a455272688ec93303e09436d9c61ea47b146178a60c950ad8fa191a489531e82f134e2e54424049c012ac9bcd4d03ee7181b777a573354d32220ae3a5f3b0f033e882bb23729915514dbe50910370015fc0554710393fa1fc5366a186d110b09db9dd4b771b7723f1d389f730d539c8d70eb2c7
08a92d7c399dcd33926174e8fa1d2a00eecee2fc82820266e8b48b1faa7b23ed958a1aa3e2e06eed0fb1a53e221df299b00f7266b356137b482e9f870bb01902cc2f4a021b07b90b6dee4f2c5a037bd90960539ecc176ae2556132ff898b4977d5933fd3d228116be10de9b18138a75f60317b3921d45af2
0cee16e7868dc211e7162b0d813b7217b24146d75ea1b136ea073ddeebc736b0d6bdfa119791f2e74f0e1d95421b70e78f003fcca2b3158fa6875a9538d1efa53c71394245db33b50b47c63a677e50f7eea4c0d05060dc39a04328b3845b355a39112293c12ba06ac330b889955914d2c0ee0622344475c6
25a4bfe930c623e1c2a6601e793fb62493a5f250bb23d1118bdc0a9ebc9d1e36a5d42550748037701c204c8fbc0f56187bfac817025f9205c7c844823086c0de4e7748337156b7c7d6b7090b850db5f3c414a33319521d97cdf8035e0b30bdb93161d292283f9fb3e73b3c4b195ac9b7a01f8408ef09de54
04cfc99978eeb3d2e602bfb59f5a5d012cdaf3c064bf12bac587765f3b8924609346736929414fcde0316c6a6425ca3b615587807025231701393a891a5f468a80a197b3022b9fe5760351058c7ff4d6577f03a4cb53e4cf6a9f057ecef49acd45017da320cdd25c2813b6d0d1220a6c60b245c20da9c57d
15693e0b708b49203b7e332882bfd4045b12bfb7ce3070242deca62fcc4010374a85b5bf0ea258a9735bdd57da30d0047ac2bdcfc20ff042c6060aed2ded1c5c7a345b0084a729f503aa5b3b13b9a7cf60b1a2e2ddcbbf62461331670be7dc220422d6cd52a745777728bf466b9483cf834de84f8865be3f
26900cb93989e160cbe1720e94ecbe06da9340201ddef28e7209d02ff7ca2c502a0afcca3f41ecb16a802a98f3087b4df841989e2336d5ffcdfb626434c43565a2fa4480b65c4ca309aff42f2b13062ba9a0825cbbc0eeb517f81f201762a4be07b006a8960fd5368616572d4fe9392861e4b2d4de989e18
192e344a702279235b0b77b59942192de6c7fa0a80d480152cbc323a9fba37650e6c08d85a41f95ebbcbf2f2bc0d099c8a8f1dbd408534c26bbdf5a133a5c0080f1c8d93d5ebb4152dc9b731bc091c09f39292dc4d9b24f5870612f44426fd5aaf2340bcee8e730ae133e804e9f7db6203878a20ae059726
16c0986a61b54491bf6b343a27197114533a78a8d67a111def6178f15975193a51b20845cfd3ba8be01e8742d1080e6b36b426b620f6aa4af880e5d33a631a2d2c9ca6c1b41138286733430d78f8b5176ec261548e17eb1fb8cd1dc3a119fb11db80dbeab9b2e8a2400a32f1f3b1a5ec53c9e47e991a476d
15470246105728537beda1b2c684493eff8aff5d7909317095c821a36e83334bf3c61c2843f39a0aa9ab811ca30aa205efe0ba25800e2cbe89d03d932e867402b1f6e0b31600414da170dc246dc5af5e61cc120ddc77bef555cc1f38fa0fd714005297215e0f28fbc7375b70ddaed29050ff5a666cb99579
0bbc6c7c0d8ce5d07615307cec9de808deabc38779df036d69bd9473aa0a29e5e7f6bbf9e2a2ea2d58b07a856122f3a63e985efb32a3556e04eb51f92d35102bf1d832b18949e2cd02b15608e61fa6349ee420fc04f876e36e7f02bd5a52de02551162b2e0118553442435efe5ff00db10f4d4f4211c2f79
2d56343c860a47c37089086e294da9143fefeba8bca8c0a35af8930865fc286f4510bd5e6f81b06dc1052aefed2ae2afe7e6491ef085d597a03e618b33ae52972a7c10c23639ee3120bd9b191ca3207a625ef2cdcd3ad88c688d1d65134e75f2e76330596a96da497a1efa10bbe9550ed09b4d545fa28614
229dd227f1b39ec0204a6d73323540121ae2e43466757079a06a55dca4940ee8332e4cd34af3f5ffe91e7fc1b63a9ffc9557e2f3f1f8cb1260ddfa0b36ff6f7848e81161c98ca0acfce78f038fc71b7dbd06f2ec94da823b174221bd16cc8d6456f2fdbf4b3fc26733207140e8bf4dae2181e5e16103bd6d
05143d2adf6bf8f3da6a72c98b1e991e7143c3be795f729515aebed8c87f02ece70863395fa32bff8e9ff50ae4303cd8c483307291c7b95210d93bf80b1d4d4db04fd2f22fa03684197e650fdfe6729d410e81cf89dd396f0c46021abcaed67010b1c12ddcca00c5f4364b53c976605673718e3e26ea6afd
32e5db6f7f43f0a1187278ac34e6881e40fc6a76a94210a2154da6b29b9d3a67a94ee29ab4c16e45bac7e2829a36034a9a6c9b0963b41951c7b370e32c56bc2b46e396d0da0f50965be9653778b7053578f4c07e84ec79290c8022f0c3e63b35e221aa374755d691b500e77e426de2a67103b009181e3709
31384fa553ad3b5304d52562a1e7480ae5f9bfb72afbe33bc25f38d033d10a5866af20e6751267d6797ee8bc40232eed0e67259240accf2a62694a033ae54e541965f0428d96e749fe91de1d99bae49db9fe823bd9ceb3c34fd81873f78d054ee1d3466ba263f4f9c138e0532ef0322b617e62f8467cd331
3fb84b38eb4eb603b65f478b031c7a20d3587a50a660b295d09a31d4f54832dff985c55f8a30b5bc41c96d5fa51683578b82663c5299b0d6e94f3e8525814be91c6ea5c131138b9668e8293be18f2768b63231c0f54c26c38084233b083a1cadb5e2d71044611e243f1dee19047f4fe6c2f7c0d9cb802cf6
2400c1b31073d732b8aed57ea0805b11c3144092252be3df679e3723fc860ed8e79a3c64ce00a8a3231d5cdfd61e8eed90859c55126c397b63ae1b3a2eef69cd1f6005002e879fae67b60b0abe4658e9c5c4c1ed7b800b7a73dd3bc8e7af6b307402678f21061ca6d21f93406e75ea2fc2f049ecc68e9ce5
12ca855a4559102029506bba9bd7b40f0edbce1f4e3a22408c593f84afea3a56d07ed295bf81748fd9a5d86cbd2506a7397e7aa040334fc39be51de30698e905cd74d9932ac183798b92391ff934c048be25b2aa586563129e90070629d1fa312780562f0851672f4623bbf5609ab2f5130cfc4c80e41930
10ccd98734b3f2d29af4c8fa92b6b20425d01a39b5b8a03e2da35f63391c215e880d567886135f2caa4add7a0212060f2b76d2e1c2629e6108ed9b6d2fa4e3d6526b11d2528ba9e2a616830e5c364708abdc8073c0471ea3afa81bc73a078492df73f7eef9fa5c79343cbf6e2443f5d0c16e3ebb7b60bef4
22fbb060d429b2c384d786b7f062b312a595b398d3e0808e3be75e97cc2f0f2674fae9fd71c2bf8ff06eec256b393a3afa9629f691756bb37f83ccb8095a13c53322e9e1ae254aeb08f2752a2a0057866d3ef06187bd37e403220d7c89a9b9e911c0521651c48f827d35fb41295673f66224ed33f76615e8
051c5f231fca1ea1b8359ae5c5f1bf3167a10160239ee0e276410dd33f472baf7a3fd80fbb73bb271152659c8d016a9218bcbf8ea26c001cd0015ca01880b93e59a91a10dfb975b398e3fb23d0e52a3c855412e3df2d9fff4cf90cf914be39f7a3e0e62b8e83645c3c18902cbb1c5da091ee3c01d6308c39
257b53df3bd65ff2e565ba720869393444335f32add020db12bfd02c33753d65e42931a1fad0c1e949ae2c3f75003ac78b29d90262e8f772d33b7d1b00c480ccc84a6773b69c060835c51408b4c11d7e98fe530cdddcb48473eb12e429b5d92dbe418e41fa7729ace82f11f61f4b6407e04e724b4d2ce706
19f9b8682d645520a5f9512d1e737505e8cbb14d3d1fa0fe17ebc284ce5303e60680c12aab00d3a861b300791b104e7a2d4e325c01880a27cd7f6b720f211fd98deb2643691c6f5cb228f63e90b855a487c700da06deda297ea03590d64dc8fd7d32c87927810dae08310c89ae79200aa205924000a9b662
1c4614e373ad7aa1284b4a1857181104485940a4890f20d0d92781c871c532a977a21b5723b3f00f6ec519c1aa06020821a772fa23a1efa96961eef037180e559526cfc17bdfb66d8667c313da8d5ca7388522e100591c58e23028227f540a1cc8504f513b28008fd73aad82b2d1266ff08a90c4670d12de
32d284b35ab734b3f0d381ad86d4db0b9ed688c5083431e4f803ec7fb6dc0f6d6b1cd97d24a199f8d66b65bfe3242dd3e593d8421184e8c407f69e9124ed4b22968a77d1a98000a48a478c06403eddf1c9ad208b55bfee417cc93c28f0fa89b874a1cb461b0ab850a70b71932676cfc3e088711f9ce854fa
1222f6edd2be7780ba079bf6d783073ed58a7cbba95a832ea84cbf5f30163017770ee912da61dd295b63201cfe2a0268caa3827351523f19fa702066260c9ff7c3acff421969fd990653ba3c1640130766ab80a2bb80ab547c64362f5b74d717fa51e765afe784304e270f8565179f6320ca53782f7b3f0e
34f8baf20bdc49328f3208672f7d7a1503df2b386c37b2496e0fb5d6380229c222fca9004d2238a0c2569348be1afb1ad4b1afaad2169f830cb94adc1cf05c4a74ffd1d0b185652c06ec8217f79954fc920a33062d2fb2f56dff260dea0e8d03bed02e928cb77ba8ec10b4e1e15e904363e0e9daf75a7180
3185229dcef6df4206cd741472c393262a521ae06e7b516db079a052c40532d44ee82fe79ec0f92bf5ffd90f6c34307a9ff9383bd017d5f8cb10d7b41fbab6ff6d6cc3b061c5c98c9a5fdb0be4438fc65747a3a2faec949e81402ea461bd13caf7526336fdbf23dae90947a071404fa3910a4d81e5d0371e
05835990c3d68d739fd8ec61b89a3e1b19743615056730d03d3e0f71b65130fc26604e6dd9d1e67eadbd08c6261e8f84efdffaa3b17ad85d0b2ba2b616757dae50b97123bd40bcddc26962031dcf5e73eb42f0101bf4285f050f35e9d4445b24d88145e01fb37ff4c22de948f1fd2e6b80fd1c17960488b2
14cbf1d25ef99f811fc91cf02193f13ae6fd871eafeeb0a8d8884aedc6830326a3eb74903821a9456beebc42b42daa7d9c9bbbd363f7efa23069a989171a5f0a3db00833b35a25d20391133558b0980e19a160d1f01d51b61fe3244c44236c5b2aa223c55ca98b2ea62fd4f7d3bbf72041c9beaa05bb39fb
251baf380fd53573a5c608e77b74812bfd64485ce75020c18116cf5c745334a16d6f79539891072d9d849df44b379e2d06ef716b6348690e5a88425b11d276f44c8332f25d829ea05e1b3f0ca2686c625a6a4093ef2c48fbe64027ae252990e6beb216d0929525341b1e97338777e89af1d3cb1cb940b06b
3e1aa562de4aee02695f96b0656458317a0bef14e79bc0beb2b0d8dc91571814fc906e720622d3d583dff8bc6e17c59a7533a43eb20225fad329e8c82dcac13c2b1245b005485317f28d0d1170c725294fa01130301d33c07211084f6afa7a61b3c00216490d9dca8b2b81a254e5bd03418d413b4a7a1092
1fbd55d655184822db12997da45a6d1e231fea13ce1e8116f6129d874d75175abbf8303d16e1d365a9d21a532923028ee3619d75d2e4918118682d54309dd401c452f22072ecef330f33ef211391156cdace22c20bd75862b88c2bff058f6b6ced222cf1fc471bb0d833e8cf2a1f0064b3533658a264fba7
242b30ea262659422c69da33c97d1f248173fa2dc1b0a18b7ac27d6878532f0251338f758c21bb2a2aed59c0590273012ab0dfd7e1936071d159546c2742607c5d5d8db1790a7b330109993c92aedd12564d91485f7c9ac942c23cdd947e51e8428272db8bc109f8fe28c364f7c8458f73effb05fce1b43e
27e4dddb3a580f23a88a27597d5804262bd4d21b8501a1884ba50c3652c033be30e9812a3b812fa74881ecfaa31465bc971b8070a1a4cf8c6a4c4d450f74ee41b02821121c00f51d537165113ef3ede40d85f05c31bd2a4fa3e114a48418987f3bb3bd94a43d99108135026679f6ba3b10f71e81a06b3e2f
3abb18c5ef60b7c2cc875ce96f0c2a39af260475789132019e2a7f0bc8ef309fb20433c68ef2ce0cc51969c82031f6775333464bc27252ad11ec48d63405f7610b7ff0a2115ca24417da52166826c9e04b9b81f79cee0a3c42c307281ad7f2cbdd82e415dd50e87392272dc9eb08b015a1b502af3397b048
2cf9b5c6ab671cd12cf4832e6e09b5189898da55b030f13674f460093a02123e5d12f1c46ce1a2203a169650241f0b5fb1b49893d146ae94a0cb142311c3bec32ef265f03e34dbb5b800a51ae14b24b478c7a1b594224150f2581967df0c8014d3606d4c11fe5290d41477c72f58e87bb1bd5baaa2d38c94
175cd9f4fdd0f0c1f8bc024429127a3c43f3c063a23d9068f54a3b7270542ba3ff2065227f50dfa27bb133d48a1d7042301fa5eb02fd3813014a09e01f8a5baafaab1e9390a8233e92a0aa1cd93343920026e29a37273b4b60b720ccdeb5800beef141442ba55fd62e15a84e9fff9e39b342e934f701ceb7
0179eb0f539de80396617141242f0c1e37d0e81102db72a704618f68e0382fb347a82ea084524adf05251831f13c30859f96dd64e289dd085c0d40062d5196f576aef733a8fbc1fa07b6632cc1e2e1a304c0401430aeb6154e5218af7663a1b2e760c521ce997f13bf392d93f73066c2b1a547bcbbf8e4f3
2e4a1935100bf96140dc54a5bcff55164bb4b32a9ece32142ed5cb6e5f521901fef873e236c31fdfa2c06a1ded289108f6ea8b8123355131647e08133946e988d8f1abe2596faad1f871ae15175ff311b9a593e5e579ae0cb96c1fad72eb0c5686c3c6fc48aa73b22c04a909102ecc0553d73a8f117d4c1d
3d85c9f531114d938674de722cf9bc039ac7f5b773b68100fa73180faa753c2f477f991cbc72d5d62a4d5c54a92bb256f20dbd40f34758e21c2c52261dafe98a2f11bb12e9c12115f6ec6239421fda54698492eb8f57c7c022890ea93020773e0d602b263513b5485627a25c386605e3016b542a943c8bc2
2e0c3f0517ff04427460c29c4c6c6c281784f6415362c0f4303de18ec08a3fda2077770f5be3b9210e0b89c73c27924412d21571c14d3f1c1ead24833e0e94435d73ecc2cb8a5bc831a03329a789f0fa8834233bbd58c722a61e35ccd504a7803d13836f998e5c7ed5230628735ec89ef30fb9a29d80f965
1d692532a75234f2be188d94da18df240e61cca64fc963f97f658d95d88b276c8883ad11cc015d1764d378724127b17284d11dd563e80af0c697e21a39ec19148842b980567ed446c70e4f28fa4461c266b883ce38b6a08e92d804bcc6cab26e37b0c7d177d24e728d20f543aa048902e218103a8ecfb770
02d61c815539d750a9f7c8d2a39a7716b74629b0698921fd33f5afde86b63056e0ed412e58311f99955bcfaea82bbc4b8d4dbff943acc1f03fe8b6cd078dc7cc8a7653c17ab16e66d6000930a1a65d93aa34f139a5f89cf7303f23fe3970ec0a8e52c8dd925d2cb4be36c2d44a9fba1363bcef9f86ebc264
343ad14894a1a443addf9a99ecc8ba2a829aced71dfcf27e4affc30ab24c27130b77ffa97e6027e9648b4a62e212bf67f2cfab6e13b9da30a21fb5cb24a5cb5dc01270f183c05dd95623970f66d13007970c8343a9b21371199c389ecaa33e1a67e07454393b7c803810f15a52c60ddc725c35de39135da4
0f1f929d5c2bd5721d78d8d91c31930337977bb47958e18fca5b39d8f4c41bb8a7e7e7416c03ced2e35210fad626360f8c4d1fda1077ffe0ce9019bf2a2727b92f0bbcf05bc5572e5e19302d73fda5708925a3c94d4121f0e3e5037ff4eb88089d733873afcd4d0a431c146d50bba6d7a261138fe4b0066b
2ff071891b2dc102a93717bfd57cfc2e9f0e0a0df330b39a09da9de32b6e04ed9998c0a5ffe337b8e4298e185d33c64b8a61e24d72da2d661aabdc56229d57c98f4f9972f448219b18e67c2935029dbec4574331bb9fd637782612ec6b6cc101d32078e504c1303a5127347109d52397a2ac132787c09fd1
249b06e255d4771355b06c135858d0038c2b573c30f3d2990fe0fa5f9c5e07cd2724d652089159a69f2aad3d2824801c17ac7354731d04a69e5dbb371da8cf0c8f3d77519fddb7742d4158133f3dc1b8a30982086aa96ef752812607a254a83fbe13828d345e75308c22ae068584164e502d930a789a30c7
2636dcbfcc8cbda36989a62b960149338358d9ece4f4316205b133ba22f114550c3551764540883caea092e2a81c52e5a90166c2f3d1f73e30c191251b018e52050a5b63bfe5c45ea579cf352ace04daae774252f674b09d81831d6e36e49ec5c00121ebc258d90e6400c931d1c7399df382e792b5b24977
3c83e09b3c19d822c3780bf1f5f8660ab8abf52a23956266169604031a40149b31d40ccdf9a108c5379a81543813455fde9160c6e26a1f1b8ebc00ba255ce0d29fb4b4d381f8bcdbccfa3c20e4211cd1f31613667bb1b8a6b7af031e57513ce85cb17600af98848bbc161238a4dd7a02a29e8ffb6d42da19
2c6326f5db4b57d0a5e8f89e8201710b3df7f17a40cf228e0aa7aa6bef172f7983572d40c1222cf7dbe9005a5023dc4567ea2a53c0882a679b0392a41729b27c6ccfce5127553b352d142d020296e59696925050301b55e7aaa824aafa9530f4a5826bbdd6a0ef52693f0a663054739370ab46d3b815a02e
3840fc7ebb0ad25072ea86da53238b105a7c9ad7c2901275ee6246475e1d0d335a2d13e7c1031166015a54f0990abe99a1692b9f6201411c7bd8d7ab20c39de363482d90dec94f65d3fa2a3bf53249ec998fc19f9a8f41cc90703d5b3e5403c875d09f7806d3f4171a3433c188ed3d9e3094495ae12fea18
275041be9cf7e8524d5f4226a1388e1f71e3e35a062242b88d721766b35637d2890ba68973111e9e102603f59a0efebc12bfc0a43051b12cb4b4f9bf3ba2719e1cfd6940f6cae249e135452bada6de75509833cd3aa802d4e73208841180353492d33ce4e0754404722425a89be23ac0b2af4d3fd7b42a51
0e9e882a8021cc43992d8e355fab4b1a2b618d98c8fc60e5e1202a2f3f8b12716b01cf3c4161e8387cd4bfb256059d7d1e5d341c927a31bcf02c739e3a0e0cb697fdb1d2f3465fc5b14eab2e325f7e5f52651044e3bed671306239b6085353ecf4419ee1aee5e983f0211ac03e649d3d2018615e198a7574
00226ac8bcd7f21062cc5e82fd97580c4397e129a8fcd3b34809599ce00b28644d74df523f321bdcc1a85e95a92057ce45110ae7203cc17844b90b97373e6d632fa927e21622d1a989e0f821a6dff0fb938a104fcde2c00bcb43216dc5f91feec543103093a937a258150e5c3528c6a081d5f27a5fbe202c
240ffdb461cdb081fa96607bc1b4d02008f30da8d7a611c7213239dd22f711ad0323d76ab43224d8c9365891293d48cbe6f352f2e2a7f391730247db029b9a270a2fa8219ae8e83a491b163501e41648005e21af0b96d2ab638f06e6e0b08ce691212dd4f0a93a37f13dc59fdfc1bed232db737c8ea6c424
102c13d3dfa5cef174b1d1afa9295f3e7290c4bc72c7712c4f0a179bb844045bf2c34c7816108b8ae994cd26f339e1f2fd0d6dd9e1cf8920982124911d2aa73bea60e7c20d71a6a188d057112688329c9be1f3ca7ea3f8cfe443178f309deceef3f1933bb8e6d2c722340c90c58742527298bf33c81e3bd6
1fd2bf25a5d42681ba394f5f7bc6720c4739273f00fd604b4cee0bf76c3b07c514f0e3a1d7c1100b65b65af64937343e8a879fa0b0b3ba590e24597e1ad2193275035c91d7695cb03f34352072b8aeb939bd911a1aa985357a060af4f3ae5b888d22d532412fd5c3b7019de89734494461465daa8bed269b
154f2b45788ca2e01c8c67498e1b6b0c4d04f45b35f3c3e7c98f52d5864e3bd24559981c2f438f6b85ed69949d1dc5ee1fda0d35c34b8ae30a8e8a38376c3e2eb8fcdea060156dfc4939a51bc6b3d16ba868b3ac1835dd3786543dec723ab2d7916340857236b0326c3861f900de88d4b25e0134f64c41bb
3d42a30c5817fa10ef9f589d35a4ff34036a85ba3838207e9d58518b8beb308a7967177ac6d088cd2e1084831600d1466a33cdec23e77f6288b759e8296b06ab3adc67717d779c74c5e711185214687bfaca03b129aedb674b883051a481701603a05c1513e7e2f45c16fd0c92ecc53fd0d51045e2e034c1
053123a20d9140113024e4d4c88f3731c670bad777a8f23a7b7e36592c7406b15de962892442508fbeb722bb9714fcabfc7d44776085ef4e42474e2d2a98f6b3a0f7b370a05a9caf617ef224d1337e0337e0f0a5bfa578f942bd0a01fc0c875d59b1308c2e4036fd8020f790848877b40221c070b9da9345
2c108f1c2786b0301bfb84aa8d381d033b6498b0c1c3a10af2ade756130408e1536a820b9f138c5fd3b5da277e05af7775e0a23ba3ad856a1b16fc4a02ce00831613fb127ce1eddd00e7273b05c795da3f9a015c9c7506236b7d17939984732b57e136fc2628c25d4732138b756e4401205299369428538a
1ca007b77ec3b7d00af4492a7233070f8d688c5d1f5e013a90d40f25b8490c1a2317b22946e1fc3fdc848173ac357cc846b8953d025db7d0445f3ecc04d8059d655a6fe0e3c043aa3fb88b335c4ba3f6f1f3d02aba302342d78433787c9f776ec3910fed5a528a724a2a5eaa37013dbf606db6ddaf726480
2a7f58f0f3b64743cd802e84ccd9ca313a8ed40a5b02224281423dee8bfe3fd89fe51c5e331346f3fd0e06542a0d777bad85582392d7f87146bd1a702f5bf0990675e420e0db4c3c48e2d101fac2e6d7695d01d90712e5c7f48e25c0b6c9053d8183bdbeba79eae2cd31c80549a71380f0eb55410bcbf58b
1820c842ff32ced19b7cbaafe580a015c767eeb190313031643509d7b4ec1a2648773b46ef117a8670862646ca29509e9f7f565e22ef6b38c275613232e6e47470780ae09b9b42c8b2eba0302f6cd22417d630de7ee05b3cdff3334cf80e7a68b180dba5a4a6704b850d34b6827ffc5ce12b1930d07e8de3
20aa8528c390910280605c0d1be13c2f906009a2a294738e858533dc2f83078abe38b1a43a028014ab92d67ab6071c1d2ed9b2ae5354926a27408bbb351d511ad17c4cf2835946cec543e207921affbd79911237ea791e6a8cf51a3cfefffcb95130968d4d7b369d062c6494d2ec590a41172c268c2339cf
28e4817801770e11d678ab968e29f304e4423be501c6c0441198c5db5b4039f4d9ec140d6ed20241b2244a1d5225dedf11082c0b328ca0c999ee51e120655457b95b1cf13d0057d0a37bb536b8886a7183f302a73176f1ece7c034f9b2016bcfbac04f8694a5f7f70d1e295921b5fb9f9185968fb1b3e1e2
31758a1fe978bc023b2bced625e4bc37aaae421e7dffd2e1a82d4f74db7234a29edffcffe2428a9d06496e107a0655ef95f9faab20b944b196aa39f22687bf16279e4db2e5cf7fb89f78a914184b1ea1b79b122a6bc8b3b79def3aa6de7331bb35c1a6121c0266b93a01995f3038624461d6bb755411b04a
01784259c10b4440268eb3f2ea1a921244710867d2cc32e7da619e011e55252a049f87bd50b069937ba41306b51c6f601ad0df1372cfee917b4f4bd5323b988ff24cf6e389ab57cc65349630a440c68ed259c1697b57c7a9b9903ff74048545e3ee01c6f8d88eb18c93590e64646120a81b7d70bbf7a510f
12afc106ea8e68e2dc32e36b0c839f25021a0aa09223e36579fa669e620b05a7842a1a36bcc37ffe9c9468088f1f61c3c1126959a343c9d77e965ab32bfb82bc243d8e2351561bf6e83dde270bf0f4a012a5037dcfb4cf4560cf070e3c4df7aa111217234260f42e280ea19cf39602371148bec06deb3a15
383dd39d2280d423fab3597c21404b3806fb9ecb7ab420b3caf85236f4880223ae4dddbc603014dfd401f7645e3f7d366cc23f34213d2daf9b65e0833cbd5d1a8433fbb21ff3209ad54bf50d7817979e17886314a9032afa42a334d6b0005ec4ace11abbcb8bdabdf52b1f2e25c7107c1001818ec2c6fc62
3df8ba9dc40ed6c398d05b39e11c761e3f235a4f2ee4c30fa7e71eb9226c2a9c2169b8568292022b54e8cc591f328a89f803f866724bf15a1e62f1191f05e93939129b03e9aade4cffe0a41a2b8c96309715e0aab99e73030694197ca0fd5090f6b1bc7044475ab0e8036a58f75878fb42d98fb05e7ddc04
12f34b085415af00753bf185a7bd5f275ec3cba530cb01782359b9ae0014080028d21d64020080b03087315f1a2fafa04a544b163079215690efa0440dec505aab5e0e232be3eaa472918404ad6a080effbb93de48c96b7c8c062d3482100c03cdf3a183bceb16bab138acc07214c6e2d1e1fa3faaa9ac4e
0cfaa3cbc4afc87118c19ce9d8579131ffe9e2313994306975f07dedb3522cea5a85d82a1df2d037f48e3465b019323da8ce7d80c0ee07b63ad7b411025a559b0e6cda91bbdaf0ae4d2926098e5057f5cd8f70cb629953c104373d1f1cf4a62632d1d1a51a22c968702bea1695db5fc6f27126d573cb7ab7
2f4f5de94418b110cfe49f892c7c023db06840896c5961d320806500a17c1404f8554bbbb0017fadd7164884ed374682dca864dc21a68fee4835aa1a03ce5c80e9d2449298067ced74a70c15aab08430004d33c42a99898c894538dfedea20a96ee1c292c315eff20e2a7c4e65fd678a60f60e98f3c23d21
2f84dcbeac2c1de116196173c5d335032c665775360062319d71c688ef5105ac62aa8a70c8b3de208c516e21a63018c62dc9ddafa1c4db26a596a41f3fb9437e97f6d6323e486e6aef04da37eb5175b48cdd03dfda130ec90f4c1de57e07cc3410d15b93257ada75bb13539a6247b0b5114d9d58953cdc31
17525de43e778193b3e8c9a10427820060c4fa65340e72b71e26ebd61bca2a58ed31df0f00e318028a875795ba3d36632acbfaea83c2ec289fb58fe73246012d0d9be4e222bf886eef052522d3751f8808bfe00240496818c7302a23c14637dde9d103d64c87f10da523540d96cb611f727c36dff9b38e0f
3bae34d6c5b390c2dc46146d7f0e27021ed3ed19b77ab17db6b5c1180702114b387236edc2b2775dbade3821450ec2bbf38ddf8d72984c6fbbaa0180256bdc6390abff31221d54fa131b582c2b1764f3e7e322a9afc813f1e2081cf09da53c3ff5a04434f74fe4011a2d81b5de00368cc15d592b5a0e7b95
0dd5922c61507bb3f813a91a2f7c33315660034ab427b1db1e3c5313541833f681f4a012c7b024b386f6d6f5e53218693cfe4757820868c6e2c8058a2e2f6fb1eecd3b023de2087f177c573fe2449923e3b0923b100472756e6c0163cb0e09f92622ff92f7b5b727d802d9153a05f4d4e38165d61ee1d902
1fc973f740582cc3f9b8dba43dc50439b0cfb4aef69e33f895c65b992ca72f400167f7529022eceec4143b06282533c2edc45a6ac1ded6325cf812882ade98fa005116a0357cd13c75ce0e07f35341300395d17b53f3289bdfef060ec6d1c063d5e0cb0a28be79a44a19b2bd4b7363fb633987588f124ff6
23b6756be135c3421963ebd32a592a29decff5fbe6c0b344a8b005ab0fc90f35b7384af73a205b1b15f02ef15439e921f4e95542e3bb8ade9fb7d7bf0565ea69567ea2a1ea39b2f1a8e446104a9fa29dc02483c47e3e940c167a19d81575de61c2c20f3367da7c7ee23db7dac1b0db9b33578ed4fd002f2a
18281f802f2bc7f2b4bfc4a1d31bdd1361524fa5b3571054eff94d28cf831eac244f01452a8153e28766e2e5980def20e62671b19264e81814f6ab8b1a58c5fb28ed7d62725732aebf3b372896fd2d2fc794f2638df8171282b41c53ab7ab4bd1b322f2ffb8b389bba36579f437bbf4100837bb27a5cdda6
04893bcd9a6f5f6380b19f7300bbaf34fe428723329cd0ec67fde2e51e8e2bf48d64fc571f507781e55b28e41e23d62ab2c860d03397dafcac227aa80266a5ea83df22b24f53bcceb80a120703d9c44a23cb511b39eba89e98b13bcbe876e16a3f7361cc6ab1a75a773e2c41d29873f4c17859cc4e419be7
2d8c06ea35dc7a5280dec1073b4fbc34f3f2654e9c73d02f41bcac79cb0b2c95a5ac600e5552225e36e353491039a931c9a4ba8ae01ed0f15a1c3f4b316d410bac345fa0fd5a5045432ba5267e84663f389b1159b041606e18fa348d93ad3a19a4d24e1ff9e2190d850478c73b4be253709d4a5713c17044
2c951b802ffff3f01a2ef32330da173a7b1e8e69af9a7106af103b79d6a90cdb00537e12ed127d3e19681bf24224713539ddb3f060e0655b81befa6910fa7886037cf55256bfbe4deb60d70e13b03a48b9d452054d36f3d2303810ab17644398ba835e1ecfe8b799572b5255b99de604d14a32633ada20f3
28a9a1640de8f853257ee30794fb521700fcbee3f608113054871c0e4742100449b4c26b86814bbb38418efac3243ab58c0c60b42228ac02e57226e9115c53a65ca9b6b07133dafba333631dbcc3142d97cab06f525925f838d4305c1890b2184951966551ddf368f50f41ab360ca6d03266753fae5ff3ef
180a0ed9ab857062f35f32af9fb82301e33362bef741427a460a3a1a903e13fccf2f4a9e23c035387f3d39885c387799e543650393f623101bade71d196d67d97acc12d02b5d91922cea562b45ffa7ade0a2c1fb8af573ad377f200d04c1f5737da27bf0c6c37be73d243a93d684ad2d82c1d3f91ccb5fcd
0abec7453e36c4830c5cb8abd82e3e39a0aa94a84d1c51558231645251b122b159b8219c3c7391c34e4fc7b19e2b16799989a5ba5327501dfbbba6a81a4153b48c285e00864f4390b6542735dd67b86bb1e061b25248238576e53334158987a2451039fd0a16c7b6513ef163ea6d00a1632e4b69fe4bccc1
339d800cf71d2761c86c06dc4cea1e2b9a7bd44756d1005d8ff1696621eb117c19f7b6ac964164d98ae0ee814a00abf797b9b57c83c59acb76dc25dd3b2a0283f90a3f30cbce6348cb306d24a98cbb150ba021867582277795bf0e6850eddb0f0b827fb68660f49ff924ea36913ca8ac434332d80b054651
1659135c66b1947386b1d180c524291e6c7ac7fdfb3e638438eb9f25e5163cae09c3c6610ed2b844d954cf18aa1cdb021f1a29e2e2b4047a17b6f6802f05e9e10381d233e536e5da0f07fd08c72b52c9683843d8434a03d92b230c98f8941bb2bfc2e3c8d2015756993d3b40efcf9e03413aafb34bf08676
1b5017a489adbfd0465695493595eb13ee6535c2181733ace678a410c39a3dc4445c378ed7a349322cbf9de6b130c4c7b8da6ca99307dda0b6ff4c793dd432512ec5b8a36df918e96b3a3c3f7b954e686e4b637ec4098a3610b805bd023bd35ef1a22f731fd02d38a9336ae18f486d22f16047f3d19b1d40
01629c5cfe2c6e82cef8f6f522a1170f73e097aed6cf62ee23e009bf0eb4091a35c32a3a9402211dd39877b54a2112e3926a6ddd5006bc435601a49125127f4723c65dd3a98ead374126553b4de3080760cb22dd0437bbdf5b90307364c4408576d1bcac98cb7a800d148b2abf2bf140a35af78b5f68a75f
152c87c94ac2ff53bdf8923444c9e222a2bd01aa464fb0c07fb99c9ac2b53fda852140720e11fbd04d44ce8f4b03470eb9dedffb22f8b90df3be51f0358f29d709bd944045212be7766c3e2fcacd9c96283be3030bb263b681bf14ba67c1fcf975e3249498e74200ef29e80836e084e5d3c80b8fa2bce95f
386824130ad9d4205a0d843b252ace311becb5c0d7fec05ad216184ec20a3f9cad8931e3dc60382fdaef84ac901b719c1930b188c08f2e5ec5e9a58b1ab0c03e0ceda8c3eedbe6b767cefe2bbc2cb8892b0183a211214f308b2c369ca1924ac9f0712e48c51925a251391f61ef77777e81cd719028f8bb92
1c7868a6a6a6ffd368741e8e531bfc11e8aeadc5202e7145c4000656751b197ec114ab6ef180d830f9d547fe8d326ff6c2696e2561c0263a1681330023c11558df5ee8d0016961a7346ce92f028fc1c5c0bee17eea024f63339d08803af0b2af2f915c6f43566467e42b9004eca7af5fc28f81f2dbfb0db5
129d09cf4f51ebc325ce29d8c5f36f2256690d7b30eba171b26813a828d72b7054d07d71f5b1e71fbdef182a2336574aaa3a5cbdb005665f83796d3c27bc11bfd7898d734ce4f90e06a16b2361370b2e56d5802bcc17363ce0522614afbe42a0fc53aa49f9b01d381f1b236f8708febf72cd4c5724c81a6f
19ebb58ec3c1cb23e7b200f8bb5108187e89eb346d4f71e6be5cf52d13b404388ebf13b71c31610fba31e46766202559a7b7664c819333b93ccc96993999091e0068429197347ed76643441ecd0c264386dda2dac4a071796b1f1081a362eacf4060f56e93614d529018e0c4f579a132b305ce4f4dc7dfae
1ac5f43d23b6f8f0746e9f06b08ff60f726afdadb110d1069a4c5d7062c52d80b15ed4de0b11d6e55b956acdf70eb18d45be02890271980521137f8731513195234f19d1a5657be9ada6573942133798efe412a23fbcd33dad7b3902078c3e3ea612dddb45aaba150133b094ea91f1a1a2c3555aec1a0bed
34681c07fe4cfd41185faf2cc1d8da3c5e40ff918c9232653547e31d0c603bb248a8f817d4b2756c5f616d42c014a66601678743409102cb193655731485c199b355fca229a5af4bf76eee26a11a86bef99030cd7b8783abe31a174cf90edf242390e7c5ce9eb64ff90d0ec1ff55b26f405b0a35fec4d300
026875afb26a5601b9521f629ea5381dc94c1dbeec2183c8aa3ed9e3c46a0aba0a3da0a1745219d259018368fc03b36b4018b59ab050af5542754eed20f963f61f1135e34f2e678e75c7281505d31659cc2bc3860c19c548b1f43f6b17cd069f132106edeae2f0b6a80dd150947b6c3851e9b5cd80bcbfb4
24c9c444627dec22195b408bd644cb16acc7ca107606c340aa0a785978592ab0055a7ac0668142e5f716a3f14813ce5ccb85b334607e9ac2cf931b9d02d636b7321ced011cf78050aa98132bb734c0b803c3708c1067e671a8861e784970e5ed1cf25f372d528293980a72a153cdf00ae2fc287ebbe22003
113539ffeab6d7c280a40171b144ca3a1d6fa7bda871b32e113a7243a9af35a0989544eff3329496d7c344540b02d10a9486dc03c0304696131299ca2eecd336a6c58ba11241f488304bda1a031689cb470bb0b6b26169bd42223e80d56071a60810de0820f2e3547e174aa2b9bb40f73125b16ff6b56cf9
3fc53b625de83342a3b054467c33851dc145adfda3264204a2e8d346bd25016597f597d663b31afa89ac4d98d522a9c847b2ff93a2348ccf3231c71c203e5672c0f1ad20234f79103f836228da7efcc53b9c215424edfcd93f6a0256ab49b388d472c80a880ee8ce7128d8e98f98b0c813bbb0daf4728cba
1c7a751f9f21dae152e672f15726f62d41d9cc95303712969d18769632d510285a26d9805590c8984b3845b1c3254eab07bf314cc132815a90110812319a227d4c129a534e003d26bf57ca2917f0b16370d7906fc907a2a98b11171217944988af611d48a657778947007996566fed342382131841163f41
154c59f48e9f63b39ae3642374858f20daa5cc6fd668f374eac438050cd237c69f814563f7f10e90fb31f2da4c2f75acf1336c49733825636b2cad66063d7c3a490344e31f49d6c86081d003c5b3616e4d47114378c3eebe0e2f32a9e86c008930c37880e27d19435e1fc02c6610dee203593778f7a67b45
2b666414af30f9526653fcad5ac0b2274251215d4ac9f2311374ee7b731526a3cc4113d1f3d2ebc34a280e39c2131f6eb5ece4ee230889f7037d534430b1f90f156e7e51840489a1480cd43d7751688ca35e81e9754e2d344658269c705e9f3228c1102b4628f2e39a2d592c8d3ff1bf50085af6ffd59a8c
04b0a01e28470e80d7b2ec5f64cc7e2dfd00ad706894d249b7bf87f37e2107e3fa8ac1750f13cd6b25b56ca74c1837f2bbf6515da35ce960665451bc06a5b75a0b63b9f0ab79ff00d590a80ffbb7b0b22f43500f2177da5e8be738ef7af9deb7bd419540770a6671de0f5ee0c37a0876b19580b274b4bba0
1f5494b82e8f3d82bf31135bd2909a1b1f19165e6cddf06eabafa1626de2156f2128b04944f3b638ad3354aba9362f1241e3d6f411edd132a69f13cc2546b062b31600126708a672d717151b19f3d057ed39e219fde5e238d60b0e534737a02e5e9152ec3f7124ef5c1d8211b908df9bc37d8cbc53b2ad61
2b87ff528b05eed18018d5c0a2312516e74d36fc3bb8628e18076d92e659302224086fec40109fe30f5c8e77012afa97385e1e5ec29bc8152b2a7742321fca791b746821db15da0d6cfa7336b671735fa4f87339d21401eb29ca01d176627fe2b670c1e788187f1ea8260d8f24a65a8690903bacd7c014d6
08dd0e1f311eaa630c84c8ece8aa8b36547bae03bfd3b3cde52403f753f51bd649a5c44990731cf0bc56b60e07083e7c1159ad4b8291ae95600da58334325be7ba08374287b7a81148dd4c0db2879c2c37533342e938c0c40ee109b04e09ca0170e1adac3d8b5a528c15bbb3d0bb7e6531c75c0cfe71a378
03217933f57b9f01b46df978e730961e3f6bce9fb106a299da0820b8440b002da3b370ae7300fedfad018fe8ec3d9a765814464f72f249cc6f8a3091318cd6258a538821ab10690eb420810b28dd79ceaaf822736a014c3a1fb3208cc2cf62f207120f379b25dba606395476d5877d35c169bf065bfd5a8c
276ddbe63127687160227bc0def8303c4f56ec5950bfa2cb55c976bb65ae1495da9af1cf6f50a2f14aa2323fc511d6384d7ef188931dd640a4f4def11eca8d2d67f4ac73f7c54da1159f4424f2311b2209649312401f3df89d071dfc4634533e0371622512755d550633c0e14fe642aaf27ba5a7e982127d
38cb0b4152f241324c78750eb6f7872688cf2efe154121ca424695e0a39c07e1d1a55940ee51be7a339465f20f12e961bff4f46a82c3e4ecbe6a18a8170a5fbea37242e2a221c9c11dff2f2dd021177c6c1ff340fe1c7b298dac033414d009d2312343656ce7e24a77123bd7ecce600bc057d715242fe045
0433568c14c9b7d37adf72329224340f4210e92b0e9cd3ced170eab242b504ef822d2a00cb238e24d91cbfa0d912c227a63b5d6f1207011f797d53ad2e80b71ea90ccd717cc420903f53b63164e6eba3d3e252543271282b833b0749a063f3b85cb0619a530a0c7cf506e83adbbef67b93de54648a2042bb
34c48f3b3da9aa80cabb77878d349b32734f97fb21d170f5be007c16ae8a0513ec72bda4a9c2970663cf4b98cb2a368d1a4728d6324415bbc12edc07331f5e7b7c951be346ad621e33ca0a2c1711a5a140ff0232f5f3b7b15a7504e68f77cea50d60cfc7d26beccd42365b1d6dd39e7c1353be2290cd32d8
00c87bb1de34b693e6bfb51065df6a2b1fe8920d719ea2cf169fada260de3afb9898d5c9346233ce1d953f7e673a691988aa136ee2ce53954fbfc6433d46ecb13ee4fb711e1e225945799122554c6607e8d1a3c1a8e759d4cb571180c8ba46c58262b0cfb0422d019c1d5bb7d2d3e04410054000038ffcf0
3c3e4691921227e38006b8337e40802ee1ae2e9a7c7242d1b56e0b76fe452bfb709030f22351eec18d599bec1c2f0a261fd82ecf709056a1106397680a7488625106b753fb1a26b0e1b2cb04cb7c0d53dcc6f3bc5c11b4ecfe20099786461b61d650b03cd52bf377ef1e06a43361fe06b319759688aa46f1
2216883fbe426b702e46206e160ed00006435f317ec4c2993009f64de08706ddfeec52b966e2f805df2b06cb481463358f693fc5e23bd92feabc2c4c00033bed67139a200ae99e56602bc11ef81eaeef4823f0f2fb068e0f4ef40315288578712082d290368d2c48a23c86b2a4826bf0e3fd4446761ff173
1b22df47bf440591436c963a0833d630d4207871ed4401cc80febdeb9b53114c9d9da0310243d2b9be64b9198410eb38773dc25583766d95ef4ec6003515afe1d1caa3f3881927870a9b8a2a5bf5134ed1c922d71597e388a7082d30232b2db460f0084c33651f639c1bbee43d45c7ed92fbfd595e2d9df3
3c9f310ca6974fd046d43afe4be9223c061da03c195f80a9c2e77d94ebca35497652e9692cc1104b89552ad7f12791137657ed79b1ba19dca661b09a0627f850d496c6b1b4ca7aca5a63042d841e40cf633f429438ff99b0a6b22df46ad1c98d8263b683f708adfee335cb2aea88a9eaf3c1982797182b11
3934238c15171233c7b1e5f41e44990e62a3096c69c963396bc522a47f772368a35231d24c132b148e0421b264348af2d7f03c1040e8d46b65c824cc3af367b9feedb851adfc2cf097cf510ae144e1d9dfd723652b09985143b8040b9e53f10f0e51c1425c2a6dc35b0f59a1e95d853243b5e3940b20b5fc
2ff16915e271f50079f7ac926e250d23c9947dfb6749122de50f328051cc2b929827a3156ee3b04bc8abdb99be2dfb0e4121323c9328ade8f9e30a1b31d4cfb1edb74bf054e6fd3a1c9153341bcaa5aad035a1af865343ebdebb1d7cd561f0ea54f36607c5a00217111c1a8222081f1e62ff519e145f181a
1f3b185e05253c93f1a484d66a49eb2a2af7ac9ac9de001b6d37b8601de314c83f3672c979b21ea20e5afb6e2d284b537c249368211281dc02bb043d08c1c1243616cf229d06edbe38cb6f193edf8c5cf6a2f05172d8f4a150163201e3df460685808ffc03303a932321faf93e7a8aed01f55d021b8d21f1
18968ab592c3ba22fffcd186b4b66e26fb65dff6e6359375dcdcf568ee4b1784ace90091d2436310a36b7f012a2911b9515ca56400b75a243aeafc703384b9d94b0d6c42cf8db34c3c8e4f313747457b4f7f83493b57a2298ddb3eb3a8c5bd26b2930843b05019e85f2cc4ca81a4cf7003aabe07fc98e3b4
0ea4022bb139c4121bb017ae4450a725321b2324d930f3f1cb905480f4f6340abab50fa15df18fadd65b7f2e6b11e5e38a9ea2a16358ae36d7abd8b8219d3133637ec0e1b631e295ad81aa355a2bb1a2eeb28178bfa33521fbef01e0d3cb71d370401dbdc3759c3d3502ff2423a009b473d6b027a07be6af
207c07c32c536db13b12032bfb13a908cd1bbe81195ff25dcdc05c83bb6e3aba818925268132c6d25b87b4432130d3a6cc0eb89470f89fcd72677b0d1ff111544cab30d0752f5b6cc9b1e80d012a8077a53e40720fa9b340b07d2c9d0babba6698c3cbcc4ba899fbc41268e18fe0eb1b208495800f6fe1ef
0bd50e080ebe5e62c00ed4498e6e5c09e2d3ef12b6c7900e7c60616d66f5151d828d44a73a234f593f73d634231d8a658f9b2eed02db04edc90ac8513cb6fee0d79f5c62ee2b44a638e7cc325ec2a648f6a9e2883eccd740c66d0b80562738e3ff239c0ee95168084403c0d156abe2722336884baefd49e4
1224315bd855afd38d039d515ef3fe26907fda73cb9382279f85a9e5d0180d05d9c22116aef3f1d6382a98590e0f86f6874e67d330c42bc36fc066e9013f5b2b7ab529b13a7cc5cea54eba34a6907d2f8d66722b6155f55509962cde92bc192e4a210ad3e81a193ba22d6ef81c2c14c7c2de15165b1a324b
026dec2d0f2c81e01f2c87a97c58a2328be4536a60f90390fc696795d83f25f1871d0691a313c696eab624aad6174afddd3b736a937c56c61580ed132f38da9e74a373f39fbf793580438a2f10af20cfc9d5735c42cbd529df84247c41a72baacc22c1f995349159f0104c8a6074e626c0c15f2f694fb7da
1d70365d2ba7e45186672b3bbd72902c92354f99af7a21e3cf13c4a307d82dbd64bdab20cb60d57cedb34e245e10129ffe6a4723232f7f406426920b365505e707aa4ed0125ccbcf37b84a36352ba8fd614e71d9046a9343fe310ed3861e307c95129d7672fb2b9fc5143e829709726c4175f81af8a1087b
18fec607fdc8a1f1d3e4db07244b630c7826c8680acaa026f2bf9797352a3f64ae18556a70a34e912e3c3775a42d26961a8e4db9835ed4cb487bf3531c7e762543ea3f11c6ce22fe75d8b43089fed9695ffee2aeefbb88191cbd24efc06a506a80a3561affed78ac46263dadb142eddcc0908e5b282f148f
2d2ab2c5f005ef22228cb20154d41a0dc8b18e94d33452d77504c0440f9621e1a4debe52e152e7525ecd1bc669141a62c5de4ba6f1aeea5e6e94735124e916b0c083dfe2e4d35468a281403180eddfbbab004363a83b6056208e06cb3804f31c8623a3afdbe6b3f35716e45429f90b4ef2b26c17960ed55c
279d56e4530ab293f5fd7ab2ddec580735e96f912ffdb17f8b17f2addd9628be21245904f5812bfb28d1cd56073f0279b606a3cc23b994bc88ef4c3125b24aab1f967d61e4bfa1d7bdf2df3c81871af1c26cb33c199dcf4f7a81302723528ab1c462738349cda36f8c3b71ce44088d0b626fedcab83e7747
0c0a591392f96e3277d4500d9e35a236ea5cf66a84d24283bb7bfb051ebc3083bb8a8d2cf7b3beb35b6b10dc8338053240164c72b0ec257cf36733482c0827dcfe377e611700b8060367bf08e63a27068395b12669bb8877b93717064b08ffd21b21ceaf773b3415790fb47280519449e3fded156dbe8543
0470f5fcfef1c1111ccac381fe17020f9f357ce7dac5f016741e12e7d398161e9e784ca38630a76b64de1b847a3318245006ae445322c03b147fc2af2462c90138667e33cede40bd49d58b0d822652172bc541dd991d82ada37005599ad337057c805a41fe3261dce421bb6531f6ec68228432198da4eca9
2bfe9414f2763822b2dffcc59dd886087eaa57b6e094b237210518d767af0d62a4d49fed0800772cb8445e5c2507fd0d306aa043510af8a89aade7fa194609c026e7bec3b2cc845f8291c73ef37b499b7cdf92e316e6bad8aed72229df9d05525ba35d3ab058090ea2096119bad911e8703aa426298bfc29
148ef086a687e850a702701cf42f420ed332f7d033b6808b24ed54534d8c3f66e9575aabffb25e424e36d571b81749b4d8164063222056c52fb54a352ede98ac8d41cb82c1e27c675f4e0c35fcf2e230f4a670d7ebe3a2ea46073fb01c6628e87e40a647a07834217d3bb6e31dfedf6e314000eebe63493a
206ab527fa43da923bcbd6f08e96460759c671f9c20e20a6e42735b43061296203f6b9f695822f2d6c5ca5725110d83f59fc306d411937d80482fac727c611569cd535838463a72098042202af201459bfb3131e3d6add5a6b930e7b81f311025aa13faa1862abd65618f86e8e10b3cfd27fdfa5c2aa6cfc
24f0e713c3362af2e0c7eeafa849e211680861d9defcb33d78804e73cc02222fdc273fb47c11afe696dac97f132f3717cd160edb30035e5a05647e0316ba09d9ff3131c25de606bc14942e0e8f90d12dfc88f28a969d9c9370ee2ab8cacfb910f6e0a29686613aa9a23f4692efd802f543183e8b8d6083d7
3b244e1c9e0918c1c48c752745850114db4a89f2c106d3deea1ee607e82d1404634b16975c218aced9d25150763414a12a577785e2e4e44ee59fa732369cf8b8112ff1a1826a7a64bd86f12c7f302867597eb2628cdc80e498233278cc91cb9d2032481b88a346146612b18068e87e1472982ad50fe3a41c
1cd2f60c949040d3316c56424b992630142a534aed7ea1bda82ff5085f402a75ab1ccdcb55d29e23fa467136c20537647c77cef1a2eae830fd78bdb41ac79a7f0a602c43fa5418da064b8a2b66e12f6aab535147d10f5e6750f3077ffd4450f90bb26eb6da5382c38a12403d3167acf222d5b8d5d293a689
3ef2b40fa3760112b063674db6689334cfb0b39c40044333306438255223352c443e02b5ce707d2f560552a42616df2090d5faf07272d56c5b659c1f22c0342cc1ec1f83c801acec288a3213ecf919ed987ac35907952b61229f3447394c0f706a43ad805f2d51641d37be5ce5cccea7e1ae11fe3fa1dfbf
371800059e7aa0e097e876d253b93312a68940f0a28ed2a6127b79e3b518020b0c36966253526006a3af38190938763edfffeafa8323ef604c502f1a29abe514b5d8986133b74ecb27a6a61c5498b19e4599738e99baec02b06f284974fd0b670790b4e51d7fc1627f37dc0fbe7ddc6c5205cb63f2ef7cfe
03aa794de456f04148dfc4edddf1363a0aab6ee9c89f218ec94dc933060c2b8aced14d773170507e7c63137732125b1a332d1981c0f2e231c5485233250d2e0a786d66c33806da74ac5cc71f044b2ac96d1e92e5e8ed60a0323306e87ddd143777b12c81237ca6b29f0c4d0f8fb6d80543a445e68199cc06
1479a811dddb61f3c7f16a24206e2a3111c7dbc23847f086ed4b18f173861ed709077f32be50bdcd1e21d4447034ddb9da03d6af821b5547c962a40b39a18778794b09a248499aea9518653129aefd7c8ff7614dbb7d1b008f7639ccd9fbc76f85632809b4ccfc331a36f32bfa2aeb18804e605ee9a9a079
3bd7277fded4ee31af92561af931150abac67f24251410c52d7ae0018bbb198bafa6e0f72f621c01694052f2753be2c164f6d831907bf04cf0f8cd83079b6fb6e54987d14995da995260f5346a398750d84921bf8f4407df189c14edf12acf1a4253a48a56ca8951d51817599d0df93aa39f3349454a9725
139087872f4766923a43232b0b276a0a908571885eab93a6c3cf9352db6f0b151f7e5c5b64a283ab4c7554e98c15b8721238b890f087b519796851b022c72ae448f20d83aff97cceab6dda1bd14a906e812a30e7cbbd94865fdd21e253eb615bd24208b0df4f28aaab21458ece9c026da208351a265bf2bf
2d00829086fe1951e41099dd90620200bdb3a182fa2631c83a919920ff440a20b9ab4e1f0f81b5d1e16eea5da00c21f958c3a61d31ba1ec0e68829602a0d0d2ce5eabce0295639b24f31be2ce3d5781b0e56704ebd1a608b240e0c138fe5d2f47503b856e042d0f977017447f188ef10818689dc9a4b5be2
3736d367ba0e6682b3bdff5a36bab42f7916c682a93f332092b6353d37893d4441e78152fb2215043a9be365561dc53c24aefaa1411327b612d8dadf1044bf2773243060e9e8f608f85e0b04ed45b9439930d0102324358d91ba1e9ba42b772fde62b9d8065511e8471be63b25723c2e8122af7e6b12e41c
219147be0f0d8dd1898d34bc6e377e02fac98d8b63ad63a2166345aed9b82a7b0ef9e53faaf0d044a35234b65126b1b2868acc0a32126c98f5b9b7e43687f68429896f53e5073d0dd1b9a403ba6b0effa456b0ac2582946282ed2acf1270653f80d113da370fb23b7239146495258fa84075c3870210cfa1
35b626cf52820e005842c222b38f8a3d8ab85f8f3be3c38e9fea5720ecaf3e401483658c515316170bcc059ece0e58b23a392f49d1124e8502b070232c0a1812a07a71d3759675b4ac061d2e33bb447c7ae9a22a272040bbcb67183007a186e73842a49bde11e901683c40b222554413b0ab8d00d9131081
241ff5dc187a856365da445cdf177802e4d3324a33d1e03cd925a35f64bd078d55c3c22fe5a058521485d8717e273a2ba3389f834113f8f81f3b522c06f8f18f085a70b2a1f3e9187ee5f830b2298c87d82913b60885e31c27b92b9541534013a513ac0e802658da151b0dc1929e164310224b499b8cdcb1
28762bfedf63ef01b66d2e3199e578386de0633f95d2310896f461c6c95c1ce7f21709d26c300a19ac19aa940d19fd1570b7057ba12d71b0c9dc06c602c911cce19a047340c67fee28bc8c1b197c9546820bd367db9489dab3681c772abe50b03380fed5ee389ef7942917a28bfa631e0233c54f6dfa2524
1bb09282f6c27b3150f75e52c1d061190f8167735126300a1501ab769be50041f84ad8a03381994fa685cc5636006fe8a732dbe4011e446954762ee32935735eaf01adb2492a53520575e125ce524b8221a4808f522357e807e30f252abe1608c5927096c966af20421497fca1165e9dc038b6bf05915a63
12e178bcb4607851130bb53cac3d3c150a94659da1dd135e6002d0f01d8e0cd680fa9b99dc50ba4e6968ae290911bade93e6536ed2878d12d4d52f3f1d8e8738ee9cec43469884ee8e9beb339d2f616834f6d1278b1be2deeda31f330eda80a60560837470aeac2eea264246f76d863cc209bcfdbc241ace
27b69b388e0ae8a3092e7997b12a6a11ca35badee732534b1ab23a7cf0261ebbe8b310e8e19229d1a9055a88b61ce9ac314f1c1d00389c8eefd3d32b23741a2b53cd42e1e4ca6fc2f1273026c8779cc374508233e8a55f7ceba3215d69d688ab6342371bfe696468652fabefb0a6a6ca031ea938e11b199a
094880544aa858136b77fabb137a803fa9c08da7a52ce00563f72543ad333928756c53a462306d78a93a83b9de0978e41ccf42acd36871be32c9d53438f3a3137177710070c5cec8a688f13854638239872bf07ab9c7dc258d420bffa1c0271270234005e3fd4cd8ff1af88101766daeb25077efe8572516
1883dacc51e453f140dd2509021f9b1b2d25d89e214e30d3ef80fedc50ef34b367814867f2a273c4a82e169df01a7c03b5bf0f8f32c38d88a5adb71f21b1030ddf007f2056655d9b212f79040a8265d3359990347b68719c61da171109ca8c6be8905de6b3b35f91373aadb4fd1aa91df15fc7011c9aa40c
19a89b1cc09764a0f6380596f9c0290c406d2490d072c117ee99a9ac0f580f4d657882bb3c234d09cc3c96146d38f4d146d3039140b238c29d64985a2373256ba976950259da9c106b0ffb38f7b3eae3b28e00ca0e2e6ce8b93e262df661e14035428057515a8c99391a1a86bba97cadc30c8117162d7db5
3731ff7bca8757b1c69539e43ddb2b33fdd8e176b4e2014056f6d7052dcf174551ee6f403c810a6fd80dace3f407ec72062fea64809470a7d2bdf7b1116324680118e3838e1e17a805974d0414057e9f1469631e7c2605e400a51dbfebb42febab43aa0f58c6632e482c9ae51ee0b962b001d1e4ea68c23b
375a63cac50cd43089fcca01bae78033fccd3de3364f032996b3d19d4a1f1308f62b3fd4aee219acfd03d576fd05c0e0a8fbdad31161ed6c100e9b162cc45dbe549685839bb5da897ae93b1647e6afab0eade207214324faedbe030c611440efc630ff6d897072a9d605ee5b628ade3cc21ba092e8959a62
2b4f1a7bfd6955135f7a7569457817131eddda1fd356b04cd52c9b8b92d61a879c7945095f4172166f47068db4327baf69b78b5f30a10cc19aab5abb144aed9995953611c196ceac7c4f8c18afe701a33d56f1288273efd54dc611e4956b6355715001a097c6181f7d3b9507ea0864f600ae1337fd4c4afc
3a668ebb587f0ac0f18778d38265823b04f3db6a98d4606fdea0a9da5ca91f3ac5df018bc370e3c4b0c22ce22003d560b5d2f673013e757ae52b286d193139963f09e8e138d52a471d8fd21e7bef3792994760e8199ae5480e68346198747d31d17010be3f3d2cd8c114c2f3632d28da912be29bdbe3f4fd
37923e456c18e853ba433501e3224c0e648588e6c0fe20d2ed036877dcb70e1d668024c870a176afd6355689dc360089ab7381b2c132ee6407e8132b33fb3e2367680633b2040f6615762d32a8f4484666b6e0b0442278a6fbf7185d84ea41bc1a136d2dade35063de083c324c9643cb1021223dd0dc0a6f
34162f03403801e399d647e4086258257873d58ed376f1d3dfda72f1dcf83002b81d59352e006638537a8e39953b2999e6238e91a1b4b18411daea901bb480b9b76eda812180b0dccc6068089900b0894029c0ce9a1f0beef6d031556f2758bde4c0b522e2adb261a3180fbebac9de72f0b7685f8a0a051c
2ad5b76d7d2e8c21961d3a84dcfad92d418f9c642234b34abcd4cca69ace0469ff4ca3604a1362fa50da66d3e10dd5c16fa3cbc74056bc3034b0ffc90c40bf7259291e00abcaa7729fb46d26feb18e693611f12cbf1d7f2d8f9a3d3167a0222951e140c35047fa7d430531adfc4d4b75715a7b1b0659ae24
302916c72b8b58123f2981e66d09ef034c8a4cf3604923f91fdeebd28fa32b644e1676f948d1d619e1091413b61da98d730ceed571a780d900eac0f52211702d9bc74e11965e11878dc57b37a94660d8b5dd92cd0141016d248c3ea2a6fc0f9dd70050ce042ed14dfd22819884ad1c6503bfbadccbdc7b09
393620a2fc0af0f2213325dd8ae13a01ef3697744ed8525e90a2de0a3af106c9aa8fe988db5342ca1ac71f38a72e5586c92d93e41062aa5435336dad1cba9188465d6691989f877d4f408e370806a70bb050e291e1fe6d264ef03982284079ca56902ff76747c289a7290752e2837b40f12d014a99441af6
2c54d20eff4a54d2aadc6dbb2d071d3ae6b2642129802092a3e6cbb8a0b20ec4b22fd330e613c01bc5cf98cb71058bcf3409c61fc1f103a3eca6fd92035d17174730d3b352690f23b67f583ff330a280b73bc2833e33c7da8688244c1de71cb11d017541c92351d89639cf1fd168ae2ac225b6884cc86c4b
040525a266b86a915c182f251f94621644a81d0a863a937b6d49d46e5abb2912815009d48692d774dd6b31a5de386421a70ef023c0e0aef52d355b7327e858932d8122512d88aa0510056423da87297f637013ce311a1e9b0ac33e6cf3785fce5281ea6eea8bc3fe4a29d10f4d02a5a991222f793493b290
1940c143df6a93838edb4c4217eabc39970ed60968b4d2791a3d7d72ae5c0111c08ac303d6f33fceec58ce1c3d1dd0dc2a224e65010e26b65f3b410528231c6a8aaaaa0083865226f97b3631f5a2d8ddcecea1db7515dee91b011ea42cdc0a540140b158793e3f64d53bb8bdf518ef3c31d5061ff8330a6b
23d276b7888124f117b617f8b8ae6c38b2cd7bc788a61251f9adc6ab93ef0cf60aaec70dfa907b2eca6fd2875136e441076a6ec401d3beeb416c907c22c6db9c2eaffd0331b6648cfc25071c9d6c36ec2986b0cb6e9ff97677e437b4e53bb8fd8da0caed02ba071d8b2534377aa9118c5359711e9cf498f9
000000000000000000000000000000000000000000000000000000000000000000000000000000000000000000000000000000000000000000000000000000000000000000000000000000000000000000000000000000000000000000000000000000000000000000000000000000000000000000000000
3d3d2d2bb9636ae1900a35db15cb8715f9d8266b7c9341eca95026548e9120c8b8a6dac0ad50f50a5125c3a05c2328fbb4c65ca8609910efaf56b87303ea30cb5f708b716dc46d39b6a1a21fe633f172805ef1f7eeae0714c78f3493ed8810b41063d8fba732c7e1d906036ff5204792e364bc955d9bdab6
0d7565513c57f7a3b916a3a8779efd043f0eb2fcccde43e30043e71016b33b58ef2e2ef3f130aab6ab721b860a0605c7338f6f3dc23eb042106718c008761d1114aa1c802b30cd30714eab038ac54757a02a625fbf287c5143bc2b7b9dae8b7bcbe1264374fcb7dc2d3187da6420ac09516f4aa0fe4e3602
03ed4e7c15043763042994304ee4ac193a21b8181ca430265b82d3f9e460330271081282b801908558e2de16f22f9b31fd37f441701994a11e131df41d3c943a0946b6b2fa4b4348c235232e2f735b84ee1080049736c0b894162c0b09526e6c48b2b99bfa5865ef5e170520061e30f970d8c780e8dc62c4
3affac6c4e12cd92fa9916ef6b611a293b4acf054fb452a9eeb9a9bf8062152bbc31b5704c9142a560a83649503abc1834a2efb041bc29f4ef7322130e4bf7899d7cd0738ad3055f1c63dd0a920fdf488ca000b950261e319e9a245a18fb2fea85a0ea9d06d83396ea30a623407b716d938abccdbfe068a4
23c60a239ed8e0b19eeed58829465c0aa88970b8cf4dc2141b33c11e91260eb83c9c1a8e82b0ad873118829e7d32bda1dbee9acec2726dcf9ff91d012a4990235faef5e37977125b3aa549026645e8e232e3937007270a4b1fca37cb4b5e78217d716536559db4ccf5358c2f7c1bcce090b5495001a5ee56
0bdf9079de99c6e1cf4f8700a159dd3b2f74be83cae523d1a85f7087d8c53dfd63746dd5dd93ed71508843da0914a3a245d29de503df7465ca15c44d08372ec35f8dbbd14daf84ef00e64e0bc9d43adb7913938a5736385d9f9b1cca2ff8441f6ba20c03a300b4dd0230275cfdc81b70d16aa84e7fa690a7
36262181cd75a4e0df1482395ae5a716f7c1aaf07872d258f2acf297abbe29d67c0c82a52c62f1b913114d43fb36fe21de7a4653e0df8c4c1bb3a9bd1589d06d462bd3e2495bb55a789284229db04445db6f90f00f69aac0ab5d28f033b2338ce4e05f8e684148e68b1a3bf31398e6e8d126ef9607890a9f
001bf9606bc062f0517057612fea0f21735811033185a2a26260b2ad94b733259801458ee9c2f9bc403286222a2bde512694cdcae3bb7ddd2f31a060342e79a2c5176220fcc50195983d4736a2ae7941c872c207f4e9cd7d4f6a2a4f85dbe4a1abe1c660722805d7a8293541dd150da213b71ed2414139c6
2526d8d2a21bbd50ea3fdcbead7ea41762dff297bab1d17fa5cd98472c45052010694fb551e120e7932ddbd3a206bb0be3b516870072e406ecb4d5843cc4e67eab91ebb0f815896af024d21a82cafdb112dbe029f9287eca440c03cac280296922308a339e11e16b1e27abdca00bf25121cac3728e0874fd
37c7e5be76a37ce164d0ec21c2f6ec291ac4e8944c079159ab126dbe5e90337d595019149273d13cb96d8d41d502c892cad130d000374e706be19c6312e550abfacdc9d30dc23e7c557f792f3e09d4e3883ba3b70f5e18b9fddc0ab99b83925a59c27575d53816a0be2c95cfb7bc1178b1f64ae73cdc330b
27053dbe8f5e46f0e7be110933c3ca2ad7c422bcc952330edc78d4dfedf1191ba101d3c68b5098b4caa787ace52f45309311a50371574e792328e547260aebdb61acbc02ad00857ff4b36303a8dff6e4000cb0aa833be836d4a611a09e6ff383d8f26bf1b6138b52d320f88143acc1cc209feeea41324d8a
124f60d5d2bd7ac144f4f42c065e21231ef3590fed77805640e6568a6114349c506bc65a3911e35ba74369bbc826419e89d1fa9ec1c095be76d0195f3de70b7386cfce90e59171d977ce710935e8bb9ec99692aecad01cbfd34412066ed9c669c212a8ae03c1c33cd2338fc889a4411323eb5e55edde6610
26fb9098e371aa81139eb7004400cc236f87620452189177f12f6f3c55bc1342d3919b8c420138f42d71fab1871db04e16a89c95b088dd1527c529801a98cc437841384127174470557b00222c5d3e7d34de60c337f08144120737d1a3c9d1cae2e0ebbb61e4e885aa34528d609d4c81933f28f1e86262c9
1c33258bef7180821c1ef67d277a78045a1dbfa90980f093309c3335d646029455006d704ab1311d250435c72e1bb8cbc16fcc6ea3d82496f45be97c013370756c3f4fd3b9fe5e082ff24a2662c50b2024ff9058462222dcc6231b20f343f59e97101378d5b415ebe01955971fa8f69891dad0f03982085f
