0000000000005383c00000039bfff2000000001ce00493bc00000041ffff0000000010801442f0000001cdfff9300000002d600051ef0000000000000000000000002981e0000003ddfff1200000001ce00193de0000000000000000000018c009a378000000c5fffd38000000359fff30f7800000000000
000000000000000000000000000000000000000000000000000000000000000000000000000000000000000000000000000000000000000000000000000000000000000000000000000000000000000000000000000000000000000000000000000000000000000000000000000000000000000000000000
0e998acee6a479629acc35d5cd385e0329ecece36ed693916cfed29efd23036d2a108795fac2e2cfe5c10497d22d45e18bb541d4d3ea30db3758cda90000000000000001ac62cb3d099f992694ec61ed8949e29170f4de4a13e4074addaea8d2da60f43f2336b3d5f21a021fea5afd264234928168eddefb
31667531153b863130f4affe724fd71e615783412c2713c2ab0c2ca169c60e63d310f0247d6019e852b5bb4cd9385aa2a96d3d6253122cb0758b4c9400000000000000023654db31a5cb031e62ed1d676b3562b675825739e73f033bdf6db7ec10503f084086e5ec5309ea97d3346e98616b94ac3f372aea
1a249fa385bbcfd1d6d180c50735002771f922b217bb305fadba9b7cdc260000000000000000be8fe07d96e95a0391f9cc25cee4f0a6ce1ef553fe5b2d124fd1c0cde7b0394cfe1d9a1bb6029597179e7c2d72a74ae8c24097a2296c84f0e6a34c7027a8e0e2b908b9204d8787980b0152dc2f75829cb97e
08a84abea8db3d816edcb40b31a1ae34e894520281b8a0b6911aefd95fdb0000000000000003d794c7ad7b01a40803bce08e4d124005c941dfc3bc953d49b77330e86e812fe895b7f19297389b3e43a85e4f808fc53819693df71e6575473cd8c633474a64ca0eed653cc35ce7f4da4bf1c323a65d918354
3757b5415304c3137a0b3b72ea46001dd4d13aea9e13f3b8ec98374d14370000000000000001c4e5064cde035f00aae1d4f88d31507c1b5917808e823dbe51bc7e2e6f41c203b793f5a618070241a211e3c02272b01f5acf5ef00734f497ec5228a2c88aa67143a6500307c0d5e0a02820d62ac13b00e961
25db605c762430c39a811d0e89dc7e1fce31df43e9071135bcd25c1562a500000000000000025f4da5af7bb2f825f4cdd448f24370fe2502b8c652a02233ce32b8b9f833bf2de72c008d8830bb418aec73d33057c6e6848158991adc8f9270f32f63ee6ba4485a36af0fe13e918023ff6221f2809b976ea8
33877ab78da125b008bfcea7c212ac04fe9547f2e346a179aa768209615826186ac1875992e25e957756d2bbdc096d0990048be95311b1d309a498292775d14e447d2ca2ed44a2c482a6872201d70777b27cc1dc4ba0d373f7eb0000000000000002a1364dc5d7ff233129dd458a5759f252dd0ec4d11359
182f46015ea73ad22d471201eb8a6d35985dbd5647017395d2ea8bbcddd00d144c31d4069e91f9e02eb38d825230a483cb82333853b9cfee2ce8e7f400f7ce368cbd42c3dfe0cebbf1d79f3a3c1b2709a4d1238a93dd056546150000000000000003b0630222ada7f421d6c2e3b7949252ec1de394458a75
32d458ba57a1a0f36b974b8a4913633b4c52ed6fcae173653db6bd35867e39b4ab087cc17df306fa0a99bc9ccd0376c5ec55a842d292292cdf918a290695d3a2d21f2f5297d6d9a4e4883d2dc9461dea1086317d64928763d8be0000000000000001e16cd52b8bf7bd28fa92cb3b44f1d2c5b7866fff7341
3bdb11c84e67e43352bfc76d0d25fe06442d950a734fb11675b33d40a90a0aaab9f7004bda627ff312f2c6cdf61305f9047d642473c3392392e6f4112f8e9f6c4d281813f52fc45ed1f4e111aa628216574922fc9aed47c68c160000000000000002d824e42b1bcab62f5c3ba7948a72e145c1176207428e
0424ee37ad781b60b132cf1bbb824d298cd13e50eaa8e3e0fa99c2b25c531ef6c4721291f91162fb6a64bfcba717d2012490fe05a2394f06e220300a084a2a99bd148481c3b2cadc5e381d22eae39fe9bd8690a246a0343e47bb000000000000000256b0f4bfb2c0ae02cda62e3c500b70a2bf3851369c8d
0d2ba745a43e5ea16eae0f94089f2623b900b8906474d063d11835cccd851617a923f8296f5316a201e6f2a9fd1d3b38912bd96d200bb4907a5189c70ea5f1a0997a7051cfa2225df86f3729f064b76e97d760c8f5bd2f4d0a020000000000000001e25bce26ed27e331ddaa1e5ac689b14e27fffe1689e4
27d0b9fe9d38c4c0279274f892728e0117d9b38132cf403a584913b805973f8418e4b5815eb3903c870ec99aa6230810fc3e059892f6bc617b7964af2c17a300ad439d70577a1c03059029027b99654360fef2f4410d406112ca0000000000000003e757394cb7f064220eaf6527ac6ab05c1303b49e8b7e
0c7885486e3ed9e1976aa5a2fa279506296962725654221f8ee5a56ee2ff2e372744195cc3e1103e6c99b0459d064ea7f2945b2801ebbba9183018c132db09f8540bd8c22df2ddfdb93209312f9b9f4647d840ae1678f7ac1dbc00000000000000031a44c055ae7ee53930457c8fe960b1111015d6cbbace
07bc000000000000007bc000000000007bc000000000000007bc0000000001ef000000000000001ef000000000001ef000000000000001ef0000000003de000000000000003de000000000003de000000000000003de0000000000f7800000000000000f7800000000000f7800000000000000f780000000
000000000000000000000000000000000000000000000000000000000000000000000000000000000000000000000000000000000000000000000000000000000000000000000000000000000000000000000000000000000000000000000000000000000000000000000000000000000000000000000000
359ed602f2d054c16160e629bed740275c13a7914ed2b1be76064544fa671c389a5ab8a8a4d162737595a9d44204f49171089090932261516bb16aff1eed91fee8a9c4239bb02950480db41a58d68ad2e69c92c15f4fb758e6b12ecb9544edae67f0abdd4c53627adb293e1c6ed5181880ddb87c525537aa
32fedcf94e74dce31d5de8a34a4a1d12c5d9885dfdfad15e82bfb3d3df3335f10922171b3573b9c3b8d76b166a385d594ceee87dc314ea3e4393e07b2fd5f925a8c9a5e0fd2e0ba1b2d2801402b9e497c2a650d0771adfd2c501149d65ac4d241ae15e27a5f4607deb17c70bc0db40e83183a94e6846aebf
269f63f769870ee0a2d3c0904d9b3021d25a1eb89283802bef95135bf65b02e5c117e8cd8c3260e08ab2385d9a1d324c7a64651b719963e5da17c52a1351b1fbb4c38770919ccf39f8026128235d5775bf9b619e0617c410dea91c3d8cb1cf4a6bb2133429ada6bc4b064196cf4c64d633748486e4360c1b
25994a6cfe0c77237f879ae5503b6c3d29d842761843f1dc5a9b79c9e9ee3214931f6f54ab62d55926aeddf0e2327a6eeaafdc38c15686d2b4e245203519ee2a1d0d3842ce472b69d9d184216b25aecdbc9b43e7ac72385ec631223d2159387fed73b29bc3300a454403b2f91a45be78f33fc717263e4d23
1f66b480b44d7a80d018b279c3b3e70ee16f5361b00953bcbdb0620b4a9a0b95e40bd9391b60cbb70803afbf432b19ed2d48162653f36be23720f77a32a17e4bbe491a331433d0b7bb022e0739d7995cda95525b76b6a69978411a74c614870cff339a340aabe1e7ac1c9b9eb325d2bb21e0fa53b065f3f1
311264975eaaf85250a5f43383530718a78d8d88d92c41dc94233266a60a02ac5a8b9e9db4314b63d1dbada06129079f1ef18ac64013ab60a12fcac5316d2f0a26cbe45270bf9b7cd8b53214dbe87b57082ae0a412b5fba69450398cc317f6b67ca34ba862470d0e752532902d5988f3a2dedc9136fc2a05
3a59fa1187a8a0204aaff7402c87e619b8ef0e700dbc21855e86557065470fd2ff2da8026e72ef6da16a583a762fa53692f35dd4e260a0ee4e05bbca36c50b1613be74e29a1912bb324cb009f2ddfe28545ed3dfaa23b41f41f734e0a02c17aa1f83fc895ec97073231d678ed620d545d04d61ad22ec3e3d
34f1e9c634b2f1f2a57f7f895f82721774e7b43f92f4a266ad314db5c3e63e27bd88b76044c11a3bd491890fcf23d22e78ff93faa1a53cf46cd3bf081327640a5a8d46503da5db9376e89a37742845267121f11be8f2587d365216e76d858ae6c87219ea3fd06be12b25c0ec472793ab3176fda276218b95
254bdf0a05f1fb720a429554b562ef1265fdc63e667cd03b5de34e54cfc80891aaf5aa287f025b854edf2c120934dd1603702029b28a65d94b4ee3db21a6e13519b679b3033417800204eb2821bf8be30bc7d0988aa0a1e47ecf0ea4628a69bbfff3f64293734e0b831acbcd80652eb7e2279290f0a8437f
23ab52aef08d59530f0e5fea68523b2a39f42e2240bbc23ff35f0704ea642da84648c9c784611a36069f35bbed3c4fcae3dd80ac51bc7ea2fb1576d513341eff75222e118d12eac0d595dd23ce91e13e967a623031d046ca261d3eb5310dddd7993100b04a0bbc34cc31725a8442029680c071ea57d7e83b
19c7a038724d4b00e2d4eeef4cbc5720e458e1137b0413287164239b1cfb24858d6e340ede20233fd1b0fceb141f8902b5afc611613324af3bc1534224859e9aa0c7cb0300c24e4f3b07ab2e22ea0169db6bb0770c85cad6d3fd034dea48d79351c0e3f1bc8ee9d8512e261a3eba08ec20a3646fd9e33f7c
0d8608b0e63e75a37d6bc36f8b56321e0341d286e8cec2a33e0f99becb1d1ec13128f242adf0ddfafe562248182862971938014570b373ac7bd3e0a438eca5a91410ce2245fbd43012c6da237684335db2cdd35f8e894db75d5c3dae5e6241c85571d77a0b345a860c04935637cdb46282295d03a3a89d62
22dd59af3ed29c8372915a4bbc78400b953de853c738d1726ef7eb0e9d9b0c49a7a86147c142d8b920e80efb073e63124df03f4c0369d8a907a86a1d0d3f4ddf8865d471a573ec8b43b561217752bd3e8a35d2e50bc4b8530fae0b3526b7ad6abbe0d9c34ae2ba6ef43321829ddf0d5be242a0cd59534336
0e387bb26a4527b2ba63614f5dfd3629d224feaeb2ed93ef0d207140bcff1fe17d5322d850c2d6ea1bb059277e3f588981084cbf0026fd07b7699eed074995751b31eeb0adf8d3e030dcf4369d3ebec29734c026f651d0f030c422a78a6c7df5bd205dc0712a6338ca14cd903efa5b0ca343508adcc9ae70
000007bc000000000000007bc000000000007bc000000000000007bc0000000001ef000000000000001ef000000000001ef000000000000001ef0000000003de000000000000003de000000000003de000000000000003de0000000000f7800000000000000f7800000000000f7800000000000000f78000
000000000000000000000000000000000000000000000000000000000000000000000000000000000000000000000000000000000000000000000000000000000000000000000000000000000000000000000000000000000000000000000000000000000000000000000000000000000000000000000000
373caaf671ecea73af9fc7fda7361f2719baf45c6d3fe3b6ab2cf600a00e37e79e1976b790a28d3a2bb528055f01af46e0a8ca7123a8c77d0e01b2793d582c4c0fbefa5219d114edce0b4c33c19a17c4c2b49225ca101bef3c823df4d0e26b95406200f7bf9ec30d211a33776fa4d82f433bed5d4c751cc0
0152ca6129e733b07d3dd45954a85c19a4189f9a02d061c450d890cf9ea12423b0b6e69b2502f7451e32c6b16d1b663227e993a800fbd23057b48270267e44d1a87119d2d4da05a2e3afca29c891e0e8b5b221d3f88a5d598e6031cc8a173ee580607844502358d5823962ea25533d50e181bbfc6a6d1498
388f755b9bd41e21bc1cd3fe0c8ea403d1deec984f00017523709788457d3507bc4495bad8e29b2ba567166fd00caebb93bb9cc3222327f96b35edce250b0fb557dd24b10a186ed7b58c6f2d5570b5ba7e673368125e85207fe92a6e0d3193d7634089ac22e3cf778737baac051c1af0715462e5f50de02b
388f75579bd41e22bd7f9e6f9f3db6390325076e7ac2333823fab38f441c319dfdf7893c23f1b5d96eba2f5d54128ff285c3b2bf321da11d3cd984530ff2962ce6a6ba50e3d430fc52c93c2b79d7e5782abbd02ffb3e59ad6754265dc3fe198ffb73880313dc60dae501aea5f4de0172a3e212fca3b66f4a
354b50ae758f6a93f28ad058cdf46c1957862a61125a032f6b8dcdee7397258f9a8cf4a94ed0d83e810587099d1161e8ad93009a43c439bc1b4b06a61beeb664547ca38218710ecbc1d5cf21f0775c0782dfb01864f334e65c6f2d3d60f06d112d32a602d567398846038cefefbc28e121fec6313bf890d5
07708aa4600be1f3641928bebf594616faf04ee5b4ea01c15517fbf48c78180694a6cc9288d34cd03b12be9b0b3c338e28c3d40c42ecd60e6ba486db1154feb81243e780951f4db027387c233e7421e90e5d71005d5fbb8607d70cd3070454bf62f18508dc6b2bec9528ff27538be8032339942b4a9cb2f8
228045a603b530221f97b54fe5b68836f066470d670fc1951a7aa15f8e4209b9b02d0031df20e9d510924f833c3753505ac5dc2af2ef259f5ee147e739d3493af12fca9132bd65e6d97f6e117b360d20e1661107d82055cb4a33287dcb1f5d37c961cc88037683878a151722986fcddf90f8f3b29e42d15a
35da65e9005ef3e00f9c33a04ad34a1e50d5612a10fb31256d11f8b3d497204d4c7e33da74a02dbe2acc1d9e953986866bf44e36829bfe1cc6a7a5243af7f953fef463a38d785233a0dd1e02dc50513db37e10046e4f1b85d7f2370f286bbeb692c3a968356ee9242c195295e9eec052239439893c7d4aa3
0abc361fade47892222f5ca5ce9f8f29c33a399e35f973dbc9ccbfed664a03ef143b8e9f57d0577078454e87c52e1ccadace5f945156f35649d9f5922c288efd3ae3ef0258a5bea38cffaa03ad59555af5e2a213abd577942aea1a3b4b9f2752aeb0e9dbbd6c8ae9202732c29d61d07943ae34072614a16e
1a1a88dee48e0742f6591a645031632c84db31fc9998b1465cb1c6c134460e138296c4ea1cc0536d12eaa76c9b01ee97854fb25d207bcdcb6f3e19520032b6a1e70bf1a1de1f24b89153211f3ac19e7ff63741687e89733e1da21da8e24b7c72e7b36044ab7e91f6083501ddd41b3426e12160a5676e0729
3428acdaab9474d2ce5609332080a63cf516f95e14491240617147f9df1f07577f4b190c6da397372e9a61c5880810f81667a8e6e112d0c025b4fa85126637b1f03eafa14f60e07226af77326b761a19d52f52c9d11eeb2fb7662c43c9beff77da71b23b02b58d523e04bcc02dbce42f72b6427233308180
2eb92a0b7631f360b1f54c37b7f1013382ba8faef92a01ab47496f5dad2d2e97fa36bbd12c43b42be12e3edc0917ea17c0e26750e279234269c1084319328c3b9ad65cd22f742f0dff41e3185ca4d1a1cab790b72a4b81175114276d8710827e3530d2911cf328037937dc050cb8519933aaeb0954ba9ca6
38942ccb61d332e07f3acd32b1a51e2114667f9550e9c30c0e03e06cd29d07a97fee36abb370ff27581791bf9719706139e045a7e32cb2a8bd502883122f3f8937103b61809852c08b6df20d57385f99c80921e0a245f80a360331a51b4d28b1da501a8db53a48d6ea0b4344ba9f5b9a03c634faa66bf139
28658ce8f4a12932b4f00c2155760f1a3fcaaeafd6df120968280adc63e10397646886cc0ef2c252e2aee3900336aade425f69fb90f4f2a8520e081a034efa080a1435b294808779a346eb344d444a4f4ace93ae623a784c7faf0b82993fadfeeb73ec6dbd84e65aee3d12f2604dfabcf3bcecf14adcec88
0000000007bc000000000000007bc000000000007bc00200000001ce07b10000000001ef0000000000018c1eea00000000001ef00380000001ce01e10000000003de000000000001083ddc00000000003de00300000001ce03d10000000000f7800000000001ce0f7100000000000f7803c0000001ce00e9
000000000000000000000000000000000000000000000000000000000000000000000000000000000000000000000000000000000000000000000000000000000000000000000000000000000000000000000000000000000000000000000000000000000000000000000000000000000000000000000000
0eac6c87fab6d182d543cfd42a68312a48ec26e525ae73c233821ba9ce4114491fe0e7e137a033a91f4b9a1fd43ca518a164f507625ee7fd1c0cc7090b7f964658c1b5527e90c6719e66dd2b6f1f7324dca3d366217cceb52d3b26189e9e163b5e1177df894214ac07034440995379a2200aa5dbe21001c1
37d2054fa3cecf52a489202aeb8eba00bb46bdfc719870c93ab6c73c571d179cb99110859503adb575303ddb420aaf0c0ae905f3f2074ec688650e36176dc03e2c1d90d2b12c3e56c51084186c6c5ec5756b53af8aab34214b4612438233602d70f21573aeb8711486128502e64ed4c44274fc1a318ddc4e
24fd1c3b56fe4bc24ab66cbf375b7e127e4a0ddcfc82227a6db7922544b71834b630bb8ad9335237688bd274892ddd146d9fd8f3c3d03ec1a1d93771127e8e1dab7d25e35be8098336f6bd3611fe6d546079d3f2db363b4cc505064aa9aea35aa362b237a6218c18a63a131358b6002e8243735f459b6803
1fac597179e40fe19b37bbc2628fb13d33fa2d3a793bd0ee8b1254a7bb13268ee9e172aa88038b7afbb0c1295802cb84da6fbb6e438d17e4280f623518c0372515936491ebecd39395b8091bbe79b0cae7ba417aade4a00de0e0046de073f0562f60c2e4cbdaf7c1cf3868fdd2c16a2fe29c07cdd850590f
0255f54b508beeb0939df1173ff86c19a65bc8864cd1203a68f45045712d3633c1528c1cb373e7e6de82f908a21ce7852ad301cac2871eb3f8a368a50fd62cb8bcf207f16d8f007a77e44539d1e1127feb6fe11a5fdfda5e23800cd91aef651a3652c5f440332d47bd1dfebfa33e3108b26389ac9c96b094
0daab28ae10ae510a0b55c764e1cd229c9f075eb303d70bf75590e226eb4035d48dc25b091619f9080da60b9c81906cf9556368e811e3debd7797a8c2636d55708e54df16ca21bf48bad491f174f72e648d932b17408f106b402156cd97eb8f6fae3ffadbc5185df422152b838fd69d41080dbe78867a835
14c05d7fb9039412da1de0681ba10b1c3ec90f97e6e3222ee3232801212d077c76464f5779920cef162acd983930ab88acac822853af4239d4a459c63f2a062cb2b2d5c1fdb6cd42793ecb05982e84c9968f03fd206ea7d56bfd1f25578232deb81170bddcfb05959c377e2ae8d9d3ed21044154bdf6f47a
32fb45e06e3428c365c79b6fa52acd1a1aef86649b3ee08748be6b61433b16fbb970fdfa3ad0b7cf3442318be02dc8f161807da1b3e1471cba9545d12be535d35acb7920f16ee8764192111f753fb4fc20a321d4562b17bdd6d937e65f033e712471ba5f87fb3847d601aa3a3729bdd6d27b80e818a7767c
015611c1bcca6602a80f82f38f909e066501cf6be5ff80986a0de9c9028f1c3c8ffed8a6aac332a3324beb7acd07026a2c572b70939469d98c3abe311b750f5f4d30f1b29e66bcdabedcf91e7cede1e07ffb51ae95da5d1cb63e1cd89a7f4fb707e395713d3e57f775306e352d5f5b4bd279bd21eaee7d3c
2604b007ab90ab53431725c7db9df61d4ff2caa74e0b3341e4087a7b956a3100e0cef5d78e21cbc2b28028c1a4252426204d1605a2d7aca6546f0e282a9070fe0ad759a3184b2ba8416051377ccd850bea2f42ee20177ca116971f745b2784c47a00cef878f5c487c13fa2fea05bcf75d35d268d316874d3
1721352be4babbe1f6eaf15afcc0ed207e6c101d0381320a54f66d992f4e0de13b785a956e413093ac4fc91eaa18aa18455ee006c09b89299e8b4ef333db1f2bd822c1f125441ea8ec56ce0cb4edae910b6cb2d2c9ae0f41c13d0fac4d46fbaf7ac35bda66fdd186632e6923b04edc1f0294d516c6e84172
176ddaf24d6771b2d6c4a4158a3eaa340770ceeecd21d2a60f42dc5630dc09f217b4716116a135893d39c488771ee8c36b393084f1b73c0ae56268570d56700583a2a800821b152eab385f2f8b1f09cc8b45a3ca899e022a61ee3d391107fbe2d1c1fe9f91352214f70357c6004af56f016e82b2c5131910
3e319977105b14437edc50ca931aff398287ec1bb7ab50e1f838fb9e819b3d1d9a7fe61e0fb16109cecaebb0640922d2a2382d6b60472214b4e0d3b51373878c42d322c34104ede8816137192b39d92c51e2a2359312bed639da3b239874c539c022adea6b7c535b5e2b31f4e1c7fdf7215dbb0bfff3cd51
13db1e852f2b5ec16b3f35441971ee25e773794195da5345d244631705ec2d1dc93564107bb3a590fc9a8a1f24094393a5ba01a5f31eb99bc1539bda2a0d25de0afeff1059f14cc149da803eae137f9177aa50bd34a8c5a04d34172834c60fc92941ba35c362bef6b60adc1b267ce5784363b6e80b6187dc
3e0000001ce006903fe0000041ffff3fe000000000000043fe00000000003f8000000c6000d10ff800000000000ff80000107fffc010ff80000000003f0000001ce002921ff000000000001ff0000020ffff8021ff00000000003fc00000041ffff087fc000000000007fc0000083fffe0087fc000000000
000000000000000000000000000000000000000000000000000000000000000000000000000000000000000000000000000000000000000000000000000000000000000000000000000000000000000000000000000000000000000000000000000000000000000000000000000000000000000000000000
3d3abe29afb86ab0bab299e508fb642d1e6b0986a5b8a244374980712d82357e496af4497513a28e980ce36bb529895d0f37768f23500ae7922d8a9a3b62254dc5601d233129ce9a2cc23113acb589cdc35b63c6b747855276f734bc5a91254536a3e385e06e2474160c72fef00a044171f4e5b6bf2b2e11
02c541d64c279560399bb26193c6da3c8b67f692e7e922bfee98e8a5d82b276a2f0c5b370eb20ff15185638764276b18b2ccbee7f32b648f0c2e7b122d0e95bb5a6b25c04b91fd9778553f0692502d21dbdf5056d9d618c586071c13a793d672a630f269f3064767d41cdd6570295069e136076736653d3f
27b4ae1b1da793d212d6224e2661680051c277a3068f61f48e1b47301c182218faaf587ec8b0831e34ef940cde077ac785c3890f42b79928bd10aca70bdecc99d663be8262569d3a2718df26db117cd286bea2d41a2a2873ecf025ba0c967b75b500669d2967c83832176a1965346f4bf0ea1be131e4807c
2ec49fceba931bc23987b0786cbd1f0a4963984b73559328cbe209b02e9d27ce4a0261ffe6624bc92c5f505172331d4bdbfd9d376176b28b10f246b41122d9ba392de7d0ad86cdd49f88e90ba76d193be47de0c186aa483a51e72af612bbae48e1704d22b26ae9a239287de0128941ebd058138fc1ca7ff4
18e38d474ebdf023be7d67c301b0271a5c670717ba120349c183ddc0e28b290d0dc0de6cb4f03d841ebf282e1109c3aed92d1075a1f798ee70a994d021a147338a12119394b873b59efa21080ec0c51b05c8f209a006bf0022a112078d6f2a200a0219541a5604a08127b41a4864643e70e168d0c3bd4804
2b3b6031390ce473b87613213366770cd597c95d7d5ed31097fa0cd3d58a19dff387e3ce0c902a8e4becf5b3a72f9bfc01ae663801ebd7cd28ee6bba39695612b43bdcf050b07a7dc34b2a0f78fdc19384a4b2d351cdb6d5b4ba1af52c9fd20eb700f36dca4da649ab1acbfdc915f41e3096ab9df1f7b6d2
09a5c86634ffa0f31bf87709c2f7783e76df984bb3ff90aaa178f5654c9735e1330164c40232bbd8859dd8c18312e322e90009056273d1d72515bae804ed5ea572e302c3fe12028d846f1a345c24eda74c5381d0d2083190dad4116ef6ed53411cd2ba8bc8fc7a0e820d6afdd11b123c0353110f1ed3770e
21fa7456885241b052530a8bbefd240f64af5e88907093a4dd8b86432e4e1d5b98e139c06f6384d4d30d791c3d1abb1ac39cd2e552f9978b0625e07a030270f156913c328f7d6872f82da51fa4841b3f18980282ce82bc4be0bc2ea7e41ed292f8527e96d85b6fb8fd2522b7a24ca590e36d49f50e0badc9
2df4320db5d1edb37d38fdbebb11a1339fa0824c8106e25a26be474a75e236bf6b7a809e713111f040acd4b9f30212e2b2813077909e3e2cab4aadfc3ec41e39fed56e0333ce31855e65d41d4ecee0a22e3d632667e94d53b50d342c5680eba26c20578e8a2c52010c09921c17fc944d20ada2c3befa4eed
1391f357d23561414fd739ac50f40a2b761e5fe258fef1a70f4c8086d2892da08f5c709f80f3e27ba1a4be63c625924fcd1fc338110e141b0c38492123ac213d94ef1d73e8a18b1a0975e51859ae2c538528100de4b93b48fc1e267b7a9ecbcb7010a69a4d8d70e6ff23a273eb3ad1a890303e769f829e4d
03f4320db5d1edb027d5bc99222f42146973bd33acc673d4d950bceb90f13b18de55b0a06a2118083ed42182d7333f37c37dc214929f9604160ba85507ac95bd39a60ff0aff14e1095edbe24d52576928ddfa2afc7af0358f8c326664d756157dd91805597583789582b1c82bc31b05e730ff99030e4494d
3535262f4756dfb1ebf74b15afeebe1c68555a5d28abf2ebd0f12d89c67e0e3f39cb1fbfc6d3c47c75f95580861f4f65683e0a16e25e2fd03bbde4bf08734da8fc734f719000ccdbe4945524beddcdad98af92a40be0801552ab0cf5192b0b7dd8e1d54bcdeba01c2a02d057b0956f0eb1da351244ebafe6
33a5c86634ffa0f068b291cf5d193631e61fab00bd1f223e753ab6862bb83962646fa20eedd2e37783ce60fb030b9085c6d7409740bf460ca80eba770742f14125f79f605d17ecd1d0eb7f2889c4a806aad0a34cc024c41e972418bd7efa628eae716ca5bb21f5b5221a7d5bd78740e982735c0b7a355331
0057417f1330c342ea63012419ecc23f07adb8777566d38fe64f1c0756720362f9722de1914394c41e4e12a3f40239719317a1507364696aff35f79e3ecb08bb5be96dc19c1c5cfddc21ef14082bbb987994319e4890d357c89d16296e830f508e73ec20b56a61a1ae1b522c8cb59ea002576972749e3f89
0043fe000000000000043fe000000000043fe000000000000043fe0000000010ff800000000000010ff800000000010ff800000000000010ff8000000021ff000000000000021ff000000000021ff000000000000021ff00000000087fc000000000000087fc000000000087fc000000000000087fc00000
000000000000000000000000000000000000000000000000000000000000000000000000000000000000000000000000000000000000000000000000000000000000000000000000000000000000000000000000000000000000000000000000000000000000000000000000000000000000000000000000
29653094fbd9d7e27f4f4f8cc1e095254c51f629cea8a0cd20c4fcd016830991e3b2d204dbb0834ec6452ca916211d85b7455927c1fc6ecf5729484b0830893700038b23663227eb1fa7fa3912d394b6e7fcc1609f50580d828d0fc89a355c8338d1b5aa1159ba13c330eb60f1c56cf403539123c19feb65
2f9eed91fbd8e9d31af4cd240a0f9c2c15f4fb758e6b1237ab85299f73d52293e1c6eb418191863dd4f8bc739833f8ffbc7da3c2903fe1d52d952e0b279e197a4f709213df405099d57fa237d0e3e131a15cf1760053e9bc725f03342f9031290621a639c054115a043bdfcf720ab03ff231440c73915913
365eebd398128e432cbf4c33cac2ac26f35f5dd966cd235ecdf4f1b6dffa2f860e17aeaac5225cc62a1ac9f0d6253c39583a7aef82b4bf7299c6f994299c9e693501a6d2ebaa9edc0796be0975dbc5d42d0f51c00c5510c2909b006bd2d408a5c15151553305a5901b3bfb6dee41e290e3fcc6fb8f697228
351bd83d49b21b42f272f5f8fcd2240efb0937935bd830559d86ab0a9aae24f9147ec2761d12e256581b7bdd4a3e7d1ae045bb6933b6d995090284572fc21129120a7a623ffc89975417b5338fe3e549fa2f211373b9e523d0b1396b04166c5ddb024dc738c3e6442c3c1ba4fcd9c98ff3d6f0d57d319c38
392f69401b6b7f11f20c3acfbb0da52ab722223b4f1393b813b1d8383623358fde9caf6b5e42952bfd1e008dbb1edab9d6a4a98a02c6e5fbe9a891703afaacb5b8a8e1a3844a7be52dcf9f1de25b22a02e4f6289eaf6de03fda21bbbecd8c92aab52ec0dd626b857a63505479235d96800d5ccee9714f739
36211b16f96afe50cb0d97fcf78caa3e37f1bc494a71139b17d81118126113e0507ccd98abe315e1a1b327f9d307c2de368045c1b3448dac99738dd10a0cfdf09ec3da72630e5a8bf13a4c3bb613d17d7bfa0204313fa801b5f9332fda77e64ee4c05e4378023e1be5338606d2e09139f379ca229f672a36
31e4c24d2d6468f3dddce40749294e0ffe01891f5fd131325b555e734bad10088a1ecbf60ae306094427487e6224156d1cdac39d42eb9d8c2df8ab1b0c0afb12a093d7a1bc6401ede0cdc8314dcba3d7e4d1c36b4e2f2dbf63c804732e9108c93f203a05457433460208eff295019b6cf1dc34aceed22f91
289eae826386acf2a13974633f0a07304f0cae98f44c83f807648b89c95228aafb8c5665a71001563c17dd62eb2e59ec57eed569f356067ad9c419443888dbe7d40cec60d1965dbc1a6e9d360f9489e7db72e2916f2871389a0c06f60a03242189e207fabceb5f423218fd006bdbaef5236465fc80d1a7d9
2f697250e4d6f593da14325899db87076c616de17449a2d56a6a4d6a48520fde2e665c4431812cc6b07c65074a3c209babbec13033bfd169cb5faca930b2278bfd12778010e554fa135d3e3150b076432138d0bd01f0eafc83ad11c6358fab617b927358ea2995a12a05d10eee25a0a1a30107fe0c48b561
1094fadea80aa820d0f4b44492d50d37773480a1bf38b2a533894230570c150e5a288b72c7402c4627c67371d01ab35cb93387a2630b30eefe9ec4c53f82e4264a2fbf536566210bdb525115868dafc264be537318a0881b1b84371046c5afef84f2de061d79c281dd12a1d90c5b24b65080d21ca1daa916
187353407f4418309a0783ea3fd3591da70f5598e263f3e7b76c65b0a5511ab848803ab9af416d5ec4669b9a3d2f96d0f378fdc4e03824998f6913dc2fd123c44d7542e168c37599d586020709a745a04c82e2915016b3db298b3b0064a0199623d38f2ba746f6e92a059e1657188684435e818f6e7a792b
3ec279c4afbe961195fef016de99cd17bcf32aeeb8df930ec5471a7519433b9ec04ceac7135120448d208cb5ef2f9f85b59feed94252bcde046f136f24bc36c2d009f570890cef1f5a0dec035733275328fdd18dc79e5ffbb192032b2395f7bb22b3c0143eb52d975e2cff1fba7f6be6c1da351d2bab96e6
1e5ac8a125dc487349063f36826a4620ba4f5bf88381d2ff0c21bd39cfae394f3f26a40979c085c7a845e9fc700c8d5d49f0145fc3a0c7dbb78999203b66cc560440abb23d55faed648f4e358bad53d73c1610e234016ee5f85f0eebed3c169213006fa82219c73cf53e802050619a7500aadb0a1f3093f7
2bc6d0b2eff377939aa9b68920824f13dae9a392fbb9c2287aee4870199c05ffd34dc5ca86b1b33a154d996ee83e6c6a728634a6621c07c1581154951b4da4e909bfdf018b35db83168d7a219963198cf08b1125ca9f5ca5913524b941dd534dfbf3ed9de319bca7133ed7aafa9456ce42812d94de474c20
00000043fe000000000000043fe000000000043fe000000000000043fe0000000010ff800000000000010ff800000000010ff800000000000010ff8000000021ff000000000000021ff000000000021ff000000000000021ff00000000087fc000000000000087fc000000000087fc000000000000087fc0
000000000000000000000000000000000000000000000000000000000000000000000000000000000000000000000000000000000000000000000000000000000000000000000000000000000000000000000000000000000000000000000000000000000000000000000000000000000000000000000000
14c461aa836e99903c28301bfd2d653fac732281b5e9701a24aa698331b021240c30f1200442bcb962e9f82cfe223f285c8d767ad0f02b9c41696627348153e9d693d09296f317755e4cfb29061f32f1770eb102ed1af7e1466200a105978ebdd56240ff84200b5d7a1e72e644463653f17e620951410572
163643fdd308be31ba8c6307d5a0152cade50c6d1aee01fdf6f003ca57d328c50b46eaba86c1bdc08bfd65514438c152bb31327593e4da74bf9a39cd313d3c315cbc0d00a61ae94ed0ba193faa2dfe3ae83191b6061093e2b33b2700d23b57b94893258c1f1e328ef71ce52897cf6a86f348f11ca950a1a5
3ce51e4f145e8d81abd9859dd1965922671a3d7d7698621580705de90f1e3c577b229a0361f1034033776c2c282ec8243cf5815231007ab29937deef03cd8ef9f3e273b28e9463797378d327df1afa56930d50f94fb3bd1bd4333c95d6d3d65e4b2392b0e0c75e6e711b213d2fa6d64231477201ef00c946
02cd518a98019c904dff35dc216dad241143cc655c37722137135e5c59dd1cd016a8c8eebd805d3e2c00a5ba043411bceb3a03f4636f0e21059320ba3bf288edd2d81f33e673c95cec92e502ce9cbb65b7e8304b7d3ac4c1baff19d53ff04eee4971cf451d19ca5bec1fea8c0200c0d0e3c9053c6d56d428
35c7365f4e5c44a1b05d7240f223942d542e8ce25d6693652a97b82966fc0f063f2c7b5d98d1d223807f9706fa160df95c32f69a3281d5de9606ec401b9721706dfc95e2f8d9b14b05f9621da915f8326022b17ec448a2a5a7e0219b6ffa444610d0fdd42175a4eedb141c52b88aaf6a41e15214476ae89a
3d32ae74b9de63828d977141f95bcb3ab256c77b8e6f61dd7c75528a63f836ad0009b14672d00c12771be6d7a6381db232b71598d16f74b35f3c9d821d6b94cd67af20e3d5c246a95faef001eda87431b3454189135dfcca95500a6672213f011851cab139796835f4356f0da842419b12f995be606a7913
11a38e1b3c8fc4c0a534222311529b3f44b001fa62f2512eb2cda4971ef3182b6ff774526651f984f9f69b43740e74dbea91f49ac2ac69146247b5120f5e73f503efc833371e439bc904901346ceb2331e14a18f1c94b1b718b124fc7b8ccf0cb1011807c5faa87f492db3b7100a78e890be4223cb46cdcc
07ba605ef6fd8c70018301f4de6c05301df0edbec245004173bf7e0c61a835094d4b0fc065d0b2a9972dbd08e13b67c98af531dd52a1cfa85a6c46a21a848f8f9f166a20568f4d8020a9fe379947c61378376246972be2d0f55428d7dfed36eae8c0e105242681a11e0fb70fb56e8bc21064e6b077604505
09f0c1aaba729cd38862ac5be7f36d18cdd8e8c7bad9f0654400c35b592017d9597ccca8af7209f0889989e7670bff15d430fbcd61f6ceae236ec60534a3f5929ff88850555ea504ed6c1b28b1cd9d53cccfb1955cda471d6db439b1acdb4d9fc431549981ceb1d3432a3642283a13f2409c339f53a5031b
1b325e1654e1f3a1f3e2868b7c9e74362551d67de5a9c085c7a7caf78174200c98f5dd645002e4958769236b7e0626720921ac22816beabcac9c412130417e42d9af82d0b60a8c7eb866a5165fe823482566439fac15219fa70b3b90acf0743f2861e7fd979073c28b1e8be07ffa2e6b028bfe6edaa5370f
2ba2843372c94b932098bd07a4906c21723319a96eb0006c3643c0242d30043381a844a1cfd23e3e0b5ac2f4c2332b885209747a01efd6a1514074a73556183fb4e35dc16e47b6f738731328e7377e5887f380967be3094685553201df76166093b3039e255e4deeb8122a417993b7c4105af92530ea2961
15f7820218fb1d1117e89ec0eb041a0ba32d33217ab3d3f565ddd0777bbe21b9e3f9993ca9c0ecdf6d71e2e3ef194eb25775f04983e270897c9d913338b385629bda29f1c5a27454c1bdec2b685ba26cdb95425977d4a88d68d60600c48f89435991fbed426588fd4f3a0a2391c2a3e7627c51b80335094c
1043a3a2d282dd204120f8edc7ec6c05975e41db3315e103d1f80b9294153773ebfe243bf153ba4068702de9cd21319ef3a3e119028fe8b1c72f9971302097040ce578b18ab7e9df3bf1a53aabf297b1da90514f8c18dd0d503111dc0f228b90e793edfbf75e31cdb43eeb69374d5e9ca106ee4c17639df7
3843f4363c2e1671d668eb4d2cc64138b4b8ef7cd1332343586664a37066032291337b410a13b4d0f2342cdba8098414bd5633a600d451045bf41c720c5066130b00625157fdce76233dd427c2d1097ff3b712fbe0ca9fabf29008a173926494ce6268a5247017226c2894e5974f3bec213caf72391dd725
0000000010c3fdc3f0000001080434300000001ce43f133f000001ce0039000000001cf0ff10fc000001ce01013c0000000c610f53cfc00000c6000d0000000018e1fea1f80000018c0212380000001ce21f139f800001ce0019200000001ce87f127e000001ce00793e00000004208773e7e0000041ffff
000000000000000000000000000000000000000000000000000000000000000000000000000000000000000000000000000000000000000000000000000000000000000000000000000000000000000000000000000000000000000000000000000000000000000000000000000000000000000000000000
2759e3a26920df32082bbb10f3b32227988412466e7e006138a74cdfb13933aba040248f0271b0569db0d2b4e315263080f6568de140448a8f7734210efb15fd1299e722106b89b2b7e1972cacfbee59f27aa2275dada8eba10702f0156413e18b03daed13cdea9b661dedbbcad3953b01874d9b02fe17e0
2d40a38c301d44f3757f7b37f022da3478590c5900e53088f65a73216ee22b0a8c3af7311623a21c1661fe785d319d62a61ce58592d9316bf228494a17277be56c47d680076d15b486daa234a0d6eddce4c2b185915af1de3ec629752b66a6f6964121a4f738ae48132ceb249c558abde35a264b2de5eac9
31124a38c6776670c88a217d1822b81ab3b63d76e8ee415f92db201a83c609bdb0d4f910e3c289eb4f1d67980619f60811e8b641407d15fd7c6c03582c5b991a80ae8112d47a7a28add0d82e0cbf956287e9606b19d89fbdf97f1c50a2be24f261116106cc0b6a2df10d8709488656b1709762a7e5822f00
29890eceac48b6c244c43231108a2210b4b002801fa2830df01c905b1cae16ac8eb7e1dff413251673a157b1113356cf1957b240e2f114954237616c27e02a23fd13b142328bee055aec1934d49d7314153e41d3e3b6e9c1ff5607bb9406210e78514cb6958b97524b0e0886314fd8d5804c5cb5d7d55f6a
0e4af2c9d24e1232672f93c32fe0200d18244b95d8ffc0abe8f0c9d943e53d268dbf0ece055271221a5942dab02b19ed05bd8c31c005463eb724b7cc0d8318cbaef21e11afe1002d921ca0248272a421b843a115db7baf718e4a1c3356dfb049df8058623e802d543333f02dba95f586b1310f27c9e10fa1
2c0372be2a8dbff233a4f23e19bfd136bc53c7e45dff20e329555b5873fb313abae6eb6ed461b9ee0e070088b93a95c3bacfccf6c21c1d0c45804bcd3ed12e2f3dbe0fa2ed5e732f3c2f540101313f8fc303423b16f0b1dfee4c19838116204fa21028792f5fe6a76c007943f0d86a03815ac330d09ade76
3f12ee5c6dd40a0137262d04e8a361098efa2f06cde063c7eb9d8e461fe413c745751e87eac35102652707364729ea7d4ac361fea172a87e1bbc02613f20b0a187f95fc08b894ee1cd3ee61ca4d29454b998b383f022405445ea06a26eaecfee0601f5fcc7c637df733e405d7ce889a0713a7ba9281ad273
15ea0fbe79cecb601245621df629e61a26885fe3804992b26cebfe04bcbe0c1e89faee0263500b1dc194b9b98c1a82b820296447e153d5ce377de0f60bbcb10c659866811d583bb6b265bf37a9d735a6a31bc261e35b2e70ab790e16813ef04f0451301524ced7e6751329679f64c0eb3351555b1ad14d8a
02ad62eeafad15a2ff530b5a478e64187d0e328b45f5b32cc62cded3eb4b2d2aad824dd13fe31d9b688f5c26840b764fe02c035e10ab3506940f576313a0518699b27963a5179299cc8be43206035f5ba95ea3784c8ae89339901a3f9cfbf2ab6902049ddfefc2e8b00ba3bf63b18b60209b9ddfd7ba0496
343fa567797d1143bc5cf1e8ef712d17086bfac4c77643090e3ed7d59bc02ac5c8782bf7565268236479393338020e5f2bdb815182d7bd850bec3c243c2eab023ca1dd4078a270f786699304964235468d1ef354461760701ff8122da11e0a682bb2d89aec98bdb0763c1cbc0c68992d8062ee05cd134e3a
3aee9060a3c04c816d6ef69055d8f101bb8071280658722eb092a22131332daee619e7856ce3aa1b6a425f60a1051b8d5579a16623815dddf48f1d5f3e2cd50b4c2cf8929125ae23622f2b39d93b766619a1d03028d53862f73937953bbe3dae9c214077f0e39b78df354c88dbcc3edc7379a4312aee2039
1279688fdd26c690996ae440a27aae089094adf0969921f0bc9b81c46ae72bfbea714fa1562151f9d9f9115746259f53ff88b221b3a8f4e2a7184ffa2d82be5b97bf9c3297e4dee352a3cc0c350f60356eef03bec60ef5b584f336a0de1871e8a452d03e0aa7c4795518ab31ca5676efe24f9d49350b1a8a
23a873d3fead5f73ba84e88372c1cc1c2a5ec2db1af011fa4c48c4d7c78125a02ac0456f67d1cf5915f2dedc8218518cbbc36174e31a444c1631f66427a3d81363ed620277d73dd61fa48f3bfd02365ed80ca04101a8d4e6d1fe183ab4298d0c07106cd9d1b577481f27b51533aa797b310861b26843b7e2
0a66c68cc90cf823ffbecdb8b0568f179bf1b3f60772a32be04b6fe609dd04852a02e09315220cd76ea32712092c50fee9a11448a0222f26883890863f20c3dfb0a17383b829c4a3321b2d14a01c5429ab2fa1f41daf97759a3a24b2e91dda80b5a0fa9362d0c6ae4d266451af79279980aa5696d742f463
3f3f000020ffff8063f3f00000000023f3f000041ffff0063f3f000000000fcfc00018bfffa018fcfc0000000018fcfc0000000000018fcfc00000001f9f8000317fff4031f9f80000000031f9f80000000000031f9f8000000007e7e0000c5fffd00c7e7e000000000c7e7e000000000000c7e7e0000000
000000000000000000000000000000000000000000000000000000000000000000000000000000000000000000000000000000000000000000000000000000000000000000000000000000000000000000000000000000000000000000000000000000000000000000000000000000000000000000000000
13dec1b5c3b3a92324fbf3a564153507b8a64f3f82e97024f9891b889c2a24c46590c40385d3397604ba53ef2532efe9d9122c6c52da5d6e5539d48817d361943c2c3e83f8fc5265a1f9b8008c846a22936c01cf78481ee7bb400783cf1b4b4558b21bd12d46d851d1291345f88abdaea31b78688412d072
12dfc1b5c3b3a9207922f0eecbd31c251ea0bd888b7e43a4b5ba180c0ef02720f55bccf2687073df739a9149e83b205891fde245f2b957c6a0c45fe7118d23f43e324900c89007a188b8d835dcf122889a4050a8ebefc32a609c3bc11e28dfb8a7f39962b24dd635e9163ad82b4d69ac6041448a45e08ee8
3990f678ed9291b1ca8ac1541159f5036afd5e35631f3349c22c7c91851c2215232ca4fad4c270768babb076f9360a2c6607eddf405c7b762bc46fb329693986b1059fc19a3bbb139daf1b1141eb3f9ec17e5309b4d71857755c09193f39e46bc611b03d1fb1e3add91646a4b17e8bd0f0c3cbab2e700f18
11d3730d662b3f73f4095b759494e60925cceaeed60983850876a23b2a453ea0741b5d98c6515e98ef4ca2ea503ad43eee4520e2a1279670de146be430807459ba9408f0fbe2ae2b38572d0edd98a8c064cdc1471acd5ca3410a329dc1c3f13ab8f3893600c65f06b62e6b11a65fc64c722fc4582089c013
076e09870e4d6e63b9225bb3b4a52a15d4a240e42b642121dbb315057c9a259e45dbbed399c35b3037f776f3d7041e857242f32081f35f183070341e3e7624526b0554007177ef930190201c5e2130260fdda39073f0a3f649551675949015b834e2a8fe8f78e15b9007f71ed1ba39d6327769aada38d8c7
2d2d8cf295b4c0a15f63b9a6e5c7b601fefb98eb38bcc0bdf221c556353128a9a306a1f061f0bb8f3b95f666120edce3b640a889a3b2df49b730801428d16f5f01f26a630676dbae1f59e000af52a1924ddd42bfaedbc7ba25da03d6106cc078c2e188a99f4e0fc5b024a35457525f6350c72ff42379f122
0ab54e97929ab2c1f669bcb46041fd01e23d5497ce98710fdb1f695edfd1372d8a291238f1803443737a9269ac2caa078dfcfb92f009828d5781474233caf4eee7029771a238b747e2d3be124e0186dd40c45117a47c0fcbb958338919d4eb62d5100728d3b571c0232b62894cc878293349cac584209640
13bf49f856cb19c2c7c8bfed91d8c90adb8785ca3b4c53391ba7281e0f7511493f99d382ef30dff843a3bd2ce81604066d6ce12ba03011d761ed11231423e4b59fe16120e7e35eeec09a78133c23468cf00142027020495c6c900ee4609ada286671553404740a418233dfd80b16a1ddd0007653ed3e18a5
35ba64a7c52f4051d578b984eaec332f32e937e0598803a63f4ffcd5ac781c1d316c6dd089a1a62ea4b12212631db74062870227c04b80068e1a56153b1eaf8c2c4ddc5377cb169d9eaaa323445504753be2b244d8161673ad7a18fba7e2c2b4a1301fd681a562f6792707a2dcacf60733b24a46d8116fbc
262121ba87e78a237f716531e26190366a25ea7b6cb3118e54cabb0b43f238f27e6dbd6bf732e4c9f1b1db819b09f5884e40b0c152d0a1bafafdc4ce1856de73070d45413d5667a24483bf3802b503892c85a3921f4f984569582cc3322c81e05ba3d91972ff5c3468278b2271597ebcb22bc17468610c66
2405f8556e37f9b1d9468cb18986a323e617a4a592b3a2a65003f45e96ea2769fd7edf967b41ecb8792fa59eeb308a9f6a08eb3bb0c7593fc89148320bdc7ac54651bc4256ec75644f88d02cfe6fa5ce47b6d25f0c8f7881393f2a1e997626d576e35fa1931ec8263727aa06bde23c0d3332d8397ee106f3
3c46b056f9509a01bb543721e919902a913a557432da41ba09e0bf759158164db7ebb1223a706b9f996beaa4073adc4b8f226de213ec23c43a13b8a3129f0e23d3c612b17d8e3ef94b66031ff12b9446d50123d3e1c04be8de183d5a46253c27bbd30e04f8b8cbb864299f84e1700096b17b25b0624f1963
18fafc74ea3a06d110b427db41aafb2bd7aa2124261e6223ab515e6323351d625ae5659a01404e154b6d656e6e025dabe17f53bab07618a57c620a7032ca28fe77f890631cbbdf004cdd8d154755ad6bb59fe3ce913a626b9881261354df80ab2b7370c10db2c2081b288f8278a6fe6ba19ffdfe47dce053
13558bffd838b5b33c6129f9c5bad123cb219e26093fd2f48b0ee4ad173a02c5b2445c13c931278a1033d838b008f151225a0673d201f4eb6e0e025c0546adfc6da0b48356a0a0d48a40782a2094ef28ff1ad161055e6c95acfc24aecbb560f8d23351e838dfd8e4391a0ea4679dbd92704030c205f2bb01
00063f3f00000000000063f3f00000000063f3f00000000000063f3f000000018fcfc0000000000018fcfc0000000018fcfc0000000000018fcfc00000031f9f80000000000031f9f80000000031f9f80000000000031f9f80000000c7e7e000000000000c7e7e000000000c7e7e000000000000c7e7e000
000000000000000000000000000000000000000000000000000000000000000000000000000000000000000000000000000000000000000000000000000000000000000000000000000000000000000000000000000000000000000000000000000000000000000000000000000000000000000000000000
045de5b2347b1f006868001ea85a5a23d382d218b5cd036c29d21bb7c0371c2428e78e17bb726d65bbbf4fe8371ffe3418c60a275393393043be64821a542c56e312a3d1a565fae19b0a2915ece0609183ca63c99f5883a78d86197c68cd92708ad25ffa33a41709d8005d3ac86b5fc382721ec94ee220bd
180992f785897d322de390228ac162232f7cc4e97125a2ac8a490f10eeba05d2dec605de0750ad57827d3c88162acbc93efa274391663f7554ea49a623d1c988c8d2875052bf0c376033083c5b4badc6c93aa3c434e9a8b31aad09400232110fea509342325f8a22e238be1bd1299eba61f01f89692683cb
07c781cedaa27e1194a773c4b1f94530f413de0bb14350649a0f1699f1371ea31749285237f13bce601561b9e4164d4ab973150c9164700d5f6bf0ca23e3c067eb413f105e7abd335f373e1bbaa1317fae4143c9efe5fb566232013d47ac36a3ba138e30b7c2644f111158412ab0c270000e08bbff67b5c8
15607cec47442610d04b0204c53c4534632b2b972d7fa3fc649f8ff5d7322957d89fa06a9db10f96a0f3509634238551fd1ca802c125754c12e5a6c9150579350da2bbf04e36de390a9cfc2163926ea0215a229629f13146ebf23285f6b90ab6bc31022fba49caa1ad2589dbd185df8ac32af221d3cf8ec3
2cfdae2c8a0c3f0232e52dd969e2683942fb5c834b5e234e77bfc31cf79e2241bd6c73d73bc1838a452ba8174e301ef44b2cde9cb2818a21e2415be831093448c97975732b0db81891ec261ab8e3588dd61840c828b92ff712f9122a396bab373921c36e598a3a8b15285dc03f3848d463fc9739a9670326
12b488548b7df9f24c9a955369ed812cf263b97d199a009c80ade3b9be6b0984da6b8ba7bab33fb3861b4cdebd049077a5dfa9ff3305c9e5ed1e447507a09ef0764a1a2383cd93b6be623f1d5011c322d398e24478dba8ac039439eaf4cd917cf7b09a47172e6f4d76155ce35765eb281025bbff6d270e79
2acaf54aaea657f107f209963248663a61be1dbee81b637f42f024a6e2c023c5c8d27388aad1a6afcbbc7147162e4b9355f57621311d07f67d60497b0a5d8c350a660e234ef65dc712212203112db1fe468622e55ee85b5427850b540c76e5702683008bf8d6fac18920a4949d7498993258fcb63513bf60
28038df24ff2d9c2cd8ae1c4f263be31a85fcb11f875c1b4c9807955a6c326c0ab0f4d2da9112368db1aed9766248de5df6f35d9911cb3a63cc4bcf32c0e4e8bd0daa9e09efef8af6d7af22ce8393548ec45d2710d5d16a2fe6f1ec9efea5f373663e23c19aa0b48180d8aa2e392700f002ba490a7ce65bc
0f69518fd1900101066cb7574319283ece1c86573f1d42dabdee0d0dcd613d0ba22dd6d72230bedfd1172c9e0f1c584bff921cbf51b41f575c31b235275acb8367eddff36e320f2e4251543f4df284770aa321c0a329f9c8897823360e1b841dcaa0741251169b7b51294529cdc525f45198ee07da08972f
20716fd20106b1d01564a687e4f7bb2f2871f06706480114b652a57995dc298790395cb1e9e0c9dd3296fee97d20e2b520937b803025ae763dcd741c222ee42b74284273dafa8a0f6b1c0b0c3d3fd2c31e65734f246b1e9ed69b2b47543081d150e2c87e5dc73f893e26f18936c944ba00124b839b2f8ea5
14e0ee80bfd909514e128450d81eb53fe110c6d26686f3bff686ec45bff62298f3451302bcf158f2828e8cb65c147247e1c06a0e321c3475785bd0c12d02ba7a13f7e7f0a466b80a266e9e0d6af3859ebbd8d3d453dce390a7c41f5d4d48283648817781f1be185ba61b21aa3f19b022b1e68080e0670087
3833b862d1098cc15112f46e6889471f0cc0d7962db6f0c0bcfb3cf2c447285fa3bc40f10c005adc1f8d735e2b27c4af15bdb16f634cd53ba9ec6fd53621e6a769c66673428993af51ccf814698f289a3e93524d729819083244046cc08399621973e1f48e13b840af3f38313624d909338d1d4d460f47ee
0c8e7143792f3a33f895c1ba4810840ae2f9b68cceee10ed2a9ee87e9b2a1e0ff385782665514d9e1cce34a76811de962b36dace8370adfa372f47e827e145ce53fe861165b42d4abec33d35efd2569ca52633f9104d26184c1b23c0876e803d7833af5d5485117b811baba3dc630c54f2a97796e68c317d
3a2a38a5e22f0a32498e4c380d9e863725bdcd84c31780a52e11b35bb91902d983c584185081a13a9d4853cbde19401e36c70185d32e918c535602d537a12047d6f3d9a3aa996b7489dff62c1bda708425059105844d2c9ae2b4116bba4c9cec6a72f01cc5a9e4b8b6049aef2ac1b1e4510fe38eeffffd9a
000000063f3f000000000001eff3ea0000000063f3f00380000001d43f31000000018fcfc00200000001e6fcf10000000018fcfc03e0000001cf8fc1000000031f9f800000000001fff9f10000000031f9f803c0000001d11f9100000000c7e7e00300000001da7e71000000001cfe7dc3f0000001cec7d9
0000000000000000000000000000000000000000000000e952c0eb63357d0000000000000003228e92e8c776e1000000000000000207aa28d6a74b620000000000000000000000000000000000000000000002eac811694c402b0000000000000001ce6ce3ff2715ea0000000000000003f6fa419fa9d1c0
1d77cea46b3a058168f352f483532d12966357b072a9c3c9d5043b0a3127190174125f8b3223a2507730feb8d526ae749a170fb2323a8042c7bbcaa21b46694af64c0e6356d6bc8b0a74e811ce8c89df6e1bd2d6f77d876022512b103248f8d62bd1a422cd3ff5b1c6281a4733ab1aa1a20e627b373f9854
1384045de4703280b5202e1734f5b23276c29d1e7e5c13c6b643ad8458f0362dffe33e0e8ab39f91bab85b29c52baed2b2faa01690f88f78b591a7df375365f19fa570519983ac51472dc7039c87b253870832a9786f6168d950252cc6af60e553826b60ef8d0c38510e790d3fe1df5ed2aa39c2711a4a9a
09f3ca4685cad3026a5e524e59b49a30ff0c7cb96c926190aabd7c514b751df9eb52dbfc4131b2bff130beaacc2659b77cc77d0b51547977a3a18f452782167ed40ae41295d0f22e3fe04708bd85f92e2ddda185717d48e014eb0bd22f183623b4c3e7d5afb320dda73571af43a6478792e61485c845a694
360c35b975162d1331ae14990854d918a0628877045701927f171198840938404b17fac513d12d12ebf6ae1ff31393cf58a38cc132c03272b7ddfb650c6e48a8e4e195e202783724b5f8090ef6a397826e79c2a03fa85523c1313494fdd98b23e0f321bb70a9bca4bf0ed30b3dd2c5b590dd94f92523cbc4
3b182a7ea4be4fe21fa9e78226e3cf079fb074567420b32e1d017699f9820577d57d430b3f4163704c618264e519a16bde4d1f75c1d92555e843d5b826d58b4e1202bfc3081675e3498bf43cc7dc5e42e9b413fa963dcdd9ed913bf78bf71842a8a1b861bcab87c893383dfda73c6cd7736ad502b05dcb3d
09f3ca4685cad301b247c0646b8c3c0aefb8fd56f19ed052a5415ea878e729becba381d9082173a811629ca2f107db3dd6a62619f049aa8e35026e2e1c6bd0ea6c81e0b2c6db0c553cf78a10f636cd6a5a7ba39382ed3567ec3a3c76218cfb6eb2411e796f48ac490724ed558a08ad73824b0ada4622d4aa
195f95350912a5812196f80de3bf82206d459e3fcb326191b7cb0a344a3422ab1c3a34f182e0a5a111b270eb3c188491b46b157c33f2fa39d9c262ac183875a2723b516128e6abd4c2793c1a187ceed09f6d81e11d3813b70b8c0099f4abf37f2d90e7c355c3bf021f22649f5b692b0d111ae8dda876db38
1427eace389231a37bda9ac466ae651c1af8868d7b9fd0bd1b3b75bfe2420fb36be4f73b13427988f8c7193dd108b63d73e86b4ac1574c663f64e2510d57128f72dbfd819cc98e9155c39b1024a94b62c5b9e3023f6311939ff638c6f01a328e07404b97ab42e3f5a531d7eb9299e57ef179149b61cc29a0
1093053eda38a8204c29b333d11e3d1b9a62d232e07e33bd5b126a983a912dd0de27b1b3e503bea9cedb80bdbe1fcb8c783d5de3c38e250b4377977a3fb04dbe33788701deaa67ccbfe42221df579ba75f685138961f6262f2d71481e0551e0a7203d9486a3a3bdc3e239d40a24ed9b392eb71319f698302
242871a1b0a35ae38234a415aab94326a20accf7a7ec71102ec840fe56372f90f498a27ae0b1ec501f84a6fb823335160bb4a9c2c2d6400dc17f14721d05d72fa3d8512321d9f18539ebec27a4d2ba8ef81222292d35436b45980c860dc8adbcf40236972ce80bdb4f1a9eaa025d9f42e309faf35d69abdf
0f365fe69aff06819e3e1a8a0c06731bd34ace5a4eca11c5ee6c953e4a482a9859ecd5d730c3b5a06cb869d5813db12cee8b7b7540cb0b8d198a8dc91f3b46f0f22033332d164ffc3b80c60bbf9edb123fb6a1b7f020fd362abe3b3255db5210a811a491f5a50b2e922522703495f141101d7d1a74f2bc49
1921cfb6c7a7b25283ffcf5525f3172a6beb49cbcec4c0d4b9c0b9fa61380dc3d01c4d6cdbf2a5a051b93b1e223932c73e8d073313fffd1b5b4e693f057ecf1ba1936c03a281d4b1b5efd20b5869ef97349a03884f551555addf0e59c135051f84a28b444f429677c729bf9865a5501f2306f06c75d58271
3a022dc1151d5660abfca62d432bce355a2fa9e69cf970c2846d8e57509d089309de17dfbd3055a6e1883b1ce42669d8ad7659a63386eb6fd410cae4293ea48fdb422bf317f69ffda4dd9a1ef6a4c5c7b3979283396f77db06db22da529a0f10b1f24ce3783a37399936bd5583346e3a52851d0c75915afd
135eee17230d7cf0799978a3741c0a36234028ff857b410f06288d3264d83a2dd8ae9ee22013674ab37d2e9ec60a8dfc25580ff1137058cdec634f0b01976750af87d863ddcd8c0b6ff805028b073dc07ac2811e47a3177df5d71386363c3ad126e3c20d34d2361b5e251671a2bdf02ab2ab169f300b5967
3f8000001ce63e93fff80001ce00593ff800001ce06313ffff800107fffc3fe000001ce18f13fffe0000c6000d3ffe00001ce01810ffffe00149fffb3fc000001ce31f13fffc0001ce00293ffc00001ce03111ffffc00293fff63ff000001ce0c713ffff000251fff73fff00001ce00b927ffff00083fffe
1e674d5307b89543f83eb1b781764d396c4af39fce8b233c7bb5696ec12b15e947cb42824bd3b9881e852bf77428c2dad1bb89aeb2b5f644750fd2d71cf2e9a19f19a1a2a75fdc2f39a285118777cd06f01953fc890c6765858905c8c40ce70623b07f9bd68da82b1c16965da7f58c41c29a8af7d58c3dbe
069a2447f13c5273ea1c99bb6876573bec33bdf2fec8d0fa6c28ad0f5e6b25fdc51d9580f8c01a5a903c4a8bb01bb56ce7bdbaf4c366743c0246080e253aefaf87e7f4d2c47de87cfaf8283529a982056466d2c9b6a532cf930115fe87f54c8b0f4389a2d46cb0b84903cc013543b14481888b72eb1727b1
03c2e14b9a9018f0877af21e9f240f304ab01dfe55eff12973f7a19a5c0d3e9a2201ac8c88a285d6debeefb5ab0938797ef5c057518e1caf64411cf13b3165ab3ba260e2b283533684bae61ef2f73fe6e2f6428dbee07082ba7414a6a60821f19b10af2d0ecea786cc34c770c557961cf20f6d5d242c2c9e
388d50cfb7f7af80cf05d7a6638c4c1ee348937ab44271a80b8b36491b5632e48e3a0ce140303600f0ed12da92172bc817b27236c2aee017a11c8d22106168c6a5666e939cdb879ec212d4387c8022ed3a7ad10ef289dd914fc7150bf25e0b08d1210cec5739a905493bd24b62cdfbca41ddae3b73128da2
21be7e916948e5c1d431e2ce54d6e903cf8f7a17a31ae1209e8db4adf4280e295b8e6a88bf02b775c103b6c2a2140a5db8bfd24372409f427087fd7e12444674acb30a12cd8cee8fca32b61638b9c56f3fe4f1f454e2e8786a4f0f41dea38e9b3c1177e37a0f16df662e315258ef711ed0b6429ab44a2846
033b7b5708ae00b22a698870cd965610bf5b7535f1b852818075676fdace0be9970342e39ea03b3b2fa582d8e6128394cfe0a861c3633dd46828c6882f20c0b7473b8d310dc2810c2fd9f916e17bac14e5cbf2f5fcfee47e446e349687aeacc0ddf02b7e7c2455d53e0e08ab25f8d996815541b8e60a7925
0352fd9d05a2539059626c99e278143d1d8d7cd591fe612e54f33fbd9ed8349bd5509d812d312193035b0fe30c294ec213cda21f10ebba3a07475bf10355f33b0995684136872fa60e43ef11807a6faf03d4825bc212364951902d941f69b7e785e2968fe5d462f4f31093e76dc1b9bbd192b6ba94ef92af
09f8169cec026f212c8e7ef57121dd1acb95a4d44865d3645577adf3c6773295fcdc2d6dab600f08c90f5a944b04fb0c643ccfbe520679883d43e2be106dd8a1ec033c2199a63c7c2317bd2b7d4eb9603ff6c1a728da719f4021387c410e4bf2fe80eeb25693e9173e0f44abd6e3e6fac20656f6c38ca85f
2f067bb5824784b014cd653dcf4491354b57fd5d8552a0f04611bb949e1539da858bf4b1dd7016c3b95c2073630f1b66b92baa31b26640d0a612a91b17fcc0925bf7a002c0c1bee6ed579a034c90fcf89d3e2246d3b8acb65eb11e47359f5695f1a0da6b22bbbc0b600fb4789fd9c19a328272455e98390e
331d550046c147a391af0efd5399843c5220416caa0082b1329e19b8a99d25f66a259e49574155024935a367db2a9b9560f2826011fbb59a4b0e9e9a1965a72e3fe1b531bead4df25b08c70ab73158b6c13510921e239f0c93c539a4b1b74c085c616ef1ad93932d9a3bed2ded292e1503bee6af71613c5c
2bc04bb165c2060070d738d6acbb60392cae1cbbb30833dbe46bacd538483364b1e497d4a83164e2f3fca04fa20ee86d1c8a0d0632486cbce4b1c6d31e283bd545b90ff014bca483f3da3d1c2957644555c262f26635ab2a844523df454839a4951072a067ca7b6e88074c711bfca547f23a66ecc5514b54
21ba95bc8d1d96e135ed7b2a7be8592154498760dab1307af334895c79ff0e0f37aa3ec44130917ae5ca8840282c6934a1ab8fd911a1ed78dc9ef7030f9576bdee6d6951d34768429d54f634b10be5fbf5fb61d228bc2f192055000272de7c830903207f558bc7c39d0f76833e20c09a73789debead1b541
3847a61bfc7bc893cc32989c6b68920053c3407e068eb30e32e4a55b1338216a20197d4878804949ff28f759c8371cf7047e61fc23115eb369595f200a0b6b56cd85bc43cdd9c39ac097da13c39ffbcaf763807f97ba2db58d1a3641c7219cbd9ab1892e89fc342dfd1ec44427d3fe3162a24a339b61900b
33549934fd2a2c2039eaed58423b8709ec3fbd1b01eb7316f1cea89faae81b6ab6feb23420a3520fca370c9b6616516c59f6c8f892fb0797805639750096217855dab5910b539d8b835a3e16fda5f9360061432dcd831b0d9548279166172eefaf83a5fb69c288562627ca0d25417f5e530d982ea7d2d65f
020d0bfe56a108b2a09d58b8ec6d5613707ec9a9e4c5420c9b494b8aa95013a7678b3b6d88023b291b3dabd0081c100c9a16b212f1594697903a490e2d38bb54e92e0cf190fe4f4cd57a001bfc7c7b45f874115170c3276aee2a2aa3a2279b95fc125ace22c89a6c3026000983a93396603e594cbf66e12e
13ffff80041ffff0053ffff8000000053ffff8000000000053ffff80000014ffffe000000000014ffffe000000014ffffe000000000014ffffe0000029ffffc000000000029ffffc000000029ffffc000000000029ffffc000000a7ffff00000000000a7ffff00000000a7ffff00000000000a7ffff00000
0a109bce73781953e3d10b10058c3e0c82b274ad9feb81d216b1882eadd03a7c191feec347a32cefe35246e13e0858abf396b53203c29914745136402ac0fdb37ef70113c366aaa2b9f1080fcebdab05e49ae2f0495f95266f661c69ad3a675d93a0c492b7e262a0fe28697b6bcbfcfdf0489ba5c0fd8590
06640ed91c0366f00458afa9f5303638d34994a377fa3071464dd07a19a419ba479f59078bb00af62c976b0a9225860729fafa8d42172e966d0c0d3d2965653daa1a9093db8de2f2de5c2c3f9da801077bca618c8c472ea85df017175fa00e0aa8237fc77c84498f3709b3642ccca09e827b84cc6abb4879
08c6afc4421731a3b233d302d69a853b6d44b231c56b40bab1faa2c8216415bcd9ab10b81a51f3e03ef934af0c1008dad0e39c9e30c4aeef90c0d7e239edeaf87347d4b3d678227fdb0e1a168b81fdc6d38d8325301b990ba75f1acdc17f26a9c2d1914be25d5883c71c989b75aa657cf0b2113fe892ce72
02a96ac35f70d4e303e2509475944805ea637508d4a7e1ca7c4dabf50175146509cd326c1c8128d5d09ba625d81711517d22f7acd039ebd3ba303ece2a7ecb70cce5bad081b0e11217825d08469a24bb13731058948da4eb3d4712887a0b2cd23741b5eade5663a95d1d5cc0a35bae89007ee5e19f5a93f6
013ac475464ceec06c5457575f994d07cafa19a811e48151675d43e4518528e5276554848dc05f5b46357ed10c2ea63a4bf4801ba0e41fbcfd9f705d0d5692561c6a0a901bca0f3430f145084f005b77ba8523a49643f53eef1c06558ed7455ffc01c6036b52a843183fe408a3b981d4013e47c5f3ef7c88
0e63f44524bd8e62ac4e0fa7b0d8b43bc46eeed0c0be83f6aa0d1756c2182eb7e8fd41c69693a4620e42526a79369923de7d4a0d514ec31f2eef781d0e79da570fd6bf03ec98e9606c0aad0b66e3c0b1e6592213fbd47f285e7c08c65a52f129a751de4d37dee4e869337be8e9da547441fc6a589ad3efdd
3f453b0ab593115138daa7a7ce078406596d9eff229563d4d84dd0ea590f1e2ce8c7b1b62620bdee904418377b3d3f325e78362fd0ef36d684e8f71f0b71fd2939ef212279abbfa777b80500e4e306dd2d75507f7461428b68b110ab63741c204a133dbd001b344a771314f87eff1e81a2e9f9d9f2e452b3
3f2a53d404f2bc92e64dcccd1c8cdb0c1c23a46004a43319d89baa55275f0cc4513732511862512bf0f710b5503f44c899688f99338af5f9863d4dc10652b8c08bc9d7e05ef26659bd65230c8d60666cc82ed1008258d71505df1ea2244a2b0c31a05cf7114da36e1b17dfea96817fe9f2a179f9a8ddd3f6
3faff8f07e833400e33637f9af2ce23dd374906af459d2664dd567957ed93f44c718fcda7a52bfa6e17d69a9d41769207790e5b500e3692917be46b20d2100d4585163c30aa001314875af2daa51772276eaf30fbc0d83b596523cc4f0a34a8c52431cecbe8660ef2527780fee5c4359033006626cdf37d8
3e57caff540db81311f330757fb71a086e3b24fc5e83d308215f5fd1398b183cf0c84ce742b1a65cb767d3e35638ec3d632fc7e062611ae529cfd4242e509779de6d96223332df3c00a854153e4786a3cedc12e034d69d2bc005349bb80a0ad0c8c12d771ffcbb77713b1210b72930fa31bb32c5b48b9700
21b0a40994eb91c27a129e3a63ceaa05c686a0af53b953829fff407d9da812da75127498b8336de185b98911f80ba4a00d0a58c33029d74def1fb21104ca06b9f160d321ea36a270e6f8941cbcf6c3d740a181188adf0b60c7cb2d34d448dcaef31062548bc5dc0bb51f48642d85a2a403c670dcd1eb2f4c
285e216d97819dc0b8c4b276c9aede3af22a8050f372407d6d69a47aa77408944f36f20aafe1c72b6a52f1cadf130ef5b9d4762ed30287e58a64d6091f8ff3e44aa75e21d4472e16ca31660dcaecc671db8dd2bf4a19565a2d003e6eee072261dc628d8ed07ce81c1136abe9ff132fc7e1a2888c551ea718
2167436e563255c0fbc8b71f3d4c732872b98cf84172a0e1f2da6045e91300fe07e06d00649392845d9c18917229d2e950138a26b2c80fb717b9353f29c91ac8ecac61e36b469baeecd140342c303c67f4c393214ae25d86537b2802677b0e9defe3ddb089bf6fc4693c4722a6413d5413ba1ecb1c6d1afa
09a656a9f3195fb32c71ff4e6d3d7b2002d87011b0b723331ee05490035316c28e1cbd37d3d1f5ff59f5cac926230f4a81c2ddef82e47b33ad1e3ae62be035f6f644a250e8b11e209e680c06f074879c80eef39f29d6c538470a18688a22c8f8c8e1226fecb4d2119a2f292c4fe598a0433a334e67d0bbf2
0467ed876c9ab382e897579ec0acac02bb09bb8c3e3e81d10db76094113c14794e15370ccb51bb4e02732223e215782bb318f3da920d2cd6f9043e512a7411785146b642eaf514f1d44bdc27f2389b8d070af3d3740f5c1fa31a0110f8cebf15ad932b6f59f73fb971158be4a6110e3cd25a7a5f76cd7e9b
000053ffff8000000000053ffff8000000053ffff8000000000053ffff80000014ffffe000000000014ffffe000000014ffffe00000000001607ffdc000029ffffc000000000029ffffc000000029ffffc000000000029ffffc000000a7ffff00000000000a7ffff00000000a7ffff00000000000c0bffea
3e429f9803fe3e037b2156c8b854bb270765e5e6e503622de2861b4b715a2479d1a0136a3e00040fd5e8fd09342c039ab9fb6da2432cfcbddaab028d08d780ab3b8b50a0d09fac5f63c96b166b1f4a7ad3d5730d074d9305944b1dd1334dd264a922a73ef4fc946a20056e8fd452fbb901bd3ef4a611d1f7
37279f7717fa459219f6c4b59732ad3634653f44bd2170a1116508176a79174178623c8a9460d9bb88761e2eac3b0563fcca87b8818d0493d3c43a01054011f9f18c3ae1016473f9ef0f4d0668436e5dfd7f2205882aed8c4322308a49f0ab61bba38f736c9f6c30a92636822bdee809609891b24683afdc
2753643ca2e868931db78d8584dce72bd0ac3f4ee248610d28a1bd16df223c32c939df69ac13a82065f93376a3029b77569647894041a52d10c07d16237c0b5952a270f2bf81626e4a4940148261b4892229d0f2c4939c7f63d936738b863b0fb2304f57d17ccc3eea0454e82693c06a4007a35660a9586a
12b811c822c8ee8347ee312efad74f383273768bbc9b6109d46d5646d244362a36583e0c9d811adb6a47b7c3eb1168566359f437e00f8234855020041719924c0bf16c71e5a84b4c43d7202fad53335723b701bb7d3f1ad477e402137d1198626a3259ec1522cc47f23c746e84c9f92482224b20d3489c59
21303478231ce182bcc0f177b653c11aee6c348e8192c0b409e3a3acb7462da039ff35f01470fd8ba588450e8e377a4132eebb552325e69689c1f32b037e96f44738c280a50dcdaee5e78c02e924d34b3ded407d17a658881d1c2c88461e307b2a0017984ae1bc14402e430e67f0cb59f15a93101c6dbeda
090d9dba4b56c73080505fe62be31508c3d62960c59f81c312e325c7c830247acea6c415cb1243659a014f1dc623db340dbda48670dc0de69e2f828e3c6c963c9712fde3e140dc92fe50ec23d3b90ab3e157a31984e8060168d11debc94ed4132370ff075a8475c1b9283e51442744a313bcc1e7f2f039a1
1f9ae205d1f4b7838e7bbd4f044e742a9e657427137e60f26ef27c4d2f95358fc770d2e97810d0b8c68dbd327b2b1fc64728f3fb60955da9050bf6720f47d4075821a9b2b94bf4c0c96ee00ba07755fb9cdbd33c0db845a6692416c3a392bcd24871825264fa564440239734916b9203d2eb11eaf46c63fa
0af200d5ab775df2336919b20ee26e1290b3e3db294ba09d78e6275a2f2d0461733bae8084f2d53daed3e04a503e6480bb3361192137007509f26e01275f79ad44b5cc81948ba10d7f933d20bb33729d7d81a0177aff7da5a56d30c6615dd89109c1b86ba308d24f673fa7a820114f2eb34fd55e85cfb1b7
2c5f31770f16db23ba05548d4a16c5083fc066c2cf5c7089ee3953663a5926b62b5be2727ec2d36645b6fb6af82f29cb2f9aa149b050e1e01c591db23f19ebc8120160e30680e50dce9edb17c30f2fea6b812359d929991cf37d38348e8fa0fcbea04218d808257a1f139b6a8abc0c1e823ff0aab2b9a13d
3a21055eb6e7624357c5e2c5fd8af311ae820999eb4eb383b3014cd85ffe365cdd66c1a9a97237a515f0a048312991ad3790edbb61e49b1e1823609f0151790eb3a95510a86afba8d1802e34b163bcb1cf40f2ae5101b2a66f713cf955be42bbf2828196312e9abb343ce49a7064d55923955ce9de35aaf4
39976d178ea647e31f83eaa792aac521613d5d3dba0130414ea41a68f9850b4bace33f68b751bffcf249c3c67c2e4b43c7808a3f63cfa0d6dad1867c299144010e0019c121dd312a436c5228e2967769d31e8262a45ea3ca14d9162149e3e41c4fd0fdb77959cd33401158885553191c916d67b248ca035c
0b4610a344470dc3d89c578c84a6313d6ccbb3965e8c83f469e7fb43cbf910d1f86c391170815361009f58a55a3c05f57e5c3bd7422d93dc0a3a2280001b8deb33f65b80a82553d621e23026dc8c4c5b0c2a02140c81520b8c760e0ba06935b56163e9070e709efbb70a3d9cc644f48572964ed5005cb200
0a416d3ca3cf2291779a8b5dcd104f32bf33140ea154a05f87df8d93b30a1f31dd0e9c2871939c4f4404c844d4369bcbc61bbee172ff62f0950a1e612bf400eba82fee63b5fa70e952972d298a69b481bf92d1e3052119100f761d7233f784316dd1eced27e793e5ef26cdf8f46834e72012cab55265b194
08ff444c197c2d11746fbe42fd583321eaa61a458633c05db8d715f935e515efe0b84ce869a3ff066153218912266a37b4930521e3a7e5c7f18718513380062e0d055490015ef019f14dd11a329b1af4a707025c65cd453972e2079c0d044642b1a016976714a5d9303710a0cced731ac189c6a6498a3393
329de10bd2bce7408a306e410a446a29b479aab9629c623f30d066818781113f224575023f42dd220484ef802c3c1a31565e58dcd1afbaf32bc7c8810fbc2c2ee4aaead1fcfd6683a5989d2b68cab2c7ae0432118e458bdf42a81f1d04bde3136c62115ad407f0f75712e6c3a1f4c508f1960645673595e3
0000000070dfff13fc000003a13fea3c000000221fff13bfc000004253f73000000031dfff12ff000001cf4ff13f0000002eaffed1eff000010814f42000000046dfff11fe000003e09fe93e0000001f7fff13dfe000000029f838000000275fff137f800000c6a7f53f8000003647feb0f7f800018c0a72
13de8c15cdbc630225062926d744350fbc2c84d6767863dcca79470c38911afa45cf01bec4236634f1403000f937a11bb0f33dbfd3ed1cfe2c85a5e41050fe1c32a7277396becc7e6b5342058feebda3ac48418d0027041aa8dc09829bfe84ec1222c2b9bebf0e56c802cb719c7289ff718ee53c2e72e5c2
14dd9790052a8c2350f6706c6de14015e35c2433f357d39e12869f064c97078a74e97cb63c302b703896e903053e3a22cee47fa4f2d716403f7aff6d297d2d513318586266db2ecd584be0243aa0a7211486502080d012467a931f5fca14147667329a0ad2beb5bb7f23371423f3dfc453a7897d8e1712d4
33ae4e8f4b708ef2356e20995572b220eed4bc2f17d33055f9c85264b3f61d881d4fd928ad608cf4b15cd645152e75d61ecc710cd2cac0af6d7707510fd3459b78d788e3547488da1c04143e0885ffb7b633d12f2ef47e67f76f323b2a328f093912e69da0989f8e260e175ff029f336414ab0e7d9af9390
22fc59259f53f1406296d0cd275202213197d4c17ffc1270b7b17720853702fb976faf25e9b13c7815c1d0aa1f03b64c7b09b58013e67ea838f4f44c017e1c9db441674238b6fdcdd2e2761c2c6ffb275732512b66e5e9f310cd398086cd5eb6abe1e6d02d96d702752fe643f7e59a8311a10e445a6c1597
295bb5bdf3e5190125f7d09aa0b3880425cf56ccf95d219ec5de69ca982b0be24a947ea60c41078ccc7f6a5dc023eba4288d447b002867c26283a17b079632048021b29137b2d9b9b8c0c908c3b3f130c1a301f0d6ec403f068519546eb9f132585354c6524b54c4cb11027933c21e63f2fdf860a4c8e23c
34b62664b022e2114ee46cbcf3139303673d7c78df84006a88a21483a35f3750c9e3ab9853e29b3fb7daa3f801009b4ab5c2b6a59113841a1afb984926b23ca92328c123dc559941f389fe08847e7542dca2f0445a594bd6048f3b1f1a8efd611c509a90aea94c6c8735ed5b9cbff7b9104eed07950af68d
3473ad55aa9b0a621e39ecc28423e52bf8c743573f5320258c1cff342c00220821af07982a23043291a26d5e853823844754b96c11557e0625ec07941e47fb0c32d62bc32277f1a2744a03206d6c866a6564c1e4091ab23af59706ad794d66fb4db37e6de7979589171d3cb49da63c04c0563e588b810c92
09c9955924c62dd0590b392d12a4e823bbfcabde1d52323490da9d92fa751220e10e131b4af3a3aef0c547ebe314184a0b439712d329b599726877610680772c2366dd627e7295f8653cd534863c6028b047b25a71c12972c81728f763b7fc47b4931d90a3c02461491a41b2c185995a014e73653561fecc
35cae953cbb523f257cbcfa24e3e833af408b1e8386400acd92934faec640e34880d1cb3be91041edb19478d8d0b411c3f3eebabd14c3fca441fa6db0f1e734554efd8c3aa8a4f0e77c60532fe0d27ec7684519937b597ae55612c8a1b42488592b13c647bdd8628843c4b6f19e7c577e032fff1608d9346
0c8a9ffe7f1836b0f3dc0e2195a7c71dbdbf36693a92e05ecc1f52e96c2e22d6830320681d50a2fdbf69921f38142b8edf2e2101d243a44daaf4df1d0824e962a20b3053c67093da6cfa9c3d2277202f54f2b2242b92bc54608e09d7ee8a74c04422536afc18e5dfcf31b196fc03108be18c4e02366f819a
0b554ba065e778334a5c4e461291b714363097131a4b231e27267eee923d0dde3f70f57d807098c2d922260b3d395e095f9f600df208f708ada504983d31238e5093c7012a21a1be2fcde93979157645e741a08c27a304a2d70522141138b4831be2219c6c531f7ca4323bdfe414f03f432513ce99d27684
126da09d28cd03f198ca50fcde7012211d4b34d42f483287eb4266dfe4e312bf83d49e4aad6187aef481a623923f1b1362a9d90c53cdd91a51f7d08e095281db85be55b347a138668813b336c26334f8b0c950dbca4dc24882252cf56b921e1e98c276f92d1fef03c32c1cf0d2e5e8a8105c62d555f28e8c
2b5c0130ae352572eaf24b1d22878f1091f7be57e4f9e21e19b65848e5633558ccc49686c340fb1907228864c20d346081d41fb960e1bbbfa7738fd6022c046f7352fc2398f5b17cc9b39a0af912ce010ebdf1e3e7d1565065ff1cfff422695bc812bec6cb6d4bd5672da571ec42639fe0d43656902f4e82
1e80aaa2eefadde305a7d67fbd7b1b2eb2532026fa5df036a7c7f8b478232f48c52e0bd462e0fbe652ed12a76e3f07b26e16206ad0840a6be885f800255d9f5c12e9f1a21bcc018347e3ce399d21182aa212a1c6bb0dbb27ea5410bfb7480841f083a6d05ab3e26a661bbc66771c3db042e0c1c1ada273ce
1fba4e8cd935e98267c51ef8f3ccd636fd5c018c168db1979c49f13aa23b25f9f8d30e7abb33cdb44fd63162130d3f34a2c7a5d10117065b06177e49167531cb10b89e519f0d5a5171148f2f350a427e9d7a83d9fce77e7646cc163dae0862ee21634db3465e24a7a30334a1b5490f64b17db3b84e53520e
07bfc0001ce05313fc7bfc039bfff23c7bfc001ce00493bfc7bfc041ffff31eff0001ce01412ff1eff01cdfff93f1eff002d600051eff1eff000000023dfe0001ce02911fe3dfe03ddfff13e3dfe001ce00193dfe3dfe000000038f7f8001ce009937f8f7f80c5fffd3f8f7f80359fff30f7f8f7f8000000
000000000000000000000000000000000000000000000000000000000000000000000000000000000000000000000000000000000000000000000000000000000000000000000000000000000000000000000000000000000000000000000000000000000000000000000000000000000000000000000000
2e631431ba595663b1d17f1b02566624e57c3f7caa4e91f701401ff47b0b09e34d3a0205e01265211f43b8a98923009acd26f9a6427a1d33ec5efd013cffad06e8122d9072f8babca73b412da607b970375561680c4aa96b92162c20a4c461ad09c2237d8b0a2527700e390f8bde313ef33186cf900a2a65
1b166258eb0286508b9db8b1f85913075642b1a7e73cf19b18b8e3fde7a51dab364964ab04a1ae1b97a3ae6252373b7bfd26ba41d144e1b3b0555da4366135e52830e9508538ddb069cf572df39b572c180f730d05b8eed0371128aa3e385c43e8533c372547d33464275251bc12651ac1a6d681553d9077
35ebe7eebe6c89e31d2dd71f579b543432039154d96e0384f2c4a0861caa32a5e6769177bf133cd9bba955690c1f11e79529a2f1f1a74a36820c08e42c5e49287471cb63cac96394cf301b25232852831839617a6d9f1cfcbfb53a6067f14d4e26919913d37c66c4060f3fd561a66411723bb26693bdcc0a
0f115f114b66719216933d52d985ee396b8ca5e00044d1326c4e6ef8cecc183997d1bb8dedb2b348272a4bed4915244b07c082187209b6f2bad31f0a062d3f1dbe2dcb728cb21b2aa3a2f107c97159a4b9b2a0718cfa31a766a114a1e58d496d3b20b4a75aca4634651746624fd48f6f037cf5cf0688174a
015489c2332967722d2b1f7ad9864608d88c5d46629fd12bb5f7028def47360bd46daae8ef21479f98a39dc9ba32f1f3aac412e5d0a9f8cc4b3683150fad409a6b698b53a2e676c06bc2453ad12899ac9864f319d57a9c32783100cff58f10e1cc13de3aaf64f68d5200e0525561880e4312a02e7b77216e
1adc1edf1d5002d06f283f67713a261a025125bd072a91b83006b2a49f3537d9755d03c94113b63fd3a5912de539fb8f72ea5c9860de65f41c9c435a23ae38ef7d000a43afa16401b7c587246fcbf0fe44f8e28d25fb973bb47a1ab3bbc5866c7360275eebe271ce560f0bbb705a9a6ca17165eee3611a37
08813ffbf774fe71422ed9f103721a33d21c45c7bbff7035073129cb4c502b357617310c0c10f835588d9a1950382b55cd3a2d334065ffd66fe90e990cce785df2e3c4020df8d7089e743a128e0978baaa3c131cd7654d0cea9638702b87cc97af12ba62200c5f13411a8629887265f2e0e523ab87d707ca
2b32de0f414fdba34cd38e4340bd52393ad703b9b057c0fa25bc6fa57dee108d88fcaf172e701b3f60408aadcd33b9759014751b22324379825ac38c3b90edbbfaf7f7622d2cfba8e490803c85bdabd53ed68158ed77d9ccecd41800a7b984f89f21417d82e31f55800b34768931f993c22e411e402a47c0
2089d41b65f5e273c3218a0a233d64185253a9bd874ae2c54e7bb751c24c0660359836756ed1ca1c973507e8a83904e03a384a94630db1e8b551440939d610ba3b26e892a97da84c9a9ce11c6330f2f7672b302e79aa4f3e05cc2c9cee0766391083bc32d65df7d2680c20fc051a2874b27b789d684db195
1e32997f67440d21886bd8e1bf4cab2a6e7deccfe605b2bc52d58acd402a1ae027940bfe0b806a1d8352f2a2ef23b2a7023d795c22af2a5d4f3433a70e810ecffa6893d26834efe325d91b11411b7fc3df2f920a32b7a3b04eec3b3a369b74ed8bb0fedad79cac60ef21f96fb87bf4e450cf68bb13cf888b
0e8053d806215b4234a805a5a06b68230f75167ad34ca003cbe026569db02552917d7acdf030f5a1c3d3855420281ac93bd3c04c30043a7c154496111bffed7da233a2d3ba209f3525930312a21168b5d1e4c36d09ee063edad714747e27ab8629e3b678a9c69ad5602bde89cd09178c71c20a77c72fa539
1a8be716f3e19b73f61c2e3254953e39389068a40733300708b41e1f862a0b04f34f5a78dc63dfdefb3e9f31311c868b3e74a30f61ae179df7cc11ba350f1045342027d15e660988bf89613f5af072a4e1fbf226046e86d6b245223f2ad9bc843611756a104408f390163668d4655a9c8284bc9357902cad
2b7cd1b170d44aa1ce3bb3acb0d5120c630f828d3e9f109aabc1aa31d0aa20c38e6de0d45b00bf6e83255e1ef63c8a0086d1b15413a914834aa3df9f24d8cdf6b4cc407312add1b4d44d5634290a7409b7aca1057cb8250f02c523c2a6cd7fdb68d35970dc2195ee8c3282296b2e3f1493e7a0ab218f6904
3df39ff5a1039903f376083539f3b1025fc32094320cc3b906f27cefd3662390aaeac5dcfb9273c3beccbcdc1014ee7e4a7be9da5321721aba5ac35f2602b3d424afc273953f8cc9e0d5d40e2f3a718ae311331dcee5af72fe72095ec39262df61717e11a65acb50e4302695193b884951dce19cac413d94
07bfc7bfc0000003076215ccc735c73d3aba012935413038a56fd9dbe0fe359a37e106671b31a26d5ee448f04c2bef3cc655eb4b708da66ced917c733c201c201be000107c4ef5197b651d0162a2ff69555f73e3ad4812d00f820532e40f7abc72732ec9508d9987db0a08619cd2fa5a51b92cc9891641c7
000000000000000000000000000000000000000000000000000000000000000000000000000000000000000000000000000000000000000000000000000000000000000000000000000000000000000000000000000000000000000000000000000000000000000000000000000000000000000000000000
3013ae6f593c29910f9789bf0e32d93eaf9cac8eedd61017979ff52d139f3f5ef91b3adf02d336e58cff5197d82698dcff62b5fc9153219cf24b03d8333181fab2d41bf2d20e1188d97bc423e845d56e216fd3bab3aa17098b9f15e9cc6e967b66f2acef3290637c863b044e390bbe182033d34bd4201feb
0ff0119462a3d680f3df5ca1f19de602a08febfdd35852fc6363ac8f33b73fb4f93a1a2cd7d1894651e44f032e174ac4584f8bfe8275677ceefb9d7917a731ba5e0d9bb2251b1b7a5d579f1bcc61b3e2450aa320acaca157c8253d5f395921fbac132e733c36f0c99c294fbd042cb208a3aacc47740f5da1
3b0c6387a9039aa17226e1a793b1d12054f67c45c5c161b594494a7f13071c164c422ebca04260341a9b27021e208b61805323b5808a282809254194128b9ca9a4ba5c4178e411e2c7c0d80d241a1900efd873b8e34e942f99a90765fa6067773e72b4e329ab0f13b511df2840d214ff02aa8b8ef1863ee2
251af9570974b8809093af9fe0b83d3429edbbf64cb9533b2ecd937c40702d770cc4be1058f01f4943b84dd19d1c502b60b8a9abb06f95e115b39f613ad4308ab92e005329a827726e6d2228d6a25045492092657c718cd2a72a064e14bb5d313623f3b67e6f089bc93bb2977db56bcc71624fdf80ab958e
04f75c7c12dc6570358ded3a01ca500a7f372772f586030326b0f8fc7737381ac887e33eec406a88438a9a57cb2ea7353d38744601da044c1a33402219bf6f7d0b3b6bb394a52f438a0bdb1e6c7ad126a3b2825499eb26d66cea3eb50c22ab338022f79dd205bfcae41c944799d8207d410629ab0388f4b0
1ae8c6acb26b4790e89790d7b19ac322499cd4db674c01eb2b439fd7a9740b889b32d77c67f1b8c7a8d55a35831db69080423caf6365f202f7ff586e070be23cf2313060e9e7afa154ee8636e4a3d036677e7169262f1c3ad7ab1c6fb8747dfca1811e82cac17e96a91cb2757dfab618f0d35eb9127352e6
165c1924cbb4390313fcaf8cba994c13331f52a78e3d513a1cbe40d0e00e27394f77dc8e6183e4e35b8a4ec2a020d8fff14333efa179ac0f833d31442edd5a428cc440615ab1cd763e7b8f20d26a18a40440a2ee4335ee58d5230cdbdd084e04c331d31cd0012e65280a3c0b5c7cf8f25044d01459d98fce
26b3d5a015f02121d1fe82b85c02620f891eb007e02f81474cd845c3f41a0de08c2e32eaa5611b1dfd8ea8edaa279cb6f8b6c819e0f1d2324369ec732090633417dc8c822e75c85a1af37811fab550af049a90dc46ca21e2a661094cb6a25b791fa27c7bf0cf3f10692006f3c0b6df79c11efdd1becf4056
39a8d0a49ec6bf902ba9b668d385d02ceba32976a15a502e5fa30ca8645425580715eb1289c18f12bb59cfe95b15aeb904ded479108ffe59f644a26d0cc659e8941736427ac61e6f12110b2a8d82cd3266e480425784b5b69ba31b7ccd587da65de3d916b7deec5f0821d2b3df01ccd0830ecb470586ad15
0a156db0cb46d8a2bc3a8bb93990951cfd8bebb834e912acff450ab4593e394b2465a8a8f9d174446a1d6b54910823571dea9f3ca0e6f2ad7b0ce0c700ef9e00f78909606618032bb398131eb810e93b7e9ae241bbff8ea823a60680c40708720bb183bb01250f65b629a89cabb34a7800b32c7abd9fde96
06f3260f0637f3f0b2f2f5dcaa45610f25dabbdc34a163d71c79a50fe9cf027c5ed487713102cd7bcf5fb3d3f12937ab14287fa0824a53b684d138d732895971c8978b62a0fe14bc4cf8760157c8b5dfb0dd80a846360c6aa54115598142a8ae370373357abca5a97a3f67b40d6087bc22d92e2116bb62be
09644732c85cafc33fcb07fef5a12a3f31460d189d84c1e758070894b4f43fa00fedf9212c1241c21e8bf6c1242e18973eed1395934c575c5ce29bf013ecf6e8d677a300ce86f2563e40152aa49c548ef2a9b2c911d9fb638360037242a13d9f7dd0bca8db7c57fb1a228a30a1773d2eb1abd7d0e95284c2
00f6552b1c84acb26aa9daa434b6003ce32929d9b5aa22b79e6f93a4dc080b1e3ba6d12a2c82a7d63b486fe4670d201ba5f550e6f29977698c8185731090b906c98e7fe24901443d60ea3f1eb24bd6f39175105eac4d55dabb0333dcdd40f4e3e623c8e58552188be91a28ed9c8fa8e412b2a8c8d9141036
2dd51069bcd4bd80313ff3760508dc33d10f2848c6a85117323613f2054203469e75f1d3e4b106b7658ee6e9fe079e6d1f3b2b8bc1d0949bc90eaa7a29a10ec3746f1553574c6ac03c1578381acff783168b0096d5ccef6d6b861c4c3048c0f27c11a93ee6c7d9936b0783eff9e4903f613f056eb539b429
000007bfc7bfc000a8983ecd50e15f2afb7d3ab73bf7a04bd7870e5d96082393759a359608d18690eaca2c949e09a55f0e2a3259c37fc97cca2acc693ffffc20180020130026ca6db93c7d1ba1c51b35eeefc37a75a0d3f1bcba0e364532e324fba1e978b11a0f0bb9014b590ef67a7282dc566cd8794e8b
000000000000000000000000000000000000000000000000000000000000000000000000000000000000000000000000000000000000000000000000000000000000000000000000000000000000000000000000000000000000000000000000000000000000000000000000000000000000000000000000
223bcaf8b2e375f1c147e3173a5fdc0d074412c6e0ad4023e599d125ae1d37189780328f9d121bc66d5d6fd8f4229b039d8bf1f5c324a1723c714c31165b385f5c6cd3c19df713aef7322f019b1d6f0bfa6590b1bae088e3a7803c6b4bd9283bba7181a57dfe4d4ecf33fe41f24ee5c0c07eb7b35b8e1644
08acde6d28782fe14d5845bd48b6703d771cf3b4b390017e22e91a21ca280aad89d029946e33bf71736eff4c860051ec04cda67fe3846484c49ff4101abb20aabcb2db21f3e6826f67f15b3f49420660bb5303b81d8e47c84f46367dac10cc472812fbac8b9dd4de3f1cbae68062772d81a6679e987c6164
1d24ee423431bbb22e2552fae6e7250a6ec1cab50d8be0286dbedc80683d22f5d5c86dab5d4166326406d05fd23e0254da0505802243f3a676ba9ca8116d88e0c3d9023206f7bf3bef0e002daa6249450fff71c7dd48d1a6224030132425a66f84c055d8e4830a099036100f65bbd70bc2ce3fb5cc3e8ff1
24a2b37edc9d9d429e2069435a725727eb250ecbfc4fe3b205ef8934d75d117d158cab0bb8c0a2968d22191a45062aa48d031396e0d24d95f8d7d13d089e7035908197800bc6d0089977fb03e7ae03d6d94212c52482cf9c11d62c2feb018ed802235773ccbe0809be1d588205b273efd25bf8f811ee71bf
2d1e251af66e9a81a1a3fe880dd74b10b625fefe191eb216ff105aa15c30140debdebe1934116e5ab3bbb63fd700d5e55dcf70d740e1ced74b6568962d0301555ef7ba52c16353d0db95db18fdb61275e1f9b1dc73cb74917cba16b407303db970017c746e87a18ebe0f76340e19e614c3f3da4aa2814dba
0bd75721beed74e297ad9e53937ddf05276355d9ad4741bb2ec2aca207e9328096bd338e44e025f94db87358e30a9759053536b311f531fdd7b3b95e361b2dbe5af323104abfd0a1cd797724a013e35933e2d12d7c76a99151eb14a17a7b35e32773e49d3377134d56163193010f94a1e03d3c2b64ed92f8
10e3e9a3e5c482525b09a445c95d3e38f52cccdd0189e357304ee07d73633985d8c6acd300816a32a4ae0a4e5b0fbe5f26ff0af590c35e7650f5b19f11015122a4a4da82986bf777b5ceb411025f2d94ceb2c3f78ecbb9e43626130cb32421bd5fa03516467461184012f79acec40ce833a995f5dcf608b7
1f383968453040918fd2d555ffc5e92ef8bf8ca17e937133ce3bc7c58e7b1698bd725e09c8a38473517524483c044ad46c4bffb7c3ffd5db8dc6adb229ea7c2d510b06e2b7dfccaa40739d113799fee3c13971d75e44b2508f0015256c98180943232b2e5d1df374d03d6a5fbfcfe6bc821c323e8dd40d93
3b9bd4779c17ebf01717e6108b77b030bfc9bd0a4a48209a9e06652d97212e884c30074e5e3377643f724b0a972c45e1d3d4e0ae32f621b89d3ac14d29f1b7443bfa2901e9ff0d6234f3091e9f50cd74c74fe3fead84c2e93b4123e26d51281ad4a205d7f45cb6dfb929abfd9aede5def0329691efe5fc57
11edb49e2be38cb0e22877c088d2e61e850a3faed16e12c39fb5ba8579e1121fd8b60ecd1aa2ea014ba40e3cd8116fd1be87f20f42cbaac6f13968e30e539dd43223f861b5f265de7f008717e40341cfb6e9534e9535746917a20a0b6ab952ca72f0c1d32e6bb29b153ef020f51d290a70729a2ad25189f5
2f8849adfe8fa461dafad6fb0b99fd2858fc05896db8116618dbdbd4122a1046f6386e370d5118e97632b72a7939efbc632486f8d28b5fb1b84bab3326297504247891a06e8ad2311890ee17e2d13c836155c16ebf439875f7be03f36d5d606ea7f3231eebc6f690ad0e58a9264c26a0b00e593cf5502044
3450a58b5fcd4c9255838745f1d4001e88fcc723cd1df3bf5711669d2aeb222f706573d35cb35eb33a816471911e5273c29a923ad06622618d04a69737a80e5915160cb178c38c9d7691a13e546044c8169373a4bd833f5f79b117774b57f110f442f6b672b9d3a9a3050af59dd66d55f0303e3cd1a58536
0544151b3ae54b912a34b9a3da7a3829a07971bd059ff05b3b8021eab8982623ac45798cdbc3e4e606d9b54f173aa3eaff9b2982f0376c8f2a3c4fcc3101a28ebe444ec13392d81183e2522c72ba0e47ba7930d73b71fbda2e9521a124998eadb8524e4f5b9f952ede32914b081febaa109cc4d11b30f8f6
3441f1ffcf558783978ba855a2c16f2f6af42e507bda127bdae1254be24020cb54868a8e29f1316f257664c5411f1ab95c35d25fc1a194980c4f29ec0f57cf95edf59d30b7138a550677e32fe50c44aeba82523ee0befb9f63dd1b5e3412da6645d2c1326035bad91831203e83a930e7f310520c7d234e8a
23e00000249fc693ed44517fec09f517033831a14c5502f2c6a298423dea0ef7e51a41f9d6f2024960d15e7dc92f1376d4481667307716231ccb17f80e0fffffdb201d815dd0c1146ba832259de79fc0e6c11226fe130eff68c93b50f7d50b8a2163ab9c76165517240e944d2be5786bd260b019af4a28c3
000000000000000000000000000000000000000000000000000000000000000000000000000000000000000000000000000000000000000000000000000000000000000000000000000000000000000000000000000000000000000000000000000000000000000000000000000000000000000000000000
2476b97e7ffca803bedb2e2ea381fc0049c00d4d702e7219b1f8fa956bf117fecffe1fc1fc823563e8ee9e0e382ccbedb350c357f2979bba0f58c91a1a1289323b8666a2df01e5d1ebd66d1438a5d20b9e1df255e94b05af45a921a4ac825cb2b50282fc2524aa4eba20e5890fa61ac2b075a4c78549aa02
14bb3a5cd75239c1b8c97d4e4fb7b920c3cbb8fe4ff44364d88d7b9262f5348a5cd434227f339b69e15ee9d2ba32b972116b68edc3be6af42361041126a9629e23771e02260f1eff8ac7c4048867215458da32352f9bab0bc21831c54aa5cced8d223043cb19f39b2f06d9956360bb6471c724ad5b4559ff
2537ed8765d8c3c0e0962fbdf85d1837c5b79989551323951f461f43bcf30e1bf5bcfed85980b8c6df5e764c4e0911067b9b14c130a9ff1e64c4626236deb7933e0251a3c4787aecb6ae002c134de634f04ae270f1469231cf941ca12927d6d658303e7da20c3dd0f502d96dd499e2f553329440a2893a83
2024e05d5f4d0c900b30471e258d6b33fbc62b560631b332132746ed9840364b0c9f4784d7f2b2f9ab0b63bd3f32c7cec531cddf6397d326a6f7813a296de8ade91ca922357066c74ff56f353399140036ab00739174a002d5a420d5fd5f5c03ac912789ca46da8d921f0177008d37f31054145a75d974b3
01ac2e919a35fec3bcfab477fc4a9f23be5bae0290a251170e1951b27bde168b0f074c52f591d3a4bee493a335208453cfc26520e2d416ddff0500d025440115c332a630a7a09cb7ded2ec35c470a32b87ce71328eda13f60c8f24aa661e0543ef926a439e90e9bcac105e2596854255b23cabb5832ae64c
1b9eeb54ac4087f31973e7a20af71919300107b481800393741b342c6d3d1ef4de03bf8a98b29d246b760f2ef61d84b659e44c607075fca87c0a6c6105ea4d23fbc5dd833c713c6ae429183415f9f21751cdc33842e11892a1812e198b2c3ac380f3ba357232f7bf660b2d93cfd3d3c592dd8650753846de
2806d1151851e8823f03f4fe12b8260ef16de449e2ba02c8716b249ec0be0bc2840c20edd573f5209eea5b0cc3131fbc9b1293e7e3f5595d7a8144a82ac89fbbb0aeab31b07f47fc9f37f11e7cf636a41ded53bb2124d9be89d52e19b3e64bfa2032cd6e6fedd190a736ff19f9665f091309196c0014a0d9
2a750857545c8482f524ffca9dc5473c1a3535a62f9ba1a191f5f773666f3a13c9e1b5492720609420d400badc117beb493cb3e7618e284870c3b151247710b8ba2d6f325a047caae6e47a1ea5349ed2f5ca33aaf8c1305f477c154c86b3f3eedc73e6729b2f41c5c6160c5e2b9f8b39a1afd091105b398e
33cab64994d4a221ea5b0ae435eff2333eeb4e4b0042d033cbe2a57facaa07d2b73a83b3d9a0a449e1a20dd88710b1187f73c241d31483a2ab323a4229fa8e07e2f9a681e0b6ae73c7e73f1c51e085387e763090bd102976a13a3c242e32a9368491d09e2a8e005710017e18b3adcb489388b04015a1b330
3bce832c5e75703288f7aeaa4038413a9b55c74f66c462f350d43fdba92e2bcf7003a33e3c4151a5e7b6b249fc0902cf0dd7d8b7c16fdbbcda9265560c79a4b0869661f298fdaed912e42f189d092a16b0ff53590b51b27b5b5c0efbd81263db9bc116c323d55135b7197dcfeccbd2ae51868aade7524001
3c7f48f492e5fc00d1e6102df51cc533b7ad05b4ec54e3b4620018d6ee1d21b9f68ab98e3bc03425241bfd056d0656fa08a28bd8e0581a36868bfca90cc61a9adc53cb32bd265959b8f971166f92aca9ef9521bf39edb7ee407925f794bfb662f38085575d34f47ac738889b4828b0bd430abdd533543c54
1a69e9901918a8b127e502ce9903c13c1620780704208253459d12ee894f192b689594cac633a14756d1b8bc1b019c1298def1b5d004d90a69ffc5952582f5fb5ccb9e035830e30fa1cc2e28aecac2270ecb100f4eb9ef5b25210334fcb718a07b603022f1fe154e0526671633dcb7f5435ed2bb97c77544
243ef24814365df155588476a83ce932fcf77708131943995f0d642f432621dfa0db95556403ecaf96a7ff23642ed10db3a710979241ce42c045dfbc3cda8c65c7cdbee0e3ce501245616d06dc976281170533f2cf0c8deb4e963c7669ff2aaaf20242a98d7cda4f3d0d62684e329fdaa1bbb46186434454
237edcc37de4cf118abc3d4022b9ca097a62ab9f670242fc024d787ee7763011d735508aa5c16fa300146f50050565a0ee4396087035de73707dc7971a60b6f9b4de7593b3bc6447576ad802dc86a6539736a124cf44d2f59b880388205ce866c9f1e94e85a28a8d6d2152d133f31e5a70c7fca56e471ca3
23e3e3e01ce006932c6d43ae72865d158da4395c5b51d2e36288ad85052638258ae4da0e0f33a9dfb1d5d5cdcd21ece08d66b1cba1485e3d53b3c9bb0e0e0e0fdefffd8069c95e28a5bcd23778355476fc2e328e4ebba8fb7d6e26ba24efbf8005402b102714f4191a2f098fb948871a415bd0e156051b23
000000000000000000000000000000000000000000000000000000000000000000000000000000000000000000000000000000000000000000000000000000000000000000000000000000000000000000000000000000000000000000000000000000000000000000000000000000000000000000000000
3fa74935e8048793a1f005edcc2d6907fe71a204184ed16fcc484b15b87122128bb7a6f400c0940d13002ae5242909475d5a138761b6713630d781f3080888a4b0fe92f00e5cb3b70a33db2e06358617bd3de1f0abf322587f871c86480566fef7b1c81c12957c636d3d2ec60187c30410b83b1df4c70d07
333e6a3e3ede54c10bd31484d20f0d2aeaa7da0b6ae3c1a9a0f4f97eee5715882b0d99cb5360f81d6e35e75de913ebbc4ef217c7e3ecfede1db97db61d9a22c18bf683707502fb7ab036b43eb19659775123a312d2271dd0179f2f7bfba4441f91320381b21e8a16292a5703d553e98b61fa302a98848bc3
128314c4ff8222727ab4c34536c00a1e589da67e87e8702352e6042a22952a39b7aa73985702cbb2c225b2254c1cdb9cb4ec89d731f040db2222dd402ea3a1d2668824a3bf84d78f6643c906d57caef88b03a3dff6d26b8a24582482bbc111647932862f8028bcf7d51f8da09e36a0ac408999cea7c82102
24ae3f0ce9683df080038c6900688e1bb99670cc25a440302ffb4b5fa1d00a71a4f200988f702c45290fcb766f2039c56d638029b0b40402d642e0633006900df5fcf752e002cae46f72d333cfaba8e3154433430c9d7cac88dd1917584a76b1c65049665bb756e40b084acfc851708d20408044fe9a0420
02181bbb226fb7020f434a6ba92a7e3590ff1585534c13fea29dab24a7d62659a77afaeef85388a4aef072566607b98d05267858627bf013f1e7fd200331553382c29183216d9f1517fd823521e3334d3e9b905c8b1b17ed92383ba31ad765a487a1fd5c0cad5caa9e16865da70fbc5a00b252a2763271ca
10caf3e2b173765290ccd69b7cae6212b0c361f0bd32505bf1adf7de98683f77e3f5907aff5266ae9006d079041c1ebbe64b46740175d1919fc6277f16467f3cf9de83518bffe93dab66c82ae69409472614d21e3ef6c05723a3048a82d7e044e70014b5826bb2ccfc048a9a00e89ec0b34678d994454226
3e432a0d2d5b742220aab8b16c10a7021dca351a529f623112ec3be251d63794f6ab7de83503179b78306fd7342855e086cdd4efb3e56df9d0178931234de47a596a8831bfdf1cee3a7d6114031a4a033c95b2a1bd6e788c4c502fe54af346ec7e9135b273fc0153db09973705100cbc5232c1a6a2ec5552
078ee0d035a423b030e8be0080023b130ef5e5ce9520b1d585e8573d9db7272280d3044771329fc5dcea2d419e28f253b92b3182d372b8747f3d199f258c77fa1025a8d1edf6f6c8b1773c39f24a468beea342c8b899eaf8d8fb12048b3c9d206fa2732f27fc1c00a53b36d56424e84911e537145d509794
3f592ab9de020cb1209fd73752678f318d9f36d170abe0f70cd3d24ee77c2f1371cc2765e93398bf1b78da846d0b44153741d39e007b64ee00ea5b782c3d416fb73cb22168053b191da703036ad83346a05db081bafe448431f10c2b6b302416eb528b18cef6d506cb238d6811c56a46f2b34563a2ef2ecb
21a4e7cfa00b8e811ae9a39d339c57078da263829198e0c2b8b1df45733c3ec91bcd2cde6df2ff0b0caf51473c1ee34f6d349113516d1a643666d6621b63311ecd0ce502f17f8ed1a9f01c32c1208be48392d07cbb52841aee0815b3ccae62abc072dce5199a0646e23b55390b955a67d2e3d86f34f981f2
0e18887bd4956c432bbe9868a0651830ce7ef1dd20efe1551459b6f51f5c122b70838c17a9a25c2b5caa80b94504e44549e84a8f9286113acb153441049d840f36a28fc13da8897f4e4c8b0fc219c7e49082a3d97d4a89f2f6050b7862b7cd90cbd3fba62ed5aaa1e40eb50850d5ffec31abeef4c085ad6f
0655aceb213368813fbf69b1e8a2ae161fa0fb4d115a2037c24690b2779e1c5e7f035a60b5312523393512e7fb1efaf53cfb63c09313c101dcd5f3453d72fb4a0c1ff8a280f0311ba80c300880553538657922f5233a88e077912c766a15cf32503241e7f63008543c094507908f4c182048c386dd181569
35f7f60cef78a5f197690ed564d4ac0215b42b462a3e4340c08f550a702101dc69e752d1e410408e9978fe1edf329d6a97d9f6eae1e5a2087772db1e3a276a033f91842004bbfa14692f180fc6880f93225dd09935de4f5b280f11a0bed053e793632d42c38a0648f61a16e6ff57f282427f3730c60ca263
134a98e5eca2b85084c20a190307c0093ca2319a1949a0573d0a24309f7116f9a138a20b78001b7ad673d1f534118c183c8d255190bcc2336b1dbc270f5cc5a5d8943541b5f189a4d1a04a2bc71d45b7e53830a0d9024b35b16f0c417d0b17e84922fa44fcb317d08e394f7b225f648c50ea873840494616
0043e3e3e3e00001e68f2c6d24526d2171110f932f4153e78e47287ff22c286606a9184c4560c8cfa9dfa4e4b038d1a1ecdce3e602ca34e15b20e2e93fde0e0e09f000110cb869c94cd6ca0f47777834585f62101578a54616112bccfcab6fb9dd639b982b0feb8da923972f098d6e0d133720ba8ffe434b
000000000000000000000000000000000000000000000000000000000000000000000000000000000000000000000000000000000000000000000000000000000000000000000000000000000000000000000000000000000000000000000000000000000000000000000000000000000000000000000000
0fbca90df4a64a838b2baba279539d3761a10d7c06356208dcb872996fd61bff3a523bbad192b3a554addb168613ee7a843a4ed0c1a48da267d03fd0241e529b6f49ae12d7fb7d6393016e3f912420fcfe1371151e91909d44560bd8ae8f59f8f213548db4e95d9e8128b5206e93cb2142def3891af0de10
304356f20739b591ebc3393653464c3cbe157e6064d0025a47720d9408fa21d56f6b87fbf2d21779581895655d1297e87c0048b791388e251a2975a60d1415168252320258ee137b5fad57399b7352efc0bd1317e92c285b82281b20201f6f3e9c406ac75429c99a1a248ac87cca2ebdf01cf2e73a4b9696
2e8813eff8ab29f14b8d8763314e132b8e7d08a4d76c205556cbe9286a562614e146ec3395f1abe4d2dae33bcc039a2206cdaaa313fbc66aaca864840182281c7ae610c1f0a5735c7fae523bdcd04f418c71d28df525c5b201580ff0f6c0d629aee0fb376bf90bbb5920a95978f4dd57b33f357bb6d671b4
35759216b56292816da1a8a14bb04913461580bb489fc28389d6b5ebb54c2a50f6e9133a89904458ddcf794fe130573f34b78cc373be83d267a43455200962b759abaf73f611170b000df4015448221ecaced20ea57039e5f28b3f8f145c8974fbd336450efe15fffc00778a41c7b57b02b05514c8e04607
0f778c0407c58830b84ba18756b68c024706af06cf4b12e9d49f45ccfbf911a4c56bc4550e101f9bd6ca5923e81119ecbe2dd4ad91878b92f065594b183f79ecaf630e132678ff6a9489fb3e136ccf550ba9f3e36ea35efe5718367f56b5e4c416426c680ba821b7cb3482eefc21f10942db158d6f80ba71
0a8a0d88e61d6d9146d8af73aa678e0216ac676e60c1a0852c830f11733405beac7aeec035409e0e17f404fa70378c7afd0802ca8137369907685f52253e2f0f43e8fc12b5c4d15671a45833c31901e940db32d33eceeb36d157078ed513d7955b3375573ef6f4fabf14cd91958a8af442ebf6a9d81af2b4
21314dafccd0fe304299df554303860a7d7de2351dcef14755ceecfeaaf220d3c86b0736d8235ccce86450542913be97aa1e3366d07711e2581d4b382a209cb218ce8a41f5824020c2bec43256abfce2776571313d5e427ddad431fa101ab1d418014f6aca4d76658932f13668c5b263613c98010a243ebf
07e11452f5cb63c2891f32be8b0df52e15f984d66b9a32ab5c6adefe24f73559b252e40d9d728f2348caf43f8b2349d3777bbcba41d30aa43f0e9dcc32e1e472f761bbb07e12eb1d6c1d223c6319ca40b77f1050437628aab8133c6f5ecc38f132b3c11535b4ba75852480b26a3fde6810ea817e1da49e2a
39da11a0ed172e43e6d38647fbd2bd121a5ddc7cfb7ce236bf5ce42cbafb22d75648c2fc504290059be8a9a42609eb02d34d881433d74c7d01e2c50b0f7c4c15526fb61145f26f01725c4d2381348dd7199dc2f5d7bd7dddffc20deabb09bee1721036ecf65f3e46492af2d893870dde8126334b9a729d00
3ed24ed716cc9793e1c06110ab5b6e170f00838963e971bfc6db398b39af2d11b4e94ae99021fd8672057467a820556170cae2cdb003dc7adce9a12300cf97470ec73ca31e2c1d99462ffa0a340202bc737d90905cc839722ded02590d4d44baaf80274e3e1f97d8831cc36ed7f04fac328cbf2b882b4914
2046c12308ecdf8223c50945e9c5b739c533776e0ed5d0c44a523f17e7b905ab23daac21c371be4324eabc68580e0c97327d3a6a126df062cde374a01e9f9143f4d30ce3461674091ee76e146e63cf9908a3338a4b98059a7a9f392c1930fa754581fb3ef4407df7b512fd8f00a912eb937e142922b0fd47
25f16e582760c7e382b46e10b31e3c318deb322ad556d06f19d6addf256822b7375d8bca5cf39fbc2a7b9eddb103b4ac4199b0c4d16a051bdb80916d1de3d344d19400e32fe92283cef90407ae3aa2f96cf8132ea6db988341be06a83b4534d5647089e1d8168836ce10504076458cb2a2fe33d177e5113a
0873a75216c89b22a00e06b9036c233050c26ef088bdc2f9a54893e64f4f359ef872f61bb6b085bd5df2782b163eac54f3cad2bf70370c65a43d03fa0b73a1949218a7e04e47b5bb5bdf0e350b989b28f8f511312322249635361368d4739cd348614806bcfbbf328323281cf955a6c4b333db320715874b
197827d47556a81075527bba74551b32a09bcb35264fa387033ea1f520073adc748de9174ec1fe3ed972beea631b75fca6d11e97b07f49e363cf8b1f15fade73cfa0ac239e0dcb0594b2cd1643f3e9d38bd4728241acf12e29490b336d8e7b4ada0017ccb50946676600094170a0110931c6be3b254f59d3
3000004400c3e311ca80b55859ec2e12481b78bcc03be0804a74517ec3ad35b931e98f6bc7c3d377e90488b15c0988d862b0912e51e9ff57fd5c786707ffffdded0e0f006f328f2855b71527fb75fc332ccda1c3b76210e7ad50114805efe810438382f3576c7c75d5350a7e89d249c113a73b7f3ee0788c
000000000000000000000000000000000000000000000000000000000000000000000000000000000000000000000000000000000000000000000000000000000000000000000000000000000000000000000000000000000000000000000000000000000000000000000000000000000000000000000000
09f9c932f8692de04f4548d8040d90061a423cbc26bd03a1699d66841f1d3831ab9cce208742ba38c651aaa36722b7feaf5c0cd6d29b46f4c178e3900b0cd46ebea5bd413eead235c3d4af026948402a686ea0e191bf553bafab0ae653fe8823e8627619842dc371ba100b40ebe98d7e4046ad44bf3c2f97
1619a8dd7d4b7a81b7d258c4af0da31b6c03c9edb8cb501a637887239d533c065acdc59a99e19a48b91bd92ef419272835e7b35e63a52c85dafdc5192da343e7dad980c3616825b95273f624175b716fbae430c44c7528dee0053722138c5030270141e567186db8273f9c03b1ed12757361f61b0d8aa4a2
11c21d100e5c02c209cdb7057379b828f10711ee8153f0247d8494b83ab03b24e1b208fd15d193da16e42e29920d9b2d47ae691fc2ed7384967c2fab3295efd92729fa120590402dc637320d165aa784d73fe18bd61bb406bf611c549a4f80ec0f22dfcab192ede7c032ec01ce3cad32a0d0497e013d30d9
35c7f978e8ce9f81923dd77cba3d17296a0a0e22562dc177e1a102bbcd743682ab0618c42e703f0f41cc4a7f0a0e81021d8a02aeb0e105ba9b2eb2bb365795c5c5023db0d7954cfc2c3f57303b169a799264c27007c1cc84ae970a1fd32a00b89e211009622f2813dc3f91e6c9e5827bb289a1e0cd000e87
397bbf96d186a42167ee5573182ce9291eb3622ac174836b434ad8dfcf9d128facccbe453770e17fd62bc9630d3d6ee94d5645924363e68d1277c91b104360503d5325716b22e88bad1dba02f3b4beb11f6ce2eb116c5c466466033a09481bc1fd52a7fedff00848750c902178d8274403a03433ab055417
2a00557f3aed40034ac64cd6760423084466d7fb5d5c804b000e6d52f7f72ef0ff7e63b0e263e9f3d4bc5345f837c4b0d2989b31b0de4fbab80b5e4a2426bffae756c583b6fb3b2275edc71401a268e95a5032228ce2fd8fb7091dac8a6ad7f572f1c8e56870df050d1d55b7449fdda910d20e27a24ef08f
276060db63dd7aa20692affac652560595c1ee6223ae31dfaf73f369128e11b7d0f3e311ba22a974d10b89a9ba3e4459330fcd15e2a87c84581374891afffa33a513d4e135a34a10d4368c2d0ede9491e70a2288735ac3fca4e31fa7c60f3c860f83407ea8d2cf186214214f5ad0ef39930e380fbcb922c5
1b26a56d7e252603b60549ec7033cc015a94d887b09b1208b582b4e69eb9384e5baa6f5fc222d9a192fdd718093b98c2f6f2c18043ad1499b9383eda16847cd389759081a6c719130fc8d305ef750020db77f12b3d8a7a080bdd3d4c576320c424a0345f5dd5b4f98429afd353b8c3794230ed0216c31b60
3691381e82d3c650ee805bdc4634de1f75373154db25312a0c5d65f2fbeb1e514b2b6e1c3ae3afe88df9e022542625bf127f57088296e44d4684d47d18e07a8e8baebcf2212d76933120d838318f72936b6b7186dea145e0d0d6104fba437f3e8723047c6d74f405510b54924a0c197c30f2b449e1f4f898
01112c3639118b8185dd1e4edf5bac26446e22c0353a224dae4219b652b1176bbd82475e60e3648e4645a63dd10789f7449313b1f1f2c7efc5c6cc5936a685176ace56d0ecd1135c6b1cda38f2cccf58e01bb08a7d19d44a81b83af9f77ad0344ca1a176ec6b2283a832198fb8b2f599d0fed3d9437718d2
037fa44a82d78b71e3e89c28ed933223494cf1a0eed4003efc40c49e771f0e3b2449039a3902c45cddb610ba4e1a37fb9e0704bf11bfc167ee02a24a24ba539d425c7552770042200d45a83ac62d6b416f8733ae3da2a109be8219ef0488cd6c73c07be616c4f18e1b2183c18115f7e73082466134f8125e
1d94d7b1bc8c30b21f8658b4d64c7f1ad3658e9ed1d9c20a3a249a7333fb0af022e4b6dfee80021154aeebe3820e4bd2c99f96b073ff3f669efd8f061cdfa602c917a68348e22149d85b0412a210d3f759de619408c89a57369011540289b70b3ed2fe233b851242ac0992c61530b11d127de9065ab4912c
1717734746acf9431e2831e908d20512f6ba3f9e668e30641b6b4661ec7a06087130e6541221f55f0b7ca2fd64017008dad288cec05d0af7f761d32630570f38678b173394b80f4c76a36b3c4ba8959d794f80835c0731f335e63b124013eaa464e1c5c72e438f668d13d71c3766323430b01b4f34ed5d51
10f367418f19acf29e2f518794e71f31467af1ac585171dcc4cae00d5a1a1f8ae5b9fb9ee7525600cbd6df3dfc04205dc6ab683ce038f3bdb689c4b21cc39966c3ffdb707a654451e28a300d7a1cbea051daa3da114be6fcf8060dc07eb7e9ef2301950471cfd387e8186d9cde10806da3617167e3407fa9
3ffff0001d23e3114509fb0121d13024702a2d09f7fa013a430d0d9fefee30f8ec3f37583b1314d81a4e3c418a19cfa8fd0ca5381277f46980522ffb000007ffdede0f00b1edec53f1c4941ee76ea20c90ee9366bb15b2b6173033a828c5120a09e3e2433ec7a2adbe2ce7163ca43fbc3034a03e4a643bc7
000000000000000000000000000000000000000000000000000000000000000000000000000000000000000000000000000000000000000000000000000000000000000000000000000000000000000000000000000000000000000000000000000000000000000000000000000000000000000000000000
33b6d9e3f0b4ce617758907a3da43417b2c9dabdf919a1facb4e897d3e1924798b73550dc4910541c7a1e842f915dd8857d4931d82c6edc3e26549be2c9078640862bdf3a8b24e1e235e1905432c3996acfb7127e910dd12efd53567f4841ebcc6620d3b1914b2a458075b078e44279fa27105e383b10fd5
0f794055ab85dcf23c7577a26911293a11f05ac248ea514eaa62da35534322277a829e0e2863ce1158391463443d216c85d5d86a91b5de39501e3d621b38148fc6ade643fc0b47d13734b73a1d61b1757dc4630070bf577f3f3219279885f5f4c49131ce02a150d01d2d167a27a7775a03b53b89ac1af0d9
2923dafd4abc0db1127db8e420b751184ee9e9a29c7a705cbea47a0b555d3d52372cd9173fe306dcc6615a0bfc2c43ac40995e7402dc8f685f7e835e282ca401a28a9131afcb3b0f689f7e2a69f2413dff0722cccb1f2ea35e2a2046862dd4a470220e69ff147551c91736e322550469a0125e8558b3e826
27ed57d451f6a5729eb5ab48920885399cd16be53cda4239428e852f89d83d6b2d165171c542a5115562e606d318daeec7560c6c82055a1b4ab2891509413262925da140426c70792543f32977c20f52cf2e63149ed79f6b55570e281cc879312b61b661cf23d31764354398e41387e7b22300e3a342eecc
1c1f87c251862b908ce49db4200c2f0a62cd8e51d88150d86658c07a88313e34d286c0d829929cd1a05535cf3e2d79f460494669005d2c194ea3f4d02ad2dced129408722aeac7cb45ad34057db595019bbfa2de75f95e8eaef20ea79aca78abcc9382fdf4d5d2c66d1c0fb098e55fbbc037e6d7c46b29ef
183570b7d1219331119ba72d592e170aed6a6750abb6532b0465db9bb603006ee005cc0b2f120ad270b86f417f0f170869cfe64eb0831609275d21e51c13e7550cc8c9e2e7f23e0f10d22232b33b5fcc7c79a314a661a2ac69d12220b34fac821ac0bd2ea18910dc3a0285679e16cf8b738dd638ce40096d
33332e50a88c09e1a3d6f21a01d36e0c1efba90180ccb18ce38996eed5b42de06832fa38e7d183c72176defce702ceab87a76efbd132029439487e8b3ac0834053bcf220f7b6feed6678db0216e0d8c716a592ef91e86b789abb0db4af94f98370f0b8d4a86944131103f7ac0905fb63c39030fba5c65571
2cb1ed198fdb1d5265bc34e0b5b98e25b910553d8da4515b2ac0318858e82656e0562eea38215bd3d9acc139d821c7877ea71b248303c0253f4d4de93ea6a59bbec0d9b2ba61851e0d0a3b08d9d507b4810513ddb68e2b400889210cdce435be61515764184491f72726f159509843013303d8865a2fc3fc
0c934b39e7495fa1d505c42d0f5b9612a50bd6475bb3408ba442293b10c81ebd25500d8761f3f146a251f1025b323c9ee45e35b163cfaf5c32fc7a633c2b5fea2dc883a3af34f1c0c8b0ca3b707cd2ca984301bd0ba4c9181a322bc406cfd92e7d92fcc61c99c2d9e43cf2176160e30b51fd01c1b9301718
048721e7118f1e8068267f0a691192232ed60d5dd22f2315a3f9242211f421ae73b11a72cae160ecfe349f489a2c6abeed66aefa50b57e22672ba05802be3e29097ee2f1ac7655be30abb13573768d8629e4237bb3dfb3dbe13e3be25bb335b8af124ac412625e09d538058beb612ceaa36baf987b24fce1
355294bdd735bc22f52e5211b910ac3029a0aca48e334024dd081b70d83721d20c3f747ba320d563ab1071a10f1f60d38869e299626f79c7e7a4b3bb30f462bab3cf5c43b19399c5e654e52fd48c7205cd270351b419aceae9f8273150518838b931661b13292c9d1018121fd0964a9c50835743aa795f86
19a9a0f1aeecb893372334ef38448722db286754ac42e2a93ec5eb7ebdad0f18c1d5117b32c3233d47a23d7c000cd3a68d633cbed06a5ff3c94a777b13b00db9dd7459e1536169b13b368002ccbd413795a9c314bf3ed16ce9e904d1242e5a1eb4705ec0fcd38c23ce2e8c76df17b4984215872958f2dccd
26373f16efff933080fccddc479b181a954cf67500f040d78878fc9052ea223e0b7c0a84d2f2a03225c73bc0e9315c5b13340a7823e115313c9a6ed11c65456b01d584d15c614b75d2fa1b28fa50c015afb8515d9c481c26b3513ee8eadc486a5b43d744a76fcd2ebc1c468d1333290e52dc1241c6bb560f
339549c3d27cb4400b9fec6db832911c873ab900b33a12069f98526b495a21a2f129a42935212e8176b23e57692e889983676a4ce3026cd9fbfc524e28b71ab9032ba482c458d3c9be4ef82e3ea88e2983e85386d5d6446f88bf351352eb18371711c59708f2fa7c4a113b8823b9778c90f4e1f8bcea2259
00000000151fff72b71ac0e573c7181c9a7dd836018151983df782a285c71125582d4edefe60ea0c26cdea9b671ec1eed5b77ac1b1f0d23870ba18df1fffffffd26000d2a4729f8d041c7511b2c113e2ef3f6133e1043e8dbd1d376d53e9547080e18af9ec98e9b24d109f089522329f310796e3c781f391
000000000000000000000000000000000000000000000000000000000000000000000000000000000000000000000000000000000000000000000000000000000000000000000000000000000000000000000000000000000000000000000000000000000000000000000000000000000000000000000000
0e4de0115b5a0eb0e7d5a89955b15023fcb71294baddf0401dbd8390699d1b75b370e0a454e0f0a4a55edadfff2e06bd1b7fac29d019df6aea63a8e63e591965f9b53490b2f049c2df41eb146f94949c147b4297d33482e92a5918e67e44d0101122f2e58ba864b3f6339732223e129f5186c6c5ec5756b5
2e17f8bbb329c96241f4f7514032a20d609f5057478290171ad69c4f781932e644482973e87211fba013cd75e42687db1e881f0aa325b09dd927369736eb66e1c148a9c094ac97e96a21411463be871db93c1140a8818c062efa31f7327a919c52512c60f8f32077b205f17d5f1bccf2e01467a7d64e7418
3470ed657f0edb13176659f1c452c20ff36abee40e13e2060d116f4dbf9b0d2be10eecc214a375ebcf221758e80c422a9fd6382880b826942be3b69705c7894d46689280d0ed61333523900007a3bdd9309e0251193fcb348f6f0ca9b834c5895d915b365fae7fbeb73a28db4597a769228b7aa261cfead5
2adcbb95092f240246ed3b3889aeec207bc1f4a5490ff01224dcdf22cf9c04587a2b64c02690e19c301a22171c153016ab39cc4232d8768474c4fe121e0a947cd65b13a32065feb40b31cf03c9b37a532ac4b20b45d20da3b89e3781cfc2797d7ba2e01e71298dab34319896985b0ba6a09077b40d66d643
282ad2bd338542618cc4b4c2d85d3520655e18a77449725786c9908eeea83f91b5d1a456ec73553016ab042c4308450d2cea7a3830fe7e10f81cfb5c18b2e2f7dbbfb0317260c9a01985b73a783e228c1474929b6bd8a18589b429300d69d070b950cfa6fb569f36cd2a038e027f3ea662d7887378082e0e
1ab23e59cb7513a336d17fd1e6c5cb327d9a7d41dc9670048c2095e25f28352370979ce57cb0a2ccbf13a9ad941f539ca41c77984240606529d6e1363f9b55f724909ef1c1f7502388f0ce1a3d9c74769926419645a0dffe5e570c9a05169d349572b61423718057b30c8f396b34f00f614dd189157303c9
0cc01a3f8ddae7b0d0df3feb6aead821d7112d7aa2e4316a834dda20c7f21512765a9a9a6c53cd012417ab1ad83aa496c0db271241fa2acdfd4b26e23dc86d46419130e2d45e20b9e4190b1e907bfacdb3a5c26ae9106defb05218ec297045607aa153b5b892f2f7990e0d5e0e9b81883155c06fceee5318
1999f75748d2434277d7582f8f02d63106b889f3541e423cd737538e538e16e1daf53d6bd8c221f4eb19cc179a1b94ed92791adca2893a8a8aa4106e1384238af768475181328f126f7c6b230342fc853519e3cbe4c8d099f7822f9b7b06afac40b084041b40886dd625fc2562cd1efc51fbe3432fced7cb
3186d684f117d6500e6dcdea5c8cd334f0fee4ccbc1122cb2e0af733d3c00edce0fe42d09140067836581cdba60be33a333b6645d0b52c12240f968b3dc5a6f990b572639172ff5dfeebba34daa9892c35ea5028e88301e81b9119321c69ea6d4dd007c88c38b9d63830cf2a74034516529e72a8b2f6939a
087bf655da9c84618cb1c0783a2da60e48d299ec99565340b5276ceca7383bf2785e7da5b1d3567bb33909fd6937b2c361c1dba2e283444641f1e894164850e6b841a8c235269fdd884bf131486333c75b640209f23952818f1c242242037654c912d405c8468e41f71790851969afc1228f97d430c996b1
19c491514731eee1117655f21938d238c8bb41fe7ccb637584ba47967a0c09865f9d108a948160b5a5d2d022a935582ae2913f9ca1e330660cd402043a8b10b91977714124c6062f4258ab25fefa083433bc41f246b3b646192f29af16e0abf3e2a258c8343e3861c82bb5571ab6e472728156917efbde19
11a3572724f29ed34d521853b6950e3a573db290dd05938993b79070620b3c13514b8952a8c25c9c769f6bf2c921e4e2db9ccd9ef136b05ba98e10c10a4664950d620901a94f7335fa0b3506d3ccb9939c58838e84eb0c97e91c130829bd2324b263065a6be6544d0f0f94a5d3b99fd4118840919f36b267
01452aea04fca6c2a6627aa5b35df50fdd56d05135b49045b2b7b65c28fe034deb54a30a4693afd95ac02a03d13761a425dc4c0c339f3b460decc94802e3a0e8351716d010e605ea5c8edc217ce00e03797ba0b60754de4b9d7b182dfc45bf5274b2420b90b7ffb0912ef207da254fb0f29083e1b360306f
0b50bb652fefada31ebcf8a46cadfc1987fba130c74f8090cd3480de234e3edf46e462ee091287ec7491f8b94807dd589f239f91e2d224aaa85890590454d7fb262baf9250fa63a07cc5fe0a5a200c0371d78247e71c60772e200dfe20a5ce526a50b8099dea02663d1bc9530291334433a6010e4db441c4
00063ffffffff00144e2a6369883b5104b97059db82b60ed7c462128e7bd0406912557eae3a3d140665050b24205d02c8375b02343aa57fb7ce075af3ffcdffffbe00812b20196b9156b5228f9b835c2b0d5e12d7fdd8475230538bae120ea752f3243fd3e3675eddc16e6d47971ca4693e3213bc683ef0c
0000000000000001927526d01fe7a40000000000000000311e16738abe4200000000000000010e97b02fce28ee0fc150cd74ee807105ce6afaa39396000000000000000012975e88b50406000000000000000034be168af4260500000000000000022c946a5566f08e170a9405c60ccd731c69c64be1e7c4
2ccea6230a70c482dedc81acd52f841bb0fcc357a97410f1eed7dcbad53e0086f6df9e6fb30280ab93b4f0c3f116ce7bf840eb9130cbbc4e5b906b962c6d570bf980cf0226d83db0e7bcf516dd57371a629f92d8e9d7b53a9d60262cf579f44cfd324586db249c19023d48d669d17fe6f3cb66158aecd970
2ccea6230a70d4828c8038bf5a97222d31ba09dabe27300f959270ed67940c403b6d1d61178016157ebf8c7a55295083968b191400edec59323ec57d2aafebdf4a4dd050aa0c7330c4d0f40475d9338059d140aae3196c159286089e06794c8d17f37bcae7c5c2e2cf00e205bedb4dd8e3fe35dd8fbf26c3
0141e11dc215d2809202aca2f7a9a31497effd665d74c3bddc2219f4495d129f2d273bd854a3ba754c1efb30ed04c30d2a5ee1dd2048eb1673be17112c2db5942965e340ef2283428c9abc09699879aa65bb42cb41e6bd03ed060a192aa6b9e86a923d13bdc38b75a30f6a7baaec6a3e73eb697587d3e487
27a494d7a4f449a065cbdc9e65b0c40a298eba5c7aba63ddcca6636bcf7a0ec8257630be4a42679b05d5fccfb503959a3fe219ad915f0c5ffa13f1631c4b492c281e1ed351f2b7bef620c311451eaab185ff60ea379c01343e283462e1eed4654911a1c7e3b1ea0c4f07a25f3a87b616720305030269e461
3ebe1ee239ca1d93b44d18ec306afb241decdf80a6f051dd8a0e4eb22a042494ec69bf3a32f2052bc9ef8226100d077602970c4282a2851ab48a17520ee25d9c46559b935dfc439ea00da4255df715be42add2ca63d84403f41c08ed2db4f4f07852400c747cd762f53e8fe07d9f2959e0aff1786c6f6418
185b6b2856ebc67370458fa0bafec4031ec546306fa491a020c66c50e195258183445970eff3098836919d3a29280967c0085953c229fae150544695291175c92bf38633b46a4d5742fbc40492a0c6004fbec2dcce03f93551d80879226b082d276152b562364251d900887ac9824669d1431d1fea925bf8
2b9eb33fe2f0b6d1b21a796de26d400b909e28ee13b1026c86f1bdf3bf2029b12aed86f578d287d5b52f8685d709060cdb988fd4d203549cc40dd72904c34237926b24b3b2e89e44916dab398c9aa83a438291b6d1973e07985201ea6713d6701d63fb28d48b0f9ab23a851253403737b35d785f558d0495
009a87e69e6cf4d18b001ec9663671176ee3616e7321528fefe73b21465325117cf447b235930e3f86ac1c9e7607e9cc2725baf7d0c6b0fb0ade8e350e5b01550921df2066a8b645ffa7791942ac898ad687f163e18ef8ef7e552242750954464d924643ba9a02cc6c305e5cfb46e8049290d9861284e0b2
0a7429e8384b7412fae559d10be6132bf02588669659b31619fd0500042b1574ea3cf83c3083a6fbaef86dade11fcf0bff88a5b730ea693cd9fbf08837dc050b920827d2789a77b897512013201336e54ff9b061cf1c74b085c718bad8f04798fa02af1b00f0de8b9c10654d6030fdfe11bd833cd597934b
11afad96464f0e30e767926e5912131f4ca4d78fd8c162fced1612a481a52e99af1e509e779160a401ffecc0660e94107da927bca0d445b10fea47d53abec38a869169402474d0a4a92ac90845c8bfc0371ac3831884fbefa43e255509510b43cc60cec27b42e375082b9db347534825a0c87d423600f474
1fec6a42dd7535a3ceb85e8ae5fe440fcbc88f821ea200fa0b9c4dd095a632b016370f8094610546c297a954de146a7b03985ed0c0d364e51e74b00513a7972450f408122f6cafc480de5d3c58eb895700e312062cda7d01115b230e69c67435c040ece9d671a4e00b0ef4fdf77e359ff077465528c5febf
0acdd26554367e815a148a9009c1532ad10849accd7a0070ec31efe6e6b81db21dd91ec3be02f2ab158b240fc43ce6e602c314dd9109e7fe5ea5cbd9063dd87d33d3ac736916315e0c69512518fbb66e6b59b1726fb0c3c977323f1ba43914f1c941af5056a9ab3c9e35a49dec223849f21272f2ae8686c1
3bc6e3b0587270705b4bbfdcc905c5313e238b62d5b6524dad365c72df911301240b30124a02226e4c2bba081b0fd7226aad96d4c27be85ec252fb1d19f0b17937d09281919adfb315a309274ecce4b2c9b341f0d81d07c1ae01290dbeec5ee4cf32786b96af5b540918a7bc636a8f1d4250fd9703f62a96
34ae0de3c6fe0f63745ec6e990a85404c5fbc994917743cb88b5c207ff190c48e6abeed04832af99cacc8370d6079eccad6bc33a11db0fb0ccbeaa430756c749843ed423c4bdbcb0d1d5022754b5ef582bb0d39d2adfaf2ac4470efac2c00bb11f6208468cb739fcbd0ad8cebd229ad8b193145cca964eb7
13f80006441fff702582803e53bbc106a450b19cd7c99255aa86d016d9760a328c1c4a7a4dc2d377df28f5015409ffedb877bddee1699ca7e7b223711603fffcdbe00090c66d3d6c15f8f631bb1ff47ad5aba271af84b94d0bdd2c4d2f22effe5f91430536eaaad55e0eb0eb48e52fc961037ee5915d182a
1aa9ed11af6d376368d44367a307eb10729fbbe20c0bc19031f98fd304531f90c1e145cb2823410ff09bc6fdd01b6f8a5e4c5fc36119e0ab24a037bf21c24866a061e8605d4025f27931e60a42a5f2559ae5c08230c0336deb703773799f7aa45b1212a339c090ef5306843d17c9de2493d85dfe456f6e5f
205b7b68fe1c6991a39b9098d3e21e213058a73105e15023cbee72e415b10b4c90fa897b7673c8938f77824c32329108ac938454829c7c8f52e2284712370c6d0d9eaaa220abc8bb4fcc7c26e5426c2bd90a0345d264d17f0bd92812c01ebedc4ba05c1004c9c2b04004c305144d0ad343bedd1d48a6f88b
1e9dc652b08540524c40503360a3122c59ac1f334e9521541097360c51291165f7729c5f71221d348831e3ed34379ab8e698c002c0f4714fd2a9041d260a86cae5f4d1d26d9882a4e03425069e9c469fe3686214769718a8b4fb02ee74c4574ade9325fd052db53d7424632368b9a33240e735696c82e33d
15bea7d2eda986c14a6007c7ca640233811561647a07c3590db98ef43a1509eb7dc69ecb4a62c38a613bfa63791d1414f08f1cb8225b340e0c9f583a0153a8920805cb61f26e4873b9d1961014c11e974e4822b8e6989300da671952bedee178220298b4ef6541f7c51e0adadedd33294023f3fbce970715
36f0c932c76b24203b75283d3152d2395ad0b325b10972d7100ca761a31a173a8fb1c2f0a35253d7219c643b25050a16541f1c0be3ae1e5a8630801f3722b1f0ae5b36d1e900ff3755218d007e2b5da113407110769ae1199faa21bc1695fb4fe4006cec2d975bd95c2a3c8d5cfdb88491ac6e2886785a7e
36efa8162db87843c41fdd247b55ec06d2479aa6ff69f0f5af269c6e4bc43fbb0c4583571e916be75ef5d5864815ee35140d284dc36584f0921293c01cfe542fcba6dcd1a064a2c3003f2639a87d2bce820361a39834771a993715e22b0c01c9f3105d391a5ae0e8133a77f263737179025185ad3f5a4383
3e1320ce7b9f05e09fa8a56da7e2150464d4720babd393cb0960d4a8da9d130e401a61d6f9e12353a3f1d2a5811b47c76664c4f513b908ba320a39b302d91642e0de98f382d43ff9ecd8a41f2c688b94fff1c17153458c488434007c302025051920fc24ce46f05ea2229a90dc63542600caf3d44754f520
35cf5c057b94aa0300539513c641f72a5e2e64a336e89300d34a3f00804d0c3726dcac53f3f0052214caff8b5a0a73366d7ab1ea10c2b28d0f56f39d1ec1e97e429d75b31d87698cc3cef829539fb0467d951287a50324862a6d34c2aa60f5f355f2bd4639690c5ec723e9447c6b802cf0a8fef9b6799bb7
2e58b7f9e53cb8d11e0644368e0bef1c8a2bdfc76db662beea26b2bc11b73e73679472b82ac127c55278974a851c81edcf8ba9888128f046802fc6762d4b810334c9e8e0b9c5a27a6e6e370dcfb5855513787030a39ea1a58a9b0baec5d2f28a3ad16218858519b32526b069280a905740bba1d98a9a205c
088aaf9a26b473924e371f1e53b2ba0380f1118cc3431137cae5c81c66740ab54d82df89695170c73605fbdf032e209bc5846053c1a1973434a8610f2093e5694bf53cf1a85b03e89e983b1ad8202ae04bb5a0d4343f53d98a8230b34fb285872182b480cd4c6b43791ba0260d1f4e30b3e01597135df316
37db0ec76c137de2836d7f7692769431f4cb19785ab0710a318d9ac56dc507e41cdb288af531ab0387bc4e57a23530c308d6478b82a66e9eea70b93227a539ccc6a203a32cb54e58a3600d2e735e9c9491c672d4fd5172ae8c352569c103009a34932e1a88bfd24fde0c25fb58e4b470823ca7848a27ff7a
1d6840c4d2ce0e61527b3b9818f2b0377782d19072b561ba5df1c5978e561be391fcb319e8131bdcf3b859e9522138cec7c17e70a35544354843feb122b286d4e9389ad1748d236261996200e734d5b080c2b1ab4d950a2655663068e5554d535c50910094d7332c5a16f3d56eda06aa01c5e6a906155925
1683151c589d13922bffae80fb609a34caaaa33f8b3b23995f0ec74b9f5e3ed624d9012c886051218a7c6700330c7a66e6b22ed03211b8972531b98c338374b8608ec0821a16d6d32a48fd17cd19ec7e4a01f05331b6c100ac9111bdc7828e49fd51750aca13e1dc743709c09864c910308eea1224315364
042f7f4a42e8339057b269fb6566b116afe89912dfb513e4c862de5f605103aae0db8c176552b66958cd0bb3f23359718bf43934a090ed55ab73783b189739bc851646307169197c5ee16c03bb135744a22fc1749115d0bed94d2f8e1af740da2b41bfa26f23bdcc4621bc49d6e11f421369a3dca38e2a8f
3f2c6d34cf6943826d4b0f4abae58204519c09ec0804418fbe0be3f10d7a35f0e6e170f92a0379594c14adc03439bf1079c8f391f2d6742feb94c3840dcdccc1d550c6132285e2e6e2e4d32f73374ec7d54013555d9d799aa620354fd266e60615f14bd98072b52dbf2c705fd452dd4d315a22cf23a63350
000053f800063f83de6ca523a26e62008d1a8f68d61a20e010410573cc4017c9029d4420c570b3574d36c003ee2fe41cfe13d33e8265e2e03ae365bf3fffd603fbdce0908c0e19b7509f2505e63ebe2c936ed397b117f094382d00401d960fc5c4a27fb2f142a59b0d01dcdc3c22b8b8f0cd0e8fe26d4d21
3353147c449213605d45a1f62121373c4a97348fd87b72828a2743f906361c6020d37bc2c5913a46395b627a26256cd1c8a52193024548807ad7fb32164752eeee1b7ff28fa59b9eefc0df046ea0b215bfd1115cab88697531560e2e0b7303fb7b630fd6ffdbe58364303aa57d62606463c543d21b0620b8
160eb53b991721138d06324ea7878304dcc3aa061a9603aea1b715cb39071c74eca6ad105a50db4ad4281a4ce60d75489cc77b07b02fa410a6c6c933256cb88f4cdcb9a1b3af37fc0fca05183cdb3b1bcf8d1283ed3131634ba3358340d8502a19f2234ad157e4a4d814669283b1be0ee27e80873b14a271
2c5af61fd9c6fc12d70da32bdf25d82a3f3cf11a4a1bb2e3d9fd8f5275490fb704d84df63861555cdedabca0333a9d020435ee74b27d6845457c3a561c08e19d73df1fc3dc857be4d3c73d086acdcb5be2cfb18f719c51009bec02f00932de694bb32eb9b65d8b1eac25d374e846474a81abbb859ab6c99b
232b75516ea6bdf0e9f3f9e85dd64b1248b4ccc8ae6cd051dd03560ad7130508d22ece1e76e335df7790d7dc523a3242fd0d4bd8514f9545cfdea9933900e67835db7623acefe7ac3833921b25c259cbd6590096fdcd57f8fbf90472a07c6e215a02213218c5ef632025d0807388635d21df1e1c8fe12448
1e1f3777a6252e42313c79735b51ee1c39d6d4a0858f6073ed7a177775c23748fa04845d3b021b3aea866e08fd3c4c401277addf3277335002b2939d0b2f1a1c31cb23715b2d3f8933411f0dc41ac7fec3158380156e5b9124532551e3a958eb320050260180c2733b2382965cf981c8334ff90f13c95b3b
261ae9c955b854e2a427a8e599161c041fa7251bb80b00c51d4ae85eb320243b1dfb6734f601a44fab3f6be6c31c11f2837af45e0000cc42272e5b280977652baa937981c092c11f41705b1ba154e7005404431d809753666c021257a3bbe998ddc0f50a45b6aa1cf8093fac0f8bf7c971e0cadb59d593fa
3201cd786fd6ec32ea57b777c951890dbd94af39558a93e8acc72f6453a221cb1f1926831ed20440d31b1c929128f2fc4c26c24a81967ccc1c3e8782107076ea55ab61d04a6a36d2326c822d76b7326f4993f17d725a055ca3b3032b8c01770720102161c1667bcda011d107066e481820a74cabaeb0f785
28901ccfab335050a0932dfd0c49c70ce682e27566345027f41af419d1700b9182fa1ea9e782b17c27a53b6ec62dc728c6a53e94a3f823e4f21d57e21e3913a5841967c396d807836d13c03ba3e5896bf3e4e1bee20d55b08e4e15295403b8611f622b57ea1afab1332d5f690c7f88ccc2a2c947307a674f
1288079cfaf5b2104468089db3121212b28ce04a1ed002f184d0a879a656329fc48449763cf271d150f27cc27d1369f23f88244f114e32cfa3edc8793d2633ccc7923f20ec71409373415f01f0271204a765a0db435cb15ff1ca25d556538c839891b38acefd0914a82fe78066e7f76cf36c530a769917a5
251ff05cabdfaad1cdd47519cd1e011252c20ecf2eaf8081bccf41f495490a3eaa50d9c8a5d2994becf7a7095432eed1cad002e153a6db8db4b4d11f12c9662b585f623049bc0b8ab2f9fd2cf61d90e2fb8a5289fd5873e1317d390523e0cb925a428e1b36af96244704eabebb19ac8ef053ae49739b4036
156446d1ba32728216a778a4d3b25a363fc0d575888823a47b62fe268b9d081e03704ff0eff0856ee96f2e06580f22088e99564e23fc6b5bf915468f1366b18d7a15d612cee2fc6e68941815145344677eef02d5515344042c151eb1f6618bd5ad7340a415218d782627679263902ee3003a70c2f3a834ed
217e2658d32b76d0c1c330383f99df1f0705530e1f6e1382d3aff0801f753fcead437bd69b83cfd40fd81f936207e5264cebdde4416e6e6d5a6fbb150b4299f5da1e4e6190b4d28d3f986e057e5f31638544c10a3e3c94c62e230508d4ee54b64762e295d5aca65075211161034276d5b3d7f6a753d302a9
14ce3d787080f1c07bfd7e90dfbb263dbcb97ec2231db2a83a671d35e5453f9d2a5a9f97e4f03c82b0e8876e3004aa700c1d8b48c2c4dd6428f2997321a4458f6dbfc603cfd5e2af7892f22e3a0269d4c00ca26d1fb0b1e2122127eb91c3396b7eb074666cb49798093c6c68e28ffe4ad06641077133b233
3c3f2e284eb43e933c1610f3201c1f2a21d607d40869a2e7b3ef31e5fb7a08b70109eebc8b4057738c369969b327c6f454f2180b8183b7c5deb6b1063a0438ff98e919001a16a46b5c5655154f4d584172d1c2601ec17aa2bd690ae00a9a703701f35289525c3af6673078f1919351f4c2dfec08a90b318d
0a51f801393dc9330edfa631d4e2b002316e3161603ac3f996810e509dd711dc91535dd13b22141580b83bbd273059a8e583970e903a6f2aac87dd8b239ded688d6345738c86130fd7c29a2171308e1ad81cf0d6dcfba71f6c4a29473debd3bdde3343cfcecf34b0b70fc05a21ff6ed7c163872b0cd3bc6a
13f800005817fff1743c0626189cc40bbdc2b23004df53ba9ebf38740d223a99564a0e20ece03708dc47fa1a6f25b22afe549558e31707998ca13f681603ffffd1e4001345e1fcecb1b19f1a211ea6e5ed9061c31204bee6812d22b354daf4cf89a0a469b74bbf6b432d26ea80d19553a3f4a5502fb79fe8
011df6317e74c251153b5c0264857f197d0241ab1b8c009e433f0098dacc3fd853447ab9196188b8a87fadcb79379930a185b000137a1872ffcb055514845f37573d67f33e013d8cd155803ea4b2bcd9cb5f11486dfd0f80c9a831f32a9c774b50a0546bbc6dbc1cf7228469ee7e2d6b31c2fed5453763a7
06f82000ab9c719016dd22d94e2fe033e1b9cc2e9791b2109dd0ee7a379e021f4f36148598314a0dd384bfb9753b830a203b1b4c53dc5d6defa6472d173f544b2c780411ec8a5d225bff3d14de90a8ae48d7e38a603ad6ac66ea18dd1303215677d231961371ddfdc637995cf281f35fd19e7562a970ef4e
0e6a71c09265ac8079778afa583a771c229c5954b598b01a29db5d8cc1ef1f6aa6d498cb8ef02257c069a424f226b420f18141df5033e2bd36bfbce5323dd5f2f84b8b0121b6c142bb08273c2236265423e00212b0ead9b7a237208f81297d8b28b012dd9abf4885753928c6231a38a1728a3db306b4646b
08edfe47fa9db0c0f6d9883ec607c12a0ed2bd61fd1c83a4f2b99a9a98f63542af62d336be00c1272ca50804b503095defd1bd4d139937fbaa7ddabc00876e9b7687ed13ff28fde1f1ade324a97801d536b4233116e648676281054321a9033c76326d6fec711a5ad51ff3f1c600c30fc1edfc6140f2d2e1
240288e58d38ef41e328d864410d4c1f263229d3c1fd4135394fd1314e423dcbd84a3313a22039c3cf70174de70eb4594d65b29641f565fab18e90890900ade618c19cb1bcd6722f1d8aac0822ebef4a352da3bdb65534f808cd1404fd04a5594081c713d1f4810da50e23187efc063780cfb3d14ce72116
3e6922c90e4825f1f71351317482ce17a21ac77055ac2290197b1be35d9d30cdac3dce791ec18d4c1ba33ea443154ca2cff54a87825193fc2246c163284acba5b9ac75b05c4812a16dc800334fc6436de495e1593eab1b7fa9f40d377d941f28bf107ec85a3916906f29073deca89f3591b72dce714b63f3
1dda66048e1e2c11b270932968e5842badda7802588fa16902fe2ffe4b532aaa343e51f260b0f37621dfdd066d147491769fccc4a2856cdf25015eda33a598b469d71082fe50569078ea2b2d704425caf38932ca27fba8e23f241687d55be8f63ed2251dd64bf573de2be7bdd6239b13f199ce4e71e97d54
0b6f956217fa005096cc7817ba56c7300931da849a8400c26dbdb909c12b1d4e8859d47147b1bb154e83bbcbb92df2458b118dc10348db7d4b8223563e4a85e71ace92f04efc6927f365131e808bcd55a7f501f337cbdfbd64d42b73e97ffe733b82c4c9d4a7e835e02ec8e69ae90f5790708f6b387c6248
24b58468d7f1dda3474b0136d421163986dd887f055952b9c0435ec30549227b81bd234a99c3c1995e49d5bf801c1bfb34cfc5783345bc4657c2f2152047f0189cb99f00694c5bef1b02fe318e6b674c54b6b272383acc67273e00e7cf750b7f34b2bce4e04e6c1a08091fa566224935930d00c10c817407
1680e665726108f3fd9f12b3dbfe4303daa8a9d66dab335b9b2ccdd7010714d323f125c05f134f8efc7ea0aa8e0953dc9f1eab79f3bf0edf9c17214932c9cc3abc040cf21a199215c5bb28047a785c6e69b551c14dc139a1d8b80e409df9867aba73ef4e0a7fbe9e131b7042faf0018451823d2759089f25
27406bc144cecfe1e55ad2296600d62b966bfe15c57061e4c9841829bfee2695fabf9a9cf34171d9e3b486f39a0e0b7f6bd0758520e0a8c85fed7867009dcfb179a71e20857f4935eac274030a394c256dce52d919350b9c9447176586f50a8ba8b35da4e85cbba4b72a7ac5481fcc14b1ed5a862aa81a03
111c921f692d2c234c9f834e951cbe37b0129ad064f8a13e4ef4cc6ad68f0d81a56f9ce6143080b5c55d3b5c4d110e8f30c45335c14bddc8185b99bc3934209be8551ce15b5c54b546c1362cdf41e3395bdfc34f58425f6cdf053f985f99eed8dca1da77550521d1aa0972a7e700fdb821f8377cf7b1e9c0
2ae66d88ffcfad62fdac7ba1aef8d5357dcdcdd7684ca12eefab0c7d1a4822062210876eba91b0d884a4ae44173552dbf1d47bcea2b9438ab18973ce12651d0b04af864073139d0cf1cdee2f8831b7095a848115c425432f226a2e30652d574584d07aac8e09aa0a8e24d9d0aed892577120a23b651f21ba
39e68426754dc5301a77a442dc2fd50bce56713209b891d1fae428c31bb10a084c9093a7a2b001cfc6cfcb157b2615bb36da57910250eb9d1e6d4efb01c6cdb52f81d6733bf88afa95e8b52eabf8cd759f4f92870024aaafa62906e107a77d90f0c2b6dd7c1b202c3f3c17241e3441e0f121047c01fb83ff
3d17c40c43acb323c46cd20341aad139e7079de220d5011127071e8acaac2c3ab7381b7e5d527b2359a83f9834172c48840733fd3018618f38620e4025d754283a0237507b1dd8698febac02a778dbf92c7a62e6bb2b5dd7781930101a0b44c855e390241f3b76a1912e033daaf94752230d2a8a7cad2066
3c0053f839c052a171daabad8f6dd612597b91914b2270f37c53961c87831cb7278acb00213267a66480becade105be9126c5c8f81fa7e72c742db5d21ffd603bdffd7803d9b82bbbdf5c0320d568a619a7b118641d634d0bc3f3dc90b1f483616d2cc2ccdbf5e9a922b6fe0ed231668a102c0c69c3d9252
27955f0eacfd4c51d1a23ddcf3f3050d2f7c628f870353b15933c3633aa62e20197775f19a72a5bbf6248988283767fefe89fb9ad155dbfe0b4670e02c813f7120872530635157317977511c5ae6cc363e44f0f5535ca6001e8a31dfc6cb12d872235d046f98cb2d771216148713b021f374b41ab69c3bd4
32bfe8aab7e8e4711f5661fc49dc0801fcf9ef8aa5b2e1fcccd92f88b61625d9762c896b8433de48a4dd8cf9463d63279cb60a9a508cd6ec503364cf2e430ff9586cb8e2c3cef38b79c6d828e2094943a8da52b9fc7343d04c8808b62a42d753627284f4e670992ea6053ed98100fe5a11c225dfb2af16e0
1f1dbbe5e76c6fb0cdb0df0280e36627d0db120df3a7d04ff1856976ab050833932c54eaf113f35bd842f216c907eed3bb16c5eff2cb57565fa238ea01025ef32b278f812accf827a2e10a149cc5e173eb333111bab64f17ec071ff491cf9426ff33d344e8befb67fe196bbfc6c2d154610e12d27a4c1f03
1b59b0f4f278ef43e1431aecd551200e9c99288e86cf1328a40251ff714820b845ba2ccdb87045afda02e690fd00064f6f82e38540757c49a6b9b61c0f470a112bb3de6254ab6e024f62ad34593502f658e3620a403336259081314edc960eca0c815ccf33bee3eec522afc9c47e9fae713df4fad2a29e41
0bd34bde239d68513aed1b95a31884079228406a38c9b13dfb93b153f3332359fe54cc333fd2252ed94032663d25c0eaeaf6dfcba307d0533066e0573cc324f6ad2dfaa1b865e5ea10ebd321f7a5dfa7f6d6d381dd2d0d7c6e8e0211497a4754250091c3d003bf8905189a9f4525c8df8300a288eef2a28e
21fc34776cfee9420caaf762d147dc2b062f96a84aa96324a3091949235720ba9c0ebad9e27188ace787353eff27c39211d8964b2189e48bd3f9a44d1f235d9f15f31183d78d7ca51caf4f202ffce9f2408fa203f9260bf83ba41ef2b7e3ee0f2f93dab09627dc438021157c3b2c93b75209f26e33169a30
0a09aacb15be9a62ed06241c1abe6d1078665afc8fbc21c6ab6db24e13ea3ba82d98b5c2b77345e7183210e8dd16b9e36620fd0043a7874966f8ea1207e555ad91ebc102ff0ba783b527950b107a16dddcf8c24986f0a1955746275b31ca3d44c1a05be3a13658d943050fb9670268a0326cbd7bf8a1abb3
00842ea4e9254e5279a429f8d557df2af6a3e8f975f5530385b7cf7c2f0f39b8b5413ff6f252c82b297d6da80007eb1ffe5370e48166b834036630ac09de99c74c4c77f24f1a9ac79b4e1c3b641719c24e448308b2aae662395100fb5e2b6830e6f2e60077a5a43b6604c3fee38072c9035314d997f6ed77
35f1b4c962f34e910b01bdff6035763cef9171c9c0d0904a61225832e4f903977822f8c971b27be902ff9c7e163e341bbe7c0949639fd4778d973cef1b3b3cb85c15dca1de71376cdf1807123aed6a7173a891b77de836ce591d340fff029302ec629809ce684ab5d30eddff86d021bbc00531d6f9827718
2969e724bc71d210c141d467c9695c3f69bae0fbdaeaa37e7048c73378000fe517e4ad84562330a5230add47730e22c6838966eee24d7e565af46b8a0563af2f5f6bcc62df1cd105a3124c200e7b19339129d1e1edae1e7d6ed5383b267566c567325ea33aae019fd03469b80e853133611380a90e03b6c9
0762dae71e1c01d1f2fb395382a0160f6a910cc1a39ab0ec095973f2cceb31bac10794c31d933cd102804dc22439ee3b8ebaffdfe353c8057c65474d05a82c34002d8cc0e34dfcde71bfa5040aa3892f2eb141f6d5a26ec0155831c2f44dcd4e98a3037b1b8d47fda415659be5ffeb3bd3df8d9a52b6db67
3183f4cb9c181ba355a2f3bc706ae437ba22a5e9a81eb3a3bc0a09881e0c22b166639017d903063609815fe92b3d06c8b2e37489b14388d3a00a1f701d4d2ace781514a2faba7da529c5332ea3ee4366883e5124d026adb71e6d1b3d69095c4d5a00426705de010d3e09eb0f0a1eac58b24114c81d57fd6d
25e7b1c137f3143319428e8959432c3deccb81aca1ade32d05f427a88a5a1647193112888240c2cda3195d425729a2123c5c38b503432c811e90b89637ee4d25091d26c1ad668b0385da62295aa131f18060c3d7071a5486a0c70eaf55a08a26a2b1202d85f86059af052079b66972a6b240cc9ca1d2179b
39bd2d5f5b0b6521da731b07310b421b0dba5ee9671b400b76e18a2d213b2bd63df149d0b0b20c58c9240de9df16bc14900c150313ff12599b763e652044dcae5594727392380b4b04a90c08917a31cb808f701247352a84fb391c85a8bcf6919bd1a27c6742cb598b3f4ebaaf8cc52000f473a90841ee9b
0ff6f16e1e4902a1cd9238169c00aa3fb9fcde0df903f1c890d0a96a5069344caf89cc3889c07a43f53b3363de0802ce83355a39c3233d37db04f3760704f3d14069339394f508fe73f495126f1204ab5347b02fec5f1ec3a07c2f5753dbf5e42ad3b42cf6e107e66d39ad8f2f9fd21ad1f30d2dfbd88cfd
07c3bc0053f80003adff84c8bdd1853185c44b0c5f9673db32e216f56b610df1aef1245756d2149c42367955810f08164f6f1c8f81408f2e28521e833c1e21ffd1e4001029003d9b80173e073d1dda77c034d3b2c7f34f84d20e190728876bc454a3b5a004543dcdbb387bf4d84451b852dfe185e200305a
2d980ae8756ab313098ca1347fe803146782ea23179fb1ef408db7eefbef0b9411c587099e1357a0e3b22692302647404c02c92680b75ac00c1adb7e12c58d38ebd032434326e78f967f5f08c5debef8580ed2cece41bd551ede0a615582d61544a1c5a7e95ea83d112b1eaa4da7acedc16bb3a2c2dccd08
0e007ccd25822601f3a7d58293fbd6186f4433c2711ed31db0f88ce19b8232304fc29bcaf3b0b4b3baa67c52f11697ab84f36774b04f066309fabf4022b7fa3b551ed411810222e3bfb4cb1eb144089ec0da51e609e281d6d4291fc115623ffb6d7301ea118bfc61200d9baa30d8522b732181cbae8be9ac
3a5b2eb60d3cfe910a868fb6ba72811be1d6e3bbede14375f0e59a61f8e4300a66dadbe3b312257f2bd2a1e23c1e1464a1e564904146c5679a18d6b208aada211d999bd38de793edb0387c32a7d31dad376201b6336cdd95df4c2654c3082d6d1952c9a169bda229f92d9a506ce38deaf37bd89c0ff1c4f9
0c995d40785f1e71abcc1ced76bc1a1807194ad19111c161c7e83082ee2904d2b09587e98881bef1c15b812def2d44d6c3f00ae1b35b8d151e2c9af8087fe524cf0f1ca2694b424bef9c6e32dc044c425b7e93d338f80dd139c0262b574e0852ce017649f6b355b68139c8f2be8aa7f762acf8aa6723c66d
0e4b14c5c397779245c5bcf1699294199c122ca41a072322ece28402789f2366170fb1103f20a4c7ded3195eed1036327a00812660bf27dbb46caa4f14a6d4e717cc3f211ff1c7214bc4be3b286eb48703b8b171a521ff55fe522b0138b262329ed219a3bdc5765cc23502493e52c17b81bc926a19a19620
1f32c6ab9003a5702d02b8473b05621d938bda5d51dd6092b41985d4dd440fbc80db9cd7c81201e92fc4d528e015cc5f835f858c63d68dc4ef1ddfcd1cf93b3d2e71aad3face31969f04973a448183feb26422dad2c963dfd27d1d5b850e67368540dcfbd07e4b91fe0f7572039e95a24090cf8274364ced
333a7102fd3b6dc399b6a3a6fba87119ea2c0a3012b790e466996ee633c20b279db667aeb0e1829b3dce77353219e881f92dfc4470ba0ddec2f1e8750ed3d6f8002c4e9347166d82289d89083f12a9c06c3bc0b524ee3c723ae41a93ba12566b6f109544732bd7a29303bb4c05626334e310494db0274f35
0afcad14d6c8cb515f79865bbf5fad05672dcc0135f81238e6e22754c2cb3ee53da796e1dea29ffd37d4ab32930391f814dfc6c392ac060eb73d2df92fcd03957a8f8d51386db0e551152d3911c49be53894c09f42820f35bd5c2b853e9b738a4530ed9519ff790a100b23fb3c0064ad92892ebaecc7647c
09b55110b8dafa11197cc4f7ffff172adcbbcc372efb42edf87cf49f583e2696a9f144cc0ff0cef36e56449abd167bcf89fdd0a7813632510f41cd87090b20e976195b53908834a4e3f8192089c126d8bd361273d6d39edcaceb2d6621f2b77880f3f62e679eebd9fc17de44a1a05049d0a862f8f86ba9b3
20fae0968083c7819808a2e8e1aa941241d1000a2ebb2169ed9dd133bfec29ed895cbbe823619a5923d880d15d357bea60797e7061a4e030877362a72e90897f5e74a5b2ac6e4c9630352d31ec460137cf72102cd47eb946a1bc1783bbad092bfa53fedb5fc916db3a177286834cda9ad11bd307e259b07c
1febcbb4b8f9d6c0ca2c13ecf27d79389324d7f6b08660210a5673b026c915d63fe8d6fe24a3614f7da113a2b40b59223a0df5bf90a86d336d1c6dce024483e242ce46d24ce5a6597a967f2eddb665b13500e11fc43d1c6ab6203975f8c6c82e3e52a7c94b55d4d06810907ea2712c2c230791c7c4524189
1a5ebc9dad1d9d707a4d56beee74411721172d95ca8ad005259b8fe0d96d1c44c68626b8ece2fafa153bde877c2941ec10f62e0c12683ba1ef7e37ee273c8b7f66983ea35322ce131a99181e08264896e35ac255e892fc12768d14af5118430a68615485b74640014b2aa88399ee3094538eb9f14fee217f
01e860f13e4c5021765006a8a57a100cd01a93600aef00abcef97862a91b3fd6532547fd90216b79423b81b825026d17de9d87a2b32cff64e3192f482bb831fbac621c5221f52bfbb203fb05dfb5ede09a32c15058190d1044fa2d42114d82ab0d511fd077f30efc643f96f779e10ef7c2a733cbbb4b24d5
196a41e8d0b7d0c1fd0d053779136329b287650376cfb1adec22296df77330abe002ca2bb471653ffa45cb2f7b00bbb9a1ad6cacd3feb7e5dd8de7d8178c2b6a8dac8eb0d0e0842485ee7e0e0e3dad17a730f1666065f2a0b4e30b53644397855873d85083cb5b1c4b309ae61bf4a5e0a15e9aaea6cc2f9a
12690482a0b2c4a1030ccb9f5f85f70b8b6c87bdf2e2f35b57d76df9eb3120bacf1d7f0de7500c3933f423421d07e0a03593172f23f5b13972c3480f05a18f3eda1289514ff7d68b5037541833e22733450ba1dbcf555e130a880804583b39e23de200505fbd9416b535851dc1cc20d3534332089fab9498
3c0007c3f5c052a09ed8e5711baa3d277d2159918735137a80742a15b243030f3ae3254e87417b60421433f401338152685569bf527e109c4ecefc0421fffc1ddfffd782a71c65d9d6d78d277b83a6617c71c042bfc5ead426df2a9d01731d1ee3c1424fdef5c5060039dd2c422c7fd0c2c0f7b1d85681ff
000000000000000000000000000000000000000000000000000000000000000000000000000000000000000000000000000000000000000000000000000000000000000000000000000000000000000000000000000000000000000000000000000000000000000000000000000000000000000000000000
2d3d113c427af9a06ade3ec9d2905409ed63922b6fdea11f70130d34926a04cf8af7b07789411eaf56763c9ba70cfdfca4bb6e95a16291d8f7727660206937a179414e30a4f19e14fdb7cd052bf727c9823521b6f60e5588daac042ff92889f447120fa626de39c0fd1e36f200499e0ea3759f2a3db1957d
3f79676af1970550f30d325851689c213e354b592a8dc346a5b5b3a84c5e0fdfca4bc34959d141ec68825f82b72548704d873beb11bc916ecf62d7da1cc3d9cc4db3e8a124646312424d0f17bddece7787bb126aaf05e4cfb5ab09dba10a9f677d82c3cec57138ab1728da2cb0cca224607b69a5fb425acd
01c2de8a95d4851019e182ba1dc7f007d532ef794377e2155d1f162f8ea10525d5ee5b76ed82c2c1db356bd45e1c0becbe94769d60115d35137887502547f4b187c649d3566aeaf3517b0e321076b7bc6ec3a10c09feaf0641b715e630874872cdd12aa613d17454e02832ef44ac660610e9620f4e1cc58c
29c3a9cd48c3f4e3338652162d46192cdff902d28d72c11c52bd5497fc23199c0ac84461c0912b0be35f8c9f1221da4f6894487400440b7ad179064e11581d09b4a5c142f95b7b28a2bb4217e5c2cae8f9dfc10dc1a13323dcec2d16ceaf114c05323e3127f116cfd72967d0051075e1b098805164350e8c
365074448d2d6963ff477209524d812f5d5fb8843f52130d579080a6ea7e193375dff2e6708370d76e8700465a3dcb296c7f5c6e1095458a58bcd37a23e9dbb41090c5b37df042ccd0885606ce974fcc9b70f235cd86000b45a23a0c4aa165b43a41802d515d26529e12596bd82b5850d08e2bd474a86561
160253a91833b0510e6b6bb30b19440e0297e6ff38b68127cc8133b85871245345cf29fce9e1f5a9676e615bb9367b35b484725d413aa0db1ecde6b014aed7190ba9d8f19831e3678d3cca2a6cf840fbc1f01238ea89cbd65d731b0869e8cb7f7f810b60fa59a6c98517b03442a3957263b3b65ce1e0f0a9
3bb02f17cda239929d3b614bc4c88e18c70e8afeb08c930a0441565755843c1453aa8a82460063924495abd2dc2bf58a5e9e946d319144d0d8d206eb0dc82844ce5d8b710f81b156682a0a3de2fc88895685706ad3fedbd736c81d221e1a1144f28236c24eda6a2f751a1c22886a7185b35be2c0f8a6a7c4
3505ab8d64f08ca067f6a244d17741204154e9ad7674a3382603ac7b3f752f87c74f1cd91392dd1e7ee49bee0b11602f4c79961881cdde1a62e3ea4a13d6c2c1b40288a362ff31ea5104850e6d0b9554a88b017d2abd171ae6ba27f7855f023900e26154dd746047201ef9d7bcb0edd780bfbc53d06f7c15
0d9f2d8fa4ce94809e3bd527402df6113ce603f42010504c17daca75829a0909a4503f86a5a31d494322b764840b8dbab21a3056d2a311810c44a788071659a70d8aaac2ff523e17dd2b8c158a2e596e2d6d402d8e46f6707efa0b833b14524393a232604e727fb23a2ab3a2b659ffff214f1a4fa1309d5c
077f1c445f72f9f1ac18ab82c4c53521eb53ccc5588862051ffdc910457f24c045bc0609ed21c76f01c1ed85ef2f78655b41666181a559185033fb12380cf73931780b01981e354325b3750424d1ba0b229d5381d291f80fdee70a84e77807a0820033c3e4f22fadfe0c225b11dbfcb4b10afa9fb4d09b77
37a6d863bf5b62b328d33fe19d9ef3175308958037f233b16cebf2d855183cc5daad3a58c092d12fe8ab69aaab23e21232fe197053ff869670ed16d202601e69e7b7e4225cf2f8d9f2a4d01a2b119094b2bca2d9a50b8fd7eca32ba9fad6fb2511e288ce70eaabdcf524ad60d45db473539a4738342e53b7
2cd35a00d7381342d4ed61c96d7fe61ef916e28f23e62370bff96a8caa5b30d9a7103de29433474730f163598d0c68863fc71811f32e167f77f5b9790af32569cea4316016e164e743ba3b0351205f7520bc32341e842c752a381ca602a40de44e72c5f9b9b9b65ba10252522c5a6c4223c753ec6538edbf
13809c945246eec2e8401aaf02559c3edec83ac25ea080f9fe5dbb33134f095f7bbfa37f21f200aed697337baa238ff81cdbf255d39245ed0c55797f05798b66ea0016e205d9dbbee0379f2890084be076272290fef33d0286343a0c975ddd1479738f1ffeb43daa96231c3498dd3edbb2ad5c4b1664696b
2191a28dcf97841393623be443286532b3cce9b7e87f20cf808ad814f48b175aa8722a5a3552ecc6e5b53449bd03080772122107e153ae863f3250710a8d5503bd4c5f53176beb8c0492863c2fcf740fa1f3818909f8e5452b1d1d7cd8af3a3f24137190c9caedaebf0f165b1a05dd1b035bfd07310ae04f
07c3bc0007c3bc00fcd7d143ec5f8b0812fa27514e99f2a4153685bdd9cf3c3c16bbcd660fe33e5fdbcfbe86fb2fc84ccc72b267138aaf40d75c11e93c1e21ffe77e2251af357ebdcc543d22234ef236472ef04e56c918629ad61ca01e55afb799107a40848669e10c21eac454f13924b2d6e38ad1e0abcb
000000000000000000000000000000000000000000000000000000000000000000000000000000000000000000000000000000000000000000000000000000000000000000000000000000000000000000000000000000000000000000000000000000000000000000000000000000000000000000000000
33a04fa1e551b4e2d50c1bb5982cca36185e9149d486d161b6fce3294e061d14347c81c7b013cea1e9f73921ed20d629d6efb9aac33fcd79fc4a89190d62583757086ff1f1a51be95195063bc72678a7fbc0006c546969e4f53704f846a5b74ec5c303444e1e61396222918f676aba6e113d67c9c4168bc4
0601585e06247f22e0e460a22fbcee021aee95376d48e1849a34840de80201b67658d037b98102a733f02f1c1c38d28df4b52a82d0fda3d3b5f1bc3005d79706f8509ff1a9b775a80ec858096c228fec7144d2215b81a831aaf408b9cac3096de5a2bc2cedbd965f5235df426f68e40ca227ddb156508674
0adc15fc30967420e5fc7e35a790630223da96641617e20a9ce876342c3f0e9b709357ccd27399845d55e0eec61226c4564de0a222fa4cb3fe0a36a63a93f701e396c8002c3eeb17fb24313bc1ee2497973092b152bc1330f6d21f0e2418f0238db03e8da7b7f2532a2c27f6ed2a641fc01c48d60f9a3066
3ef0fe85cd2d198346c3d001cc1c660edfaf6906f821b3b89bdb972d27f21e720dc66ddd95d3c9f372f009d03b0ebdbbe334813ca017b79fc3676c1e2a56cd14fdc329d22848f9608686ef1145b7c3c3b511c01ba3eef7de365c1bf85c4f41a68053a124f11f094df4346adcb388f73ea060b77e3bf399c1
1c6489479e2cf5929a37d555af3bb606fa54d722f030e314e6f85cdd92211abed82b2f9e4432709aff0c83d4b716966adc1725d74387361d94f8061d26db500934da20a37be36a112d16373349d7906d1211f2fbafd8c0401aaf2c5e4807439adb011eb43a56111383257713fd9bec0a93dbfa2162ba54c1
22a32e144c0beb20f1c3fa771a80cb01f59028040bc7f237a6d6370894802c0956dc7f9c81623d146a205acad30df0cd2155f1595006c2b7068d6d3b3c370490a5ba0b63faa883e1aa3cc113f6cc895e29553110e95b5e5e7880129776cb08b4c962e26259afbbe3672b8167b3b0f925a0a9b59c98b9d7d0
3ea971e8d30140613fc0971d7d0b442f7d19742b423b518edf17c21be3b32c33fb4bf9ad00b354331f6ff3f7791f3bbd0e97bcf7529dadf97429fce0341affabebcb044199bd83979db70f3c059d1d955198100ae5f747eaf6122969b7caeca3d372dbcefa12f8b3751206598d5ce1765074da68609d0c8b
3f5062715c53dbb2a637c3b8f9e230025d9c6dc37f8fe16040702e7dcbab1c479edcb6348a70ec102c7378cb7d0f9ea45ddb6fb2a2e2687154ad575b37d2d319d40cd263dc8b1c2e31224e346494233d07466017bcb17ac698683fa436c337e5edf3d045eb9be063d4000b6d28c21369d222a687ef07b800
180b4595b406c4829112b8cf19656e23d9f5fa843794d36fa69022c769d61d5ffa02ab162571cf5554a7d8c4d40428bd7e7c0dc320481510cc2371c8031577929c2c66f14ff8efe7ad3ca92e8a058a4b072590fffc74c5a930941698383817d7e433b575d43853cb011c69478ad2c53c902258569283f833
0aa8dad0fddb3ca095c395ea40c9b83a1b3f9211b5fd60e4584f0ebdd9133f5501a28c06c662cdfc00894f43700b77fab0131310c3bef37da13ae24129295b6520ca67224b4dc7e48106432f207b20ff2bc2d33e059161462dd92db6929fa4e1aa42cb33efb3f65ec00a72209fcdb0a9108689d8c855300d
39d6ee8861f99e6336f7f3870b6e9816b0effee56eb9e14eee5b0aa3f08633e2357dea562402df9047bfc807d80572559bd05762f285102723c92c900c5b29ee35a3ce21bb6522482d51741497566df4792260db0c2986dcaa1e2e5119245847ec63e5b2d9388c93bd3c7ea31bd075b382104d0f4692da01
26f8cf519fe9e672e5d5f611eb6c8c2ecfe2f88ad9e1c3acd24e6cf46ba615f34021ee8544b29fc507d988c4a813fb6456fcbe6d12ea3a44b9ff82442a5e9c4d7bcf84b260b42cdb1ff4321636b1c503a51961f45af7867e3dfd06b29607ecb96b70c78462323669ce3f54cb7f6203c0e0ad52be3d00008a
071e91143f0ed4e2d5eceb6629874303557a0bfe6731229e146e7a5c27731e19fcd3ec44cee1e8f8c078339e5516f01cf665bfe62265573c408ef2ba18df242073ecb0f2d533103c2d716b061119a797848841a4a2c73ca689b3024bc7e4422e61a288a370c0d8b292104f847c73db8d30d0e3c986f35d6e
2216185c8719ca61040d4bb7758b2c3ad7804b28280211f15809d539db0a251538fd9ae1d3917839cccfe9b2af1f7d743e3eace471fbc0d715ff1e87004085ff7dbb39104c1aa6d1c08ef02af3ad2773e6b39257cd2311e6f0d51a69458ec7961dc0890f8984b9fed33f42c1d00162a9f1de6929287b391d
3ffe07c3d8e00691ad7dec127171e20424604aab930d30f2f5dbd1de64b300007e0f007fff4194a084fb42a38829b511a0ec8dddb2c342890b56e6d43fff03e1fae00290d6bef60938b8f12c95dcbe1ea444c2797aede8ce325a00003f0780400020ca50427da151c434da88d07436eee161a14485ab736a
000000000000000000000000000000000000000000000000000000000000000000000000000000000000000000000000000000000000000000000000000000000000000000000000000000000000000000000000000000000000000000000000000000000000000000000000000000000000000000000000
1ccedd9c647f30505854d5d72c2d87053b0428872c89e0ec195df1b1ce653f968a8c4e6df101571de95f2080e31f5eb56555d2ba63a1e27acf57993e1b82874c7561fc32d6d4e3f3ec6c632ec13fbe34561f12fe97fea2b50f1307b6de0f72d73982f768194ceea6bb26fa81d4a717bf117ab8429357addd
232f225f9360cfc395d0fc14e8c63412ebfc67784a3e43ae5d9fcc2c37b635eb56557a0ba59105e4e0d43c467b06ab34a85768d773ab061b18e90889148ff5f456475be2d0e3df29461f2506bc471d20a99a809afb3ec3bd6d6f2dfa80d38b5363637e430a77cc58af14710b50635f8eb2de8d04a0457e8c
18545df83eaca933332cd9219fbbf90a654db99205dda0b691d7e9ded6b71241b056d285ac419e6410eaf061293bf07b524ae215b23c1b723d55e6043f7a90a15d4cc081742a0b4d447aa30135d56971c0b232f60af5529f45c80bb8b49bb3068ff31bcb7c70d3b9853d0fde721dfe1aa09882d0409145cc
23c2a65ab729b190a95d9b1499052e0da6bd5ebdaad232afc307e01aad832a87046e1b8708f37562acc5a0242d2ede6dd67d3c9f13601a03966f077213398b32b1b952f09caa1d782109f0090adf65de7470b3205ade42f8187a28e699acc60f2562d92d46be925d2b03cc48aa7abcf7f0204fb26f54a8b6
27cb93f85cdf4431f8d39ccb017c0400bdbf27b757e4d012e70a71726b501c5e2ddcbdcd4111566272ff98172a17dc67589559f04313a7b0da246efc260432e5cbe7d070f5e65847a99219092b6a4841da79f3cf484dc2c6f42114c973e7b461aaa2cc05e70daff3c13a8944123a8b0ce0ab179b06540e3b
28e967aca96a61001c74cb44f1e62c247fbcad6dd6be039eb5c4a4cff08d1193351f79543c3004f17e6cd049b53f3cf22f35d3dc02e4235c612997e12b5971a39abb6360c91938807692a51c47a6832497d75155617bdec079b41e5ba473189335c1834945df12ecbe2b853c6fa0fd3c12f24d869c888876
2ff24d65d1b2bd714c15a52b421d3616b629a5ab940ea28a9847e1cec30405795c9e1d02d392649acb92dd33c23bd0334a2f7a7a3382e34980ba5472344370d6552e81f0630eb8850839421dfe39e9a1a12591fd5b99b3849e5d11c54e12332774238d1f3b7ac4ae7c0144df4cd6d6f351c31eeacf2f18ba
32b15ea7841698d0bfacd1246d48721ea67a017c6096b08fd1d0f469567a1cc94638811d38f204a0946afd58980fed31fdda3ec390f2a5cffc89ee033b67f7545867fd739ee050a9bd0ed420597264034cf3a394e762861fbe6037c01f51df90d343b929c49a5eb0211c0138a4435d73a18a040be751cfec
01dcc567933b34c0f84a14d5e402eb28b605e9e20e08708728ee24c74c8e1708e0fcfc62cc2007d35da955804c3433c67e422c5cd1b0481e5ab512c9027d28de3a1620d23fc244a194d6830b42a707760321e2a209dfc9e433df268688e88ccf83a13ded45c8a3a6691ce3cce596760c33811230369f232e
1033db9e63781ea027c573519dedec0d3acd6ae62815519a70e770d2565d2c9570b3eae5b62246230baf946f9d13e4e7ea5163f5f1bfcfb7c5d9cc1013d79ce89e76d3c28b7057e316aa5417052b96818fbc72f2d93f9a7df71e3c2f72644165e81303f9b1af59e37a2eea13d24483f1b278ee7b545741c5
39f69dc9568ec202500b0c5de122f52500605534b24e71e1592e0f1184c416c09dfea037db00204ef2d10c906f29763f393ded2f7042e1fa03239c361fe8d64e319702d0295026434e118b0b680d46b2cc61604ee2aeb4dce1073e339d4d72511cb01a2aa460260d3f0e3849c740fcd193cd5f774f29c10d
0af535e6de6fd650872fdc14362c61365c62170cabfbf2ffe646f7254ca3224b6de08c805ee0775893377252fe1693ee58292574603cf544e096f9613f3e0119143d97c09df937b701a12e3bf6c7cbbd1f5841077c3bf8a1761f3e8c92a9b46ddfe36e624a4e1aaf871130cfc4d5cb17118a0967c6eb6b5d
22cc9ad182928093962cb06823d779104b4dff5f0260e11747152cbf30c1166b8bfe491bb0416ff0c7ec16ea1136ce901912d28a829b9474a77a40af1e703607e9581642d051f6069e04f01ca36f3a648902c373716ffd3beb652816fcd4dcbbe9d159f0a24b6295072837cb5e52d70a61691b66877c1977
3ceb447af3323de1156072ef6537a30526a3fc94db1ba1e71dca9ead00160c17d671892ac3034115c6826f04d20494234f6f81027249033cfb59917d3f27b11199a603c1fdaebb8a5bac1820fcb8d2923264232de5a5f8d296682e0438d0dc7cc683d6084c9c99a40930f6a4c45884e1c02c7a7cdeef35d0
0043fffe07c3bc00f53ce0b1442d623e4f55c9dbec3c339e41a59651efbf3fef0000612f11705022af9ff775cd22a318e491b62c0283d598268a3c550021ffff1461ddc2c6fd2b259b15ee13030c003c1ff6c2323227183dd25d3ff780001e078903dbb29d029fbbab3d762b56f8a13d60ded977c63043ad
000000000000000000000000000000000000000000000000000000000000000000000000000000000000000000000000000000000000000000000000000000000000000000000000000000000000000000000000000000000000000000000000000000000000000000000000000000000000000000000000
3142283b4aa92c71f15b88da9493b5112b57f2059b696062937adac400ab3d4a305c406ca25225cc8dd4172b22215693f1aeafa9137b42d24b8859872e85ba135e8cefd3d81546f13eba6f21cebb6b127a40c2b56bad57505c403102701a1f78df51c1f7930bf1701f184a8d2491a13c614f0182bf8dd2de
02dc8538adff4e22c08368cb38ee072e0edc5d8675e8c0a7d6615a49413918e91c7f3a3057034c5e7c466c6a0d3c56e236a944ed3386c1f5721342ab0d0b551c8c72e62230fa9866971fbd0e5ddbd8ea064151893ed57e06b51a14380a7102b5ff30ee71fcd1594e593e086cf3ed8fe180c981ab56f6d7c2
07733167d9fa56c2edcc0e681f71e126d414545d225eb1ce56983c3c0ee802c4f53285447a718bab9fa0ea848f10bf8c72b4f12fa22e07ea56ba526c13752e5bd54be57027397c759f253c2c0e5012449dd691d9854f7ff55f892d6e2de3031c21f00e77856a7fcaa91157aebed4d763939894882a1a40a1
16cd00d2b25dcbe33c83d00798cb0c3071f6b42fb29d93a7217813a9f7862b415245dc424cf04d3abf9ffb610b253bbd29681963b295ce8730c1a1400287830b3561f2f10ca2da9d0426f239bca6887b6cfa93102c0becc5519214c35658c64b99c2c1936a1858a1ad033fbb9c07be2af08c3a924fb4741d
2fc90c36d3377da28c94e5244a533112c656b3788a4f713bf108043895b535a5c0966346a240e53bae842c5b023eef11b3524a2071f258286a48a96b21bdb99095b4e5a1b1bc62bdb896ba3cba24a69c64ec922e3e623cf9c22420089b98f8820731a7ef68d0f9f045292e7316b3b2ce0110bd5175cf4624
01f117c0304686c0181853c4d021d80dafff2d1b82eb0251d7a9aa1b178a08dcad5e588128b3d75d128f8cf5bf08e5d3df47e02ae2c36259a20b4652240331e3937c5f61d6998cc04088db13dc38f710feb2937563eaa120e864284f3ca48e149940d77a0a6cf306aa3d2d799f1e308143a073c20be1f9ba
3e569c00a797734013fb3611ea36fd07d19bcf3e2a7e108cb1d6cfe34e2c0b4e3a86a2a757e013f1c13b1b7c4a333019242c57c1d3f09917cc1a95953a078bbc8b6c2b03bbabf873bb834b2c129749bb368140b9e833d528d4b007917c3e61e872334bf9383211e463093e2985f3f3f8e381e5cccd533f29
22f9e8bfe3621a82a47d028920ae3b20533e830e5896338f0f096df81f8719c00a605090af62d6b28944e6e8543c337b3d2144fa1397e418a212b0b925993223485381f2cff94ed17ec7e30173230ea3a2faf1867219a7245efb197a13c3cf42b822cacbf6914fa46b3d067fde157b6cd05d9a0a4ae61391
0a2c813deaeda0f2d8c636af90f83806478bebf66bc8c0e45fd1ec06331108259826d01d08522f9a1992293d20135f4692c84296f0735d1132d834660b7ed7e296b6ab538d9468384de21b0121d8a7a5f13b60df68c100831bb225bf853a0014184180145417887dce28bb50e50f8f8771a4a3a740187de4
1311f8ea70f0f19339c9858380f64e3f6bd9d77e8ba4f10f4e5b99b3c43b164c3d8de35f67f213a71ecfb639991dad116832eb2d02dd2f12e5e5c26f1f61577cb60a6720329a73381340c906375e9fe973ffc3a3a9daf4ff99343a450fd50922b7e3657c11f617ce9400f7d1d3c14a1b808befbe4b94bb81
3a3e48dee64149e2728eed2f797ffe086cacb01009c2b390340975ddaa7d2a68f9b225344fb3e42f63a236f16919c3f112f8556ac26239afb509edb5097a178efa13e990bc23c6273b7a672e1cddad37a7626131d671e47d8b022d479adbd1a2bf4359c808c3044b3a15fff0588e86091054729cc15d659d
2603639586daec410416c7b6eb1df229cec8a98133d0134e0a2e9db49ab92cc63dbfc44f7ee1348641520593701b112af91cbce6f3458c1e1b4f488a24df82293e0a6882e17f470d5270ad1122315ef321d652d2d32681eff6a624b401f347a73d508135ba890766ba23f19d246b4e420048bf1dbb96ee1b
0a90250907d0ce7208c6c53dc73ca220de71d5fa2f28c312ae592acfec87003fef5907792601c10d1aa193f4e33284bc9d91453053d5e5541cdcaf2f2a99cfdfebb64fb3de15a9ba2b1b1409ca65b4c25722c3a7a27456296dd63a8a5b32c196f7413b79a254baf7571ab5465a6cda92b1a9e7f535e66d66
0346b9ab6011b11376f3843520c6560948378816c0cf930f6282dd4d35be149ea0b08606b250fa4d380318044127b598be7974b8427b27120102772409b593d74a5ef082a7bbf18cb26aad22f560de08f53233977f1143abc7583b14d59cfe2f532115196c53a563490447b5edc24caa50264872915c2e51
3ffe00441cde0690f23f67c7861b680b64790eaef4d6f3d57834cdb873b300007feeef807f425e647f5be4af3b27e50b6febb56b4214276af7f761623fff00221cdf02916727785a683efc3035e920205529a24dcd6eb3f1145700003ff777c0402391ff000be13f5c13f285b7f5dab5a24521d7ce0c9c3e
000000000000000000000000000000000000000000000000000000000000000000000000000000000000000000000000000000000000000000000000000000000000000000000000000000000000000000000000000000000000000000000000000000000000000000000000000000000000000000000000
3ba6765c7b5689e1632d2245de27ad0ca09ed4266652638f6c8c9c966a2e201466e32fc09d00a08ce66f8f199914d6ed7d2bc47873ec29f146af8f6b18318885a924a130b5b2190f85d2c514f63aa81b08d5f0b16ec0cef4a29d020f693bd3893c70e2d0e5614e5f3e2cd7309212c4dcc383751eac6ac04e
16c935a7e89614528b8a8fa49fc8b42b6355f7b8a25e62a334583442e3db1dee79766cc94c332261af089a0634252d9c3e0faffdd1fd4e6a0d4c92f2003548b5410058410219293a84eabc07c153288a488350cf633f659408ab05f5060c22f50dc3e96a413e5ecee33c2e2c749a800071472ebbfc580384
2e85a0a4290d10b0b8d4080b1128a8371253a0437d8c409a65f53d24492e0aa7410c48d762336df0db2f3e479323e7fc7fa5bb2b20c49c588c940b6d2326b1227ad293f3b310a33cf2d3593dcfd922b942a550df9449298baaf4018d59f86628415300e1fd01d4fa2c308eacbd6be745724e60627a2d5046
09d55c620ab4ca73fed36744f44e593a8c58aa1e572fa1477764f8a386400bbb50fde09109c31f68fa51922217349db93eaed4f1d363abbd5200092d0382b19f1704fdc24b26bd6d14640c035d8adacadf2a130f68996ff2154d04fe697fa75d9b90138484c35c98ce1ea34b24f48251e1080c78973ffb31
2b5d933b056384a0fc420b00cc849a207713c20aeb1c33812d744021baf614a71aca228d3b83e8f4430c0f79a206ee2f6fb9ba5c72f8f9997724cb041b99b019c3bfd212aaaee52bd033e217586b34f981b6811eb03431dc6f351f34117ef89d1c5036fdef9072be3a14a4c8581c217cf1906ed4d99a79f5
1ba3624442bb28023fa2ce6b6690873bbcb20a9d0189e1383191cb2ddee1111792a5ce8071206eca94ffad3f3302840625e91e552111aa38280223a922e3e81cbab879438a1216fe8207322d0b8031ba460eb137770b647645b208df9a9166bacf3259ac3cd58f9b6a375d735d4b1ecf30120a02977ab14a
08bdcdb8aa21cb11175645b8e2cd672d2d0a206ff67a92c88eb77d55aab327e059e91b5b201287dd7391de054132f1366c6ceb8e814d7da562af9c08110002b3cc0bdc30718596a671a9131ee2d8bca7a58e80345b4a3dedff783338fa27c51ecf63eec22ab1c16c7e1684d9781ebca5e3e5ec689a5739e2
0e9e5e4259ea4a62ecba80da9dbf0d1eef513156c83a43914e7d8b688fcd3469317d054b30718cded565a04b1d00fd912709decba2e461c9b8e8d8932d5e21653bff3b316e6499f1242ac40dc2550a55215221ef38c97d20d0320213fedb40e49e218ee71a5b29d06005fbf2c041828aa350ba9540049349
266d2017d8bc391310c597ec02c64b1a9d62ee2eb03423422b01156c1a482eb84b1ad4e88b7130d9b796b44bff0df95be3accf88d0cf3d89071d1fcd3bc9f18d15f95110e0b67aff5547323fe58faed5382e300c3cf83fc4c8180874747ef28d34627744763e710ba427d7ce003056efb019c0edfeabae6e
17ea69e58548f26050a4bf834e181d014fc90c248ed5408d4e61ff1f4769378584f2aebf66b1a86dcdb364a90c2f6b2d54a8dccbb3f60d7746c85e3118e8042112ab3c52267f12ff6324ae2d356994a60cd17190e657a660279933cbb4dff3b65ad15f017f59a480a839a2bac67cb4d2b1b67fd82011fa3a
2eac7ad8778cb9d367b65226cc26313f9f73fe0d133cb2c2197c19614faa2508754f7aaaff0293ffee8a5008c103aa51ea1f0eb9b3187506569d24fa0616408c74b4e390573d753addf55d2f09feaf53b809d1420f90123cb499090493e4cee8bf93a0ed05c887b4421e0074bba17636021fc593477ae33c
1e086a92734bdb52c86002223a703e304eb0dd8cafc6617be248b1d35d13018f35832f7f8fe14bb90a8fbdfd691f2a86552d498ed05aae74f980ba971479c40e1dc6eab1ab12e2c6c7c2df2344e0f9e14ad0704653488a119d6f16ed11d4a0195742676a495a688dad2c315f0385203c41c1ca4ee26c507f
3a601172acb507e1a3160baeca92b13d309e4db9c27e624e6bc5c6a1c9223380f5008cbc8390889efe1570c3ed1577ad2143b96ea0b9849b68c81bf91c2a6b6d99d098406f9448ca6bb4e8287a020bf0ef2a4318a85f6cc5db170430a4923a7fdef17bc5a5c6c50c4a2ed1025040ec94d2b0a98e3d329e82
273fd711776aaa1348c401220f461f0ec49656665c858331f809f67b792d1a27e92b028e3ca003e488c37b97a512e5981ec45f6681af8eeb883b2ccd04538cfc0d3f5921b08087e11c1ff3366181e46a5fd033a89e3ad3c7753b1eb665a4b520fac23d0213f8cbe247010668f6f835bea1ccff7e355538c3
3f43fffe2143ff004618082d05cfa537f08cdca95998001caba722483c9b302f0000630f00f182ad1e81c5e7b41c1d8c927792e3a329c55ae7990dd51fa1ffff31a1fec1c03f43b85200152a91d13d3b5145a1ac754a3049e458381780002f7780c124234f9ef2db983f753b7a5104f8420afef2180f5e04
000000000000000000000000000000000000000000000000000000000000000000000000000000000000000000000000000000000000000000000000000000000000000000000000000000000000000000000000000000000000000000000000000000000000000000000000000000000000000000000000
207f9c9a9c75aac2665e482f08e11106a0626cffae65236d9591f23dea112414012cd6b097c31860f4a3bc30a71c033ebc7f7f4a929cc82caa257be12afecbe9ec422a8144d95734f6979e3703701e6ad945b23b146cd8c5c02204b3e3bd69a6a4a25fd6319605a40b1f563054fc58b0838f843a2670fac0
1c9dfa1f5cac0b5313dedcc6ff6f6f10068ed009aa7f1352d1becdc751da206bbafdc79c04c27a0636ad764d691591713687f6fdb0748344ee02577408280259b1812f73710bcffa183f980afd853e2828b1f399b19c9fe9813628339b62de8d7e900b31f00fcccdab3e629535f2295e9068d1e68ff8d05e
1b99f2956983e183b7fd128f03de002211ce563fa100b25be63486f2ea1c1aa22f0bb69206503e4663e990160e04cfc8523f47e673cab930d3109ca30f493a52954e57d24f849415163fc13402d7e561585f41dd74dd48acf14f0b125415e383542294c1987eb5eee11ebbb1381d815391e482e6b017b1a6
11c55c6c25460bb19f0c6e1092ca71239a348b20bcce325a53baf4546526388bdd720858b412aacad078cea72f162dee2fbe703c23ca5eaf06170c8414d636dffd2ceab089684815d10fd60e585a6abfd8af8130687b98f974c40bbddbc3b89245c04a39d94dcc98801848c5bca87a4ea3db6f2ba1dcf286
3409078777eb05b01b4048ed6001c603adf6adbcc2f8001538d8029643930933f966b97347f3dbce10548fe6bd118ada092d2cb683fe869327a02c850ee4f452de182a53ea739f850640e53be76823ff671523b04f04e3a2587f39ffc5bf73e3d930b31f29c6fcae11010f6d979a29b1605f150729bcd6d3
0e4f375cc9e01b10f4e10ec9d662f51f36a0efa439bb925439ae6b1714f021e97b3e76d86400098632fa65553e3c3554a5bd2187511ffa3bbbcaa65202d119c3a5045a81640e321cbaa5d90a03d55fd3024ed3b41b0f75a6f6bc19765aa8aff782512307c335f586b229c7d599409617b0877d22593cdd90
356fc40ff90417327176abe9ba02eb3f11d1c284f443c3087576c22622633f39c82d5b1e9361dd403c92eddfed3ccdc42b71f2fb73483b363f36a34c20d140cd866c02926218a3feef02f2347b1d1b635048c1af1b3d0b8bb6e60f739f179a96fd32d9e1c849f634102ac124c695b890830b9806ea3bd60a
04b68a58993054b31979d55c7adcd12199645200bcbe0083ab0de0c282921ed08be827735c90621dae858993182a8b1827ad7ece90a63b657a3390291c8f6047efc03b03e07536ba09741b0299ed41e5cd85819d393bb8f500051ff4327990b7bb31551d61bb75f61713655b09ef140f327b5a77438958ca
16a623bcfb35fce1328219c1b59c2d3122cbafe044fc520e81b1f292726235d3d8fab1af3f6098d593a531a2a12a38476a9bbe40c36d388872618ab9366810c51f173d1054533b4520ac3914fdb5e2b02cb1419876870dc2435c16c02372e5368dd16ee2b7e08d6a111d67ba03d9f4e0827cb797debb44e5
27185a548c2b0fc2d115b5836a808933be980f37ea32b1fd73666ea74b3a1a3c55e68a31cf81fac4f97f6f8ed0087a66de37ddfad0c13bdcb8e36f72267f1cddaf526ad3b5857694ff44d01c99db3061b6b8d07a35410a062b99006d58c1ebeaa0e33bb447fc800d1c1d9982aa7b83b7f35d6e1391ba3e17
1a929943338eb042d73072bb347f542b57ae4e31a3f0835674abbad5b6cc093e006f858b49f3d5dbe2c258038f05ee94ffc5a3ce615e47cc954bc61c2c765325d957f2835ffe75f8b518b32352c21fe6daca20efb16b7c77247c3b787c6e17defa917fca08cfc42d4f1d83726755459b2086383b43735e1e
1dfcdc7ec459b80224d27b2222e5953532bfd55a62dc13d5e1d47ac273621518165b40c4e0b1fae5d4948500303cd10bd8bda0e6f3169f16b76d5f271b934bd6c9c14fd0890230c9e394a838b4b1e3b77f6d80942fa5cf2ca00a05d51dc979c10c0160fbac1d696a25094c83e817b785805d95e98b2e6bf4
1ac9bf85d674b3a0f6e92d6a677d7019203b96b392dfb3c8ab72bf7638e126a14f27654d93a307f9cadec7502a34d40171e024f4707dafb10dd2543f3e78a8b91bfffc53c389ddd42abcdc3aaccc2a43553ce295a5890b40856a02a7be2f5f3193b26d6eef832b2d7c23c3f0f9dfb82d33a67676ed32a504
1f98b52d900c46d1fc493ea9cc8af834221bebe52af2f33fc59ba622871d0af85f91d4b4a972ca5393a8c3d83d28896e8762c8c27185dbc15f878f900c0c2a437c10f782978191f3bc52711f7d49193c118bd3f784c73754980d2e70a7daec42b0e3e49ba1c197e45b033ca42c188daf512325e340504569
3f063f4420fdff80c76e9ee6f4683900b6b08da79161709b12b62e3607b0303e702ee32080736918b193f89c072fd253dc9303a7b3e2c0ca9fc77c631f831fa2317eff4351bf13e9fe6565205b5846d1b8b0c2b09aaf640ede56381f38176f804040175919282d35c137e929ee4771d3e12c6e87a215a9be
000000000000000000000000000000000000000000000000000000000000000000000000000000000000000000000000000000000000000000000000000000000000000000000000000000000000000000000000000000000000000000000000000000000000000000000000000000000000000000000000
33f359508b0e3f50ad766450b2d5e216f932c14bb23c124c3dfa584405043a976a312fb03731234a84f6ddf2cb0f19b291284a3d00c8a59ff13b05ea2b21d1d780349102244df597645b730f107a016f69cff39739e8fbdca75f33b3e26e1557ea1331596fd5d3ef0038690b23753e80a1562cefc1e58eca
0c0ca6af70d1c0c1bc3578370521f5040926a6e09601608c19758df5e4da3260c720f0f276d1e3851dd670fc00336ac524f66f4001e81c8f008746830ecf89b861bfa8102656e8e5ab3b0300e3e10e899c3eb0571352fe6c074f1ecd3976d6bcd0d23f66715fecd9fe0347cab1ed87612016fd4cdd453d8e
3e18c7536db386f0fd9f4ae1766719274f6edf8807dcf054a90f42c6877407e92d3a26c2fe3218144f6e8e0f2d207f2d71d8065120b27c68c8c8a11a1ad42609b59dd13109bbafb3c1f8541e0feaf4bb086000a30f28c45e199f383b5def1324d5f127e3168edff4383e96430fabc3d000100ce8eb66a9a2
2e15bef52fbe321293c61b8442558a203271965282c4f29d3e7fb6b65366132fa46600f9646160ad37d523b59f3453b40b9d57ca1318dbb6dc638b2c1d8e42ad632af052f2b55a5ac01f0e3a68a81c9c9632c3e1855349fe76032c4650dceee6faa058a8ddbea3f61a0a78f3c017ae3083bc318b8333df95
1e61f808afaf5d6029bbfbf2ea2f800d38b4fcc1f02221875cfc8a5adc5b19cd76bf1a75ae2329527855883d462984d4161759807092090b2b259f212ee8f3baf538004029071b8924d7fb001984ac1674ffa02dbcb911e020633f8f1d47050609f1e786dbe27ed9b80c055a3e855f20e0b8d267bb470b55
38752e06d7025b114398da83bec94f146858af5136f12232d8f7a92d341b1dd4b6e3e04b95308adfaf1a363f2d3d86e9930e274c11dd983766fbd9bd2090da07f4c8190154f6d7c99066040535835ace952f51620fa7241962352d9926f48f8d97e2b5a21d567d3ece29047834b49865e10ea75f49e88601
38dab31e80138a823e030f394120423121d914cd312d40b7e196a7670e210808ecbde237bd13b6585bd2870a280f866874b6f89070203a58e24014fe04dec207dd3500508c57e8a63be4882aaad9fa6e9978024724aa555e3ee52c4a58d75d3b87b0ac5e4ac978db352ce2c8a03ccbe2c17a4e97ba04b5f6
25be6fa9fb3a2340e07cb0a5fe441b30390e3213e85ac345bce94c4ba5021e9eef8875dfe08258d7514becb7313e2c6c8721ed317267700eede8904f2ce152e478db8c1255657bfe6f730b1948c2f804394d70ad1de5d167bb2f0f54e1711eefefe3c0038c3880eea41a9d501077ca7880c123f1767e043c
16218375104ed302899678eb9acc69386e0f5113846ac0a8d188b4920dfd13807df24394b512b5f1bb7080af8c152cd7f688c19cd3b3cb9cd26e3cd3320d3edd14bafef07568cc595748c03237a499987f2692c2b5fb8a7a4bfd301c05792e2a44b2a9aa41f664bad900b908d0cc66ee732ea30759dd4946
3ceff5888b1736531fb44b1545f3273b83b27a8338cc816d09bc255df162298f4e4bc6168ff2840d57201a79970358f3123165f7b13546a021ea5eb109ffd333dd1d4e235f8418b4498af63ceb07424de40c90517feb76b698d83602799d162383819464a03ae879a7354f0ab386e9d5d234a0b31aaa201f
38dcd1726aee7ac3bf547df6bd557219212ec8392be642adc2e75b590f0c03aa0a4c95b58f211bcac773213ff221c48fdb80d7e4e13160c9e1865e253fba2008a4abc8a3b48dd7dff518aa376a612d53b2f89213cff5b6d203af1a55bae32a1e22e38e01d5341ba26e0b0fe8573e042e11086a000edc5e00
3f810f1166c5821026d4b39062fbcb27b098169cecbb711adbebcacf489a2dec7fd13bcfdbd3c9589609e24e411ddaa2e66b4434a01aa1362895d3113e572a0429188520124001cf2ae4c3214800935bb0d322095769e91606ae25ea0088fdbed533678fa95b8581ad333fa528cdf2e13357cbc80dedfdfa
2d82ca21a5e63120249a3a0a540a6e38c6534d78ce8482813eaad7840f5631a6b5d668bc66925edba4aab9726b03b9aaeb3f10ad6245b4dd24c98cb027ff66e7092df5e3b00b763f5737d40e302b1235cf76532e1445a6459b423bce711ee08cd301a85c7346e9755631b69325715dc651edded20fcb0b77
36cd3262c24446c1b4c130e19779d02154eff3e98e926044f02e92e3033919bc58d28877b720b8059f22d03ae01f1ccbef5f29c7134d1011268c1949139fd0aecc135852fff499100560453818c29e1389041322fa85b748afcb0473d2659e88c6431eab2f47764924231c9e9ee00486b1b056c677016112
3f063f066043ff0312d3dd5c0ebcf61bb76d278978a741ccb46cbcadc453303e703e534f00f1cf7e2935f32c60232bd47fbf8b1fd2bdc32980ffabe71f831f835121fec1269d2e4ff776bd1c754162ab60cd428479acfd7ca834381f381f279780c14a8bd4f9097dee22fc5f70f711165236de62c57be703
000000000000000000000000000000000000000000000000000000000000000000000000000000000000000000000000000000000000000000000000000000000000000000000000000000000000000000000000000000000000000000000000000000000000000000000000000000000000000000000000
394d6c3f8297112334ae789cdb89092c3296f1b01b63f00c1148dd643d8c3315000c401d09c1656a4f3f39b221090b39948fad6c216ad938b5dd11c3019d88f91ac12ea36e66ce349a3f901d1ae5deaf253331c8ce9e6aaff82911729c3d2fa35ba00c6f434ef58ff92347247b310aae93ea69fd245cdde6
3cc4ee0dc65da2d10e2502e43c0f872f0d18c2dd74ab20caf5f3a7481b8620d5a71491766890fa96e23285b47500c4131ef2bfea1249894c59ab5b551f68298b550b5113bbe7f50f04279f2200d389bad8805098c3619db720e638aa0deeda4a00d166538b7542e7242e08062fe8bf3e215dd28cef8da624
18b35badc9a1e1e1a51a672ae70c46110f2419aff55543d61b4530ccba5d19f037d9100ca8b01d75a7697b19cd3eff5c8d799b4d81410bad1bbf23bc3b21d7a71857d1e332bba9beb0a875001f57680fe35352761733b25b830d2e6d46d6b9a5e003a74bcf535eb3df016837136f07b621dd1397f94b4d63
1e41abb66bc982f2ccb8a89c1979942edd98dcb86cbe3294bb432647320001011100ad1ebef3af0d57c72a92d904a078ad1b31bf801d4a06d265a65c176f81238c2b6151b2a06b97741a300b2780db8df215d2f2ad9441f29a8832129721312fef734e8afd9b1ee9e72aab20e40d5ce6f013c5875a696319
174a9d60125834c26f4f1b15de3e8e09224b0e9facd7b38746bb16c436f20e127a8b30089580407bee11c0de0c1c893956618d5b43bb59cc167a29b22ce73612b0bcdcd2c23965aea8da1a203fa0e8bf9da4e38cc6f418e53cc9306a4dd773da6a21679c73ee144a850073ddc89db97a818b390ae4c5eda0
0f2fef4e7409dd12120f39ee5ee9940b7c9970d1f318d1e0a8086818eeda1d1066846031c573251db4cf34ea372f0572faced5abb0d6a3ec247a663438ca87dd0417af633fec6d2706ff450afd593d969857b2069f8c479daa46063f985b5f3e4403f7d12eb288489122a63124bf8955333e45e03e4602bf
090c48001d78ca93bce1853cdb261729dc8dcdb75dd520962f876f6f55f531ade804c9295281f0db0e18045bb630d5a79640b031812c146382a5f44f0561cceec8dca1234fec892c8daefe0421115365304ec2accd2a421b455c0254e6063cbfe07094c10aadfb912a27b48e68a6c2c0b0fbea72882eb934
088bb30860832bb08de4fc517a9106247f5aad27d2739181049017984ba30e00f4936d7e3bd11bc50fcbedd8e60f7be07ea443af3155d06ee3806e083eaf1091a7366561059f6061337b9b327f23b5d4cd6c13993e35201d002e21ff6065aaf92f12786f4f196e5803218baab8794997a29e45d59af3c507
2225881e3a93830016ee60d7cf1e3c2314598b910bc9612723c5199f56b51eda22372a13e1436e4570200d43c901ceec5f2412aa42b8f028c5542eb027c1a42af5f3f7b3aa19882156c5da0adbed56bc85be8333625f79f61de72d4ccc008999fa305b0626a3e3be8d36bc258f5186b172898701a2002d3b
038538885d6c6eb134a9d0ecb956871088d8f24022863041cf5f01c5c2db378106dd133975c3e802afe17aaab23e4e44ac3c6f0e114052761e45a0180adcfe65e85af8116386dcae92d6780bb1c35164353673e782ef59f833ff053daf84124669c07941864fa573ee2e013d4a4c97cf80a90da2a704891d
1520e0c5348857a26d943b6462d8bd14b800e0703bc3634c1a7ed7ee7614192ae9ecc1033e0172d9b27b5ab8533dde559ff66aebf1d2e79f3d474eeb1fe1a1767ab3ec932fb2141f44112f37c42a05e23d1ac1c84d46427ce70e3551dd2619497f506772e2d18988f5160f0e0d87f490c354edd4696b3b6c
0a5de47d85f45e3307d95496c425151de841efbc503283e7bb786a2916db2ee5cf447f2d49f1fed083037e733e38984d70fc9740e3dfd383fdb2d9f817dfd95a3cc6315318e0908e1985792ed5b571b3235141995fcaae00516d04f2f04bea23978140ca0c85d1c6d203b2052679a86d8254a7912f159c1e
0e04d0c23121be7127d17afbb047dd32154d5f6b64f1b36c6e26cf02a1e5010b3e9af429aac028be4f4fb5f79b04a2f240e8fbbcd2248fd2006ad70a3cedeebb6711aeb3b7184c8fc48f5923e52ab0d31db4735144c715ff513a08a54d95f898ec30d8e2fc212772190b53d3e6deaea77115d02d8e3e02af
0035a3efc4379ce18c90de76ffedce2f5a635c087baa32f34e4637b9bfe42cead9f5a5a3684325a18b0677cc2319e37084c71a5f630aab305cb24f8c2b4c42c5cd5786a3c4456ce3e3eb4b0fa5f2d2f56a58500a0a24b27c381e2e46ec696e7ea3a288bb6768b429a31873868420a1f8e3c04fbcc1bdb0ce
3f063f0657c63ea19e98cadaf5090a006734c85f641463af8469448e0281103e703e4f3e7103c2fef4b7395726221d2124f1e035f075ff6f0f8539561f831f833c631f11bd5429e41fb5cd140efb7f7bcbe2e3140121e0b38d55081f381f171f3902a718fb17bc7b0f1d332f772ac642509ce040e87bd6a1
00000000000000032ee2c690894f66200d1d3b27941a125b92f2ce88cb3837d96f7a64ff7cc01bcffcf6b4090501517e1a11a02c42d3f3063d87e95b0000000000000002f3ec40a27772c121d29cc0dd1239627bdc9ea9211661304e573192c7d24135cde84d26575821a9be353d4b87414d002f5d4381fb
31b7741854bce3f2c9114594d7f3413386fcfac8471c80343293fac207941efe548dfed8b7c26e6d85beaac32909c259fca8b79ee342da8d8c52ccad27193f42ee950b21e8226ed0ddb552206bffa7afca85a2bd0c26fd9f294103720baaf26b55536325d4ff23f93d39b4a6b6078af8220b900fdf414f56
03a8b92f7a40a90236f2ff7e7b6bc33408b7e4070dc0a361cf9afdfe2294187deabeb7ddad0058395a0d70798b0706cec27b4f91300dc6c20109208928b17b8dd2a39e13f906b9d044cafd15b6a816c160aab0c0e69b55d621c4270df9f594ae38f28f33758375768716e4ffb31990f7a2e70d5167d6ea06
2d7f6263d8ffbaa00db9266f3b5ee60b2af3b5a0f55c1321e3e5167e04563ae4d4437b9b37823b0d3e5e5c8ea725ad6777eafe7891fb9a7a456788ba25c687dde6fce3808c30f984e4457c1a7e19afab9bb960a9c355a3967edb35fae2cde19201c340acfe41a81bb007bdd0dc4d955182898e5a0718b80c
314fc3296c96f341ca322b5cb88e2326f94e8a159d4383de4f20eeaad2981d64b9781f56f581a4064946f5043f144da7ea341e74a147c0088e0267c10363852c9f725b61e3b1cafa062d801ea6d4003126cf23ec0c1c92042d692b8621e203b0dd00d89f0948e9a9362536925fc90b44b03486dd4d6f41ee
314fc3296c96f3411634acd4c6f1fa1111fefa1a5ce372678bbbe580d2c8334a9bc040c6ac504405bf06ab667c0550be354522a5c1893571faf4644919ec8214f1c83ac0887021a2ef9793345415870ea465121ed07ed09623e10cfb4687a4a74b02e157c80ad403f12f6b44d474c7dea0bb96880cd5999c
03fd919ef4a80120019a833e00402e1dcf812375dfc9d0453155c63cf446220747d6fe2071d3cf092b633c188933f01e3fc243b7f169eaf47ae5e0e8342cfa2202fba373b4286c8d895d1605d84a22add02dc2ac256fa0d68263286a5562368771935d08e2f5b3324e225fc088a5fa3c70214444a64b74ae
0ba85f81ff0d2741898b29036e8c6738827006b1eab5801e36e8a9e4109f3151a9f0fd3bf7b148e835931a39930654e93321973f939bf205dd1ee6f027181187e02476831b293e6de63d122e7579fe9084508033545b58d876042d7bd831487bc611d61810c897c2e923fa45754795f8200ee67c29e5dab5
077b350b3eff4253da56e6139757e82452bb6a04a2dff2e4d5939131cd922fd773ab287029f1ba9cf91e1d9aba1eb7c7b7700885e373f54b97bfee811a55be9af4b0ee1094411458b413371ea270ac4322d60175b65248e4e51d00155a8a5f198ed0ff603cddd746e119637519cb1ce30072f0739110522d
11b2ba375ca1d810843a7997843b011a0e76ab20438262ad3e2e7bd639152290a886198016539b08db355b918d0052531b70520b40dd94a44dccccb52705ccfeb7a981f203b610694ea63a1a8248531746bf53f42bd97f156659246ce6e8c789da5161966e586ec0bf10abf5cd739178330ee589bfb47a78
1ccd7813e1f5a4d37606ebd84c3d1d3545525a7cfd0b404e9e830ebef74028c082ae2ce812c31074705a266b2a03f0b05728abe8d341786492086e782489810734d5b5100b8aca4bfe1be9363520691f9fe6912dca8ee43118532f5a5e51800c12b05d4581652be9c13b1ab2d9623d69d298eb46aff6b667
0933dee2afb8ae938a0e42604a59482be6920deaf17f005c218a1ae23c9c25fbe95e65badae2c2666c38b90a2333e8ff8509e81dc2ffdc8640224df718868d519b0e38b09440fc7ac177451f46affe07feeba0db4364bcf1a01a02e156855e9667716b57454e8cf1450d62bb14755e16102bf0e055c61701
2429175d7588c752de6599e6bbf2ac1c7203a1b45114d3f60af39ac7d11c11a8d9a8d74fcb61fe14ad7ec4ff1f15a6f448779ac8625adfaa613e0f6f29a9a9ad598fe5b3e7d4b2b830eade119cb3fd7138fea20d129bb33f0b1c0e414b607a5452803b4d7a670121a02def8708e6b76f716adb0d862b5236
19a1e33a915769401c6b5cffa0b45717f8a1c375f7cbc1c99406b09313f30436c00b9089ac41f6d917a5f4ac1733310389bb0d8e23c539e027434cb30671badf809114524bbc033afa07e802459fc87ca63e1219c8345fee6b8919e01e9f2d90eab028aa183f0a591c1e017b319ce3f6d3f49964170edb82
0b112ba9d2d76bf2875a9debb9ef6612b1c9e13c934e9344455a9de8c6790c8140a4384a94a351a2e119253adb0eb394fff5539ae336d09edfe7089202e35a407d2ce7f0998488c28d6ffa190aed7d1cf64f330efc8f8e1d8caa027e01a025021b83f3f32a0efd8a540678b2275b700d91cc5815c8912915
13ffbf065be63e90da0d9b72ecf3ce2014930ee28ffa61a3513935beb4a10b00103e4f3e7103f421c0913b5c751a31c99351153c70f90c3b13390cce29ffdf833c631f115b0e92301bab2f23e5aaa2bd61d5e20de789d94be6650580081f171f3900bfaa6104de7db6193d83ae5a60c590de66a6ea55c05d
37770d31a3b15d1057ae9f5faccd08394208664d4382c1aafcdbcc0c29c409b2afd6358baa7275cee3d132bd36064f4ccf53100bd2140de2999129120cbface812aaa6533e486239bc38b01ccde8deb248b4e1c86f03039c5821305694c6301e9a73c170629b63872c138780f733de91626e219838d4504f
334307687dcfa54296daa38679ad153e1f4590c0c5b0f167a67ac17f0c332c80aaea340da5622fa9aa7cc3bc332f280d07b77960a31cb9ab4b5efbe32d1f6bdf9dbbc8e00b5739ba9b47451462c58eb427ab81f1d746bb48ba2c08be6ff73ced39d3a425957cecbb6234eb4e1ffc46d0c03c539c9124a940
13e650fc58ebd983cb4ca5865fd2f91d762a0ba6589d407b0dc6578349f91ed352deeabad4a0fd067f5b831dd121be15d7adc3a6408aac14560989ba3ead3a658aa821c3ff0e90044f249f1dfc568039334e232243d1c8824eaa3ad8624b18a1e41046148cff325af00a35d6da6c556880b26b5bcabd852c
007dd5aa69bb95519977c78083199a27f608b5968543d3fa44f3cccb493311384e5772d45a4355f01691fed9b51fcf1a62b9074463494dd68fd6155e353c7ed30b93f7f3ba9069b2b98cee2ede16da52733671544b83189267020b1c7f30d333718136b3c624f2c60a091f41c35f2fca507eb9e0ad61c847
30e7d70d7e210503caabb1476a23882125bac8a7f29060219d0dd92bcdbf1d215441e9e995a324c9cbe517396a0470d79453c35870d239664c48cf930c7e9960a95d3ae2397acf0e0d70ee2bac93e4bfbe6613fe651a5e32cc8022c9bffbf9f8ff82730f0d5eb914ce1e2c71b24e66bc3052e32d1cc700ec
1ecb12ae91460321c80902a82370993dd5fe00f9cd581226290057907a4f1f39b64626f839e04eeb6a649be37a19079997a4fc208284b5f335f3dd9414b287357b6996726cecf0328c858f12785fee3c4f1a7153f2217b7f51f00ecc12202af928b06d186823f9eae21696795f37ccd7a2fbdc0031ce4b22
27e2e4fb5f8a310083297e9e2bf15d26ba77ac6177a7c3363453a42de1dd33c2a9047def1233c013eb2a5167c509f23750e81afb22f6ddb969628b4b11cefde24c91c3e0d7dc8f62b0c98a08ea495e986cd86006ea6b8103e8773837f56d55be63f0dd8df0e85f4d2b35ba3a16c5ad26021c6bc37afaaa9d
3575e3965f693bb25db7420dec0232380e088759aa645060f5851b69a8e80441c222c34d8ad306c65c7eb09e291c2bfde824cabed2c1189992478ec0383683ca1749e88286958e885ff44329ba35ca09a0c210acc6d5600f1a401f64e185c61f3903f3d029c5388d8a00ab4fcf8ee7d8926386328fb2fddf
0a3b488a288a47e2f2bc1a55c268872bcad9458b02cb13ff29e730b5cc1e24a7587a5de94871849fe71848ca173ff93e0d48152c13f06110206f0fa215555df641292c73e30703cac477b3030904fe6ce9e301e6bc126195ebe927b9079e624fdc33ce6df9c25adac434b2344e7f05e990aa5e79677293e7
060bc948c18d23a3eb84cb177ab24c016e8e1804b36221c4a3104ab71b7e314e10ce0853db93f42a07a59d85b1218607f50447e2c04ee11974ca359833b071aec9a244b2fd7150c29887e72fb72bfb969209412f6c1d41a78e8c18f14767cb9a36535f1a2fdfbc2dba237120451ef5fa0277b5b73a904891
11be01a6783b58717be18751e9069b0a2a1e6f5b829142b54791d17bf7253710f6048755c4713de1f65e48c1943f8a7a9f4f88fbc02a03610c05ffed11bb7537c409794041fa02b3e145d317bf3f98e3b63521ed41777f9b0e3e3cea9e026e4f86c07f178f2dfa7dbd275bbf0435b457d249edef5bb91864
0030d37b53e659517693a29feec0cf1ea802108663b442352b1040031e8508f727cce2faf5411c7032610c7d993e0528de4e770bb2ab9f4d44a3c2162b64c8b60d857f9068de401684090d169ff6724349712321d1d015cbf0fc154a17fec3b953314b7d6c171a16b2142022d8cbbd31e31709719c3b6369
17cdbed3fd368e20fbe59283f5dcfb2e4a5994dac9a9b03c965df0d5cfb70039300ab974c833e6d2265c95e74e23308de23895b0407d440b4ab5ea95045f148d5c48cbf08b29e39b2df2f032f1ae54e1470b801e2463fa4a23311a9680b5901128e37a930b852769e703c14371fdcce2e12aa4f95525bebf
2192d6b189ecfe70731a42d98623812a4e4e3106a976a37b2841ce612c3a06b5f02bfc50fa824227e721089c2f02ffe615a98f1aa1c58a4ff917404a0f8b572fa1ebf390767c256da19ec43ab118fca2718e70adc5765d86fd7516e77b4981c807d07b87a1eae09c141f8c2e08a34362d1914755e2222129
1032d4ef0f1fc9f005b01ce76c6c33173fd6098ef76d23a2c26b6c982f0c19f40a5fddb95f42c6ac079eae0eab06da1ac83029e0a3f7d10a33b26b50287eefa952882f3018c7609641b60022022652565f10e296b4ccde5b5eab2ab2b33f94316b732d40bf93343ee53c1092c940efe623af9fb5325a91cb
13ffd3ffdbe63e912efcd6e7b8124e307cb2bc3fc7c992dacf2d027a92120b000affef3e7103dee5f1b40894d50617c1a7facf48a1ab2cbe1ff9957229ffe9fffc631f1185862fea813a6f0c19ba796e0dbd70a9a683bfcad51d0580057fe71f3900b50c79964519e62f307fb8ad2dcbb13776e870b604af
3fd3ffd3fbe0001130a56d2bda4df4191a8b6ade126190e83ad4476b2f0434c6df6400b4c6d3c67d09a2281db31290b4feeee34c70fd3f3fc98867083e66d66c418e28b26f056e58e88ee2015c4e20a7b7556051f99b9910b49e0e6b7e1008f2a8e343a961e64bc4071ecc008ada2404237876f1320c4b13
13d49e6290ba669199115fbda93d4912bad0adf6dd6cc3ac641fb83a765712047fd2b5816b71620dc5a64331fb36c410356b75df0089e967fe3be8aa3f685bf74ba3cc800842559736333014ab603d2559b2836eaa61ba4fd8ba0671a11fc37f9c509be672f5787a9616cb54e2c63b34910966eb0a31024d
13551de319fa677369db218a0d85550e1ca0436e2932b2f566b315499f190e27316dc8d77741749dbf1e01df6d0effc4089102c801e26a2a2ac8bf4f337f9905190597715a2e4d9225ee1a279f0a8112b633619052ee8b1b1e6b2d8060d71825f8937bba3c7cd427600bed0bbd783c24b29b0e9a39f6687f
3717e9aa32efb1c205616f720c40f400a60cce2504d85041ba8f1cd8e1db0d43d3a7306f8b918118fdf75537c5103c3a05e311fd8234c66d6be377be08a9570e331962212f7566e74476be0d38162cb8b23091d156d0d7302e873de01dc3512d2aa2a4ef198a2b66423034ab02d9393332f4114f71b0ab0c
3f3448724a7f2b528f5b22e246a32615879968f98831b3e518837892f90227f0e7c06de807d37c87f8f10718fe0fc686be20c62bb11f71b2b04a1b751238e47c4a828703285925e993c35109fd237fab047e02e6976ba968567e284314f2c2aa45f30ab1979c86d26f1007347c08d7c0117287aecb8cc870
1dc60af89d692c428a031883bb11ac2e8cb3c347cd6c81e853e2a8f54832036fecfb2def9d80a459fbfb03f5c11f04b97fc5f636e3745f6bd8c69afd0abdd2a05ce0b3623c46b397c91ed81c5a7e22ab7fbb11310be8863cf3b10a65dde2ea586dd0a3d48611a43270089fb4361e463a324c938b6124ae8b
14aaab2f9859b471469ecb6367087703d2ee500019e2a1398f954f8df6c53b97f01f10865091d3a83835dfb3442ea1ebcd835a3903ca543f91bd7ecc3d361b4adddf07b0c8a6ea5f0bc9e8256c99700576f4f27a2d5229a22b9f25be544f4c350d2208dc0e8137965e0af7d143ea60a0f3a48a8114fbb594
10a335611cf833f3dca8d6af4229031c58c6e82856e8928525fbb7f8bcfd21c80849ce2b0fb0582553d285b1952bcd5f96ef76662315a10962b8aa7b01451ce74fafa2223eb8cfb8845d8e2a8fb2064127dac194484a849afb510c9711997d53f6514df60c5236270136974b8ad84383a0fec75b03667261
1b9457ae714690905f811cf488e82100174f738f9f7820a3076cb929d11c0b032f832c352c80924d08d26c85352480104893bdaba31c53c900e6672d2826e92b0cd7e9c043a3cb035c05b13fe066db4aad49109c3f00c20ef74806eb377358ad2e50cca190f0e801d33ba1e0dbc8ef50b0cafef1f9112660
3fa555b538214880f167c4446fc13c121d090088b38be3802efb4eac298634adba8cd9956253f85c3bf052f1bf31976e50dd7e1670ceca5954b0ed20254de7b5068778b3fd514bc6f4d4f51f691930f6064462d4797d2cbd890923481fce8696c3435d59a91aed57c528897c177c711701eedaaf4367ece7
21f90eccbb201af153c1f068b534c5336bb204a07056b2f87be858b852bb1b72e024f1e2d1c3a318c710c8a38822f81257a8e3c5c3c9c508ea8c5f8e227a00958e37ed11a37017522a1313105a3bde1e971382db672156d5854023106a46d0b11be30da189a7bc41e42d4fa708d0a622b2ed04c8121fef24
1bc3245430c02f73e1c682fdee0639327c92d878090cc161cc84a725d7a439d69cc9b2e3cb43242bfe86fdb0e60fb2a7ae239c8ab0d93a949772bafd305f1649c705e003f986442813f02c364da92bb313ed0256c459deff7fed3d65d403d16054c2b4fda08225ef13317beedef2263db26edd84f3577336
2cddf65ed05d6e1252cc596599130c28948e6560af8a610cb81bcf124a6915a4fee153b0c1817be571b6c9f77a2bbc2a098b65a18057d9c21b534e0120c888209fd18a1051e9a58a00f7c721d9b433a35a6610080c74d084c9e12000730483bb93720f0fe83d433a0914668e77d235b873ab748adb5519ad
2c97c1caddcfede0d4c15c2d8f92d21a0e64e63bb2fbb27b67aa694b0b3d11b3ae2c16903990937d0489b2338f29b5fc226f178d539deae36b78ba4a2f90a97f42af811027d7e5a87f280c1f9f6f36d7abd9a31af913d56e5c320fff7c0daac156b2283f4366bcc6e719f99ee9d19e8f1143a638c54b8d3f
2c3a125972e58c33c4438872dae9e71e169a9a2e7dc7d087537611320fcb155a732c013ac0b00a4069bcc64fd817edb2cd87297da14a6beb746e2cbb1b4ebd7bd87b07c3aaed44a2a5f322277b68de271c2c722d66a48c8e5d41254a73adec4d1813919f948345a51433ec5ee85e32eaa01ee9a98cf43254
13ffd3fff0dfbe90b4fd2bd6fb6419114003246178912131bac1c54419610b000affea001101ddf7b7d29b1b3b1de6ed8df15b16c11ef7511aeeb1ec29ffea0006dfdf1109aa1116a799071c7b62ad7cd62140fbeeb52fb6e72e0580057fe480090351c89c473c755c3b1815aba873b2c22c6a5440417e79
0e97a0f8c629c4924a90517fe7882c3deb76f56cebcfe028da59014b7b3f001ab3481ccc7220530b602ed3d6db1169e4689215b1105da531eb5bfc2132827c42cc0031e3b1a204693e303f0e8fa3ecacf45201c83c4e3dd78dc01b18c7ab90588112bab3b9d4e80504083c1d719652b5333352a690415e62
1e801641d399ac233eb12c60e4aee604d59bcd3dd60531503a47d6276b962b5a056930cab661dca011405a4f471c4b801287d83bd3d98c49339eba9f288fcd58a3d5a2908acfbf7035797634cdc2c68e769a10cf0b01e73b0a5f31641a5279420fd26d8bab78bd45ed1c9b14e5e8f0da433a69fb51d0ede0
1e8c35735a866791aafd4a1be433a2212e7f2d1fb79fe01b2656e12a27c22fc38924a1ba2fb0a5603634e05572077976b66d571b9039832dcc4d79b425403b86e64e78e346272b76ccad63192347fdfc851992d535b0c25772d10bf35e023f4898c380d3ea920356790ceffee286caf342f2be4280ec0e18
2c78bc2612d2cd7216275d06ec6da5366916925b0e2ef164be4a1326b2f73244b403aac52d609c0d14b4c84434054533e41d667dd31d8ed870ec9df211ff0bda0c0a61034fb7e2380337a7110d4c15be8778f3106935f3ec21b7314dc11ae9d7779123d23b7b7174ff32ee68f609cb2c31e312ee4573a406
3c831f053da31b81b96871d81192523b945490dd38d2e00ca856edf86d0018e9eb8658161510efb73b55529c5e0167216c445d3c73ae368e4272a4cf1b0e36cc63490c50384cc5b14534c92ae43c458d4a4d03b5ce96631167041bc8aaf26520be23930f67be7d0b6138e6ef884f3e11c246d97c2457d5c2
1d78e97b76788df3db111676450aa604a00061c897e4f3bbcdfe189cbc121037e7f285156fc3494a0fe6c026e104aa12ef188545e3cdfb6f716192762c19237346592593aa4a29223f45de07c36f405e4fc6b06cb029c9ffc93409038e38c4c59793181082f739307f3b5e7311d2504520095d15c932c4fd
07b1ae0ce4fd48d2db9815dd1b3c6b34e4e9b2cd3a1013aca02ab83514da168a4819654347800e057df3727c3f15e8c3cbafb5f5c08b0637d3e3464c1b0f7440a7f82f51375806335a0c463283a4b4b84535e2b551fe32bbb53631b12a21e5360553debad9ead0042210ad3071991919a12ae83970d7f3c8
351b0485c5918881136d93a47b7d3e28da64b103c3c3c3e915b3cc1220ac00a1d1ac653089e382270579187d9c18c6186fae9effd18b10697121502924e5299d0d2939b31e7dfa8c274c3237e339afd0af6cf31cb107812c5a130026026a8eba93a224ee390c12a6c136d93d32855450f3ee8b2165607bc5
392b9263b4b610d1fc30a39fa0548a2df06b1dddbd92d040e2fdcbef6ebb03f3977c609b3ff100903fd79e3f8f1ef04a64e9aef3d0b4dbc88e6f397531a13f6d38b15330e1df1eefbd86e525b5c29d002cc9f365af6a74e925e90860943b8bf05d32427e22dbe49dfb1d050625adf373333d5156068b9193
0f76d7972f5d1740141294523cf7d715a2b6cff7e81281594e1baa7056b03ccbc07a0bccfc0062700eb1139ac329975dfd1d887f70424c0d8e624e4639280930a6d8aa30cc199179494aed1132647d832c9f61e9a7b348b45cca3366b0026bada9e0982b757f6ac3f014c32583e4c79de3fc510e723c3004
0bee2f74eb83b942126b1fb01de14836fc198238dbc9b2b45e21ece3f96032b06add7c4d1561923384a41f479517f90c1de2efe1003b0872a7b4ab3d3a633021fd116532eec674b00578590d71ee1e65487ea316c556b2e4303e089f524b0e7103b2d708365a3d9dca200625dabb98ad82db41a54b4efb9a
11e755cf76b8fe029ccdcac67260a40c23332336b883a31ada11705b591513900536b09b6ee3cbd8f41685e78d178e9b66b8d8d830a08a84d112b4dd2473d329613192428ca3252e8e0b3e1a303b3fe3920371635d1efafebbb4006fb95f74e4b571eb4dcd77c9126905f0e10a7013c6b370d4db025b5926
094120b73addcb52aa78254b557db800a88f251b2660f32676064980c5b53cec95508d7097d2b97b860f3d95202571488b586e4112b3fa0a7fee32781ea2ffa7588f8953a9c91f8e86c5d40246ab027235d6f0f201482dac553036d1650eeb2e5052db01cdcf51f4193c00777751562f500bb6c88d22e655
1ce2d15ec0450ec0a24e3d30c3f90d2e7e2d611ca909022eb6a807e358482ce49ef4007fa2f36a95a9b354f80f39521a01bfee050351e4be3c4819e21b198b3fb0e21473b5016fb5bd65132d3624b98b0a2803a76a86e799e5c7173e88951943a3110e0ac0489034d00e7e8106d46e24c3e44ce89009c0ca
2d952d7ab4f62492166d1c15bd9c341d1ba58ed0fe0ba02b91159163517536ed4d36e0fa8a1095f40c76cf7e700e407d5539624592bda35737ffd77c224cc66ec6510cf087cb95c1701ed92681b0a56e2a156241f9ea0d942739080bd698347580531cc960fab2e03d3c462aa68ae9dbe04aee62a71a94a0
3dffd3fff0dfd3105de4391d3c7ad3138c8f1d7c5d9f930614afaba55a8100800affea000c037cba1245973ce914a08ff71efc0ff0a9e0d5a15661a43effea0006dfe911cc255c306d55ac0c3b3378f2fd2211e61bac22e787be0040057fe48006802129c980fc863207db5c115aafb5b1f1df1683755655
032d22e844e00e1175a68105fb1f932ae8c5763820d302924e836e0b2369121725587fd91533af20871f0566132cee8dde87671663b91f232e37b6c90239668629e449a0536f5628a4609c3bded35ac12a1c4150c700fd6ce7430a3410ce677cab33178d7b5eb1dd430e704610417256c1b52a4bd2945a8b
2f5ec7f3e63fe9519c66dca417d8493af455b2af6511c13cf34353fb94253691f332a02490538a44fdc7af1b330a230bd19a25adc0ce52ce029aad5c2660ee8ae4b2c730170965d620b25601cd401a9846fd63d786feef8b848239e807489fed4870e99595b13b7b9d3b6f2df6e7986751a23f4a566d3647
0e4aea4ba87c1b7330d086d2e547d03f2d52fadc01da906eaa9e9d007c6533f319e870393341352aeb457deac1336c4e4116498ed28ac1044240ffbb16d54c3a20c73023be8db313e505a91303e6a933a20ef07f8294bca2f99c2da6ac82868ded23cbd5dd98314ec204f166d82ef89a32797cb72bb962e6
1b7547bf19d14892e7253bba6a6d9f0b47d3b7a46b5322361bb1d82c999d3272ed811a2daa33cfff9ea61c71b5005e8d7533de1660db6c690e18d75a2bb2b5234571a2a113dfcf085bdfaf19fb667df06c8bc1e9eadbb3f658743fe2d046d501c7004dbd5047679a4c14d66e39e80c2bc3508efcd8796105
274ce05cb7f792525133ad5ee977d23abc4c8a192a02c011e9f72b8c2e333f68533b3ce877d0f178e756f5ec641620321cf34f655273a43e20b3c4ff3b85a8e7c54eda82a72ca894331e8b2a9deec599121462ba7cd13341c3943a6a28bad9c585e23fcb7ac94a5f0a0a12c5c785706aa29627439f1479cb
0f4a2ba185a67230337a46470182d618b0ae5e1ace83033a8716e22560e8014f798881a9edd2ca529f3a0ac9ec3e99cec0f050a6b2b1d27ae731464f2168fb8b6ef1ef61145c1a40b6d3d826a300b2860c42a1b0856127e5d2832f7137b02eb8de224c0bc950bba525260a08ea4abfc0e07a862a9c1cc092
09ef6f16038a294359537a11b87b070bf04a38514984426e058d62a0feab2e45f1107ad3f682a7576607f549f704cdb06742951d9054e3315c410cc63c4872ef240d25719c8dc77fe3752601a7ea1e7762c203532944c54b43ec0fc6c9b968062f719b2853014f188d39e8b473489d1b902fb745ccb52c63
035e709e88c0c44046b1812f9eaa6702cfd05ef9985721a306033c17e6bc23540d51a44b7de1962ef9696cc59416dae53664e6e7634c121962f849ab3081ef0dc8beba21e9b59241c260b009e1e5dfeb908f13448734aeb65cc70071ee3cda1390f1361ff00c6e907e0d895e897ec96cd38e276707f82dc9
2d2491df5d393281552c54da6c387a39a5b30e8678d852f9e0b6f458fa57259e553a0758eb725c806a8a6798bf0ac59c957fb6e742fb1651fd5bd4231915d2480d3ecf7058ec373e4102ae0935222a3f07f2e3816941e4c414433a3d8a4191eb1c1115d55727ed2bda24fd5c798b5525c1991c99dfcadd7e
1224798a7a9f98e016fca4b6d7bc3a19fcd82a0f31f34343b482ba86611211e2203a0613cb61d03d23fb8406081341c32fa88dc1525e121224a415d2025488ab3de033834799104d054ea92e6636ba6ebe3d5337a3a6164e53fc24099e7166465f1149eb66077867b83a629d09835dc8907b837e694272b7
25dbbd1a6163ab408d8455a040e475386f0bfc1052a95071201985c846150c03f229ea17f7038df5df75ecfabe23c68b1b55e2dcf31f6e8ed26f4f0c0584ba124dd640b39ac7c023dd745b2ab022a335ee05635c8ed3cc919da521b010e93e42f8f3cf3d1bd89a24800ec76d303ab4c412df3862df6ad5d8
209bc10bd5b35ea22557e1b29c49c12081bf363dd69930b19de2c61d80e5206ab2db387acfc3cd3247d492b6b137e2c199786d9d4340fb013ca0bdb93d5c0ea197dd5d53001965b3577ad6041ecf6a83edb0b07eb6c52838a1a702ffbeacf5215b536a290a23e479cc394a7401f796c9535f4d7aa64513e1
2bc2b68a617befd07e1199347d254e03ed726cf00e4c705c1fd7cfd994cd1f9806117781a3113f98d97ee5b87f0ccb7ce7243e0423963a249691021f236d4db61fff73931cf2f3a8506f1a31243e7d77738a520faff7642795ba23a410594fecbf23bcd5faf93623ea3176a50f2974e633bb3dea01973d39
17ddf4ebe6305170a95cf6cab321e4152da29d5fadcca25925717cdfc8863ed9e41956411521fddb8ad2c32b9112b954e1c968f7820efc56d5f6ea7b12287cf6e24be8b3415dae100138822575a36c0242bd638158b28f0d23da095a7c27e845a8c0f8e7508329cf672a1fe16bfa1dd8510b9c113b519c5d
3e280816d9bf3511a62e9eeb8f3e9630298d45657a8c10bc6850d12c952304d90df3f41d29f04324dceda53ebe042691934d9b95903f1eaf4294dca1236df77af754c0012273aa7ab7d7130a9982c938fd76b1e18524f43edeae113effa49fef38329121ebb1aa72a52243774dd57e96337fda7fe5c473cb
3ffffdfff0dfd31278bdbe13aff3732464d13e11a6f16201968405a40b220000007fea000c02f603b107fa5ec1206a7f6ef8a1bb81eb00608ac6357c3fffff0006dfe912d9921eaba711fc34a754893b91cb0363dc964fc5e00f0000003fe4800683ddce98e1ec171f2dc053cd45728b82926edbf82d4041
334ada61513bf4535230ccca3e1efa111dfea0604cd5e0a806c0bcf1669c3bfe97fce4f98860d213d50ab792e620a267ec0e4651a2b82f6d9f46fb0a18c6c6188946b4626727e6f7645d4b0b93a4a57505c6614cff042ef158903b2ce41d92470b930749b5288a945e0d56771224876823e37111ec2be4b9
1cf11bccc4aca620af54ddaa51625619d6cd69753926d06d44586704c0583675f1b97d6d85d23c1e07540c76ba395b3f85c1e8489221112f7fa878850affb6f1666d17c1d8a8525e6c121f302ce32bcc19ce81926bc6e98846ee2cf43c82b3d9d5c13ab73cfa18c2d42e26b79ae2f5ed922d1e5ca61a9d36
25dbca9949f0e142844e7afba9e5261be0f830d54793620e2d3161cc5449395a523296efd0a0d2fafdce808d4a07c267b2c0fa9662fcbcdc13d4d9f100c0317788563fc2e51695e5b48a3e0cb1e03b146811923ccbf64f0bebc80b322fbe0b223571a153d07cf2363836e9668400758183c597adca4c2dc4
11fede45438b93836ad033eaa46e20324872ae670b92d3c42a9dbef46e190683c88462e79763187108b89ea0e90c33d21c211a746185b8fb9efe80ee195de9c0c5f61a404babf32611a3bd29f13a90ecd85ea39948262e51257214e565a693c0c18243ddf464a585e70df162cddffe4cc0ce8b5274abb59f
15c3aea72732fdf2d63711c76f55893b8b771104655f2028da40b093be573ba458f59cec4d12ece9ce9ce5462a173e66faa4733210e49a9e671de3aa23d87537402e292395ef1416033ab5134198e7c53b36b0a25a4e4d5d7542080d0772337c1970904ec0d1102dfa09b4275a59d1a893e8655b0f6d6dd3
22ddc5b073974103690e4efb539d142e752673e0e5e062fe5854e2ea37c7196cf5d8651a3ba3d5e9dc49e27f4530613c821422be63cb9ec4fc534875237ee40fc11db1e0ff7218f2e06d88206782e289e9421328184344fb42503174a9078844d0e122a6b21f28c0f4183f42897ccd0862088c0b30b1def6
0841c90cd822d1f02f2da1766e20ff0355247ff5e784c3538041ebdcf33d14d37463fb11bdc3a33124f8e6cac9389eaef7860bc1b3edf4a11636de5833d787e74192b4b233952625f870a8257c1852be250e72d88315943127f324e5be9a131e30d3fdc26fc281314c2d55b09c5633cb92fb15bb776be4a8
1b7ce00293f123d3aaf6dcc76f13a92ed54f18cad242a1fbbe84085464c32db427c0a751168364e2b4b16ca3a809b52e2cea09fe131b390f7a1b39952370f424b1d4c6415c1a1945b2b9d51747e4e359cf61f396da6a189c4f24030430a4242473d122449a546f0dd906bed4cec662cfc318091c4511ae44
078582a246d04e829e37cc3c82d8cb24a9f75c753fbc11762204364c5a1713a72aa2d9908b103979c79ed6f2b3312bba5837a5e6f0bb82883695b24d3c19cbd59a88cb6196a2ed50c6d32f348dadc720a12ca0e36849e7c5d2b01fa9d8bb7c39b5c26f66e7bb39fc7b2ec1273452353f53d8081a45f50879
3f613cfb17423d508f91138b460f853584ae9e8d91b133111d819a9267772860613b262560c1a3453ce1e8054d335b2c457e549c535fb3b61d05cda30b8731ae967b4ec19e1cc755407b3200ecc7925ab8f7b1c8ef3a33989a7b2049675e5ffac0e319f7d05e405cb01e4230b2c96e5b818a8e550f05ba5d
11fc17caaf65c972042165889c52bf27612628bf878411f3de3da8b8081621a91043644fd83138feb35992362c25c13181d34b0b000b514d2e7b14173c38125560a4c7d3500b54b76da0e909fe87cddc282273924cf8835107120bd4cd8ae05f418391caeeddbf56b50d33ea0cb0352c72b0525bb96eb84b
1a2510be4f8db6304c666bac326ab13705d2be8cc8c0f2d45d06e8a506c72ede61e53aecc89003675e01aec9fa1e25ae8fa7d6b0535d00cb71f23f232b1460fee936f7706a7a6ae2236139171c09ba0f21ffd2dbddeb805e718b13457db5e3edc733cc1192d638b2d80a49fbaf0f9ef4a1ba441439e83e9f
04e090ba6cbb0892f90da2e997d03d32643d7afca0efd09f658beafc6a57238bb337d8366b91b70b741501bc5d3e3701e141463423baeca73461561f08c15f04ddee7d620cd71b2eba72350a2874ca808fc292da3ea8a6218da70d3fff332c3077806b9062d52449d30f177a81dbafa102d2de755c2419ad
095fd80b875231830416074657064f29efe45333515aa29162a9c2e6c3d5219bfdf6aebc2af22db2d92118977a0c36b87c30946a032411044823de823ebb46e5be2b2740df0714c8e0caf50e62792c8258f001275a69cc7769bf1cfc972e844579a2f8c07972ee15c22879e4ba3d26de60e7ac0ffadc1ad0
043ddd79f7b37ed15f323eac1d026202cf088919063d411e834ab546b6551524c6ae69ced641b8c9e344f0f2863ab929fc6c8c0432ad05487839965b125f89e59e100b407491513acd01a11b0cebfe8a9ddf8380a2abed3929bc32a4217d87789d73f87e801263020f17258e287fdb747183865e84c64aa5
000000001effd300963fd8ed5403263f1da216520e9e533f117f8763eea33fffffffdb600c126ea32a51a1dad409bc4b38e98fd0429ba1a1aa45bc9c000000001fffe903e8532c185819d62203bcf55dd5a172029a1410c6d1cf3fffffffdb2006919a1e5586e0d528226939b23de995e2eabf7c87ed03d1
049f57a151ff2402cd040d9f5a278031e715667d731552bed5ba52e9075432191e6f3ae98d4271bf42bcdc00283e9c7e2f9362b7716da54c6e37d5c61f1191e861d2b93244fc285cca67ce3abdb5edf898d7330c1e130dd4ebcb11271f3036fa4b9050f4ab2714f53929b3b394fc19a05000000000000000
00cfbaec152d69b1913da6895f5f0611c3219d994ced517088e6e5d4e44d023b6b0b4814c391d40741abe5238b3f747609b09d1d319973fbbf10b3101d7c2e1eb7d8bae34c1a9f8b86fb7e2de94726deea7ad0dacd186cdd25f839ddc6df35e15831eaedc2501133d033bc6b39677c7b82dbc78a2a549e12
18cdbdb8e5a81d62be7a753bfb06750d94d8aac41df1e17fd13ac94b893608c764022082df61efa855ec24c0ca359197680b0b5ff209eeacc5b649c73bfe735fff4d0b70d94d951e2f6ae73e4b0cf2719263a138731479603e8b2822c3e45b5d8d20962a9d6e0b0ac811a1e4f76e6120403c4c1d9fce196a
1e7a937b2bc75583608615f8f9694d3f230911fa45e851aaaa1e6980fcfa3ad1f4de31f7a8f1f3705a162a5edf39ad41365a7bb8f0023f68281027a519dc9149fd2769504e42722c8ff94000c0f08a36bbc4e06e2ed6db9251123c4a32648fe8719325200d13b5dafa047a65a2f46f2d52773f7059236e5b
2000f891bb541e531ac456a527840e3843978db522a7d280fbc70bbdb7f0191a4a46a5aa0ac12d5d7b63b7b7c81cd8de2a0307a292215ac83325be780ba5cb9ebea6c1d391281ba35ad40f35b1eddd832d7ef1a9f1e63751d89a3aa3d9cdd19d6562f6cba28fed3f80305b4d2e609fd553edb8801ea4bda2
21f2a67380ef26b225ff89f2bb88fb19c6b9f311fee6b195a522c5fba6640037126255add913ec85be20d1239d00fe453aae6e4ff0364820d2639ebd21c26164b4fd21e1d7bc3c231eb0d30def66420fb6c2527aef263fe141dd0bff6d35fc9095f3086c85296300973032ca01e0d50082474bb02a4eb7f9
116af1f2083383732942ed92919a6f0ff4e93117fe4d92b7a8905f8a15b93519fb66daeae091e2cee875ac72fc387514abf748aa83a085a018fad0ab2862dee15d9aa5a28c481527b0fb3129428246381885e38ab612b7cfe0581ad0bff6aa78735207475facf99c293c0608887d89b6a2ec15a9a4ae0cfb
2c23412216cfeb734d45318fbff52b3b917f420eda55933239dd32cee014049d0737205e5d324008503c88200839e07142fe378c330866e8bb535b092a9037e865f1a6830df6a0ea58e86d287bf9f2d75136c2bf86301f0619251d0ecbe5bae9548157150d46ddbedc2a3356e9031d4e0204d80465a2dab4
14596002f052c870ec7299207045200a76618dadd2e8f05eb62284c0aedb2bbb9674f5446613304bceed22cdf21907f823133e29b00bf48c676f31a33fced1de501a34733292720681a32f37f7aa6b64c8d1f004210cc7b20bf91a28bfc46c34dba3853e9681ede7852ef6c252a4679b43de245e074f2138
1a3f5992cf672cc1798d16d9f5f0381faee3e3df98c1f369d1c7122a55591e71be4e9b10e9b3a62e9cf5ebc3c7103b923fdc5b3a93207fdb21e1b8171f1fc19aecebe563cd6dc0b7bd6e231b53a419e38935619e60fa9fb4fc82362eefb8c2e7f003090ce20688c79812ff788599e0136185455063280e20
25070f081245e45170ed2ddd42ebd806040973fd01c741bea616434819ee27264ca8db5a71833d0fbe0b43e1e50e2efe169722d7226f7c00cc15ce6821b57c569173f113cf2ea882fe30c026e005914c910b00808e663ef522be0af067e9cf67ac334d6447723d8c002ed14904b11d7ff300593d4a591419
166ba5da44a5f021da792b3880503f2d8ab2b3d2becf903396105d6378312599bec5a47dd23227101dcfb814da11667f1b9dce84701e9e8a75b910d10e6010620e299bb2ec367fec2e0a900a1b9f1e59f34f33aa5355d3dba5a231c35f7da51292b100f97c463d814a06e4e610bb2ec932a15fb2cdabdd7b
317b5b22a78953805736c1b293ebb43f3ad988b6cefad316bc0fa64afa371cfc27ffcce86b51be06d8aa8d716c0613228466e14fc18998cd550de0841ad3075bbb0ce232c8ef71a034cf33035d6abefa9c42f25b33aecf46e3651546acc620dc34337f1ae9c699ec5e0593ac3f39aeb5102344c532326606
27f3ba5ee5d60d53066ac44b336c1d186f188b42791a132dfcaeee862b210cac84796d0a0372069a31058e8d2b01da359ce846d4d1098a6ce20aeb443bd99e190e50be022b1a72d9eef9f50d827cf555d98e62d2b0a3a896eb23230c985a9540c9a1da8785b6f1f19232a4eb5b1fd380f1afd6bcbedbf7cd
0ee7626a4bffa6b3b434b6b2487f961d85581f322ef961874dcf9ae9e82c03a8e5bdc86eb4d05918c28b90a6a315ff9b89e34f5c63b7ce3dc135042e3ca1bd020ee10fa33895be60bc9d2302a446ede21bfdf2ee5b1b711f63431036aa88ce6b2dc28536ed8d3f006520fec457a59ade4246704b77b0618f
0000000020fffd031918078a6edc602f0e876d0b010580ff8734e1f4657b3fffffffe320017044f100e5cebd293131762f5f739aa298b366428bc7f500000000107ffe4217c707ddccb7ba2b62a4d1d19a5b7144b5781ec847313fffffffdf000103734d05477b779b3f7b83affa0a95a08767d57377cf87
000000000000000000000000000000000000000000000000000000000000000000000000000000000000000000000000000000000000000000000000000000000000000000000000000000000000000000000000000000000000000000000000000000000000000000000000000000000000000000000000
03c039a4a448a8f0125880cdcd178d37fb17321cacb3424ee674d4b3e8e915c7c533f46898f0516f9ed7eb79e23c229d97be6d7af0233cbde91dc41b38adb8b0171f47a0cf63c0b0f83063274e0d0327618631b1b8303582c92705d8b66b04e075e35dd5d9bef5fedc08c2a5c4afca50c19c45e069ebeffa
315b7160325e8f32b51f9769ab5244252800192f38e58087ae4799c39d5b0f3fa6169b2aee9285003ec3065d690ee7a00a4883f1c3a29b74949e5c681433a6b0902b6a00e89e8270c33e5d35a89f993c9ce0b304a7f33eabeab711bc1a5cfee614421205234a66da093884df9cb561f671f01dcc421a0fa9
02a5b098e60176a3add5f25d8b484405e424a8181e81d06526c7594f0af6397bf0639e61e76067e7349a95b804263fd6e7155e1eb3a64148a11fbb52032e3268141071b0e0ba62cd5e6c62246f91b2efb9a0836c8703b311da342329624964dd67b3a5da3a12998b1b1255dd4e03516033174e31f3e496f4
314be443cad330c3e9865c84e3da07355a4c06217705c03b231d398b6c7121195dddfacc6a23a7e9b1bd8f66ff25cce6ba477dcb60e62e10502de8b710e401acc93d84b1b7ff685afb624b161197bc850f2cd0fa7c173391b07e25df93b60eececb135067c22e6e62f24f2ff5e6bedf6e39147d752d9e2bd
3156458819c34a70fcc5f1ede1a3bd32efc9db056676607dbccfb86073c519f705d60ce44b23dc112e5a210c5b3b0680109e9e7d93a5158c0a0ae30f35b7d6fb682d67435a77c7368f76ad3a8a6be5182ecab1a754a25a885cc30168a47b1dc480d196ef611baa62a62553af3980d5dd131766fa45be50a0
256a9a6144012131dfd909ba84e3ea192fae384af94d4364c5ee31b0b0a0175cf78ff7573ef0913f7fd7a738e335cf2eb80698b7c2441294eadbe23d0c6ea3d4e049cac341c68b1dea90143b38dc2cfc650f41ca5a8f0006fae122a5e8414ee83bc325a128e90a753d14616bdcc52f622351faba1c0fed90
1f135db0da0b3be152c875fb395495140d75c6ed4e0202bb69b28b1d7cb538abcb8e8c536ee31dcc247c7c722c3ea45038a9e86971dc52752d71dc423ebdfa75c4b57d119e133b04dacdd4352d93a80a9c2681cc27bfa7dc3a4e24f7abeacda779b1746fa623866134213bee94969093f090bee0b8e223e3
12c0ae1faa09db53cd3e77e1926c3617f65411ef265db01280fcb97e1639229bf634a58822d142e291135d6d923d7965572b9759837389141f7d14c51e5d777df4669d33eed4c706b9790e01d50bc9cc206e534b56bba15b6dec00f8c6076510d35245cbffca6e7dc50410ac00b5607f53c2afa6ca1ffb37
28f65936d2ab6241678c560ffb45982e5f4408bcc2af8012f7951f1c16000fc15bdf73479d427479237fb751f51b88e9a7b10977a1d5b1d702fa7be40ecc8da1dbc5ef61f3c7a7113c8db83243c2d306f706c20f9b84c69ec2120ae6ba374f41a88278c442ff982b57271df370809c386179226aac7be698
1331c39d81691090a73bea4a4a720634cadde7a890b47180653b9e83301d2fb12e266fe20a730c7b1615304be8277789a741c3b4a11e7b5bc48ddf55081a5709c307df81746b6febe41a471987e2d2b443d7803e2522c1f1756304c910aa41df44c050c0bad86cdcaf220e685ce5b01c0277e947d71904f2
2b3f0366570680902bb31cb03bb4f205f42ceb3bd34d511ee242f779f7030bcb966e0079f6a13f7ceb783483cc0b5c251b0baa23c0b8d7144766b410365d8ec9c6ea4d4041a607999644c721cd450bba9750432976f859711c290ab3a21231de26e229d5d3506c94ab30d88cbb8217969373900be46b668e
35a7c95cf46e15e336b86bc38709341ac90be8675977334cf0b425ff01df1546f02fb0b761c2105f0bbcc45def24a313510689445138c288986df47a1888695f6d74f433f85bf7c52319030aeb4a58ffaf494046449383563e920a0b6662dfc1cc408741d6ce25a48c1591f13be5dea1c37c3a888f7d6b22
2f53a4f32ce80291952acf2e46f66b1551929355de6320a9d751f9d7ba1a2900e11c5596cca341d2b9cf3a54ff0c544353a875bf03b04dd7a01d9202118295a8c17dc5f3ddf392bcbdfdec1581218edb6f15817ef6ad50198bc80e44a487d586c7c183ef2962d08b6e1f59fd2dc0593d33c00e2daf600ebd
12528cc09cc04132302d992e4a3be226a3fff1fd58a1a16b539c2d4482d2032030a74d891220af0bf0710d561f11a5835fa8afcdd096604e55ce25231c8f3cf2103b6a10d2322f99fe06f50e7b6ca805a50bb1da566a7d708ef11ee1ba899d1113939193cf022e58c03f4275e40ee330a2fd0b81046c92fc
07bdffffffffff82103069366b667b3fb628d95d4742b0979330ff254d673e107ffffbe000907532acf1854bea0a2c25934b9f78f2b2b0673b3f8dfa03deffffffffff81b743afc65f9a380e749f3b97581af110bb762d60bb273f083ffffbe000918b6ddb4d77befb167c87fabd1b42e2946655efb0b28a
000000000000000000000000000000000000000000000000000000000000000000000000000000000000000000000000000000000000000000000000000000000000000000000000000000000000000000000000000000000000000000000000000000000000000000000000000000000000000000000000
23e3769c5a3147d2a4e808dc68d0e21ccefc05044001d35e4bb5dbf8e2df2ad9bb6afb39e5725084e34a3671bc0a0a7189af33c650c9b6b4ee48ae982a72857301bb4800cb274cd6e6798504c15bced55f07202ab4fae109eb8c3e2805354d92473177a82a498bb84a1a0eb36b95c9c2f17065ea55fb68d8
004dfd945fa1b4e2aa33e32920102a28c5e1015ef4ca806159e55d1e7b532e12ee391aa4c0f1fff81bdcde15471192fb41e9ad8453d497e0f892503d3eebca3bcf7017e2acefd98eaa95f812508ee04ff67952f8a0e6c816c90710a639f44e3fe2c3e11fe14377436123db4a89e0c01730da4184bf8d755e
301598c6d3ffe29148fb56be7e37bb2c0ec4aa13b7c903d2c7bf6ed71b373132741fe7a324d183bb7da5e5fd7225b632dc88534663db1c16b8bda26d1545850b8fe840f1ce410a3fec85cb12517df96b3fdc93fe430ddbb3523d2d37fb2a216ec4d1910e5eea4cae982458cef7e9a20ee2a8183b3d313786
04bfe424f5f22303c1a7188e1addfb141927a26761f40035faa4000f81bb22f527528986d4a1312a296156be7e369fd3861f5373003a67c3dab7d7900ce1cea00ef0fbd0139ae83cf8509329585452d2ff43126357140fcef997316d0e333bdaa1d0e4d7fb7dddda5501310ce82d678bd014cd989ce51e71
3b401bdb05eddd101a36221248419c091ca08ce6959eb0a12ad39ea737c42ba1f5d39df2fc81490d723c003e691d12711d349c0ae3d6344c7f28619320fb42cd753588e2fcca9d2cc505440e888ee23c2669816e0cb3f74dc8122d60555897f137f37842204b58b7f22bbdfeb9ae0bddb1fcc92a092f1bd5
23abe08149e0b2d3a933cf374402ae00bdacb3fdf39691bd4bb056f76a1a058c54e67ddf073124a15423dd699907abf8ef9e6afff002669ae1e6a18724b882d12a83c1618340b35ed927c6218d35ea53723801ab3faddfd8e4963d27f6412e0c69909799edecb8e48323f27fc605a55d238bb50297a2dfde
11ce8570fcf1d1322e5bfe211157b82cf5cb8a34152d639975aa1bca6ba131ec0e43a7da47117de4b68f20bdd015f63f61c9d80a811d635d47bfd3f20459dcad67c7b1e2bdbe3f6f7f110f30adc51fa69def038286ba6944448d29ba79994ef979c035167c93fbf41a007553c8550aca51d056af6c7f58e4
1570af6af74ce1d054dd6058cf9aff35bd747fa5dbc8407064fb2ae375af23150a5ac8d217e1f57fdf0a729891162ce83144e8d233f9b435814acb61088f421e9d2a1a62464b937f37958912a14b25790be310d97d70c2987cd514aba488e0298e2071e140962df8042d1dd772b238b12194d75ccda11a7a
260969e51db54a0198c58201ce16c01804250ff3087dc06e9e7f97f3f5bd08c65aa59ec9f6f24850f87c5af9603bf548ca4a9a47c326d5534f67dbd431de3941ad63f8713518b4a2130bc230b10c1bd35bab922b9fb4bcb1e43100a1439431c9b8a2021e3672006e302c79225cbca96473e81b511934b739
22be8dc3dd5a01a335b98c00132a7c26c5fd3422f57ca002101da957dd9f0cee96b44b6d8de2d7fb930b782c981f8b1b0f896479f16437ea46f9425615fb07e72809f2823b66874a25777f22700765cf15cf5208576a8a18c37322d264aa044ebcf270c7d950d0220919696bfdb5c5af12ab3e40d78dade4
37f5c607b2b03a70312993998c4b403c7d7931370d4dc1910c0c2e2860502cd32bebe5bf8e917c913f452842eb19177daf28d297d3b99e8c35acde5402d5bbbef96efde26fd7bde790b58800f949f2b59245d150d73ec96acf801b8fabd5f50c0b5000dac029c24a6f337d2b22c7f79491258a72c3bc7e7b
34dbe50e6baf56f2a498b9d1b28e641fceb7ffa080938232b14ccfbfec722d775821c62c7ca3084c9aad0498c939a0834251aa88d12a364a5d73d9ac2fb2bbdaaa80bf71d1babfff768b522a3cf0a6a9e29652632cb07a4c949e1e2b16097b2575222404d1c1db2f6227e6c404f6c542f3e99756a88efef8
181fce61f2d7c8a2e5d341dd727e8b188b930727c289713b29390d468305085d1c9988467413debb8e4a338f540813bbda07d5eb20c1fa085f8a37c82e46a306170cc2729987e07300e71c2c43ae39db20f6b288e57e2d7867bd2ca7a39276908982aef9aefd2bbdc5008f417e4b10fd22b5cebee0644fa1
0fcd0fae4b8f9ac1ce82fa995cff84179be2cf575cf682a421d95540579813ccfddd640809f0f73ebb318a77de38365709bb865233052cdd9647c6ac17fb7d1ed87478a09878c5428f35432aafede259eadd71be237a0df073c628ee82260ba1a4137c0807b703ac453f8ddd14c1b23c23174993664e1c67
000007bdffffff82fc3fa82fac009923f57820e014fe20f7e2c90b1b35703ffffe107be000923a2edd33142563011c51c16bf40a139a9c81383193f8000003deffffff822d4b4f42ffe747209446df56aef8b340e342333aaf2c3fffff083be000906debf36e602bb711f49e11cd458b73085c62ee29b589
000000000000000000000000000000000000000000000000000000000000000000000000000000000000000000000000000000000000000000000000000000000000000000000000000000000000000000000000000000000000000000000000000000000000000000000000000000000000000000000000
2d612be1526ade72a18e00c9a7fb1014b4fee55b5c0ad080e2bd29f42989034b3cd9760791624f1c1f932402761cc5302f74b4b5f12a6ad10309f96630d9137f882cf470f8ba95b70a7059331a5b086fc7a123006dc9329df90f3ad91e2f34ae301182eb068c400b753fd5dae1f621c3310f5d097fba712e
0c8976e37432c8306eee56e792d7c032802183c9087a0322bf38c8a1a3140af44dd0b621de1208e6fbf9b0530a0a9e4de5d92b2c72841d0d704da2100f86dbf8a4519fe291174d3775929825851ee09242a571ec4872eb46d8e72fa39374680c08a39b5dd80799091d0c19482fec8a11b1d11ed985145132
387091d856c880817bffa0d1758f3d12f880f3a635d8619221da208571843cf40d15f27d70a33d8cd3cf3f511a3e638f6ead63f1d16ca0b38da5b56c12c170d71ffd56326c23aaadee48a3212deb2df20ca0e18a471aa106713c0f860161c1255d522039c1f0eda0133ca5e90d9730230204573ab0de4eff
00002c45211360e0357e97b40bdeb600c319c50090e1f2882bfd13195a68316c17d48239e721f668d4fe6ba7790c36a8a7d6f58ff327d67b3f370ba33330860cf9b0caf3c880b0a7203e5a0aa5ffc39c2114a11467b26db69c7e0d153b3ecd5bb780b9a421eddaa3fc393e98d6a74016d0bbd514b81fbfbf
005c1b327024b8818375f3f333792e3e1b086c9cf1f0139f7ab461042867399843067ac865803e330fb554930531d106561adbc5d03883e0ca945b9126d16de1e75bd013bb8b582cb76e91252a59ecc5137580ba1b50eee721c21518faccbfab8a80b36df5182817ae35fcb144451e7ec2554270f0bb00dd
09d3b026a80798f38ddc64bfc78d120159740b51e54751e5ec6accdef3e63975078f3314e1110268a7914be69b281a3231e4911b104a0a50e2597d70017b8e48321902806f5a8f4330d20127bbae0d0b4b9d81b04055e183b0c53b383a4bcf03634299235894e873f72ab99827bee45df197843c5fa5a0cb
22384b0fe8156ed082d480ba4e202410c219fe9731bb7007dc01049d074c2985dd39ef95d7d34206adbfb5d79c23abedc4b9131521a369a9024049751a634295e4d543e0bdc964becd0412330f488c74e43ae278dff6e7def5de2a71e6f939352e91201fd9e5cb56482d038a8665a9fda022c2ef7dd0566d
3b5096fe237568623a1d0f89dddd012830b2998e26a740666f9f45e110072a7ff8511e198a52e4cc7790e71355272911b2a7b0e21086b249dcecbb073c7f8f7b7638b56365c53ccb81d3b906a0bf392977987176ecc9db0c12680dd238f6ff70a213f9582cd12d07623db8625adc7e13b0fbab34adc07075
2aa87bd53336a9a30ec69594b0699c0bebc339c3d4af13253ad07045c036323408f57cefbac0d2cb096f2e9a4024e1907df1f4712280e419d5ccc2010ac10f1cf38940a17968c1bf249457196a50a1d6c476d10f995a412b31a00ab840ec4e216673db1a350c27be4810dc879ea318f9b39c3cc5da54dfbd
34cafba19d99e87297596f66ddfd38056379ad15dd3f13ec0488f0985c6e27c00130bc651352b232dc8e973a350adae80848b1f1d069af61fcf39c2d3f33dddba7bede203366e5f4904d18142281fc2b48e7132d342ef463781d3c69379feabacca19f03298b385f613d97f3af38337971134d6ea4570165
088edc08ecb93772183875d2ff5a7a07081064698dbb627968974f3861fd26e6f6cc98dad1f23a19c3775ffff72f498c85cd48f0828f0bc18c0720e21720617e3508f252e7a6cba9edceca3d27daff8360ee70e3c0641615439a350066ab804472b3b4acba5c7ca0212c0f3f19661c4960e961dff6fa5030
1e3428b5a79e53e069a0f6d2a1b8af3c9dfd530ffb0d32ad13923aa0c8dc2d41aaa870e6a8f14c304aa8c0c0fc0aa9d32331d575d043a4e923ef093b23ce17540761cad1e2cd4a0c689e7835e71e343141afd2b00814bcb2480625b0a586a83a8ba1a6a67aff65eb332a93b49c0328547321b4259040b11b
0b9aebcf1b6563820e60ee811a91fe3f923ef4f8d93932419ce75f7a98500cb142e97789c7600c03429a6356cf08838fd404dfc952406070a14d03d907b17226922398c3013e9465ccedaf0442526205d622e23d61a6feedfcbc34bec163c53013b08fb526a962b26f3e1f713acb978bb2186414c4e87bbd
1f43ba8697415b139d14c1a3fd2f05172e0301f4c2fc11084e1eec5bbec42db2473e005bb78085a812db6c9d0225b5cab4b4238233c26f9128a73d61218ebfae50f54e4154f8acd354615d1ad03fceafc9b7a2bca197afbcfefe38593d5c5590cc62a98c590546f333200f1ff56073c2038d27924b2b8e25
0000000007bdff826f90d0edf0b8c330371310873bffe334575155e3cd53237acf58a47f8aa21703487fa1db0b3d4ab05c8ae82b4059e0095697e2e83ffffffff80100906898fbe4492b5c01b36132e904584311616d80286c2c3cdc23229044b46210906a0773879f278773d7976a66513fbf4743b6dd0e
000000000000000000000000000000000000000000000000000000000000000000000000000000000000000000000000000000000000000000000000000000000000000000000000000000000000000000000000000000000000000000000000000000000000000000000000000000000000000000000000
0122cdb3e792b1b010048a4d35ad861c2ed2b4869272437478590c2360e621df759f8388acc0924fb170ceb66b1efae5cb88c6728153cc5da3974567198ee73de7cc0f11cbb402dfdbdcd2363ede58f1644d200c8ac3820320c52656434d37d41eb271a66a2c3f9dc939ac409bc05b2cd08684600b8684e4
3edd324c145152629d9f1f2b5e561f39e8f61b65ae0db06649d5b633b2b92ce115dd2ac1daf32a49919213eecb0369345f24c8f1618ffce626e7c53126a6f2cb144f857036ada9711ba5543b9b2bd659eab5f0a283aaa65295a60b1b73f438cf9a8093cb5d688b06930e5995d3972237a3f99c00b353d280
14ae7688081def32044069b868bc0b2d7140be5cf8fc206ff5840a27310b31b16f67890be541482defcc4566152c2d132dd0f1add3ea227e796af37b112bc2678ba1f3910b0a16541dc8b72bf3f43d9d61ece1c2f7582ca197d50d0349a5c6ad93235321bf5c0fa1360b6534e9c4a4bb838f96aa88fe8de4
08f617227788dc41bbdeeccdcb84b70fb6f462f8edfc029b21edec845ca82cb44e29a0c149f35dfaec6cc25d4f1f1753f083486c5038b55f8b173cff027bafadda737780350cfe6895069a21f1bc558697c5306061d66cd927b6016907f0a901db019d1da1fb619891266da38b54fefc9223399a2dddb25f
2b518977f3c63520db80edcdb7d15425b16b667d6ab462f011c4ee52107c078a2e5e5887ac436c0654b76742a7156962081365484305d74ca49e9a5235eb464e89507f00e468f5f75cb9ee2bb13110dbd46a83b9fbf64fe5c6e83f6114148543223365dc156d534c0838e49dd7bccdb0f311a04da89aea1f
3709e8dd845b4812acc6e6734820f00ee72fc9c1cbc6c3b0f47df4555bb13b3bc78f368deaa3e5d2728bcc447e3abc1fd622197852a72e4b76a2a80230c4bb504bfd7752737df9b575558e2490d93516192e3397e6776c10b5d22ea6d7ccfb2090018df9478bd4bbc40fc0c9643285c993eddecf15ae3517
3ac780e9416b2c4372c1a7f61ffb813df4bb6bfe63b320fc387c3aba2cde2955efa90f20202222b1952e6bd85e207e0716589b5f13788186af99a0e0268c6153034fec02313aea5e2d71ab165177143c7133b2147e665c8b29433e86d90ad1ff1703e76cab8da8a6e81773fd77b5b672919459257ad5896e
1497a2708a9ac84233d6dbfb243a740c48967e9909b5a163ab75546413302dd31f7548aa0fc2ac86543874ab8a053cc1073b91eb306f635689d4efbe3833b478a2b2d62393726a3472169f08504a7c0b9f9342a2ab0581cbd7bc0264d63b589740d2e1d998f32531003eeef4bc9c1109a38724746548ed27
3166991b4ec9f081f6cea6c2fb58e4009bfb81d8854a6232ea0a2fbc1a722d74fb5878ad50c0909fcb04d2aee827129fe3dcf904b1898c0087dda7fa193c201028b044f25be3a7f0e5664627f72f1fa9a1b6216c06b4f4076db122aed385b1778d802840b206bcecc03b73f534abac8181dbf3891816c002
2bae21bf33e990d27937e5c40a8ad30a42062fcebfcb514fcf395e07e07517280384b22f0222a17eb0a4a3168011eeda663fccb22118e9e94d84161e39ab028975713992ba55c50e14b17738002ffe74ebda0302952a8c9b885d29750b8e66906ec39e86db5d41533006d9d58e4636dda10ac7caca20c2e5
220ea6eb28b8d2302fcd0dc130babc3ab9e50d2fc0010297890aa43d370411556f668f3eeeb380e1e884c23a8b0dd505677f0bac027f5ab627fcc0ee05bbff143d6a86d19a25fd20d66e5539872d23b41267a2afeb14f2282ef02493fb7b29d17140f3ba1495ad8dd024d41fe4f02e3b4283072158153b35
296bdf6f27213e52b12a97f27cf8701fe0e74a169398b1cbc0beaec1d494235d021eadf02793de6b6536a308610a4710bef4f7193293ea8eb2a93d542ea1421b22538991d8f90540185dc92bd67cb177eb80b1dc766fd2a4974327ea269e95a434728524a18576d31223c3e8a0125e2ec3706414a84a8c65
15180b3f087787507f8fac04de85a832bf9d23e63134f0e47689808eb2cd01174b480099ae8198d642ceb960b60460a312e07bba4346cda08366d0472840aa110a5ed710108a91b5196ba70c8269767350420040bb9fa2ac10382073777196f61250704099c94a53ea2843a1f683ba1591b61d9206aa8d7f
32f99032448461b27dec2dba836e1b22d5889aae742dc34dfd03fbf5c9a709a6491ae8a768300a0829e831522a0579de4e84da44b1f1ab2e7920c4b01837de3d7992ddc2e8ea5f2c378f4c3bbe49ad34975742a285ee3b80819e339b2d5a650b07b068e873cdd05410238b8243510a12b0fa2667a57eebf9
3ff000001ce006935b2fe6be392e140ffb03f884903a818be53850d98d441f3369f68fb825c2a5d0917d5d952402e30053c2bb98f0b65b98a82903100007ffffdefffd8252680ca0a168f7043e8f2fd4df21833a0d63d751395f0d9960a2856ce062ad17b7410f356f1e8e7fd61c923393a4d233aba97e79
000000000000000000000000000000000000000000000000000000000000000000000000000000000000000000000000000000000000000000000000000000000000000000000000000000000000000000000000000000000000000000000000000000000000000000000000000000000000000000000000
167b580bd7a152d0a76f85aa1fcc5e2d68f358495f2dd1f5058243acca7e1b40475c4b3fe0f141c7a1f904f8bf1b82a398f2fe50c37f8fc0aa24055e0449b8045518efa34db1e1a00be7eb2b629a53aebbe53259ec7bcc0424ab22bfd0fea78161f13b1914d46a577d224165ddfc1a338192bfd4619c79d6
0bfb73e546337353516572eb2982c331f6a9fc3c994212b5ff74c719dec21f0e376bde4c3ae3ec106164727ee91e9f19d62868c060c933b74d31313300a81b69507968b3e973b66064d4db23de5ee7facc5ed0dd49314f2b63d01e837e750eef06730ccc2c0e0d183f2f75314db32b6b615165ae529b3e2d
18c8b5cf5a2ccf522df5327bc3b1982474e1102be62001611efef81d28b239a5728937891dd200be2fd7e49db710d3a32f9356d8a3964218214e8d2c28f347375f99d5626b48f15b38f36530c4823bb0d53e423d44e6d6bd1a3d31dbbc0fc32414f117e24de24ec79206ddd7770c720b9386621e68dcd729
3f1c4651420894009288a14732b4492da9a36dde8370217a94454c60a6360cadb9fdd56ae6e094d127358f626e0046359cc06f58725e7956bfafdd243f0c0adc644d64b30c3529d043b53404186e45709bb7305825115fe23a723b22e364fcd7a6d00607f1bdd99eab27fdd667598f9b12e6d49451d2deb3
07da6609c13217113e04f47a3a2aea25a407e82c1f44b1aec105cc30f6a223b3a7081d6a7ca3ba63bbb6ff23ef1ce36d1b91921ec2a989b778b69618192a0e57036c6921a7f97358a98eef394a5390db200f92be21ec29b088691b67d34746a8a3125c99bee4397a301647c1f8d9d1a9d28f6d60ababc06f
1a821ed86c6acf93dcc1f5f71a7792231d663989dc1ec037ff3c9184e3f90c98aea53edb08e1ed53c78eb29ab22d95ad9a1b6172e3ae58f681c539b51b2c1600a723599225c5f02b23a8a93bbf6766ce605c7397b7f9680541bd3d3311e79bc7e3529dcce8b5c09af9388b2f7fb5dae1e124a73029104ed9
201ef05fe953ecc0feb56a8284a0261730cf6eefe951d14f971b5bd396d22e6eda6d6769fb7119c9b9cec44d1004cd8c6dd25b8ed39e23821fd1e75e37da41e412c85cb12cec308f8b52e81cc18718226dc491a45cf11d5b6eda06cb6be9c0946ed1ad9ea3a60a5e7a0d7ab546e156d8724d202122380560
3a785a8debf8977002a6bb57ab45f9071dfa92e90232810578af5c45732612eb08e82080b5d17baee156695f9921eef3d2ef4c1f51f007e31b48f1d9289bf9b26bbd6f9276fbd7f09b8fac01915d7db736fa83f23335248c3ec62391a0d0635191014e86edeb570e9601b1a27d00ec4611556e136a230132
05ef9a63e33cbbc3e0bf9cc624c7a731adf5d5bd704813b9815d8c196a100940784e15fd3331653fa6d8b4d3a31048a3085696fd83bfc1f08dbd8dd60427a2bfc05de681d8ed57e7c6d47312df60c3f4fe3b62a69715357a923c145e6cde9b69c9d00886ec4e0d90952e37ff68c2c45e52a831af31d3631d
267eba82d929be53059925399414e23ecb1f8c2265150120dc5c431d28ba0d23ee684eb43ed25467b7b2041acd024ad502ac477133342ac3552f6a051f33fac877bb7933ade2e921db2ab3254e838686f81ca13f9308f418318517a19c6895465023d3665b5a4284671f7df2a7f6b55b712f02b4c238f9fc
3e2e2e689daa754236c0ab3ba31e26208676f1c98b9272641bc9770d069b116318a695599953af0e7e59fdbce01a486370a1a3c772fa6b8131d5d8b80c1b51ecbcaa251098de7d87cd7f222af1aa6bf388f74258e6e543f1841b05c9f4c2a1fca971e54ed1244710a7038921a42ae50fa36d483b60a151e2
1c5279b5494117b10a1feb6bdf39552bb3b765fe83f68186e03a237965942d0c725cf9f46fc361fb4f5b1c32253d3e4022fa3764a2c0d53ac23e3fde0e8fa9fc553e8f520a2e0f5a847a5b0241e4ac03e132908ccc1211e849ec304e7237c5151421bd49b8bf8c17461bc55757455d18a03169e6463407e0
0d5027be825ee8438668a840fa9c1d1a72c1bb2b3ef3c2c1d1c0b98c479d30665061d50bd4e197f799d9c735372c483466c2ce61f3e7c6870c48ceed15766c0598be16b15b10d35ce32010227b77c588c7b7f3fb52347dd0c2da10143961b3cc18e3e58eda53f0fe170cac44da981661b14903e12cb12205
1e5a57649bd1ba21fbcd09cb0a8d27116c11b33a6af7f01607df210b17511ea8c2ec8a267483ec324055715fc03a1808c6ba5ff61360104e2348fd130aa7e71655048582be1bb199338f7e2369c0ad47ad09a19cedb04077869b3b6ab4f3fde1c46271d0f70a4b06c635c77f3a4b1472410a81e87909ea5a
0043fff00000000347b35b2fb09f62390bf782ddf31051caf18be51abc623ec690afd5e8ca61ab72a5d075f0a6119c42e2ff3130a3f3c0b65b57724a3fde0007fbe000125c265267e5b050037a043e8ef677e31a873a0d30a1d0209cb7a810eb9ae32a46ad178307ae3731de8e7c4767c2061fa4d21246dc
000000000000000000000000000000000000000000000000000000000000000000000000000000000000000000000000000000000000000000000000000000000000000000000000000000000000000000000000000000000000000000000000000000000000000000000000000000000000000000000000
1cf2abd9d413a9902a57669b5ab03a2d2a628fae787552d1af7f1f3c1bf50d2ea0540cdb26f0a4a55eea57fec42285a376ab635af0b47bdf4e4fc9f90a9f4ecfb08417010fb63d1524152d1637696358bcc0232b79431bcabb7e2f592da5dfc749e2e58ba8952bf5443d9ab141dae34450a80e44c29802df
054b2984a79ccec080ac5ca6375b771b02dde45982057171bd5c29364b9f285a376ad735ae806ae9071e1d1e3c0c5dd6241dc9691207a3ac56e572d92606ecb951db98f0c50750c1a051c40f7be9cb6c7f1a63d44ffd60722c6e396e252e159bce12c762504b6fde32182d167a261b776114160ea527d613
27ef7cb783fbabe24228138f0cdca021b98dca8a561ea102c15cb07306e4199f3014e3e07091d1600bfedf7da82477b3f99d7eea43d69b785c8514a42380b14e0689e912ce28d8dfde6bae1ed1aeab1a61fdd2152dee9b4cc26213f99f33f4105b022f20fcc6ad2b2a1e3b10b2746ebd92266a7937ff744c
12f2eb1ee8a5ea337824797f3a1b422d5e505aa1b402217340487e1c329914631a237444b7f053bd210c0c16692d4ee48c277b9de39d8f8c7a5cc42d04f9b32b46c837a05156b598ee2822294e13fac18f67121121b2a313ce9a0e085e270bb9dee26d85c5df072fd6080b448492d997b1a74ce2a170f9a7
177da46ebc85da63b2edc465ade16e1cfa21bc972afcf09c69541a4ee116164ce735d6dfcca2376328db1daf4015820981a0c77d0283739fce1cbd0a0a19edd954bb8371f8579242b0a10b208773fe633ef323b04ea59fb0017c17ae33c8426c91e191d383ece1de122ae80df48944f81257e633dbb8e978
2e68aa4a9b729080dd41d3406c49413916bd1b2c889e92ffa479b53c6f12292e9437fe0dcaa09a61bc3a1a155723b66b6c792b0e4031e2e344df6459330fec28c48aa9d2ab200f33ce906d374863ad73232342d00e914e35e42c38076840f62e27133e188e81da7fc3105882fdb853f22350ba01116ce8e2
1c51d3ee14caf1728097014a6c33b0254728cf2e29f8825b46b068bdc20927ed919122ffc5c1343ee63632531c2e3b3b3270975c139d7461dc4239f321728825bbf407e14b9ed313ba10a53712233e755b3081bb665ba2f24e7111bb393492f1add179e6526143fe821b61b28548f551d0157db2dfdd7b08
3a01f4827b1367231763612ffd881321709d21d722c4f2f8b29023d23e21158ce0c2692b8e616e328a835d29643e1047fe3b12f350dbb7f5555fed0e26372012b04174d0a13db79c0da4213b36f9d58ab5b570c65436ad4d19730b55b48e6f2c23410dfe010c10066826f0e1bb4fb0bec098fc3d06f545a5
24994cda7521dc12669485d3ae3f6e06e5625f8821a4d004607ba4457e090d320abbbcfb01833d498885f77cb42086f82fbfd706306fa67eb12d230822321aeb42cc9873d973fe1a9c8c6237750fdb6bb359e195f7fff3d302430d2e7f30fd7591723eebfa0805339c1b8203cb233e38d3e495f7ed1c77d9
39b9bb6ed0ebd111fbfb45b1e599113966abff5673527084b9c66c2c917020d021d606144da3e6c113c006bf0f144bb44f5b9bc9b26971c6620eb5f311e5384b548162d2d9251c6e7d41653dcd7260ab20506001797516a7b4583476029efd30adc2bcc10bf5c0598404cc2e4dd62439c1269356d1ff6e09
3a2d735a1b437031bd9c72d548cdf722a5d4ee4a8ce1f1406bfb279d1d98260557ab0fdce9c06f3bcc5d9ede9f2dc3563a1babd741eeb4daac89acbc1b8952c6b79665c0ab55b49aa7bd871a7b2344f0ada0a03554be64509da82079ad33850e0f32ac9f861547be49315b9b9020678d6053518ba0409710
341151f17a8d91b24a405ab25646a820f29770efcb8ec00d6446e6ff96c1126fd75b622b9a52fa9bd28cf21e6c351a09d610307f81ae013295d06d5120b9c045fbde4463c3cd46e02a3a1b3c53b9436bd9db115f5a6c9e0d9c6013c79b3087cecaa1e33eb5afe787bc1990015b3828a7832613f9c4bdcd1f
2838f1201e7b93d0da084f4f35e5f43b6cbe917f0157e24526d2c92e85132ef2d94c4832a830861c3d1cc36d5d3ce17eb676f3ae903ca698cb7b97ff3c6a70dadd9c05823a14fde8772cde14c088ae575cbbe1ddfac3f924a6943e5a942164739792139095088e33850fb06809dfc2ba42fa96aca5e023d0
0ff02290b01b6723f8f5047db910de28a801468b3c2042a2201d7c1efc9d0b01f08fbce7705145a5734df7d68d2e049608dc454903523d1538080c162421fd2cb18aaba0622c903ee0d2001ef51ed0f9881711fe8d86f55585032b159b38844ff430da9fd5535379412a5d9a5d63d3e610da35fafc038538
00000043fff00001827b47b34246f533bef90bf42d12a0c7606d5f6f37df1cd6bec68ed402b03d69ab72a1db423b3d919c3f118880e23c470fbdba7f3fffffddfbe800113ec25c263ddc862620837a01c976c3210b5d06c38dbc1194a09cb685feb0fd5d388e14878322613731dc573bd2fb91286702f143
0000000000000000000000000000000000000000000000000000000000000000000000000000000000000000000000000000000000db4d9d4630782b0000000000000000000000000000000000000000000000000000000000000000000000000000000000000000000000000000000001ba511f92f61780
3ab1b21feadb4600d54c4f73e5533213fd639912e4af5111fbb7834f92bb2c9b75b36e0264625bf007bdd60a293bfc492e196e8842b671f7c8a3b87d1201a6e698d92ad2be09460295823414b7cf06670947929f41da4de124973b98e67e40fa502398adc16889c059391d1c8829ee07c305a02ba2923c1a
1f48153e9b9b3d118b470724a852ca0a329f60aeff9882a3d2c333eb97891c5c6efa4a9f09d1f0085ad4ad970f15a687db1d255f1285084298922be32248ff074749bce3f236caa79c86e9302b9c4175c626d0d7bfadd261395533fe58dda2338401d349c9151568ed3485f17d5bb98d0384170341d35d6b
3333333d23ea7d7113cec65dc043fa11af987fda674da044bc79033afef40b9ca477059af4e2044a76d9ddfb040db25b626e4a5df1303e25a781faa30189675556f35da06d0bcd918dafcc16f554f8cdc0add15d08132ba2ae9634a410538abfb0f157cb1e46d1f51b381e482e358434f01564fa80d21948
0afbbf21e8f38642b683e0f49b547f2b472a60b9ccf102f244473c86f66e1a3ce4f7df9a9aa3b7531545a1da8d22b2966c89ac24410d86246540dd6821c16a2016ff93633182123f8ec791193e512579cd44f393a442626ecfc008d709b2f9a09c515564b495ba39d636a9ad2d411d991026a80bcae5a495
325095958bffd0b0f9ae1042d9bdbc0b0e6e28abf5b663184005cb49bfd0208c112948272cf006cf9d469a33bd1ef2a5255ae188d0867011d8bd29c21167fd17699f5c91a708902daa2e7309287bddeb6b7af21ac0478df0e37f3e843ab9f5e59a004f4d93d20d3a621993cdae2c6a8471ad033b55f02229
368345cfd5b5e9208b6877652057170d55fef154910053d1b346d4f53ff6370fb592bb8bf8c120d970975b68712571f009a514cf41884c023334f5430732237166845ae1fd366946b8926130367b05196ce5b106a11507474e842b512395bcf52d536a51761a342eba3645efb0d41535331e329ba1cbf212
2bc5a3ae293fac60cebd7f68f1623427e1dab8d49ec0e30821a4b91d90f13f16d8126a5de1914c6ecbc1045c961d7011c4c2e7d351480b016b4605e1101f5e8d76d03c504292b46128a1bc2cc1c8edd9df09b1b338eb5a6d2a3e06b72e44c65c9d73fa0686196c01391547249e4c1b9f73c3076bcf42354f
3f9c386ee9c451a2c18696183726f123ed4df1355a181392f3db8f8bfa2e0b3eb1569de6c200c6cbbc08dc5e0d1e0da821713840f1e6e043348398503feeea72b3c42b1028e4a3195286a7396759a72cff9181f4183439f3f2e434b9957dd0e42e717cd6280959e28c0885cc269eb7dcd2a5da4b02d259c1
0aa8bed8f795e2138254a36469973536a1365adf6af9203dc7662224fc680b9741418de56c727e1c8e9fcbbfd71ed5000b4a7e2923bab5389756a50020dc63ac3a6625500a775539ec46b4137aa9bea292025067bc72fdbaf32134506ea3668e92b0203c10c79433211842665ffeac05b0756ad162d378db
0547a078e98b4b20d5ce3fef6c51893da42412374a7503c2ef2ca8d7432d0e86d8d5f4cd3630a490568428fcb00e910de8736b0f4347883eb7fa4e73355ad1611e3db1307aeaf3589832b61714afb9a7122b128d22b0195f4cfb3d21d0569f484770e6e78e1ad0c7ec3fb8869422f45bd2161f031ff9fdd6
1a8a4676a2df1c6005bc7895c8e0af3629ae499bfbd960ac0c1a6990cd6f006fe6652e95b1002ef6f37c4dea9728320f1da32062a36dcaf2c585704c292b2894313d66013a45fc8752e0002ec823dcd20a6f5166608f9d57054e194372a5b8953261bd544299fdfd4108c8943e7be5f0d09cceeab203f361
18e5467085b6a7f369dc674caba25306c18864acfb19a1e68953416412fe22f3e2b41426c652a046e781cc4a031e511f1311392dd12f9ccbf1f72dea157605ff1c59a84268d49c3598233827ac5394c47c65c2e28402036817a934b0d6d0d0893fc21f317d1ff8eb1a240ac4ed73dba7b0d456b58bfcaa29
083587265685f723000b3a6627c3eb26fdbf5bb424eae030c9586785d6420bc2dba697a1b7006e32de6d6db32604f278964098ffa26f9d86cad3e97f1a2f478e58f6ec525383c7ba44051b1244500904f4c151da80487b639d531ff5fb46d928d752c12e64725d54ac1af37a3aefff3d73a7b6d5aaa4f385
2fea4967c8d74c93b4a5917cc389940fab582892091d43190ebe8ac262ec2fa34aa6cbea5823257386d9cc757205aa7ab0592ee9c199e4c96f88a2c33c0b934f3d7850933d3e5a4086a3c60e8411f56faefc02b7a1211b27e069238d778da80ff7404d1714d91278d52e91977c093a86000ba7daa279aeec
380000001d23ff12c7a16c4c326dee2e3132fafc06ddb165acf12058a62a2df48d460e1e60500bf159442bec401569cca61b1cee4118454b6d86a4a503ffffffdede01023c90ae350750c722b6513dac8ee960d1e51b266fd6961ce11a7842faa8915dcc281ff855223b77e5b2cf5004d2cd5fa747a859bd
31507593164557d35a968de764a7163f559b468cc915f07fab7bc2bc3c673778eaac0517f9b2d0fc619095d3d801b03eaf326e3182b204c954a684760edc9a8643604fe03615ead8c53f112ed2a1f5995f6d90a0eda653be3eb30b160f5e62e80e53697d07f849a0e835a8f56bf6c313434cb120a261991e
263b6e39e9c7024109b1756b3846b906ed960952344962892cf2399557c11286feba732971a1ef3c535f55e108045247f35ec7af230460e8fd1787d014edcfec4bfe2961702f5a150b76881d311d00470913a2b046d5eed11c592b3144347a2452912d34e40757a81834645048e07aed03f5e82f835c37ba
3c657cec4b03ad42e68753f1bc52c41bee6fdb8f282892e1156425b7fde2105775426cb68d82ac083b28cbb4d9101df734e2e5b8739ef536ad942ccc038f6cf617f94ce2e7616ff01e97072c0819f5bd6b30416ebf57d325b95d3bf89dd977ca81d1186e1efe3a20c92ea080339d1a2092f1890381d4b0a3
1fdcc1c3414bb47374bcd7fb0e67ad20f94bc9a6d31d522e3eec9a9ce5b024051277b60da1a144faf4305e0d641209cb2a04309a70f8413a8251d23c050cf1e99b803ea1bbd228cbaced6e2198a7b232e8da9058d01cf35140583fe0c553e58b68f213ba3d2b30f2ee2d969a15f9c689f33734cdf78a082e
086fee066eddf1d1a651f4f77a8e8a36f9d49ce2cb1820679bbad0b81c15386fc66416390031d01bf079cf036801e5b8aa1bdd11b21af61f5cee95101f79168ba0ea3380fa2d1fae669d2a29af2e626b4337336d2ce124648c213937f72e5d915ed08d185667f4d7c120a4e3dd6aabf4e058eb18d5a620fa
24751ff37f7257134e8fc2bfcac30b2a66707dd3ea1b3022de3358a8068b13ba82472cc4aee0158718c8a856bd2229b10d54e52b515b97f79f5477a40336b00436af36e08d262a1a7688a701a465dbae8321b2eb0e289fe57785225045d0c05c08716914e60f14a74b12d966bd35fa13718626c377d123ae
3f9011f984c2ae61c906bde57248a5047ae4233e889c638c0c3e6d63961f20b9ce48c92196a2151df4963495793fe502c11de2fff2fb216e875e94292a2ab2587a569f22ffd1d17a54d1733156dc753a37d950a641191f3b046b12af5b7b7bdab6e2854419deddabe512edb0e6b7406b534b0a66c5b56640
35ba1280037b2570bc76638bc8b7da047831a6381fe862a0bd5a160f550d1a389fb175c0fb83c6de0234b5f78a32dfde603b6887d1ac19df6cb747b015362b318ed2bc017f36671edcb9663c9875fe9c580f708a5f4bbf1eefc50c1e4ec343e914603732224bf755083b9e083fe811bb10c13a3170861a7e
3defbae130f199f123d116d3619c111a7506f9f835eb528f4349b2faee05370fa2eafaeb90b216bb24e85086b9011b940e7aeafec059d5174fffaadf2341ad18effddbc0cc1a60b6f1546d35b57fb25b766b73545cbd77f81ba423e498d82e21f9517817d73a09021a0f9e7f32a9cbfd02b43fd09e4774a3
1865684364931a80671ebbf9105980393a26c85d0e6fd281c2bc007918c42152eed48f69eea220bd1afb1144ba0c34d0b72e33d13009a49b09bcdc8d1a4fca56866a46828e12e6d58358691833538776d699f3bbf0b04e02f34c2e8c1f3ef30c2b3061919df38a428e1a302676f3c83ad349c1baf3392549
0e45d826b4f12f60b7e8938c55f1ea05efc2ea98f753637a327a6caa78230a4533ee06c106e00d8c13b214f1af1fdd3058d49b9d72e25c49d48ca0b810fe93f208fe7923f6b99f8cb9acbf0100fecfb4778812763407b68efad330b352bf3b8f4533e13d61824c910f1875528a538d34c108c54305caf777
1277901a65cda04364da30924fbc261aa9b088bdb58fd24a62bd132c07cf379516470bbb0a60bd6e4791cea7c12a8d6747a6f4acb03109016f70691a1110a777cfa885505049ee3b6cf22e1ab0f91481360342a248775c4c3d5017a7ce6dbc8f82000302521afa86603d12cc3a08c52490aa47098995f4c7
1f293b3ca950fe72f38e22443a99c33bb271a6b1ef0bd0907298bdc3cfdd18a16de043c68f414235d7416cede123be24a3c6fa48e2ac03c3d0579bf2153fcffd982502a024b42d5bbea6e21f43753ae88088928326b63163838e23e6f70aa560f4534831dc515b1b900c16d901d8de0c2260d8f381a3e423
1f4701327d97d02196d1713367ba0036c082fbed80ed90a9582db7ccd7120b7c14cfc84e5f03339a1f6dd4735b21d2ae3a3b0e9b139ea17eea824b471fa80f0a3b5e18628eb7b1a8a9c99932e648441e41f940dad6c55c5a1f540ebe3ff76051b640f5e6ed4d29afe5384b4c6454d1db422e3a17889dd427
0a9dc88ce920e7f2d0d6e8ed5942663e7cd527820ee9d070f746b6f94757249011bc6358c9d16a562c691df5742176fc57b400c7c2fb90d590f7d3001b8600ea190dbd6142d74bb42727400c927c92ff9602d380d597e3b4bdd112a8406de297ef02810977526e1a3809e1ac15c54b4972994501d980498b
3ffbf80020ffff814273987f1369692b55a76ff1b1b0f37f0a28c60433c709a1edf4fa4b20e19403ebc7e07d012de2957312b0fb83fbc066eced3b99200203ffca6000d15ec633c0554b4c0a552c4805172790407aeb9cdce61d3b2f09057eba6fa135fe0a1beec180290eb54672878250021fcc89686234
1787a50045e602c09b4956159cf00d1110729fbac98c1203e43da8db7e9b0587c8a931fafb91276b66898e09a60d649075a0d4e04323613225a8d2a70712fa122a1163537cca3011578b52290a42a5efb11af1b4746e133f000602d6c08aa027aaa156a3246bc1e7e112397bc2e70901e31691976f712592
115d508a826b6d016fcb762adb50e8099c5110c66dde821f2dca13b2601613eb703f1fc24bf22e5b3424263af33e492e2366157ba2b17637894620972c92a4f5bac19933651c097c7bb58e0cb8a2d9983b02b34280c0bec9869e0307fb3f736ecd42ffa2cf1cf6946336a2aefbc8a5c5c3fcc5a665335752
2c6592ad23f5fb21b1cc047d3f55c130f80291153ef6724775b22a62718231fdbe768eba1290b2c906484d87e208a41320f6a83a90f77746ef7b75192fe8428363770510d6e6afe519b48b0925066a7037cec173ce56f75491dd0cfa537f124f1a53aff32434aae7251717b54cf96f9661acb18d0e11cba7
1a2d8471aa5cfcd047b119dd958dfb3175dfbb27ac29c15192cc92b4b0cb1fc698c0691f74605bd7532c72988533e900ad8b679c333e549f80f68084177170c3a3eddc30bb6efc78b609d0067bdd52ed5e25100057a26f4eaa112eaf7f46d7fe7010c7c67ce5a1776416f89758f5ed1ee2dd4af3d89866c3
0658792e16865d0301ae4d0be14b653214ddb94cd4a6912039b0e2d66600066f44e14e4c4fb101b3a1d038ff7e2ca5752a879ceae1aac11c9a0ce80e14ec6c9693c5056091a7f74bb401a2387d37cc0a15d880444c4acb3549c519364ec4b43ca59143551a05b32f1b131c029438972110e017c176f3c107
084e8728e7b83491fb9c78dd8d612f107b2b8f9ae12382f6cf1fae3db2ee0007524a669a4961ae621183a0785519a5fa75b2c9ec427f2a46b86eb7ac00c59133b65f76413b44653ff3862a0d8177874fb9e9303f022000326d223b3f6d8b6a8f7bf1c24d703a0699241fa3f73d63e2f5001f5d36c2a16ae8
15eafe94562fd3e0ca20d9b4a3b6a6243b515584ac9b227da157e68b2bb52c23775969f1e2b13db1f8e5bf63ce1061fc34bf91c4d2ac8d5f35193e4334ab5b61333622720c2f581f60a7df19c9ec39a2ca42426aacf2dbf3e5790d9007a7e2b8c3038b63aa4b413f2405190eec39cf00a25f357272e0c5b7
27c65a927a70c560e46a38ceccfef523b94c8e52f480a11b71e5d3dd0d3e2d3be548401f5511bdb4cae0fd8c1819dc8bdce0ba6f411ebe53e60e17e9249dfa0460a65b002e062cfc34e5e913f2e14c358b0ec3bf1375a07670183355d6d7bed69d311d4c68f498edd71eba8ed2bb6899d069f73ec5c7bafe
16d39673f2e6a8f2ebb8dd61bb13f5183e8b8a57aa1313ac78bf0784733c08177062451c1c121a25d8bebc745b2e2f2317c0648b137665f9112ed08f0dc41fc94ddc4042939d19e66cd91b093d307a9692d8b0876a7c5eeb73d22c3568c9d8c1a9726a6c6b3f9d87292a7bf0f32a628fc33c5104be8c0138
3d0dbedadbc8bdc2d18dcfb6cf068534597c6e97146821859184a635d48930c91531a9d705e0e239929ea6ea8e019e85f072ccfdd3fa90c7876037f10f18a1ac0035f4b00b977e28a151fc19362f42487cc4121ed279a2515aaa226578c4ad431a63ba07f23d88ce3710734c5baaa0e8c3f9f14f6e97573a
3c06c2c0de0bf973f93d81b02300a60f4d812ca872cec32ba0800cf15812159872ead33fdbe0738479362a59c73dbc291d45573441baf1c3d40dc47e229dfd57de77693125e2cdbff552f826afffc053103df27ac5f3de46c0c025e47f87859ff6438ab67eabfa74c42b2b221075a9bca31739bde554e4d7
36c55eaf39558f8255994a1daaee693bc114cc077796916d81387ac02cb02f906338eaab2e60ec48f455bab21820da32e8d2efe8c313f100c9ee5f851882ee887e9bce6395dbdee9ec2ffd16ab6f23abd6a261c40a922a42d4252ffd55c267be5642be5d740d76d8d20cc24bc136a44950a4819d873b6377
10844f12a6550290780aa893d105962eed421ad21cf0026ece625ef1f7760600ebe98fa6799316e6d85bf7618f28c3ee5d5b078093fa577c68b8dd3333c50738dc15e1f1df4ee6366a3e0420fda6a3e06e01c08d2583e2af704202abf5b1fd04a3a0cf2c174f11fe0e159384faf78bd973d8428d65235c50
18aa539510599593c5fe735a2915d10795e3f636638871765dee5813472e168255f1bfc9e3a181052bd6815c3f3d950c5e09bdf371846eed6742f2941721b80360fb0f125d67344b8abfd6120c0efd99d5a1a22be0f4a7b5be983adda4dbc91d1862f356c2b0c65cfd305ed1e8aaccfd110131c8ebcadc5f
30646b7fcb04dc13d4e1b49f90df3221fd5ce418f1559395d329a3abd01814da480a4305dfc206671d79b54d053eb06e4014cc26c38c80229a7145e2239a71332dfbb541024b3488154b5c2839586216a389a02463ea73a5aef436116fd2245df052fb29544c5afe5801e354e78b24e65368e5cba90aa728
00063ffbf80000025a5d427371ac26393c6b55a3bf8fa330e77f09f41f53137c89a1ecb374120bfd9403ca02233c122de29193e9c3119ffbc0344a603ffce001ffe00012d2d15ec60529ee2361ca552a003840678c407ae4f0571641bb2f07964600fa0135fdf9feef21f6e90eb3160b327730021fa3dad1
2522539f5c13c7803dde60616d95a0127c4a973362b8816bb15933ac2f3b33c8ec311f582bf23af4a8a39224a41805ce1b724865537eaa2401baf990084e819ee9f0b6f379b6fbefaeba4d3bc46ea0ae3bdfe1d8f5535c87941f2b2f96e91ba39240b1680bc22a64372571dcc8e97411e34c8b4be512bbc5
32a34737ac1a9db07b636e866366f13ea3791279025c315080fbb36b8e053d73c516a99343e31ab9f0c71e9e3b0ec947882cb1d5831adf090a7deb482baa3aaf4679eed0665946ec2b582a27623407cf353d33d18d40d392e79f031384586c388953329d346a804262135ac62089b13bc047e94aa26fac13
179ebf594e216871557618bf93acab0bb82239d16a9080a9d667672485193ebc485109336642b7b167c0f0d7e80138816aedad987141716a6a94bf750ccb9d5456e5be30bc2120ce263c4f32cc2902b9c4ce53233bd8c77f25c819ff13bc37d66bf38ef154726e317704f42e3b2c50c521ed730469195dc9
1d5f6d146cd6476259cfd1182ec48d00496c905dcbd6d347f396bd9b9de122ea3669971b87529098358e90b33d1ecdd2416a1ecaa2d72748eed8e0be1adef42531e6a88256d1f06c8d64a93c46dcef91ab32c22805015f839b912701c5813b360ec33233cbb5b7896d1f115e99e4a16f704d9820b4c3cae4
0412f570ec9419802801f6e7b41aaa221ce30a7e690472ed9f3e715757790a93f7871d5957004aca63c530744a16fc8314ee8e2162aa7fca3e0e66e003c16d770fa8d7b2a19bbb07a0053d20053f60bee64fe094ccf03ddeafc50e03363a191d8d42b75aebf6eb42cd2f3dd227262b72708f8ff5a2c44aa0
15ef181b038f1202185cb2a2371ad52cf6074c2e312f800ece4e5223a5d010a6cee68adcb110b0921b0374bd720fd9bea4ea9d3d32ff05c3cc8164dc19818e7911a491c0e303e29fac89341f49d695497c5f2337ff0beb3d4c7b21d11186de15bec1ba12090aa1ec23264adc3faa96d370634d791f324618
05cf487b93502082ab8afa8aefb23f28019d921873bca2793d324fb061e42cb3f792164d0340cbf6c55d2186d6301b3012045656615d17f4b6ae1b4a2d993d720de8ff21b529d89499e48c2cd706412d86aa51482abbb4c691f7119f0c8151b2406121856243bed0f439a696fe1e2d87b1bd136b6d74cc96
03155839a53aa2d3fbd31b9585760a12025c46b24883d034f6e48e16c2273d5412c416c3d1d2305e424b1100d329bce623717270d05fa2e141a5efe0196bdb620458296397a3d1f997bdba2c3aec0d1bd9fd01c05c40ec6d795a1a748caa2773bad3b75ae2b359b9fa226721456ef59d02ebf796089104bd
3bde9b4832921a42098334fda17b8207c2e948feab1603db6027fde3f9002f9ea5b25ff26d734eaf4405e1918436121eceb86dee2078e99594aa503629e542bada52da40eff46ee0d8317d1638fa8c84d3e5a2c08405a58ff3fc00ef66e27bb16e30373756e340398120cdbd9c3f976fb150c0c52c9041ae
0490a34042ed76805269278090233d1e5a8590830d5f72e7972a55b0e27b33fdb860424291731ff9c70638773f0c68788e1a48afa2d26e2b6c02410a3d1ff7560e6654824386af1247f768129ae2c8e1cea5f0aa2f5bebb4945d10c9b9b1ac0f1d20c10e5b77c1105410642020e0eb96f3591b261a8c0f26
1fdd51ddcb0ffd7043b2396a9c077022e26dc9cf663ae3003fa0434614811cc6a4fdd75e0130fe58990964f28e283f22bda601eba26342ec1d7348480f9af1e52de15fa22a027545c702183758de50f3c9f460a86df8a0ac45c81c7b06cf1b6f1d31d0c400fa43a7551ebb7f2db6dfdcd1630260079677b0
0dc32a83a6432d13652ef792405ac61cbe5a7cc6e5ac70154261e55c479f1e2fc1fd52653482a8f03318fe111e179db8f9df1497b22091a467abdd9c01de65d0b217d9327ba604cd6ee3e331c6284264407f50abb0f53d52a6a1039f70ed03bf97220e5f86c20d56ec38cb1bf71b3ead82938fd31b2b3632
0d69cc400bad6e71f4f37d7fd170f8035638d49fe252810df62d05c992dc07f1a3b502dbd7336d5e1ecf849ce1326711aa9ef805325632ea23c82f5838e7e4a1da06a980d8b8bda1a4ded2359458f6d1d8a3a3fdab317feb7708069535aa5ab20c93e7a888c5e7f6140055b45e05eaec100491423318b1f8
2196ed01cd1dbda12d3d04e790c8b43f12ae9babae27f0c054f124fd04203ce099d0bc082da30bf10e3bb86ab918d811b5d442cd02d30ba1ff7316b2334d6cdb84f6ea9321841fe03e46751f3f45f2346513a035da121a3ccde02ac2c55b485ed803a76ea84cc9a4ca09fa61eb8ee7dc33b2bc5a1ed3e44e
35bb884966cbab838c82cf5c5d55ff3a4815b1635ffc0158c23d0e99ca562b6ace452137eea211c9a336a5a6af38bbcd4760d10001f05c8cd602bb8924c0d2a221a6dfe3c3b84992aa2bf9252eabbb6254d321456cb08c0d13e20362747573c6db72b5fb179fb97e931de3e239817c9fd27761a4e97bcc2f
000000063ffbf8021b858bb6620a91170d2a35d4e65421b030473df87c5f2cedfd3020f079d3f5072b9f9ca5c61c78bcb0042e88c091d710fc9886ae3ffffffcdbe20410967b3ab9d8919b0e4855a0422f2e23d374f28c1e14a60ecad7b452ed223369413ef1fdf860290ff1667074231123c3c370b68b2b
04d39855285e2120000000000000001daf7477f08039900000000000000008a87d7f7e701200000000000000001fc114c0de3b6040cd0e31df1dab36353fb60f670a7c900000000000000009d820aa398415f0000000000000002eabe03779eb90d0000000000000000e005aa21db61b205d5c2aafef0f87
0cd5580c8d3aa5b1b82044a86cdea40343fb97fe727363b0283b67ce94cd12138ea875acb83165bdd32be7e4e4060b7658af4b53424232cf3b25d8a820544781e3c10110ebefb83252ed4631aa9514f458152135b5524335a0ad0ff6ab522c5843c01608f226ccd7dd2ea40b1348346341db562a8a80b389
201c0a65a78400335e8c78c59dac52200158eab90839a09288a9974b6b3e213763bbd928a953768a3c7e7239633c14a8f309db27938a0a49d32a3a681cfeddca066410323b811e8ffd893c2e26515d1c804780e780d08622aead1d4d4ebc823746435cae5f49b3c22f2b7ce6de12bfc1d03dcb4333bd7897
2b5ff3f32306cc62f987a85b1ce1713cd7ded607ebd9d0779353432f850031a77dd15d061bb0e09dec4efd6fc30946fe164fc8d9905d5c63108b592c19a13770a6e7ab31134be3ec89543d34de9b33ecf88681ed4bd9cf1aa9a3285cfeb0f8054d51c759e360844fc636be54593d5243d2a4e9ea1b4f44ca
26541aaa5e0e61a30aeb0b9901c33d2e30be034e0a65812809aa91f4d6122e26bb40cc8f9ec1f29946bbc852291b48ef23694e0dc05fcbcf5475b2b9145ac481b8d68fc03d9a69e303bc0e0f6152327af4756000157fe95aeb771c418838e0ba4c12dfe027b0a6ac961af399f6535edd21b11600be2e6bae
225a78c38ac3da42d181bdfd5e6a26007abdc68fb3c0c32a9197c06546fa3c45010ff27540f13dea69cb79eafb2e0c27213ac19aa1548f200e8ad4b62de499c074b98651a525123b179c163890da5ad568cd92f21d37cc22fc6e1c6f01afcb6425b22a5b4de3d44fff16f9ef308261f4e0b39aa9ea4994e4
2aee7aa3403ac05192d806e3107e530442c24b9280cb31c300a9cf3249fb2ae7390152a3d3b07a2b9e9f0bd43b2f52e8c7fc3d0421446faf6055f5bd2b984cf59edca7f0a9503fbf8d71d2158bce15450da6b368fba40a1cb6cd33b9825b086fabb11908dfafb642d83dbcf881856ffb63b6f0154f238090
2a8b3ceaa50861304596108929086a15addb4194f504626cefd735cfb4d20f4702abec3fd1a3a14e2971b24e7938c22abf59423aa3ef35130843b1d020a56694228350f0d5f3a79217a39a1519c0a50847d790d29511b97307e50eeb258b725faef305a6894f9c72db0f5b948fceb430b305342da0c446d2
2d999604b7cb2ef0a85c69ae9ad7d02b5a0565e620d560b60adab227e88322398080bcf60453552cc4ba0ee339091f780ff98ecb70c8fa9f5d73c40e0120f7219862def16a07e40154ea342e18bd120dd70390276cd224551236037bb5afaa0207d3dc4025268e019303881614a84d2021dc67126c393d9c
3af7e6ba2b9c2870ce5c07958f679904154cef60fd8d2163d8b5075f11d03028e2a63d433251601d58dca946640b9876a0d232d20129965fda219c3f007a324dfa421ec06f7cae2c1e36982cd00339b81d50a3413211320418ab0eb25e45af10154278ea5eae6e15bb0d768211bd00e5136a3a2ded5100c3
3db52fa996507072a2559d92a0bf6b09348bd91438cb236690aecfabb01207163e08c6bb3f81324b04c1e2bba436a48ff8463863237efc582a36d65433d10126394c44702afa1ea54f13b013ae3fc41ca1b5235e307504a7d12e0a6876c466a0d5f37d98f9d1ca4f7e386017ca3544ed91a38c44b5aa4b63
38e1563dc5901b535d9decf89b8fe61b50e8eb47635010d095c67eed924b2b7dacb94da2033342fd88be24c8a710ed0bff570b1f239ff6df8f7f1bbb0ecd6f396688d3d258ec5e5a86366e17236507529c7ae19e3d77ac2bddd41290f958ced05233b09f03d688e9650c59045f790fe890f35d8e7bbccdd7
115f829570e29c53705993ce91cf0d3514929f6458cd436627d5eaccc46f25250e3456712292c3c010cca85a593a65f61cea3ffd523937b9264e4bbd3cda8d586d15bf804309cc1887ddbd3a07bbfbe4f2848230a5265875a97e22f00a4895ccbce1905871d6a3ceaf3edacf1e5aa86231e6b7d540dc43d9
26f86690276f1d6367befdcdbb71932d664251b3c9e020367a9b756dbe5e229bd738ecdcfc43b6570f2182bad204e0e27ee7b64d32e35ca41ec340771c263988df283bc2a6addbbfd885f93de8de0209032241dafe70ee7276cf0e02cdccb40cc4231831231a3c7d10187cc06ec5971c93aedff476818440
33e6fe2777fc744288adbb19f73030273c6d33f656424300144ff1e7617700e43e5648300701aac1284e2ca81d021f7773d4b4dc81cc9a84319d3e663de900a92ce70662533a114b5bfa7c085197440f19cc60e9e24a1ddfaea506add447d26dd4028a33dec18d43e21d47cebc69adba1378377686ba072d
3fbc00001ce63f1154a12bb8d458ca032e3e8eea59dee1455132cfa5b65b2aace4500321c0d1ef9b8e8051117a0dedb657abd18d3109d76709244ac70021ffffdefce103598c065d1be2c21837cb73b77568c066ce8e058678281e84eef34878f851cfbbe243f40dc71f35f0da0905b5517b144c7b4cda9d
3ffffffff7c0002055c5639860243a22906092ced420f2a1d4bcc2e9ddeb190de12278df64f00562acc7d0e73e15c7283ba23a605265b3d197978c5630481af5969a3183e3616d24d48c3f302f01bc3c861fe085e240c7d7a8fe1dd02dd2a98639926623998bba3c311832facf073dd281c8f8048038c340
2eca1c49bd56cd003a3b12299f385c05cb9ab930e2c563584a0dc4913107150d88b0e18c0eb1a578403d66e35134f56424a2352a10d9b20c75128ce40288f45e4e1116e0290276d371e496134164dfff7c88314015cf91a4bfa7346bc2b4586f8680d02fb4ccda52c51633269bb58e6cf0d358e801d8c90b
36ce1c49c596cce20471183643a7450d765e95eb4f6443c6781edb4d768f14f6d1170a39dab39aed65e3b0663c3dbee6d33c3f6dd00b178613725b251aabc963aae1d6a30613998ed7a3bb3fc936e0c28ce8d07b7c58591e9be70dee716154a30de3e6facf21f6fdc8367fe2d6785f11c2bcbcfaf174afff
1947938d866a5e628d09f816893e5a195e4b24a2f307e33a82e22a8cf83a12bebd9e0cbeba007ca83fd3862637046f7f0647222ed180d4c9a8fbe5350a3ead94b0c55511e2290e4b7cda8b33c5b020ef5e3d9379af19f15270e9383ee7d2451699820baf802d33e95c176b9c13e6595103f02a199dc54b6b
2d2bcd4df2d2a3120385988f87065c25cd43b8c3e558706d7b868e24145d1abf6fc675c633502562e0cf72b217249d90aaece7338104629aa12265a539485dfaea1cf29289cba71b16fe28045d55bb4fa78731031e22e07135a22bb294ddb6ad866343dd99242c11632369358a84528901da0539a1c508f9
3f5bb9e8b63d56d143a9f0e39b17ec2f0d6e127f02a7d087682af2cc63af12c3ec31b164173068c585487543231e172e18ffdf9d43fcd3697fa0d8840ce89339680025e162bda866fff1091d4a1c29003795b37e768c9e7972a913b5cbdc82ebdd611d986a936e6db730d824768ba749e07d51ac452f25af
3b7f80283955146386ebc5f64e8db63221db40f19294a24dd16ab1d0db92195eba21be4b017283839a7e56b01e0745449c3449d1214973bf33e05b7e37029010deff9d629b0dba233252bd2306068254072351a47c22f6b05b9a253921c3ab239373a0f1486003b31931d79ba4e91b09a3e8f7c5e2454752
0b06fdfd3f0f31831d28767d4040c709947a56c3b91d80cebb5940dd361513c22976bee75b30c786e726fb51781abda2385dc6e2508da4b48cacc5a2120ec0a9e394a0e375ba0f859d05f125c6a50242d8b2f18324a683ed2ba405d9e1bea172f822902d5d213f0fdd076b4ba86172e7615f4e8b04de9775
1629fd13a2ee0c131984960138e2550013176c60624d41b724e05f6dc4ed16d063a3dce0e6c025ce0fb8db7dd329b72cc0539accc125d27bc372373804c7f3b8f5fc43c0388daea99110601f5df67f8c40c94138a5b7a652cc0c0335651ecb9265b0ae680a2221b82a129070770f59f7e3c23e6715b75fd8
06a84e4edb206493e9f6e64711e56b3c9448c2c80fd1d2c8becfc21c98b61b2f722850f7e0a12897faffca74761c2832169a578330c49b80271b0e562086ffe926d6d9c314ed88cc283ec61e97c0dfe94200136a8d43e81a936512ba1ae681fc55815352eef15dbd9a17308343c931c61213d3845c46c939
2addf78d31040e83309842dfaf608b17cbf954f64391f2894f18375c372f0d571d0396697f00c65c98cf7d052311768aa04da3447041bdd070ee9ec129a0166454b94a10dce5db6b7abae615d2f91ba6334830b4088774c7b5982d153667d5920f30fb8b1ab7530736191a5e48c4f1b61012cd82b29ad436
26fb4242ba932d113c6658c032a19b1ef87ab2dd5910e2ca955f360ffc2d1fc4f3f069dabcd2213497961f795c2d276ca467aeeab1145c4dac4b6e982c6271f9e470f7b02b5afea43c35c70e6efa9b82a9ce915f35b7edff41c1088fd3c4943e6783523ca19734e02000d47c28d59d1d53cf2b7a72bf5441
1fb225f7147d0f4160fc65677d03cb368d7de53250867348de1d9b3d7d37210014a78ade3cc371dbb331b732f003b9eec3772863a2a38c04c1ff4fec1c397cc003eaf351bc0247192286671ba6fcb7d64b41f1f7eccb048f3dad3b9036a225a73c80568362c8f26b5313a5231e4101885053cdeb897fa5c7
0575960977be61c12f0e7dc73f88392e372414f16b3f41dc6a37afeafd6525045dab15dba6318a3da35dd3ff900c954cc8c16a8e2241aeab1e8d31083f8b362792106781943cd8869787c70ec2a638683d14726e29c1918c4c1b26ddfb778a602b803cc607b0c19b3e2bc8094f3d2b50b244ddcbb5da0294
3d560a005ff237a0a2421b0bec3e250f15ec4fa9b530f293e1fe7eeba47b3801f73636701a3231ed83c31d9b730117bcdc795c3420c5155633303ff73b72902b8c2dfd43fb5db9005ca56228b06f5a9afa9892063aaf7dab71f421cdd3fb59531891eaf2096c700ed2196ca02f6989404089f2f5920a3980
13ffffbc041ffff33e316b84288eb11b7854bda47b8a23c13f3262a600543b4dec2bd132f701b7229f673ab2a50beda7ba2d2979e2d4e509d738507316000021fbe0001060e74a3dcab8a83243d5a129a23b021f6066ce6affd7225909ea13468491246eb04c41a6ae3a092c22e54b4320958d7b1442d7c7
3a9bc65284325a405a103adff102623387f6e31b773720d114dc5b017ed40fb992100972b1028e94b6b4721ca83bdbdc6adf99b3a3576b5d6f71bab72bfe55ae6ff64572bb36282f1a80d2099bb151fc220ff00ce6701d9cfe821f35c2f59bd1c4321b2fbae9f6a3013204271f2447cd81a45cb073d1c2be
190e97ba20029d51a8d570a3423dde07d07f18bae13c4233a487f0ff11c9099090bedaa615f2e282ce822b95aa2da5bc2c24e60e6156f78d730e50fa0da2d5b50b6b6ee21730d08a7a1f1124f328a7f219275013bf49652bbf393f18a2cd922db2a349048c9b40558b1bf7a5b70ceec212e690bc5e5e99e0
1ab78d88cc470e506d4d1ae6e9a1c8384fdf9e9d737a82e18b988799e4a22ac4c026b20ae29331554f39e959552838835b38a742428872fb649c9ee03bc61f02db6821212b6384acd9da0f2cb5aa03e6a57bd32084cfa2a4aef6054f4fd6e68200f34bec725d8c02720d005fc014853bb0cf5ee52e8225c9
13b508f3903d67a087263113c5985409e4fccffd76f3412c70584cafa1f227c0289f7d380410f94547e83b08ba086adba16dd247a040e48cb3ee586c249f880827036cc29409a1459c44ff0d9c6648c2ec8c00bd0fdeadab671a3b254ec513a741934077878ca76202264e23af0a004fb0efa12f9e9924ab
39901d65b7ddda93228a4380dc877f09c87d2bcf286493c91c5f8aa7065f210e29b3328d8071c0283fdfe1fdfb0ecb2a8dc4838fb1ec908598f85e853a3b9279474bb7533de4889631224d1d3c2fd50e82e3f038dfd8fe4b8a110cfd54dfff304bc21f08734b5e8cf33a2ed4f815f0ae43ecaeee69bbe49c
18fccaf003d71870a0cd706a264b4c2b3816d530d21de255c04ac58889fd01d219f3e7e7d56201dfd9d50701d92f8a5824e992031097b49940b9fe89235104bb9d443cd0cbc6a3cd6c776e09bcb63c294148c16a88c1407a33f103782eb54cec387071d1af49ce28e229b424e85525f9619d7c91a24c2868
3c254bace6e16d12ab83d4b3f51870080d5aa944ada53225625c57bcfc1f2ceab77b1ec7b9a1afcd67a8cea724357354e860929ab3289e86d834fe7d019186656ff039b235ce4db7c7b73f2feeb004b27f5e121519e621ecedeb345325bf630d396357e6c708cc1df21ae1db220b8f3642ee2de712c9421a
158fcc38436f3d43671ca06341c4301bd7917d7c01f6f0d853314498cdb9353cdd12a64994c145df387903d81535c2f0df8cd146a31687725b187f901f219ed5cdfdc1e017c08a45eef2413e1ddff0f00b89d0ae8e7cdb4e3bcb1e07d78fb59a6c403f716fd29ec7c724da60aebff3c0525dd2a0b14deef8
107f54e000492121b6fc120097c5420c749a027a76d6f04b9f221c24b2e63b8fddd6bc21bd51fa69d97d17d82d1cd7c7d288eff213951aa312162d2b0daf04fcac4de113c28d3c9db640e31a5dd023a57bde500df618bfd6c800261e1f6cc967b2829f8787ee9a69fd1f0a51d5ee196a13963150c6c7ba28
0b4096020e8391229f89e976c28d7d29cda8d3b1afe12155ad306be034e80638eeb0cd993d314dd82aa534318317694300397191031bc5cb621b171a18831477b33a165145f35ec30283e216aa698cab25fd63561b34eeff06e1125f242138993f21940bcaf73914c4330bd3f558a1d1c1c4c5105ca500ac
114982c12e46cf43edb3fe4086106a3bb2ac026e5e074209d82e0317104f1d46c53bcbccb713e343593a985a131df96aa3220425b045270ad1293c1812b3941833a05062fb4ae852793630258f78be89dca7e30c93887e1d75be3cee9a1b42e19811389c3ca46d727b1161ef8eceff05a3364a530399fb6c
1e3567a0108b75416bce70fa895a4a1e901cd7aa1c19f05d43f1463d5489136ae35972ade6c3365cacdbd174cb2331c66171a44ab04cc493c695f6c137ec1aa2f244d1a0185fe422ab50da005c9ebfe1ef28f1124c7057372b190bbcaa5fa17ec3718192bd065ac2391fed28555afef9d0142f1c730ea6b9
158949f04761328247f6638a17294936d7f921e77277c242ce5130eea9cd3e255bb3d4ff25226a7e9e22f22b61320903ebe85ac57022860903f0f69f2fd088f52a7d27630183cb078df31c0ffe999177144f128297ef99053f9010b1b67660afdc62172f1e2c16de5b0c8074e1dcdd8f6067b684330dc40b
15f5479fec416173760e3d764465eb34e937628e551f5029dcfecc90b2813ff9e909b420c00001cf2632d20d223a06f32566187a21542a9a6b6d91a32fc5b99737648933bfa11583250d551a551a010ece29616a7bdd6bb6ff2a12e4333ceae7afa29f6a93ceae16180874f661707e9361567fb09eb327ee
37e46df547a83be250e22d36644c8e140365f1a98b22a2b7fb2475a2a7f82b2f0eb2a92e8ad354c837b8c63a5b0bf398160e5cdc011d71cca17dc436184e669df60179424b64465935f00e2b7bd38b9fb633015e4388074ec5710fc62b13d875c520a80a18d3c921423c7b3746fc7fd661a7564e8a9647ed
000053ffffbc0001c53f3e314e4dcb11d79b78539740c27f0289d3c3410534243b4de8cf7f438b52a1b73146101a188beda60b98f14607f7d212d9213fffd5fffc020011213cfd20ffe84137143243d2145fb36c0bd14138b25325ede259077840735668bd6b8ad21d12f3ba092aea3392c9ab5005d861f2
25b6b45a0e083523335e45720d516d100dee635aecdf728aa9c56d278c1320b3d11c66c9459095f43540e172b30ba338defcf5c2826fc03733f81c4b3eeb4aec8390bbb027694e8cef287e029ca484198a1b125fec147a3bb9ad02b6e32114267d90e429a2f5dc4b0407cd68e7bf6858c3fa49c6f406dc00
17d3d199aaf9b811410b150e33cbd21fa4081012552fc232cf06a2de267804548344ba4c0cd26effcfc5a2e76e2f78aa44687f6c20d553c88861a18d381931ecd505dc130953a070df8fdd1e224b66e0c70431d68359ef67495037bfa60837f6b313c686ac417e9f4633cfd673f752d261c74a15049a54f2
3c67c45ff6fcd2b39153b82f102f562d139dc7ec42d312c6884338853ce108921a2cc4e6ca414a791402c1dedb0eb466b384692892360e23077269921426dc376c11dcd1e2f2313a09fa1b1b731ea7bb431a339ba9b18872862b3ccd72ebb08b3ba3852daa3ae4755308c68edb14d4eba24b054dd4f33129
0a0abf65ce3a9370a6f4f96568333e1d4e9eb00a23e991644e85f43755a816466e5e0c3e11030c4183579d27f72f91785584ac6dc0ea254b4174c3811df05dba698d8d728d4b6a29f3bb961417dbd069031a31124ecf5aadcc19099eb432f4b2fbb3a82d6fa9b3359a360d1e7fabf8eec34f4767c7400f5f
1d3bd5d3bc4f5632731db01a7f4aa0102af89e04690a83f1cbc486ac23ec383d381f60d20ce23a0aba5d08d5dc1ea6d775fa48cb6246792df9a8c55f2da3ed8bb87a771360bf4fd7a024f21074f75810e986a11eca0c1decd8f412656794a11f2fc0f3aac799f9d33032205f73b5bbe291c587de3c621506
12f745d675215b8305e0caf579f51219da74dddae19ac085cb43a44d44e01d35bbe781fb28f1f70fd1bfe3c93f3b35639ad8fb8ee32852dd161eef7816be7c164acfb8e3ec08eecb9b18b40a49a2f2d1aeeeb3feca79735f4713275e6faaee0709b1e9680e56c5270933e8a9ffe19cedb25781d8a84b01d7
02433d96f398156258b9cfeafcd03c03cbead51b882bf3bc9f9d26374f533d586873bd10a7e2eb02e243d3fee02fe72b7f25ef6a122c9c490322337523e13ffb7e2e4870a51653618581ff0599f52c7c0e53e294a3fe01ec66b10e8d50d234cc86a270ff9f05e7cfc5143ec9b2ccac954045ff9341f9caf2
3cf4ea702fd9f22310bc98e32d085f07dba4286e00da2341e11a85b02d122652cac3207500436052ba208fd193051a4a3d0ecc3df1bb99de6635d7b6370760de5d9e3653c903e83f3745502e2701e21d1588626cd72ed6b1b4e129b0e1f825c061f22f283790fd5e9d0f011b259e59ab71115a37f47649e5
315a32cc6210d5637b13a935ee56d21c736f1f3758cff3d97c6e8b2b60301f895208aa887920aa52e9a5a9b8230b9c42de03fbe240595ae45593487f1f29ca3c19015432ae70fe8a279b700fc99c822f9b92625e2ce600731e403640937e48a0e1631f537cbcf029dd23aa892e524497b1bd2d187bef0b54
01847ca5cc4f56f0734f68676ed9e13b2789d38c7f07312d5f266e8ce15726948ec6dae8cf93415b5f47642abe1c59daa6968548102e498eec6e8f7021b253544028dde3ce6f8bfbedf95a1a3ce14adee3e870b32d1b4c121593305d10795875c93132fcdb0fca8d9e0492943c5f7898726c98b3c35975da
201ebb2a488f94d2056805471e07a21701c272d61c70e083724285465ea0380090887cc2dc901bd64976281fd934b5a10e46aabef07ca0664214a2c93dedb779b25f8783c3c41f7044194b1ba64fd9565d91d2319676af11a309036cbc7fe388d4b1308a99f2e786d42843d0e71811c08232d92d536e81d6
02b8a5736cba7402abaf5eebc3c04b350075225da24f42b4213f96c0fdb017e82d0092a03bb37f5de56da515dc3652189d8639f0500a147b64ea11ce008be1c6625f2b820628d71bb33f60071e4502eb9f5b22d99f3e10c22fab3720116d1104bf303ea67211e58f8a02b926bb159d9353b0acca75252300
0d383d4fc2a587a09a6c78c2f6aa032bf75355560fbd502e3da5d1b670572b85d9b6e61305c1d037fc9c7951423007492f611b73a2bfdf3acdf64d9a2cab250400c85731a88f1a1f3fdd8f005f01cd8f16f4a11e7dc2e41dfec31e2660d931af32333e489012a507291958f864a55f55211f2067e1e906a8
263c67b5aafda5f2cea1887b91ca002eec7595070a2422b3fac013ed345f2b540988526f64f1b63b38d82e63372e773b1452d20c91bcda1d3b5c802b17b53aae7778d663edfe7f79685ef9139c00924aec65533e73dc12cd74d8122ee9f40cf26012f16967eadda53c35a6d3dc7352eec3f70671e48aada9
085e19a9b7f11bc0da8a30dfb9f145054c386c19312af030634a34f718df0eae347ad908a7718995d6329e42fc3ecf3e7f2ffc2fd2d9caada3bf8f0108f371572adc2402b625572c5e8ad32203a0f867d585c1f50f3a167ae0723bf214317c992fc3cf282c5ddd55ba066e24ab054c05f0f0b1d7c55739b0
3e00000070dffe9085f73ff13a69d009bebf26c8483983693f92b5da985408dcc619ec848dc37b073f2fae95b320ac3fc3989ce0c34e5cb786b0032a00ffffffb50001835d65c4628352d614ef8b27c87e3b70f6ed4cd04e06ab1e0688dd3c7c0b71a641352a16006926f62fdca63cf713c580f02b68ccee
2a76a3c827e0e36171ad0e30dd23fd3095e87fe43a5773f0a9e6101748042f53cf0752a3eec10371558b7bdb47189f83416f1d8c6117354e784730103519463329088e611b45a4a83b40f30ce567ff28300a529a2c7b609859430ceb283b7f7a7c70a87bde0e1d5b992234e8c8f645fbb2e7b5b977f7b2cc
0d7f00be66892673feb30868297da61e6ab02e084f7090d36257b73fbe1d028a3ade34d0843198a2de650833b517eb5381faf883501541bd02295b0539ea9962bcaae1e29c1e61ffba9755211fd5e2a87a0981b16044c008fa811a0532d7414b47002308c6d9fb56df075b84f3ddbf762184b50aa5ba90e9
1ced58d4ead0a710e4356eddf2029a24cd292fef4dcbc335900a5319f8f61dbb3a6409c1cb0264f55caebccb9d2f8eb78bbad1cd6198ab4e12c0f62a001c16adc173654122a3c6ce3260b417cba0febdc782300dc25d5beb74c92d35d8b357ebbaa02f56e829bb955739e82541ff5bf2920fa2cb627051b3
2e79350da0ab42003b9ad7b6bdae6c1b0a39bcb66519b244779f63af18e0220a50c406550c20ff233d3fba055f3f33291d864e19212cc8116dae30b91293d7e1a746fe321ed3e5423023692fb19d9bc2c88ce38ca4398d77e6a13a68510092b80300bc09bb6d6ab19d11bb76dfc805cc611fa467e7187c95
02439c59002dd341388a4dd66f42172ffba83160c68580c9c088a2127cf4320eaab3e427b4f1117ce45fb20ddf2235a4b32747f003422ab17f056dd62085635e81fe43436f424bcf9a411a0216b11387644ae21712e374d2d81b0bdb5cf0094ef602a67b2f2ae4364121de6b1056545850e24f3f2cebd806
30d8503ca1757be3e1ed70d7aab05b0623e3a9feb4ee414f771544be2f4d2ed55c6b0717a961d871c44b152a0634389872e82e4eb2d778e2d50388bf016b3db9f90c7602b95035e0ce636507a16ee301f4c6722d7901603e8edc0dd3f0c797a7ce63062aa7ac580a791690142fe832d9b095f2c943c201d3
1fcaf6f8e772e3e27feec011e06007275eb0ac439fbf60287380ff89560517172e40a8b52641d7dd7e6fdda6dd04321d39070dbda2ade408f153df3c14a2287d10c78c619ea6759bf8364e149e4ba9fc9241431c4378d82ce59731630d5dce103d218cf7f656e5480b1d18e218c2e66b438a6c041dd1227b
2c72a5e47f93dde0b37bcdff022e1a09517aee171b4782b7f5a9a68830f2011e85d28cf056a0dc53891e5bbed437e54f66fbd404231cfd732a6f4297326fa6c8154272c1dec594bdca567616007217c3cc1f207918c339c3bf730d85138e0c6a6eb02bd111fe4adaf61634d6bb6a9bcda22da2afadc10400
1a19007defc4c0f354a10d24ced7960d2ced51f3a8fd53e656ba71ca237f21053fc697c3376180f9a8f618d5093a2ff45042454b421a4ba34c1ecfbc30b51fff713b5b1345eb711868b85a11fa60a09db71b12171fb119573649026f4446921adfd33948aac90b3ae91c7cf080010adb9236e02e0d0f0ef2
28a297c2438598528337b7cd3d21633db96898e737e363d9a78ebc5f6939309cece60a9ec4c2cb4f64118d06a03233ac387d281ac1d4da1445880eb136a0067eb96622a31a8c3f2e6cf3e0174cb66dae7e42636919c580b3c6b22580a9c13b987ea33fcbe3bde68d3234680f87e6d2de23d3713a0c4967ac
3a4c70f2ec5760e25956947a16dc130af315046df0a0119d0d49a405736715bc9b087195a130917e61b79bd7fe34f5775b37a1fdd370ced619c3461637789cafcd622c120430ca88051db50702b5b716650a9373a6458124d0b817d196fdb7977c5181f744e20da78d3919a435383846b0362214b003aa6a
0617e18f807c304364e4900dc144b03e30a00dc2ab4420d884c5e72539c13968643a24a8e5f03a9d64c78285d3064e28f3e10d2712e5909e63a4c8b51cb2d7aba3086ce1e8966c1501b57105650f9ae7f31ac3ebbefeeaf11f1626ec8d01e1abd7528b50accadad0671fcde6abcc7bb62045f52407399821
1ea929243156c4d1d25c90c6e29e8b0d880b277ca2efb3bf1eb0569f4b5d3d4eabd811efc9f2f68292a2e6663a1207c49d13a31fc16cf17ccd9ea7fe1f43d40912dc4d82b1f0d6990a0e1f24897eaf8fd9ecb3471bfe894ce49f1bf202fb9b41cb40649ff94ee5ac210ca5cc0120aee5a0aef041dd0c728d
18bc66f68512e4c29bc2cf2154506b0b27ca948e8163c0b29b4e670fd9c42e1e0f8dd7e1fd0101bc0f49a01d5731a66b5221cef990cbc87def74629f075b5ac342e812f2bc03b3bbdb63651a305cb67fa7c9f09973540926163b31bf642d48b662418b7d2511e079ee115c84bb19bc6ef1dac30b3c180da3
3e87889e7d23e690833155ca78127016a79d2eb5616211d8e0ef2abc0a1b1c211283d9aa5ad0c4b852264030df23ae20659c5f18d39c064e021135fb3f0e27a0b0bcaa5157d8f7596d4a41093b71e5000c3c5283ab969efe2e82231a2e37a0ed18218932d1681a65862b551cbae2fac891df7324378afe3b
01bffe00210053014eee36353195ff02251ec269cbb4a34b96b51976493f39d9bec23e044c2371409dc5f6f0c3010360be636ca89358055b28727af83f2000ffdadfd71160421d58d6534d2c6d3d7f18cb36b05a34a57323db6136ee81ba28f7b2b0475fb11ce3879f2bd7e7ac8e36a38253fd526b84c285
000000000000000000000000000000000000000000000000000000000000000000000000000000000000000000000000000000000000000000000000000000000000000000000000000000000000000000000000000000000000000000000000000000000000000000000000000000000000000000000000
1aaebf5c43c370b2f28c468bf2b57e12bf8df23f794223c8e60e3b26b1d73f7d5c52ac4fbc93d223c939f191240500a3e85b821bb14fc0c085229215245fa5a105fb9540be7be4be47928e19e28c311e0eb9f021b43fd3aadf81365961317384f382ea74df07a08b9135b35bd1c4b49a33189608d702013b
3d7ba9be725a7e01801a8ee88f6d9c39c94ab20d8f12f2415a8d1efd051e315e34d26a654ab1be9bd76f3652fb3ca311a304ed5f633b2eb176ba0fdd38b4b47eab7bc693437235edd4195a30cc88cfa4175e92c5c0d6a413fad3257f1be47ef28441e507c9647e53b52020dd93ba141c003f6a5913457e11
39e556b2e609213054d4c484a04011156d0c78ae8088b1367567985c30593f7c7f15783390536402e32e8c5c1a1d05b148e01e0862e573bbea0f4be03fe2d19976fff3111b17f555f1c1f6374cd1af0613ec73799c74001f83ba3c2f394eed8902b38dab7240e379513bdf6b8295504870ce68c543c7db5d
211f85c4a8720d212a54f3355056561015a7c0345a77906a1e1fba655d0d2aea3e44b70574338a97d345e6ae24244b1d4acb1a11d34781cb80aafc1a152b33bfdef65d634d64947f1960342ffd21f16cfbe342db837e931ef03f11591dc9265cff820e09cd81547e3e3d70650232839861b6329ca511425a
23233bf2d4d00e0105251dacf640080ea48e392ab814d0dd575b768af38820f5051f09f5d743383bc5c0e02e11147d58bdf7d5cf3398dd1bac0301461619e03828bd3291aadb36cfe7776025ce37ad2241f0235bd5c63f9967f61a8135efffe0da00370fa89a9011c0046c20b0f29c5fc2b123886b3effca
3c36bd318957ae61b0580cd4ee68e62c56d11ad01f49b1dd6ba743938b033f11a3b724b64790a6d8fee2b77ddd3953a4367885d9e3929c36e2bc85da1c35b60cfc4060b1ea1df8379b5ff518b8f56002be1741f91e30b4714260007754a51a832c0148bbf64d29bded252fa023486f5c80d165367bde17ce
16010faf0774eac0157de26e43567409083c10961b24a1ee2696872dcaa110f3c9c675c3d6404e056eb849000335aa8ee3044f6123e6bb6db872bd701cc6030d93feae9336b35f0b6354da177fcfcd2473c4e3491d4e0ace503012a1abf1142062d0b587488354389b24e10e6c18d04b431f0f02e98f866a
05c7b90a208b4280cbb148897c101611c586e0362c69b0babd0a10f27e3b13720dbe9b9dd8c3d0db981c2fe00537b83b5aaf9b6d021e0433d274564901eb5303c2d14b938e8386ae77f7f628cbf66f80a7ec52b10b5da62e21af3eaa0149c60cdaa3e56a67d715885f3025e25c9b2dc1825d10197eb55a8d
028b7519f8da5d4181ecd9afdeba233b44f82786213272f5d6bef0ea9da014d9bfb8c76b198307305e5c6a7baf0817785348755121e71cafe92c9c2925f5ca6aad3d0b42d1c9a21e07502d2aca352008353280453472573456c11180e6962f6e207353e1e1b2d8ba2519305b305f2251e1b2b3b7a1763de0
1c5a2fdfcf1428113397e7924a4f8b10593094675fb022d2778bc5f568431af1340d7e5ab2e25b6072ff09ad1a09a387b20c581081ab15e5455b073a1d8371e347f371a3597fdf886d5a4831753e3184c28eb3e5a69cd142887803d84b58bb2ab8118b9fc2f36aeebf0f9834bbdd15a193a1de5d7fdf81d6
1e5850fa90745742c4cfa49000408f0830acd05f6920d14ece704220fa3f38d1d101f41663001629267f772ee21cd7e7603e11cbd276c371f1089b182707a3d871ca72708f4946091a12862a71e9483caa24822e1a929efdea1b275bd57fbcfd0e3335ba33f599e80d0670fc9f6c6d1933f87361c8bdd351
314375d37d46bd410ffec158f22f6b007d19cff113b8d0f8f772291e24e831b0370fa5a87cc2563580f031b5df008d858807190270af5999970fd87834c3f45be2f2fe5316aa492b68bfb3325287e37e30e1b24b07e8d1cb9fb01d586150177af302e522efa79f362f33973bd928c16e434f473dec7848ad
1b9d92c5f4d96273cb6b44237582b52a173bf2d874a2d3ecd57ec0744afb1bbc946fec8b6fb2a20ce0cc4c57503e2333b5c34aaff0286e3cf40873d610904edaa6983053efb4d34e2811c113fac67cffeaf6c23b6629d27e0de60cbdecffdc0b9ce245251338b663e0131d001dc61f10335e2f27e0fdb61d
189514eab23b6302543a1cd3a73cf20e5fe18e0cf677d15e86972884c3e533e98f1c52bf8fc19dd81ab6195549262dd3baaf723812ac169e72c40d583e15416b2174b85016690f8a413b9803f3bfeb33ea93f3e7633ae3a3e2f522dd55698eb883234c7b18edf481513c7615ae254b7d31416e77ac004d66
07c001bffe0000029a653f7b9a5aa012b90e035b251992db074b9685fbb52059679fbef9e0e03cf7714099d83d0d6d0d5bd67b65621423580538dc633c1fff1ffce00012b2cd6041f0d2b116a378fe505d7340927c5a349c02262fd34c301c630fa1e184475f9213e23949795210a24d60f5ee53fd4291cf
000000000000000000000000000000000000000000000000000000000000000000000000000000000000000000000000000000000000000000000000000000000000000000000000000000000000000000000000000000000000000000000000000000000000000000000000000000000000000000000000
3aef6d2e61fbaad0a17d119550dbc03970cbd06a4e2a0122e0019f4133a13d2c2fd65a77e7026a715f5baf66dc3152a8ea19850550a6ebd07990f7500e3a31f2f30fe9e1705b5f7ddd0bad3107dd7848030862460cdd55ecc2ec0b6efbfe286f16a29c898d7fa7779719747fe098e3b1c28e94e8ffa7576f
238b9c1a15c02c537fd132f7c20e580a7c8e60e3094b206a264ae1e85bb337ea1bc9879408c19a649ee786add307d25041051a29b3b37927cb412a85021bfefab88292e0905589409b07d83fd72949d358e4b15af559ad683c383be08a1ecf73dec25d843ecec89b161db9e911e2b29cd21d1011c7928eab
368a2cc953df20f197a609e6ed8fec01c9447edbd84e92b34165a1da81a21739918be9ae1d209609b715cf552b09420df52dfb0ed339d24b6e839de217ca72acc05ffb91116ad19e9c974831c1c12124de55f1e11bcefe53fc9b0b0954dede9bed53b9cc452858b5ba125c359e05006443862da29820c3ab
2eaad94b1e9a4510ab55e3871f1da814fa6c85749082522b92d0d1572435252720fbc38e4d0046a4e41396af233121d455ee9274d0cadcc4cd54210b2c85b280e8f59fd26cf8d5445757ea0f47d6adac7c23322db6ce2cb92e21165d6fbd53ffa970fc441eef86c4300e637b31e6d29922c91fa600201775
21b68e881b5a98d274a6368821e40c3c5f2af754160d71779a57a4bfe3b22b4257fa22b63da2efece71a8f179b3c55c3f865ff76d26b2ade9ba28a2436c4893cd324d363d022af9623a02725ab36cd29c1ab303077137e0e1cfc224d9b04a8f997f0c23ee6eabc03972e9554533b1e3fb035d07696437ef5
0303ded13f7a1243ceb40a47bc9c57231398be4f7486a1084515919500171f0d49dbe5032bc27592e1a707999c1004086ced39ff61c898df9ff6675a109703d297a3265045d8350755f0b929b16ce4d846bea1bb625be78621e533bae65a0ed2f6201cf93b9e3e206a081379c7a9720f01bfa38db091ee35
19dafe1cd820718159cfea820747d50a8cf3e55ab1b2532a8211d9353b5114d0a5a0f6a3bdb0000bb1fa9146f13d844a556d25f182f5bc19446170ae17d5355dac0c83915364c94c8b14690f1368802f3a19d140bcb6e29d48d23bfd2cfbed3e13e0e26b4a78a8e4b6012cdb1ef18080b219a4e0f0da6f1d
0cb5569ac5594bf33fdb522977b9c516a3b8c6540767021ace577b34fe8401165d81004e8500977fad95c9f439121c8ffd414471d29dea2af374deba03c0ccbd5fee4d0363a2df0c86834819d34307e31877736b98181bfdea83391e527cb6d336f2845cb58b891d1c1d01b90c8e45f8101345bbe1063bc1
3fe3cb8366497a73c1c355ace8a30f0e6168975ec753514b05086b4fb58f106254c9288914e3357dccd3ab960c0e9ed8c213e88c52a98394cc2e360a2cc95621a77b9a030fd0129ed448bf2adfdea946c55082597dda5f8ab8ef0a3dcf70f53ed7b1421b20b275933a309940e3d66a3661206deed26c33b4
0f57ee4bd78dd4201fe2fc04cb53170acfb9faabcb6f323d2ec82d3a87612eaa17ffebb57182cc9bf1b8a460b90410bebe9640c2206983e9e2d0330b382cb0b5977c15c0146c23e1e3f36125f259a4e1587931c54483b2d7b1c504dcc5887cf466d33dac33358663c627ca031406d374411cb61ce03bd247
261e5256c7cd50c3d3a9d39de559ac10acde581c4d917351210fa43368922dd60fb593a222d3903c74dbd9697a03d83c0be33b9bb256218998fbee5239f64d641c7f94a27fb74dc0b0bd793da34c0f166468227e3ad55871bf3e3a28d90cbbb2fcd2669f8335cc7ddf0d56cfb418b47bb316ab9d0177c1b1
2cf35873b63ed021fad72f3c90f81f21304cdc02cd769078ddd7594fdae023b7862d50a1c9321b58b5134da9231b8a0f9b78b37240420be08f29f7ab2fbb34705ac03e117b5f18d3a57fcc14bf74c0631d17417bda4d7475f7870174c1200c897553d95d1e76c9c4ec18cb55bf41e91223edea005eb368f9
0a695c2860a2291317e21524f6eeac1fa9ecb5b18c9ea1f7f5f97a8f31752e03ba99842ecc034041d882e35a87295b017ae7769352fcdcf752b87cce30396f3a0fc72bd1ebf41b1db221501723f26fb191d2024a8f1a39f6ce99379a1eec43530c1084c090e076e83b38561cc621f7c4635c104969f89e55
1bfac73c7f721a12b111bc84ec6eaf09bab3ad973e42a20081528a3c655b3d4d24bc0b28b6d368019f2906144a3ba79f098891b87320d6789420164c126f9e6d37e6ae0353ce64fd01b8f425cde19bfc68e44247a2665cbf840d1765dd77d5fb3e613c5b75865ab2461d4b267c4af65540552a214e41cacf
000007c0123ffdc1dc8d49b704ac910a364edea2abd851fe392e176234333f496953b1665270f99c60310464d11196a0326a10d2c16e07de92c0d2163ffffc1fe2400170b21abf7fbf317534b3c34bd93c6c13ac707f1f6938bc1436ac717156af82e6f6a4a96b18da0c41f83416492700b5ab5ca5a26577
000000000000000000000000000000000000000000000000000000000000000000000000000000000000000000000000000000000000000000000000000000000000000000000000000000000000000000000000000000000000000000000000000000000000000000000000000000000000000000000000
0fe33c0cf6926340a9807a15cb5e6127723653dae994c304c099b9adc7461ee733659539f6d3f73c244f7c8fea126bffb651145841cf96b4f7c3b72d0a1f5353a9b302b2410e5798e81468018251e025d75ce3958761285d0095185c2b51995e9a31008d3bf655314e03cf8bd42e728681ba4c0f2c2e0963
025bbf6f55d676f0060eaea2f3f58d0151368fcc88a48339e620c8f03b9f1a83558afe9a97d17e7e7dc8b373d80da2d0ded35ba381bf93b015c2b3a625a97cb3bd51dd5088482d4406910203bea1e0492bb720dcb79d9f2e448c1306de92bb0c9c40b01fea3a5f5c2c2957fd8c97d72d4377dc8cbe9a5488
2ac6891f48ad9b00bec7b7cd34a8842d9298d3058e2fa3c4644eeb9e640a3cc88b661478d14303347823907ab11c1bd6d2237e51331954142c0015af3ef8a1ad937cce91a4d509ab9a2ff438e667d6aedf50d149937091c1eb63234f2fc368bb928235191a6a35502e1c00b2f77a831df0ec0118e1b03564
3b4631a1dc20c790bd21e06c1b811b0d4aff94e204bea0904c247ec39200288ba973daa029030090e8462e23f02a1ef9fbd7785a21b8344fa5c21ba22f214021e50080f0bc5aad0e5a7100073d63b8dece6d4392bed203c2bc523c99edfc73ea5072ac270d5261a358198c96b7a8a4b970abe982e1244574
0d13a62cbdadeb02d67cee4afae6d3286904e59e80dde3f67ce09f3843aa22d14fc58a4fb3e157bf77b06f375e1b2ab59208de9651b8a764994705a415b376da190c1120352c1725199dbb09f077e098494043dc82fb332494f7331addf254cfa3d21f59d172b96ff42dece6f3120736429145d32d4d6c11
3b229ebc9a822f50196bebed59bdc80d52c38be7c98ca18b99a62af374e72b03585fdc07b8a3b18d340e2f547038b56c8bc389d4a0450893e8c1446d0ee6ab40b2c673d01766c1cbcf6ee614d1790143d2b1c0be3a02bafd1ed32164d8341afe99629355154732844a145f1354486fc360d22aeea148b4bb
01c5e62501c5e4e0e54051aa1633d824a049c0ab494140abe6e6b3f6d83412207d3262cf7500ecd6b6acdb07c2259c8f8e209bc1621be7f43d82165f320e282ac76868e2df9fa896482dfa3968196d4fcc3d22aaf13598d7321533a544cf671b3d502d45e3c31572e03376a3988764fe121616c053bac843
1f84ec0b6fde39725aacecf3d9fcbe27343b0b3d6edaa0d5559b6bc2147a0c34b65ca9dcc061db9c7b758d9d8927741de364511980d14840797ab46c00844f8ac86efb91e42bca19a769bd04d4b172b3c2faf086b634b9a2f89b21583d8ca0eb84e0db8eda111d453e26fc49b9d58ac9b1d07ffeee3aa73f
0d1d61bf26b82eb04c46681c2e90cc329edfb4985aa321903322e41a0a142a281d31d919287008a4760fadcf931057fe0ae0df7be353feb091338c641b7345437b9a8272f3b1adf440f0e32bba4ebdc3c0a8a01710a919d43a862aa959b062f56dd2f5256645268ffe1bf2f9e28deee023e5974eafc3d1cd
0501b6eeb7aa6b0272616d1ea4b4c3064a53eb013b21a21a62e055af03bd1270d848536a01705465090614e66b2bb56879864cbf2077242de9ae5f0231f7a923afdbe2e03556a560aaa54e3a991c8182b990111cb798104b78401c96bdb910ce948244e775bac499910e405c08e0c9e5b13fcd08aecd0613
154b8b8a92f30a5193217b3d2719173b98070579ad4ff1f79714d9f2153c3d82051aa81e9b6320be01727e6bd230e93037346fe4a366fb6ce377657d3d7fc98d46a343c19b0f05f5f68756073827f27feda122f5456536a650be251c4a0d02783193a6c2ca9d5e10a30a0a063546fda8338d1549370437dc
2c2564b0f8f974b15fff57097c8af2336752b262e61ec0316a5e0ff0a22418e32311345f8a030b1e6268ebae2f0f00ff273229202213f1ad54509d7429b378a8e6ef7f23f258203eb9cf4b1093c02b767f1882d8e33499de1fc41413222becede6b204f4420e2a0e5a0936b17dc8fd9b73c422cefc3d3baa
3afb93be3acbeb92388bb8984052de2ae9f298cec935f0eb651214587bba0241024c9e060ec304a550f2fdc97937b062d9c374aee112633ce4c720bc19b1e45afa1c5f919f7c04c225831f2a208e23880320808023a8df54fcd0299df4304a3724a3e11c1ad91d8da717e40922d347a75063e2cb07bd560a
1623a7ff58993d01bca1fe8a035f3939d71c5c0626de706b112e3a4b1f383ae12fab6f618d51b351c6b4b09db01a438dea9a8eb4507bd888e2f8964a2e07e57589ec5ce1d6d03160fd2aa80fe83e5bbd705560792aa0a1e796f600e26a0cb70f80d036bad78da030f8377286f4df2a67c18dd7bb10653c2c
3f3f000024a0009058b0284bbf29363fc08ed5eba4b4234cb0f83fd2aabd2f62ae37a6c72b2151ec0173b940082df277f39a45027351b294d8247b0c00607fffdb2000837409503540f32339eea35032affe3305349a0b30fd773c2a09ff74964330baced40831ab3e1e140c537c1f0f33c3d60182ae90fd
000000000000000000000000000000000000000000000000000000000000000000000000000000000000000000000000000000000000000000000000000000000000000000000000000000000000000000000000000000000000000000000000000000000000000000000000000000000000000000000000
32387410bc364a1166061f0fe78c511f9d957f5212886304fef8a51f76b934f45045f46a00c078f0f5c86389bf0b5b0699eb27d8e017699b056838982811f8371f5452b29210635df5a2db2bfd5aec66fc04d1771de9952fc635169181fb111a2f5307f72dd119dd6d0fd561e6134ae651ee498d1bf5a454
17d1e934238d94202126656e61291525e8df58b90cf6a367d9975efb50271cbf7a878013a63033f8493c010a75024b997eb8ec45f132da317ae971b229e8a08becf40170aeaa4ee9bafa3903c0307de216cde1b7de3e28b6e3e415c20111388e3ef351f73ae673273635326484413ecdc1b02c8e1c8257af
331dc4ff349aaeb3ad3e22b62da1e119c6fc589176ef438b3502b16f1924084bd4c467f1a2d0a6be8243b143df21a8d2eefd02f38229dbfb0cd44c4a0f3afa07420cf7a1225094312aced02b43f8d35f8fdce00ec14f91d73a26129c208c486535c3453310d4406fb3227a6e488b9ea7013d1271c3277cd3
00f049615b1498c2ac8c506acafa45360236849ee50e80b1b0f95214a11915b0533397af33f2e4db3625704d283bc4a9f3b3dbf4a1eed53d5f172c8134938c4ce0289b901a000cddf92364187b0da0570fb5830e3e33f4ab1a4724cad7af93705c62ea8302b948d84b36a65b55a08a050069a360a63023e4
2aa8dd99b9d641b0c05fe96ac5abc02bc352d9f0b80560e9cd1f6f7527aa36133fbafd10b8d3963daba6baec1f148444a8f6025343a6e6b8fbe8c72002f8c51ca44c7fb2555d2a313c40011708131323e27820e9ce86984829443058f647e5990c6163c6caaeb9578c3b6924e5ace00080c8b7641ee850f1
2ed867e547660a223b1fc3011f083626f94e21de27bc50e897c2af6ac7481ebd7447f90eec9008a03fe60bc1322444df8851925a81c85bc45d9b3a4705e174d537d4a6528fa5e5827946b128f1ea03573bdaa1a90888611732d232a837cdc7109fa3a3e3007f9c8dba00f93630ec2a92c1302fdb5794d20a
2c3f2f917dd08a1265e7244de3181a378db54bf393478186cd4d84bc98ea0945898d1be690e31fdf8e190ed184038661bc82c1b2b01fa28bb9b2e5b01fca2b50cee2f753379836dbc8d6110da087e1482c24426f1530687287343a5b161f145da5d0027265f9e99dde10eb0b4f6b2b33636c52674b4ae3ed
02a38189bba89dd1b81f4c05544e771ff84aedf700b9f3fb7ea1906f403113af83d64203e691a16429a96df2cf10c89952a1f799626c147443161dd21527fe8ebc970780496b1b2617c4d734488520c03a3882a2db8c5bdf4f893f04912d4e960843e14b03481311841f384f5b170c9bd2744f9cdcf5c08f
1ab0c981c64686428735ed485ee42b369d291763008b41a3e5cbc7ef990216e8ffe2890f9382e68beadfdeff510fd10a43e6a1ed70ef144f12e89da438d9bd7c8a737a935c59ece60987fb14c0a6ddecc82962978c00a40e87cb35fc6eca34f6075010815adb1be7e314ed58ef42fbecd223f1a12612226f
0e59d72cc81c20c3ef528ff949c3ea38b133c6793fd220bb2ea589b44d9f00e655401c7d98c38bfad3e06b3dbe33df6df941af6ee1b5d23556d67ab821ab917c4c0c58b1a86d87760e65700e8bcfa1bf469ef1743a61d680b34b0f2205678e0796233b310c74c516d8033a98be19f4bb21fe110bc962081b
1c8b1e79d85224a0e3720dd219715f3249fa5dfda72470e28cbcdf035175125acefec6f2fc529190d14302fad931a4f8e9a9b2d983d3c47f85edf8f31c38c8cb7bea1711b2ee63b146f07229032667151959f34e9b27f8c77a8c17f454dfd0d94c91679fd0ef06e5962dfeb0822d8fe261da20353cf98f17
3a45c036c5c85a5175fe931b621c08399c3d338eeab32181c669040f06b0015df50acd10fd40cb64a1332b030e27fb2db3a4e4f930610baec051221a2ee380c260e58450fb284958a2ae0c340019b316ef2e129437bcbe23119c2843b5181ee48181af3470021f043d22285d230af27b0255db14fcb32dbe
14721fcf5abe1b13ecd650cc33aa6611872e1ec84e0251ad2faa91a81a553a11ab9ce56b7cb255c109e9924b8937723711a86cda2347bf9cbb77c1d300808428dfd91283c959cccb9239b33de75e866a5f89104833751f7f01c126df25383d0c1c814cf1242169fa62079712f5f6cadb51201692eadf2b50
1efdf31dd96ee1b10df1ee0a16c04f09b3c0760dacfc814111576d1546e41f924660b9d868e196b1e769e476b43468a96cb83354f1f8d91c368b50a62577a6c9136f5a20c6caa8e7e7e8d61a922008b0b9d1c1895fcc732dabe514a0959fba806731650d0e23a70d4e2fe9d90595ae36c1fc3dd2bc3caedb
3f3fff3f1ce00691875076d9106bdf000c000c0be00013a78af8923119433fcfffcfcc6000d161d41db6339af830030002ef600051e9e2be247bc6513f9fff9f9ce00292c3a83b6c6735f020060005e2e00093d3c57c48f78ca23fe7ffe7e41ffff0b0ea0edb19cd7c3801800175a00032f4f15f121ce329
000000000000000000000000000000000000000000000000000000000000000000000000000000000000000000000000000000000000000000000000000000000000000000000000000000000000000000000000000000000000000000000000000000000000000000000000000000000000000000000000
36f53cac7ab9d7c0f1dd1effc8711018d80541dccb3d00ef59093c465e5632041ae5cbc48772e35dbd337d7bf211bcc811eb228672dd63dc92eaf33c3dd91f7b5a161cb2cedff61e0d06a927ce3816da9dd5b3beffed2de57d0906da7ff42f37b2700fb2e0cc4f1f2307558da55040f463af486888b40afa
2a0aa4527d0628623b68ea0d145263359093c559455c52cd028c6ad503c23ee172f5e87b7b212a0a6045ee6c21189004f0e0bcabe1ad75a76c3ae6ad0ec319d66855ad517e910fd72f045e121a223c349e4513a577aadbf3a2ae17868a5c51a1615256aec33a28974a3274c7d2db50e132a9c907d9ee7daf
2f623247a059cd1049783e5bda5a46324f9a1ddef3fdb1719f9fe6e6a7f12887d730f22a55808d2c9611ec2bce2c44f8e0d4b39231e43fb8aa611248198f6ac46991b41283effc429a79c102c0a7481a30e993c5166f6261c3cb1e80852f3a4b7472a510c22328aced35cabac235268373089ae58c258dc3
39d5fd4dcc0beed02999f73087eed631da69afee532751b5719d222e77b10fc96d7cad3b2550a0491edb7020d03e1fd9acc5c799609866bb59586ae9355e735df00f3e834171aa8889ad2b0b0eb50cff694d534fff4387db103517f40391ca4f0c70f06bfdcf981e92256a6f6d82fe4973b2eff3cab63fd0
193a8262772bc070e776ff9627c36103d2213cd35f818224c43efc9634e837de55c349e11e212307311a7db21307dbf57997ff9cc09551746cd05fd90f858c9cb8c6a5024b8b673e2e8890375d8fbfddc8b2d13da32836e7e2fa1344c009bc667ba280890acb3c84d23ecd48505f8ff062d6fc7b4bcbcbe9
078c1805ff8e84229d8961a792d38c10cdd8edb3cf6062906db96943484536601a838f2a68e190a2636f38f04b2a7ae56ba9d0ccd1690f0adeba223c2aff806c06b53e71bdd1b7a52f4cdb1b79b2672d7397e2777932b1d7bbb72c9510cdc04d2852f9702318a9ac8f1ee97b08d499eaa344d07a0d9cbffb
32e0d02cbe74d4938d24948ddc160a1b5691e949318af0be674293f151922c66d98a131a035294300e4ad88203248489878aa34e91cc598977e5cb01399c2374f441a7f123b05d3356a11d0438b2036b8e13c08231c4bde699aa02aa2455a2235ea160ae6bbd40341d0fe5b9e0a817cff35872ca41defc59
1d3ae8671b64d9f015926282be494d38c428cbd734eaa3f9f9ee5eb7de412a2dd44c9cdac891da70c526f5da850a6060b42ad622b38dad42cb6ab7823b81db15a787c062bc41a8dd952cce25c954cdadb846a35da8432ebc657e0b9d5d9e8214a4a1ecb80f07c658c63249333161e11620fbf8c561a2815a
0ad1ff96f9858d5098f1be3c9b73803749ffd43c7d683380427f75bf2970287dd449d4247d8244d9a5f58278e81160f875abdd2db19846166d1cbe7527b6f944c5db1df059a3f87cdca47b27a14ff6e57c28001fe840541620152e38851014ff38f107caa07eb305a5028417d3faaae0c1f37939a2cc1f7c
008af242d800040346e326be77e4cd24533bb7b2eef82335400ad78c7e8c034b587907edbb31edb15bbfa47e8007736b2a7931cd6182aa5646d13c8f10bd0bf46709a3c359fb63af9f6fc80f46721e8b135922f9f81435749f1b02c2c97ba32278b094ebb8ff098ebc397f48dad00b0a82c617462f065350
1ce6c0eaf4881e916eff2d9314689d144b5cdc6abf9f92e265209be6008304471aee8f62667024982028c38a4f1a6786e038dd596393fdc7a8fae2e70ebb1a12d231bf91b4f1b6a527fd3001523318078de14166a97b90f4bc141ef9c974acefcbb22f01f338890d123b80b598ec5d8022aa6a4ece9e1925
0588911c1235dda2e02e66cdce48f303b7e1dd4b1af9d16f4de84ff555da15ef956f026f29e2fa4fdb751393d83a248f30248455e31b61d92f6e213725cbd6aea66f54e1f38ecd6927419702104e6483b6f4f2d0335f8dc93ee90ebc89285e28547161e4192ac46e810451fadc976420b273d68b402591b1
39d2bec9c9f1f9336ad7e3dc92461e2b7b48b29dcad350decae50945293f2e5998a2fb442a512944901854be672f4390de61b58903348005abb592e3158181bae9eff7e09e4abf746f6524253377f1d4bdfb600af5544c57eb731969227632c5deb296c8467cd2d2733b5c81f42126733279e04d95ec91a9
3476b0b56b30cb303e0c8b71fbc74d2382a9b83eb0dec3b3e106246571b63e63ea6e017d1820eb49553c9466db2a772c1fadbb81325885bc2ca9aa01184db2778149712290a4a156bbaeae2369463f42af7c60c70cd539ccaabe33aa7535b2a24bf0cd104b2a5ccd7b0b81e865fb30cf712490ce76d0f3b7
0043ff3fff3f0000ceb19e79f4a9783ffbc00bfbec10113c929a830936f80010ffcfffcfc0039b712bb64972e23ffef002fbe3041072938c117ee16e0021ff9fff9f8000bb76340351aaad3ffde005fbe6081360933b8c80fdf200087fe7ffe7e0030b6ea78fe656fc3fff78016b618252fb93b453bbd32d
0000000000000000000000000000000000000000000000273484d64b4a0400000000000000031684fd01d371250000000000000003aab1bb9a93ee26000000000000000000000000000000000000000000000243fa2eb13be36e000000000000000136b95aa73ef729000000000000000029ce9a56af6577
07d8fd0572d56771168a69bf9293b42f2d275946cc7361ae469d189bb52c23a879b22a933db26f6abcdde9ea671ff8ca72f9474c93117c73b63563aa194808770ee04e31c3b89cca3ace1804a0cac1a4af150020cd9fd687a069376286b7982f499322d678fc1b711d2a7674e94d34baa1ba47bea127048f
21c444beedfc9fd31a919051aa61580dc77f436c337c20c271878bb3b05d01c899e371b3a1522893553a69e1d1288ccd94c77fd0b01dd94cba8c6cd4243b1bf7c7de92c192418ac891803e0a7f709a898f4bc3673d12afff980722a59f38de1fc801313b1b491cdbc51e2fde3d3d526a01568839f0719611
0483504aef6949215b8d2d9c5c86003ed7e2f86fa4bf9200eccecfc588010aaa38410cb069705cda39903377f11758acbaf09916f16c78fc9271df853e08dbd237e77431fc01d0f210aef9366fa81248554301d74ab8d0b7e5d52da694807814445225997ed3b78684367ae21fc55bcbd0d345797b6cd813
16e002ccb2103333bd29b94a38231636234175ad75361235fd51f419f33c111cdd12f4fefde2ae99f79396e866020bf54b1fd4b171a417dc530750111384ffbdef169b93604f0da9137810275671f47dd06cc3d37401426b2253146448d34cf8e342e12d1abc0fa9b925d46e294fcb6a00acd2178ae1e220
100979d932f4ac522ad1a47d115fea316ed8ae11fb40f11ec5fd11fee6d42f5733cdd4a57d33b77ff6732dc7cc0ab5ff937359f4a1342e3fd267166c092be6599cc4a842ef198a48c0877610be1cf0e32559422481701329aa7f3da97bbed8502561e50d1a99bdb7d42ebf443e6da4eeb12c3264506de8f7
05e01ba673632903b6a7eeac33af3d03272d4de711cbc2156195db0cdde00e68e49e3ad0f87125bedc7c38f1ec3ddb6ed8004647f13c9b0df71903be226fbbdcc52d83d035a690e744ab9004b94a9d3e107d422ebdc9968eb2ac14c08b894ba02c821664387b7d1dd00cc5066acd5867a301129ddeaae774
1ff1012c34c258b0582472db65c390062ba4a96db0e4f046fe286733ed44280d139923e1125244c4bf303eb38b0d3a1b7b759e3442af544c8f04e3d2069f8663dc1dbfe344f81a0ee6e8c2384efbc74a5b7d02c7e6e1b160e8830d7a7d55dacbf8a29517fb828d50f31f3fb01a441bbc13488699a1a3d91f
32abc3caf64b41034d54dda54633b80927fadba309e542f447158940ec083351f88a62f30ed3b71df1d3e3e1b2125908f2c84e2d72da147a1f34f922308b1bdcae21e490d06d511652038615a7971bc8ba18e2647c1a3165e77b0de5f55f4b4c43a3a21545c21a6c701fef8573a22c316141fe78666ee46c
04ea245bcaed43f0ca28536028d87303dff0260a5e40f0192e3c335d5d210815a8a907fcda309afcef89ca6d16085bae119e179bc2941ebd721e8b6b3532117216897813fa1aaf8878131f18fc1e1fc0d37c12e7214e71a698b7009421eeb99b55f29aa21d739dd8cc263a738e166c9a6333350ed4120110
0278007b4d1ff333865dea8987209a35817c38728a7533f5930a1ac7069d34ed3c49ebc396a3fd3f683888db100716c40896bfe121e9c497edff5707274e21309234b7023575884a5ae2e410fb18307e642272ea3b43b4ac1c8c1eb07b57ec234253c9c7ca5bd8ef18265f23ac7bd21361026c845207708c
1a935a4134817bd333a3868d356ff91fbcca0587ab7f4262c789b0e59b7d1d54695d89fea53172656ba2ebc2301fe05a0536775f935f863efdd3904f0d699b07f4415b915b00610adf5b9b0ee356bc063757f3f63ccddcfe92051d6d0f2a409ed253037001052c13632b41ab27c9bd0a12872aa9d85a4eae
11c370ddc1f807f0b0904046df82d6378cb4fdc05f8ef2239c95f37c623e1ce933c11d6cae128c6006d314df0f2b60908338b13ec16e1a1ef2aae399057d5a2485fdc5b2034da9166699b22ac271a7e76653601a3e644990b89f2a6c0af7ee71bf1110947c6a0f2a1a06b059d54edf18c28d494aae3ca96f
2c1d43cb584fe5117d10b4ef6f5aae379b500d842d0b732dfe4cc03e29290f97d66041ba8b83c1ca2afb6805d0362d3a12d1438f4377daaeedfe04413ba44c2e42f631f32e95190382617d2fe0a38c392274609eab480be0011c0e7b21171a7ff3414b44c48deb6d9920027a5e4edd1d7156be8843b79552
0b6513ed412c8fe0c42ea73ee748fc174a5a99e7d7ea93a46f3c8d7223cc3352c2957a43afe27bd9065ce8d0f8028f58607beb2c62bdbcdb50748d903295f91d333c4f630370dade7e3ed0359f30dca39569912b5d940d15727132161ee0dd42f9504450b4e7979e4c21c8f83d96601b722c401ac33c3d9e
3f8000441c1ffe9233f3d976dd9db80007fffb9f0c0102090b61355cdec13fe000111cafff10698e10ecfad3be0001fffecf030103a5b1bdbde24b613fc000221c7fff1257affe70306c670003fffdbf060101c6cf9ee5cbd1d63ff000089cc7ff11727d1a2b3f076a0000ffff570181029522cd2a0e8826
31fed37ff8dbd1d0d92166fe8bd4ec1636114da3e66ad260ac63b2124a350d354b9bd7014f01535566bad053fc2655c432f2399f03a214c0a0eab1062223c5d28968145340663c06a692250e29ecbbeac989b0de1a9681d65c913e3d60c50e9964b3c3ed4f49b69fb22997b618d269c4f071c98fe0f1329f
28bb4ef9a123e2d2db1720ed1121a6314299d603d3c2f3de5f0ba778a6580369c58c6c756663f503ec788679de3cba8062a094e591fdeceb98e762f9171aed0340eca8c1bd1368963e86592b9735c95ddccae392c5dbeced97d429b8c91f21ed8cf36e268aba161c11037f9817b9cc66c29abc447ffa37cb
22a178d4977040e20f7dc6e0812ca23d517a4867936272e4fcec0b0c5dc51bf39bb85bd62612ccc44ff1a60bdd3218e79898f3c8e313a8f10b95bb0614dde6a7a12e42500fdedecacab03d3489bedf7b7245f2f50e843a3d963525af2098ef365c60edba46e5535cd6285e66ab185b7200717d7c22c1be88
1ba91b2ac7774931bb91be3ee7160f0925128f36c07bd1df9f815ad2181924e09fff5492b7e3d992d86fa31457174c798996c4a9b019fd1a62e5396a0d4d486438b65711e0fc5989bfd6e930649cc8dfc177d3fc9ffc7f1e127e0bcb6d1fff73c4d3794f5c56971b401ed0f304fb1987813e8e0496ea81ea
09768714c715feb0471d35692da2820dcf90cf50d7d453b595182bf0d476226a2b57224af17101ded038f59550046d108b8954a4d1c18c23665059163396ed91a50726b2f1eed3e78133a417155ccf51661d8000091f6fb1f2ff3ba289f046f89a3183bc3ce8c9d7112a8b09ce9622223269f0bff2258d31
0d1ba732ce5eb460ef5d54f47787b53f47e2e41d90f05306e59d99c46932341cb274b5aaac40d0f9dc60eef5de3c45b0ee0ec46a03036c2b2dc4f7f1089d2e992672d0a24a0a82fa59109a2019fbb4cb610c0051d26eba8963ee01c825a4f6f56cd309b37d65e553b62d23d61f6538ec83690fee35b54af4
092c97bc9d6696538e5c2ac924b56d31a760ee3ac93322d09f6cb8948a990bf82ead236736f12c8a0db31338682ea7994ae35bb5300cd23bab972d1d0371a268e7a0b2b26210bbe5da35ff39a11b6d68c38ae0f91c6d9fffefae0de6893428698fc21a7502980bd84a326ae441092e44714e8a69a41e4c84
0a0070127c52cab14ef5101ee85e481e6b530b8e39f1f2a6d28674246652017f866f4fdb1b12f1baf76acc62dc234b65b349d8be73b8fc7d9eb97ef713d7088615a003111e7ad5d885dffd341751f83ed383928eb2a0ac0ec38507cdc98550bda121ce95c366190a5e1ba3e234fb8419032f9bab9816b5c9
14efad2a460b8a8066f96ef8e6ce9a0ac8eb9db0e1d9e31e1db35cdead750bf1f53eb83ff161554be373af7eef041e9c110532fe013ac201f9534f89182e29d75390379251dc0c5fc914ed3f50a2b09ab1fff1bcbbfab8fb990736f5b800050dd42203f28b9a68c34d2b2730c40e1d3732c1a8c50f3a194c
31d96d2051f21131a26c429e118a4b0d014b81069cdc72d1e82beedbbc4a1456b3b154b4d26307b2a6461a90533eb6f3ae51e810124b030a062f10b33c2bd73513dee7514c654342db4c6b163953e6c9181f53a5ffe4741bcd130ac52705342ca790f3146710e87d8d2aa39309f18d7c7267a3eeb6b12a74
010a459b71ff91a2289cee11df86b92af4704370d6ffa08eb9cc263d07d43f12ee6a3b452cd340011d70b925132f5bd79eed22cca193bad4ecaa950136eebaa12a1ac590f7e9f8a1c0f3070412c63694d1a430c8ea589cabf1c3280787557576bc52449dd8cc66f7d8045d4e76a6d62872d81b3cd638d484
3232dd08b50f06a10ad857e69d68fb130d022bc8990f22131e9efa74ec742d83d6b885790102adfeb5ea2566e01b3690def1fa7792ffb86294cfe5753998f3fd9e61c0514dc4d53bc896f7186e214940781600c6736c39b359a7242bf572826396a3ac84cd36c9dea72af9fd7da5d5b5702dabb214a73e3a
3d22f015a9349442bf8e23a60dfabc19978158cde90f012e48ef5b0d91991798f37e61210113bf1114dced08d41493e5553e2efef2bf114300745a3f29b5cd54fe27db201a21f8efa43ee230cd9277f60b4e52781ef04f652ca71990dcfea3e93fd17f05e497bf5aa810194f44e15d4470e0ec519061cb57
019f7437b805e441d847f705a007641288fda62a1b426365742787e9a0ca313f4407ddd5d8715220d82645971f3e0d013764f667729ad80466d8ecd8227187ab8cde44a0d19f885b3ce4233eace0990f819eb107e9d703bf5fcd0e5fe4e13e630492b4f949a5b977503256f5c20682a150f165f0f9a6aaa3
20b9293f192cd6b066cc4e1faadda237fcbd3bac11b3e3e6b86de1043beb26632a7f072507038d7accf064828c19000aa9c09a4831997472846acaf6055afb05e27b1d9147137df9c045ef02d99e208ca8cd5014a55b264faa460c26dbe41ee217208cc0150e50408a07857f46a9cefb0359743e05fa37f8
3fffff801d23fe90262711ea945b5d00000007defbc1005380da9cb91a803fffffe01cf0ff12e61adf09b7032800000001defef101ead18443e19ba83fffffc01d01ff1350c99aa9eacb3a00000003defde103d5a30887c337503ffffff01ce87f12b0c381399d1f1f00000000deff790322376844da3ea1
157cdc2c72f4f090a43dd8711b5f1b0b1346ea43daff43260f5dd16b86cb2c550630152ccff0c8a265405882ba239a012ae9a26c607e685de6781aa3392e67cce1601763f92753913743253efaa40831481e4297e69d72b77b73292b73d832c1f543dcef693f2107ea34fd9763b402ce7259e319c7308f67
2322a498d2eb27f28e89ad667e34c809e886a3b5f499139728693348ba490b105046490d7b402a0eaa1e56e5b8063135a412c330d007d7012638ab881c4b76d57a9c9262faa692f83e568b1f81b41381ff6991d5e904d232765f167032dbe512a3a293529a2d4241ed2b4ddc862b41966146f91a527d1876
22c19995e9a4d8c0842ff3b077d0cb12b93927af5276d057eac5347d53792536e6f12b43e7d3f6332efd200f1e0aa8426cbdef49c0b5e5f58795ab4f03ed0929521f8420150ff6a5f0bae82043b86c07b7bef1d9fafd8f11006a13f5be87d89ef8d0cc836550d04a813838ea8b86c05342a761031bcd08e8
30253e8cf5779a33ac48c29690b2d32b9ef80e18d9f5b282e2c581f5568806bfa371a91d0c50af73edac05528e1eb0100b4b456550692711697d95a5370513fef67ae7232320c3f3a0d8af2c5821e32cd81aa0288a4fa0f5e55b38de744d4a367593e0f539e30601c030d083fd40e66433ae725c0a810d45
1ea1ec12da8eed028c9e17f61d947e08a9f8d00152fd323f61750f3f62f01ac4ccb722561511ac26556fd5bb480921930d57a97182949a6c4200f52a07b0563577b8f61283557d905bb3d609cb96a9538ad022e12790956888ef2d8ad7a0ed95ffc2c44a0b7605f18801e3f61c0679f0126f9fd6122e9ddd
21ed9f1a2f1db1d08fddb1ddcf69192df76eb2f6a751600a8f0dacd381211df58dd6a7e6dfe0796886b0c83c461bde190c1c892841db8239e2b785a913fbc535b8ff6c81c7582fc69f3dfa0d7fcb05619a3303c2025549f096821cecfeec50e02a903f04ab6efbb4d32f7d64ad23e548c225a7052884b7f3
36c9af8c819696d0a66bbdf707229e0338b5d03f52a2e3831a6602f437091a5390d3712b13933363df4da57e5a3389dd4f37ed39b25b1617baebfa3b3078122c18283ba16891226ad5b5533cfe53295c45932379c8029f28c09f1421818a88fe9c5036e5be5bdf0b29251e2e692a7b1d73af7767dea3f1ef
191ce93973e2928258b82d6e0c9f4f2c42c4d1fce514826471414695f8d83ffac0162d0c34a115e990328a8b1d14d54a31a94d24a3ee61f36b28e3140c99b39a2d32d041bb7c8aaf3dc68c393dcd2a663db082a2239afee4d9673a0958df17a6acb1a91c20e35295300e66cd26668ab2132690e9fcaf76cb
1b52ac7dec3b03e1c74c022b5dbc982dcbc9c84d784c61c93647b1414c4134ad9534371019c25dd564dab430cb0c23dac6b2ebbf33058a7afe4458c713c5fdc3a1399e9347703815be6872369fac9b7ad0d1f23c0e35212eee8f1dba7a080d3e46a1e69baa5f479ced0220b114538039a168497df4052818
1c414c85ac275093c688dc535f70ef240fc7378c7ea081d8aadf92a479bf3d3714acb36f2b918f4bad7aae36c535d6ec14168410205053eb0bbbf95a029af0a6b22767d1d1d047068c127c26cc4ddcb3836fe0074332b48235cd30b8ec349d03e6f36797c893a8320c23d665d7e25c9600e88375a79f0f75
3cc218ff0c28e57039b44f2fd13afc02f8cf22bd319d12013ba297e8db921767ab978be2db617e716a86a168080297645122b20ea1daeaa199dd2a1a088622553a07dd5072fb713b02b5ee34cdf6c957d961d156992768733ac90bb649db9cdc8063ad155bed1804b03e561237991ea381c43469b0d2be44
0d2b573f05d8ad03a2ebb72d20a5452670bea52f38ee300cf4dfb08ef8b13fc9b9796cfa70c328278978e3bd0316a095ac358426a0e31ae5eccdce8613011b4a975c9533f15d6d7bb5295602c5b0e74d1ed301d53d8523906ba307c4c7b4b63ffe93b29c0b16807dc234a16e18e4d0c761f767a8906a454c
204034a71b658610de21d84e431315014b66fb5f501da399933f3c637ac012d04588de5877e0a7bdb2a566b1ea22a529a9ebddaaf34544ef6282659031b6cedc8b4c07e1e552d37f69459a1217af17b57f8381b242d18674b3423ad84940215b2ba32f4e6b032df3be036b1bb238dacb2236af24990efb27
0686463fe4a6d35279d9cff5d4bb8323ddb947059e39d2572c6accca5a100b9e1fdc9e9ec9d14c69b04394229f09814326b0a20231fbde2afc0ffddc3b31062439ae7aa1d1edf999106a2723d833569e87a3034e55d54aa6f22e1d61ce6484ea37d1b75b60c5aaf0af0d29e816c28ce6d050d74c48315283
1381d3dcbe558180b157cb12a4b6730f76c88fa094df5132640a34d891230ed5458c4116a9e39f9e45c83bc0ab2abfbb4481322f32a5f282cdad904d2d7fd260fb692aa3a4e8637add38d71ca09e6e1341599378b9c3634ecf990ccc4e969213e8e3e94ecb6d41b0a33c3d0648ded0ddb12abe3026497116
00000000249fff72aa6794a857a9e51bfffffff7c80021155986b565e56210000000189fffa3aa99e529e46a7a26fffffffbe20011f138fce6e1236820000000313fff435533ca540ad4f30dfffffffbe400108aacc35ab2f2b1080000000c4fffd1d54cf294f2353d337ffffffbe10010a47f19ad193bc3
1e05a5cb6bcc5781ec79d53f1faee83d87ff8a9085d221ddb959cc3709bb1dd2d4991cee8a104862db9902bde70109a922f0f3d0f3f766587d6c41d43966d07d90b54b00a6a3204a95c3be0d80084ed1299252b479465275d37f01c643b2af1651029cd572ae59b50a22f715fffda0569074e3d190011ddb
0d8466e0f4c28a225a2a34373884a72ff96d82c437d8d3f4e343a38141283498e35e0cd54b61bc917dfba93d992126aa730bfac960a0b7926e459be71272c9695ef5e9b1b94aaba03e95583e5f91b7b8bea092f47c127c79764e3123ccf237f8d102fa717a620fad703f20fae133e5f8b2591ee5a9d04884
37e697b63369d6f1fd45c1c9ca17211a1178751564fd531df8d10b1a5554314c2ab1ceab39907d109c919cecd6353fccca8ec4df31e8823725a0195a0e635d7d82286202dea9b75671ab5e232a4cf754d3ec623e878b4d22625103d96845ae781941414cb2fd73c5b2225a0bcc5a4b52c2facd8e5cf6e64c
3cf3e5a050d898d2b0e5ab5273db0b0e2b5f9ce988b44359786195d4cbdc120b8bfd58c9f0c024ca12d4fe64511d317ed4015cbf63555bd73ca6bf61065dace7117daed1b3c4126fd7a19e160bf3227b7a9aa00a83db779fe2eb3142576aa26cc6121c4f77daef049605646149db70ace1b4dff28a410f72
26c3e80b295d23012c82485b370ef103018fb2502794f3b4c5dc434e9ff10ce7e57c22f7d9c20b0895a8d1d5630d384a936b5be29209718ccefc514f3278bc17dddac290d340eabf8b16b9162a94cf02cdbba096c93c6b9f299513cea4539e1eed73b0b2692e0d96cc1dabe43a01bdc32240771e40dbb576
2890089e3cecf7e2ea19f59c4e9c7b11fbb8e7532be6114dc9c58b8ee5e03fe52d633dc7a641504740964e3f0b101382b3f2523c23efd397c7a14521099049fb314a7ca06e93406816298724284bc424aec761074eafc82f3ea626cf266abaf62dd3847ff63676a264209052dd93d5a3013d0c5a2ad89ad0
0e85039c4d991450e97900cba38fb52cded69ca70ceb125b001eb86974a80271a64102ee65a2f1cb52e3f59c7113cde0688ec17d50e95a3100da175f0c4f3138997e39e39361c450f5815d3336a3ef065b63702fc7907fec387719c57eaee2164641eaf8d199ab453f10b6b8add2bda750ca2c0f7b2367cb
029d2517fabb86739ac5eae0947c4c0b873e72e5ae0c417fcc77f785d13a1fcfcb53e45e45a17e6f4d1e5941b6230e40b48440aa238c4c119dd209b01bf8ad11c2e69c800ab527a1cd02182352fc5840603ae365995ddc2cf48e2626ea7b5a439d41baefbbe493ae4838e3cc9aa25c7bc1db28d96ef762fb
244f8ba2b30e350046b2740708611d20a0d16c4b8b52504b15b10f91332b1917852ecbed1f502b436670d6d1d71cfe325d60564b03788ccc36a7988035a5d1448bb3e3110eebeeb8d30694293728c96a392a80d75695c3f0a5b23886d52591c2c81104691ff51416c4014d7f040a47ea539d4efd5c9839ca
341e328e4a9e101366aeba80b68bd9345c4b64b1632cc2fc7597a76b3fe8028c64041d12ac917c0258ddf3c984030d39f311e0c581f16dfbf5f1ea5b1997b3722637053262ef6b0a73c6ba1820534f840825814c349cdc32cea3257da4c3786b0b529604ce66ada4962c4eb7217662a9a275e736fc3dac2c
339d250ddefdd2324a5c4e08cc1b690ff04d7b39a3bb01fc07bdc702869238bf55bbfc80818285f173dc46ec2f20d4ff82e7c5b6837e3dcaaebff34e1b5a5f2644933f21aa027684a1b2200acc502b5aee3b730352471c3241ef09a21353d34af0c3fdc58c8ca2222613a3eb232d436ca22c512ea85eb1b4
28022f228132ea7278fa7a53985a082129bbb0530113504f5dd9c26c4c53020728da30e886f1a7163e32ae87891b640a3526e840a1dc62d625cbba880e3127ae1a26dfd127d691e0d071560b2dcd88dd671ae2b23193eff1f4081ab1d9f9bae91180b7d0284076d9b71f25f85764667fe16881b43c4269a2
371ddc9385bfdc500fb8fac79ba13c01db1948886d5ec0738f8b5071b7bd24f30d5558a528337d2670e581d77a078f91244c36c0115586d76f0f59853af505d53238aa213a037e2b848950122129a2523fb3011df998d9aed0703a65e6621e6c86e01e0d6f3ad7d1ce255b737189d54c21ede3376d2505fc
2038605943c085239cbedef510bd3e01bedcf1791fbc11e6d4d7f6c7aa423bebbc7ab569c2729c3eec29056f683f6ddba91fd9c2b13a46c20ba456143ce0c38b33cd8f4071576df142200837807f4cb72679b003fd8afeb4066438dcb2fa808d0a502af9e25a3f53dc2b75c4baa544bc5053fc405fed018f
140a647d3811fb200f034ca139040234b7f0f7f7f7e1835c5ce8000090722eefe7722d301f1138d7cb683dbab904d2640302d1cbf0c887b1eaa610fc302532f3e9200341d1bf73e0788309250b8ac384f3324334b180df57f06428e3fe9c144248716b11946a8fa6bb161b2e96839019e32db97b607e4d0a
000640001cdfff11a7f9ee4fae2b0f03ff9bffdf000103d1caffe7b2f5ec300190001cdfff11468f96231e771400ffe6ffce80014117e1a56aa9512b200320001cdfff1011b308dcb9b31201ffcdffdf000100ab2f6e3f17dd6b3800c8001cdfff11e0fddcc650d915007ff37fd6c001214e3ac100720b0b
28a024e532d57a726bb59973a452ed09a43ad8bdbf1012d0b44fdc3bd06910b02a699b169ef240be9985ea07473b0d2a6551694de17e4a97f4d579313a33b2634bed6ed36d71f7542ceacc2052d285d5d865637644d9b7ff4b310841b7d6e787939386cd9e53294bcf00dbb01b77b65841269bf35d7304ae
2269a61a7f7c8ac0b6347e13b36a3b1b68722122fa0a3089ffc498b26d0317a44a425c6dc5815bfb99fff92cfa23be285faa281a3082a18f8796875a1d13fedea75a51129f19c19499a9e13141c25e0615b741e4074de3ecaf0f3b6ab19b3fd2fad04b317409a646db24b812d1b477a883b0bfbb74f428bf
20643f7d9145c7f349300f6142bd7f32563e15b3562010a8adea55451eba03a412400c33b140efc52cd3c489f23abf082c0fa5b702e4c6c5f016ff7e30232ac02f1859e15abcb2419160ab11d8be616e4acb0204b042975907ad27fa153b5d5c8a72f1196e5a31ee0811c1e7d245c78fd2e9eb1789f87d37
17d7db69ea752cb0bfc40e3ae378e93c54858ea7e96483d8852fd026a55b15eadb0bdb9257f3466eb34add40e708535f9bde3b72e0dce9e8704ac94038ed1399b4c7c8d19fe29cad4b0b4916edcf676fafb3d082fd945e7e88640b22679aeadf2be075985547e57b2026335ce9260201415a7a44662a2135
19737c681a9d7fe08bcc80bf382b570c8e263d7f485c41c7f2d1407daab72cfc8745bd50d3410ba7ed4098dba834b41dccd7006c00ad14b5194465101d0356c509821613cb88c7dad647fb0d41cf9065c35e42d7c5835124879d0c73ef7de3fa4f723a46755ee981913477c785aa2a3de2cdfd4b0341a573
38bdd5b9f99656b16620c13aab2f8510af7e5888f9c1b240246df4ab070b3728a46549c19cb27c87640f463471034826f2b4007ae2c8eed5e1d2e52c2f327fa00764acf0f450abc39eae6a032f2925015a7822968b19b8d590a11b4ee3ccf8ce347335b2da58ab13803c974e925900860169f870da8ed773
0d63e4d634716543cf20a76313be8b06b3fb65504adf9254d1b1b18d6bca178582e606551fc3842462a8b62d273e976c9675f0923357913a9a0ff90e3387d7c7a21aac70fee0934ca0e8832a337ad625c743727b95c06042747d202e281872fa5ff0b28359807b2cc601a82b391da753f20b79d544068b27
01c7dd17b48d4b418e2c10319c93b836be83b552549e71b7f90647c9a9cd29093ac0aa84e9210a2e75d839a841125c656183ba5ff230e65012faf3422b23457bb2a70911af856dd65b8a1b3f6b39c85f16e25287a2b5e865d49229a4455ab28c0ab031b1cbe0b6a3610f75f98561d0ead00e6ae8b43719eb
33af985db55b39b2cea173611c5beb0b4e8f22c0a787c3135dfc9c0ab43f1250d87afa4136e19e8c61b603266f3e2f8ab334e80981c967329c93c8441563bda70616fa72a58a55a71fb9ca0a50c02d41b12ed28b89eafd0e616e2cb64d207269efe0de457688ab85b50d6ffdfb6139d870224a669bcd5f10
3e19096c6098ed21e4b71483304bb532ab51f8b22997916b3e25b64a7eee24d4809f40dc59908a229a4447cd9a0ee4bb4bb526bf40ee5ac697ed8089064fa210e89adfd3520b9a264c7613302e0c4e553d6dd39fea7191ea16fa21d3dc3e9a0bf443211a6a4d1daa4a0806d5346995da3236415930f492b7
33ba39fd723135b202d1df7366e9b12427e480c7dea130e16b593b253a9823be1f3916a77e1042f4ccf533aa051f1d175ba26f45b2087f0d3a36e6a7345225c1852a13402d0c7c2b53222f1a9eca20fbcf68911f2b3211b0b50a34167c92cddcb3a00b6c0d0f7c54e83d5bcbf3e039ec92a48f81fabeb964
0610a4d809916293cdc7c9ae21e55f34dd989eb9f6ea431708212e765339336ecf08020a73a183724764317a511f3cb61f6ca1bc30a745715beed2251547f3bf6b6b39203ca8084713d15d04b011f96cf00643fab9527e5b53f1021a57f8f25e7dc17e75cef5a6d0e71fc278f618a214604753ad83a9060e
0f1dfe6dcaf9f8f13ab1d04dfc253c0f512f9fbf52e7e29923df240a845f2ceffcf6038447d1700da0739e07d32a47f20ab3102df09aff014f54abe217381917629fa2304100453ec8ef992422775c243fc8c0ef052605d2935c004efe12cf956ec0c450a06ac22e77245e5e48034e5890f4a8f3d930c829
0b92c7c858a9c7322d2c67d5b23f9602f959b1b0bd73d36f5acb530218383655fbd843943dc1da9767491eac76144bc778fefc8e00a1a2dc69f9145637be16d8ae76d8126b206e2edad57c12079ce8d9d4c3b0b9668ff87c36a03168d34c00472c10d236477aefa4691bce90c156ee5f63618906edb364df
3585a5e4ef2fccb16d3d68f7471e000e5864c9357da131484951edee832e20fcc446498729d2d65ffc4a8678c53dc7c57fca230b6233b14589c14822169016b5b99a905204779845a1b2b0353d6e158288fb200de383b717ea991ab2d5d5d3831550e6480c77aeb57119f55c1d4fadef80082d02f6b41b15
003fc00660ffff02bb874ff749ff733ffc03ff76e00110c09229cd6ab8a5000ff001b0ffff018b72ee8d056c2d3fff00ffc1e0011353936fe3e5c1da001fe00340ffff009b79b9b0879d443ffe01ffa8e0011122930331d2bec80007f800e8ffff00036f88fb6553a13fff807fce6001106c13a63d314362
23f31faa008f183300307a14d97a8c30f1703edc84c6f065ee6df1d3aa7733995d3af4d931c1ef0e6c6d6ba50b3856e91acae8cec09081e074a82079106e48479325e763441ea295dc21c63e765591f97e1553c19ade375082292b8bb577d90e91d35b5248502e78841103a59fb6a881c038c127318c08ab
399bf1d75cc1d5b09af6ad48bb0e733cc8ae9cd1680532b3291b5b7b7c7f1d7b084a8c323462d122ca1abb4f572555c002758a8650a1f69e2adb83f41425e28f81e488e2fd37ee5b6ffd51051e7ba7a1d4b3a003024fba84afcb18ba2adf20eac1a2eb6bf428441b3e07699548e3a51ce337be289f5317c0
3996debdc6688a43e5facf251a7f1538ad7376003c28405ca332b53e796b2855a1e48e0d8902fde120ad0ce7cd2c8e6f623fb7518323265c4643210e1fb9bc2b706996e38b2124e487e38b2fcf80bb6278f123bae81b5db71f5d1f7e2587f5cfe510270fbaeeb7da953c123aaba23977216d0700157c8978
25154ea9954e2ae2a04b4724ed4a3e00de4010e5e9d3d381458b5352af7c075bb48143483e9325b061f493f55d23824aeb0f832923f8d1b538df186b2a8ffc50513cbf93ca5cc43e0d8c3e16867a7c88130fd1eac2053aac78c92cdba1f117ed91d37aa8571171b42a3886539b27597520be46fdc69a61e3
26262f46b1a979c0aa11d3431e77c70c773af287d27060aea19567497ba514abca1fbfca92910d15d46470b911309216c99aff62b1c1d8816223a03429dcc2b85d51b422ada4e292313d0c0c4cbec04bf8fe631d2daa8d5dc27605c49ca660917992e8d7ec5907da521e37f2c968a636817d8a8d13064694
2bce13c48fca29138b0dbd7f6450423f1bcdb4c6d2f730f8e94bdf24cdef26ac5b3e10ec4b7327e75a4f5a49e104964cfce032a7f3773a0d7c4453b10413b5b821637ef32c21194180098730d3668b731f14637a40324223c016314cd54d853b7ec2f255d2fa2b165e008a1d2c7abb4e2133c5a7bb74de8f
02ba2166ed54025114f0cfef5a70bd340d486ae57f3ef2cabf8308897e9b1dee5b9b4c34e1903a9b6dcd8f69841a4c046ccee4945150f230d045e6ae14d5b902c11795c263b0dc594ad582109e7fc1e2cd59e0907aab39bc8e692bcebf6c539168e2023fde76ad8b54114f78c398403241327ac6789b9ff2
31048e148701daa21f4dd164e7e3ed3520f0d3c6421dd10cea458160374512500dc9cc280d605c82a566cb9cce030c6f1fc1cc8f705ff1c4243ca3740a7559227a8ff63047d6b3916501242ce41dbb3f5762d3c582a137da45533e04ec8263d64b11cd64836b8817952184a745c7d60a23492c48bcf34304
3bc806a477d8bfc37fe92f9dc8d4c808d8991224a896c09e9d8892957cc720299db7f69053b1806a9046f29ae41247592bc4f84da06a40f33bd73ecf100582b6d4536e433cf825ac971b1c0f16b11f964697c38c5cdd17e59e890c77260300c8e2b3a872d3ef0f33390a30dc4a04e4d9012f1d1ad70673d3
000b8473d9beeda1b67d577b3296b33cd680574bba7703b4ad630287a1293cfc539c46f07793905f336f630db22665e525d32b3710b4184833b1fbf43f08313d49f93ec3ce2632ed220ce01ef06151c7413010afa057292a74033597421ac6f4ea1236489e113f505c0fce534f1136f512662a517d893a71
1d54a1bf92800550439d528d7ab7f0165709f9da2461e3b4a3aeda0bcb140b15bbf9e0acc242cb27d6b93952cc3b02fdfaf37bc371e84af7e20f54df09f9465ff1d0d1b2448119d91bd81e34714f478ce22e00ee58624436c7e03a9a06992bef91e2b8c87c2a378a470386641e5541d5f210213ac262d4d8
13b37c9d2bb4d472ea13b5ade429e41a50bd1d853cfb402ab640a64e8e2d2e56dfb227607232920fd4bf016f4c29dc4009648b40e06cc3b0123ba86532b007eb7eed3990848a8073e58a4a10e52e37d3cb8b92e2cc8607c9e83f104ac37e23265d102b75f3d49440450aeaa94b1064a5f213f6e2adc6da4e
204a1e2272f307d192beddcc079b0b0ff19aa10819cf53a39145788ede493366b131e808d2d19c77d9283b99f21c5bfff89899ff6234188d53f567ed1ae796edf0ff7df3014b240e062b690043130d6d645bd3740d77f5fc2864379f22e8e4d52282adedd632b0900e03a7220299ede55241467f1b88c4ec
00725e796ee0e2803996e86870157d34e54d463cdbf0216123805d11af9e389dc4e3af62a5a3d16553bd40ee47051e4f96e3a2d6301f0c0fed4e99f020613511adda4de2bbc0594ce562d205cbfd0953590591c05194184eabbd084823f4c8cde101dde3f6ff72c678354679676f6c0133abb5a52dcd319f
0abfe4bf48b9c1435e0475db594be13c8f808b986208216b742b63583c0529496b9f919ce3d3a8152d265319671bc5e7a5aa91ffd260289b7f9b0a681311349f4f511df2232dcab4d21774209ad3855c611751ad2243afcb76f0135a0e9bb23a4c2241497c9f64208533fe01ef3acd5f42ed8e8b12ec2f57
0000003fe1063f02805fb69636213d3ffffffbdedf9d11daf3efd19d11d70000001011018f039d57f9e57d427c3ffffffedbdfe811229f972dff6e850000002001031f03944d40115166903ffffffddcdfcf12453f2e5bfedd0a000000081900c7004a18205c83dc533fffffff5b5ff492914fcb96deb743
3f0c3665bb03d092e1b76e62525a9d14fbd21a3b376de24b861e1d6bfa1d3f5c30182fea2a83933ae17e8ce03126c00dc412699b61fe257d19c562f4240040baf872e140d479cd272219a231d70872f76ed132fdbe41862892ee3bdaa47a5665ca007932950272316038ef400f8c61fe314acf3d6490ab77
0abb27d00786da41cb3b42d8905c4d0b517017a2376a12919e303455e3431ab50f6d58bb58a1ba07b6be3a9df81c6199a691e388d1d6ff0a23a99bcf0c8d352ac51acd22b78a1e1961e8bd1afcee57db51d3e1215b23357fb9050467eecadb3b55906b3bc2c7e2400a27c2e942ab788183bf2198f774fc5b
08846b6d748e5ca180d0b56d220c94018ea74254345263d88199aab4ed982229ff29738ddcf3d7f2ec48d83c532a3169ee7e6bd3e3548f1ab688e9363c9e0d78c05ca1822c2b9c6e73ff422c62140026c09f9361530336654a20059e5c40f92fc8b3597c156cf8b6cb090283a6124a218188483f8501debf
13dccdca22e401f06895dadca4fefc113cff48c9c1ac50d2abfa58827fb3394768fea94f3e626c6272d14ba2bb24bfb3bcdc98aab05c758db3ad3d50132f5460e7dff6f08821389675ba1508eb1187bc8ea9215a0097ecdf17531c4cf64fc36062c299bd2c9e06dbfe143787ee93ea14431ae3a5a4b26952
178f15e19d2788c094882f2ecac10220d4c03bfffece62442d4518803f46046353563d0b110013e85693a8402c0c642852b2b1ff32dea6dce7d1b24231e03d718cfd59d09d43bf13fdd0281878f2fbc01f0833b3a399a4434b910f81eef5f0da0c12f103b6ee6b5a28296423c9c131fe3145fac67cb0e886
146c06972da9e6f313cc1c346fdb9d0cf7bdb54f4c8603a8234d895da5493440a56f52aec5b1b9cd3fd988924d15d1f692f4a0a1c08d962b686560482f5632e883c6f8a20807aa4d2db1ab31b85522038d20934d5047fe82506427be9746e91060b2937d152b674f04395d749e77e5dfd062c2245c6bbe37
0216d7a407288db20bbf54c8b3d4bb35d15593faeeb3804bf80d6ee04a6a202c23c5a4f37191c417cd3df1a6ba28112eee42f5fcd12d1bd96349eb5f25342802c1528e8269a8b034c0ec221a3a2b45323fe890437eab15337a2625131ec974bd57202c9895a69a96a33a4243828a68fdf137367a81b24e40
3889fdb8165f9291e0b87347be8795345b59b2577c1d117a6a1e7b424aed00729a328c621af34363f86bd65426351fa41b30b40391f23d2303a79c8c074b663c9172d6b084b0e625556ddb24bbb5914bc5cff01d23970e58de6d021df1ebb14f37e38d164e2c36fa15196a650e55c135b29c3c6a1c77b1db
3ecca4ba26b368f3cd47a40764007f2fc7520e3a397570ea3833fabf2a1d05ea1848634a631048ae5ac0568b620b2bee7cb0064ea28766a7518d3dea328c608a6ada4f71ce4887e4b95dfd23762f4a4b9ce703ee57359318c8e516e2ebd5d168a1c0df07b9a614540b0d72f5690252c8d0b3ec36b78f7990
299b35c4830664c3cddec8b420178b0e465c958aa7dbf2afcad75e867483261a73ea32fb4282ed1e33da0ad35807d8f9c3d0fe21114b417a07e942c836321ba5a2ad24b2398f2469c8ab3e0fde2c9938517ec13188a3a4b604d01d04947e4cf3e0b136dd980b6c023829d18704edc0e5939afb97241756fc
0d7ad72892f28010ae18351f6bc59d0d883308220a83f1c40b29b4b619e433e2fb6ae68b29517d61e620602c5e2c09702abf865fd0c6290cdc25b7320b5e229bea2f12a01b6ccc0f9b54dd1c17eefbc26800e1f1964fcdd20ce0064c520bbcff39a277d853c4c85be11061e317578abea10938e7bce4468f
1bccb9a2f93fda33adf3667fb83a8a265b79af88571c525fc8b0d6abf5d82542fa87e6cd644364e316803ad47d3e69c4aec909de5019b92e78d35bea2f7a3406b9578b70407686e30a665a0469bdd07e83edf19c567f832a7a22014c21ac54e839b2381389be171d281f05af97b6e218a0ac6026394f2e7b
2b0e9c320e6a5441cf9a8be0d157da1a6c9c2aa765fcf25513eeece2aa9621954aec5ac468d1d3ad39ee0dbf661f2af0d664726981edf1314867ab312f4c0600117f4a40bdae771bbc5b9e234aff6238ff4ad3cb13308c1933210c1bd0a7091c3421b3b07c51058e600d4cd4d4dfeae31339b4320229dc74
0a635f2eaef77fe3aba88468fde28105ede6507e35fbb33b915ea12e6340041ce1ceffe7fab2ec5013ea8cb5a31e22c45857fda02247c2e2c2f46c9925f9d797eff248c29a777b2e3874462938e9ac1aee416175d2f94cc734ec19c9b01159480e708d3b15f4af844a32e0c19e0daebd236aa962d0b9a529
102c7ce1a02211024097b7b3ec9faa062aad1a9ad5a0a1193bde462917e837b0e415aee6f7c0049838541d0cdf04151bafa765c1e1ea29127397494127965910c30799b29b75460b739efe3b6a8a830e1dc432055e25cf500e3f2504e7d0b4e013f3a08adf03f7d8f30b64dd4c605814e0f7aec45d06db2d
14000000045fbff08c0721fc92b6623abffffffbdc041236bd9d0822a39c15000000000ff001ab757e47efc3f83eafffffe31f0170b11e4cb2c53c972a000000001fe00183b9a2b30af8bc3d5fffffeb5e0253dda8bccf0db4440a8000000007f801bf536c126229963f57ffffdeff81011ad914a48000c1
003fc00054000003270b227e531a7504ac7a3df4f441216f4b15e386cdf20ece8b932d3706a1915526d44fb46708dfff74552592e33e5dc5b148c430259fae4f3795f5d04ffb8da0864b4431417edcf2e75f22d7657be1ae486e2fe23f51c357bb7334da36dd85e3463ab79c2d9d9ec3618d0f7d67791e41
0975b50d3a1076b1c9cc658097906915465da32d78c320c3f86f99f9d66b1bb94160b4b63da177992e4fafe0463557cdeb02690fc216bed737f29a8d07628f8f2e5a0680bb5b78ad49063522cd0778039d20e0cdde169d1297de28127eed997acf9240d6b5fc8d9abb144d3a6e6b0895621794274e8c6bae
09f9750d398cb6b014db220d312d6e06c754ff04b537a3438af683ea7482188384f7984713a22257a6a3377ef5397dab1b35ad9d81383d11d300efb2102221f6e8db1892689fe2310b8a6e334ed8c0a19cb233db44b8f66d8e0a20b235c3bd39cbe2a8266c62e2cd50195d5a009ef575d1a692362a1db512
10aaae96bebafda25e48784da5e3d321d1d02939e70d40c1f0470e78ee3921159324ba541250d3c1075b73b42b17a8f476298376f28923e0d756ee3a208c66bb2e5ae3b215d438ba96ea9404d845821a4e9443dbdd6ea24f7efc3d8ccd60fd0aee61d1cbd0a065d58a33918e226acbe182400c2dc0d7a549
2a1e9b63fcbbade26052312ede2e98016245e1110206617a6f8ce4b8a1a6237fb2d670226493cb73498081c1c11a0e4a1212054d6359ea076106cf970711ff608c547ad238ee53804f9b9e245e7ed07ce321320412f4d13a4cea18a3bcf151b280b008961c272469fb3deb96b5d9afdc93fb5610ca3eecba
0428522e51f4a1c14be874885f31a20e2b16fa83371db1f2a630b1311aa93c2a789ab409f7b283dfb22acca22c1647e8af1e0a27b274ae182a45ee8d0e34c5cd620644c23afc5c962fdcba09418a2a8020b3f168f03a035fb7611c1150317ceff771cfd71d56821c97121f770ebddefb622fad2e522dde6f
2bbbe5610ecc71926b62fada06c5fd0db44091357a30b1148e4cd7176d66260ba0cf118d01b0b4d95d1cd504e72da25a7714c1e3325ecf29f82d085609bfbd17533ac2c34d5d52bd173d1c115dba99d66ac083c9cec76b8a1fbf2ce2f934eaa33c911da8ab3694a44729223290d628a31346ef0a2571d963
0451c2f788814b7327f9cec9295b4416d82566f04682c07152fc4ba87e883b328c933f4e1c02d0b8656066202110599874d3decac3e5f41e1c2f6f921ba4a61c53ffb5029e980a27ea8d7b21a5e0ebc1eff7f06307d8e119627d18c1687e64c44590e8768f66644b43182504f5bb7c6e62526d718117925c
2ba9e7fb238ae461c312b37f1508b32a3107b26c922923ab293243ac27e03295b1770416da51b0e88af50d56c32191d1e439fb22034046049519c0500e0e274a4996ba33b6fdf79b2c933d1cb24ead3cc0b2a233cdb7c60a7a071c8eac1bdf670143246fb8c3499d070dd0242c19e95480d61cc84ee705f4
28bb08eb65873e012f59f0f65dad482750047637998cf332af236e24ccc40299360f0bec4f13b675448201083b3008f5ea1c7ff261debd2f171b0ecb2d76c57d0a334133ad919fd907b42b3dd97b6c82fe3ae354077adf453f611988d153c5f7c211d890ce10329920111d575148c165628390ce7173fe0d
39fab05fb56dced0595cb647577842068ff672f410d1c1a8e8e3132cb35d24a8f45c4576cac36117ecf7228f5716a2fa322d28a692ca5500c1401dc51ab68db12bd661b0e034f7b55ef57923de5230dafc4b80faaba10202e2f5309fc94f1357ea6158bbd5eded67e007b0ea84bdaca941d5d6b7ee6b251f
0041168fb900d243572c926f5a891e08f3f956d79824b0e89135ab6c445f13ff8d7e98809ca0ff00381ce6963d144d11ef27c71113f7d579ce4ebfdb2b5ddc535f4b8272969f0066972ba703efa81426c673234cffa4fad5233e13da933c002a9b00d2ff37614959b01db50935e45518c355c519da034e5d
0d06469cf8b1d4e1df5ad9402d984a080d1d37d46fd7009514e23c0a22af03046e9dfbb1b56094d25b58318f4329ad9839af9aa962170eecb3df303e26b12696822118b250bffae08ddca5225e673aff737f83155ea3aa77a7c91fc255db7a764131ee8aab512e85922927f17147cf3ef2f1b1f985898bde
384d9e11c7d77bb3cbf9835e1a18573154f6949f711ec2ee35f79e66e4e90694c66caaccf62317a7a8df630b3e08f1be8cc158ab33f342bc59d8d19e25b76c4ee284c452951c8a43b28a2d0a4ffc966792c2316ea724a1931eb12a9b431af8759b3071bb9fd099c95d131d91477494ad3212b94d43a67a3b
34e1a18c97254f6241f1a7b7680d1e341ae05ebcfa0bb380144162ecb760295359b0b0db48e1eab57f8fc2883320875facd29ab4f2e0c176d63a5da7175feadd527680138f9390e85b9f750c01605d83b2ddd3dc9806ff105fd12dda6d941cd95150c5b3556fe9a7b73b81b5d7392e3c50b646f3d65fa2af
23e054001cdfff11cc66449f24e9d121c1fabfdae001125833fe452a75a738f81500251ffef1259bf953d07bcc38707eafca60015037a7fc2b9ab20331f02a002d5ffed0780698cacc686430e0fd5fdae001124281523409f33a3c7c0a8020ffff017c66a9985285803c383f57c2200171323b5127421168
2cf8d45e1c8a57e00bc788bd85dde609fd775d209a38c3dc8cb0fcb8a92c3feef4982fac74902545d2b87d2d9f1bc1062c0b10bb72b4c24b4ef1005f0466732e8209f083ef78f76752cbac0070c56fc164041017e7b4d26494a8340d0c55f6d595e05711330ba0a7dd2a8326da0ba67b8046c228e30ef362
2e61ef99dfef14a1c891a455d409be1722bdecc477f59104c7bf687f2ac80c9743226a54e2c35a3eaacab7783c3313979bde9814025c10d4f0cd3bfb3089bc7758a9b0106c7cbf122425522e978c8f174b77e172542fe28ccad72ce4df12e4651cf1438efc7c1e6a4133a736a243d58063a2a53c57676255
06fabd470408ceb15619ff04863e6d263a507fd3972f334f7f921ce46eb534b514a0000115a064a9c7ea1c051308fb23175f6e155049d194428a4adf3e5f95633aad1e319c7cf178a2cf0b35b6f1f31ea244e0a9ded8a87acfb9390b75cc4fc472323bed8b0a3d4c1839f9b1d8d5bc41207f44c989f56071
03311354ac0d06c3a305ea38d7a3c82ebc38d676ec9ab301265bdd24707c184ed71605b9420370549845b6600f24d576cddb6ee6d2968055f8d515d230a55f8ba64e48c0ff94bde2d6811c2a963a2b48abb2909674823498dc732f8448127226a753987ea23e1b1e461da225e259f0e740b06c4bbceb1717
36c2800a131206512256d7d4ae3c10321dca288033ef43ef0b455d90ee4c06caecd79cbf79e20d84ce0a21a0d507dcb3f107020db21ade7d1c8b224110f8e24822c46d902f54c0713300282389ddd8fe7799f2984ff19d17bc6a389cd6777f306c73e86922b655dd6b3d075f484e09b3c31505803c78bcd8
14e5398de1928ec3d1b8b0e64164dc146ae6fdbdb10c02714d87cb2398193d7462036cf10260c987c493e08b6631116d937abd9df33dac11d3defade0430d041b6ae65c2817bf009f0c66c0aff49cd846b7523905b42a5d6414939e5d19a1f24a802a11b18032c77c90c3762686ce170c2f5c4b7f1ec4854
3c56218faab374933541e86406d26511d649841ae94f801a1c36c1d534f4253a77ab70fd7a1013fae4cf50d3942d8b23ebb2b3bb214320e0440ef1ce29d4984f08a61311212b3d1d77bf4736553b26692c1561d22cf7e8e34fec1cf11969e832dff1d2ab5f1b1fef80378d7547318125126702de409c390c
20e547e3199215b06956f2cd00b9a901471bbefd1a1fc2838064e76f41e7116f209def29271211067725bcd03519ec1cc668ebff20ed3177434f7a5514b5167c45e0b4524370e09c76e85e06a59806d0eb8d21198743889547f217a623d55f11e1509c02732bbab21f2a79d79fd3b44880805e7ac5a1b979
3610b4addeeb8fb0d6088ab7a319461c69533240f1a15035df28b45b2c0d288ca14580a3ed932e7a7bcee8380b306147bc32a5589132f215916efa881b42fc55f4ad00e2b769ea2620378525634c702767a8b0212f04b3cf26052e7abd5b5210dbd1d43839af858f1126f85dbe6117c921fb6412260b4c2b
3cb05971a13d8c00c4823c14615789040c22e40152f3b1ccc54dc6e0ad9b391fd31f03f2e4121bc45e4a571950370600cefc4815b020400e68c5046a17520c6fc0d2173131755bdc2d7c2b30f821cdab183653c8f0a67ae4255f31affe4fd2963a206d49719452bdae390c578df9a17403185a3a36a1fb57
1115ce4ecf4eb2815cca4340b1d72d35d348862d9205219d3e8f9e3991080b37310a10a76f23ccff12e4e90d2139b77e38c09809739f0046ef2864a11c214deb0c6fc781414c696d6f70d73fb9afc0fbad4dc1551259bd0e377f32efb67666c79fc038f921a50cb468124518103a4805e022dcdce418f750
157711fb76315711a4cf014b30b7173ca1e0031ee60d92cee2b834fa9c042fe72a356efd6781181dd10e5991293c67324a6d7e03015fa9e86d466d1231926b76fea86953eb80fb09f8b8ca031632f55bb99f61eb211d91828c2d3888eee04ba48e5119b6b735fe7a7a076a2edc340a8fe1560767533f129c
38d9520c88d9525021020c53dd538e3015bfd828998320a9d27c421ac8d0226acff58c7e173372f76336fac1a43b9ac489bdd71e63f05bef50c77ded17479bc3f4c33bd2cb9e9e0e313ad41bf3cd8bfc5827a029d3b9aaf9c9e217ca4649d7ee67423c07fc462466d4373feb1703b034b07ec17d7baf35d4
10d110a76e8ae18157155f385d2c221b30f6ddebb17a9095160990ed25c21e1dd1bcf04500f3abbd066a597b422552037153b1dd81d3a6031e55851e2e83c3c49856f0c05f0c511103479c0a9452ac9d89bdf203badb7c3a58923ee3f7562b5c430367ce47633030a524764f8f1cc03bf1e91c71a63813ec
0ed609231e55fa21510a7f6f92dd323a4789632fa2421008b2a48beb66c31a9176070ef4b25097d5078c5e73210c5e6294ca606cc112cba5c94ff1291f8f1d47293b26604319a83333586f16948f82500740327ca3b1c74a74840e13217dd8bb90d28b424c62cd11de1d14b94dee33bca1399454bfb72428
07c1e3e053ffff802765c07b5be9073f83e1c1f6a000937d07b32021707201f078f814ffff80924d25e7b290a13fe0f87061d000f302b0d238a3efcd03e0f1f029ffff835168f1f24e920f3fc1f0e0e8c000d080cdc7db4f1aae00f83c7c0a7fff8332bf3fe2228feb3ff07c381e58010243a257676f5a5c
251f8ffad58d82b0f6735ecb3e17fe31ab3713f5185d30ba059603d8404d0a1dd8c18bac28902d9bf73cbbff820733d313b48a1aa29e13541dae6e981b4e9df262f6bb334326e78f967f5f11e6f27436a13de32c00164b573bec037088e5b4235f92302442b5ee88e43f785216106fd3a18ee53c2e72e5c2
33f725e9b2205f00c9c6a9052ad31023157f3a7ee3b7f2646bd9c06ad2941884bf1b52928320e0fc5185fbde7a3a7a2307f25a9fc1819d975e151fdb116bb4c1eeed4b52ccf2defb73bf5122f9f742f9a9f4f172ecca2a00e08b002d47e5ac75f710b33e40739eae591f971bcfbac6aba1f43d7adc972c17
12cea984afddf741b73c21861b770f263b6bc63b19ed20e4fddf1690be8515416638c43b77b38c7f25879a0d531f19175c91c53850574fb508bfe70217da6fd911a621720d08e9eba863ed1fb782bf35697051a0c5516699132b06325558f19bbd22521a8a1e0b3b992489ce9d8eb014e3558e5a4c91df3b
137500f9220ca5c3961979c0727ad821fae635db036ca337364dff67fcf51c22e0586b6844207e7bb5164cf33e2a4d21b4270b89d0edea6610ffde6019feda46d648f39080ef26c10848af3de22112f9fe68039d4f1922d2c96c1660ee1e5a9ebbd00d43ddedae5c4d2b7e839b88b7b703d12c0bf96729c8
03b98dbeea394c41635ad5b13a7f5234f49947a30edfa0b750ad93ee28fb0753ee1793bfeb40a8e2f89f3142902c7e6974512d37413c96caf5514a7036658f95d93d8980452fd9cf577eb82511ac306f7b09500c551b9f8c10fa042774c440fc91d01bc603453021c0220d66c6872a61d178e2a27552dafd
0e2cd99bbc0e1961091319f1a3332f03a32df3e5038482eafca18fc742c8170a5ac71b8106523fba4b57edf0c30d298681ade121c0c2ec59387f0f1a2c675343e3601f70ca232a71598de9228fbef79a932f23eae51395bc44b63f275392206e0423a3e16e3777136b3375589bca03abe2b13a42a4298fd0
0dde8533474767f303b1133e9814bb33aa7678c789e1419076453add863406522f75751fdf72f7c3675df76812187dc30a7f96dab3a51859dcc62c6b29e13706814db33141a7ae52cae0d30513d0d916a9fa33206cb8f62144471beda36a88aff08133e8049cdfd64a1c08b821ce0a56d10d4c287531da3f
39a3f2fc6596ff11dc966b6cfd7591351d72c5e7d2b7b35f7814a38a88900da21c2ae9d3da53319477d70baa552ffc6613e021d0e3c81e9e5ce6f3c60870691d294c34a088a24b681280932e34795a64fecce03055f6ee2254c62176c89386277e839d737bfde8a987287b3a0b18fca38245aa66de1c5be0
22991b6f9a1542a1995be28cb5dfd83f9ee0242a2f6273501b6ae29b2ecd291cc4a19245f1f06a9b684e8232313f9d39633c6df662b6925789b090ce27fa0a39edf1c723cfc93cfdb4bd66139ee9ec8fb427417740a9ffec68703b91c7bee18accd279977acf4850fc21c76ed3e2860d7380ab93289b1599
2773a29bd5fedf60c1aad463bfd440119f99d2b6475eb2e038f56970bd7f2408a4691e8bc5c23165a9fa74737f1e2bf1f7b4b455630cbf491dda812a11dbc1861159a53145b501700e3312096002a8b5f33ec28acef17a886d1e36b6420e88e96311e427e4938df28826df4c24a9be68c0d4fa359d4adc44
17f7772b7dc96f81244e521a3af37b1e65dee73da735f1a8b72e480d8f5302265e8f2d31ca121443038e16e6482ecf9e43631d45113180139e61e0aa345e47c3a2b56a531134b351a9a00c17f4a438a1464b43a64d708dc9a14a1af9d68e7b50bee05a5d410848113426766cb6d4f04c90eb94e9cdcd33d8
1db6932e971e595314bef6967602d53a4e66dc15db2002f90f1ac58085682468a31a382d77f147228e6617fbc62a530c136ef77772e2f6815f3abfb9387bb1757193b3c23b28554243c41902ca9761e2109fc35bfb284988663e00a28d2afed84b0101ea182ce790f10e3a958b7452ad604ad2bcdef29229
34d752408953e4611c32a75b8c7daa2eb9c1312fbf755225d007c153b9f5361b090dde0f69a26abbcedff375760d7bfc192bc335e2af037059d8d6a12a49572beb43b872afcdb5e6651df4290805b268080c4286875e9e5b24c0217802b717363680f3b2b2bdea799239776a01596b0c70aa30c7afd3b10c
173a08a6de2913b0ac06a63f960a881467e73374c6ee62c0db2921e6d8a60e73509c26c676306013eb011304ad36066ce447a9d280e6a3de5da51b6d308d56df41bd2160223dda5a12c85904d749eaefb8195069c049699e3e9a241ebeeadac99eb373615df3f36a9822b7177e1893ddb121bde5993a43b5
2d453ed0462453e35b481b2a8abd2f179bc1577c3ee283a5200b6556431d13cf9c27c42894d1241271cdc5a3e416ff07d5717367819bc3220f08ec1701a0b6fe40ef1260aadcd43215ddb337be57bde8da9e82d03354d6cac2b90e7d2806c6fd2d50628cede259cd021d5f09a5ff09a302c2371633a784db
23e007c200c05312484f506cd987a321c1ff83bca1fb9132564d01285c1938f801f09e1813f1e63138e17d37da38707fe0c2d07fd0ce697c16b6961d31f003e11f5028d3cc6271c2fa6fb430e0ffc1cbc0fe92450dc1ba1bd81c3c7c00f85d7c0980f3189c70be9bed3c383ff03e5840f1297eac5678ad84
000000000000000000000000000000000000000000000000000000000000000000000000000000000000000000000000000000000000000000000000000000000000000000000000000000000000000000000000000000000000000000000000000000000000000000000000000000000000000000000000
3ca729f5a8a81352b248475cf7579c3ef0902c2edbac51214770280e012e154e4bafa4ee5440c7d277c003b1822e12cbcb61375ca1d21314e847745b198bb485ae3647a1aa98ac1fd717531761cbb597ccdbe37719230b46d9851ecfe5b575e963c1d81452f6601bd22f8b30952c9cb6e3fcb94f85ab5c72
17a92d55f378e560fab5baba14f09a31009512bb471043da74b9c8b5268c1a85c8a29161bd111b8475485530e030a95863f8db0bc0899fc54eb4e02c06ee70de89681083178a617b2ac0aa005cb726d7ddb8e14e79eabbbe879d2278d129988c90a2f704006c5604261fbabb66bf43bd33e1c4dfb1d787bb
1007cae430c91f9300dc40ba0a4bd327bee072784c51b038fa9f8b5cdf150e4806584c0794d2588999965f6a2524cf7f3b35444a236de84d826063ef103c7ea481a5508217489ed3f9889d015f93015b9eb82259bec16fb5e18c01d0e7e690c089c3092406535a6df826301cd7b07282f27ff1da5a91e34f
3a1448bc342220a3461c741f668f0030843ee805023571dd37c5e5c833e81f53c7e174b7d000244c291cc545971d64983269a88333b03b95f9e4883c1ade064a84440b3320ac2dca5089e2043b228867535f70ead0b168d41c383708bb260683ead1508f3968c0610f2cfbe74445f974c04c811130a1c2f2
3c793737a8e9ce60b3bbdd6cadf4332d22fbdc1a38e910b93133cdf90448301e2c78231e1eb13eff0a0719be232fa9c76f19985ac13cf936212098473290d31806710f317330734c8edc5338995100610d1a4094e7c1c97800b006266b3ea718cd02af683568090b5c17e1cdd5fd508fa3eebcbcc656728d
3619266b5656da212a2d5d0db28cdc24958f6a81fedbf223562d580ee29928813cb44a5cfb03f60c2604b1b251051c8c2f59551b22b73bd2549e3af23b1362f511f79fc2f6d830aed4aaaf12dbe294c73857b01b228d91b53c511abdccfd1365c642e956b45c09a0100d11b304313acc81321ae52cd517c0
269474279900fdf0def9ac8477cba4098f97bd1c4c3ae18405cb6bb35b0f22ce46251a3022a16dca70aaf41f7305f34e98e8738682aaf97fde04542e35a02de4bc3c1970bcd9eb6ec94b9922ce08e85dfd7873cd447b034e434708e332946f490391dfdc6c6e584dc003df774cb537eaa2f724d9d79f4716
324bfc80b41a8163f57a4707d675f208acbe201dd48af25d81b8e817f1e636a82fbe3c6532c317421a071faadb2ca7e502296be5615dfc08a50f87eb0c3c525e7214bfc1d17f92d277e67406f706fb909e7681160e5ef28d9264134fef6df773ee02c0c029fd1a3b5b122206a4c5772582d18a2c20e34f54
2f844b87914c0f70b5985cbf2f47913c0770301b6b41731ab26b77a574771ebd4963970059e1263cc31093e4e22284af5018d2d593c7a39f403e2d2800cea4b82a24eed1789772abdfd97a2fbe11bafb3703822017b683f27e841e1f84490163c0832b8ab7a0cdf743047d1bd636b04892b4273175c9e9b6
1b6f68cf127e0f6313879861b5edf630ddbda756adc1d3b0e46625ea3da50a3d921dc8e4da4324323b22cbc76c303a53cbf8f0273266fdcbe51b801b0f1b8f4f7c0fbb118e056f62dab65c027119d1693392f04664de95ca864a1367eb6316fd16a2ad130c075d02d535e47fc64551e0927ff6cd4b8a1489
163421f9c26c54b3d58b10a2006844170a0ecb7b7f1753f8a5ddd778f1fb09ba684d2d6dc3b3ad925242d11a1c047a03ca29b7ba839aeb5ce2894ec7018fd3fb34b66241b0b41c85df946b0522cba6e39e619296cb5aed3375c73cd08fe4850fd3919ed1d4fc4b25651aeb18764d77a692c4067487ea49d2
0974da21df5987e351cb9c63fc1f2204afe8f3f58059d2f7d9028d783e1b1bd4b9cea8549532ea05f63f3e0dd4353c2c286605b8d02bf5f0da3a9fb119091e720a5362d12951933547f9553aa3422c9c8814c048e9b88cdc4d6d361fef8cd0240d818f04e4822e8dd23e6746978c53069166988016e1aade
2cc1b3df9f3b6541742f416b8733da01df3cc04dfaa1d2a8b4a803ba92a53ef58babffdd9893857367422855852e2947d762891f20c98643a49591de121c0959bea01652fdbd946a10aa8f2a6a758df6866db1e342061787612d2a00efa2847191c373a3487a27b04b0a02aed72e92066224abad528bf478
21af75881b6f6062fa03cbe92e898e1c45368b1f28e103a00630222c653101bd8000b1b67d418d91a8ff1006251143ce6b805b587060dd7cea942e0b1d1f6b9ea09c41c3ca62b48e1d12bc0f5245bed80785405ed2d1c336d40e0b1066858f1d2cb2c42b87d1f59be232163a78fb421cf1656e488dcbca56
37c1e3e024a1e310c766e2596a23ce0083e1c1de83e2832b07da2fe632933df078f81ed078120e6ad3257cf5440020f8705ee0f901ee30dbfca5a0553be0f1f020c0f111a16982e176af720041f0e0dec1f18257cddb63107bbf3ef83c7c1dd83b932e842835ea5fc700107c381ef07d01b9625c497032a0
000000000000000000000000000000000000000000000000000000000000000000000000000000000000000000000000000000000000000000000000000000000000000000000000000000000000000000000000000000000000000000000000000000000000000000000000000000000000000000000000
20afd50280c80be27937232ec8e536128614775c8d134107f3103278da5425ea921e38bc8ea0a87fadc7737676125d931b6ad64d23c63d85bc58f5c82ea6faa0685127b2ea1bfd8703237832ad037173aee8a13dfe3dbd1a97ba2a548e253f20ccd0c5cb6add2d13c12b6ec9c43a663af249ddc0c6a7ce10
20afd50280c80be24bde33116e827b0241b08043056d70cdaa52ce5706781a26ce493dfb2e51ec40ddd69bf6e03688ea4930b0fdc3f1be759c114f342952389504c333228c9fd339b2213b3ecdf10ac868b51005be0215e27dd93bac13dfc5bac8127a5d792c9472652968d531447e7121854cbe8aef270f
34739df740005a9311b62dd3737b5322c3d116b7d97702bf4b75032af5ac12549ad4c41aa2d320c02b753e092e13a3975c06635f61e67731eab2bb661ad5d039ce513b212ee804cbe35ca62ebdbb607d09f050d36d7c7345b3bc2030496cfbbabd6147fe12d228833212b6fd80c79a31905f26fe332cd513
01715d3044c11060ff02ac851fb1350bab17098cf011826ac3844d19cfb630325dcb9dd953f1118c9b50fd99ae1d399928f4dd7133cf25351c4c200a03b0e9928b857ec1f651339ec631000cbe55200fabfbc3e0783dd59826f51cab792ba0ec95908d054ccd992bb907f9eddbb454d8c1fbf4bf940a0890
1d720d7ceaf66f405f2d21cca95163199ae5b2cd2c6b60fcc1576bfe82392a9f0524cd53ed33cb744fae3a139d3c178279be116bb372ce5c30da00e624202d32b85104b3ee3d1f7f4acca82f17b29737f6d45172637f49fe6a1204b36b2503566d4335d83d4ceedb492c4e4678e0c5e563b4cb02cca89119
21f93b9eacbd74d223494c12a07b1a30a71d82e90bf570f76b8d52e5da131a8762ea74124870c3d6cad873ea39274a2181a1b151511186a3b8ca9be72640cd6ed5cf266254da5007e861ef0ae141257d50eca218604657c5be3d2e0d2002f75f9ba1e9d85e3b75fa901aa1aa42288e003061381ba7d4cff9
335edf89c4ea02124eb608edd197070985523b61092a2052104e1ef8baf125f816859e15d572231299960bf3d6369d0cb531bdcda39eeae65e1687e134219c90619f2e735cc8e3c06342bb1db21d92a69d3453e6b358a4f6df5c150666c30033bad2fc87ffec225a953769667c8fb3a902f5f250ab1edec1
0a45b670d2eaa061be1f5f0806ab830cef8666b5b508214e7309557ac19a22107424b712c911b54bf47a6192be2e604e9607e07010092f5ea861fd7502b4279e6920b60198767b0df524cb3f844b7d2712c8b241a244cc813bbf31a10e4ca6cb4ab0c11a23b8aace612efe535c0cd204a319deeeada6cf57
1ee509403c75df62ca20aa3fe9c3c325653e783890d3c28543009d0a817029858a61240b9cb052241c006d22161186809055a0f6304a9a1a6f03af24329a5fa001ce9802198ce681e6c2331acb199f63f6c3f011f551d17501cb24d944260ddd16a273975047470c9e11777e1048b58d20b676754be0dcca
12b9ae29b8575ad31353d432a7150411de2dec6b38ec02db440e6046af450af2084af02851d359d050372c39961e5107dc4b1ec932ec17c4de341caa3c8b56b716b0cd6350f153e2a894c71c14b04148363371d904738ff62bb41fd062068922dc10a9b2c35fdb648a171ef3e9d71b75c0b3e0cb36ede357
34594831f7327e22ee11d47acfdb292aa762876b4f4a53a76c3a2fabd16b20f3662709a2c972b15782726ee6782306a275f797c110a9358fcceb6d1a180981d54d8449103a25bc0cdd4414106323ae7db195319dfbfbd5d01f48228ace77a9b8e570fdb95794dcca1f3c1ea76b0ea6a9e160c387af0b6f7f
03d3baced2a198f3c9180cb64887a9183e3d399ccfa1527e2af7ca3517b800962696207670b19086d504a5bdde184e55d747fdf621f163f29eec4ac90b9ddbbe9f5ec0e1d50c970d4e98a40232b59b13cfd3e1cd58c4a6793c4b162b9717091ec991d77aab7e1ff2811f7b19bf0b39da02c0da980e8217ad
1fb37e853691fec1bdd42250295984238fec4378c53dc23e8b882e4997b42fd0ba2f6bcbd1f3b57e92296f79860bc089eb88cf7e82e0e669b13c474d22e53fbd0956503326a5f94a3830190e4d8e7a9a0c9d92f257e3b3fc09e427670774cb4d8de20dd65ae0d12d5537baec64a106de32a54460ce2b8718
0aedb1d59fa8ddb31d33f3c150e78b31790e922cc9bc41506b1907df474225604965129bcfc3228d9fe4dd3dc804480a52a662ac70089db5ec9b80ef0154e080a3b08c20719df3f315754525e8ade5145a90234ca5d5cdb322ff3a15be506bcc6d637ba8f9938f46aa1496db2b6d226b013183f071e45106
3ffff7c200c00690f486e475a7f5c900000083dda20011dc9a2cf2290ab33ffffdf0855800d33d21b91d387d7330000020e3d08052f8fa7412d5c1c43ffffbe10ed002927a43723ab2fae520000041cbc100929a2fb1b29c2f693ffffef8409bfff39e90dc8e7b3eba380000106fd840303ec72854a94357
000000000000000000000000000000000000000000000000000000000000000000000000000000000000000000000000000000000000000000000000000000000000000000000000000000000000000000000000000000000000000000000000000000000000000000000000000000000000000000000000
19562e8a12413ba3f2cfe1107dcf532a6c8362e22f2f6389e47027b2bcda07b0754a11fff4c333bfea9318f6c325b20d17b35d89e233c9faa6c5ab6e2c589e20089bfb93b2a9cc33adfd6f2cae469d5df8b2f3ebfbf56caed8110a0a10e96729fde3026aae0771c3e63746dadaf46d86531db2ab7f1f7a73
18b13c401557f713ea5f622d1e677527fdf953d94231727e98f5b2d2c5261724a4a0fecf37c22c8a55d085ff7733902b941fc96ad1c02ab26d01e33132816bc8177e0a932e169ce0d709701c78c7b0b5bd1ec3dccd580f0d08420e1ea6ed4a94bb5341ef27d5ea4ac409ef05b295769df1085fa213aad83c
1edeca06a4ac6cd3f63daa6119cac21c40a1e760e43b81776c235affe3561680a5c8e4a3d2a2f410078bc567813895cf57faf1c651fdf7c4a6c2b7ca2d7014d338b94aa386cbbd397a10e018623dc40743c4c21c95fe163759523cbb6219695eaab2f0a9ab372648fb0459b9dfbfbaddd1abf80faac89f13
2e01ef459db53ec2d74f3389d0f6670d6e5c71ead0525199f8222c4fdb052a47bb90191085510cb73bcb28d847225ffd63d38bea608bc9e639e3376e127cc2b5dd8aedf28a156fa5b389182cf22dfc4c8169d14bee09304f98c92d6a5a6603ee6eb213c402e040c569042f351076750cc15c997aa7f10022
28847af15a9eb86154abfb335f243a1cd5190a340f5fd2082e431660272d1d4b5d799f24d310dbc79c4f735620069fd97872c462e2ed8e012e6fdb31028ff55513f497213ae44c56ab2b973f5875298e8a5101b633348dbba620335753a60dfb27827e116e8ad82aa10cd90b54a019071270430e638e5856
0021a6a9126321224fb416bacd565605b9bb119e2bac10beac85d38feb880572f32b916e7f11073344c8b0a7be19952cfab2073c01b2e1e98996c5043bbe60e7b3e13642573e711e87275704ca6e1be6360a61f0874b96b21df93bf523467e352f93647f7005d87cbe0a47eb8f052aef73a6f1bd5881f662
17a8669f34bebf028a13b422e85f0f1d208792c7f44c73914d3e84f5d9cf2b22632e95cdb1e32f5a3e237c92b30e6eb164973a66339310591d1994550c5dad79904900d03bb77a3d6142771900b4d9c15915b1f93c78c7f88d460408558d660e2f23f47e9fe3a99fcf106ae55af54f53d390d7bfc0be4210
0b784120f06ffd23c4510345f5c1fb366043c0c61f54421534d1371c7ff0346eb247c6d347d030f0ec605ea4cb0e65f85b3d88cb52b65a1afb1fdfac26343b7395581fc1b13be643bb197514d854501aea146101d66c8c23107e14017435291f0e0236149dd076bf83257c6d725a87e0b3e7180c52efa53e
16f1b3058b012a13b7ec03ce65245034087257eeb06102bc4d7bb5b7c7fd3b13c166594be8a06d066cedf95e681c891e2825e917909dbb2df80fc3122ca55a4f3cb85cf2e5bf79bf4d2cd5064dd5b6538507d2a7bccf3e6722130f6bad3dc1cc26025614116db6267135c0c75053d742c14583a8d5c34f5f
3e2640c83cd6d02377945a73489319089fdebaa0e7f591bd87f55d7bce8d148e6d05c5edbd7327a74a6c60af4a203792c767bb8a52f699e2c03ecb812738e238c1a4a2d082f980749c5f91302df17eeddb83926dc0e8529df28e0a99ad746a420ae1c0b63f3159bb663a2f8b549ea978a20dc79deb44fbca
08d8acc17bda1f12453aae9c68f1473614ab3f7ff174f21c9409b460e29522bc8d1c6a216fb1e79cf2eb4966631f44920e5209cdb0a42d32f59fab3d1c98dfb88f6f0cd3669b87ad7170a13f383bd7982daa220002e99196df3b2e4fee94a1277a40fefa7aa5ec2bb038bc4c158a45c1821449f9a50ba7db
3f40d2ee2b693950539806cc51d09929a85442324653e3f42ada28ad51e91d784d9c88995d218ba4d26beba092398d5f2706783c02d489466ca068581c20be48c4074a211280090de2c58a3d7ec5ca7e5eddd093826dbc08a28510df0e07703fc7f3495d9ff0f32ec010af231740fd8ae2fe62d293d855dd
155c325f203f18236e4471845a40a23d330d06544777b0d6c19ed818e947078654c379daf211dafb55123313ec3ba3540c8c0eec919627517c156ed229a90adfa753d6115681bda611349b37a311bfd237837201c1aee6374866000663134512e250fc2cc8398b2e1a2e1f1e31481e8c8235725e0a1af449
0ef0b63b2e252a42983edfd19aba9415524708e79cc4b0127a8b1c065b573bdeb081e8f70b9382bb84d813c86b3a6fac3f3da7cea169775a625461af230bb683d3d4a611ec9f8151d915ee1722665500e563d02f749b83f2849c32c8f449ebde3a02ea35fd7cbb25753713d132bfdb2f03f7d4391a9bdf66
3044000014a1e3106ddc3e1b70d88300fbbfffdf83e28070a08473f327473c1100001ad07810f8082a160f2271003eefffdf20f9013f97068da8dd823822000018c0f11374a430c25909cd007ddfffdf41f180fa9a308516f6193e0880001bd83b90a352d3ae54765d001f77ffdf107d0362157191d0d137
000000000000000000000000000000000000000000000000000000000000000000000000000000000000000000000000000000000000000000000000000000000000000000000000000000000000000000000000000000000000000000000000000000000000000000000000000000000000000000000000
3f0646fd161ab140eee41576545bad0ebf843ad3a32f42a3149bd6aad0060602bf356a13e5d0aeac4abc445f1b3bbcf85381ee8150c425e96d954d342bf387ed4c458d92eb335b21b980001e1805c47ca74c5015ab5d6aba82e21ba09281cf7768636b00fb8cde40c92bbfd5abf4ee1603b587f3e9c5b16a
09b5c39b22269261b7289a8c10cc4010741b7c231e8f403ac45abc50f5a237a1ecb0cb8d50f332935d494bb33a3650e1d605d58ba263023eb0b27fda0bf7b21a2ad0df03493dcd68a3f03f0dc76caadef15ea37d2ec1bb146db01fbf2f3e2d94b2b03a950f5f8dffd728a9daa1d59072a0301eb4c738b856
1f4ec332de35a9d08d42c02b8466ee02684078d34ef18139a3ec6f2c99b82c9e197156b18763903edb6b7ea0cf004f0b171bd9d092a8b75d33b536560e8d3b981f114b53ac338e422cda6e3b4cae5a5326d130d2dd5d1c5c927c352b298eea7fe8e06c7a31dd5986a1292f75f006013f80e36416a2f916c4
2d5aba3a809f9271ce5f38115ab1f43e2405ebb1b710e202fd8e6afb7dc010062add2a2a8cb08f235c38a6be53265f68d8e424c3c301caa764ac66991702ad7e31448482752c0b2522422d101f27ba55d24a3141f35cd405e8130fe16a1464f9842219c7a7676a33be2696451a14e92a6375c7b2718822fa
3e20a0c1bcb280a31c4d6e72e326ad351b14ec06ff31d052bd4378cd94cd3a5722fb9c0f70435d2116462351a535f935234ab4e99141cf031c270bf418544a543a634a53a7d07edee4084f3aa698b56597d5c0f1499a28b9769f2ea9109d399e8400bcfddcb4bd377201ea8fe24d01b62095a5053ff1f1a1
2d1118e8e4e391339ee3bc33a491180032dd22aa0cad03f8d882bd8984662014c7b08c425b837b8ee341584f9408ce1c1f46e213b3f8b5d44dc8f835171d0f105b6ae040a1a8ca61f3bb3425a0afd38eb05331fb6590c450fe8233c6c29b80e9238114e873b1dfbc081781277867e652c1353a502fd125cd
24331a57e9f2a1c09c605dd3e5f7001d2d0a9d68f113224d0e40d764f42f2acdb38525981393f010d80620c4ce121bc439d14c73709f85fe476ebebd04da57f695b9cc43384164e2d6cee70c27275ffbcd46710eb12cad2806f30fc30b64316c94c044c1eb4a1bbd65150e19f123dc4a82e1d9b6f83a412e
07c219c30ed1bd936ebdb69b5761b1170e2b5ec35f40f309a4c432bd113618f813e518e693f3b1c16b644d85e602593de2919bcad0e9d4c91d23b5bd3ab7107f994b8fb14bc63caeb148d43cfcd47423e7a48153127e14b77ccb2924382fe63ec630652a8d03e48cfe23d55e0a851be7f0852d07117d54a6
3574b7f32ab0fdc37ca42ada88deb93f90e8619fc7f432c4ef25a0997c52216762536ffd1471eb82b08e0cef981834ec4e0374eee38a40a6e03733070ead0ae48f1db2e0f4b0bcee757bbe2178476fb3399b5033234a74a9a6a6284ab12614c88560a672d178afaf03383cd28e21002712a9c3204e61dc94
0b7d98cbfa461861eab9f9aa04330f34475316057691b34745994720b067369f5ee494a78aa35d91a65476b1ec186a1becb3c7f6702b5b8fd546a4d906e5237989a4f1d0a9b55623f8540a11e98d79a2102fe39e49b4f518d0ff2f8a399c489b5a83f61a18354cca9e00c6b101f1c4631026da7659c7e6c3
2217bccfa02dd721a6087a9febc5d806aefe64a898de10fb7eb8aa1a3ab93202e881cc9914239d09791c9f52350a5a3e96328cae926bfc21bfff25df1e62b0281d5f81433be2ad14d7e153084de5fc0cab4001b360685a75a28a2026c49f9d34a6a24d6a6b5e8b7a3e249f762cc6b230b00fac396b43fc75
0229f5874e241600e92b4a141a05881e1897274d4de9c08335c3b9e4cd40284cb0d0d9936800120022994c02e13fbe6a91e3436b93cf3eebcc9a97f11fab4bb61488d673e3d8f18cd95e0b1ff43526de59a5e2add793df59cb17265c80ce62afe46012cbff4d5c6b2e2c86c67195e85fb17cb9efc5b4fc2a
36ae68ce631444430fc77d7930679c0b9a02206ce6d381b785dff9421c963505c9e6504c5700a9403725e13ebc0dd886ea555a72628b3787b914b7e731b47fb5ad7744c357ee55f7cebb85151d2c1febcbeb00d69b771e3ceb023497d9dacdedabc038e8a81ad290b13452e76269a580329bac375e1a9a7c
2f19ca97ae493580151a9e30e3b74c0f7e3b8b9d98b433656101c860c438396e56724b936972361110764e86a91151835221bad7b1f012e3ba830ec930c31317a8eb4a006c838eed8ae21c0c8b422b3d781791fca458d4a428c82f6047b4a825f8820cd14aea3bbf101d717e109bf21742c75a076c66b29b
3ffff0441cdff6916b103ec13fd77d000000fba3200170409241af3dc5a83ffffc110c5ffcd2e337c5790a8c3f1000003ecf000100339375dc8c051a3ffff8221cdffa93f33e311540894a2000007dbf000102e2930f229b454a3ffffe08949ffdb1036f5937bf399b0800001f57000102dc13a939426503
0000000000000002e5c77206c345000000000000000000311e16738abe420000000000000000fc6190c43bd74c35a1b1db88c6dbf0a3867275b0ff8300000000000000026200622890b1a30000000000000003cb41e974c9d9fc000000000000000282f8077de918db3d17ca49a68e5f02d5416edb6cf953
37d6aa93f0159153b7d50836538175388480a4c7db3af156677fd5f715c8360a1bc7d52c9b114b5b43fcebac2f1c71f2a5dd867893f950281e9e83153b6c03ecf0220f8296bb381be98bc42ae48240137efe83ade9a17eb409173f8588d5256b89320def7358878c302805e7b74c3bd89157acd7dad1020a
2e699bc5af69e820c7232100c7f1ff32c57dce8d26f983b886e76bcf4b482cd7309212c4dcc13a1947d261d39e0b89b44ad62d54e31858d9e66a1ccc043afbbe3c6fc9f1b15d34ddb894c316b4e4b57d109082e7e3e80066639a0230308c3db5eba0a81e4839bab8523742d2bb917436034f9932ad40050d
09b482d0f5e222e05fae64f99e0cd728346881f8295a83e8630a49746f8f271e44eef182da338536f49bf2081d189d0daa59db283380e795be2a601a2aa80f03b88f7000fcab6ce137f5fa05ee1d2174f5fa9281adacff6a0beb31409ab810fe4da1d0b021e49afd7d195f1ad309370cd2a07536a3471442
02984ac9120fb4b073064258a181cb18216fd85787ea1290d4d14a3b34380e74ede1bc0560c23efb5a560464e6316bdab033f91d6372e592d44d653938d404ba1ee1f1f0e9c73f3b189f0221c76aa99771ebe0687161d0eb0dd0199003bc3543424309188ee804bcef1df563982e899103a555f819d21f7a
264aa8aa2c83f1727be3db563cc8100b069b98f3fdbd626032402e9f4e7204bda339c6cdd372bc6f24856c19df1920ad97a11c8e71bb7129bb9680b7381864fc9f30d0f241708407138e65158a1421849330c1fb8df5c40bbbe527598e08f0a9cd506f0861f7d2251712938ce001606350e70ad47a75f1bf
0e2cabdd9b4250819215b867f731063838a361491c17e19162d0e3bcaa4f08505c3dfcbdfe536cf92954f57aa80b37792b0fa35c20ebae507a311c9f19a523cf66a858a051401729cba6c935b2770bbe730390965d0ec03a388d1d61d69f49d10250d429725fca03b4256ef7bf162df5c005c8911d9f79c7
3a2735caf7b76ea3ca9ce6a89961fa3cc473eb0d883292ada592af855400341ade58f83a26233e1e2f893cd8cc08ddd6b5b523b5915a2df563b6342936d51cc0d2261d22b81bae2d21d1e207b7c4e2307b56301e69a2119d059d27701ad0bf24ce12d51b6078a8b0953dae76046d6cdfa02fd1d72a511aad
1e2245719e79b6c27fe7b46f95644a0e7ea88cf0989790a3e3ce099b9dac00beb1b2f72602b397fe8895222fbf3afe7a6116b28232ed1f3f1a07836510c49592825a96c267c3d89177ab5d35ac4ab9ee383cc296d82626a383c32678866e32be75b35d0f16a4915fe8125b3b3e3e5ae522181b7522c76483
048d1c58db9ea16212cda49e8454053c85b57023d5f100b1038ef9e7cd8b21993564c7f5ee63ea372ad9c66688107c214459fc5320c8560456ce1adb054dd09510790840498ac514ae6cc12a683a3532c59eb16fe25fb21d8b6e384b25d75f9d79c11971349c76336905d962b1bf881d81c34879db82a7b0
2e2beb2f43aade52d80bf0984a28b60d270254f7fd94b34f912d0983be0b2dc9a3a0c38202629c8854b65c74a312ae0c53431708e1646ac43b3bc32c0c8669bf288ef4e14191b1d7d281ed055366d452a717d248c7c8c8e5e253273297573fb55e02d90c97f3edf1c8119737e49f81ad436fef36bbf1dfc2
274ce100b906f4323c18687c31134a35506c37d8ea2aa148fe2d3c639bf9202c5be2c4cf6a731366164acb3144356aac7748869163e00ad9234498e30dbf24cf0d3903926d98c5ed9733b102d1af35b3507d238df1f4e9be36ef2cc0359e855d04335ae391225cd2f332270ba6570d4d220f8efa9d6ef332
33612c8846d454b03a492fb19e96d02f554845f79159d2ae769f434d217e25b9afa7e61d530373ccca8af242b4104b15334ecd72130b33d4e5d306372890d307c7dc2ab1aaf9cf2fb0d3883ce52c929cb899a3214b35476b8de50c351a605be7c2d2da1bba3a50a84c30a024d7ddadfc82261e760c9a3b59
0666b80d3d58f803f6fa2084f1d0a9067a212e9c171a21781ef53b96cfd8296669b0375cf7c2e24429c6a0d9fe04e0854c7e0e15f0676b3bca38fb912fa0a0a8dded6552ec79703f847a512662112ce9cc5ad01e96b8ab0c74931afc9cb6c883e7b113a81ef1977d6f298c3d2090a4bb632822163e38875b
32863a6d3b464da3e6439b21acaf1a23019c04e6f5d7022430514a2fa84514cc3a5974cbe6b3e6ef13389df24b1f11013c07130e42e86712aad8bdbb3ce9c7d468f2eb9327b0fbaeb3489426d6e11303172063d53d15fcaf991a30da1c6a1b870e32a0020bce5b346201c8b3343ba6d7b1b27b7d52ae4b44
03fc00001143ff02da57d65130924b0d2974410191bc023f9cf5a86f12d32507c29d52247131be69004ef4bbca13121376c02e3822883418fac306873e01ffffe2be0111ff8360c649855d333e79d99a18a631fc4393730cebbb39a0bd9604a3eed1cc589603c0f4f01ca80b896f268bd3f4ef83c5706dec
0040000000000001c222ee09e97469287f559b43f4a92133c3a028d113aa2c590de11f9ebf7009db4ac93aa96f05fe4fc1506a91d3fe0b5c794baa8a05cfb7e50a0665d2a8ce8021c518d509eed2a1f4f87f735ca60fee31c2ac19ddd02dd100a6439066fd5385d7420cca570a9332bcf01ab6d5416d22d3
0526e0983e933051eca0dcf42cd5782ffa31060d0611d013a2cb640bc591165b6d702996a9a0bba42961d2ee5301c6b4b739028810104d50a64f3d36178838fc36df0f10e7294afd87f1870ccbb95379e4c24276aede1cec2d0b2c55e8d1fd4128b18e8dd12ee1b3d40ebf0c49396bcdb2bd22af58cbb539
2a511f67ad4ccfc386eaf5228d541a3ce3428b0bb36d908c7c8e420f306834f58d3003e09b4295dbc8ba73220e2e5e76b955e2c261aa114e49078e6f1ad0586a500f0fc17595df77bd01c93245596ba549a621ba19603bf4dfbd305acefc0138b980bc61fcfbac857210ddcd4e3e41d0319b42be4056fd45
3a775aeac3eec36011ac4975fe355d19f7b8da5b90d212707e7e3066761523a921f85e41e5307ac9f5ef805d3533c47a1027295b813f2225bb223a0127eae780899240426222742ad3f7a437d8845e9527ddd2dea1d825e23ebc2561ab78e6a6acc139253ac0d985ab0d480c3264ce8313a3c57c3bd8d4f7
2b8be207a531768074f4c16548f24f39db3bf923f652a1813f7525f8ab5c0d0a7794bf140d9021498c18a679e0116c2e66f2551500566b868257d4ec3ef84aa2a8be2123d4d9b39607833f355cde17e3c5d331e8bdd74dfd557913cd47c0499cb4e09eac5bfb00cc6409bb4a8517105f9302d757dff2c865
36cf6407cf7883239668669073d0bd2e3ead5562d6025390f10d16646dd00314043a549fa9d16c3ef559812b5a040fa19bad63b5c28e62a5e88a55da0ac06ef08d9234f3aa78204dcf09250660158c7c345131a2decd6b2dc43e2e32830a592dab71783f6d596bb8f72368572b81f90303a08b6534d20ae3
041c21859f2605a38920a1f5b7761c21740c42acafb6e19f439ae6b614bf333245c77ee789d3ffaaba129aec600d0779d60bd6944319535c35c29ab03579e35552fb9452d660564b1e7eda01bdab11542e9fa0d89c7076a5add2254f8b1961ff2711dad0a09b4c488314896f5991b3f1215a3815c26d3180
2519e552e1df4893f46f6a2e6fd0190454ffd839813503f5bb5ecc1074941a2eebd53c074542d4821d6f8427b23b310e4980679f517d621a613cf0de36f0766542da22632fc07f325de00b02278b7f4149956149b2a3271c441009f744e463029b42a4519c7154e65e009c437fcfb231136be18088fa7fcd
17cc3d255ebbd5a1df8c4359da6fae2599a9d4147a6961fc4da885446cd30d751f4b4609a831623eb91197bca92851b02672ab84429d1a3c3dc8553c14442a34ac7d5b819a26407b41fe6129cc767a7deef872d3f0080e06e89510cb65737b94b8f247af0b45df3a04342ca6531091a791e12269a181fbe9
00d8715f36b54193c50c403e7433490bc3f87ce26e1353088e162746198819f8e314ecb92222bf1dd3ef4d453d2dc5f9684ef38dd20f19cf272457a33dc51656c147119285bf5c5cd67cf817e050353d63f6a0a17752b78e5b39012de14d4228bc1372869509c2982c112e97488a6d295083d11029938f68
3a57c75ba07459a0cb92bbce3a80b739dc61d053803d30da6e4b13809c3e36c4012746067711213169dd543fe61b60a02506702e228aaebef789092e1b5924ed3ba91ea051008d15d845c73de89d304385694351e153464246d90cb8773a2ed0c5a3ac1435182b3aa8121aec9192140112ec3d7133a67a3b
345147d439e9f65256d3ed8142cd223e92bd2c7bee61d0cc53bd6a4837463804fa45b4694c22e9e90445b66041320fbdac331c90c146ea73ab629e471068778b534992b23028ecb7237eb52ca66d757a85ebe1af209a651793dd256c99e58d4252c1ddebc1f855b05c0270ce309a16b461e15df66a99b27c
1643e0de847cd3f3b9afda4f42f6cb2f85b888d4d41ce32d52ff7b152f7114dbd4941c28d3104e52543b5cb17a15094dc46a7681531037079c282d67249a46d07f997e40dd4e2d05ae4fdf1895fd61804faaa056a63c3a4ddcab1e91b4d387a7921304390aba6802723ff2ee07ccc9eed30d88df3605ef9f
1cf054c6a749bb90caced13454e7da1320635ef7b4a043a927e14f11573e099f0a5e93c64de2d2c8f15b0913f41de56efa971d1883561bfdaf75dabe1fdcc31cea86ba225eaa7796cc8faf06ca5ea71cef53c0cc591d436424893a39d7a0250d665286006ab50d49ef2e213bdddd6fa1407f1efc44a24f29
1e857c26c6ac15c35ee6993c1ad144096b8c58312e7930eb0799451e9bf935d56c014c3004e019e5968093e0e102cc1e33c842c1a110a1fb355757bb144bd709b6213ae372b31a31c5ecf210109aa48a6aff81d605a0c3772b3837d128205b82499173d51fd8bbde72113ca935ef7b8e627e8fd015841089
000003fc251fef735b93b90072dffb00b477a5f76beff16603ac91e59c682b186507523242730c01577424e74422a6b04a79877b316d3427538f0c1c1ffffe01ca6008d1bee56f6ea85e852e8640746c8d1c90b0c2fe791b7d0e0531f72fef617fc2aa47fe27c508de34ddbd1f9069ea52e9c750b15901b0
34dd65560f8609e1cc29cba940eee50fd110729eb6e990255e9bba1480762ca0606f3b3e62030e768b764f6d570b50e993fd67cf43973f187abcc87f07a15e3db71b76e1b85438bb07c3df14690a42a4a191216a4686db8deb70116c088c85410b41b38808c57522c9048590cde74b95f1be6598134ee804
17a396ae3a9284a37a3feb0652343f358879f17ff85e61b753048ef747781c1c2f84b68277604b626b6f31bfef3dc0443b7b385f6350224d338d070e2b116a8b4f8018e2135f90f39db19a1c964ded54de69d33903e894d2db280e5730e7e8b5c74170d8ccc5ea74481e0b117b8b69b46348221a8cdfac60
1e2919884fce9c011c5815ae67bf2212e62e8b1a7aac23f9c3812c2864333371909384bd35e3b9fc73a571a5d21be64e0f6eab3570d52372aac457fe3aae8aab3bfe041396c2295aa2cd2709136b541a3819202990bf8bbc8ca40d34105beeeaee20043b76efc1af182fdff9ba632d9283a912529fd96e0b
05344d6d30e332c0eb4fb95e3b8afd326c951c170e14c19203b27ebc79a60cfa1faf0d3e3b509ce28df87d550639576261aa4b458143c8efaeb3696415e25cb8ddae96930abfb2d47682c9145181ac803ec7f25550b933d8c57c16cd2a0fa0cec1710278f83adf08902f2c02fa87f6f140cebba2b465cda1
0ab590c0d87ef0700750d01934d0822b26eb54f5689b5321ff6e988cd43507072f3003928af18c2ddfaa0328e322d9f22825c28c4079fbe571f4f2022b5cc70e81009cc06f05f9611a66e310d28990d62323519f158f969c454b1d6f60850e8ca93331ef4b9cf7651b3310861667305f81435c96040648f4
28971e4157184df374f144722f968e2811e98e6864a5d2c23da5327f441727f95c3dcea61472a6de81eb99c29916847dc811276ce065ed37704bcd162a70b7d322464a019c70d4d6bd79ad160491c28731e32046d551e92b13fc0a1a55e8520a795320bf19e16881d03c858b296cd17110425544bd484811
2f1558d7cf3ea7038197843bc688621bead85b4c88a581518407476e3dc609f53414d1c8acf09e8fa45fc4e8a119c548d891947f425d74f1a13f1a6a1bd80575d240992144c07bd6556e082e47603f5e22f872d43127986681bb00d84181beeacdc0e3962bac2343402cd77a92be7309a367eaf6dfce9409
205a349ac46be6c33412a1d30c439726624e79704b46807369a386950078041c977e8509106352cf7daabed8b6292f964953c8fe10469336d9507b9a0677d8ac70f35831df36b0024288062cfb87e020fcd033c7a28cc72c8b5f08518f149ee3a760dcd36785c83279044a4cda3d4ba8d01593575e2dd379
119c74b582bd9603a74bba80c7e8c6283b7265d9f509d399cfe7dbb5782b2c177f7168a19752c6f9b12787db6812949b15e5a7c7e16bcf6c344dfdb92d17a78b5266ee11d7a178330c9f4606f5663d27c6322284a66189d279d8046a4c47531066b220a5297bad2bdc29e74f329d9f0bb2540fc36568f42e
198ea807d0a4d842394624e75e32b1284bd8b0f6d6d610c41d78badc6d2807f46a5c3c0bcdd230023c4dc30fc108cf52228bf6b8214e5c8fe3b4cda41ab902de7bd023327a667056250cb1310a6ccf10836bf01f4aba4baf53e210114aee289210f22ef9e987f2a2ed17d492b905c8caa2beb8686f3fd768
2d995725df729bc2989cff9f4f44651d7971d0bf3eb75354a7a6ab7de7c83d1011b909f833b205e65e17c190cf1d67edf7ed888053da82f71e58474d395cd79340d07f02569099f644ebdd2ebda4f41321e1a343b45ba266a0f611808a106a46577167082267fd41072f681e51813ade024d9b7c1be0e740
3e5d5f5d1818af7346a50f29dc24542dd2c209c5c7d4a17d24a67b95f2220db0d6cf0f76efd0dbf6010075b77e2a33f2e44ef3d321c90f0e5ed47a3e21049ad3abaa83b1f2bbda26a2a1f6229cc74521f3a9e36ed860131094cf36da3d9a522b60a3a23341c90c86db11ce245657aa27217e1ae7e63c5e20
2ac4e0f554ec1ac09fd996ead6384535b7335ae1562683730843cd8ef5842a88dc9589f5f5910af3351048d1271f1a5e982a0ccd00e74c69211c452806823dea1c17a6d328e02796092cb7044eff90e001d59357b86f5c55dd800b4f895121cb03a367a3a7292d15670f10cab78a6f83831e031e140b8ec3
3ee349927e616430d63f1703683b8b1e0b8a759066a073e004348d8a1d0a131c2310b46498f193d7ab68e1711d3d4b9a8e5a7f812171de889d6c37ba1df55ab89c474ec25a5055c8a4752d253345594de4b0b164c05ececf7ddd3234ade9901353d104b4913c8c170d3b5bb928fc32cad15b2812376df9bf
3f258693106c81e15c76083919fe290e8fb99792b171819a83a6a07bc71c350a6861e51f4442ba895add11b1af1d645c901bbf04636fa5da76ad8a6c0fed6462665eb070422764bf743c4e0ca1671ac9a6d8c29e29173df2d5e30bcc0df48eac7ca346af3b98b76bf106ead5716805469043c82dc620a459
03fe400024fbff02ba509d5b597dee3177ea2cfcbd4cb1d08f58cb12eb992bd1fb08efd5cc61c28b2d4d7090eb009ae65fc0c33f73333354002d22bd3e00dfffd8e201100f86fd41560f8b01173ee39e92ddd3978f36a3c94a9a163ba16037db4133ca477f84620a6005e3a214f0ec08200aa45694f30585
33d104cbfa079180476e53f18e5bf835471005dde550235e8fe2b3676b432a42a608e4ccad30e5e81aedbd994239b4256cce108b314a038c211659481b10ba2d928fa7e397c978ee59b656216dda7790f4e040dd6985f6d87440227a6cec7f3ab8d22a66e97b8058f43e6eb03aa1774330a0af68fe99be2d
0c6a548b3e4b2440d319323158380734a35cb75b02f4e320c54951346e5a32e2a81236bbc573b241bcdf7bf0213f10daa9ce6c46308a8bab6225303e3964c75d51c47d627225cfdc8b8ead14cc53484faae1d3a4944d25762ec235543a3d4b0e1db2f54bee6f1f0d88214b379570800d339a2b6326da066f
2f7d76529e50935364b7df1e13ba0203d894d87eeb6bd2ad308bc3e5f7802306f79901936f428c0161c633bfc42cc79d579eac3a803f7367202fbc2d309bc4414ac15f52e4518b6f7eae5c1cb5cb5e63408372e154acc4c829952c33bc1d777bd01036261b9b92f2cd1b1f4419b3796773e091a5ec3d78f4
1328f8f15948ff80daf67007a222241792b830bd82c0b160f10ec9446dd42cd3e2f535fca220c1e602ee9c152712da9bff9deed5c0677741af0c45bf2cfc59a4ef180dd09afadafacaf66822035eee1fd9248266640e77e791e22b5c6f52af62cc5388d0557676f6b83f4a139b4013ef80c05ea00d681421
18f0b097a04e41928e7b448ce6954201b9ef7abc5d9b90bb0d7110ac73b837de7ad2b3a53bd22b41fe627f45c0342f066a85b5a471afe51f690eb20f3afe0e3939c3c1c0be89e890e6ea3413aa7be72cb134c0270f0ea19d7cb428b8b6990d1f13f1bc481ba7084ec2237b7eb7ca9b24809b4aaab6bd5033
046b871cb1746f80844c760333f17e26ef0319125a831169ab4e150a5d2004d82aae1c6e8dd0f8d5166b94d46112f138821137bac146b8d71c3791021c6b70cc08d78b40c8d5ff6f43321014bd34d50bb469e2fa136b385a02bc2ef6d1699efb56333b95acd27b5a372c36a7c0b6d727d3c8ecaef4a94e7b
153498b43ffdd60260a8e53f3d640e30f6149181109f725506d9e1a3b8f90213669348aaed33ccae68292fd5601ea9659eeb6d7182b1a86c3d290cdb2e2cb32f6a18d152b9f1b8ca073b1d287b2610edd16b819b1aed78321e550d1665a586a6dfd2a2148053edb7672e7a2cbd89f4fd114100270765d3f1
33352c6f1b0f9db23e8f83647574152b2cfc4c469d01a0227084200c017e20f79fb56886e46212615bb1f579fe14ed792b881aafb0935d0564abdb4a0fe970f6d202f7d37744e076a65da2036127c9e143755114a2d0c2b87dbd28907b633b9571f0789a2786c957e813e9512372d2086368695c5faedcea
2d3f7fe815f2e610159743192188c038a15cae9cf74d10b749456d0d79d523c74cb1c17f8022cc53bb54c07e51173f84205df202a3dd3c8aa9fbf7940cca59f49afa34c3965b7b235867120b42c825084b0a0241193286d09415240d44522bd204b0641e73b315946c34c2c294ba3540e31b13bd851e5d2a
1a16be1a335b6a01c695c884f10bec1528b783081ed62127e61824fdf4e920cc96b8ebb985238b0516092a39af0075f30da0f033d1cb4ab8113d2435026bba64e4c5a9f0a76fca3827cd382e32585d958fa2409c9ab4df307cfa13bccf9dfcd61b72270971d918c16432db12eb018eabd135561c5b6381e8
2c425c8ac342b09318b1b659a114412122d26d16b449334e95939e956d4c17345096b061539197ad4e86a0fd431ff35af21f2a1572f1a91889582751352b9ee1be49c812f257481785d0bb3c679aeaac5177d1ad1dd9fe49ba7112b72c3a2161dfe1d4d6eb0cdc3797200fa752d282b4c36e079c5690e545
1fa32c5d066762d1336656614b33682c9f82424476344295a5ae0bef84e230acd5f5100f7652bad04fcc37f206370974b56d23c64265193b34033e8a3606c0a5f5a0d4433eac743d5176ab0b5804c6f6085822ed3a7d8af6b15f31cf191d51781a52c294d29792132c1e8b186e917c3a102190a7de1f5900
27d0c6ef7d8d15e2e7b7a1bb3fa01507426446dd0c0c71731a2e17472e5020b31d46191e9e62a5f20f2ee482932bf7584b67295af170437b2b3a55a90445b50136b0ef931eb9f6c06643c6232a4303d33cb72167e2632515424f0e3a94a209f133320265471dd7182d0f3cfed45922283054e61c7ad3d254
2704fd443c85c7609e17813e0159c40ea3531c8dbec7206ae7347972c9af0d7cee2faeb85bf36ef9f2ca898ee73dccf58b01aaa432427aab5cdc750c1dc0ae85d7b2290076468994758e9a0b5b056838f94e622f291d43d739b227d58b90b4db16d3f84e2d0ce952e91e0e600c0d75cba3881e6acc5aaa49
25d03136e5a7a331a70c0b8a712bf71524eb61e9fc372095a8b73a6525cf0252d2c4b7ccee23fdeaff8897f6fe160c3ca4652ab110eed60c7b9da3ae37f21fef51fb1033b9326b2f0a96d832517c57deec6a01f4f0a6121ff8fa033d726c28c9f5f37089ee8165c02a19c684cb2ac3c382cfc99ddb1ab6b4
100003fe5ce00312e0018e6d288eed036c58923e62d2416cc4f6340b2a5a29305ef4cda3bd22b226d91f5d5b40310327f908bca0d22bb0147189b82b17fffe00cf7ffec1fcae84b84d870c230fbf63b05e8ab0ad6259a808b615178c6f6a48f448d15279a99b8ca5352daf814848cf57808e65f65c44bace
1940f25feeecdf80c1c7d03296601b37f26a0886b422f0dc3b4bcccb77c80d5957c49e85e741dba91ea240b88a065ed0623a075af017045a3a02ec513fa1dee25d0cd9c2b2b43f034814d22e7b822c7f852760d7495ceab7f77c3b2a716bd668d7d1b8955b8db967b417dad41b168c7293782fe93ad16ddb
0ceeff0b526c6610844eb480349ba43057cfcda3ec9253d3614bb845f8fb0c90e9379c4705a3d2ad43a9656c3b32d137f84dcfafe0eb0102feac265e2cd32ea053f6ec8310452db79255b71ba9ccc8fed509f13110582525220637c879b6cb67faa24e5d3d8d9428923b3041b212b99651bee8058f6f31fc
17a8e969276e7db320f2f540d9116333d21f84bdeba7c374b4eae35cc2f527c0490a06e849b3df2a50e467b3db108d2f2a314ea9d37c9b7e7af183892ea67b569b001313294e21787d26ab174101383c6e0f1006379d94044151252023b90ae85771daf0a02be26606313bb36dce972be1c643decc4798f8
20879a33a99921d1f32efff6dde7e90f37dfa8f69d110360078012233593146d6b22dee9a403a50b0f0af20b9027e28fd122c1a6b0a3ca87b969231a3bf6f059b941250047e3dc06fcea5e0476c801fd9f1c00d3fc2391073c461ab369d72e004be10fe874c02a6c121593325f0e02a2025972e887a6300e
2853b4293bce34232153c8d31028481bc62b6346c7a25016de79980a1ac6134af4e924b1c501db2161c82c627716c9df81dedf4341d4b6405dae1a803d4230890933fc31e043c03ae6478e138a9dc560594ac2c29959539a03fa30ce15b248ac0821583842c70215523b33ebdff248bb028aa8861d48bc69
39770a49a3238d9260e4d410dd98a213b80307e22b2f213b24d0fe944f9002c7ac2015104783ab60231d369afd2bcadddbb67c2fe19ff56b72358ee92a3a5c9a90846283dcda0121eb0ccb0f0aafa2d22fb552f918ba11d2873c3931f613dd0cc3a1623988c2c3154b39904c081ae1ba119756ebfa2cac69
2761634a66ef9800c7bfac12fcdfce051fb288d5595412b9fab54f4af5d0095a4b24d2a7eb32c235aabb0bbbfb2bbba538e0ba1680bbcf0d08002d901ec9de57da35e351f33949f66b73c63c39fcd66a5fe51065a9aa09fe8a02053998ba00f5650304e41f445a72943efd13d285ce042376459db7fd8024
2901719aded589a3adea890e6269b0097b333806bfd45084a03d50b1751a2da48e7cd8b27951713804ef24cccd144abafdf896c931f0aac97846b02b105c6c70860d0713889ee18292bb6f097723dd42de2ad32a48af4823845a028299c9bddb624248c8036061efab122c00179d2def414c6acd5657727d
3e0cadcd3e0ab342bf297a249b59141574acc9d20c06a177bb8e3ef7e63a23dc8ed1d05025e1eae830da7452f11fa04868523c58a14c2a44e670a39d0b0ea7fc697878e02db991f7eef996005e702e8b5d8de0c3025f9f01f0743310c05133eefce19470421ab0ee830b23346776f4e07395bae01b1bca40
3a8eaa8e075dad80a2aa5ac1209cf303cf5495162a5a52552dd8d3dc7cd33d84d535f3bf82a320afb490e30b5f1745d6008876412152ebd6f098886b0deeaf6f7a35147342bc78b46aa59117e206a16b52bc90931fee4980cdba1ab2d89f2bc23ab1d90aa03a0c81cd38239cd1aa78480178c68b7569b6ed
32b9cd3d9f469163718daa0b3df2400bbb3787ba9f475228666b4c1f4c2e1a3ddf967e55b653fcf6cad052e741009325eb3f5d78f23b89b8bfd99fdd2a5b8534d1e24f3050891f2bd583c62abb2468831587d2aa7262acb541943676e37fb96580d36e07fe67d6db51221085ecbe8c45931bf79bd5244f69
1462e1bfdd5618035aa72790bf62552655f84dc6f5c77171aa9adce2c484043292ee03f2e6a0f901d9b4962bb72e7db5847a40b2a06ecbe9bead055b15c94dcef2e546f2b79cc0473ccdc416ede10cd4c6ed2367fe310aac6d763bb45bd6b09aaae28e69c7dbd6910b13b5f9fae74b0d91c21dc775e5bedb
231190e9967762803aa874f5499e27356ffdc60c7229d3b60a8c64722ac42509409d84676c03d66757146702572092e1c4f4289e63b26eea8e532fec33ee9ff65331ce113cb44d0934817322d63658d6c432f01da7b110eef7bb18473c58738d85021569723a6e1f2e3e493820000bb3d0e8f8527717ce33
167110ff82fd6463f982c0e235339b0632e8facbbc7bc2aa8e6183c3fd162a17cad9b467bfa00d15b492cbabec359367c6500f253394306c7bac6e580cbe0263604972602e99fe8438800501923bf44464c6a15d2aa9db0a17292f01a9ebd30c68a22a518de1e7d09817eb1b7e11dc50d197104bbf907b2c
1945e2eb117f47a1f42b480e049bba3e8f3a66b1fd1eb26a869bfa21cced065f1289202e3c52a9642de7d692b92a02444af1cf3a21c11ba26a50eebf3e2bd253c057934057b7eda5b34f083b57d97fe357fb01e0865a13ab2e0c2fc253d6c8e00e70c06cdbfb76533b3f30e951e32b0e70552112a1a4f638
3ffdd0003dbe3ea24e548af4b9e6d11cf01c1854e75883a5de2d646c37e728dbb6fdff89ff009b650c7284db2e39b7d55c76164312d23c57554e9951200117ffbc00e18398c3dff51d85132b5b25edf06dd7f190d5be0fb72f4f17b6c365b00127e384ac1266980e6829552a96922286603b1fd4ea624a3b
24b8702fd506b3c0864a81bda8759025c184ff308b1023a79926038ee89113254e553b50f5325854abf36db2d00b4ec9484fdb40701f77d5a2dc06cd3c4d25317989b900ce39fe6bd83d972f8f50b65cc8ae03c6c6869ce0cf9f052dd927e81144f1a61f4c7f2802542ac78089b2fca74032fea3028987cf
2bf99aea05c5c0701240d5dd90d35c2a45ff3aef6296c28722db0b0847482c4122f530311cc0d9374ec79e048005077df0211d8b11eaf16f6e97ca8e1d6aa35e2c31f3d22cf813da8ba5f83775829f33bbf1314f0374f15263431d713e34b680824198c918379752301449a52710145d013fc6c557653502
3c05f5000fadc1c2bd1f69d939327926f55d9d750d26020702cb1f9addb416d9aa171c53c6317dc72699b0385923222c6452b50f934523342f2a7c790a1eab6b4e7a9741e2bc444a8c6dea008c37025dd6a1e0f985923e8e00be3770f6277ba70d31644ecb0e9343ae247fdbf03e04b6e32a4a0b3b213e26
34241531039a3c62e1ca3606de95aa1948960505f1bae06fa74f9a2af0d82f9a240663eac4035e246ee408bc7737e9f635abef57f14980ef01ddf62609b6ab0fe4df1d42457f8a1a9269942ade5ad4a4d25d93ae2ef93cbce90915f4c1c1f687ba23121e0bc1450aad1fd8128ace748ee35a17855e479001
224e16eb6ac0a4a03377e87e9b54af0effce80ef4c6f000c0d288085a0e810d92ffcbd7e3b13dcfd28ade5f27c23bc8d7d145808e165d312fc3bdc6f3190ecac5cbc20715db92b7069c9c203c82ecf6d36cce38842acebdfb6d336e1ca6efd9dfb502598b9d586dced32ff2feb7b885932570bf9afb196c7
238b266fd6c41c23b42ffe084812e30ab6f2088bb39c937cf314df3bd22a1941af469d32db405a2a0b3134892d16f32610703bb612c32d412e1699551075848fd00eed4324d5f8ea6837c33a1e8de5917b062035ee4d86bf29b93b559e981f86463207c93bf44fa9ca13d08f331185ed63e7fe83f8e63466
143c6d993135e7f12becbe4ee240dc157c408448097e303282bf56b6e9ee2a99619385628af00ced7b1af9dd332aa4f2d99d3582c1ab797a8390c9fd20cb0296b941fd93bfcce12bb7dca40891853eba185dc15aaa249d472c510fb6bea619e7b0b15ac104f7f7fa462a6778fbb7d415e2f141a80d2df1b0
02b8841578d557013df1b02c14fbcf02180806709398503d30437e12b6f42f2720646203db03407202edd61804097266145c939100402f16d8aa148819c935f041645bf223804d48e746431cd1a0d6969b5cb3729470e2eac0f50efd0a0a05a77312effc75f50d551734c0c0b5789b39c2bf49e56034fa52
27036ae53d1447c1f82de309e264eb3d7a1b61f1d3dd1079b19c5fb79738281eba0901622a21bad3a47696dfe72633504499fa34c3bbb36e7ddbed9a24473008771d7f50b1a57cc7041e8329107d19eed05881e266c556a8b12e3c4ca9e1bbe26fd1a4b236dea5754d1a7bfc2b0ee81693f6fa31aff64872
224a2ebba8a969b109cc47a07ab39907af19e4f69de8a1bebb04c7310c7a1872c4e4b7d4f081781919a8c93a9b14d70c1663587ed296aca2cd02b21413dbccf292589f13767ac5a741137f28bea9917b32b18076d798c8a62edd2b1c352fb8ce17736fd55002a2a206093cbd525d7e69d10779c33c690d8f
1c2e29e8f164a6e2ddc617c96c41bd08d5ce77ed7617d0ada11abdf449853dfaf00c9414fb51b18569487ff95d33749803245f44a3aa070b8192f07e35333b633bf16ff17b753a16ef03ef31c603cd22bc3c43014a0ff6292e4b1ecfdece3c484402c5f98f99a2ca512a6f10e55d3170d292d95cc1b2c1d5
1b7357bcbd880e3373624f1087037e142ce6c35bb93b21f866265c49336c21fbd36af934d7f029a6ecb6d806c91ff0c50a46618d41745e40b561487624b670da0a0033411fb03f6c8d541f3884f3b8a4b72ae338b915cfe1dad530b85a8ebb9add80150b5d9b8dae400a6f0fe2749e3fa1885d514770b297
0a4f6693144fc7131c04ae17d24f0135a6c0140d74e603cd0163105451453f4401c2fc9842a34dc6a38033feef38683ef12c2ffcf346f00ce4b0fd73030ad3b8be8ffd029bf39c1deb9e7b226a75e2305de4216346c7d7d8cae81f6f840e29d77003568a3699fad54937f53f73b13996f2e9dd02981e0170
225d11167d1dc0720de58e9f200552007bca550a158660a2d337fc3868450d6c0c8d15a18ce0aa4b927d5c68fa2a9ac5ea0a3b7491ead69111bf5a4727a21e87ed1c4bb0bb1a64fd21740614a916d7303080804be56e18867725033c4b66f1cb17723ae3989380353107c37e22dd16dd31587ebf451e3804
1a181041067eb1124291111d6f60f01471bb689db95b018b83321ea619e63cfec409327ee092ebd41a2e2d59131ffe1f3ece8c7091abd6293b7610f400df6891723226224991ead3686a960658174d90350a90f7f250ebdfe26f3c881823b8a26d112e04eaa50393431e4dbc24882ce9c01da075c0cb0be4
0003bffe0de002900686cce77c7b023eeb8d649723ab6048067ce1b4641e2ab46f904223d54237765de6fc4a3e38f3ef41b00b7801ff9f56cbea79931ffe2000d5ffff81696be57b449101055024fa83fe1e213fc1965134193316ca671c8eb43cc18fd1e737bd2db609b71da3f737ebe0a46e552f145a1a
01a1bc09caa0eff039b63c3d20b0092c56c7fe589aea41bc3bbb489c26c00cc7187d7ee454d062c868d257e3873e2bf40ea60d7a9273053bb3e33a933d1f6d6dafec004222327ecc460ad33c00aa80ae55d390ca525c59d858991621b0b06f2403813873003c8990b021c75a05366ffc200e95c2c20c191a
1a10868a873773f17aa5709cb4063306b765a37fbe690262e6a0a4140df83ceeec227bb9f1c01a4dc07e29c0571cf0be8f6873dbf18b235f40d859f3381d8f49f309b99066e3c4dd7fe3211066d8e5805d2a02113350092c7e943eb38b89310894608463dbd5fb6dc4303ce203f5a4a912c0221a19ed6735
086c3cba0914dca356e2c9f162748e0b6c2edfccc643b314c943e56f92e83e48194801998ed0b1f1c65d86a3d21b102cb08e9f3902a4db703fbe9d8528e9eb04055dcc027a919d7b023a0c0ff29b03f03ee283b86ac87030bd2e188c340718a096a3f7d2c28eb7193a3c3e24ae5d1166e2f95a30a31fd96f
2d181765a05eb5a297e8bbf40b1a53129d20c6dc25c0701bfae2b4d2eecf35b6ed36ef454e42218bd2a0ea0a1d1e121a652f34c1e12d5f0a1075e85021245ae870c07651c222b167ed8b1a18a9f9f82a377620245a72cd4f31622ab06df4c8ba7992e415f84a9765e7181df2ab595eac01e66d96b72dcc5b
391de0aa478a074095e1138998f6fc387f0683fac91b31d5128c02001a343f2459137e753f02ff5906fa58f0b52c9d2824f5ab54f3c7a08cb6ce96e701a42fce460dcc51b587eb33ce01d501cec3922c4fe2a2e422fcb8b22ff81ea93f8d3970fa724554dd4124a1b315c9c9365fe324f2322721a5ab05e7
088bc458ee2b94805d7c8a836ccd8528aba0eec2879d21f57179ce2e02e509ad901cedbbd45285cd65f395204f3acf8ecb7754be631d5d3aae6f3482210192353c9f54213933563285b2a122158609bb9f6430be2e224fcaa77b3a525a070d93d44132fe4a767af2312f336281fc61f1c0d9ea8b6d54c204
1a6a7083d51652d2e068b5729902c23cfcfffeb9340c72c7ddc0d398613b1087a92b5ca05813272439172e14e126162fc02bbb6982845d510ca51f2b37a73af0191a8c33dac4e29de935e62e9fe3d628c744b390035674dd17ba25c824e0e45e30f2648316e46a0e8023752cdfc400821157e7b3482bee24
17f672ff20e5322268b6032767428d27cec5ad1511a6e059a4097019459b2501a89662db7d705195b4201c481b1e2c389f7dc7e0506146b791f882291768abe0622f91011d60ea9df728c03f677e45cfbdf282d886325cc1d7703c181588764e46917013fc0b94132b3ed20809c64d50a1c20b7675c6dd27
3e33fdfe3c6dca415a30027a7eb0583f57bc945b154823c4cd3108ee666a07142adc0bad69218c5cb7d46f324a1e2250f5edc370f27c887fa0fd01850040f202c4fdcf3256a27db494c3d52eee8b00357b0263d37a3fc081002339dc4dfcdc4194b2b5c35eab86f37636a5ab4e34269781df4d996322cde2
1aa54a9d82280f43edb90ff93dfe180bf91905c1b05532536ab79d9179550afaff7a60c02d032d322e0fbb086801887d0dfed64441f2d083dc0ccb7018c25d7dfd5c83f0909bd3c0e044ed0e285760d20585e3cb9c22e2bca1e1052207e9b96be372ab4ffcb46fa5c401d7db599175b0e3b0c991d1f35751
1b69f37d5effc2f179d72df71927ff2567cc19c9bc683188bb93e4f03e882739741a24a79db03f6aca248d665a3cb94331071a8980d245a4d09f90ed23b8d6c7e36a516245f32c640c6e460603919c49390da009681c00cfad6b282bc95d931a2390b54489f6f94d69280624aca8eab252532ffadd20a9ad
3b7e99b291bdf703e062dcde6d07b322bf5d73f1ccd453b027c4d0162dcb38fa8e06025c9990a4a15a50692e9737632b379e631173c928b959f6caca329293c3be59f221665343b340600501e52ff459223cf2049de630da0a9d0752c15d624153f3be017be969d2950fd5c9ef4135a0001ee660c260ad8d
045d443a323502228c7288a608429e3e2d63adaed9806179f9aaf6eff04e1093925541e216506aee1abab72a520618b367fbf07b5162e09338733aa71343912ca621a6a163054d6c9731003299eb9d023041536ae4abe0f832b523d453c7cfe52330b162a08a0fe9f40e859ee1b39ea5f20be9ed50891ed6
2448cc0a01ec6cd250f65a1db30ac623444d344a330672d791899050a7e337cf9ffab3b33bd1ee8fc82a6753e316841d8c164a606091e8af2e686fae3169e62d3fc8aea216d940697739ef2c39d01ab45aca021e2a4e7b0f9af1100922af7a7362f241a271b996939a1de93e0fe643b0513c79a3adfb8d7d
04694d10a98c63e1432b6fb92acf900677c46503566422c53644fca3b1c902bc53269229e9d3a44832bf500f971c97d4845f50551036bebfe5c316001073121235f2099092bf9da47d50f23a1c70c00f2ab7c330ed6424faa6771346093ae3f4e0114c2f3d2a8b58492fac8da7aaecbd12210f4b1f32ae44
0003c003fdddce9206dcd1b69c67751b67e720773c0e100306f7b8eb4fdf05da4d5bdf80fc3329fbb3b11b70f616794ae36cf10ef3c4f1156b2f57581ffe1ffdee81194116020992faf0cf0c1f4069e1537d23624158e577a35309377836c215a943efbdb9ddcc713127438dadf5a667a1bde8d9a588dc12
2e1462e803db0542a0e7475e7689be198ce6bc2baecfd35f1c7384b1be9e25415456fb96702096735c809a54bf153b66dc92455a622ea60d4b19d7213725cc66cbc470f36aea1b71c8cc2c1e506087a91eec81d4d748a61cd01027f0426c5fab3993275728caa38ca60b96ff1fffa5c1c17dfc582db23835
1991af4b2c67be31b4a8c3c66ece292d8dd923d7e6c0b28380c471bb00fd0067ed384e95aad02875f835d072f6282e69b8c84b6ab29b14b5d025087b25ab2823ce655a612ddfd5479c023d03b33d04d5555262664bd6161eef90244b210bb052b731a1a8e829a7706f384e324aa10c30b1f45e394e29677e
30dab8ce8407ef439615f73c1c4b1f2f74872f093343b37fb3f91cbd7f9232330243a6bfe892cb9188a660ec513cd0b76b505210d2e384ff0c22f0553b1ba84562703b5196d4f4131c35e53ee3bbb3785fa040e3b5194ef88da51d8b5b456d5940220550e5598c00122da5b2175f4356b37d882bfd7abce2
08bcad2d9fd4ce1025baa2539ecda1303333270733ca73eec7e4cb70b3080be7e8acbb193772853f027ce7d18a2466470ef894eb5076d18198080a7b3b68a1920ffaa7d17b33c8910e5d3d34173b7cfff86831106cf7a93730193563db16d051d4f32b7ba20002b64b0610b8ec598da550af742f38e10eff
32da43fc6a1830a0685e2cbc56b7b40b2f811304a146f308ff940a3f5bc22f8bdf0c4d24e052c4ef30a11a52200e33c8c1d91c06503dc1b9832511d33e3a9ef59a9702c2afd1bec2b09b6027bad493952b6ac142d70d409d71480a11bc138cc13142514bab2d8c11ac26de7bcdb5226393f8101b5bd67120
0e8d9c18e92ec2c1459e2fd76595d403382cc970428a10de1bc1291aee5b13f09fdf28c08cd33affa9bdcc28f9219140567152f3e0228f4722cbd6aa1c0f4deb48272e61657e9f2dafbbc72146622e4e29ffc3290c30c01dd2862ae2d570c71e6dc22a18e83d73a37e340511ccce45cb738abe0e0c2f0904
215666bb534b6e71722b3f1c066e363cd446d12abe7161add496bbae0a2a0cd7b42aa4fa4ff17efcf4442c39431d6f4816ecb28a312035c41a11c1af0d5864841bb6e853f1d9f7b0ba53d21474023f0f05e142dcea17595fb96712812b4b285a8d305ad3664cac2e1d2b036b2179b807c1808b7cbd57fecc
015a95207787a3f1e5aee50143f71f26cd7a18f07146d3c628fbf74d2b321337a90749b740901a9191f62b4a073b637964bc4d759218762ee7f3698123f0eee4014ceff0a5406d5303460f145c335d243fe1f23b670e3d5c7021105ff2d3fa0c1e53d454157939af313996766ca1641821a6218211adef34
0cec3a41ddfc8c80c90aeda01c356817487d84400e4ed35b26c36cda7a0c3546557abb7f1a83c75e946c82fa6d16d94c9188482e82465da3bf8286aa32cbcd75ac731f31346b1d3cb761a405b51535781bffe264a551fc1df19f2f77cd45462980320f83ac4dec8afb3feb555d0fe85890cece4089bc9850
0ac77efd61b772c11be4509331498f3a0d99a5191b42f0609cd9effafaa41cf1540cd637f74071ab18784352a523dcd5094efc37b22ad26bbec7332d333a03ee4ca9ae205f1dffc7056f0c0e0244f823b6cdf09cf37b3fc2cdb232d464c4de8dc4511a8f4ab0e267d50723a5cdea7f26e069afe2648a2336
05ea7793c97235814ffbc720b5e2e107372d4330bd78e3074f8a844aaef10691f9a2aa9ae630a42d023bc4c7130bc89bcc572985a16758fc33a031460c4655cf699ae582612b62ae4ae70411e2b36361a6952016c51a0acfcd4b0bf9ccee29bc64a0bc55c354b8d4d112cbf0d4d00464b33c7dae3e9ca953
08d6e65f299b95315018e86e40bf52265a4da94988ec330a36de8206d7d10bfb53c98ab9400314127681c5407a18557982552befc2387001e1a3e9980bf7798568b679a137bbd408c2869932cc86eb8625f4437241364bc7d7720049091aacabb6c205a83b072adafa0782b9cdfe7d0743ef7b952eed43a7
36c47b1384206413b7a868a5bf5dff26094ba426e58b32606247e44085b20d0129b3c4bc4a336c6b1f7b67422e0c982705dba61301a65ca611ea7ea43d2d92d2fa85a922f47955c5e29d7810474aeb42c2d321c417a64ae0c5c71d6592fec61e0842902a833c3bd7d60eb2e29a02910462192b84a6d5df8c
093c4d31b726e6f22d2b129ab6d57436377ec11720e9e2f061be617cc8150daddb82a378e450bb5483d05c0dac26ce352b6eada2d1663fd462488dad19cf987265dbda91178db1b50c39b42946544fc3095533a7577bde1227fa1924dd05b2c08e00b51268049013ca2b02d242fccca2a17fc8fc91142cf1
146a7850ba1afc60bdfc74ae8e923a29005a8c1c87cfb37bd73be8ed51cb2f441283b16b4c335a02ee9e15c89d209d8464dc1fa4e37c58d90a24f8562261d990a5e463313d5cd2971ccbed323d431da06b33b04c21992544911411ba66b048175be23748e82f6fe14a2c7655e3634782800284eb113b60aa
0101c003e103bf00f6dbe169548cdf00e5f5cec311fed1dbb586f935834f3b94c0f0109003e10131fe15cdd2071a59734be9bc4b40cb491e1539985b3f7f1ffdfade21119e0281b99ede1a19603912bb6884c275ea114552899b0e5a3e6ca77e257151c599951492fb19045b9eda5f82413abcd550a4bb90
2b9f7e896e29e3b2ed2a36fca9eda800b266e33a2f5ae12804bd20b388e613fe3f368873ef430fec9465a4f07521206ef837026022ba139bd50f7a5d186fbbbee289b57188f0dde41ff47a216271f7f756aa225eda2f111cc78b31ae9290cf92e6301459b6bfe1e9c23e2a26586d3e2f63770afc1d7d6a4f
1903a99546152f320f20621dcf771618cc466dcae1b1e16686b8087c640c1c156e3a976bfe038b9e4dfe7a769817d105091f70c15210a9a4a94858e80b83d299493934f3828cfbd0bf325c057caa20d40d1403b06340604c0e5f235bbe7ad9f4ff014c2dd60957567a105db63f81d97ea3cf212c3ee8aa2d
2c32b9f1b01545a3acf0d87686d0fc1d52e7caa00781e1218ca43bc3f61933758a19d88f9db01d15a676bc05190115669d633cde5031e342d91158ed0d2f64e0de0aa5700781c598c9a6992579bb19a92929b210e1c4661fe6782b11d2ea9c4447d26123c274eea08a2717de58f9d3f6c056ff3c6f409a5a
0d08c73dfb73f5a3f38413ee8625da14e351531b5b10133f56596e51b81b39667cbe70085b620a87760ae58a4f35b69b517d4609334b37cf198f8efa3e3fb602a1e2fa90fc11a86b7f8f172f38a4da66b18193818ed086f3da9f0ef2ecf8078b8332c69871891babc406d0a3732d16e140e42d8406d01c56
15f8f288568041f27f06ec48ecea243895be767fcd5ed23b3f246bd877da02e6c92146a32b70fa920dc020e8ee1733efabd717be00272297947c9e643e01362c5e378823a9ee57b84123c023002483893405c3643a6d7885a51202032824e8f76a728335172f78c77b1e1bd5a6ec9ea2f3e3d65cbd7aaff9
12b3c0a2e5cf49a23c91e26e6db9af17520b3a77c6d490911cbaa31be3e822ebd9558a6142a25a2cd7ac2840582cadcfcb5d56fbc2bae85c6597083a053caa29fb0cbf81471e738c2035af00dec8c769020dd37e97c47a9c012712e84b4865906370bbd3be55bce63f2cfa70a3e4edcfd2d1e64cb4e32ca7
0fadb63290f282030e4a0fb98e4f770e417f891dc70672329b8b10b7987a1c2927ae517c7733fbaf521ed0ea7a1b8dbe887ab4aad3546b83435e0cca2b8d39b3c7a54c000e23be312676d01e5ada8bb0ad3e4160a43a117d86bb1c3ba9ac3776718088fc6c8b4ddda6238203a2bc15d152f4c170cceaf515
3534e930244c5ea16a1e0ead1452bb06caf4e4b908d890f96e5fc2a26d8d1a003f81f09821203299b3e758d57410ae15abe1800d70bd5a4e6237003a2e90b15c922b138391c06cb22a98420b314a80a043031243513d47cf9ba41cdb2ac1484804c139c9f75a34773f2f36f29de03577a1175851c9df5a75
207accc66310e9f3c8ce66552f82ed2abe522c7bdb5770d327cec92519fd079acdc1b92177a303d2f75b7762af1797deeb2460c162d187972bfacb17220191f5cae10a529ad15567c19bde1217cc0c07d321538ec286b33d7e1d1b2b94b15bdddc127452d129ce994b21c6a1de33e945b2036d69beac150c
0031223103c52752b90ee4e63ea2702af3a18200883df3ff8fb312b47fd909bbccd0b4a03ba31e2eb568399bdc0bc9f00f2fd61ef13a6591348fa397006859004d8d9b63963d1282852f052cc64a44e51f6f4155f36c99bc734b2e83aeac3d70dc23a94fcc7455b2f71b16628dd1c2b500c02bea4a2fe51f
00dbd50d388aac139d2005e21cb9b038f22d573243ec41252b39f37ce841265550454969bb61488b7ed8a425e31c8229d5eff4ad41678984ae12844e148a5f711b88f9e091401a64c554341647fff7c53bd3b28ff722cb0849d427942ae366b684e2b5ca376ea0787c058d500d3d39799138c932dcf883ba
06f9dd3a18972561d0c3c0a6b5f87007bc98497137c763983026a8aa79a31aa826f23ea49ec3c0019007c569ba0a03dedfbb2463b373af53f51eb84e1cb7ec84182491b3406b737a01c8ad242935286420f5011d00cc3a2916e013883a141e5e1030a8894d38bcef0e25edf515094b9f7243909c27ae7002
29688b0552ce9030c5a8962b9f21be2839d84a34dd6cd39d67559aef40dc3f6c2f37874be7f32a5a6c30a8933e005e9b569041ba72c30381ed78879d0b4cb3cf01b529e3b023ea16e225332df08fd44b782dc3de328ab7fda7da1723731d0da1ca703b3dff910a2c702fa43dd09cf30bf2f6135068fe396b
2ba3c9bd62e7ae81a33c3ccd56c955309bbfe32208b583e2841c48c056090b763ec68ad5f332629c24a83804ce169b4300cb39c35172e277e52c56ec3e3ef38a2075b682e5ec9518e0468133286887bdb8432300879fb0c05e75278f5ec6f1b08033e5990b90ce06f80d18dc3202583e622da159d8186b43
2fbca66a31db29223513bd87a822af160715345b58f53351dd72226db8520854058c97a18340013b6ff4e05fe63b199df81a013bb393e5f16a01eaf13246fcc23b9f37e19e3b68eca3aee808a6785154b25801b27311faed4e08127021ffe5d0ec722968f6b03441cc13eff56c68e61b33bdaadd66dce169
00000101e103bf00a3f29f4ccda7eb1ae9090be7479b710df75fa7d20679164395dd1ff187820f873a05fcf74f07f3d9a6fa9ebf83c73a246d11052c3fffff7efade2111c77722c7e250940c5eaf74294db672dcc924ee0448062102d3f61fcd63a0ca9afb9cfd00572237287151ee4821bcc45224980528
0000000000200003e609172ea0bde2224396add20a4fa18ab5d8ac807118230b028133ea5153104ead21d260940a2feadc625711431e40aaedcb9284296cb334603c5a72eea1ce572405d31a604f0123443443c2ec7aa97042cb0ea4feb38bfd45b25aec517da15744016dda86264d96f310b374b3e82345
261ea0ad5e55d3607ea908fb746a9a12c79726491dd821d9bdc1c8dcded012429b1283f23f42d3728a54c527663c7b3c26988936333a97f4b9e2dd2f163cb394f384414215d6ef2ed9c2960866ad53e363b3204699778a2b5d7d2ee6bb215539ad1050f2b93be35f8d323f90d0bb2ebe93acb4828bb2548a
063e82ab65f9d6d13c1cbabe1776e42eaab3e59b603b8365a81fe550a60e1fe24f51d67bae50f54bfac42702fa3277f2c5e2410ec3dc074d70d95d5a3a90e9c604b42dd090f332e7cf69000318946cff3d5cd01d287da440ae5c26e8304f37a5ec8214582537c44a531eecfaa64cfb291018774e6ced1bf5
260fe5bb01fbb222319addaf79291637225fbb4bc23e20f5ef91b490c2dc0180ce2fcb141fa0ca6999bd484b653c2aca081fc4cce32610f570a12b3e2dcbe23254ec86017371d795167ae03620cdb767b3e8a1e60bb32198fa00239685da5f1c6af2a0b3118b4b21891bda956b54edbe03611e9e7254fdb1
054c4712c14f2de325314b932eb91c2fb0e1131c02e7f06647f597e21d1a0290a2e51ac61d32b820cc63987e612ffcea09bfed20306a413c99f42f923917fb73f2fa233332942fb8cdce70130e58c6813623b0b1b7f15d93bd8b16af799344dcb3a29d93f5e3b4eb540b1c3b59abe4a7012b7e14047b3eb5
2a492f6b3fd90632b9ce4197eadad418015594b801edf0edcccab72ad52c323afc5fa46a903087b333a2f7f6fe20231636e6d0bcc0836d5d512a3346228960f4684d3a20aad98e2a0fd9a925b1619ad6bff4b3eec8a87c6e62b92109e7c1a1e91a519478c54b1ae8c600f6f6826741b8b37388f2ac131941
0fd192578a0d8333cbb0de3c98910531ab1555703cfdb34054f5c4fbeca41638d6377738d370a5b45b9b4baea6208276a5be39eda2b2467d00ecb01838ac02d9a97be2104403b65fb19c691391c0f30b22b6216296cc4a8417d017faf2c84cc921d154e5ff16c4e6d1106e38f66c35ed80f38323e5375597
322bfeba46b1e0c1f215bb897eade0363a371f754c01016988e0a5da77461745f0db8ed9dd50ca27eb8cf1f2da1abdb65edfbaae40e98edbcd30736602ca0726cc91d82175c3eaa92913b1104758ed089593e1ebbe43ff9fd6673e50777d5aa397e35ff0fa8772cc74349850c12609ba600f48f0bc39cc6c
2c35033b72b643f18d9d0c4ba8f0fa3a11439cf2aecd60046a3dc8788c7d02781aef3e0b013261ca5dcda4b2af3bd5efce47159a325142a4dc183fac08e2e7a9d5f0eac2f7d7df078e37c43c11089de82b4220eb9d6b6f5cc7f92a2c6fa9bd1544826af9ca73f6e0af333425d245e46a82c7c56f35578b5c
3c80e0c458d6d84321b91dee7b294a1d8469294a9f9b6110bedadc755a1f286268cd063754122312e2020b14b51235a1bd2cea5183398095300191b8367c0fda72e538e291a55b1fbd34e410beccfcc9c7c3020d4f70a81c966c0855c52c71f329a0e984bd3e645b8501ff3c05146468b1d459f72024da42
38bf7c6ea3a52012b1e78f0b4c97a1041619a7ea0d44b3d96f9ec9dcb2bc2b7d078e0d6f70c15f55f2465e2c4e3a3eeeed578935408b34aa0afbe76e23f4057e00029c81ffce0520bd17e92cf219c31e531f30dc87562c0b0d4b3f5602392956938000e7c0c5c0c15f397b9441eb8a87f194fcb05ca88773
139c3681ab6c8b009d993efd160f9c145d34f2b10736d3157b219e3af0182f3902a01eeab9f14a77a9647213592734a71656279e202680932ad88a7b0ac653b0ef8b25613eab91f86c58af263d5a7113ea52a0c6969c271e366913f128bbcb2523806b93e29aba2d3239355cc214a244a084b500840597e5
39f770e20df2ef934084e754fe19ca35cba7341d29b850e0e648c509d8d40bb03e5a9b6f3e130116b3635b6c6c255605e593317e919e758484a4a82905b7f5496536650222a52558e7bf8e30f731ac7fb2e6a1d265e345685fa70f74370d94e874a1b537b3a95d939913d9a635806a9b72933c92d0d9af76
0cd7bb9201b919902d97c510675d5e20039e49904eb752af12f69394659032d2730ec3d407207df48609e0fa482fe54b55cecb98126e6d24d0feaa340772669a03296693f37eef978a5a961a9f780a2806aeb29abc59e0e8e86316a1ca91d32f5992abca650a8a30d1301bd28d95d4fd703f1b603baccc48
29ae485e4a1038315d921b933d97810c14bea2e3a831d191eee1fdb1509b004a9cd3605590d2b52feaad11858801f9017b897a077065958f7d77f4d425a625bb1dd1bd112ca557356897ee338699de0b96ce6123762adf75c4e11569ff82cc3fac1315a6a3b01430e1232807a72f8caac3a7942be9fe54c0
000000002201bf0037c24c6392847c0476a30efbf720e32527f526def0f91034f08bf54286217a68485b42840e3e22c7415d7bc8f28789b9625e79f83fffffffda5f2113fd8f4c3c5ee24c3797e2729ce5f3c1d130da2e7dd2c6240a269eb524e451ee58f1fd9a10ce271fb1a41e6fc3725c9c87a9f14ac2
000000000000000000000000000000000000000000000000000000000000000000000000000000000000000000000000000000000000000000000000000000000000000000000000000000000000000000000000000000000000000000000000000000000000000000000000000000000000000000000000
039af238fc6480d0cd10e378eb8b5e29258f161ddfb661557bdfbb160073024223f8a051154157f96312ea465c08f2920776e39b82f53856def831c31e4629fdb67e0e2075c6004c550c8e2766e6e4488f88734c237a30124c8038f3f3f721ef60534187eadc94be851033ae7a7150742217c1ba6e9eff0a
1896fc374bfc6253e2af4ce659a8322fd70710b3b22f0390a55612b5e91d3341548a93ccd691c5a2f0b37e323a12a6ec01c292c63192b112a4a0ea8729adf503964f79f01b86c8eb0b0f7d353a355b4845ab73487a36ee42775803a58ad2ccd6f6e0a6adce41d9c2653ae1c592d5cba8a25f68d6506a5a2f
23690be3a9037d6200dd0bb8db9e6a26e1757ab7f843629791e8368d68fd2239d5f46b59677245103118a9e1dc092b813561434482c11816fcef540c0f6f15a85985e01224e8cd6fbbe3cc1bce83ca4a424741970718d371e2e51e3940497d30ca40881fd56d283aaf0f1197272e75b5615aa79b9a5c8b3a
0f65c227789aeee037977131331d682859ffc1cef5e37147eecb1f3c30a70c6bccc9ea7947615c116e838cacf730daf28c62d2b8f3ab130acbbbd22923ae28f5ce9408b00b7735720c884b051b43c33929d263ff21d4000cf96930bf18168c4bc0a05a8e5e6985fc882fcd9e0cd5e58a91107697f86b1109
1e417fac54aaa190281eedd4d2c9ab1ea95ee260f65890c41294191a98ad2f6d5b09e7b0f090d1ddd9132d50130f9650ab008933c10b3b9d2131b5c52c2037e987ffac938df6104c34bfae0e555b75975bede1a0fc341f812ba803dfd7fcb89dda3353bb7cfa1ee1a02806f42017cd134283b894ded19bab
016d14fde203434096012d397772fc34854576fa9bb7233c4898cea1e8f101d273ab84918913de496c9b3c75cf221f37fcc429f211f2279fc8aa67393bb47d84f30bc5533d4503d5aed9fc2e2d33db77fe808017affd10c4eb6b0c292ee6c70dd01151e2bc4d5a9c860b744eed639759c1f4b75cc6148cfb
06d119e4cdb75d921052e84274f3981d2bcbdb594fb9a2959287a331628c30b39dde3c250a710fe8622c6994e01030de3551762d3311d2be73844c4030e4477e779609f3a3c8fdd0c7fbc312144b9a51c5d971c59035534e2f0a3021ad56fbff64115e46838ac69b15082f4b6f92ac5b711062c42161258d
1b3993ab22360550ff9129d40b38001053721e65bdbb500797ccfbd7e7790ac1683dbf9564b0a1526064ed5e8705f2c3c6ffc3370313177659c7391331c47ed94f43f891cd2a3fed253d780e7a62e8c1c1cfa21a2db64eb56e9e0b848b609d289b701e1b95f439b1b6267101d49ab66cc351a6f664cf5001
374d76c0697f807321984f2334bc3f0d8c46e31157265100a8503c84b98929372e84c1a648e27ccb4157561ee3170456a068b753f2b1ec76a763239d3a6f44bc575ebc93a4600b5758b96621b55f9293328a32b7612f507081c63e6f3bf3156a88117c6c611d19d9f43a32e9110c7cb57210c1635f24a5e0
3ee16e549ddea9233ad32e8ef023f1148aab5e34a851c0fe880205665213044c6f9a1d925b2390b46e99c6adc0188c8d279d1bb3e2450020970440eb03687d296c8267729e006693805ba72269b130056c92a063bfdf695994e03a8605f9d78dce92ba4b7db8b7e814191f96d7b5384763ab5f29aeb554e1
06698ca0e99fbd83815865509f5c2914d959be790190b1b141c99e2e12dd35376846131adf933c314dad6cb8c2391fea8ebbf033d010deb3e3de4fd53657ee3c850004215e3f007fec5ea72505b5c57f7d45b35e5ffd8696695d14b1e507308fbe624eae6b59758b541003a3baeb2b7dc07c2455d9b8259d
2fc722494fdd1930580ed22a9079441a3fc6c6d5ef23d07698e211fc9b980abeeeb37197abb12deb3b3653e3bd1f5bff742edb71b37e85dd5238ec0d19de9112b74b63308f20eaa17fce2e358ecb81b75e0031a702c3ae659ad51ca6ef8262278ee0950afa0593193e1577528e184747c2adb9d877dd49e0
1e5b0b4c0a7af481746b04020e555821b6709994b34b037fef3724ee97c536361d231d2abc62efbc067c2bcba525f904a27ef10511a9738dce61f5bb2dd1f8e1a55c428091d43f530b279e3b0798c1cfe75f12ab5ac0b20c9835056dfb100e5a05d033dc30b49155c23dca3c65d97d327304949b2f18e8f8
280a19a2546fa20140b572b4a51aed0fbb7ac2171c7ce35149b77433763112f6c01fc65edc82a347cf8447b20230ddbc669faec493647b25b6ae86b306b9fd178bd5bae2502098b29d60252a66a718641acb430b234dd6f3a0c5395b0643a7360721d7c62483cf4f871bb65eb663a7eca36cd671191ae874
000000002100000126a16821b862fd0c59980bc1fcf7c13876567ba1697d27b6c2369833b162a8e5d3a9055a58339dd5765944b060bf3d37493af0863fffffffdae00092d95e97de059d0433a667f439e30852c789a9841c968418493dc963ac4eb1571a2c56b8a5a90c622a89a29b4fb340c2c8b6830f7b
000000000000000000000000000000000000000000000000000000000000000000000000000000000000000000000000000000000000000000000000000000000000000000000000000000000000000000000000000000000000000000000000000000000000000000000000000000000000000000000000
2c76d55a1c8b4ce0a1c0ed435206d30a1118cbd1e8fa82004e7b342c574b20d004427ca292f0bd09c8639b63dc32ed6276dcd41732eb509115ca4ffd2b4034e7f4957300174559e7ccf8143b47a5cdcff51f0027933156e731343b7d0c86f7f80153e3bb4f799907882b33c79689267ee100aefa9c088a45
0bfd9a704443eec3cf114cf7adcba309b202019d23cde0552eb996d9403a383a78a39df17bb2947170f9719f710fdbd561879a6a73dfafe35a1a50921300394b25240a1274a2cda0564a8f2bc3270f662bb7f0576faacd7f11a90a5fe202f5bbddf1d4b356c67787b8097958b3065ab3600f1842101993dd
0ac1d857d32fa111d0569412d41789212f202181395b43858c831aa7d0a1396352be5dbe2e62cd263fa9f12114351ff045396ab6f2e560464598f86b135eaa21b0771122e253295597d12b267ef7367869b4e37fa123d6353088048c2e53384cf650c5a5b618301787323530a2ccff2be31bf40c88a304ec
31e5a7ff69917b63c53838f78bfd331c8db87bb4e565e0247ae86d2a74b60caea3d1ca8f28611708c91cc478981c169e42f73890a1e8d8b5396740fb1b540e5648b1a391eb442bb23f2c840854c439081c9973e2b7419854f36f0578ea2f45d618a25a5297fd0a754b05d4d0e22090c17257b736f02a4663
3898581a9636d743ddcbba265291141fc0212e7e5827018f8dabf46568f527ba1a9fdff7d4c3f1aca2cd0557c031c094f11e97722185bb0f6a3b7f25385bddad82f9fde0032434d30566e03db0641d8f8c82137ad6cac52cd0a8314b2ca21570a80201dbe66c0c37e2277bddb1a82049b32009c1cd0285e8
143d4fcde6f56723bdef0241a4717407da7663d01a04c371c725bfcd44082c651cb63f750d809c0824b7c270560c80dd57ae0282e27decf1189beae0343b40545a3b04e1310df114e2c7b42fda50a130a12b415cc16942e1ff7f1791d4d81813654264495347e456e92d3657bb04b1e160cffc415c2c8748
26ee4b6fb75877939a68c54be3cd262cd21fb8e65f5fc3cd50f43fbc75a63bd18d38d7d85aa1206bbae7193d7f292069300d834cb29f1047c3a1964a1f8176de7a2490c387156945743b0b146dac61f791a05063c4420940c9942dd451037fa5e69012d92943860b5436fa4ec4b02b3ab1863871be2319fa
01a82215544d3622a9bfc7e916e27c2ea550b4047c0fb26edcc0fffab6310a4f9c8e4ea13250804cf9ee30466d184e47abf5868c60be3e07484cc8911121c54a14e0c3904b4264c9dccc6008f88f7dd3d6ad53ae8c11dbe33f4722954e81aa9c4b604e28a151e383ba3a0d9741646e15807a8192c9b74888
2216af6312685793c32e2b4e13a7df1106fa025358b800899739e9b5298f2f22c865bfa167f27a674c0f8f85062fb7d3fb759283305c3a702eda2bff00c3e5a3874f1e6109d092269e55643991e77cefed7b83a87035d4d6217d2f4d29bd294418303a29fe661f8fe028ea15e09c7b46d32209ebe98672b6
31bc55be6c31c550476abb0d2a7e9e3b58107230c33eb0c3e267661bbe3c17b1b34a4a2711a0400d75ec10efba31ce6b45ee6ae28316e04d4f9442db2824cec1253c65b082c5752cf112233f3a366674876f71ec8b9222ca18662bca305fdc6cbc60576daf23a83db42dceb3161cb75da0b5e10fde1aa8e1
005344d763125b4169c5fd4bad956034cc68817d377893982a2a8a3cd0bf2aa5eb658d2701b39dd6786841e1c718cf1258d5518e42c1cd1b67a5ad423deecc5ba97ba1414ce718b1fd85b8122d0c962bb9592331adcef40fef5425feac3769cd7f50306e37ac00bc193b41f1b077062cc23e52154d882861
1798a995273d41b0584f1daed6dacb180911fedf7c6d215e626a5724052409cb363fd0981f41683494b2278e78260d9e89a199a6d24cfe4b2c411db409b970a149b201f31abaf1e5f647012b8bf8c041236391945656d1ca136c37ca5d912d45cf43622deac00e55482575b57a4fedef00cd98175663e096
3d62f9544f89f133a9b7a7621fe1ee025a22c5d5779fc3e7568df294ee4d006f69da55c680207b1320f32862c305bdacd82afa1762d59858b61e9e25299ed31e9f332073403c8e8c5c6efe3678229a617d090145ec011ec87d1b2b45cc8e85446a30e6418d6a4777c623658a77204e80908c44a3931d63f1
3b90ca4bd2490f13c51a98d7d7038c3d7a54ed1745fb808b3f83394de3de3d72e3c5feb978402ca1b8d9a07333210d9a643e69659358e37310fb040400744487791047334fbab718f62c1d1fb8decbae3934c0b14f0b1ab48cc638f72a1241504f70c308d1df71cc57229b16fc8efa1692f6c4741958739a
0000000020ffff0126a16821b862fd0c59980bc1fcf7c13876567ba1697d27b6c2369833b162a8e5d3a9055a58339dd5765944b060bf3d37493af0863fffffffdae00112d95e97de059d0433a667f439e30852c789a9841c968418493dc963ac4eb1571a2c56b8a5a90c622a89a29b4fb340c2c8b6830f7b
000000000000000000000000000000000000000000000000000000000000000000000000000000000000000000000000000000000000000000000000000000000000000000000000000000000000000000000000000000000000000000000000000000000000000000000000000000000000000000000000
052f964da2f25cf10ce730af1810702cf8854c5a6c50d2bf22f469fc33e8072b220d9d41a06054998d4cefd8611a0c3bd071532e12c6ac08d4b3fb103389034a49be975076727851161aa436c65555234e964282a9bc3738d9c404b8c548869623f11dea832d7c755e1be5d4b3899d348245e824017c2ce4
3028a321fd007f807907989a88709836967dfeaca09002adf1fa160c59663c4e388f63021b629cfe368e7007563669c0ecfeb6d740ecc601461f3fe1328ece3c18aa8ec3f3d536668420140638b537aec0766082863b6a3ba8de1b29d097e47ea813fc1488e4612f0530a38e4da357185301ea2cfe36364e
2da0d7cdb9a9b4439b98ca010657ad03ae83bcd591edd1c2a271aebb359606fe4b126e4db542d607dd2e6d1e76253cf78d4c5a5590b0abb70bb1917307a8e4797c5ac922e64d04e85e9e031fd5010a0f91cff099884258bde77d172466b19afe4a907ae5a529ff63971a253fd89305bc81f3b6bd52d085d8
3f5125d062f9a0d0c7eda639a1e17d11c92dbc98055182783dba6a7e1d563136feec6f53ec43e720e1d2a92bec226e026bb0022c632745bed804a1b2185963ff452071c137f6576dd4555e0e1e468ddb557c52301d6a5f5387400cd6527516835ca1e54d61549a7a0f3d7e7a32af05fee33492ac237c63fa
06a753ff70098130ce3da48e86297c3043ffe3482eeda371bb809f7197bd0aad6ff6b1cf7d91b63c29403b5c4e20a47a4243a837d03f2e3f7fa9fec7001b8a0a9b32ae32101e519e7683ef0b368be7cf8a8fb0e2645e009e489133d32b0947c62ba099a6018f224ab628121a9db99e606389a8f00cbb0259
2323418c4f5d5ae1d5823dd34179812e90faf7f3274ee1023a7fe07fd4de1d07654128bd2d7350e002a2d0b61e0d1ce1320865ac63514080a4245a8e09a2a3b0f41b795079c4a1bc08a27832eb2f3367965cd1d4b53d47d4b4df37f542b497448421a89acc078c6e5c0b652bc84e8c0c2251c8f817b03afe
0b5c9b5168aea463453d30894a06ee38874d2b324ed5031621a185fc2d5536c76fe65a3a06b21c961bf21918ef279c2c45c1e02970bbcf9677cff46c0f13c702c6521f91871aadf087bf8a06b61aeb6c361e836ba81fd67a70131f12cf5c49290f929d60c615929e9f002c439747824fb3c04468fc1fd23c
13dfa06f40ce5140a130b914b11f5e0e10e801456c9961c1080938b30b4429fc2df753c6b392fd39bd811198131433854719494d00608de36d1403de2db32e5ef37eafa08ed8b44dcffdc7351e7000014ab011e9d2f5f34af9c708872d456626a990cc9965ccd5f645257bf03034160122a26da2552ce229
2c938e1fcab92bb380e78c533eaa1b32b332a4b6330e20ea681294b427733ce9ddc2cbc1f90095180f66464c2d0061fc1c3dbcf741c30aa15c9a38f205a938b969bed440df6dfa8d1d81251a5734f2c944ea1080eec0f03e64550809d91aa5878631b77bea7252fc913fced7f6ccc4ecc3c1d75dfd35df69
0a8b558f709e6233b9351a8baa6729231498cce6bf2f328fc2ba3d6241d207b114d755c90523348c006378993217682b9bc010492159feb3da9279da22bf337488311930e1ea0f92a7ad13385aba9710ec9581c385775d7f88951da99c2d9236b3115f5191c6cec245196b14d3db8e44918edabb8c00128b
07e9d761c5a6117153f1734579cc5e3315af426909e7c31f1538cc20dff73da90a705603ca6065498cfe06529433727016a178585280ad7caeb8b01f213179ee4c7d09c2476e952e0870d500062f8a7c72e54081b899769a562f12de09fb93f5b2e003c13e3c5e8d9419f999555ddddac13cc1045d4b0e91
3bd5fb3d61100af0bfc732a39f3acc050ba3afda1c06536935cf8642a53e313e537f285a882144a02617037573366f78216c070431f05ecca25583d23b98401059f2a8123c4f721d58f9ec33690a14e92622f3444f1774e54bac000fc8b5b7865dc363f7801497e6171eef9f8738242a30955dd9caf14a25
065f69d8678e3e0342921154af595f0cc405d121f74612d30a83b3b3f9e2228cf18f003efbc2162b5c2c4fda4b179ed3021e7491f0556a79ab9f6bc036bb8899b0e73ca18edfc7163df76009f377e8740a8501233443557fd0a704073faa3d884df0d158f33b2118983714dce7360b16c379f4776ea1cb0b
11aed457205ebc611d8e90bd488a6801bcb2926c5dd7028334c711bb2ee03045ab7c4bc28c20eef2fd42c5a2cd23a181b2ddb901724442feda13ec1921de873e5cc34b818d5393696dcc2502acf89bf82ba7c229f330f578f77637180151ce93dac14beb449e2edc521c45a54af1c8ba605ef15640efcc87
0000000020ffff0126a16821b862fd0c59980bc1fcf7c13876567ba1697d27b6c2369833b162a8e5d3a9055a58339dd5765944b060bf3d37493af0863fffffffdae00112d95e97de059d0433a667f439e30852c789a9841c968418493dc963ac4eb1571a2c56b8a5a90c622a89a29b4fb340c2c8b6830f7b
000000000000000000000000000000000000000000000000000000000000000000000000000000000000000000000000000000000000000000000000000000000000000000000000000000000000000000000000000000000000000000000000000000000000000000000000000000000000000000000000
2fea3ec8d2e27a73dbf4ce08ef6dce0040bce1c490b4908f902872ca25303fa0cae7d192b8316feede9b343a1e1294b047955e853034b554aa23cca80683cde090a665e19903a54ee7e5261fb6e7ed5a9f2e62c17828614fdc1d109cc012d63349b34043d0d7a74a9e11d42166a2dc2d41122a4902468bc6
160d4c1cfab746c3bdb347ada868cd17fc0d46fb53d46377b62f12a3d7043d34864612d37981661c2247eef7e5178e20f2dc0870d3d6887084f548131549f913c4dcc7d283ba3f0095121a3aa2e2a12efd3912bcc7f461c7c497388ef989925f3611817f5dca3c4b562e356a8dc082d0933d9e4bce587c7d
1ba9f1c91cd1bdc31957bb5fc61d5c307aa6242ca3d2b1771ff9cb85abe01e0140be1c7ba3b3f674a07010fc800969138a9417f5f2c7ce87e6bf75550d209ce6ac1745d002d948b8ea935314edaa7a9d2e3d30acecd34124e6aa2ec3fe785df5d511da92466a52c33b3ff1c612d15ceb80b8e715897d997f
3b3e74be138edbd0b38b56e664c3e025a5e4d3b62d5000a51b46fcef2a8a1319095662fbf031a4e080061257392eb02f1ea126cb50b962a12c20bd7e1173742bb49ca6f252147c170f962f25ced1781cdf4b02644cd8bff7f5c73f110dbd07ad6a11cffa697bf0be9d0e0ffcb6b4234f4344e075ea65900f
3c611655e5e960d0de08b4c3d8f43731d4d410b8f84b338d2e4cf0d19c370c665b109836d0b2cb781c376c54001c01fce6a96ace0372761b417c65d13f46e1d86129bd521b3385a6bbcd6a0ed526fc84f40b129fecde1e459c103ed3f4259c6fea93cbd2bb3cbdf32f1a648ab72ae461c21b7fd83897afc4
354fe3830c4f43d2429e959f345c5411e767c96d3dbdb18020864e16a9c9297b5a6da98f0a42cfc515fe7b42000cbc93ddd047f6432ca8c1e85de1dc1d6de5782d3dd8735969db00abdd3a0af290d3cf565490543927dde74c461cdaa3aa9b0f513240782651ef1bf91f4324962b0d2c93567c4f6f671332
03e4155eaf47c0d0a65c3119e2725e33e5d9e19cbfbd2375c37b0702083e1fd073a9db8f71033d1ea70bb7c584052ef3ed6ee8e1316f050ea82e0d371290971b3ab77042633443df207011266b56572131e9a17af010bcd2d32538d40a6fb4299d900a6889b05237a3270d2b485865fe53191fa6fd517b01
25636cc09ad9bd020b708ae2c3fe332bd42b5c979702e1c44b94bfd99ac53358430614ac52c3928cd97ff1200a302ae754b15766a2c81db38d028dfe3469aed9cf6e7341628572ab0106f52a895446908a019389928131aa555514f82ee6ccf56a908295e0cc7bc8ca03b64188008d80a33ba40fecff8378
0ea68e5fd4fb9a615431ced464b1db06049619ac94f810627542fcc9ab2d1a72756bd95ccd3274cad7b0430f632e9f9b92e0423452416da6185a0e7c26f5c41f34420eb0f60dcd542650b300503069253ee1e275e3b50898f82333c671e0f70e5360552bfa6a1cbf6403f0bd316084f72156927fb1029f88
022aeb894ebfd0f14ee03ff165aa4606f69ab27f030c407873d7ebc256fc2d523db2f1e311b25d5ce96478c8aa050a5af93160f2f1930a4b842632593e1bd62b252aea405c5d49e71a14343287d0536fa9d233b64e84f659e70c0f03be98baf010e367ed5f852386562325b6952816ce80ac0851254ee9a5
1099861c9b310db01e420244b4719b0614bbf4baf3452094b04cfd58662a3e29b2d826bbf9734e3d94d8733d841bf66c8595d83a3054b21bbff36d2c079d15499985d5a0c2426dca3703703cb470cab678fec05c184e696ac6e70ecf2f1e0a7f7793c442ed9e2f13711e3765d1badd0011703d818c1f605c
15ef4ebdaccd5041de5e8add600a2117c7a310b89d02415150a29f9b46321bd39c434d83dac10291cf3acc5b682e77909fe8d957d296b3d4eac73d0624c85b342b5d9e72506ec83b7130900e09ce8f6ce14051f0e1c7f96e46071a457e7cfe557801d66cd84f02d4f42970a0caa03b4672f08cc1d7a870fc
108ee2e79367e90226b64691320764198997dbfeb3e5402e1c8503d652f6022a94fd7ac9e210541b6d424aabaa34208a7f4daf71907d711b94df91a93fd84668342d5f908158b5969843780d64f11894aa6a430a28cc120c04033d48c8746ad7dc607e112815d6cb6e370238bbb99994a0615a7cdad9a961
163aa0588ed1d7e075a75b168186bb24503729da7d70a3d7b1af2605d52a0df24521d5a03a315ba0cb0d9ec0f3352a28f48524e8111649e2bd3da11d36b7bf54520ab641c221a5570a5ec437ebe0be364d81612a370330fa168323318a3662cf5bd2831fd02342f78025ee07f901144680747fe805270e34
0000000020ffff03e68f8d9153db780c59980bc1fcf7c04a3777602840cf27b6c2369833b1600a14b896dde4c2339dd5765944b0625f4ca9ba0740c33fffffffdae001137967852616e0c733a667f439e308533ea91911d92adb18493dc963ac4eb2a682b9dfcc60740c622a89a29b4fb070bb0f7e3de75c
2bfee256f9b787b0aef26092ce57691ed1940a1e0a2470c7e63fb3314a7022a4c958edba7843c03d900d04c3423d0792ade1ac055382ac92c950fae717b755e78cc71302ff683602fc685e1cc15b89b0def8f0c300cdd931bf7e022a815a07fd29417318fd335cb6132e614318b54daa8177f916bb697828
0da7636f621f57e1587f27ba8ed24f03de6142a4bdf3038936ed90a783cb19335600b5ca6912b43a0ed080a66c0c6bb0f4c154345281ae0b4b4a14df040d73e0d7f25ea16f5a65b35ed6ae0345ebc23708cc00d447b0165c2c641b89a0d6c81879a1154a462ea236c91ef5f8da468afd6383cef7d670f15f
330c72acf4769501af086648aacd7f16b47b3ae744b383589c6be526a16b1d86ca9d6d8d641122c71faf3fdae42010be23d94095f13ec673cce8f90d335af01c27d970b2cbabaa82803b341a21b51a7601d510de9dc93ffe95e304c8af2367cd5d3360414c5f5c2434197b093185c2e0d2717f4b9ba21ebe
38d6946511b1dfc136a14de1cdb4690d9d9abaf358df83a7168f3572b53305b20c81dfbe4751663f9d57c98d6831ead980ea2c481021a58c1e7349d6313782537a98b2e15d95f3c208b70301a3285646ed48d1b00b4b7f1079c905568de640e56c1253a58008a4c7cf06ed73b1b7bdea00aa74c30ea4b01f
1f0b275337c3fde3367017a0fee83b24716424a91c56c1a281566b97a6f436d2e0dd38371880f8ed662a3c4ccc1e6e37e9193c7fa1fbaa531964cb2c162949c96a930bc144ece0efd1dd2b2b0d4e48a1eea1315cf21f9edcf22c393aa54c510560f2ba4d5050bf9d473d6c31664237de8252840633191918
1f4961021ec284d05eb7d551b1b49239ea7d94dd42ef528179a2d3c234ad149c824b112a5b73ba04d8614da53212d5e631b0c6cab100a2e421fb37f02004da0c1d6b9fb16d029d622240771760f95f35c43660fda050350c7c792f8392e749640dc185831f68ee5e26200805beddce7c70179e1ee8e16886
194427ea6e1a5731b3090ae8d62ff2093ce616c37c57b043249b92d481f400da7b286e66c7512f62dea2364b2e0603e30015650fb0ba8d9f6391e2b3348e3d14b74afee1d054b80d0838530d3566282c7c48933b31d0ae73a4063c2fa92ec5ae5ab09319cb1a5962a112eee33a21f87c324d12c5fe3ef591
045284b3594361e085042d8c902fbe0d0915f40238e50164e6fa157a96af275ccf90d154b540d7f5057b751e7827825881c570f4f0671c5bd826ab4a28c43ea9773453019aff889b3168c12f72474fc72e3723d220c0fc3b62a02239ef15ce888343a3092e8f4aaf072d7fab27d63d3251d1376bad3614f5
3011f6cfc2e69091e97902b0f701672a152e8015e361902862b69a31318706ba8baecec18660f768de47d64ea13aa1a374b4fb4aa2e42e269cc2bac809b72a343d7e89d19cb8e77a9c23881e281e3e80871f6130820e24fec22b0bda3e34a1a854b080cbb3b45f2e311b0b8c5448f58191e5dca3be0bbc1b
2e79ac973a192d70663d03b3c679b039571e3a3348cc322d6ddcd0dd786f3cf2f76797903253bc63727eaa6b8f2cf6fd4e05a17e81e02397c2dbc8112f0272a1e4f09963fba6287bf5d3f5046c51ec437203f2c50076c1afb63209ad8acab80f8d6303c0c0000d993a2c2011405d447ce0b658edf8cfab67
25dfb1516881522356c2214cd181f309ce29c86aa8a5627b5428f8f432813237d80bc730e3a0605bfa68d716f6267f4b0cd1ac6950c4c9ffcff3255a0ca026c36e78fde3c3fe9e9b561dd31bf5c648cccd8bb232040d3c96d35d0e44ff86aee2fb81a407118ebc47b710cc56295d04da230451b00b1eb44a
30e5334c0e3fef92cde726579574e230f439e357e82bf13ab47db9b231f30f1d8434440c5f00dfbacd51ad70d1017b4486cc0630739033f78ddff77a091fcee7ecea303216c3f7203c72b22f73e74cdd0648906567a6bb83e4d419261e2484e6e653a933d47d64d76b26a0bc57dd5e4b108b32cf11552e17
28c35cae8bbd9820aeeff6877539bf0f76c05c28890700c9bb21e1bb308308f1bdd91f209272eef70f8faef47f0f2716dd3fc95ea0c350127737bb721ecb4a392690be91c48f0ff29b07d5369958ebf296ca90426f78906b495f2a167258935b77a2c086cb20d9cb7510a8570376530970e80e0ef28bfd1f
20f4a17a3c6ef162a91d29351f47eb170e0cb569ca15c31ed51f6086579b113e5edf0cb6b8d24f8b386b9d65d80fe9dc36d8e1e2a07dbd3792a88e6e021297649b4b8980efadef7725589a2cd2559b0f5fac53b8c853360f20f41266e9f3b40feef067ad763516de4634c70c40e08cb7230d0f238e8fca98
3fb6413f22d72a5236dd328666316337ff53884e7b1f001e43dc72dc085f1dc7fc02300d93e01c425d39c3af550971b88dcfaba300340cb72881233a3ce7e94c9c166bc01043657fb89b17242e45b753b392620531deb9ec813c1d8f86728ba265b37b7291f9abdc81133795df0d49ccd3c87449ca3d9983
3f0000001cdfff12b99930fda42f4321435f9080d990d3729a380edd5a3e01839b74a1c46cf0dae1e7765076150fd794f18e01c1a3e77ff5660c8209007fffffdf0001034ff48e00323e671812007946d7d0428e65aa72f8290010a4a776c6694ff2b9608eb955ee202463536213d06673a8c4cd6e313794
3182861e05652263cbb00b96df274439a21fb5045c88603991feadeb552930c48aba794c37213fcd1e0592b0bc217eac79147cb040475537ecd613b639845618e3284e916b1a2677e7102e19c7e5883c5f130014d283b697f7911ba479b08bf4d0708585b2bc15dfbf18a3583b0d8e396191d2cd3b638f8a
1a427c947478add088be7215ef0214235ed8cba3128c6347467745af8ca13b74f96c054d8800471d11577821283a261d2f2a14a483304f6e61b01cb31a4e776f3e4d5a60be10395683f3193e2ceeb26e6b16c2406d5de0789ab71d2d925aeaad7802d81e2d4e774c593536734754744e138749034dcccac1
06582d752c1929d05bd3319e1b5e511bc2a8d8bba56d50ce406df14cd4612b78e380ffb33352a40772fe819ceb24eb3dc75bb5b043dc86d65baca296025154cafdd423e330cee4cba38e9130279f5e95bc74711efc657f297dab1046d0c188e6a35325ed59f0d50e4336a817e675e986f2980f96f4bada84
17a570743ba86582eecffc9bc3fc4f335eb12029233d714188c03fbef94f11cff651775fbb20c72d35ac11248e0c6a7a56f20a9952e3ed80314614512de334beefb6bce189bf77947e68103cff3aed9eb022416ebb1d69cf027d1296df4187974772be736daaee680531754653da252761e535a05e62819d
16e3a59dd92985a15cab6b0a663baf31f01bb12165a173df8b136cd290382d8dee8bbed58dc181e8091d60dd4f04c6dad58a4ae8521b7b67222df6502f9f104b60b523e0fc863d11fbe8c91c9febc49a79223236ab4a93ee547510b0b827b888aa9059841263a7847c1f2c2f0e7cafc2c3d42f915f2159b0
1c36b073412531c216b262be39347b356eea5264992e902b8f53164c9d032af38a42f6beec616fd9b49773dfff3977ca8be957f7d275803977cce22f033d1f0759b14e131bff6f7ccae5681aff2e3f71ade052d2c1513ef6489e0d1b32e921d5db7129b06bf0fa38e706cb23f36115b2c301cb9be483b3b7
1346850cd9c123c06af1b5f21555f514dd917e520a2f93d9e5f0ac81f2b81d2e2c9669306483d9834371ef7e0e1c7c29efc82ef042da2f113906eca72cad2858b0795371063b6d5c9bf7ce28968184c840a4434bdc07ea2eca63109df75d1c64cec260c1d19037976127e66d6b39e9f0227c92b20f24a3a0
233100274f6bc2628b2aa6ce8fa1872c37e7a5366e66606405a142b1e10719b10ddb70ee6ce2eeb38dbea636960fa7f9c6a88c52309518da8edd61c532f3762dd119da72a14bfbfd3992f30e36809385bd4750a04e815531fbe91fe0700b977575535cc027116efffb29354d1de15730d20aaadf72530eaf
3cebd075983ee133bf43532c6424d03a3197a91e0b41c2f5c9f4e9b6e0173fb8447857badbc3402157603ab19e315768ec3111f0019141e748dd093703646f8439942f416572cff8988dbf0e5a1ee1216117f330aab2dbd5c9ec2fab7995647a39a2a5710521563cf73506a16b3ae77291a044b7d0af84ec
1d5b651614f47ba378198039a7ffe817dfdeb0c8ec7c511b1f6342bfc270030bc5623a0cdc91ee4874caf7f637083a90380f281341195bd376a9ad24194d693f0733cf506e4c1720f68d5207473428c30c242144376c3c1c1f8d175a80693cf0d150e30c3e6ab713e81e7009bd97ed7dd04679a10a48764a
296af2205891d3e3049ddf74dc94a00319b090f62f0513df9356d5b35e56045c86daae87e860408738f4dd049900d8d98490ff35720a4e76b4c1b9d005d44aa8d2566f113986850324b72c1f3a737a7c444770987dbd4a4fcd340ea65cb1529daac093c46d0cf9141c3c1c5fe9bff68532154a9a4f5bff58
3fe92b31dcb2bd4151b720a1d2d97217056379d3b3d843c9b7c15c9555290b7e9ec090464b90942c0e42b21f021cb789bfa868dbe05dc56088e94e1f070c36010fa6a9f07187d30d081f2f05286d81d26265526e3a304d117c7206f32f8a3de9eae2bac95f50fa14ff0f4172e6fa3d3d42de5004a57ce330
28d74b65dd8f7800ff04fbdd90448b3d767948ea96f9302c84f66ecf7676283dec56db6877715fcf7f61a1a0cb26e5f3add1226de085b8af509f7c1927d2541859c56ca33d4faaea10167a0fb4ca3fb80888c3d74040b14dad1101b8dc6ca537d840dd9ef5c905b4e73f2ab8ff01b963c26f3fb19762b29e
0706de778fb30db15168a94312cb71169a8fef276da492899e658d793302387111e50d5645d1b0a57f0c4d83a337d5d423f0b16b63c8383dc81cc667367245ac22afe6c0cd27d7355e5677264832ff1855e2b26729fa03c11d7e2ba96b8ebf4f4262e2e2c7b8fa6e2a02effa3a408b0cc2ad0f42c0f7ce4e
0cf27c723c5c6022199c7dddb1dab636894db9d4452080d8335c305c0c9901888dbcdcf82fa06a9ddcc2ace1aa008c4aedde1fa691ddfdc0bbbabf322ebfba38ccc6737083872e87b9ec050d89b13c5b0243835a82e467b19e6312d9cc262c9fda530077cbcc2a3edc0d09df46ac9e9b7285a8bf43128a74
0043feffffffff833939c61ca5db4701a20c41771721c356b6750a33036817888e0bb843a07290bc239b5db84e1621acc013e15d82fa1d90462c6c423fde007ffbe0009310244370b168652a21b191f502ded29c578bf54d546b05a22e2b3b29b633de7370a6ae4d04213e477ad0e098821f75fffe424277
1eab5d48ec44d3a23ebb12fcaec9d507f14b45ce08faf016580f90f5334635fdfbfbb4d75790a9a2bb0068cc490424bf530231c6f12a63727b242d2527c2561b9e753fc0301756d7c7d8f43b67982823cf9733ffa6d1d176532d00ddf3b692d154218fd53de0a773cd360c9b2624e806e25913a5b97b83ac
1cab90b9559927722e50c355c0da073caa8a989699bfe23238337a9e4aec267da7b533cdad832e44a5862ca11a31825355130d90623496b8e7c3a4270fa48f2e0651c9b2761738e42eb5d6138c9f476527494274c1d31d3a249c1f17a68d55a675c13419a3cb4b95e23d4cbd86cd4dd3e2255eaa1d70cd92
3e40b587c5146b10a1a6dc52c4e58b0fdfa1a199d01131bbfbec645da09d055643f6e78cb451e2031bf9a572913157ca5312d98f93e3531e5d71a2543342de35b3cec9b3ac4421bf6551a332844de28eeb1922030b77a2ad7a3724cc62171295efd169f70cb61835462f3003b66b5540408960d880343659
250a0773b3735743987315575b5b072f29d5c0d8a41311568f50308b6fc73a7b15ac2f512290d819245dc84b5c3ca5cc3582baa11201ede0b431e9ae2091ca70847783c3c41ab1e73643db1dc016997cd98222e0d42632035346373fc7059a062a212eb0a0c5d12288346a2557022f02f2925486042606dc
0563400f87f19b53231a8630d6eff0380ab4291451a0236210782b8772903fd56dad30e3f651420c1a5ae385d10de7f862764298401673757e3c48da2147158e743487b133c10508ca96ed02ddb265c3b93b405b886d585da6c50d09c36b9d31ef4039ca802fe1499222f01aff1943d4819009b499409d3a
01243f0b37b9b1f21dcff11f73d51003882a1edad22903dfa1d9af3ffd0a2d41ba5232f6117279177dcd83ee123caa72fca219a7d3efc2ab94fb240a0926056d8deec2523ae750b2fa3e8e1bbeb71760e9b3c30ad1ab633f08670f9d954419c36773d48def21b89b9c0cbd6a57fd453fa3b7a122b39f7f65
3e85c7516412ed70edece67c95c61d0384e4f75ff3e52288d66137cc0c592dfd85c42e0ba5600853ea8ea7c4822e81c404017a082077ad1858b61ecb3daac9d110cb0ce1d9f81e69d734ab13fd8162ed68e9e0ed299d2f4c99b81c26619f72883bd3445ec19b37585706cc6c329ef181729c547a50d04a70
3a2c08caa3a9dbf112180e614c4c77019a16ed11115fb2be169405e972431ed63fc12975c191cfca53464bf48036220d6a75f9df00da31a9c55573b623de81398910604187cc2d773bc1982c8bda50e2b8d8c001f0ce9a2bc2b808167f7dfe570f52235e0bc8f967281f9a7a6d5fdb1d3237c320fe900e35
0b659e187ef8b8a1286b9541d5377428a6837f09d012d240936cbda7885d26b48c4320abc0402b226e65ef17a53db39309d66bc27380aa65fc38dde500df861fe54f05603315bb940861b1126e78de27ae3c012fb79fbde8b3793d206e6392805660ff4887e386bc4c0393d7cbeeb18a223601b55ce46691
06ba8a450ba40a330901a391036feb2685611871c70be246aaa4a567ab0c0984c7c60e78b1c2cd4316d03159a424be34bc96945db13fa2a8c1f3db4200be6f73b66717f11253015d43bf6a1895cdb67f77c2d1b9223564eeece030b561ff36cb1c323708b6d781ac6817df188f6af3d70113d81b67b3b4c9
0f61184cad2773b0299dbfbe9b99ce1ce9ebe9ccf232226e2f2cf44850e723b48cd1a460afc158a707279cf4d31572935e231e6dc048481964a7c4f800660756fda1a2812e0a518335e3461d8daa850a940cb23d52def129c4182e04f1212de574210ce0b978ba83093ba67759119d2be00239e806430b97
31c8393ed6c3402336b94bb3d93002062a9d97799fdf41aa2d66fb844afc21c4deda100be312bb984d7faaf9fa06040c817cb623f142dd31a5fa9b1b1227f8cf968a5bf115a8262166d3d80a82c54a14782f72053805cca9effc0fea6056671df813aff7cd7d9cf39a39e79413e8a4ae41248f9b2f4a7976
1b1330ba23ec84e2ba000e45f63563055930ba371e0383313ed33134fff307460c400d9d0b63691cb0c5a33ffa122fa5f8186590d1d9fe1353507cba134e5192247cdb00163df995f0d64d3b24c2f34ce9e8f190017d1b4cf94c0993797ec35124b1ddb04c2920b06e39f788404c2215d01f6467bc26b6ce
0eb03804ee35933062bfb0e50437de331623d3a6b76fa31bd4a8eb66479b2b9aa0735b4f7471464ad6694fe120333e6d0a52fe07705675e8f29a47e031558c7fdea70480098af11d83dc4a0a9edf9f7195ad706d52fa2c6692f03668aeeeac5ae74246d7c1cd03d75d20bcf3cd2c3a81a283a038f02d8af8
17a184ffdf1dae013acd679598c54e0dc67b40413dcfd29ed4e22f4bb478061965c1c3e64de16cdb0485e48bca3bdef15b9695b543dbfa0d8149c22d1c5ab5677f71ddf05e1bd63ce9f7f21a9fae475ac8480159b1dd73f2e1e734fba36d7280f7113cbc149abbdd3701ad0949890c353252a43ba10fd84f
00000043feffff831d590ff29120f33d7a1bcccec3688053aea2b97b82cd3fffffeefc200092a40fbd8f7a70080bc99f8f8bbb3b617f4777dea87aea00000021ff7fff81f1bddc465d6af71023831780bd3aa1c70a90fe8cd9a93ffffff77c000092eef68a7a875d8719c030e311f7766122707c4d642533
000000000001000023d9cd7b2ae860147849f1290b1190000000000000002d19a6477cb1faf0000000000000003a13f2c0dac30a70000000000000000cb49a665c171d321d0c9b9e1c51fe3dfd10ee417e6820000000000000000e78dec77e2c620000000000000000289ec71a96051c7000000000000000
2e99260c2a4928304468285e3614162e9ff38ba07c561278ff8ded39d9142455361fc23388a2ac92494106445604a5218e9d703191f24ef0cdd4666b131301c82d3d1740faf8423502b8642b68ad2583e361434e24a7e0d551f030954a201a0bf323c5fdf9f3af239b3138c40f1039ae8205e4be5aaf987c
1166d9f3cf98d7e16631938e3df54f3ba915b52064f1504ba482878a2e142bf9f36cbd4a9c21f18cc72cf7690712979b422846f030b1d31345db03fc2ee8414e58ac2051f741bc962522922d958e2e6d377bc24c9280cca812bb0f891dcd86fa1f51904e594b0fc94b2ee1e93c277175b23f218c3eabb07f
28912649b9578fc2e3d71d1ddfc03402c8f8e74e930750c076d94b784479337f1a90132f7e02195b546b2357c62d29c5eee14ec2929cdd5293a0bb95004d588e1777b8738121b385714536017ad141e1d1dd61b4357f8fc7332f06a35caf742b6b7202804cb6be9fe019282078130449d1a627f5db88aed0
0e770402c0b474001d3160117ab2860e44a025c735013223b12cfbf40a5f104abbd344b4bac00b519e99dbe0cb2010e7219f250f02b5ebc991038e173ce47e98403ee4536cc5eb7d6277a70829b8f4bc12a1c1fdc09ac159ad4b3472c4bb235d7ac393882538df3703150ebf87757bb0234aaf76232faac8
3188fbfda1457293919a2b7f4f03c4358dd64fe4890c825fab8ba0b3440d10b4db7f73e817d32d99f1c35b929339a3c36703e794d2dc52fc5614686a21cd0c393e059c22e998e5ba9812e839124b02450967e377c78144a5d39a3273d66d202abd60b9bd68f24ed4b53908b7081e1d756348d499ebbd5391
176ed9b6a8a256d36ef46b5ce6005a12c8b650dc9831227569e26d52a7590fff7b9aa422beb30359bbad10387e29f8b5615caedb30388b32403f39d025153cd5b779e1234ade697243aced2deed3ef2f743192b64d19e412964c0757923b8ce290212542643bc9c3090d1eb6982c03b8e3bf67f006915d8d
099da1223689f5a35b0e91adc1f33f143fd8b0c65fab92a08f4a51b29262302d6436b87feee2081f99cc86427115fa15765e573d6107091fdc603c8327e469cc016317717c1c2e5a0017b20544d996fe58a85206b1c71fca8a8f11c170b999f85440b5f5f5a3cfcd1226e010b31a49dcb2383c7601cb3340
3d83e20a5f83f883352bad98950e1505ce29ad43f71b3279f66ebd2379c92f95c015211cbd21a2f26b8dcbea6e24181fd5200da2f1ff39dbe8f2cce12594e4cd8436280377577be7360bae0e0eb809052bd842935725855689d431c522e991319401a0bd9cd763bcd513970f569378ba327c3d6d4985d912
16f2c412d222df53ef9dae8921e66f15c13d01bfad9a823e891560117e4f127c42ef7d9b1af1c8a023f5df986d2e29fbd76b98c4f1d812a067373e28042ba304cc836c02dc25bfb338525624fdd8c5ab6ff51042594b924e526e2369e12181f51c537dad7e1470ed180caa7671597343130ac1fb777c12cc
181ed953fceaacd0281c8f9b9ee12601fe34796215b8f2d2ee0cb214680f2083496858743461d9078a962926153e896dba1734731168eddb0bfc30f20c6942e6f67405d290320c8f39e76505b3f6ae4d7d3ca1060f5232d5ac6516f0942c9c221560f740d12ed444de218f6e0b9c0c7da1fea06e0ddca032
26f65874528197e2f5b2ecf480b145297d6bf713ba61d338e6e20320f9b920b8f6e506fb67e02a2c7d2acc36262d34859056527d31b54ad91ab809b304b636a84562fe00d1a0f36b2ea68908dda2619a93be337262f2bfde119a3ccc322236a38772a1ce980ae9c1a207c1359cb78d97f0f2ae097fa853b6
29f80a258a7ca8e3839f77b26bd3950715cbf7432b01315c836b968b699f15c2a4f97479a9c26a27cd2dc0f308100107f7c3bfb1025ddd8fca72bd811567c9eac2d7ccf3bf944f34166a4b0b213ee2ae732063c2de946eff709d040888d71ecd4183164a7857a6c3041f35d3ccb68a7a02c8f6918429876c
1cf6e8086c60fd320e3f3e294ddb3821dd97408c7a3f129e2f03323441b42dc06eccca49d3b229520aa68f5633210b13ad4cbe9c52ae901147cf8a8f0c9a76850b3465c39e3d497c7a77bf3a6cd33af54b9c2335fb8377c4d95f12fbb8f186536621d8e31003d4d7021d7267d05281ab3313283581acf7fa
1be794cba99ce19009904441a2465f2edb40897ddea6f3e78ab760b806c619cab5a412ed8f215b5ab8e63339ef006c3b98c73e98c1d1ba4b26abe96013139a827924d8d08e2b588e4f527e14bb4f19c8cae7d2599f29abe5e87319115c7622e7f3c1cdc9a030c06b25222d668a9824403018e7f50e480422
3fc000001d23fe1001c8d15156a38834901031a65b4f00c794afb77a848d000fffffdeef01006af3cd37fa8f6235e6e3e8ebf550605716f1d6be46393fe000001d01fe9263f5bcf59f2c42066ca6fd8713ced351d21c5241738f0007ffffdef78101d268924ec76d343410a95c2789dff0cd348294ea5528
000000000000000000000000000000000000000000000000000000000000000000000000000000000000000000000000000000000000000000000000000000000000000000000000000000000000000000000000000000000000000000000000000000000000000000000000000000000000000000000000
08459534243a10d299778e23b20bdf392352c301914a60bddc236f0f17740b3b87c20ae625120bd508ae2414522a119d59fda5af83e423a44bffa3242ba04085f62cce6023ad63d8cd939d10d9489a368a79c266d5d6a94189652d75305f53e3f800b74f21b3dc09e60aa2999e435e2a438b63e37fe512cc
2e0cc0bdbc5b27b225b7a86b2c6eda3e48a5dbc3c254802a2a9dad1142783378882de5bf1e40cbbdab4c6d4d1910138c22d0395b707c7b4ed85e57b51e8f38dda25823912fa5976293b52f1628a0410b7f2302bb2fe97ee2c0800f9664e953a1b36170c3ee432450da3754c525e81708f0af040406c06081
23408711aabd4b31ce3509fa6d78a83e759b77706f3952dffccc99ba00990d7a300e92d31621c27e541a9fa84c20c9e9960a9f27238959dfa189aa8b2f6ee20a1fb10cf3bff111734d1e751f2a2936f1845fc2a17878024bf3d91eadebe771a50b41f6c44615d9a7fa088b950aa7370f1117f0704338c6d6
26cdea679d3d2960ac065fb5ad97a51f9c1b80bede7251e6be219106c75f2c8b9a3b22146a0310916f9089ef290ef4639390fb16b39e8da6c85134bc0211315fd13e11035e7d5914e684160747880dafef3e432f9c95f73d03b82091eb65e630b250310d8abeaab2951187483ff9e69162c430a490e0841b
3fe4e9ebdac125d3aaa9584ada064530f933c74d769c40a4decd6c4c76610ed6db4311a44a4021edef196ea6bb0bd3b9c84e484ec35c5851d11dd3d9304480680601dab2372e0577b385230468e73d8abb4593442e7d2bc775213c2059e0ab95f6f33b5b190019003102283fe5fe9a3920fcb97bd85aed1c
30122ee8b083f322526b0853795ceb379541c8777b3ef3ab6e55740c16fa3e3aab669469c7729d4bc6b3c1c4253ff217b338e55bc1f10a7ba23b684a0da8155dbb393fb2fc492f6979db1408ce7715670f1720deb848817339b81e304f7337e2c6d186396563ac40133d3734b767f00c3233d3d6928d9294
2738b81f562b9a8112db761e6459d03e2deef279e62601db75d0d2b9140e3ab06cf6ac893800f5c389dc2e0bbf17650c89e68835a38c6ec7c30e2625389c0af65a58b861e649c04898cca61abd8092f74788b33f437f19a78faa3fc39db90ab1e5c289899a3f4c41463cbf91f789455c4216e1eaa56cd512
1d55121df8a177b2fb955082d807ae3513acf8fdf02e102e1b54dd96b33137d38986df4eff619d815afa7815a235c732776b31d062e3fd26a7fe072e17d9449bc67949e0c184e545dc85843607e8fa9b5bfaa06f8968adc1749c3e698aa7d73053307804f5c482ae1417aef85f0babc1b1b86cba66d142c5
1ce947883b3b61b10e11737f926fbf001c0b034f551c0043ab1fc780a6dc0e90616d0a4b8e91438d86730622c92a7be536eed6d98169670d76388f701b0b66db8e2cdf922c3628fd64514e1c3e12366027f3908a50c2b1676a383ea28c27e7269d130754c4df3ce39825370afaf70b2ad1b572808340105a
2df0ebd55324a5f1de59d8c4142fad1d4c7ea6d9dfc08178ab7eb46ce54a0c70fb0114f3c071114038c62c32bc3805b77034a4e0803b1616f778449d3657ccba0b705d02e801b18f7dc09f0f9847397e2513436452773792f9722e3856b0dda83233b3d7bbf4601e1205854f435428ee73d4ff34c17a5752
2fa77ce9714d5db36e8a4de3d27aa619be4ee28c4799b2084f3724f72c130ef4781ad368c7b132f60b581047bd0825010da7b979117745e0072b689f0ff2c6fc2793b3309aef632f362e710ff199e125078291823a6a0aa43b0f108736cf07fc4f90c2e7d028236c6f373b6ec405c07d12bad603cfeae67c
3d229acae0526ce3910ff047a0831c0b8e287cc6b6e651447d5b3fd8148c0d609f4a2d54c5933413f7724fe7ae0c3026f881ef09e0d15fb1bf4d9da401b0611a6ddaefa2b884afae4cc78619b3caf64ae4c3d26f136678be66180edf8467f4ed9c211f96e57467720b35d68684335c026330f3232946d73b
284be1bf9332cb519db11f9416d3ff1275a886b1eff713bb9bf2d74d755d311d752f0bb1e223ae40193179db111dc1a541290e2913b9526b941f4d8a117dca09203f11d178970b2603ede93eba1df5f01cad43b7b015275ede75141c07909c9b58b1b54a22f70e82bf3d2d75c0e816011173b88018c93283
06a168334244277176b7d1ba2988ec0b8a2d606d93442385ad9db4a493ca04e3eacde5b18162aa2b60582aa4ab11c6b48fe309b85266b5032ad92c541c7dc824a9fc39f251fd83718b4050016c760bee1883306473726f44bb490f711bf1317dea112e42d45fcd122e27ab3564df365b91ffa2e41a53d561
00bfffc0251fff725f58c146ed9d431a4bb3432ffcf720b952d9458bea202fd0000fe32000726829cfae1318b0196d132f31f0c243d1ab49ae5b0579205fffe0317fff432fac60a355cea20d25d9a197fe7b905ca96ca2c5f51037e80007ef8000413414e7d7098c580cb6899798f86123e8d5a4d70c82bd
000000000000000000000000000000000000000000000000000000000000000000000000000000000000000000000000000000000000000000000000000000000000000000000000000000000000000000000000000000000000000000000000000000000000000000000000000000000000000000000000
03dc7d08e8cfbac2a0fbc9d9764f883ab6bac13df48052d001ca49d6f4e0077dde595b34358260bba162547b1a04a42fb113c95cd01f8c933e9b72613b40b6f4e1a631a261d7752d05a0622822feaa7e2812522cd88e6a370c932c104fb749828973c6b0aa942b6bd035cebcd29b0645a3ffc80fc1e05ee1
33108909566a1200731a4ff02efd36001ca4a055cdf4c2ef1e869f18197e3af23ed53c56d313c2f06774394ce4235cc9f9ffe25a10790c59a35560ae0c15fac5733cf3e1f06e5d478400b60dfc0f7768480002a9419588529800084ab2d6a9a44b626683e12e190d28175d05ea82d5a410a9e704b212d437
35e8c2523f39ccc3ad65db60458a41347a435c293ddd2292070eed11de4f006fac7de6bab3c3abb84ebbd5f0c428cfef034e8018235caa0003546ed0179a060036cd2ba1fde78ad3c7e0ca2b0575cd75e55de24abe81ebdf08ab0196b358a0aedc0366c36ed19a48c827dd418cd46327c2e8064bc9e21b8b
36ed06123f39ccc14fe48e307952ab1986a0d010b3d273051598fc904ea61fd838fe16499790fabad6da0ae958251421edecb5a4b22b3dd72180444f01c99446d39fbe938c1a38164e57240fb4ae8035e6e631cd5aab27a0cf4817acbe457ff2a2e3cd6dd6aad4a9150d1b76f7a5f71a318fab8ab7443516
180cbc2e90960292dd10c6ddef9e841dea0e3e62a04f40e9f695cff7c8dd2e146ff21133e6715e908bc7c4cc5e024ae17d5a7606a178309ca8718f271554d3df6c75156177af3c3393b14e25eb2f915deca8c22d518b0c5c25a01ca6574ccf1d78104f0a11f0167dae3612594cb2e39560c85e3044b3513a
0a173dadbca633506eb773709fd92a001dd89071ca26d3dda0715028a5b12dd01f1f767672612941e13cd8a78e38ed9089ef8e6483e962c0360341c203a8c65d5a58e6934661fc4120edb30b029be0e8d58a73a2002e708388523e6093bb9a9b25915427502840b1de2157c1844be0e2f2de61ccb1739763
0789d12192e50bf2178b341c9f64ff025cc2547e8c2fa2b439e215f2f669043c7968d2fa9af253db1b3ba918fc37f36c120f02d5c0989073912e676800f2d351f79fa2f0acb5355fce43523ef571367c50e5b23ea4c0bc5bdc8520f375b390754cd38b5a254d7a187f0acfcfdf08def4d35445e91dde6bf0
319f76a4f49225d3cbc7dd6f6d23e734ccb325ffdd62a016d8d0d12c0e0e13d1df41aaa90662d2bb9bffb9a7c81b8bbf64f4904011826edb1f06cf0a34aed24d0bf1bc30d0f2718b35f9bd2a4407148d166c4226f61d50512b1608501566e12a1d518eb72769ee5f9329b3d5a2317a8781ab8cca955de8fe
3c4f76e1b03e6051f565018e40b2e12d528c71823ffa3341aacdb37313103cf3138a320935a02d10da720ffa31385910c7434135a29e0961104a5acd253d14bcdf514010f33bead897657d24477ffa171905601605099781e46a2e7ca337601f94a3c1938237254277283e2dc712617161118f104173f499
246c2aed345429a0cade53bd3089e03fd157581eeff5008f36746c2e63c21171f09fd43d5342b6c81a10d732fd02c5ef621855f9226b296fdddec0e30619e0227b9016e154dd3ad8f9642608f5bf18e088d5b144b21293f624163f4f69dbfb95a1c0db730649e2da40037de2badc914400947cdba66eab51
3b96401f60ea6372da02e46706a638019cd69bd809f64036ef9e5114f4de2c1e47de5e5f2bf1320c9d229ac17d2af7301469c23ad17ea03ab2002ff009bd7f1cc20ddda1d84086d77ebcc014b362ba48be8fd0ea0b3c7176cd21193363b1897486f250debb00351c47329d0311da1a6fe33577d6de33211d
036858554eda3fe2283a0b29889fd536f9d81208b87ca03649c49b1061412f1defb6b67bdee3c9ee53df5eb40525db6e9199d8d9337f199a238397b30fcaebcdf91815e0dbc7a2355cfc1a16ab5a28e6eb5a7348a3220395cc0d1a783260d0cd8a4312410e5f32e8cb36d3da69254b6023bd7b6baa30a075
1b825b4f3441d1f0d6acae9bcace5d31151b8e2d062d33d998152d4459792a4463467525bd32ca995439ea3eeb12e7944a8caf6333e741ae6bc2d1dd2736556a6090f122d7c873026f255b3f4045795df7d9508e3b4f41d77c7c0ba7f662d671a8d192eb38a9b64aee00719c786d7ec792cd936eb3ef9f1a
38c98e75916e7001a9878c59532447185796ad4cc0faf2ae803657ee6ab61c5b8798ee701c431b961a622c55b2349901b5f291a430e5cb09e127191a1353ec1ff8760e705085a25cd3b5f335978d9fdffba4d1c885b10e76e30b32717497370751f0de7de72f534a2f164753bf45b658427a50a91c68c955
000640bfffc000018af65f58a7d2340c239a4bb27ae6405780b952d3a1cc3ffe6fcffbf000139d426829940b743cf7196d0f41468285142af9114da20003205fffe00000c57b2fac53e91a0611cd25d93d732119c821200f022e3fff37e7fbe80011cea13414ca05ba1e7b8cb687a0a34054825105e37589
000000000000000000000000000000000000000000000000000000000000000000000000000000000000000000000000000000000000000000000000000000000000000000000000000000000000000000000000000000000000000000000000000000000000000000000000000000000000000000000000
290adae4f2d2481121c069c22f9be80bb501185a25653240b47f5e00b0382ea7269911342be1dd42ddb1b817101db4c050da2885a0ac71bf5de45d9b1721ff19127c0f0354ab95bc652e8a2cbb7ccf432c202059bbd0afdf0bdb0722da6f27ed7da31ae7f46a4e29323247ff9fc0e8b9635b3fdd314aaf67
318c897e8ee4a6428ef87eaec97c962c588a7042d70102afbb572346e9ed0c5c9df8878b9940d76b0994dd035d0f8757c10c895e70e781d62dd37e0c1d4e4d32268857b2265d2c6ef3470127de717f94764f41ed0c52d859e66d2678fe4e6e0fcab19183328ef7e3f110c3c6b0a97fcb7299d5ddde4f741d
15e0213e8c16a9b2831e453d8ade720775b33d7c1d463304b00260ee35dc3f2ddd2ce164de01f8dea12e1cf753157c700becd495807f2755b4818f142af0112165db54e1873448bb032f2c09428ab5e12a58c380f7cf6124b79025f19254f1e8d22191369fe5ef5fb50871970ea28e2332f9db4f9901e199
1304964351b654d13e8638518e60c311216dceb56b2e71e28e9bfe16d08636d819867d0c4a709fb08c205e268d39aac18aedf81181249d7fca53340d07ef19a9bbeb55514c8c1f680f3595125d480bbbe92a2005aa90807a74870279c42be35a5dc1b20bd92da18258314da2142dc59423b86490d278174a
27f5d70875db39c11cba68dba563333360114d4b29ef500a022f08b64f092290dcbdaf1d8a82212d05ed24ff190512ef3cc00b164261a4c0fa3fc86429824b21a6cb2a71d1bad95d68b3312aab923e1ee45883d2feee45f4aa0c34011849c616ecb08720e7ce88f17201fa40502892521021cf5214e854ad
2f8c92a79fc690c3f723afacc699ed2f9714bf788145b2f720045ad22a6c3be7b0af3fe78ff37c60afe3c2aea437793a1bff7025515a6df95b04d3d51428ab5e1ae58be32b2a155fbb4672318f12c1064d51534ed678649798dc1cd122ec6fbcae80a30cfbcf3859e607a8fb27194af7a0a77dc1426cf07c
142fb8762d91594193f9e874b1d9a330be7da33a873a43d9a14bc5de62fc2a6bbbc383db3b3063edac24de535f0b56c80c9332d5819d9f676f71c6023e8bbf0d28a606910d47534ab9450e0396810a8e8e4c537211c15b06695b15331f0c88eea1f061f874a5d461c83bd335302c45d9919b761c3f3bed62
2cfb528a19c9a6c145730ab3c973981813ec5b9b0958a156cef6641a3ffe171af26c9557ef107e2881968ecbdf212b661eff4f58d194326c59b0e542362ad27d5d7baa32a6a45e0b7f2142252e2480bc8b5461d10b83d97b69c216abb0212e4c6962b5b317e036f084014bd9e3083e26e1262a4fd73343ab
278f208fd612d11311e1834d69070735f3882107e803a11c1663fcc6cdc72262f7709ffe2d0337e55c33e39e3d0e74dd9b4ef01f32384ee518ae568f267690b5d4257c813752795297ceb12558e55827e93da313b073b770402b12f1f46729d0a750c47b9c1f3d2e543db9832bbb899c614a9ea1aba1e83a
0d2415fe308f10a1530c63408aa289027b0d9490782ff169d259c94269a620c986dd453304d1042414e800b3162f6e5b28845781c3dfade5b9cb00f117990a548c8d0cf35c8134a4bf7f640f0b156caae5f9223f3bcff954fda6270c37d5981d9242f290f0faa3cf4a2a905201d6e71731a351b5d16f93dc
02846ecef15afc01921ef5197b7f75316cc6dbe8f902f0f99effb14c188301816b8376116c13605011d6af7b652f7ea7b5c3a954c000a5a27a88af732a18ce95372fb2d3628e79ce09b8ef09a1139789560e211208ec3a6c1c03285c73bd923207f0d76e646caceac519fa77bc52966df0f00fda3484c9b6
29d311e8e832c30229677b112ffb8727523c660614fd00f19efb4593172f2e283fd8af90c7509b665872710dbf2363ce0c86d748f1eb7071f1d51fe918193da0de7daf82ede4d245d7548f110c6b880de36342a1b6a2c10f66ce03356cf7f1c99e21dd4867a191ddba0d2d8225f770343270d8de9f2da695
370577d40372a130d5ec632ede5f0812f79d7cafb224a13f74bf9a5a6eed05266605d89f4c423938806645ed7413079928c9e837016dc5e0e7d8763b27787799a219e0c00ee206dc887a3b0d9b357bed00ef41e714a7c66071cb1187be274f01ac12bc10f8be4ed9f901b293a737c49b222397d17bb8dab3
21d0eb2fd75c5af1ceb7fda458b80201bbdedaddbd59b37daf0622c0380b0a57e083be7b4b320d08de7e773969192643186cf6f8a172caaf664311b70f82e771d926b0f0d0c57afe128fec13b703b797c34bc0f3520df08bdf5d1aa9e7b6c3081df1a8c7da17b7137b283ae8afef9822a21209a195bce7f1
200000065d9fff10595cec07da7f2426579d4c367a36605bee2012daa71907fffffe5f5000c3c23df87901c18b31923f2fafbd87f17d37988850b1d7300000033d3fff12f1a053b19a54063a0e973e658de381cb2a4fab3c6bcf03ffffff2fa800a11c2d1e8eb2cc520762aa66c0933d9321688ca21740aa
000000000000000000000000000000000000000000000000000000000000000000000000000000000000000000000000000000000000000000000000000000000000000000000000000000000000000000000000000000000000000000000000000000000000000000000000000000000000000000000000
3025de48c69e5702edbe45f41a1cf6231d1b4901cebd607cd36e618d66322f6b18d2cdb0c9215b3a57c3c26dd81d3873b2691e40a3d91f6f7ff12c59088b2024acfb56000546ed2a0ee999364302134f955c324e68a8d5af3bef367f913fd290c7a3810e62c2da52741cc994b127ca558080364d52f91621
0fda21b73541a910e9a6c4ebe824960c6ec355ba6b85a0d80ae581f436191133b8f4218967b2a198fdb024b33b357ffd3b9737bb8319c5ecefbd86f619fe44ff56a31e502a93a386d8784413a7a978a6758df0f5938ebe3132682791fe010dd0a5817969444c2e85133b54a181343ab033757a3e20e74bb7
23dc03888bbed43167ff6c1a2228ab2918b54a7de79521bfb328af6f46952665c422664e650238f119138be55335803a69b5939e30153be019502b48262d6fd944e46c11572351f5ed038c0cda9c2f1e7438d2369a344b6c549d203a6a464861b3220cff264df2b67409eff2f931dea1a31dd367c967c055
2072b9bdac22c0c11495c2329326bc13d80e9ceb81655350084d7b4b1f001c0a78985355bd73a157681a172de410ae78dd916ad341962de6388552e53282dc14652d93d2f2f4b8e2c098e11877ecafd99560909a7f1fc00f186d0b2aa6d6d7bdb7013e850a2a12d5b32626bc0561ab4b4038c432093d3075
0e627b39aa5ae751eeb84178d49e3b1f4ed782ed75f773bf477cd04e43891397eef0d3733d21adb617372aac1e2d5f609835dd6a8349d1120ee25e0c06a854efecb7df33fb79b3522622db111bde212c5935d1cd3223b55ef2a927606081d762aa20eb232399fcdb6a2def6ad1350d2e71e6aba6478961b6
11cd742c95aa754146b75b08b9b2da23a793945c7e99727032418b913fdc2637ccafc8df80a229e4b53c5ddff23cc1cef61c306b1181225106d8473527b0ab6daf2902d20bc694287d97f902de44249206e673dbaca82a0adeff39b630e3fbaa11500d33e5316e0ac91bb65b648d979e818693d7dc286fa5
27498da2cccebc905aa72370feb34c1c81620d04d8f5f2cc3741d7bbcb513f2c0c2020c854f1e06c1f85d4323633daf3d3ae43e6828adfc90ede6bb62e43d21df576a15114516956e3ca9f0b22e226884b57806a9648b334cffb15ee141fbfc893d371fb620cfc8ce23034c0fcd9a00e01fd6f46b38d1fc7
23342de1e9af9f31ac79324289c430150db0ae02a715b1e43fd2fd030192357ea0754d7096f26697511544bdcb13fdbeebd5068e517a387c18ed74ef1cecffaa33aeaa124b2548e3208482034cd7ebbf42d45168afb91851d75212d490a56cb87c4322a7dd50303aa7190061d503a2aa43a610e8e5a07c07
13fc2bf6509d76112b76fbe43ea31a360fb5eae1d48b20c620991fb690e51b495bf2c655f701534d9377cb99240c06d1278286d87008fe7db2b8d1f62d29bba17606f781d06f80dfd3815f385e4a3ec5345dd02a3fe3ca52e9653412643943902de18149a27988a257176a0373be695ec03a7fe4a6179723
26e7e1ccf85c10b39202c2af59beab3a304c134462f0b1d1aed726334c1e16ef7ac9e0069b5354ccfad5f7857822f6007b2327bea17913d4b6797dd71b1075c295c78e838863e8784107643bacbe6a98ff16a2981a1bf6fd4d531a94e3fbbc438181411de9006c22973982d59c1d6eb452ad835ca6e8692a
2c14293c021a30e313823737bffadf3d98ab3b689f5e236c899ba5dde82a06c757eaee357941d7ad043f90674936c2a1e6228dd422a4a6ad3b141abf086508fff5284b133ca6edc446dd901bb75f1defa11a7022a948e3a642fc2a85e5d82e753c226b4c006b04862d2da45bfda6096663319db231b0b0f3
0f6ffecdcbd20b12c86977d30b813c252a9c1da64e689157cc0e2be9409f133c066cae287591e86561b81fd1900f42969070b10323f5c12b047c13792f8c6cd70827a371e0047e1884e4370fd95ae45d1c30911249dd0f113a24198dee74fddb384002f8cf8821b0361822a0d09750bb70736089e15d0810
1b7a7ab0f6de9212a1a470af10fd080cb6a4fb37b40f92c6dd454ec1a4ed3583dfa88ddc6f93eca73c29d87f132d31687532804831e182c4cc364c4f0118d97f15c421a13f12abfb06f04e0e2347fc55278862c431ccc1602b3926af104bd0acf6a0fd6cbdd496d6a50f991e613f5486b22b7ea36beb88ef
08e6e9a5a145fd6250eed5ab9fa4ba30d43b28b4aebcd3b9dc5d68dcfda93b40d384b1d9f10387a3afb67458c3155092ff6590fe800a1b2be30a9d3130329c9c3a3a96b2e62e69ad2b6d611a3d9cbd0f2d3a933d19181d76aa002be2d00695b95be16dc933f6bd425019b45cf0b7f187224c1d9c513883b8
2043e0001ce63f924596ac0f9c8c651e61a5f28a5fc351852b9fb6849bb107ef07ffdefe710315a6de5086d0fc0630a82c5096d433b0ad539b6727cd3021f0001ce31f12c0eacca6f40c3d1b5571ddf70609009ea558c8adb06803f783ffdeff3900c4b0c68e19b38336f3b531725542d3d856a9cd9293e7
14011da90228786327d68d5c2d88a61ffba4e7d78f0000f03ba1491a48a309168f5def41215165f31e08182bf3303af742d0c230c295b51adafb0abf2848aa186f18ed1214275be3ca0f052881fec4ad9c5061a2a297ef282847058075dc519c2ac3a2f6ac868afd8e2825ed5f352bacd18c7f2878b2f086
1cea254d69323982accd67863d3ca3324bea8aa3205800c7094309c549842bb49aa6a5588cc17fd76f7786766e075dd8b4e48d0303f3f47380afe6b6183523310263047362c759608fd78123a7aaec929b71d2a0cb235fe30c012020842fb9ab95b1b6bf4a742d01612b454323e6051980628e5ed3b1fe1c
0f95b99df719f73112ed0bdb4e6bce2a9d8e3a1c6cb5c3c7205d781cc4423a530bd08b323720c99320094fa348348d525eb840d3435e75b6549976501175d8ad559cb1a1f1a0456bf3064b3390c568714a92e31f11a4ed78392113b9f11eb5dc6ed0a682f2cddb4a392f793414553b4ee14f104205888ce6
1efe90013eb73710245d25022ed3fb1c47d9f77f100920f64b9d054a2cf4047fce851e8caf604f9a430ce3cc2a0272c336a157d950e6c79d0e53e79a1481384de82fc9c3685b0662b2cd001c7e6f5d755c5b83831964090918ba33880d521c98458315067ff358e40a21a3ca5812fde2d2b5e79ee77cf61e
0b2cbafcff77b153174e5eea8226eb17317395b78301c147fddd502c7fcf0425ad2635243f52af1b19002718280cd13d7237221813e8adfd56447dea0de79196f461efe1e123f2987bc03e129bfa5b94502172ab9a33b7a88f7c04a2418b9aba93933dac7f890bf7e02a425f8e63a3eb52ccf692699953f9
2f474f527d1c25e07964000c72f92f2e98c4f0f1d94783bedb205226196c3527e02eaf149ba339206c395f77511c8d128351f43dc19a615cfd04868614bc8056dc5211410eaa1b364533323aa421a84db3816163b8324aa627933ab9e3658a614c93396ff56b6d11321f41bf7f9cb96cf3716ce269f13b3a
2a455f115a6000a3f67a62f5dd594312e5f2713b8f0e328aa56d28d320d535285f7844c1c7e119b9344d3166ff2eb76a306376fb51742df40cc1ffbc1c947bfeddd41b200d913c93cf9d7b03f5e591c2462cc1ba898f448c2c8725e337b3b806d111270f10d9cd49af2f03abbde9141ef08384898e22acca
21d3bb2780d223620819055468ffe03a254d890d81ef0180be2d67da4f5c303db51a70c5a5b2188670f52324d437f51f331d56e5509377f423497b71052a00882fd378c1595658e5bcaf9b091d9c82b55526238790147587800d304149a9e302d353971b0d1d900f463da5ac306ff4ad5155c34375527f18
2bd4461aa96d0a60b29efabe31366727cf5e0190b83ec3e0ddd459d720ee3da2cc1bce0f6061ecd255534c847b3cf7bf5982bc5ca031525718223ef12e000af4557d7c931241a5634394111568d7d8f31fbd1105a526050a1ced198b016bd3685dd158d8b480e22ae21dc0e957eb355442c2b2daed159547
2636b1af0a799d12a9b5fba4c3a974051015c29881dd9058a9da8b2bbf980361be1048514153df40b03062c0c0128c2724831268b0218247ff2174fc1b02f04618170f10b6dcc92ef297ba34644a69be168722277beedc950bbd24b9e064437f269054dd30615d38703aa0006b25b544f3dcdf674b5cdc3a
2f610be2f7a2fdb3a40087a21ad7ce09a158074514e07045aec713b37d192ff08f53f1dcac71b280cbadd8a4f3002045c14038cd4331d3e7cd89a1e9059024fb444abc612bc42748c1ec553e94c5d174bac122d46e95c62a30763a9a04de9b14ab519c807ae5d7fb451ec0bde5e3964602cd8d1a35c1498d
19619973f20afd228e86d62a7e8fa13187cc9ebe7cdf30f11e7ca9f20829277c854aa2a3626115eade752c04762becd67b701d35b242b1d50c817aef246fc2b5e9413810d7341b9ffd28200cfbe57226ad3c825c8d7545b3f8451d14b4f49e952613a717bc3308a2cc2fbbeb09021284d1a89603664f3805
2328772bad42f3d006ca390c647e5c35dbcc5aa1d4e6c0d15ba2b5e34be11cb2b0ea882ac7a25a52a8aaee3110012695ad38284b1284fe47d1843a25194508e80c387af0e05635c0d81fd80530cc9a315db6f1d6455a6db9bda53483b238e78d45210e1c4d0a0bdca839d6dcd0cc6a1982d65c0e1a411294
1dd694b28666a4e2704a9f86e374f503d6b64a6be75660cdcd106143ad210ab6537974027ec14b21952bf4679e0d2d806189e3d8b25627dd26b5800824e970c6b2cbd1f055c4b55b6f04d723f9675f51bdd0f3a87dff65b33dec08b04c7a187abe32d9590adbed41a8255e862e2649335239807e949a5e98
0a71d7e1ef27765131d5b5392a39d6252973b63a71bc82f305e73390bc621cb05cea1148d0f31c2c7392c1d4fc36a7d24fcaf3d1628f64c2e13bad401246a0457c5668e1c636caf866f69a1ea1177f7a702e214d83bd7d6d096f01c04231eb136aa235332b746819000f9ce3231276c6b3e987f53fdf98e1
13ffe043e41ffff0664162576cc7b436731c8a704672d27cc13d4a8886fc2b0007ef03e00013e66fa769e2ce14026338dd62e6635360cfb0ad1bde4229fff021f00000003320b12bb663da3b398e45361339713e609ea544437e358003f77fe00011f337d3b4f1670a21319c6eaf6331b1b067d8568def21
0e71f172685aa71310537604db0e0d024b1ce065dff5504714ce7587fb3c36e195f86280e3e1e78f6e192e210d21ae6b56e843688087439e215185330a4ffc687dd8d0314c31d356d6f990139b4826c55df510d7c487c503ca8604dbb3d063416d43273f1bb2b054642a51d6dd6315b0d0e242dae3710b7b
063d1686d63ca1d10b412c406b429f286d420e8c4374c21f84e24b11a36c2d5076689ae9ef83571713e573fe350f1dee67ef5b3cd3195d53b09d8bbc358b675374f30a3200b9a87c74118b1501670a7040b1e0d67f526412f3fe2f47a35f6283e080693192d796735d1c9f781b3a7270f0c279a58c9dd74b
2f66c6f254887352aaddcd0b6ad474066ceb2bbc08cc03dc11b648ad3e2c286357ef4d5bc661c1b2e2d2a5054d2535b61642c192313d763791a150be311f1f259767e8333d524713514d080de35e737ce4c622c5c5456cb829e12954f5171115df43d751a7ac0ed9cd08ca6f0707c1014312b1835f29136a
3a95020ef33493817ac7e37f38dcbf3fef3bf7af7496d0ab0d9797eefd891ef56e8632c898d2abd6ac4449b5611d60f96b0d03419031df3bc47939d6135aa2ba4050b903e3c80c0ea8033d0d3a003e02900a620f2feb3d3b86dc2faede169d3996e2dc14d7595d0a0512ee76317f11fae2955316db310015
1ab9d7373b1fca00ecb4eeb8e50fbe1e4e0515bdd060c1186262edc202be1f6aada1ab9e8751e7d837654ef2080402400957969350cf923bb4e99159158c677d80070b630e7f0609a9b814079878916371ac308017f83aa8b3c0207ac9670954994276fdb05230b6992c58e93985b93eb39ae4cd79820f29
16ae1b8a0b03b9d011fd65f2c8b509142502e0ab1e25822ddd0a1e115ee9275b77e3115a1d5383d7aca1d8e2f114fef6fd41d54342cdbb8ccff3436e2f42316973c9e6514c5a6c8c3e6c090bad681b58ae2453bf06bf9fffe05b33475cdae5e072e285ba6933ca53df33cdaa469eb35d92528b8d9a50b6d0
24c608c820c036131260e72e74010f262356fb21744d0222f50ba92e9427067889d0343c7c71bd7ad761e371e13b789f0e675286733f7203a9fc1d162df7a4868e1a60d09f04ca5ff3555e256b72587333258061ae04e0c140a92d034f1873259c500bcb4d9610b7920aad8df7fee1f272d49b1953820880
3dfb3bf8607baf43d72e4fc4f99a842a736901c0525aa13d6e7f41be226e007f8bf51add6350934de779858c352f685ca1c69e6651edc36c87ec09950745440463d3f2d2be6aa6a979d44e3bf29cac084ac9820030786fca871f38a4b2f8449b87e03d1468e4eef2642dd933df9bcb41c1fc5eaa3c9bc67e
3a7da20cdbd24c71311d2c06076f9031b4c7e776f055126a7c84cf82e3b3023b8ff6ca0b6bf3b0945f56c6d8f63a18270aa07d3d818cc5868f47d82c31f7633956c99ea121018f64392ce021111abda07f9a23c9895ed58d9e423e238f75ffd8fee078e7f6c850e9b63dbdf85cea109552bc1c2ae97ecef7
2cfaa8b2c79bd373a0dd16509e596e1578c86ecd45a271450c462f395c7a0b7dabb95147fcc16bb9bcbd9dc47304739d152632f8f0a9d60526e2078c031ef3222fc43b228a2d902d12743327c553d7b121d6607c8e671e1b2d722a457c01100a08e1ad79951f165d7f37c827c620a447215613121f7296c0
2dbd34b35c047ae3ddde8503eb3f7010cc3b6c70889731a7c534a02e01983bc7489c67012f90b0f3dabf62301f3d9426f22d6c42501069ecb627f20a14c06d22db66dce0b6f4f10c0944b21abd74cd4c1c6cf2e92a40b53e7f8217a329dcb3f425e13adf4e6b83b24c27f53ec0c1a40a80c1d5130448a8f5
3f9d457a53e515b38088dff8c459982fdb7513fabe1e805d3a6edcf34e0e376e235a3425f353a2470ea018594d3c49d5b8a5c429f1c4de1f19c856291e87cd3c87887f70d6f86a5efad2c32c40038046cb5ec1455d90dedfb7493d1de33eaf531be135741aab20b63d1f66f84898c657415f9549058d328b
0ef45f11b8c1b2c2b8c47bdf12c2d021a731f89bbaa15109f24bdaabd1ab3488157407b12f10a7ab0dabba83cc2b50aed1ed7cc4b12a76a9c89848d3000502be119de7820fb560f29719583fad7359d4c22422bbde968a2343fe17a139af0fcc9511e82d551fd7fbe627b3accba242bd72277c8de38d8241
01ed25851989f902d77611a7e52cb2008d2767c01cfdd34de4c49bbbc3e737feff0d3ca6e321e5325147daf4761e0f557304a73b31b7ff8f9ce3a36c1a226339df559a307c63f067721fea166133f33f4a1e82da58d414d98ae4212c4b64ce309dd2226b30428191110e4c0697c725d9626acfafbe49dbe7
3918ba575b215132ba6ce1ab4d04a80f01e9e0676663a00ddebead5fe5071b0a299682d187d0d7e9d6acc8a96d074a95a9382ee5007126ba2447b9552e783df9e08829e26660f1cd1d42d73e26c90a4bfcd9728c5650337b62ce062b6be219e518f243107f77b54de80a2c4db9dc2486c1a0356d31b82234
000053ffe043e002caf8289a89523620f32026b49eaae2d8e61d3bdc34a23fffeb0003cf0811b8a7f7658ce3b73fa5f968e6e863f0d2c29675955a34000029fff021f003c88d689a3883990b37b9c6f4d9f6625a7ad314934b993ffff57fffd784107942a765b1975e13ae5dcfc19e0aa30b0a54e434df26
2e60028468bb8f619a7b3f6d7f924c188e78805b5cb193dce3da87545b2925aea143431a21729109f1b5b141422080e737c011ffd30bd5d09e2dbc1f1e39fd8c4b41a12109f402392d14851c1f9d276ba11ea018faf8bc5161a423eaf5a04e86c8c3660c574dca745704b9d8fa9d0afa33fa100ce3f68488
367fa8e3b4ccdcd0c900797310b47f2355572a9df501826d99bcdf3f2af3033cd75bd1dcaa4117639e8e646fee1cbb3fe973ab8b71f7c98e9e3d09380efdf2cf90eb6c2115d3d1a870f0b91cf334c518a7cca1cc9f8d7af328fc10338f2d17fa40900b6ed97e812e2a1b8dda5b4b260d22c8161fd0269dc7
37da3aa26d583e61ad72c3a35d834f2b062bceb4367623405061db470f38234711234524d5f29f020acdd70e4d0390fbea2adedac1acf0fc2e6b6c451f3c786a1c5835112398ffad242de108381e3b4a4e61f3c96a25f6ce5a6916ad8ca37aae69235e861719dddeb0165989c877cce401f9bfb9147ccff3
0ee729d1c3806d631198317df205c625a97a6fa52211c261ee61e1c4c1ee2d1a64152d06e243d02f8dea47fecf0e9c204c45769a02f9e4907a32f100252f46950b49409254127319fe30221c30197b12043b13ec81c41b7716e7025cbae2f9e196c09352b13ce872aa1e7fcd76aafb618368908b4187d96b
3626b5a759b8db11870e942bec96bb265dce3d01ee84824161127752d2d20ecdabe8af94c750b32b5513c854ac0b0eb9e4f44dc8f3f13c5f94dfdc6f395d34a01a2b37e1b18ef8a926382b3fbc0fc0cdddaaa31cd06e18e3814d1010a2d987a273d2d5b444f841d6aa06331eb7331b5563a5e999a8706342
35a17356012e1f039ae0194ddf30ed39605f478b4fdd11bc9af3a61c49bc030c520d96bacef3881cf35a3ba0eb31d80ee68368963229827290f2799b38ed27513900f7e2194f7aae6993782aa94cae0804036160ba4c9ad703360b79d59574e168011efc6b4aeac27401eb8445914c1ca3e9bf0236221091
2348a5330a8c25f185c8f5d7eb435608a3be2db7c9edd033ece51bbdef843126cbb96db373b2a496678b1f36b02ab342f51192b3b1c762f9e9111b3c2cb95feb6d78db3384280a65d12afe138d83399606c131cf9bd313ff32c30735c2a0c95a96f16ef638b71d80ce0fc4e4b93cdec9220ae4d5cd616ce3
2ebcc204c1047110190fab1f20c8c5096a558c9662e27021e03842f40e15358d3f8070974a907728f162a365dc0f9ada5344496b700d87740ce438df0fcb38babaf702938a074e542621992b25c40d608c04c2c7797be5ac902a2e1f475b4a0eb3b2c7764409cf578919ca3390edfb1f72ac65acba2dbb97
29798d42556378e07d920eab49a4bd27fcb066741c9a13d5022e640eceae117455ac068bc642b13efdb37af0b42de49d7ed1b443924c30a7d84f6b6113c1af801bac3630cb1e4c2e786bc420277e86de076271c9861f64e462020c058769186005f02dbb91b1717d4130e4b9596d16bb20387807f391b454
2df072347aeb8aa35d7e04fc58fb510af54f0438b721e3b79df0638d7904272c9836a29d75a3c8317e22261893298018b47c565693ac7e9ea0e06ed721413d2d33a2f971573ab34c4fb1470a0205e66afa3c92fe64e49c129f48006b6d73604309d14c13d0ae820afe0ac145e13cf082b3412e7c60429133
1a0cf585a1d7c512a7b657548f3dcd14a60ac99f695271c0b58560d453082511639f67d178f383342cd6509fdd226ab4651db3cb61b643cc5485b1f01f99d8fbe66d7d611c7fd746b5304503d4e8007afe930127e45d334c76f508d94636c45ab1b1f095cc9626f8a217b9f80e321a5bc3887e55a2e4b46b
0f5691ac7ee5aaa2586ecc3204d5b808e5bb5c4e6d3d51dfed02a07840692c9af4f0ddd9aea0daa5e8903921ae25455347579d3c514e89923cbe549025ae2c9a1594ea9063319d62a1fe3c3dac57389fc7e520eea72313ad5d80148c68dd5837d261158ee04b34776206ae964da933bf73d5143c4059bb33
13175861ba06c552eb6706f00f4080304b2519299306517084792cac89830ca192e7233873e399b13d038bca3133d3d88590655be2097dad738fe0e52365921e4e5239130335edce3372592bff2f75dc6ff83213db162912b09637778b80fad42582b62937b3bcdca737356cbf3645cf139011ed84ccb6ba
15c03de59e02da72419e49c5dba79a2ff4bd1c15beeaa2511773c43d99af264ecb8e7e2ec7c02b7c4ef6b4fc171f81b0093d3ec6d01d3ec33b89daeb1242c2e61bafbdd270b444c1ec8b45345e1cae62a77232bcf4837cf4553b34f8870b842968a0f1ad67e4691cef241d3f12331f2d727d2d205afa07ab
21501f72f710f3311b2bbf208ae49023f1707065d70f91ae13fd5aad24c33b18524acd54b2c238c8fec74f703e370e7998ac59719256f4f1fce9016e3924d6b0dd1305121ed44264ee29842f7d6344fe6fbe903361764ff3eee53bb3c67b88b30642eb7b8c9b134f642d40a85d619f2b83ed8018264ecfc4
3ff0000074ffdf818e6b4ccfa76db21a60e0092692bc728b07cab393094f3003ffffce20087207cb2e58455cd8114a89704d835f827a6d4ba4af00a61ff800005b7fef432a46fab4c7915727ee99b82bc3ff33d0bee9723dce323801ffffe5000442a0d442deecd3ef1c80a5d372db8871a0036630676811
3ffffffffb75001103f71d8408dfe431b9183347ffab013af37cbd4c75142647801da81c22730b8a517c69ff3039a98962fc3aa95048efe54ae98151308377372796ce51dbbaf4db77bb0f1739ec68f32a812154d285621c7288337ae29ddc530b90b13d309334070005a2c7e2335d2173ab69bb16550b20
22e48ebf6bfc6c01b5f86553ef8cab1aecf7b91368409060e27844d8ee190d3c26a4bcd22271cfecfc7fb59ab93deb2af9bcdfbd3271aa2638d7b5a3066a95b80f0e55521ea5629e8a8cb40c3830dd7b8e2ab1629838e946e187314352cd54c1c240cd35eaca4d49f900c9801403fe9a720ca52c3c4843a1
22f48ebf6b7c8c01d90849b172f407327ec4f9dea6a6409d825f5c34ae1c216c917593b20da1ff891139f479672cb7e62972f5df93940c4010c0ad11016343e3349ec1d36350c007ff2ed33371c6a0e3b0e8b26a2aefeb387110084e6e5814a6dea0d407dbb32e161101272ded9a8eb07141c1a0d3cd65e0
202259db5af2a6e37573fedbfddaeb13ea762caedfe4e24396c7ccd2373a1b9940e3757a378368f752649504ee2ccb051fbfd552f339dc19b0d5c2762605b28953f1664029229d818fa00d120bbd1e2e0c15b23ec2bc1ca51a172c10d0d2e292ca435b6c94c05bbd633bc18993ba7e8da11afd884d7b5493
00ce6d74eb203293f04e48fc1ed22102e7737b2b9858d2644eb5376f4ee2294cf79db85f37e1594bc239cdd8680fbdfbb729817610955591240cd1ee129cca151a3a99d3748e3f107944bb043a5877193fe4934b474b1c517982370c7f9348704dd0ef30f4dde7fb28104e1aef4980cbc2930c4322e9bdec
13c7bd5d383d6d03968beb73d2f208122aeba54be2e510f208ca8fe977930dd2cc25de57c381e509b4dcfb7fcf3df4735410bc86d1788ea9e62dc481254021feb4589a51b3d376eab1af2a007debc3cdf168515738a1f6b08afa1cc3f882f7ea6280443f0397e00f2b3ce3b900a4c29c82e64c9fa4a3075f
333ba9c3a710215339e5fa4f0f59570fa6c179fa7aa2127ca5e338a3d0a21c52e088955bbb00bdfd1ad23c82462e56cf6e2dd28a91f9ad263388dd62076d0997b5e073c376c4f32023d0ae0662f30a11821ab1603cbb2d73092e045b857e7daa7112cef9c97c9de5330d0b10e68cb185d1ca0dc63145bef4
0bfa0a18a0115e2179df04d8ae8eac15447fc2b72f72c3872093a54ebb8925c7c80bd83560435cd9bc2ba7a4e53ee4311eefc5bc604bc0dde563cedc308384295810200333268b3cfdc8cf0477b050ce53bfa1db5a435c78b8de1f97b76c5cad3341efdf31f54439e8300edbc761b085a2ad45144f13442a
158af1ba64b3b4b0bba8cbcb41a2571c33dcdfc04041019b45634dde400c1ebe4bf86b8a3fb0a74a73a257172e25cc1790a653f7b3bd413742d711ef005bc4fe0d25978302b5592da9ca0a090ffbebc8ce64b2904d5e2385ca491b3aa0452f40a6935b50235379c9fe282625f5daa822216e585027018219
08625d74454b2a7152357a84d1d4da2736264da036e8a21b2c4747ec6a8c20a186484452561248a36723dfdd7c31657dde47429493f6128e11ea746e369bdbff54a040634eca2f454c31ef2f02cab37d6aa3d2a28e4ba3223b4719d786e64a1dafa33bfd7079063f91022c185f79800562f0f31b4fba4b46
0284a42578432fd2137101421ab98c0068dc3f89992bc07425818e3784752cd28953436291124727d3e0fbd40509ab861248538542e4ee402c1986911c845216bd3a6f8256df0bfaae5ca73a44d8b1477ed2d0c505af9c1a417b22f2cf59b4fea0c16901c0d76152f42f3cbbee4a18cc712d3f7b24c5c149
33b68705d1656f51255557c977568b341adb7539f369a15620e8b2d891863287132601b461122031f78c2b6f602547efbdd38d2cb17d2aca24d28bbf388db27ff03e74f30ad5e8bf3527eb18c5a4751f2887e22f93701c75b96f1a6728e98087bb423bbca13b7ab9800577b7fb88a69a71698ec3efc3d122
3c5a2e95c90545731f7a888ad80fb72cb7bf1939b020e0b5f29a36f7e76d178002c92d1181535788028801519a26bd1c0316c677c3325511e7605ee63da1c9af3609de422db4d85eb062ae15900729bcde7792cdaf79b6d1ac8200a743ae523c45e3fb5fb4bb9530eb1594d59ed9f25c237cc7be7e1fc706
3bc4ba174feedb009a8e8c6a30e730230b042e10d4b532aa4dd7170318592988aa1114a2d64144ce8fb3ca1e09364267dcdc7ca6a14601c3a980c8fa27c031f9f3ba81716547b204955f33142998de9032faf27c694a606b74eb225125056a156da006c6c08975150910464aca7f155772207262c5f71bf7
1c2de4345eb528f3fdc5e2c7870876147c03e5feca4c332218e657a0f56e24bce0175eba9031da5fec46307dd5383a3e242e6a2d5234b561444d0cec376cf1f2b7ad3063d0a67e40eff7f02c785a71d96fae21a0e0b68d85ded835e5dc868ae9cbb3d0e35da61cd7020d34fe276fa18e10d730308926d722
2ff63ff021005303c905ddf8047f2f16755cc64947a1f1e24380f4c0174534027003dadfec126f9f11e2869a2b2620cb5c50effed0876f1fc2bf7a2f17fb1ff82100290320c1dc3a6ecbac08c5c278efd57eb2f121c07a3f0ba33a013801dadff69337cf88f1224d161ac727e4c2bbb0c243b78fe13ebd18
000000000000000000000000000000000000000000000000000000000000000000000000000000000000000000000000000000000000000000000000000000000000000000000000000000000000000000000000000000000000000000000000000000000000000000000000000000000000000000000000
24d8a8d7bb6477104d88c6e585abb33f771038ee1e6a12af31bb1c0bac2e0b91228339e746f170ac761452baa20873c56842b4aaf1ce2d212e1155380af0554cc6a269b00fd758a1e753e2300250798dbd26e2fcbd1825f4d5252cce80b7c15405421da64cad3d703b2473bbbc385ff2526363a3b9a9fd53
31151aa5d213097115f99d1dce4fdc01d5092d286137f3487804e4d933760e777787563e48e309efa7d3caaa7e072d513f4964fd21e6fe4e4997e6f83016003a4f966c4397b8eb678ab0fd05a425c5e386f191cc7f58ac5d87fe2d676ab36bae1a20da51c32d1feea608429dcac331ec7399d85a4f892f37
3b81c4c8e3c8cc01d561eed4248d3612432ce2588b7d212590efae64ba0322adb4936a779ad0392573d600af1403e5ddee65bb1cb1c00902eed91cfa0be26d3b5888dfa06c9bfa108474a00e83b190874c71932b5662ad882e782aa476e4f68e70a26f35be0ecf30bd1c09a24054856303fba7008f10cd9a
308907b578b1a362b3cd743008f49b1daed694d92c227178da7815bea43b2f4655ca80011921fbac6df95010e80f7f1f5588082160a3f732b11f98e733c691fb40e677213d5b23096cfa241ea8d9d78cb5f3b16099b17f3d42c00766e9aa96983183b107b33993e2032299f3595262e6a353bdd7749a2a8d
1855d94c31ddb1305543f4de23e726074b83805c2b3672197bfc8fa9d5052718020f07c49ba0ca9e24c88e939e31c26e33b50ed9f0459cf2d009559c3c9579e639148ab0474b092108cdc81b41c43f68c13bd2e463f18e0618a215c6d44a91ee810147bf8faaaf64113c32de68d9a66593c701ca9f10dd61
08712af38d0be900ab288d288339ba3554b1783f5047c2288526c6d9a9f43eaf180b91d71ba0b663089b62416c292d796095d314604c7d3471eb4d7c058fe350a324f71199f1603af7320c36dfedb1c691003397d60a819914ad0befb2818a307722825f503c0b26d435285f16a9d8f873ab6126e2c76f98
3146036f9fa7985197ccad1bc060aa0428593c039aaf81101c79757f216d20869909fff4c9d09e0f694119575321481178389a7ec33d30d45f6bf0ea162cb7cb52aaae2048af89a48eda0b1d059ebde07d1ee28b4a0c92beb15b0ddf6ae8dce7bc302e47e57fa0a3ce133a9ea559e85be29a0bff7215ed9b
16e2ab2fb26de0f001ed5c340d42cf31aa5db45a8c41b25053217ba534d126e4216216ac85a3b2f5df6b8153e404924bbd31c30d514165b3291db95410205b34d9e5b223d8b21c715b54a33c8646cb309548e0e88af1002c736b053a7bb67079f2719a09a7a6410a7130ac66ad5f8c3f12f2667f1ac38765
2d7e9b5bcc313d502924db2c8757a91ebb8b00475554119b2fb3880048a2265787808a45bd820794aa72fa454d267b286548d248d0e75660333074f125eeb86777015ea3c31a1e8bba279d21761a66c69ed860578ff1b681e27136a5271de13b94210120d473b5eacd0115fbca26b0dd90441b3f8952d52d
309aba06963c82d2fe249de300fb322b380341495f83606383424a345df92a2fdd0e9c87d310fae5fd92c41ad0042a942a9a12b7b2d51d01ba162713116b71d5561976e1657ab440e6a0c6227f83a7692af3407261214658036e28671acb292550b3ce12dac96c3c931c30bbdf0233a1f3f1948b444a171c
1411febcf1022ea0c4097a40ed13ec183c8005e1d18f338c51e6e805d16e0a365cf625ab0fd09ffd24e95055e92788adbc99ad6ee356b83c28c5951c0f689a6a7ccff3a27b2ee14e1ccb4018d600ac5c4b1fd20030c4db6a53c91272658b802157f0a5b935d19847a5180e6a23e4019c81746811c0adf56d
2bb16efcaf581752283368a77f9d6313e5f88f2151c72285359e73cbb12a0c5f263f461a90411c99dfa75c1def1b50f493ff45d952352418acc47b13168168ac0e4692506e75176abcee201665ae3a0a8659e12e7088b35d87b53108784cfba06870d8660566fa084c327dbd912721fa014db6f4b3f4f053
3ed02d655cd49d00355be36b8b506c3377fc46fcb6e9f2f75854257101b034b0d84b235f7882aee343c4deae98106ae65c3975c131d21377de7bac7434739daaffd1a7303ff2894a4b0b751d445288bc6027d3f25df4a15dd62733ad39d8974a8c717c376c4f77d5841a9a34dffb610b61c98e532e72c091
123d5bb12f19f2706f624f952ca87f104ad11c21abcad0f5b095ac7bd5e3231e7bcf1ff3585317ce541dafc69c377ef13aeb5a60e3a310fc961068ed29370eedf9fce0f0c700a34fd76356266a4383e98125e24afb29789f4f06143bdc2bc4191352f54efdb3c1c43c137656d2af1904724fb643ae7c4364
07c02ff63ff00001a2a641839d798e04ad311663e6862107f988f57ebe763e0ff4026be4001197566f9ef7a19d1ed4b3ba64f65e81a9ca7be53c9f7d03e017fb1ff80000d15320c1cebcc70256988b31f34311720488f16490833f07fa0133e200132d8bc130140ac50f6a59dd327b2f4337b1fe508d377d
000000000000000000000000000000000000000000000000000000000000000000000000000000000000000000000000000000000332f1ce20a054cb00000000000000000000000000000000000000000000000000000000000000000000000000000000000000000000000000000000005d5c2aafef0f87
097bee5b097c48522fb73b3cbb2f0818b9c680c76fda01a907a29d79a0a82b4d40514e2e08e11a14fbe6cbced632804dcff610566213928ee8f79fb800a0be9db77b05c38884846091a19f2e1a14a6225a7611e6db875230f836375693cb9fbc8c91dfe006988964851efb1b442acce62007e0267dfe52a0
39a9a6178468ce21a35abeb72e2b733c665d20a0658a914e19e8d0dcb6882990ce31bf16b2131dd336cd032109232df89b20746e5129158dcbb9e75c00534cc5fd1b90b17b81644f15f6ab31d7c1c167116020bb76ffdf35a0b72951b381c5268561bd655c5df32f97354347a9c186f4b1002ffa77b2facf
0fce075381037a431f11c5f7a5c0210d576abac0cce593daf3d1a39ee56013662ead2888bd7303409dab9363fc30c79ac2816d30324f2643ae41cca33e6d35c6b2dd74e3d11c656fa0138736b30ad3ccab7612e87a4a764a588916031de3c71f51f32288f979db33bd1a2674fe7f78fb811f99eef6a750e9
302db7bc7aec85d0e79213da86f38b3deb9972123f58818506948e01000c3ee33b3d49e8f9215ce4d79b344b3c0e773561da48b57293a2120908ca49280fa8e4ac40b05182fe43976a107a180c748971bf72d2e0f121a0e948292211ac1ee4b7f6b35b28709d31d67a0d60bfdbe1eb7812da3024252fe841
05f78bba3517ec210eeeafc3987bfb2370f1effb2566424c563c22ceb02836ca6951dc746352821f746c1486b11394369273a8bf20262a1772abbb3c080b148881330903611726cba0f895277b94f843ba026009e3cd29f7f85824347a6014e542939776263381ec890752a6d70a50c762e02333bc6b5da6
0fce075381037a40fd66ea97e6062a27883b471bfe09614c5b9cbbd5a39f37f74e011b099b43045fff0d6486d93a6dc7b56df403a226e5d96b18ee8b1d0702688e36a160336d02061d45470b462caf64f0e5a14a9b841e00ecfd10e6f35bdfd89310603522f33b915b300edc2f099e64f2c2f8cf2cd67a24
20c370600794e51182a6683339f86c108905d4d0430db085b2efe37dec67299f7a33507e24f15d4b61f0803b8129fadeb7ebd319f05f3d6dcdd123b52ccb1c5f2de603b3682bb7503e249c347b62fa5de029d0fcba04dfaeba712a1011f4774e7f528f37d1b7f04544216f6cc55f32f66368cb8d107486e5
1cfa9f40e99511a0bf517fed436080082c5d9061d3f3308162dbd3fe33b40c39296e04a3d681850de527c9cd2f10a04ac06a50f4c13b640eb55196482ffecb6bf737dee2fa96e7fe0986861c509839c92cd0b3d25b8b1303e17736e3c6891fbecf40c3b1c3d0fee2dd0e32fc830ad05721a50759aa9a543d
2853580600706412e5fc2e4d3ef56a1c4a06b02ff20903d1499fa07b79cb0ee07b0a522b6fd0906ccf6ed06dfe2975ec8506f4cf631ab17325df73690a124a447f5683d328ba4d7a916c660befff5af14590b1d92959d35f1af8227a7aec0569e700c4507138ce071812f7ee86ced0a562ba220f4e23273c
09740e0032e38e2224d875f3d752e5259c8d0df92df4d16179a323270bff1685eb782c340ae0d4fcbf27dc6bb10900adfbf202e9f1c19f1d7afbbeb7099c3f77493e86c3b3c09c67b77e013c7c9b4aa12011225fe2409b5d581a21586c44a301e7108fa4dfe230a3b53db470e4407d3690bd6d366ee2fd9a
2d69abb862e505c21c65ec40f5b00935a78946241ccb82b8a54e505216e81eb305c930c16bc35aaac15cd85e4803fa8bd6cc95bb138ec8473274a5fa3877d87d79153353221b2dc0ae333c3d72c3a5f7d59250ae605157784978287d1f527f79a2a25fe7f1d6c8cc4c1cfca311d672e023a313f638bb5a5d
0786d2946c62efe2abae6fe244f0e50b3de0b9e746c69325babfb63456270e6e46d9d33a9f93df81d225dc8d790cf400b45295571312b0485ab70a832445de8630ce4de3f1f53a2e2728a230246ec5968efe314fb3752e95c0b000c8fc47f84698030c2fa3c38d2bab26f52364c3c3df22cb888bc80959d7
1603f45a8119b36082b7cb5a335160136e53efe82c14d27eb84760622f1715433883e7b152d114e965b9473d82146823e3603d39b26ffb5f13fce3e10c7ed90a12f59011ce8c17f23069f80a2fbbb1ebdce34029475a4ce9e4a40974a10147f0d090374c5421632cc72e1a2243c25348509a52762c041ff6
39147d7e235c72d1d5fd5100d7b05b174db1d1d24c50d357e0727ab9580c061fb8846274bc23e3be05ed5336e92800a6445ae7b0c1f0e6168a2dabb82957f088c1957e73e5047eefcb4a100c00d47a80a7c5938408d336c60465278f83a1297f64418737b5d202d7980e53db8f782b1820d3a13a1fe2136b
380007c04cd63f11f113c244dfbb8e179e3f201011fb335a12758dfd6c5e01fffe0fe38270c02ac798c367853127e181e0ed1a4641154440bf1cf4033c0003e034db1f1096a957c1b6a3d117f3be74b9df24f29b10ff3da3e77700ffff07e14138e0ed609a66afd3a827cc220bc2a6fbd2ed6ee0bd7d61c0
200f7270e5103ca0fbf86408e5b07517b46502867a89202b273e8738a3472e148d900b804051261404874a6c8739e8ac72947c7d5012c833be0cb9bd226126c88b778853faa9f5e6fd450b28cfa91d90b041d2716c05e3710e761b48176abaff3b709baeeb996ba2fe3eab1dec07cd12c2ad48327391f54d
1362ac261e187bd1e78ef485424ad5288f0d17f71d1f00bda3d927e8de60267175ef5be737c3227765eed27b052d1661b160013b737b0bf007c1d1b30b0b24685bd15a83ec1b1464e0ad0507606941c648b02167a65e476ff0a8118c9ae98c9029020261959503d04a085b0a0585e5f68013a00f98cd8075
3a1a064963080ae1a93e9eb9dc7a7e02ed96b660fe3f00d88ecbf4f961db206fbf0f656a3921bffbeac683c04707ad3fccfa0c7f5139f72bb88ebf6e004a715e68960983b3864dc06eb8862c01aa60049a5fd0210a25975b5fd332879bea39f1aaa3f2538bec7821e710b4b9e2b0818032a54b835e5c4f09
2806803154ad59e3b75b1666b833e41c5958022776c2c291180cc411b45a3f200acfc629ac71785a800e5087dd30731fc54136da0389095fb1f1f84206ffbb9a6f7d69e03c79b0dd5dd3793a909c0977166aa1e926581eaa1b2f0a37bdaa5255f63115542e9cb5f31823413f410d7a03b3451e1bbb0ebb83
0469b25ab419ee03b4bdfdc27e1b1938792dda6c30c7f0b53ff7808dc93f3d5be91a1ceb7d41398cafab3729b10bc0fdfb1ab3c26009f181d544eb5f322faa69eeecca20864aeca7cba11c011aaeb5edb023a3612c3da0bc9b442af92b698c7cb4e0e6e7acb24c37b1282836a4c525cf927dbbbdc35600cd
3e8ba0aba0306d43d293c7e5397beb2c3fae3a9dba6f03605af7f03f17fc2c954d75d2112572e818b677ca7d78117ce460d7fc67e13e52e21557c4701d5e1735c49bdef320bbe4ae0e10911273307ae56bb5a3c4cf1ae1f524310d55a065c7c345d25ab9d6c8f87223279df7e58ab8afd0028f06802cef1f
011b1c8f3a96e763af8b2de0bb2bb90f9c02c4ddbf7f21f8c311caa03289106e2ddf886fa1c26d61df59759cc910f0b106f5037b6011fad62790951b05fbc57f43827882dcf54b93fb2a003550c12e7fdaa2c1a4124c862a98192fd8c9e3e549c852ed24115fd93e4134f282f1851f6341195e58afaff161
1c8b60f6e3292af26e93d13b1870070875721c3fdc2262efefddbe56fb863abe0ed81e24f9a324fad7efaae73a08950d35c59c50b04bbe133a5ffb6c2c538e85cf839e311f76a4b156e7be0b71c2d883141d01c9d72937317c51288c3e8288b94171cbea436e767f883d68706475d00a1292364c8901080d
342f3ac34ebd44630def9fd7fe32131a3e3574bf8690824fb02c8c6d8be9331034a6d20f0b137ff7dee58574292ad79315b68138103dee0b178fc5a52a2defab3c10c5f3052d5db42bff8610678c7a7c7c4301e2b41520cc4c1b13b45dfd76273940fe560d35255c41036a86bf9fbefd703ffe05c2a85a80
0155a6aa49405103e52a995ba5ab6d05ee6b5f731046e143b21e4698bae117263ae81c9b2b63b867d7e3f2c6b90abc73559f57ea40fb9069ea0ccec331e96d73fc6c5c318cc56bffd217dc370c18acd78b0082d607f0ad0d943c350cd368d85d15b0287d34f1e38a09379ab84e5b56ffa3089c1effc83b5c
29e489929ff357e0d3fcee7b82e9163ef43f956880b520ed1ee7b3d77fe41a6ef262247913227b5035d5aaece03ab13ebabc928e10a57ab915658f2c007fec7e77c17d92cc10348f3134ce382ad7c5643d1662e41b01aaa9453405ed8d4a8a904c937efa34867600662cfc75121e4886c2ea52ee4e835667
0250a75bce6c3d70f3c9a8dd0e058338858f6c580cab93091ac2a9fb446f2a5414a26ee2bf9200283ecef3dfbd211fc9091b8122c1a919ca8300b6a82721cac5368f6f504979429f8274f9148d51c008825583a860bb7f73b6c6140cebe0a36a6d800f190ab29aae6b32454cbd0bc69f033c28ecc0820fe0
0fa8e7bfb44f49a07fbed50b3266b534f11bf9fbd1d4936c23807766f5de0667257aaef27293ac0e6d31322e6335b9bb4d696fa822616ad8231ae6213e94100c2011ab9167e19541f442f82aedb0a67f103453a7f4abcba65a1c2d1123caf4dbe2e2d15cd2837cbf672ffd63bc74e2e751473cbe8d815f80
3d5648b29e0e21417f9d7e67b7242a32d12d4c8ee87112cfcde443f9ce632da3cf710ab02313c700629dcbc91325df9946a58c4210dfd81964d6461200fd7b3eae56634061a898b23be6e1139ddedf5cf8cdb08d11d6a645ed941a62f0edc3e095314b34de026dc8f3361a33741aa549139b77ab76c79a8d
04cf9fa9d516e802089ebc78e129a63500c934ad524002d2a5b603e0165704428361b3b83b930415d51c76840c1d7041e6c3e1b3e1bfd25f285edc7f1dba205d90cb8e92996fcdf2539185348f2d5727adba600191c1632573c009c1e75e1a1be25383aea7115948132095ff1c0ffc54f0a2128fe3474d87
3bfbf80014202f505f52a92a9105f72720f197bc054ff01e1d539fdc9ff0010101fff9eff492f1b0cde0c13cd1329a6011e8c1eab08cabcba520b3a13dfdfc000800177092baa8e25d5d791fb517b08fd8cf53ac41e9719c683b208080ffea67fad177a79c0404fde11bc21bf3292f47a2a922a6307f418f
346dbe39f3f260d3fc5b0d0ae2994416f0752f45693683911ea575f9200b2ec566ef00993e31e213234982b89401aba4a2a45e51f33243233369d0453f4f6b771cb5fb80eb8fe54ceadfc80794a48e6de37ce3c3c25d0a9a17843f085201fb71d93287590f3c2cea50039d5b5d3687f161bcda95b9a4ab82
03f99ec346c792c168e1532912c34409eca61428363723f387ddbf1623c23aeb1de206de9e11fe43c5b958b7b23aa457865357b45376c8fa3517483402dae240e7c9cff37d6de995eb2ee01c5255afe0f5c0935e5c48a8bfa7fd25439c57420a90c104e302801c6edc2c19ec43957f0e312877b4bef0855a
2c549b3732cc54502d4bfeff9f31cc0be274be2d1a9b5280309d20d52ad90bac517832f83972bf3de0c261d5241889fa20f5b11e034279e1ea24e4630f73ee1d1b7897103a9edb65ff2dec13c8c5f4684268123f3b47f519a41d3376c21afda34b118f841e3177e9fa05b17082d211418313bcfa576097ee
09939ac00aec9230df7dd2fe13fad72aa0ca1b72baf2d2f2892ae30bf6f60b6d4a8699c6c101a9184a1a86846f25eb443c1022a3f07fc35931082bf9372ee98bb0685c50d47e4a873becba2de81af4a4196691ac2fb10c5979530a0a06cf8c13d8b1140e00cd9c314e3b86515fb2008482f206b6014588a4
30ebc09d34b9f6a2a62dc742ea944023639af05db9ecc204049ef7b8d39e1c2beff2db414f90f6f8b7cc8aa6321d4daf91528197a3d77b87523242e80d0935cc1cd5a5f1dd8644d867ce1f087090d6f61222d280eaae2cc6d3b20f0ade64b79bb433b2f41447b71aac1bea3f8d549b7e40705dc4fe23e28e
1b74f8b78d982a3012b4affe271b803ba69566ffac9133300b20ccb7f9ae355968a8486f47e1fec167a1d92ccc0d7083a6ca84217242ddb122bc7f481762ab2ce3e41a134536641259b18320d61b6d87439492a056010fab50d9168f5426fbe1ce603fd34eed4cb2402773aa66d23b57c3b1e1833b19fa29
2b56fa8b8c1e6fe167baa880d017a61519f7ff5c4760935d16ba09bae4c23d85f7f2aa2d7b600d875899e51fa33e1f839c9a8e29f281518d477a89e82d9a2537cabc59128b7ec98405297312f31e15e284c3211240998faa964437826e64967271b2e7564ec484732a1289809d5aa54913953ed24acb5cda
346fd9eb955f03616316387ad9012402b547d93a873c91572b7668c419a617c4df3364a167d2d6f9cbb901e01119a5422e603c7eb2a56c7e5fd27cc43ea477bc97d502634688c2f3906e49384df392e943498205caa308b93b6d31c878d40ff281722d83980ebec6f206e3a7d4baa63423379f9d503c0bc0
004020842cf574803ea623648615d50624a6acc5e0e4e31092f715ad91cd025d3e308c468ca23fae79a151c757018eae35ba2602b23dbe9c60daf3b31377bfef7b092fa3533125257166ff208ea3faa94e98118d46189439cfae2a7f34bc73bdf082ca0bf63086d0340c496510e656c61342d6110cf7e60f
155f0f7369df45a1ab49cc53bef7b835626e7179200520ff7d574742fd7d14419422dc2c32633c32b1bf0b290a1ce1b29465b643b3c2af386fc354240de74390554ecf60d1f9220bb1c9780c95c3a1b76c82621a64c406cb23f905ca2737f3998a3225d2e53ea939762281612fa8c175603164945368fc65
003476b0ab53ce912b0b8d3e483230190f95727a2161b359f10dbd2c03ec2c6e149742c9d1205bf41b66a1681328a02b8f3d2631d3b18028866303f03e743724d8593811ba0d5f4cb66b6c0b6464351acca9d0ec52e5902df70b2894fd5e2e372843d6981b4a322024291b2bf4c81681230ca9f4745f32b5
31317c9bb4a14eb3ea591c931ae56c21d2222e45f99fb09c4e4786def4f70e6895bdfb86a4934546ebc0f2b3740365c020179931e05f384604a55732235a7bcea3e8fc11e06926f90a94f3309403466cf190930165122c90dcf93431dadbb4182a71328a06e90c835a0b23ff997f11fa83aebfa704d6f8df
2ddf16a840c490f3da74ee2f3901772c3258c2c0414231d07ca47999f65f14025aea50c113b3524f92328ac8df02d0490bceeea201f65f85a33c4d8d19fd43348edc30c38f2b024f44065106ab66bc140ff022be7f163ecbcaeb2a761f72daf11080c3387a228f7392046d2f15d955daf33c7f8d9589e306
3ef384f6b48588401215c6a8e9893c13d616c947a28a90a28037577499832ea3cc210f3561418493348e84c3902e14b15b1f1b813243347b53fee9652c980d4530deda905f38452d0da2800c7573491d8621f3aca8acc34b015b228bc013fdac5d73880e9c29bc3ffe2a40115c55cb0a32e60519886a629d
3bc0c577e81ba743f064951029a92118bb500db13d4243cb69f0766a37ab342ba9701d290e01005b73d48a402d285ee79b179c44d19a8877d2f63d15068a093491b52fe0ff65209cfd1aed06df28731a2f4b110dd16c51310e403a417998d74500a146c37f4a1fcc062b00f3995d14030298ee5b64bd7ae1
33f8fbfc14e0069149cdd510b6753320025e81ef3340d26a37e8f848b9c60301c100f17fff42ad8c8abba0e2b40d413eabe8a08ee1657205c1ccd18f39fc7dfe18e00292a4e6ea883a3a9a257d82a82a9ee251351bf47c245ce30180e08078c0002156c6455dd0715a06a09f55f4504772b2b902e0c568c8
1b4e608beeb4e48081b2c4b65258271fc2c7472699e59250ce2d20227d8a053c3eee653278412d95b02a8e6d9c230cc9e86dc86d9227b286d6c2a2110033ec379255c450774940b032dae23d3626faed44cb81d511400ec28aad12f6050a6a178ec22c7f5cd4bb28b919e1afb0f5b3e1a3df19d5bd95f11c
0887ce4087f51e83deda46647863e03628ff33b36c61b1c9bfba8724b52301fbadca9a75a8e3a21b40b2d4e32626fc6050a10beeb35a9a5658c6ef1a17548a6181d51441c8424c53ff0bd025c471874929628071f57c506beae829425b163eec8ee1d0aaf32e681cb21e76a7a7522181b155f03fe1fa259a
1cb03f8e69f7fa904943be2454252402286331fdc9afd10578dfc9e1133f24428f13919ec8121580ee7381468902e1d4bc67a233c3ab47acb17229803a447e724b00e5709c1615dfc6505900ab021d0a3a06d29530d7c0ea452c26cd4b63d9af8dd34f58f0e86bb46d096e2deaa2a762614954f448332e4a
3180c6eba0be79723ad612465b0f732b96be46ec2116c370f8a44db202400cb3fedb2565045214021828f8a0f71aecdd5d7f2bc41162809e53902d9c1b1e8a75bac411b1cdec58dfda2d4f11e004d9ae66df0236d2cd1880558034fe62d111fa7e30674c3658c5bd4d3734f10d5567cdb2b389530e27ee4c
1a53e54dde93b6b203979342f4371635efc4aca90b7ad0a5f9a44558cdc00ca16bda6cc88bc02ec47f92371492123e0e7b8ebb9140c1fcba9f267e37038b2decd05439b2562ec4fb04e3eb30dcbeac7dfa9160a4ca4fb5badc080fb18b5c266b3bb30ae681ee6219cb062f53f1898413e2440cc39bcd72e8
090b7409e0d403635672b270eaa77d305e09c674b076912c34119325f52d1c65ac9d3ba4a571e5827eaa7d9c2a34826d477348d941e1d5b98e3e16b410a11086dbf7503383a2e2ed87c4eb205bceff86e157c3076ac37213fdcb1b3be3ed3c73fac3c52c13ec14963e12d54f541d76d9627192248b522e4c
293bd5f7c1fcb6618267359929045f0b06f4d311c739b30c70ee20bed9b90229df7f4c5a49710685b93f145f43076ba501ca3ac682790cbfa5ee905316b8ba966ad0618116142246ed2f6d01e11658883fd6730ede14babf52fb322d86ec11b0dbf3323eac15f7af5712017255adfc2cb244a76417d4299f
2b46cc9e22bddd90590200f99133fb22027cba87173243e02349898c40ce085acb3cea8df991d8940cad4a2c083d14fb4473792610b50262e5cc824b060994088cdb615107062ae22a241830f394c07e030250d85350eeecb2793887e33efae4aea178013bd732f5be2fb23d6936fe3c130e5ef9b6145a87
1a7daeb46f714180639067b35435da260546608c0e313236ad56545cacea2cb5e2836ff18c83b47688f398c3a70ea7a6a3f93332725237c2e7fd395d2aee6a4a30214bf1e882ed89cc4d7c3ab561334ef03bc27ecdee920c12451e47d9d42cfe96c08476e38aa0ffba3e79ccd1f19df0b34e15a3d80ec733
32cf4d6ea49d0f41b5ead28243cfa438cc67a769bcdbb38a1dbb82598b5f3acb13a2d5fd1d0109e01bac245f15087570581dd21971d7050859535e25329cfabd844719424a7906aa4736ac3b62c5e3e58fb7c341a86409cd8cd72b2f381e0615c9710daaaafe7d39f72471f231c27ba721d240e6b87ad615
2d7eea94cd762882747c3b9357ce8e219bf3b7448432c1eb5bcd0e461a81286e4a32228dce016e675db3abe031285be7fcd7a6c6a2ab06caf9bd7eea3dd5154b87a28883116bfbad16fcc1125518bc1142ddf33e714898930f0d22d00b789ab3077224c46cbf52a78b03034de82e3495402452e1cee5250c
0cc8978ebc812b738a1eb7836e14d3165fbc09608ce913bcc4b8e331d79e0ad8c4f152513223d5bddb1aa5f59b3dafad3b9a2768721e4e1e619c8f721035b0e0c8798b13a78a83a74ee83c0164e724b08c1960851aa269194de53fe85c37828a44e3964fc6ee835f373c47a6f82c3ce551bc313a95cc4dcb
30efd1ac942635804640997442d11a2bdc6db8dd6587c2581653dc8ea55e396c4bc924744d111ed20f16bc55e72340cde6f1d1ce332bd869e7403de800f23fb5475a4972f291a95ae012102997b31837c7a173856c34ac5a89531a5c64c4b5858a51921b0ac115c5d73769af349fc4d041bfde038cb8d9a4
2e3980ec57373a2379d3b999239ed40933eb33f619381257bccfbb0f3c3807cba4f3ee10d200a282f9bdf3757d1b8830011362cb502262ddbf27dab607c2cdde31db93d17c3132dd834b350b4dfd9b675ff74049d65dc49a069601ba13cc5983c9c1904b41fc3fc9f92c73bea19e056363f62d31a2822e72
233fe708c610e6c1acd19b0c8cd4dd27d29d0622d597c178651529837b5e114d66d38635ed013d18bd967f2ff439b8ee6c989fe1d24e36b53b8e318f353fade2288cc72310d53de8d6fdc90c4aade095f775d09d474df1f158680159c94b9760b0504f5849db51bc482281f58033a54e0216e58d6cef67d3
0043f3f8fbfbf8028ef8486e59c9c32fba93f55017a031d5c7cfa50b3d143fef0301ac61025296b7aac02ba8d9271c42f8028e3c1183ccd355ccd6440021f9fc7dfdfc0148acef238885692401e8df59e1f7739a0f62fd8e85853ff78180c3a081708669f7b247bff90cab58e3b4e655c212baee7f9b8428
0aa5192b93d4aa71da546df995db4f35275d08565612127cf89c9f7d801f1a4118efffc38533feff2b71c908f13a8e8b5df0c52ae2ee73c51a0a9c2d2fee35ba9738d280ee1e44377e170d0f085770e02d3f52ef743acf2394d71552ac2f3d0416f16db7207af76a1c3cb22110bca05ac35ed21ee59f0723
23e4aeadf08d2dc34b7a5c4cbe93de28969bb7f48b99c311728c48ae597221b7a4229e84a4d32a65062a7bc382025ac6a144f24ce158cd7762b112cd072d2f28a584e6a0e5b81518209c9e381e12caee95b1c1576710b85aec0537a517e96c3fabd36d0484a44dd1171300959b5f5dc811bb785707e7b7a7
07e96d9cd382ad42026e2673b2c79d214f7848978d299202af7121366538294d304cb5a6e1f1076f92e7a1819f029f966c58a417b28efbb5d9743cdb28e86b96a95ba7e33d8de0ee7f41da2b6e15764e8675b0c8edee28dd5b9103de9209bef09f4319932850ef7cde279c8ef14f2ae6d3573ffa08be53b3
207b1cfd5355d2f3f591fd68bc8921261e3e3da20ee9231d063327762a88271de3989abc47b25b0bb327fb14a7238c9330e151462124a32844fff54630067c7336c32f00f5a85c2425483c19c872706aaf14f0088e030771b34f1823a05879f20b717425821130a5ac3b1c4a4c5e96a8c178d17925d0ec56
2f58e6ea3ab97e01a772c14cff9c64294605b1b38ef9d2bf434e4c5fea912514bae8b438da805d457abb14dcd1327082d956540420685143c79cf2501701e01f1808ff61335058108d87d73a9cd9de7ba763b2529d3a707d28a23aada62a833af651fa4316256eea5402f91c82179c40d3bb2655b971f98f
061ad1f8deff67a1e2db37afa3bdb02f3a5bc06e729e92e5a9fc47bc58a53a1afdfe9ad9b723857c8c9f7aa025071556da122a10403f48b7766a68231c2b4506d0b52f512a72601ac64f523f4ce1b7444119f151299ae136913912367791f7ad88723c10ca9009a4b504fc4e65ab1550b1c45c4b76b1dc34
10a7b99de9af0a11b7f4ba06e754f503c074bba8d4512237dbc9153b0a893a228a4cabd523317c20fc63df343c15f82150c3c2c7c0c8f302ab8526162f4985422cf7809073c98e5858f6dd1d32d93a466c3ac181f2f8a409edd202a79ad4748cba225a7bed9d2b054304c9a7177709dfc30007d87cc30c80
2ad720ac29a0d9f166409ffd02852922c25a7e73ac18417d86305408a72837e637a53128be6010731463c520a106ebbd761f4e7032057302e8259fc92d8539f669085c916f774db42947ed1481d631562c20827ec4a62c1dd9d812ba47781b8bffe35fc8f5ddba42d92fe7804f6955ff20974d41ad6d1064
3604a5d0d6c056714394b249e23937245549067936e501e43aa7921b91f339ae18d1d4be90d305d2ac2bacc772240b85918a213db2f4806968b211fa3ea2e9b9aac2e810e8186a60db5f560356c4cd5a469301229d3faa868d651fa1474a28451b521325073c96ce4e0f9dc295686d42306938541a35a6e8
18c5e92bb07543926652abff69a4e20d598a328aa67492222ff406f9f0051e56fb1630fe72e2b6b7ff3e2b8d391c64a892ba8f3c02567bdad0e3c99f259a0f3f0644d9526743e04886336528445052b50969f170b1df01324e9d183aadc58e07a7538f36ff594081a1071e98f5e93a65e335141c0e2685a8
0660296b86026a3237404f60aa01f23a1fb2a04eba0a438dc7a61e8f5ef839ae223f752d4fc3dfbc8c62be44910655a40b5b01872021b2dc474c970b258075b60428d3c134f0245c35207a3356af79f6ae5fc229705226f2c7082aeb5cbd6e4336e3021eda581ced473889dcf39865b253e94245998d03c6
0fab1cc84f7716218a430d4c8cb6f80b71f30501f623938cb15fe5ad9f650d7fb0a65fa99542d988a7d7a5f37b20217e7e1ae32de2c4fb5c453771f90864a5d6fd37aa22ddf6ace6461e92145d57d620473f427aae399692991b3b1bbe9874040de24327b8304e58160a6410aa3e178d6331fce3eb693cd1
1ceb44d4daa529632937bad1c03da70287658d14f5ddb320e3febdc22038030a82c5013854b216523a7d83b45f1ca96ccf09985c623b0735549491551e02c1e7cd6ad0213962f026373f622d719d8b966878b1804ece39583b5114139cd6b90637403b45e8e5ee7fa7172ebff83bea0ac3d61c845fafbc11
0408123b306fc3b0caf69d303c26fc0454643ee9881f60cdfc06934471cf26e090864cf5ca81e64299a4c6a8f00edf3245de6ce220b08197f642926128c7ff1c413461c3c784d62144ff93150da1ea552a4610bef356a26bdd1615ea0ffd10cc5872a6bf10aa551df138cdba19d4d9e770a62d86671651f6
11ee70bb262d4860fcd5d594e4540f179f785bac9efa1245f3aa7fa1baa62c40871ec11c539107c0c81ca0c82c3bd773c67d33eee024663fcc979e88264552c17b6a679063cc2148f523ff209f701cc0d30540fbfcbc3baa45f704673f4252bf93b1deed207ffce8ba0b048325133acd229f17451251fcb2
07bc0043f3f8fb8258b4c1c9cac0e30099c3fd0aa6cee2d3c1abe93f1cec3e10ffeefee1c1919a2aaec79b1c7f1da2a0a9af7d1150cd4a7a096d45aa03de0021f9fc7d818f6bb531fa3aef2c7180e335198ed1071415968fa6b83f087ff77d60e1132ef5e0c465c83602acb17025e86151b779c1d96bbbdb
2c67aad74f5ee143cc122e5d837bc32459cfd10e1ad5e2cbbd176464b11c28630d59552a3d128dc50b573225dc2647404c02c92681c213b5ee0dafc03fb60f6a74fc82c222bc635133f45c06446b96f555f121ff23d4590280d7235f04d58c4c860324b1680b8e586514e155b2543312530870766442a810
11acf2c9be7d94d216c035044c933e362937497f3826635997aee9fa4c680f9a674251075c1266d08caece893807db5f84455ba1c0424a364c18752a13540dfc6eb9f111f6818786ded23f2344229955e7adb3755d60a8fc936b1484c8f2e277327292c0ee7e3b9e692fb55e156c6a17d0ec83cc3e2e5e05
19a6702024a18c332fb67e11f940522e3d17a18863b1d1ae740c59622fc10c0b334c372a3ae0fdaf6de04938cf2b5d2a0594a0d8c1a7df0503d0ddc21d0a5d8e7920e8c13bfa9c163636370a947faa758cb470f1575f2a164a411cf7464edcce32333c98cfdaf987b43530985857ffa360d3469ddc19bb16
3f0fc619dd980660113a1c08d0b6992a1c9502e9dc94d13b700b4389e8902ff88bd3c2bfb25140c1a85219f99811ac3401ee954711d13949555212dc2a9fac147fc68271c71f658113bb63016f5688bf25fec315f2a12d72a5073d860497bbafca10a20201c6eb7b5d0ab4cb9556feb9920370f0cc065c23
146d3bda3174f49315b709bc8cb4133ea743b2b58616b0fd871ecd4df5b00ddee0bbb5c4c751f1354285be3c4c2a834017c92b67d19243466eb39ea816faa6f9cd0cdd3387c087bdf2c2f51e19fa48a3f3293190c8e1d2e62a962a4b3b41b8d677b0af79a65287354426e53b5ab2896ab0368175b85247c4
336acae166f167c3ac7ae7546685f510b59fb56b8abf720b7a714aae6666200c68c1deba00328f4eddee706b6912bc3aba3030d220188c71fc6bbaf213670bd16658a7d27be7c80fadfba92a30e7a1ec101f136662d0949343513409f360ac1211d123d443f13f2db42024cb49a50818432ac2ae796eab30
1561938cb49fdba2a9908ed47bbdad1244e5ae474a2741c1117615d8ac0a048c80aed7df017236a80751a1b7861e5e67e5e0e7d2e3687ac56af1e65e2628af432e15cab2aefa42e2ba2eff1b34d3546e862e10ae8ba65009c6793361c862e46ee09198b6ad1e89491739bc9621229cc5731defc118dc5a16
0affa5496bad58811aadbfdfe441b0135824f014bf68a2c265e2de87959d1eaeb783d02bcef0495ecce62e634e308946825c41f952909567f98a4935122119699849ea32afaebd2324b41f01c767e139bdc0a189a1d88681429007ecf3d926db5610065eb85e198b5a24d5b9a0e5d6b0e1fd04a97af72ab2
23195329c98c70f091a6de7aff387a14e0dcd36a226b729bddc9666e981e3cad66b0ecbf91830dfe6b8e5e9e8717197727786525f29ba57b160e2f4e0b9ad4c74ae44b028ed7bd64c7350411fdeaf704213a1112605d98966ae432eeaac93a9b5013ec6bb1edd573ae03088d2b35f6d8314fff22e116ae57
0154283fd1410dd2f273077d1a8c7b11213b4a7fa4640017397ad2c644903ac250ab1b5ff842c3caa1957a5c2c1cbd946449adbd123b7a9c2b0482fa0fa6b86a3ea4a7b3e858dbf57d02d31195749e3fd7cff3e6e38cd971d4fb2b9e2c7a6c9d24a07eb3054f16eb191f634be76528138353d4610a821be2
367ee925b6d551e02554f1bbabeaa22d7f470b71e3efe0c6eb8ad48bbd970fdfef36e6a6eae09067e9c51ea59a3d795c1a8e555d83da28ac9a08ae5c33bfc2960f5d2e6152fc7fcfa7551b283c9e356304b5f215552876b945cd29e1f5b6e3631f116478f24ca29845336e82a8c59c62621f985c274bbf0a
025caff1ae82f681b4bd02fbb426e00e36a0157cdfa602dde202c0f59d592c54ea7333f829e3a9edea1d038d962904965f8f567a52d7ce1711648cd52cc6ffd7245a6002cc73fe7741abe43d1531cdae9cd3b02d77424430d1e21305e6855e4a0b83f11134669d728725dcecd7d2ed9e507555612ec156d3
285fe71763c109635a6e7928f605162dde07f603ff03c14fbcdc833ef88b2d179ec495b836620d3fd3a2c5f7630c08015da4eafba3be78ae7773397508875e0c3faaa80218ce5239c923d934ec8696012185b0241eafdb371cea22c863ccda321dd19c5f4b5d2cf75321658bb4c6fb03122d19a26b2ebfdd
2f2f96f47a3c54b1a604ca64a93b1308850550d5fc3e6272a96026c603f00cb848140d74d613bcff485947a8ef0d58fc7f6b3eae4094678bd2c515b235529acb8da6ba8116658d5caaba6336b1114a814032e0cd2d99a09917b835f237864b221d52e46ebbb6c3523f070fa1dd10f80cc032a3b554feda5f
365cc10bff773b800c5b736edf102835be34597caf8df3533cb25b0dfeae2b67b323d66af1f3f2c9b2b5a44a152171322225c062836f279bda18968b284c56257348460197c5c03f27c1b02d49694f94ddb970ff6eeb8a94a83f0f72752a0bc692f3449223a48a54e32efaba6e8af432431b89e309ff4b3c
3ff007bc2143f303420886099d400b37f52468762c97313b4fbe4c9cac2d0437094c2cd855f30ac2f955db9128047b580693a12410efb7bf76a55f9c2007fc21ca3e0752fb36e838c014ba1685a0eb7108a380224646496e226431bfdc75339dadc21affe7b032bf2a179587f6d320f2213a811b5b2cfddf
000000000000000000000000000000000000000000000000000000000000000000000000000000000000000000000000000000000000000000000000000000000000000000000000000000000000000000000000000000000000000000000000000000000000000000000000000000000000000000000000
11d5bd9d08ad42c0488bee164a2b0f060fe9533a50de70f1ccc4990b2561166e681b1da7437020ba95733f80993e353652e13c52115cb7af9282789607ff7a8939548d92ce68dfc886dd8d0408f4248197e1a0f2437cae06b0313bba2107ff4c2ad1b8e876cf0d8965210572ba129b3873e883d9662a8d99
2e1a425ef332dcd2eae65bb6401c7e0fd9899613d3c6401e493e331cb6db02607e287d9bd212464245b1bc09f3107c908f96ed41712f4a9aaa1123c20f659afc5e5e72922e6e17d89e9b193b69a1abadfdaab1156ba57defc30425ecc0a60a1ddbd0d91792f6f6f4e917737722277797c13172fcf9c5786a
06b3a03f83a0ab3208bf8d7761763019bc81f221eecaf0db0d8bd31374e524f786ebd53fb823f7c7ff4b7c35af0d111f45d7d3a3a0e29193b44cbfe60f74ff4c1f5aed81ef7ac8450f488e3453cac817b925e35dc8036c28a6332ecef01c40cdf8623cf58c0566d0fb3fe0a9df8afc1530f293441ee4d358
2f7c11efc374fc31f305bed996819530b466d728c993d2652e32dfdaf9c63760c6d57d74737397c31202ddd44407ea138dbd0f6d715087527f29a5523804580a75f91ce1e42ccc5fa96cf719e1ffbaaa245d0307d5b03c11902b39053e134def1712c738928f4ee43c3192c862066b2c62a897652fd1379d
2622d2b6d8d72633e958f568cd60bf3624c95a6ca689c328e22efe7ed0e40a7b2c80fbe5be42380e5ebd832a6b0959b64d99808033f050969eca27ea177e24b8750c3092e1a1f7ee78d60e1990e5fdb382b8505fcf9588cbf83b2dd520a1f3b8a1026315abac9371770334c6e50f1750731eea1f3da869b3
238d7b11d7d3f391f59144745237c8140ee6ffb429dc3186db6423c295a423af402af433f42315bb8394cc2ffc11090017dbd99d437b03521bc2cd480d521d4ecbe6de91d9b83532c5afdb1dc49f3e80538a70c12163e5ead691343ad7bba93af8107a9eaae3f7735b190cde40f2379ab29dbaef7767a53c
32c66c87039bf502f2c03e0b988d540c5310220682dbe290b44ab83a839b0a43c106fbabe8d3b760823544f727389df122d1ba88e21219807efa29df2fe2b238a0b95011515b7fda1cd51b2b7a1d8738a55302fca81bf566c0352137918b03923d03dbaefdfb33269c1ad20ae56d6bbcd2c0c83a18bd0e2a
04d203e527f380e2d8057b900ae1673dbe677cddff5b103f558a151427731772f521b7099040b64372757b154b122c6eff829756f37cfe33b6216dc42cbceba68a743311dbcbf4c287537c1a5918be2c1bd6a17c9a0c1e8dab003c686ad45ce109a1da6d6cc22919b420f10568f927ca7063a42a35832065
3c0dce9e27cde6f18bf4f983aec1982054eeb7c81ab253e231b6df0239c43af4360440fdd54266a7e587cd9edc13236741e1a91a21fa67c3f6cea45c1a62e2807a7b43316bdd3a6b0cc47a33ae6eadfecbabf2bf82ccf9980453381134741f656bf0032eb821a781e52caf560243f20391d22162ca3c75fc
3d9b943496960821d625764173a9501868a79d5764e4707eb040fa2ae6c6239ebb5008296c9347484e7870be3939bd14f629d41f532fa1c6ae39ef47086cb3bea14c6cd2f4abfe6ca79fc12ac5982ca00d90c2c9bba455514bf5071480f6516b845394943f4f25e7c62dc969a6d0205f21f108073a66ac88
17aa5be6979da6c345778dd2a427c93aa752cd9da59272ee5e1a2f780cda0499ab4e97db23b07feff5bfb66be21ff0e836337c930071118964e6ec6a281cabb35fee2fa043840d08301f77205103852266cdf28e57a44225ba2f2991f769a2f56073d1f92753acabd71e47580e8f3e7cf2a8f3c0f87d0f35
31317c9219a25ca3a593e45d00678e2d30bd620fcefa522d76c760fc1ba82d0dcd9889a5ff32cb937700cd3ecd294f8b0340c8234172b7778bffbe79313f0dde1167f2002725275a96ba6e1b88f01f21dafcc2b1040d635c771e34c114be8345ca5069c6849f57f0653cbdcd00319a04109ae385e11faac4
2d973a76df2ed36187e6080b37ee690d4a96f9bbd5b9e0746bdbfc9575522e7b51985f27e0a04c6bb3fbd0e926226df9fc3e2dd96374a249c07d3a650dfb05aac3600873f421ce0046a3a60a71f498de479a325a2c4e92fedc1231218fc4f4fcd892e3ace123f544a7274f429b67fb06a11508a9e80b45e5
2b8b19e170fb42a04a8c9bf8349c2833cad4b118f5b2001f705b3b4f75cb0e70e4288a1606a3b841864c077b101e77bab474ad45e3b27a480eeca8550b0520241e2437a3286dadd2ead244336a66b6da990b02d8ddb71b552fa93dab1b7ed32cad83dbb5a8e3c497a72b09dcbd5c0ac7d34946a9ef8321b2
00023ff02cdbff72dda0194ace418f3c9d97549ab455c1f7cd4961f707c50afdf369f7eda99045b3c535cde41419d444720d5c6bf0b039ebaf839d6f1ffee007c68200d3751de512d06a1621b13455ae85d53270c8a73de64aa01a81064b01f92b43e102b99e9f1d1d1315ddc6f741ca12fc55f3fc9fde75
000000000000000000000000000000000000000000000000000000000000000000000000000000000000000000000000000000000000000000000000000000000000000000000000000000000000000000000000000000000000000000000000000000000000000000000000000000000000000000000000
0d226b2b831708b3818bae29c95a832375d4eebbf142507b748be7cee51603034d36713b09c33b1020a05f835a1c26b9e7d684d453189b687642627f0b37995b2db59a0030aaeed704069c198109ed9ccce6c1b3d3945bfd566a3940f59d906d9df2085fcff5503e223f809e7a8de603716b14fd8b7a610d
3c30d58174c14852318e5b66b4226727cf1ccc4700d2636c64c335f5c4c623cc20ae54f3ef720646c1ee133262131ac3abb2ae553249fefabf908fad34396e19bc56b371832d98c20c87d810eff0c667c1e73046496e43ac8e5106cf6f1a59df31e0d9de607ce39d990131efa2b532a74109fab1b74fe0fe
10b4e239a16dc0435bc76c94e38270272224d25eeac7e27d0ae30d4b172e1affc0c004f15f30b7e9b7cd3e3c9f0268c70623428a639aead42dd4269637a38edb2b271ff26f312f9dae618c0c71b452dcabc03047eab425c36211195cf5c7e0ec1bb2b31e27312bcf0a3da11bb5d5c6f562e83f6ae5e249b2
0f56aef5cec90e7130073bb46d2afa3e9166670e5e7d32922e9b567357ce012c0fbeaab35412440a9784d9765e061ed0d002176c224452a20814fc5428df724eef21c511bb298029255ddc3f530fc6e1c9a381214b8513b8655b21790b396438714057c56dd072c6b70b3ef9cb6e0dade13e7c3ee5193c06
1e99fc31a5c43a3002258b11fa92d21ddf6b4a6ef758f3224a38962a04a20b190916f9962b022732dab4bba18e1819fed92e2d93b31f5196912ae66630fb5b96cf7ac5620a9370c7d87fba339f49137a2cb5730da892684f9c75217b18ce8df95eb381b37b7414bd811dd9005db1bf1c53eb4114c7fe657f
1400fcffe3fa8361540efe61d44eda19836962192a56001bb1abf8a5e2fc388a9d144ec49f717d0d03b93240ea01ae934b0b8806f153e9d7bc2fb29b38e4bad224c3fd433fc2034ab9033a3ad3359e8aaa1af3854e386d7081cd2a05cf55cf31de70c0bdb7e955ffd5273e228bee342fd0b97f7956ce8162
20d977921da550326a140550387dfd3017a7a6d27a6cb3e004ec2ec771fe20b86db978da8ed16ac65d5e23896033c3dd83420a9283b8cda3f0e4526421170c04411b5ff32de4a236714d373f2f971dfb5ce8f363a36090d5e67018aad2638fe0378343323fe9077cf30ed6c1241e6bb4d28cba863f063f4e
1d3a0374511fb48111f6f76129bcb52726bd4e97d7ae7229b3c1dcfc03e30c524399e07d29a39d6bcf0053689b220b6ea9f57c9102df2a16d0e7f3032fc6708b3a363cc3027f28f33c44413217863845fcc1f1d17eedd6987f343c78c3db102327a3d4b0f2e3f2caeb0e06a9a32dbe1f932a62614361b303
025911eadf6719a1eed722357a70281477496d9fa3c053f95c10edd7bb7803ed79e6b5b7b751249122b6474d95075a435e3ba229a0512e16b0a4826e12a4e745ee55fde158a9ae8d0697c7168d2c31427d135068ee3f0b5f0abd3082ea49b0889951a31657b625823e39382891e2d653c10d706751673328
314a4bc3d53e743311f5522adfcab6097920be31cb6f90c9a0272f9a835c351ba5a81bfeaac1b0f2c4250a775505c9efcde27883e260a2e27738db9b15832206f22e0d11421a1a1be5060912c8a14f46b44803c3134cef20167e23d957da910f6573e0a1c88df0da603b6b0b24a46b00914890eed8a4c04d
1d3c09b57f8255206814d58c2456763cc7ce7b7c139461a50fce4d4db70e36d0e84892ecf4a0c17987dee6afd11ea1eaca2f0fb87141267f85bed5303690cbfa4ccf16901c319896528640238ce5d8df7de562af1aa3b6ac4c09212ff217f649be81739f40e2974ac310b8cec0f8f8cdd042164bb5cbf9ce
39c4b227a9a98780bed318f7c378a120634daa4fd301e0c4c4c5e5f48a02190e873d758c5f723e69e03a36d12a15b4e57ba2814c305702c5a00793c51b0c912da78cbef16bc47368ad0c4d05f4f2ae317147e05a42de5a484c25143429ad3d9512d0e1b72daf978c300be28f5ed9b417b2eec0a6318113cc
11044cd8f6b2e6736789c6013c67f32fd136ff2ef087b23cdcaa2c39c73f298f84854cd53e22f033c4aea767540ccf4d712ca9f633551038bf39988a28db318f2678ba008be2645aecda8737e9a532619ae761aa5926859fa3322cbd5bbee7cd22719a4adb527c216e29967b8aa4834a93f3ccc205825dde
32b5528fdc3f519297096953179e900568a2800d846793a375d6134bb0f90424dd52df2b0af161a21718cddbea0ab8321ecf832d92b7a5c72dc25cea3a39d37bd4c059929435c7cdf209543975eb8cee74b0f3cdf6acff5967861cd984048a92dfa0c67bd9f5be0110295db2110cc08890c0642f1ddfc5c8
3e0640025cd00693b6839c232e9f101d330047d30f2af2251d2eaa5ed58115753340099ce490d0d014113631981c7f787fa0aab3a0caa465531ae23500fcdffebf07fd8224be31ee26b079052a6eaffd412bd3ad5f8e1a4b0dbb32787bfdc66a81039b749230eaf65b31c043c02b8aa642ef20b72ad43c12
0000000000000000000000000000000000000000000000000000000000000000000000000000000000000000000000000000000000798d8a446e7d290000000000000000000000000000000000000000000000000000000000000000000000000000000000000000000000000000000001416edb9ba3524b
23d14612d290e043d3712e7efa2f2114944dfb9be548b035eb9696a8eed83131abd8a8d96b815fb45d89d39cb505f480fdb2af3921aab405fb83f17d0c4204beac89a9d0265845391d845d21074a057145aa514f7e5e60d28ae2036b5553cecdf49211661c46374348256e7a9d3ef28d01404475af1463a2
3eacce312ceecf919758f4bcfe677534c9858d7115d540c333cd72776c6520b7f024cccc6e2196d5571f8f03002e08eb6a73f760901d223e53aa0eca0248ab16a6b56e918cd9fd5ff198dd1f1cc63e5b1bdf8045fe59b68130c434e6aca694fcb822c11fdca09d16c1388d2ce8725b9e1142f8ad9dbea061
0ef9a97e53ba0aa26f7fb12b60307e0a21066e4b128003d66b401a49a3e737141bddb21ec71012d944412be99e1d6b1ceaca6fef433516f957b75437391e28b83a6364f2362fba4c509b97363fea21c3e697236e6dce431da7d9300541d04ad915d1496e28d57f50480944dbd17630d353062338b704c6c6
35ee76b073b352c312d877d7669e1f29c0480029330d801e0f3a8e97c01426e65ee13fb82b02a340a249d781ee203a4528f8b60b036901be708861fc0020c97f6fda31408b92d58c4b3b411cc118f1305da6c22e2c1ae3d285e100c08b90eb4957213129e34194538e06eb5222f20b5fe2da2b149002218d
2ccf8a4805dcbd2277d52322e43c3c1a00aaad39a20f92b9f01b60ec8a9b2abc8cf018fce4a0d8c4cd14256b723b04e20ef2d490011c350429ed1a6d1e0cad61a7a112805fc324bdb78c900ae1400a539dd7a08994eb9928476c221dc395372e9fc3c10ca37e6c7bca08bfc85a2d5dac831f7b2d5d8453df
07940f32d156e4d03dc6a929a16f472d3535945057779236a3a4755c50bb1785cef789997cc07cc7c0cea3cd001f2dd2208337d4d1c014c279f8bc320ed849195d8cafb233720dac9776cd380604bed8fb6c83ba6fa5fba4412e3203de062a31d1215bbabddb573cb91f0307f08963d5b2b2cbab9bb62046
10963c4d1a7abc126e1bd8f48190d83bfce56e1db767b3fa02bcd8143b9d3d1d732236902e038a381d1e9ffb0e3d39b6f931f1fb82206795edad511433e9011977423223e6b7a9e4fef4511f1f59a75305c9d011b142452dae8034e06a163af24ce23fa80c7ec1e4b70275e1ae5b99ff43eb0cb56cae52ce
2c9609a6853872f115488fec52cb6f08d9b18c9fb7c503aaebc1ed10484d003e9d57182f671264a8380f36289b04edea378f9d76518a34d40bce6fcf31fde4aeee51e1c319f4fa2b0c065804c7059a291630432d1aad4611454c36d66408dd5609a3bc2741d2bb0c3628c10918cf0e7ff02944ad341ca91c
18d02c7118bc77c1507fa79c02971c2d9b0700327032300dd39ef055fd670c3e2a2170c07052ab46135e862f8b381c792b93dfc160c4c9f35d1af5e13b0d54d5097df613bae7696d09829321f8425fd831486042854924797fc326096f5d64e1df81f0b41f27d8e13a124e4293e67cd940f286bdc543e8b2
22dba8e190bea983b830cc789dcf720e339056cf452071c3b879fbb863f400bd805baaeff620194a2a9c8b80141d93b938557b68d3196a7c5889d3680d1019aedd59aec2405cb28c51463b129defefcda84e815a070ced391dd62b3ef575b1d5a860b63a402a35e5a51762ef6a0757f6331f39a71e738786
3cfaf33f630a628187735e3326875c3c35dfb3bd34d783c1cb62a4217e882ee106bcfba70203dd1456cfdbab023b3f45253edda0f123065a267a36ce2875a3f65571f7e0327aceb531ec8a02894db95bfd4451c49d33e687fd270af10d1fb2f3f201e90e120b6533830a8ccd7af9ade7e1bf4c6c8c149d51
2e8c3ec86f37ffe1ca36ec16aa116b0bd5d1381feff0b30e74327ef98ede1055a487a4378fc14814dd5e5e99e10ad4de270d718f811838fe6f51d6b21f3adf3b870c2d030ef03f0491ab772b01eb017f70f5804dc78a83e96c7e10ba4d6319937b430c24399a59b6f62f58eb9a9d24e383925b7be6094f26
1cac069d8b16d631cacb4cb97715072b46b1ea53ee1b50b72a8bc1de1de8049758bc4c516552a9a169251ae85a1a965f036483b6c000c67a12c77a3d30bc28339c9b9da1bab2ff99837983399e15ed6f98e2839ce7ccdfc6c42437789a85f79fa873de7b0f6d3c3bf3289288f4d7434c820ea65da3feaadf
26402b779324f62312ebf6f2e1d1a703fdc0b368b8273165b942ed3c6d9a3666c33115c179526d31de668e3f31067db9860a1b6650fc49e6becde68f344eae4aa7056e6317dc074f70d4b031471bf20c07c622e0fe43d8e65d012a3a4d68983c6ae1977050b5dd0f900a6c87e402ddedf2c41f2c65b376f1
3843fe065ce23f13018f8411d8c13f26e2f66f1a295210b0db160191a01029ca7760f2da95f3daca82b2ab0c8639a60b16e9e671d35906ca7ffe24cb03de00fcbefee10363262faf4b2a3e32bf9a0d4018fee11441c0ee39fe7a1ef6256ad09c8dc14f80eb23657a123d002e6ea3de4b51a7ef8494629ac7
1ff08d8f16cfc37117ab4324d00ff10c5cfdedfe54b463971e9800a260383b609dd697565602ff736753c901151e26da45105edab150c698480e887e226126c88b778851661871b3a5ce9936170ee40d598293420d9974b607711425c6ebee0a9c6223058c29e2322e230eaa513743eb2142673bcd134e52
09c6d867d0e6f3111824a0bbe28fed0a51f7b6699d8131441a0ce633f648108eccc6f0ee05d0a678f3a24802bf1fa8d47ce28c23612b85bfc09831f504b68e05ac1472d106978b87db8c181f78ca6be258570187379c794b8a321386360aa07b63f32d6d16cee51cbc00a22353a7aff1d102b388477b7246
2069937c1ddb4380294b8abf61857e268224d0b82139b2327869f8fbaacf2a0223d46cb625d3494082a785383d066b80d9af33df01ad430da28049652fcac20189617a93f683ee149a3fc62f39554a3f97865140d4fa11892b3b146bf19b4f2ae06344b3ef055473412c7629b882d488d15e0a7666eaa8cd
2ff65d78aa650303ea7b9bfc3641ca3ecd9496b7d1f2d2a0a5b9897d4b623b3d198e2cbbc7313e6cce34db1f31382e5077e5101d935918596cb21e3f03757e436f192140b1eec4cde03fd52f52c9b8b2474bc2978940915695711977da2f17b7f4d235c091c7456ff71859fd282f27d1912e0890ab9dad06
30bc1fd21a94552005f7460b3aabad0362e7864e2086f00a79a35e127d842e5f8cfb1cc63d1346f54e74f9fb873e3f865d6009a241bcfaef81f5293b20a07e3766f1d1b025f46cfb368a8d2ea0f45a50cd33d2478b747c6a716e30e60d9361aa96f1c0f77b99cc341925e05ab12c3d2813a428433dc7bc06
0e6d32890eff60a2eeb190c5ce60de22be773ee64b9fd0b141b684e71b2920cb7eeb6f3018b2efb0f634eb78011227c5010e0cf002031e3c9369f0420d9c1a27b02814a1d09c4dd8d025f13cd2c54d62d1a6b3e77674ce329c6816cf704c9f6469728e9d95e84179a1018afdd7d21089d03c495d08814150
3dacf52d6d7e8b60fcb8607c2d692421283d856e95607151c29ce480287312b0170bf0ae87b2a59249d449e6ab0b1d21fa1ae54723c2087928ad6c2b032f2e14d1f7dfc1f87093d7784165197599f241c5f7f314f476dcd428fe047a93a8710ab4c0e6bc832c8f222b16d293cf621e42102a773e4ef6da30
27487d170f8cc5d02bcb605adc5ca427135d8b2b2f9db35038cee1f0c1fd1e05241a3b6a60827ffe243ebb8bb61de9ffb6f8609d20a2b80c87063ed3348350c60cc5dd216a9eaa6da32cd91f82111ee51c18e325157ccf589aad2f8ab5a51fe381c360fd8de7a93d3633bdd78e433c4a314d8632fc20e801
2170991391e82541723250732b440d00968f0bb8e138020b441016fb3d111d89e772aa73ecd0f7624defcabf57265de136b22e71f08a9cd2ddd9ef932085b6ec9d400e12179b77cf03590f0f73df2e3020a360d8b3e834c70f223b1ecfa2c7550ec1d34ffa587a4911021979b5ae9b7af1b9cd1b6970689e
18e4281901fc3752ce6af6dd1c328e2141dbd3d8cfd24238b1e7f13c6cac3d7809ea5d4cbcd2917dba6455df730d50400c88a428d35c41af3d0e9a6121d9bc5adb9d9ab1ec775ae502e15a0dea21add02873912bd42a05b91a3a0cae425bd7cf8150b7a101b6532288177e82371562eaa393c5a4be33535c
034203ee6d600202d93face167ceb52826f3f5d827e13362673712e36189261cf4af7fdc7a71f98d6fe0e100c3150164531dadcbd2d9c74d5d1113a137387f3c481c0442cc808bdc39e4ce01613a4f563f7e80dea4120bbd9e451308d7b0fa86d2f272e497c78451962142743238b8e283ca4df1179c930b
1e7303e5bb998042109c42806e235022e517458bb2a661935b5aa63c03c62d48a8063b8512916f4baf6be8a8733ae53481a8ac5f5351e554750c19d933900daf4cf260e163fbfbc5478a4507d7dedcfe5051e0e1a0318b926c633837ef1bb802d3533b550d4519e27931685dc65d00dac0c635361beded2a
02811670faeda1a0f34cac587132ab2129531469ef16d0c7165df0b07427144fcb096363b35329adc0fda46eeb3cc9d3c725d83db3d1192ebe79a491369d41675df056e2dc7c7f63e23c1922dba5b3b61ecd4236514dddff332c1a6cb1858bfe5de1b95bc0c8d9849c237731cd33e28682ad6189004df70e
27a51c3f5b0bd6d2a2c39087a8f71f24d7c3a52327ce2332ffd0c4324b5011cec5fb91bdc923375ca98cb3110f2e3deb5364873b418acbaeb7b652e02dee5d59bfcbbb633795057f6756bd027942033a0d94632773ac78b60107270b801d5e7fa231935812de1fff5c0489d81e4cf15de3046e2dfff7f9bc
144be127413e21e32a67f5cce8cd7721e86662f4ad9360dd35c915faf2703c14d15ece6974037d31979255c29528c466868ba72952f846b36c544df53beaf18bf04155822f719349beba2d14312100d6c075431efd7b5dcc2b613e5f93701c224761475b78a40130c7097f6426a11c59523e2e58faf5e5af
3ffbf8440a663f520ce9b3e04019e908287a9e8faf350212200bede65102399cd68b95ee01a1beb769737440f12df10109b6c40f40e4d7d1f7064a74000203ddd7bce123dd7917c8177de9221cd7f587660d6076cc44e885c874370cf5d57d02d7f0616713fce9ef0222dab3753f7f7c938d9417043adac7
07e65f2ace86f5323a90336f2cef9c1c02c43d7822dcd0889881f1d2d01d176f2b0e975cdae09684f6bd12994a0e198f32ba859073a849baead1fdd623069218af9e0f739e48baa36907db3812960dfdb7ccc0feef7a26d7b386195764fd05079f338d017c55527d3722b7780c6557d8504bc73851d38f0a
0e1b0ca90f76128377ccc001f12ab1277a74c4e601c202a4a1573f436ce6225d8d5d4ee8bb23daf534b092dbeb0ed37bc367fe36e3a5eff134403107344b7b138f3871e3af49a8aae805b40bbd447def7238608d6fcb5bb2534f2d1492c54699430136cd1be7e07a892df0d0d78c89b3713dec7c9840e0ca
30e1bc196f128033b72f52f434990b3b9745a9153dae504af10556da76d8029a17eada9840b3c310a5bec6da622fc7ebf9565d2f323695ea37a79d510f1dc3482c9146f2155819bd2a0b8b2d02f22c064b63716167772b071e0a2e37d4ac7bef7b42f8f3dd9d9f2a0405270b372631ab21a3831e6d11739a
0df7e492330f0d90fbdd2f609124840384dc5f5c30c000c273f875a9f0ea11c8ea1c05668e828532a02e91365419163d8179fb73c01acc6c96137a0e3e607b37280ab0a2227a33024f94e639542b382c56bd719fbde19e6f65901b3345f44ee19782bbc54b442a373b27bff2701c8c55a3984c59e8c0db8b
2e50d2cae7ef95a1b5762eec454f343388daaf4d30c870b04d25e28466af246d356af85b21d286c8528499cb5e06b5c39e1d3184a2b54ffd6f21e9f603e92968ca6e9582100d275988c4ed2ac56c67e906c4823f0a44c18b0da122f530d2b1125e01207c4d90622a2d3c4c60ad921276a14e94cd98b19d79
1f16f7ce8ed32b81114c9dbf4ada412f033cdcb45f41833fcb895d31d31804e0af6f8545b710ebebecc6f64b5d05efc3ebbbf85352692c40b20a7eac159e8b45e2a3b7b0aee4c148eee6123802f62e810f898399690dcc7f795910241a987f447c0195ac868324c84c3a173a2ddb2366030401212ce0843e
3336b534a9d06a80256c75d197c7ac2231f2aef17235c2dcad7f35614da822d9438f76207592196ad75a92e47934e429ba8152c112b5413771c34d2b1fe6d775be345323c68abfb238619c35a7388b1e8f1af12641542a713dc115ed37c693740e707c3469f11c5daf187baf7c1d1e75c018b2f36acbc801
05db69f7b0996f43cb97e6122d252d020e293653f21003200d61d3deef74243704f9d4480d21eded42420d75d62e8c4f02671856f2f13a730c4c1c2832ca482de3c091d3b820c5522a2d0d2d4d8ad7372202508390a9cb881e650f69d5669c487d03a3980b88f5923f188d628816e57550ea92dffbe18746
1e988a950dfcdc41c41d486f488dca025d40b5cc27f522e7dff2475349621c66264fba0786d132e940bf4ab3b619a8d0c4b094dd10eb95447c36347401317562e8f67f30f09c085f9b404404e4f276012601529bf41889ce20da322cbd17b5150e336d451113dc146d04390873bf97297073f1c5f0b65d56
1ded4777294b9a80ebff6bd3d185b5073bb208e67ae5c148337761fb7ef2039d0205d625f9e1101cc14af4cce0212d8f13deca8a0021432933bf97dc2a338bc29ba313810418013ed44b6434d847ece56bb2e281bbdcbf47ebd922f6568ac134f6a3bbe615938d94423643d6693843ac5105aebd9fe922b6
091c508e1e9669a0bfeadc3605f0651c17c795f44734d05555e16ab0c8703496a61802379273710edb79b9616a069193ab73da28328c973c0cd1f72910f3b35d04e1e423ee429dccd0f7c70dab20390987b57390fe1f9b8ffbe6073c681abe025cb19a075b24f35f3c2edb10efb8967fc13baa90963a5138
0766dd053538b3509da4e3a761244f155a180700d306a1a1e65e9a8bc7001924aa4b0eb755d2670af9f9eb5c36104125ded2d3a0c25a8aaf878d63c9394ce093d09c8263800b9f947fcddb3f2801391fdcade0153f0e30d7092a0b5fed10ca55dfe11adbe23cfb97ec32144dc2989b58e3dfc3b9f7facedc
1c9d99fb2cd5eeb16443c102d77d051115307f9d2ec041d29a1fe6e9a3831a402af250b31c93338709fb9272821d380f6fe9707e62fd0e3d13fe4eb92067320d8b4beba30d9fd7d976148d3e00d0e6a458e3327561e94d11011b22fd2597195be93057a938e9b80bd23c937c0adfbe3ac19641668923a21f
11bcb6b99279ba20b5020d8a384df7062acf662aa4bb41a5cf7dea0610b527b67d1233b7d852e89995971b2daa1bbf158169b46581bb6209046d1d6c3050f205fc7073a04b493ff664755c1d1c7cc114565953da10b768ad9497053d31a35768064123bfbf7f1c36a401175c43fa84fef035d7f25defdbae
30f4aac72d435d71127776046c492c244bb528d86e1c7209b41fdabe5e26112665bbbf67a84126281ea4c5da2c30a44100f5915c40f268cef236603c26cdaef80467eb82548f0a4e02014e225468f7cf42b4d279a35f1aad92413c6f2482197c3fd1a833c754641cc30c970b2c3372ded3a6a9cb63e90d3a
13fcfffc0ce3fdb376823a013cddd9219bba737b7129b0fac32a3f56ed913117841611f1d913a2bf94b346d9361e74c15f29a56421d397b951d4053916018001e6fe0172e0fa0e3cf045d33563380b0f751310428c90501101b21b4f9f104110ec31cf019a017d1b231bb857031bbbbda2c8911e6d74ab11
2a9388b41ea49c405127b995b7fd1b11a862191a6cd0d09dbd960960bf1c1f01e8ad12ad75a27ee464ea0fb8762c89f44bdcc1c523b778ca8d54c66a31f8aabc19c21d30c2c43b0ad98efc0b7d561743d060e010a58d7c4efdbd2e4e945a46c68f10255321fed31c870d6b1271d0b3b851b9a96a074d2084
073a9b65975cc83144ce240e21c70c1c0f679af6a814f372a3af53348cc722f7c9c1a7ce84b033a00954bd665b09ff2846ef72f412419955ae3aa30229a6157a4ff8e8902ce59070d6b1c00e5a29041b488160c7dee3bceab8ef1b252651f9da5500a599dfbc3324b51d1d6aaa7334dcd2063ffc2f4c65a3
3074edf8d2274cd12e29efc86bbd05224dcc01bd28bb326987ed1c1b2a360142a23128af68e0899b5a7b11006e3c3b467d9cd914e12b8fdba7e3c420015d8c0271d09ef271b0277635a645358282372f2413b3189c477f20607c2d35347832e407c20f405a8244a19b318b64b96a646240646935d0c2a32e
0b30c8187fed1d911c4ab919219d4718d61947d16f7cc0cc2cf2b7af43610306b46fbfd441e2ccf1f7c06c41b00ac127d400ed42e3a78ca57adad535300aea6ba94a05229b86acb3e564050be325cef2518042f8f8b451a3b0852b87f65eed41647068dedaf6c4f50d035b336483ef6e6308c96b49e699c8
2ed211dc719ef57241ac351c50432926836cd64511e910ba4bf29f4cd42f3c23c0fc53a7ed03ebbe488b89432200e27d822fd441c0000a332ef4740f3185d2aad88965c1749c0a57a0049323a9990adac62a4093a83ec783556a0767b05c1c70baa0933dc0d882b7390a3a6e75d032bf3125a38c2de4370b
008f17dd2a98ad8296355e5b3e9b17151eec05bc150d82bb98ab7cad5f97300b0e826fcca170bc6131e8c3322522fa5d4b188997a02b64bb742f00a31f7b964937b30ab34abf0bb130b93c0af620c8c4c0c781481ec4547cc9682f30566f1e4516b3d2cc13586a24740457f487243cc5635dce952d958f9a
06814c6e17c7f2b173e4a1885d27081d14b79847c31b013844615810c6c0158f6277b98afa223baac13b6b6169359117a99b084f53114570314f73ea1a5b33c84b93cbe037b95c1689720d0aac5ab1be587ee005ee56f0d38764210474e8a398e2f2fd43c6b82bd8b80023f308c9a6f7d305bba5b7823466
20ecd3b9e55f89e339bcb90037135d302619e2368d9571fd82748db44cc82759f5da95926130a4681c31741fcd096c2a2350409d818a50e890227af01af2b155e88d5b2005ade93da0f7ff3c897f29b013bb82696a68e6cd0b613fa7712039cfd4f3bda2d4beffd9f22085f4520f308fe10f08d5b62f35ec
0384cea6215b634059b5fa2ab7932c04e0a54c9cc7b3c33c69468954a88716dcb6ecc2785db30371a004fa1f4715a1cd185264e7e1f485e1c9e129e22036af01daa3e3a19e31a08955aff03e9e400682b8c9236edb3feb2e8ee20348e7b519a73e02d8dd4453d9def4363e32a8a64d36032f42096d1d9ed9
3e245471176724b318865c578f450e33e46722a6a5024290fa15f7cb9b9a2265c96454d3d273b10b0a087e5c291491243607992f229db292e932f2110662334d6ac174826ad593d659e99c198ad3bd5f1d59c1f9af789669029230fa26e7d5202310dd10a8b0b90903329cacfe392221e0d57ccedc997ad2
195626866194c8b2c5dfc0881d1be23bde19e9b2048aa1f14efa7477b5043fd0a4dba4f092637c60d81fbe745818189cbd00bcc74192de751973e1be08ee37686eaa6d2074145201e3a0d73a760874a5d2c7d2bacfd5eb197ced2f2eca0c6b089a333a7717cb545a191a0a3f6d4c554ee360e1fd6f47e2da
11d6bf8b5234fdc1c93eb61932eb643cfc9541dfcb3992b460655434679e1a2f14ca946a4ae199e4f45520f93f0d03bd5f3096b8d335da4e712ebafe16220bac9000dcc0de76c54c43fc463fdb0c9081dc663281466f10df57a72896094f4d8e2ec0c3f8b4409157981271579de9800a214c6845ac721f5f
367fa591ea528f6240869317d4dd213863c0d5f75428f3bd78076fc6eaa32e1653430eda4972ec30a49e0344b4044d36fa5f375b2275614017c2088d33cfdffef0182852aeb88a45d09d8e3b28e1e9a80f3322e6f6d67da7f3b6374b5971fcb739318dfcd422c8e71607a583422c489171cb90a2ef7e4f18
26193aff190d5d21c59f5aa067721a135c3f5195676831ed2efe33b7e5562dfd973cd8f526b2590c4be3fd2b9005b83c24e73568a11387ac967c2ac939077944ad06e5129c7b2ca32df5f4372e919f04c9e8c112175e3c9284c71a4aea0c890e5f51fb09d66708b3ab3b62ff8a21ec39904aa7aa409af1f5
0f97b053910593805cc2d0aa50eb09060295cfa1837bd069a3159e334f9725c00cec54f5b370b904a713d62d4109494b145be745124ac3ad25d9aa3504bdc9230148949093aa0e9c872aac03de262db94953704abc5032bf03cd22952df690f9b6d2aaead2555b941805ef1334923fe8f31cb7c9119b0153
3f3f53fd20fbf78251aaef3d73bb340d236dfb26036853e02db2bb1160dc2f321723b7365332efaa4b7313f5210410bb8e98893913d59c87283ef765206056014a6204d05753a5579062013f9f5e473a2bf3c0bcaa4d219ca59a0da8caba87ca358024afa267ef7e0726ab527a3afffc22ee6039f6de5b25
3ea37bbc3f1047830104780e9586c02be5c75eba7faf720eb675fed42fcd15a2a8e413399973a237f5218f829e3aed933160ea2373d001bb289f5f000201d62254cd003335268ed86e828b3b63c372aa4ad5328a3dc8cd6dce802345299f31800d82cefcf2467922c63c68a8933d866bb3ba043a9c085ebe
183828b9ba5e92d1f3b77a20027db935c857ad4557fa113b8481d8c913fe2a6afaca3967e7a2e867a9b6f1510017db3c2d66cee37367159ebf61bb35322601345579c0a029db40bf6b646e260b15f93a2989125468935511987f2cd83b11632d959269f07091750388279166218648aeb1cebbf41544cd79
2f861cf9fbb3634034c2aefed486f010d2cdc3d8895e71e08e2b6104892a129966363e003a91cb5db61fdd72d4384ecde89f000233316a22aaae15ad30edd58d6bd00191daab2f14a7f307135827ec0751d241862e7c223850211fc9a62dffab8ad180421baf0e85300d75a4ea40d6d1704d3072f819467f
36a0b544714042f3dae37742b73583240ba7625ef64f92b2d9df338580ee12746c5a8491eb73395ccc6266ccb31607ab2d6a30f7d038bcdde596f5f4161240f27139d37095565a297279ba28cccbdfa8718ee3578d8cf9679d360f1b9e8fcdfac4a1240d7511bb5b36078c23377f0345f2066e5a73bccd50
32993d6b554109818cb6b334067fc613a4d9395f12de7376cda9ab02985b10753413e5a3ddd26e9b9ff6cc1ee002d3b8273ffcbc73d5ed5cbbf9a4b80f09c1e0f268ba832befff8ab0720800372a102d56f8529bbbd2f1e3491f16c3c3683e3438e1be66e6a915523f28f59e01d5823333f32f878125b260
0562de2ccc9e66110744fec5aa87ae1243891b60ada74026798b8b8573563336befdff71d301dd35777a7dadd42006e66a0e5db5234b9f7db06b7d4008bd9caaffb41f93bc9b1830ccc11a199a178882cb6cd3abf3a19ae4bb0c1f174be6cf2d00b1457763a0a95d60158a83adf55e5f430f4e25ee099916
230a885b44f300236007d2ab4499742efc2a756a2ee663072ea3e44c9ded342f3ec86df4e383b53833388c7a9d1042fe95094744810f75ba87e4092d2fbcaa4018e71552e19cf26648b2af1cd2e5e68105d820d834a1dfb5cc1d160fda96799a9153345322d748950e172f1c9bc332de826bde87415be6a3
38b4ecbdaa4643803af082f2f7c107149ab37dff367c5073fd53f58c51a72c35fc4aa1d78450a01ddb523b20b43b7f5bfa3c939b425cd8c36ad62c9f272030fdb129ca60b162793c3787b532b44d6578f42f53dfab9cabc552ad193bdb216da4d6a2a0fc01db52cb6e3c3dbec12a734311ce40906dcf44ae
29ff10bfc55c8fc311e862b3812ad807b51f493a0bce01d4ee3865404cfc3f9b51e7ebf6f2a111c276499d762131a3c43bfab5798089bbb67ead2591204d3c3d67e7b8e0185856117b092d1ca100f12cb86a4197a96a22aeaeef30ba1fd0a5d981e1a65c1a8f7026c3227ce22fcef82be02ef1856854d911
22ec5094c132695134fd963f1a150021c9673e5accd080a8c34d83b5fcfe3fe27395eee48e00957e50046439bb192a21ca53a5bc53ab2ca8ca217c7f05e4ea8d6744b7917e83d07e1fa89b395ef06a8289a8c3919ad1abfdcdb6065ff691430e32b1ea4f1ec590cdff1cbfd4c39f689ba290f588a6edbcf9
1cbed8294cd417328f2468b8c0eb8722fed2cc30f3be81f265c5ce3570df29674f5e3d49df63c9b2d39dc2716317fda825f7e2abc0034f80bf0e31921f2bc835792b6922ddb91c4ec42fef0fd2211e8c8f0e2111af1bc3727d0d38a1f530cf6009513cda3a520143d7212118d024eda9a0aff71d75930378
1499dffea6661dc3316d2b51c6efc13df3a59eb60aafa0d16a8ad11d339e0e199776e0366340d4d15be95225342a8b05e275d415905ad586323187e736f5fe0b3b73f58341149a115e07bb39cbc2803157cfa1deb4f230f38c113d342fb8fbc3f5d25ed3106b00514f1ef63a52ce961b3062fdedb79c6f1d
07914998e43ad6a3d3c0d002b23f410bb741966e8ab0f02a0822e906c2942d20a8e261a85de275dd604a68c0961a956d001aa1eba05ab009c61f516030c10bdbd48afa43c82118ae93f22f2b92bd1128479f02e28ffdcbf97ad830113f9223473ac2890c50c1684f13332d5d5226cab9d366281fc5319819
302beaf7ea02b58203b7a72ec939281e254d432437dfc19710ec4140dcb0068eae97a2e66250980495e4d0593b04f10f9f8c254101ca86d5d1ed0fa43e21a410ea64a172d49660be124f890397a8466162644216f009ba8e67d40a5c16a566b514218df760b143a50c36225f515769ebf128874fcb7f23f5
3008d69779a0dbb3deaeeff0efda2714519613b72d9fb0faf95c58f8294101d4e0221024fb427098a0e4152c8f0e3c7679e0428b235ca3d7b03e6b7d366ad5cb698bfb40ba4a2c891a771d2de69dee44cb6711ed82c7411d97082f7b66d0399b8e13dc88268ef70d4620160fdcdc88d4736d842752e87c78
07c23f3f647cff407ac1c42194f9ae2ec1541c94e5a0d1e6f6a754bd38743d0d587a9c8d8ee193d0eea3a189c124654c5ac936fda320f0927a13c8643c1ee060392180f25eda492ce537e82ed06b3682bad7807933f844a432483554b4ddf9b3115072fdb52b0b3b7418c011854bf2f0e148b6344e14f2a5
34cd3b3df488a723098ca1347fe803191faaef97be69114b1beeb57adaad2aa79ededbee0260a85f1c4d976dd13eeb3f1fb49fc8020f78defac4200b3d05fcee4fc721e34326e78f967f5f15694d9b49910d0066c852407b90d7278b2f8aca53a8923a5816a115c2f03fa55de15ec4e392e7b5b977f7b2cc
1c8309480f8207004b0c027cfa0a173a07c14216cd0171d98760298b57cd3ad895dab8e0abf0308245c77c788c36f628f4d280e262af8edd15e79ace2620677f98677ad11da0ef97fc19e22ac940ab459c35705b159d4e1ba09c0f48bc4c6d2e13e2904cb266a91e1c2702033ad1b078432b395ccd0f9977
0ace86b02faaaac19fe8385634b56213b5fa2d7760cd117fc1d21ba361231627c6e7dc5e8cf2f4864cb1d4349323028e446f8b01b035c73f5cf536a1184807d20a4701c3a382d749d48c7c1598e126e785c4f07a7ef683337b2e03b16d8afce5d702c7b2ce983af42200375b784e1001631aba5a2d9d91e7
08c35c753b32cdd30ab9b91a1f813a0ba137f215f548f3eb5c638a25c1311702f4793dd6c282e77037852d08e71032be1870fef9f187886e95d14f7b13be802addd0f620fb1590aec236f2332a43b18a8d0a639bb99538f30b5917a3cdc1f45185e119b2d6252446c70a0f7b1e51a111937df18c29b55bc7
0b2e261e5cd3cea37d313aac4e204f0ddf2e253fd413d01d53d019d282d30486e71be5ec0fe3ea160a993a13523a27fb349600bea1f6ea92d3f26f5801094cc534583a70b61289b14f46f60c2056cb6367f4c16aa50efafefbc92028e7eca758d5429ec2b1a4d702283ffe4657d4a0a2f27ddf8ed6ebb5d1
24e320002bb704f3771ef3dcf0ceb81c441b2ad292d20186d97b91bab346079f594212000da2e49f4da21dfded389053584f45ed91e704534d2bad4620b4a8d4605091c2e3de685ed250772cf0a0ac1a702e20e22f774748a4e604a1f5c854785e8205ad98d0926f6624784bf27814acb3277360c83907c1
1f46676554af6ce048c505f246ea6b3306e14c6de4cda3345201052c114f0004c93dfa577822f60812651837552e2292c551b65e221d3631c34caf942ad70cec83fd82e3a685c9fec406f00fbe9d4d078e7402ca8befb1150f461693d5edec153b424d5c5dcfc8c81529cc8b2faf1b21e217d3d2d676a576
20a5d76b9e36a0c120cfa02c7c733b3786be7888696232b15427ac8c173501ca68f98cd66a80e9b06fc555e0be19fb82eaa90624a1d9b6e155d4c365367a51f0f813f1d2eeb0b807d59eeb0d72dad430d0be507bab867ac3b17a33cc93061f9adc414baa6efa294d5431751fba1a3925b185ee591620eac9
15335ea8683d480023c1ecfd20666d39ea12255a34fd0278460f0a04dce738e1730fb7ee85e1a21639ee82314038457108cc2d3fc3917fb072b600640f67377ddcbe789113c3a0ab4381ed1bd9ba92fda2939000b14da1ed6ec61fdb1013243011d37ee316bf9d954b1f46751540f647f292decc9c493bfc
16db4011040e6d82f049d69569cde8370711d9411a2c7144b4399cc27c27014e00d40c93eeb1eb2f6f4b23221100f008823333627242b3bbb8788d8f1167ec42031232e2d6190c2e00da583434b34ef497899292908b8eb4aa020e42ff2ce7d48212190325302bee4b2cd484ac74e13843f7c6dfe4bf3ba8
39b73c75b7783d628db80707a0b76e2822666caa609152f0c2805a9acac31bb4f09219f80f028f4b9f11f8ebae2cd47e8b1d2f59b0e777422e5cac12060e3aefd202e53225850b8d0766c731ff5f19f2d67c52bb83a5e02681772ce7e715906ed7b2b44bdb6138d0ed3a43f31b12ed68919b654ef52ee93b
1151ae8dcf211f62b36e26eed9b67532a551e27f8700d39cb2b9d7a244cf3dce82db1ef4de51903b01d884439a35d8edfac64f8e22922c63f9df12812326f06005327782a97024de9ea3bc0d448889c9e74202f942d731025f263184c713967dc2532e4b890e5172d005e72a1a0af4219203cef04f62b516
05e4769c3fc2bcc14369dcfdde42c21190f390c95ddf5372cdfd102306170985ab37bc0f34b350a25f7f0042b30b0793526c5dcbf0b39e9b8627e36539c83fccfbaf4570b3db047570a6352a168ea35ac391502d57ef461ee30a0f8c320c90d90e1319017c69f81f0d356f93caf967a811a30b08667c1237
21e74e7c14dae623ad7921dcf25bb92df77479d78dcca34d78acc21713b414c2b36c5ad13be3f33813ba1eb38e267d9e88fd1af622f18ad52abdf68438bf14b0a9c0fbc341e30134a86fb415dcdb00d3a43712d5412ca94772ec2067013b18919c918583481830c8c73f0ffc6fb5ccdf4236afa93116518c
1a678d74ce527f438991b87fb64ab230e0e748691a82a29f62308eedf38539884039632279c22465eaae6346a0030864d91d5ff5723e9ad9ca55db2c0b4e00fbe8b37ea3418cb6377440fc09bf57457984677320b5b32294eb7009b7f461ba46e6d14d142a4c7b79c30f386f4400911eb360bb385a5cb87e
3f3f07c2603f5301b4b4c418a2a8720f4a5997cebb53804d97e3db6566cc39b462fb1dfd27f0180285819fc9fe1ab2047af7dff9a1a0aa94da2f685f20607c1eaac0575209938fac0736a40adb0653c6d1455145e35a01501b1c17012f9dbb0b44c39460219a50a2bf176ce96f539ff702841d9f6749f8fd
0000000000000000000000000000000000000000000000273484d64b4a04000000000000000039e6f3bb3a8b4400000000000000034a6a510e40a9680000000000000000000000000000000000000000000001bc05d14e821c930000000000000003d07f881e98725b000000000000000007b4f89c4c6879
0dc3d2e5ca1032a165bc6c6fe7a74a27c4862e6f6b0bd1c2dc1d6bcb2da1139d257c89e1c853c533014d07a99b25558a10da7c0663d021c9803f35da1c9066dc6cea8d203cf21c3b20e3092b6a2351a936ace3ebe6d42aa60250143541f5750aa142b4523ee196534c29ec74ae8a3d8291f42d5295c84dd7
0cc4d2e9c91133230e49194dfcdcfb21183663d54ef3c0452791fc6912be210ed9f520664a707f288e403295661444d340d9b684c07a4f59779c21d91286e8b96c3b6763155179b825eac0022f7542f273e1c04df71b77cf07ce07f674198e101301b3d94a4fb75ce013178b3fa83132f30796372a19b6ad
1132567a51af70613cb9b4a967a73e31d284a8a8ca41b3029662daa9868927c7342b6a260772b4b39f8da788c02d305e1f5bb74b71ff0973e6cb9da036119cdbb5f481630f0e005fb9b25704f9fa7435205c0356afac0e9ebb7e1bc7254f62fc62c38df03bdfc199e9174a0725bab2a3d090949692f12c4d
3010dbea5820f0a2fe42236dea28bb064c9a5635619281408d5d9235bb0f002ffb87c588b5725922b9c936579b20ee9e8e3442cd538558b8884640fc27f58f7b44250ec256f3788e3619cf3a653d84bd2657435ca0012312562b25b674ca864a834056392c3a3c5a093d3e7f431bb50f6300a78f9dc785ee
0148fe668c3022711257394834dd5202ed8e39d4e179416aee70320e31a32e6ce88b6c5f2ec0b578cde5a55806392491836b745282729dbe6837ca1a3329720d723f0b62ab7f7f156e0a87383bced389e62d303ab9db4e95fe920aaf541dd3e764327abd123834cd871380898a0628ca3113419f1bac9ede
206c78fe7fa0a140334dc5709e9aad246ac470af2a8942ab8d0e62fa9f872dd65535f9a325d3f6764286364161013b8949da1f47204b7d20998491b12568cec69a6c7d222ade05a54c92b21229c713dee48cb36e11046469fcbf2e3264e92d741313f6f4c45b23d58d11c0cf7de23ebcc1d732b312d69178
3a1ca42a3123ae018c96f5755b8ece1cac533eb2450490dafefff2614e520fb632b3c5aabef16a6369d1b71e2c100e3a3ad8a5f5c05f22c7c72c91f412b37ae564b52031181583318f4b2c342219a5866db992cb8997038d0b0f0e36d4b7d831d653a0d6fb774f2f971ab9d10f85df16f036e4f1f60762aa
0a58a26adfae19a2680a01804c18413443bead3486a76359ead7666adb43040937b4eb128771ccaaf1096bc5bb3fd8a15fd3d0adc30796d9da073326288c502910bf3e718f1bd072a9f4d111756a28b5d893e04e1bc94a510d6e1ca435397741cda0a0656db5504841053f1a77ea2fc2a25f6211d6b4351f
256b7524cc166532648dbfe8e563af2e88df0e2db57520d0422923a684c4102e06de9f34174135f058bbd868b72e5f58ae38c2c6f199a0fc2f759ace1c8dd9985078fdf2edcab21970e3cd350f9385de36a830c685725229f62c0e19fce4a3850b63fef5f1ffaa77101b624d3742de759185860198ba594b
269fe4f643f7d5336d11a9d1bf0ab22d49860ef869ba81d5cc264b5ed5d916ca53328b169e01837b30f030698833d7a451e1b185b26ba4d9ca568256000ace0533081a12e709ab5c50f46717f6c214427d93e3f911dac9d11bf31c01fb8d0304cc23d8594c948fe8a43fb1d6e14a02be230c31c2f496b5f1
24cbd9cbd0fc99d0c5fb86abea028c0c6098816ed7c903847eb55e9ccfd600c55ca8db0a08d0546c34a7e405543f7a3c8c151d5941bb046e5e04bbbc1d7ad943def8a21098419e62aa1cd531be2671d3bac5530dc687e30d64e61920b318fadd1313cfb85ec64f04101eb2c23b2a8d8d73608e0cf72aaea1
244b71d9882293a0e1aa4d78cb815207506465a526c773d6121aa7b251f714a183d554af12b1968a11c95bc9bb0e0dc0f4f35402c2a8470a4d542ee21260c8fee7878e12425fbaebdc05210d0cc55935ab1083571d8c93d439860d819d1c3c40d87194841ff39a7a742206bbb44f6650533de897102eb4e0
0deaa2501b4b51908678885df697910f7e8b0aa5db41b01e57fafb62480306ceba6add2c49400e8a3ddf24514d11e9645728086c00522e149e234890348b954184c7cd109e6c41496c14cc185bc7c7578c46a1572e3567fc975c1a30cdde89921a634ac69dba171e2229096fe1001b3280e4ad5ab53674e9
09069c204de57e139a57c87945647c13a3d736bc1c545216c2f62136ac4e02ea03e224a230d1768ec8c57db5551c99f6a56a0679d2b827dc0b088e8b0b422a732ffd6c511be7aecf69bc9703c74dff70a0c8e3f0d160b2da7cd920a1cdba203f6dd1051abeb861dd72396c40af36f81e620ef7ab5ba0f9e9
00423f3f28c23e825036287b9468fc20af642ef06f621110b84da7cf91a410c7025b954732e2acf0c19c1d82100fe3b47bbb94adf28d8a1a6d58bc703fdee06056fee111bbd2dd7a8e565f35d9632d54f5f6e0e453251b1b05b00b77dfed81763f41e66dcbaeac3f4d11e159bc3f272d300daddc9dd64ef4
10616650a782257015ae86903081b72315bcb0ac0fb923c10bb1e641472915c24eb3c5419c33e3527b467334c5173d252e40565160b9e783492e27031587637391e486113bf4e1bacce02621e770637d879093563cdb711e75002927c1c7d2d6ea11481d90b378312516965da7f58c41c3c885ac84ac1a9d
25a98653ea4a0f43948c3689c551bb0660a4d2b9dc37d0fb4f4a10a55ce318c6c8c34f1c6bf2c2e5a0f1b4844c0a5ed8a430baca312c3c88b8dfc57a3410afae1f3471a28b5a755678e9fc12b147613f64da70378d6ce010138a28eb65175fabcfb2499c98cca3a8fa22b0eee9c4e5e6e29325c0d7ca502f
034ce866dd1881021ad869bf5f1e0f0fb4010fd7bd8193d0f593c5cab6141812e0b1744883728c78e4264a695d00d3cefc335d5072423ffbf6049e943c3550d9b6a7eb41fa10930bb265563e32447342c97640f0e6f3ee6d1f7a235a6561587beab0631ecca8fc8e3e33652d28c1bca6609c7d5b7e03ed72
2a8998e8c4522fd22f9b7f97436cfc3bb3c05368e8b8f06ed4d26defc7c71786a7accb170462f2ec1c9eb351200d4ddff7d19a3c33e5fde85bc79c77169e73ac525a52504ded09702d97fc106a49becae23c8231af88fa9d4f442f024978b0650bd2e2375e5089f82c306700310240f890adf313bded4c5c
1ac142fb6457a4c18c621d9a1371bf085f9b5f71a4c692fa539146886754313c20a89e7e949306c1056f481a4f0ea5ef861d76f963e056cca869315c393349ddb7e9a7537bf2d2320d6e983c419cb2b9634890e7b076552ef0bf14a9a15c53761c03c8a8e136f1ce3f366ab25fe0f6e343d64abf3f9957bf
29ccf72359e8bdc28292934c35edf2282c015f03e04a432578f7d94bbaf13c5ad6eb505d1ab09bfdcaff04d73e267c1f80a9ddd011cf8583c678b0262731cc1370b701a2388b23e716b57a17d31b408b486b70103a13aab0584536ecda47a40c9f60465ad1634050542528ab00baeb35526af664a885fcac
1e1a9eb3307c11711fa2714b0bfa930c94bd9ff963df6121e0a8bccdb3a10d1bec65133898e0a7d4c6ce80effb21a20306440ec64291937c13bce054177f9f58a1d14ec3c037691ae0cb6410044b45be345471925928b3caa9ba07660c35ff0f9c40a487eb2cc80dc72938a609aeadcfc0cbc101680f8031
1177793ce124e001ad89a0dd90d3a91ce323b730570af0b1c51a94c0aa6e00dce3d007be2153e44a59c5615e5802053319cb5eb330140428120b85ae218507ce58cade82efde27e07f27bb0960acde35b0ce71ee0d6e1d841ce424ac163f06b480138c13d61b88e24c15663722c0dd18d2c2a4fa5cccedb1
0117ef7942b4045285a169a901509e0238c0660b4bf0817b235a583177fa35e82b09453d524352aa2754b28a0f336c384656f23cb283bee2e4b19aca3e87c9cd889b76e071841f9398aa843f33f6ffe779dbf3371820fc134e291be49ee59bcdb7939f034e2dab5824170204728e1204d22d827dcdb50657
0d14e22402e1e5e1687ad0248a13d309a353a41f508b0119376420d7343e0a2c48bca2a6b480b23c7d302c8cb8324efc64e0fbe38025a2f1a02b311d339973d53f4a7a83881a3e108f42b30a25b2f82e889772bbe96b59d0fb39360d6e0dd36b52f184ab45d0e97694322ea88c22b963d3a2aaf363672399
2cc8c9b288b258a067e504bdf9714f03d931b151fabae2e236543330af8f2d53d3cc905248d2debe63fbce34b51c9d5349b4994c511456751a09605915e633db96275db0f8c42efbe7b159149b6dd9ef5f5db27b72746f5a1cc222ab3a1f45bc5af27f576012d5a9553d89083735fd6830ab086c1106bc7a
256206e7e78744a2d9db34ba6917ab11fb7aa18c8254f2a5073d22aab27b25c565da1f741ab195e80f17f1b14522b3120ff5581493753110989a792b1cb219cde17aa081d1afdd0a3efadc2271cbbb5d78bca2382590cdc8a27932067c5ac05cc1c1bd1ae25867e1941806746131c20d201d723ab902623e
3172a7e20f760a214ce33c692fdaa314ddd0c6c58ddec22ee6a3c24955671bcb34ba53c515a18ab39052dde3db32647f7dbfdd71421e965809ea78362fcf3e4b37c265b2574262136c8f9837eba38961a2eea02c6487e1acb3a315d212739410646173634b986782731864b302b71a0322251692c3c61bfb
347b6a2976aee822ce31c37a59b0b323ca9afcdd605352b32d02991a4ae2059127922b95f8a2eb73857381f1d8142bbd7ff806fba2ee3f75416ec793208e62298ec765a3a92ba2a13be76a15924735276cc74341e849080871b00eb7cf7e8992e8c20eccba0dd9d2c40b4a8963e88ba30324662385fce78c
38388d4112efa473f76a111cbc64112e2f93febb1cc603ce26f908e62954306a7463104c6ca1d411f07f27bc143f33b37adf35cc9387813d4d2f477c1ef7344ffcf2c582e04d6d6836e57818bae46c3e8d43e3de4672f7ef0394151f346c95aa2863b17d6a61dd0faa1b087a65a5b6f2b02e62fe2371b384
00000042603f068077b0dce7428319311e78de35f196c0a556a2aa471fd13eecc03124be9ce33e919c2cfe5bc020582461d45fc0a3e894a83fe675c63fffffdebb407d90a8158344d849501b34b264c9bff5f31a03fa99be3e9a3dbcb58536c9a4e201189644a159de3eb46a167c033443602895b44d724a
0bedaca3844cf9531b9cc025b8dae43c26a81c9f36cc23aa1e3b6460c17f3c841a66e2f173d0bf64004a268dd837a7540c652ace11211566e7207a722841057bc85cf8b04adabb69a4c78e0b7d2cce4f224a93c161a359ecad810588fd2b8699006241bc9a757fa0f928697b6bcbfcfdf3d71b77424a3250
0dd06b41c54388f3ec7e6f913ae09e1ae86bef28efb6d155460afc1fd1660198cd1db21ca50132ce2fa09e7a2b171666e880ec81109ed5827dc9a351013f7d3edcdc46c17af6ba5e43c3581080845722307950d9ca4eec713c7a3dfd660e0f7193a11ff093147b03a12e1570001bc4c432b12394d7216a06
31a855850bcb34f39eb82278dd014c13fe8a037b8955802b9b9ea48d845303ac32abafaa4bb07eb6658398884b09ec817d4148a082f837fd320e7699076824d571dc33d3a74cfb0ef04900397c50f2e9ef1e0337d6ac2dc1e2480b70fad69b3ae0a0f7d3009dc622e221b6d9894bac35620b3e4949ac05c2
0550fa25660be7c1e076cb332a26980761c7ad12b57730efc01e86f6459b0788c8434da3c63009a89a237dec7c38f6934bb4317ef2f9c2182a90c7a900665c0756142042578bbdb81933de287ff5f547aabbb15e5dd31c3a85972f3a173be3b4f3e290b298c161a5eb354d031a0793f0f12f72e871e989b3
2fd8ad01ae02cc5102711c15bb840b0310ab77a82a62535500238ad33d6a248a4503bf4b7fa3137afcdf3950f21d57b81debc34690c2091f7abdd77639da5609f67e67a3b598e62ae4c3202b167a1eb627d642a2419aab4e50cc041b841d8c118b719ae4393a2ea5a727a8392dc4e37ce2bd3309c21d0637
06bfe16e824dacd0e081f433a18ddf20b85b523acbf7231f55a45852fa1b13f37440cff077d082db5ba4e9092f2f7dc1042cf42833f8ba5cfd832ea912c37f2e2efc66c0df181237ad60581c008bae2a0700f3b6931ab0e7292c2a2ea4856857794134cbd3b3b4368c2c88cb0fb2853d33e695017af209b6
06ea43993e5742c0668829d6896b2419bda17d553ad7d00eb9d91d8c469838e01ac7e26c4592bff6a22907fcb5201f26fbe794fe019e412d19ae4b2b3c0377d0cfa82c810bc371a4b4b3890726e345f3b1f6833d416d877c381f2352238436adb201d7cea337e20ba510597697e9e82bf0bc5c5d67d2b1fa
38f2e18573bc50e1c0b2ac317ad6e70b8840ed633b844379f9e5dff636ce3315d76ade2425a1872a3df38122b92ffbb77d457d33c1f295293d8e5ab6364c654da22da4e01bdbb5885381e23b6330ce06ef302273a9019c32d8080ea59cdb8f86a5935230e2ff965b0421ab8a34790013d3fedf9b84eca25e
34ef7ee0f8ac9e8335e2e33e7b9fdd3fbfb5d7164f01b38e11b22753c4d30e3dd21ed55fd6101944a7f5e4ac1529c5120c79efdc234dd1e34c577bc500f382849e7f794077faeb1078ef6228e65feeadd3dd5240cabccb7700043dc58fd2cb5f6a42fdf1c55dffbada2584bdc92e1cafd1aebfdcfa2e26d9
3c8b203d16112a638e0ed9a2a24ac02dbc80c0c46c7f3213d8bbb429dfcb0c8af41936a142a32d7daeb9a2756e1a7eb17bf913aa61a97918e8faf045029d4f9baebcbf42eaf385a5460589145ad1243fa0e1e2cf91c3354e95892dd62d29217f93816f87a8a2a00da328cfa0ae526590508f5e0a39d8a1b6
13945df2ce460341046b19d749a60623660e2aa0d4dd632cb85320ebece22bac7f40cd9edf6113830e819ad33619ccb98dbd6b19b20f38416862241805f06bbb2ffe3d720adac9f8bdf5bb18d066ec148a4f33f8e0b389d66f353efced1e57aedab3dc8c5f99e71c27005b862dd11eff12ea129aeeefcc57
05a7dc7cf6a3de00f7a67b454ed6e7294cbc4113bbd33249479cb5a413e31545bca8c832578149d0b39fad84e92ff2dc43b39d4b91b3b5329336ae78306f744d59d7717090ad2d03db6c5506004fe2023d6072257c69d9945e953670bf05302ed6f2f33db29fbf0c5b053468f9f619dd310bafcf66d1695e
108c61ca2a2682117546ab92fb22b52c9b63853e6d9b918fcc8646604d830eda0b0064e44862162b0533f8a7c32de18fea4208c902e916253fef27c6007a35515d1afb1322cdedecd45f0f014f6c39594320a07abe90cc2710df27016c731477a4616f04bca50664a91956e70c36be16304be7acbb87bbf0
313a5bd601615c50a8188f346843c61f7be02f2b26bb50971d1cafee9c3316fdf3dd0ca83f731f04947ab2d6d51b3197a3938ae410442ae3ed086a6c2e4e34c71e3906434ce2c3da3e382837bf094c0e6fa903bcc9c42c700b1c0910050037647ba285881278a03cc52a80c87188dd84815b3e1ee2f9e0dd
047b4a8a15619431de13fcda05f5b80f217c64ce347771e3b98b21e72fa11f7d5499a540bf71d3fcb796e0fb4b0fc81c637e228251845433ab1a3aaa07365af9984f3da3449c835abea83600971baa1e67ce61477970d5f68e4216095650e7b54a12cd1f4dcf11b6a21e4b9db9311c1cc01282c7fc1884e2
3fc400001d223e92e598eb77a396aa3852d77d2fc4cc322ca4a5667c13d0122dd8135a6496a065ebe82b59c17229cd65ecb89ac83257f062576f96b5001dffffdedee10171217bfc86bf882a07a986354b41d0565cf93bc4c49a0ac475119ee78d6309f038670e1f9c04ec8103c0a42012287ab8a8a9e1d2
16a68dd145091d31a3b062cd9458103ac58c7d28f60302b60c2b479cd8443a8c3e9c4f5249726a872e7d5ab0e915b8879804590c503b7851da2d802b2cecdd0e22f563f0dc361e57ee58a80b3d75a12440ebd2deb191261ae69b3c0b153ca7645a73531a2fa85817d318c3e9182577c3f2707eb53099e20a
155fb3ab37327e733652dc9d20370b2f3036e7cafab8c1707fc5c1d270651141552ade34589208dccf38c6cc34309803cc749cd7d0f34eff9969559f214465230a1de2603b894d90cd702c2a3c2646f557ce728039185513762d0c6f730ddb7e52033695130a802f13253d5854de9836038160d289705f47
05f763a1f2a5d5c120e0b50986e65230d0e3a751e554a31725e316bcb1d91612232d9a836640fbdd963b52286d3988796e9e8799e00f5d61c25e157b09bb60f3d036a8e2a4cdeca006723914db375ec460c450b05989eae847a72cf416a4cd6edde0644450bbd5294e3f38698377d7e8207ae0c1aa1b0a94
1dc0e9e779d3dff25cbecef5be183b264fa27fe57e1d90b2eb7b2915d01b25cea62ec9370ba2cc2d66d253822835ed3ecbfbe2b682703ced880d01272cdf27e244237c521d62029fb23c060473cf0fe6ccb6c1b367a9ed7f66420b842af0c28d56b0ed1991f604ef8014daa23b874467d3d95e7264a64ede
2ab870fd9a3942739dae451a16c55c3437969f38eee311c3062bad573bf2221a4873230c21f30820827d929a26148bd334e25e3f8373a4a1e11dc36c009c2dbb753587330315487c5bda582f61da21643849633250bc23b4613f25fc200e5ac63ed3ebabfbd8af3b8500f3ce3b0fbef042348ce6aab2bc89
26128895234bce13c341c37526744334d695e726dc3a00d0b2992104ffe2227afe600ba229e31bd8bcb905d8110052d9d9d316e0526d9d0b41ac68d7150caa931ac80c01a84b70dd3b35e91bbec1970177f22399731d84f1f5070836d06df9feb0133c6f7f33bfb0ff37907774a1b2e6d3996d4e859f2cb1
26dc3d053aab40015d55a66e85f520354ae163f30471d1921c0c090c4d832485fab359a897d299ef595e2175ad0d5431d998e341204b78a4a2c8c0c42b2cac20c9d86852984ff360b856fc36ed73316e61f6519f80dd0a904c64182586e729258351623891ff10a6f51c9db88251ab52e1c9045df299bb1f
240682fc9705f18338448f7f7fff4c249cba7f5c8a093053b27b99e0cce1190a49999e720c83f67e3cfe8c10342f7a2c446356bd23370a949f764d49136ad8d936bd3303cab7241a3eb60b3dcaeface7322fb121f1c5fe26ac0c2450e196ba57f26039c824c1d827ea3276e45c8dd593c084d56e9155eb68
15da9662c6c424302fcc62ede913b01ee9c303d0b3f062125d66c55e404019c4d2ccfcdd9d12adfecc8caf50af079c1af1ee4a6963a7d28c0b95729b129084ac8025339177488fc9e36374134757a7bb537f014814f63cbf61f620b85e87c13de9f3cd7bfbd3ae1dea393472eb78b22673ee794dc17e93d0
2a7b64802c376f603a65e6fd8e48830dd5105de8d712610b529878be64a61e706c629ea91ac199c74245c8136828ce3b31990d7e41cffea71e9055743153ea640822aba10be2b337c5d5d2257e18fd59634fd2be036aabfd1be820dd7493d00de3419138818a874c653fec7e6ade818ec1a43afe70cb4ac5
20efbcabb36d0a1122021451bdcb63229c32e19d9ccb10778bac38f220ab2ce4085d320b6d53a3a363f7e6d6a7388e4fd07b3b93237517dd4f9041251e7273180a0efb712204257b30cd573b1ce521a2ceb5d028df935f817f5e0cd1ec1eed5925b0fa6a45749b5c623bfe42e7cf31ea93b350abc79eb1cc
27e7f51d6313f0430d9d858806a51235065594134d873042fd7c86d5b41635adea3c44526ea3152d61d276f4e12029e766f5cb57801bdefe86e528c229fa48cda808a512f8f6471ec2f95623056e440b36a50149dc47e852df6f2b4c689eb6896a30c6e3356ebb0bb0394fd66d453f0e213e66afdfa5fbcb
21f8939d138ba460ec69c4ced8777b37b67f42eafde0b1de778295c1dc40395ab2eef57f72e31846780fd7189c00505555b39987513d1b9f159b7d6f290f673709abaf10b9d518d48619f300acd3c9ded2d9f360b407e23775b3010cd6b8ace4eb4017c45b4b5d3d041e77387c1ba2781160aaea831df908
062e12b69a1c8162b60a11d2771e86173133f251a1f66099faa75a340793222268f588d9bb932a0d3f234e8c5b35e027d8e501a0203f0202ea49a0332f7937c637fd13d3b14cc97bed837a1a9901f7ff541c2367bd267505c08b2607a899084eb8b3f4550891b99a28305c8d3dab7aa3f283af095aafcff2
05202ae10aac0013845dccbb3a2b0c386d5a64aca36322e4c6249b83af810538efc9088dae21ed375ce0b4805018481e34e85b3680c5522be981750331a19043181436304356e28a25e33a35617eaed777b591a08e5be78dcf883ab5238e9c95cbc368fb9458a4543d169826691971e2f36db079ba6a2b9e
3fffffc41cdfff13e973bc3609fab20fdcfaba2322ec6222e8909497cf9a3ca326a8231620620b9e3bcdf727480fcfa819bfc808200bfac5c2dad5140000001def8000c38b6f3edb0342431e4297e7bdac31b19b4cde34d96e3b3589cdc7366ec89296b5aa3a5ce4f400cbdc34a97094914e7586f31542a2
36283b693ab12f6077afd02d38bf2e3d41a4ef20595f21afa76dcfb81a6d30393429b0074001276c3c88ba2c1a3ee62295113daa9159dca24e351f8f1c535e5091b331607eda8ccbf5fb65249be70e854b9921ef9a877d6d50f4106f03c81e743b82ab780265a3c210095b8d1987f46e332125405c908cdc
02996b9f937b46b348a2e121a837cb1d6a17d4bc529c82342ebdd295bfc320649c06e25ff140d0a56f685eb14935ef149afb7f147250d074b6cc7dd213baefbcc87263a3c80d6cbc384e9e2bcf98070216f5a14ea9b00fca3d3234edfce6dc7c67431f07cf16659b450722cc499b8066c0c69faff602b5ca
2f5e3d5ff9365e321a6da801be79012cc3557b1ae0a4c1c108b6a909c3d23473f98c66bc16b1b72fd97d14d77a09f888bbd2dde893887f0beb5c9a2c05710f6ff9da56021ff8657473f33416c0b83a30d481035577cb118c2fef2dd7fed41ac677220aeb17d698970409e1f69a35c48b52a553deb335d305
390fe57a6341a3f1ffa1bd816dfc5e3aa231e53c7a74f1d4180d4ad4240d0a66a9ee94b88c11ad2539a69fc31f3b4dde0b8b930180358ecf994064813068dfc6e6d30801fb64ad8d99012010364b5ccf36679160a42487764c633ffdd82d046228a222a12e39ab4e6906faad7c2eb2bc715ba0e37c97329b
3deef725b1d265310e831bab32dbe516bbd7817a78b342460af252c3a85d305b6115742b9991ef8fcea8c7b8bd3b96dfe07c714af1c22ec2533114ee2d77a824b1c7c6700ca1d451ca303e20f9a1c143b6187059b96ba3e062471a0c3fe5af56cc5149bcd759a8021a254db91c95816680b621929a22b926
281373e9b7479be2b7e11b84d2a18e221506413bbcce1184f8ae858b3b081044a789a84d879142b482f56df77623fd7db198529720440ca27ef90b86019d2a5eb55f8750c3672db31c96313cf72162bd4e3e90effdce447f8c7c3676284ffeb27fc158706247ea85ae261c6d11bce452d332faa9c6d6848d
3778b9e483adacc3f3493662137c7413a84f8466704703922fe53c792dbe303b231d1817d8e311946ba84ced9030bd4a9b237dc7b3a1262db946b15b01d8a4e0e7aab2e0323f78e01595c0132ca50541f13e12da9269ec6ab86520031be53303bae11874149579cc65364f5d7edc94a881dd5fa92990e558
0b83a0c889b7a01384db5191ae7da5319fb1c472f6d923324ae302bc47ee11fe3bc040fb5773c4f891c70f6c582917fc215376b6d1ed36f68fa2c24f16c4b56208652db353808e89aa4b1b263e8b38f98b82d1f3b43832746114332be8429d3378532cf38c3239459327bc4d67f88048f1c378395f1fd203
0f217c917512660272984fd889a8c2143b9c3fe0e7e9a0e0a231ce004037270adab4a25129c0588bafec47e6c633a4f37e447c8a4053bbc7374b9ca6322e9904f68bdff153b6ee7ab027ca177dc05cbc5c63138488479716da101355fdf773640d820415869f8ef172308c5b5a9a155f93962c5017495935
084404d42f5c7a327262b8f190022c04aca5daed3ca382903c929e040aeb1c5622297c9ecb21f5797d23623be21b19f97da92ed1506547fbd4e37a13250054c8d000d2a3f08355e7236a1d38f2682d9df50532d20fe37bc07b8908c261218d7beec1578ff773b153451dc04f0b3e3f9b03a04ad2831e2693
3d14cfa14b59045247ecc4a3020a083abe5fa05e80adf0672da3b927702d1c3d470fc25f8be191baa8d83a796b168d9474e8c89630c0aa56a9de006118d367dc41fe63a239f71ffce8e0e51676f5696dbee46186a3e03b693f6818a35446d997ff0331596ad8cf701818e34e8ec95d8bc35e7b9d179c2e05
17420ace420fb5e1933e7c7abcd8382c91ab70a98efa70b4dd988194d60d07c609bc1ad0bc1045eec21a035e6c3b109b2a701031a2be1c7aa5df15482cd739fce288d363d418c4fbec62450e2d52f04bbfbab29d1b2e556ecb90111225f384e6f9b338d7fa10162b4406ebdfe1312eaab2ffc7b7bab4168a
0a2f2513925823d0c76edc78f0b6f12cbc7bf47325f301f864df1f6045b4364d004aa0cf2c82d47e6e6460fda728073d6a7b7720b08014235480eab51c42a43fa8679a31d18b9b6d0a39e703a3da9fa361db01fc039c2abcdbcb357c710291b3ebc024412397b2942c048782f40bb5494020b9da336a6875
1ead200812d7ad4176b33b39b52ada02a44239dbed361357d35ec4ed13a60fe06ae4baa733733ab3a0e3cb0bc81e47576aa4c4f580f2a0fde54365172f7df4e69c9bfe13234c3b1e93b46000908a3ee51caec0bf69929fe6bd7d07598e262b4094932e2a9b5959730f0676b9af4c09ed7002132216011d96
2cb095bb0b6716c35812a42cf2dc460e25ce3a9ac70d9267cb2a00db3b701ff0bd2e0a8ab4909a2a962e77d6612f2b235d90db5053f806f3df70aff60242b63929f68be172be59832817f4136044cc3c017af3fd0b31c315a975246762ef7f3422c3e87cbd028759060714ccb1596b3fc0f9c5bf640c853b
07be00001ca3ff12fefc975f22e2e525b0278943f3a4e3905dab73674dc50e088ff8df8bc201f35bb3c296973e3c091e9dab32b89195e8e2f77154361c20ffffdf1e01031cbcdf8dfd434d19770a1638d774d2f7bf4fb5c6d1990cd7191edc53f7b2a6b38a79d53c1f0aaf20f2b1ab3c6362acf5e3e8d9e8
3e429f9803fe3e0230f41c2ed0c7ff29c15e7fa6552912b4fbabb81aa20c0ecc43b0e4053b43964be5220d269e3bb4078ce9cfe5132edd4c0fd78a5337287f54c054af703be3c366a6c6ca229f4aa7d22f9a30fa8c2ff7f4020434ba8e38c40f3f53889307ece893b2106e330c125180611481e3e16a5590
16a81ba3503f2791c50ee818c90eda088a9d2e67ba6b03e9bdf06c90f7810c7223d37db20ff1cc83ac42098e0301ad06735875aa31b3d84fba9e4d0934f24ab1a14b8563f13fd302c712c11eb9e89388a26723e848bf079375080a4a4c62f02dc8a09e50fcffe304c830626b2f8cbf202137b83c7a0bcab0
283bcaffe4130fc05689ffec07205a2320f555363fd3212256eed20d770c32fe856438cb0f424b1f68ce75ae0f18066f4acae82fc2406572559769a90f9b3fcb02dc9222267ff95a8d5c471424d8445ede719164edb03349b0943c81ba163f3e1f80a38be78312d447389e34f6cb9b105268e5d0d518b2f9
1c8a79e7a829fb61f895e3116c9f0c091b09928c24f78174ced0ba7c688837d49689fff1f943667365f9211ee2043bf996c252fef0bba4c9308265a132fbdfd3fd089022ff435e19c8d6b221e110eb81cd8c711e010529502846062211e38bf87ea0153272489422ad3bc8a1c5c173fb10f2b6f9377e89dc
3356a65fa2c6f0520ec5996416a827398695f0dbe50c02e7029c4cb7089d3162c3eaab16aef3f1c652e2c9659b3d5f81ff5bdb516135c358cc0f1a7513da0932d124d1b114c1fd7740d6e121e20675d69a3673cff1d53e9e6aca377b6ad2a1545021e1a305fe8a992f3392f3bb6436e7b1e85dce15a88620
2db1433464777a0188578b2f7e6b431a1f4a3a911852e0bb3d4290e4983b0f92a8a1cb2626d0b5ad36fe18cf1d3f4ad3b3366807a28e96a8e9d55843192de8b13dbf4890a62ed10b693aad19a9d02781defdf0cd8410c4f7f68428e3b2ccc66f81014fbc94c62e0d48220cdb7dfe906de3992b57fa5b3bb0
171488823045abf0639a3438c0883804d939f6dbcd8ff33d9ad880257981131539d74f44397034299c586eda2b05cf762a096762e3bb40bb382db19a105770ccd97ddfe3822cec8a87016a3bebd98ab9d4e480c13208b6dd192e315927b73d5f45630b9aa5f0e283553f3620d67009f99123da6d73e7f162
0cb405fcc31f4cb2fd3b0018380c811481f71bb147a6f1f8643d88b24ed01153b8c6b1496193a43b5d1ff0e9e93dbdbbc9d1b4bd7252781dc659e5b80d1815428fd2a461cdbcfabbb586750a1ff142b2cf73b33dddb88b5f13a23691cccab1b44c900cb3691b864c023875fa7d197ea6c3e241b4eb9bcee1
0f2efccc858d8392eab7ecd9d36c370bbad86522ded80338cb441a7c2baf05d7e0def42eef23ac87665fd8f9433873fc0bc5cb87835baed6d1484df035c3ee4e27e38cc1c28e7c250aba570f5ab16ac9ff5a332b4042bf76aeb23f41d03c0e5ca5c1f00ff8e6e420571a5badcde4dd88d2918ef98078a3c7
2d23cf18eedb5d90a51afad964f571146ae5da78681ce05dec233aabf1c63fa23170c84ba0d0ce039d2971fe321ffe1e664e5239600a90b9a58232a21a48d886b01d9df11557fcf4e59451094bef9c31b5b112a50fc072fb80d229617aa7ee7f74c1c6dec3707a6c55028b9cd13467fe401d8325911992cd
255d0e64ec843823d4b13c636030c1184a693b99d9fb33bf05c223a2db9b0ab5609400ab96c3d92f2a1f0ceb3b202d7e55b53f5ad307be0a8cdeb9303be3bf78381dc9f20ef582128b58750c2b92cc4b64e4c3a945b55362a34829d2eb33a851e690f6c97e7b735e3a3938afb201cc4772dde5d39b4901d7
225222c6c78d6f809699c409886ea710dce1cf9bb5f84167b5be6fe551622de4b45eabe4fea0d62d363256629632275a0f059db820218c3d624120c4237913ca7b237912883272f9f6b8fc09bf2cb2210692a2cc43a2d611aa050ac8e04246c4b75198246008118d5c05c4044a8fb8beb372f4a2d1a5ccb6
379cdd8c6479e010f49d7bdd02ab2b1fe8be59bd3e2c80655ed893dae3e72e341f1d845006a304fd0ebe579df43029efd5889a70c1e68d9ea33be02f3c58c3928d5f61135ad2e7209a9d2714c24b73da0b63d0ec75055dd6ce7531e5b1dbedf2c390b3e5db605d6fd20b1cabe5e1fd5fd38b27d8f80f768f
20b9f8a5044e96836f8de638a99dd22447d3f05d010d9323f468f53c56f01ce93eec1828aeb0a0cc32fd9699f61249d999f251cd827fe21f378510fd1b1ccdc72d18e4e35b46d9d450602a04c474fec7bf88e3551cfd6c32ea3b10141cd42937cee306b8b40a74502e2ba67b0e7dadc89202d14ef3a6dfa0
3aaff9bf91043fd301615d5ec4b6353fe869bbb25a36624b032f7a19af6730ae6197a6bd2252896c46574e7aea1d7887d9c27b2053f0c8d30b13ec05185241a17aea6342588e523f3e05f513722be4d7e210e2770b35a2dd1a5039d10d9c87928f301ce75d85bf6c0413375c8ba881e1926a37dd0045f92d
008fc7be20ffff027762425a0e3102367da774d401be8124ce352b832fc01d6032cf111080b396f4e44a0ce641346afbe3c042d9a3bc8b40aead8d373fb81c20dae001104477fbc943271a0af2418a653cc8a21a5a0be963be28252b47b3c1819863d10a55fc3105782e7e324fa5132be1762d497d0ae691
13de8c15cdbc6301a88c385ead648d1b1b9f2a4619f771f5aa442e72992b3832061f501be6f2efca3649dc23bd080fc79381397771da65d4226be9f92faf01e3c938d8a203122aea75c71b2cd69e27b437785072c669b302bcda16ea0980a25b0a10dfac443889cddb01923e47b4f4e2f18bafce58477248
03cd7c19dcc51e2072eb2c9603086832c55bb45acbdf20d8aa6c1e3b9f973e76d0f6eb246b82bce1744ea032e53dce394482f8630174eee3a0d7f6b02ef454682cf73553824eac177c180d1747401045731052f1c847f9012b292e139827b43daf317406e69f6de77d224cd4e8f76c54d3c5236973eb2763
36401c8a60e715b081be755bf5b0e104931349e5df1092305703664d9e8000103c25b480d8a169cd00ac03acac36f2f945af3d3c420221e126bf69e12bd4945f0c9d1fc0b3f4782859df742cbaad0a9078193081bda2a80d78f42b143fff004304e1dec044aea9802f33fc2c42c58070832313f7d642d014
273126b952f884c138bb4249603dd620ed943ac1616963d1c34f9122e85829b5a30a852976605be76269d60dbd3291378b5b903752ca3ef983c85d112cac430cb03f7c11ef557d93ab758f3a49f3d464af7dd049868c36d359c02fc41cf133a40d0211d86c8f8dc52439070b566e814fa1f9fc0aaa90e352
2257d2fb2f0bb481a7e6ea020074322fe7d3be3269f243c9c5f97b792a0d1e387f68b1016523ec552d33f028803f0f4ccb6cffb3731d1514a0a63f6c2c31e70e2d3d5752edd5f6f44ce19732c06ac047d89b81716ef41c8beb6b114a159ff973136015fdeb9fda1d5729c81392a6a00b305ceb5a51412288
1cd7cb52187bf611b9a6704471e61a00e25065ff915a426d6af4809c70df221811df2186ed40aa07ccd1af0e043d569baafccbd4a3f812cbe796e67018a267834d222bb24fde9c77ff85ff13f63e56c5c8c812e84e9cd7a04fd93243368ffade93b38e15ca8eae643a37ce01cf5718b360e767f1ed2c5046
3c1c33e0bcff26b1637b21e8326ae8049ee25f64f5b73321838b7c71668030518c23e2783492d49f0ec977932b34b3c529038db362794042a009d44439fb3a059be99113a8ccdde65beb740755bcac2e2e9291b49ac579b6be8112cfc5cb779afdd2634e57b628dad62f1b66226474adf1d81e72c7803c9c
3bed97d7e14ef1d300ebda24270e9c0be1ebc49f2dc160e97578f71250641e7a4a49d42634838d7143ba1d9d7a04c517d28c825123f17c6a38fdf1911f6508edc1936402118479960d276a0519af4a5b0d1ef0d458a5054436fa37c2d62e6c6dd9f27e64f0ec1c17af11a1e34c07916273511c98a396cd4d
01b3df84436272c1fba98f001f945f10d8adde009d7590e6cfc24b81957d3e650cfd6d78e0105ddfcf72698c91173ef145abffa011d86087df144c07248db43d6f6a3cc11f7688e1d941ec163a23e276047f6226381c99971f340f66df4fbe1b51b36f10ad7ca5fe0924cbdbbc12a9b7409820b9d3e95878
295397a6bcfe9f8035e39541401baf2e7910d31c44862154aa3e2b1f5fba0924825d2a6c407374112bee771baa395078b8b370a8209454cc1cd9d7c42b63f3b793adf7134067c7632880951b4064d2361ae920b2733fc6d794450679f868171edb7373429b77013c222956dff0a31a2822d971c1d8c6c834
355c5ed974855cc2520f45d5512de900e70f6f219cd78250c6bbf1ebdd5b1d4790ff8dbc2ab0671e72bac2a72904981744c4536e41cd7061ad945d24157693730b7034226e503d243c06a01d1dd2a30dccad13e53b5e1ae5058833fe5c51733e4ca3106f39ed35aad706f95c099dd038c20763286d895af7
227b4f67808c55227db3823f1a4da311c18055a025ac334236544ca3fe292c368a462e5490725a66cf85c27b8739823eb95270a382da8c6c30b48488168067dcb461e8c2e455f1df3bf64b176d9d64e0c770b2f744fe0814eb2321bbc22da85cb901bda530d0e5fee60158fe71de73d393661cd288269812
1ddda09a504d5ad0770aaa99cb4ddc2782e1806c7fd643b5aa1b7aada2652c76fc232cf7c213f0c1dc8a42e1890dd205fefbe509311d697b36e08ef208b4c948a45c9c334ff7c897c4003b296518251b1c1f13711324b3e0a2800f731c3eca7c9b004a13a3523da74523528781c6e29cf328fe24c1397bcd
3b4227abb54257817b060c8623dcf20add9f1ef09435f3f1eac1bc05a888343a6fdb5e49cbd2e9101c3d80b8a12e15686609091aa10d0abb1d56e5c637210251704ed23070ca4d10dc01403de85799596746a1e0a1f2c9205b8500b56668d8dc183269e43f1ed8789823041b430ebd5ba1d8808bc467911c
27268c0a1ecb4b03f72e43b39d00990d957b1a8030aeb0dc12cda16f73c52bec43a4843564c2edb6da57dd3aef3dfa519500e903620f0d19a2be751d10b7b8d4040edcb3fb1bd7720b680d3cbdc4921f7629c3b8a7dab2adcebb0553498f93684982542472b054df9e0aad4f4d82676cb16cd33da774ccca
07c0008fe49dff13742fdc60f69e532a67ce29f06082019ce3678fe1322d248730b5ea3f84a33813b7823171e41833815cb6f046403ea932945b1e8a1c1fffb7fb210102e2233d0d13659610fd2e2fd70d66e29e3d9826f1356c0197c8c056fa166267d2c0786d56352db9734bbf696111351e508a551de7
000000000000000000000000000000000000000000000000000000000000000000000000000000000000000000000000000000000000000000000000000000000000000000000000000000000000000000000000000000000000000000000000000000000000000000000000000000000000000000000000
144816c38a032950484d4078805815137640cfc96bcc7066e528fc9cf78026e8669023893ef0e21a781c8ec0ed2d262ee95c00b722492c253a43fe58027b82265068f5d16629753ad16b60174562b69c8b83a26070ee47b1bd4634dd668c1f2576b2b222ac603826ab05ae2c4a739480b013542fc67db3ce
19d64a061c2d93d08338b037cc77973e2c7f6eac9f1e91fa1e1bad3fb6860a455d821e2776d01e58ad14e32a18246679c1c8362c3266d158c7488a550dd0cd204b327dd060f0b203cf2b5722ed7c38e66bbb8284b3d86a6bd1330be0179f661df3832747efad12a7541e0701318341aac1225fbb4fabe8d3
051b3f2878dc5851b0f086c5c4ebc03482a71bb13733523138f829f94b633ebb3c38c25d34213aedd981468b8e368d56cfbcf1cf22e3f0bdedaa12633b145149ebf75480ffcb260ad4265c2b1b52cc56a82a811664a713f9e04b1b2d43e8f4e27b82dedad09ff4eda93e68f146b1a7c4208789769a75d908
35e9536738eb59139fe512893c9550048e67f0d8d79b1243a03b3fa018fd0bedf82535714080ef860e973d2daa2691fe136c065dc2ae2ccee890c28b01e5a13360234152395b3f450293c425bc0467c0fc8851c9763135eb70c008bd3b78b89797610c007989b835e12a4a1edb80e1e52300f463eb691c1e
3b18fc01d9d7c9e3b7b54028dd0c3d3e21b5cbdccb00c193c707940ee1343e67db2abbb2ef217318fcebcc40ad13da22f511290de1dafa24fe48eee3178d7229d5abfce1b2d95be3b1931d1188d4eb25167d3122f789c4ae2bbf2e2f8a239fe718a08fefaac20b9a291a20e212e5b58aa0664cfbcdaad9d7
29e58097cb519351f0607aab9225ca22cadfacbaa10ba3be2cf3253f62d71eeb99858a57cb81a2237dd634477d019a8af584bab0f2af6617e6efecf803dee8cd36609ec0cc49631957665c0571df60e1a80eb1515956f4048ef0094c161814a4bcb2308c374696dcdb33958334576faad142550676d15456
10a1fb9f3e945e03c2a403600a5dcf342e22fe465c26f275ddf996a1da9b1ed4a77cd87a4b60001d7b7ad767dc2c27201cb725bbc04202d4f3153d081faa7165f25e1e42c9886e50ec242a109092678e53d1f265824e527579310273c76838b52ad272fb905c59b6ff0fc52ce3577358510531d344a75482
33880164daf2c3b19b20f0ad52b5fc2ee9b6f5897268b206025309e1f5701f1992594207bdd0a868d73dbfaca00d9bf70d279bbd41adfe334934e97820baaef0b655b0a2fec49397ee10853cf28c686f2e85f03c0813dd0ca877393704a72c3d2883d6997a463be42602924dc49c76d7c1cb4286d6952c02
1c03631319591ad260802f2ffd0c693697d4eb9115b2133b1c0a39f335d92fa412e0b83cd1e38ed49147b49ae724ae7b7edaa487b0fe728a74a9803c194d7bee7c6899000e781d7e2ea44f3f8fd46611e29ad1802fc0b15db90a07fb748869ae16c22b3e5d3be515da2aff55281a95e120891872dd429d82
244a346ed4cbe60110e596b8cfdfaf1c6698b0efb462d3e52c0f55a2acb0073b3015c4b572d3540dd5f6e5adcd037bea0f611732015815017902e4c90a217db433a249b3a7697f5945d2002d9c93bcaef7a883ac7e71871df0a012d9b2726f0f43c1d8c903fa4f47182aa1ac329ddd2db15ab6604cc9497c
04c78b8b23b267322364209b32a6743bb035c6a1fc92428b606adc60eec838c12b0da31b1a31303939dcbb41750d7bfc5f4689c6b173bad5c82faff100ef999a958902b2df38800c6bbac43ac7e458c0b6eec18bc3c3f5a1e2b72bc4190499c39a429eb03e5b451deb3700899b9b9bdb432b3b62c2a4ba8d
1f6ed46e17e6ce8364b2e96f54137a36718f0918745cc119eb356705298729f31eb7315e0121a99988b53fdbfc193d35812f6a1f70d236a414236d8a208f244a066285312614f7c71350db37527d0dce2423604a5f27c16408b212ea165d3c66e1735d2fbe29331be5297b886282dc0530b27ca0ec0169b0
37ccbcc734968621dea5774b295de11243dd0d864ce0e2e4f67bebb38cc8383cd12a29df1fb36abde9cf8302170af3431876aa83d363a11cd368b8bb028c4505fa3eb561ccf86f1f86624303f889f636ab1b43b00f1423d86ab81409965edc621a116b1c5314a50b6030219e88bd04e97276af9e1975e1f8
3b874e4d0f3207716ec2f2aa91dffa2d92e41d19f1ec31706804108567a93edc1934b3965e03ac074e80ac27c4322ae1eb2471c4305ece6d6d3585990452c69f329361437f598dba23eb530e6f141035c883902115fc1a4a28781b1900fb5faf6f4122bfbc0ea9e79629b6571b21ec79d2b10d5f27c49caf
3fefc7c01d6fc691c0010381eff7103ffefc7c0008fc001c0010362fff803ffbf1f00c83f0d0700040deeffdd00fffbf1f18c23ea00700040bffffe83ff7e3e01d27e290e00081bfeffb901fff7e3e10847dc00e00081a0fffc83ffdf8f80431f7f03800206e6ffef007ffdf8f9ce11f1003800204f7fff8
0000000000000000569bc91b90b6aa0000000000000001ef5fcbd200a3f4000000000000000331d1a95c1fbfaa000000000000000295b15707e81ca8000000000000000046445964e335d00000000000000002f78c95f53f5a0e00000000000000021d377d2394a70f0000000000000003b3fa0e927bb3f7
0ae25671e3b2d0a0e5dfa47b8f2eeb2a9ee88aa23a85f0a5dee1d538223e03a4e22b2f74fa70382958a47797910735777cfced7921d45b1af360fc34327b7b6fff501803f722012fcc068f305ee3ce7633fb000ea33cb9b89b8b1400312e3c1b3d2039739e0463c0c12fe494a28b03f991abbdc6cc3af169
34fd6991d72cef72f07c5a29e8e1ed22b3f1e234c84862ff92f0aa839b4a223233a5b78b0752c8d3d1ebd03afc3649e630d28d1a82900b41bab1e22e31ae2352cbe05f61eba9f603e0cbea379a1ba494808a338a467a562cd30b11e84448ade1bde15d0c5db9ff2bc90ac0f547398427d29b01ac65e92c7d
1a3e53de38288a329ce86590a25bfe0f0acb558d32b9f182c2fab61f9c742b46908d622285c294c746a8ff5fc30a786a2bdb81cc93540665cc6a338d149275713da92cb395af26e05d310f250e450ab8fa2422bfcd0a44edb43e39cf9c47136abde3906c2ec20c88a6060442e7a1992a40cde5199fdb73b7
3f1a922a9acbf1307635890591d41e319224ab56f5c26293a71ddd9dfbde1b7c53163cdd3c1201dade6ff275f3110a60148bb16ae3ece1215e1081742c0761cb10cdcb1134c1479ce922251f9d9717ee0e1863d3dd4e79bc99bf3ac502c9bbeea282d3548c3cfb417c1bf607c7bdba39b3e35c3d948705ad
2da768747e054a32b626d836d173a60fdedde4a49328e0c5d9b6c1a0625d1fedfaecc2b244f3a9ef8481fcef7a0ab8e7080a2f65a3e8894281304bae3e20d009e3613963a2f360ff7ecd2124fef1ef315fd0702db63097f297ee03be6e107f0d40e0613105a314bd7b273aa9c81ced6b93cdc823233665f2
3a3f318a0c05baf2c903f641a26bd32168548ce61a0340d350630bcc0c5e32536d7ce7d32f13e0af3f24fc2b0e1ff83abed9d0cd61b678b97d3380a21d832b5b802f51f0b4f7373bc60cdd29b11617db9e3c43061c113aae7d713b90ac95c0670351e6226b59fed7701893507cf7320f1092df228d4f18e4
3e6333fd36d19c13c1469e3e4cfd7a008f08df5cbd5d931df79b807e4b1e31ff3c528b26e1e36b38a9798d6a153693ed9f78f98f7273f908471f9e341d8a791241e9c3f2bda596ec4f6b081759df90e2623530a8488ca863583e3949aff219c047c1e5d54c1d35f0bc2320c65da0e6a3501b57554f1bd3a9
37c5c52878caebb054782565e5a2b82322949e1aaa536173e9da11f376e2124e3dd5602da043b020457ee82bb8095321c6fca1f570e80116030db27318dc3d0ca6fdb9917e0d3b0b1175b61cf631b8945621c0c5274492d560113c99b0cce5b30121a7763eea0cec4b36375279f1d609f3e9633f5199a779
095593622ac38353593c04d89cdce51ce8ac6264aeb8f235a4e98ab49d34111a8a1ba609c340220a973e634edf17766468c0012c01f68fbd83c23dc41dc17273053f86f20c13783f6f54d2210d4d34937d8c41aa52b4643df83d36efff5ea3a000b2f30a5fb4ae762a23104ba17d83271277ef43c0cba13c
3bd9b515d41a2c73b0652b6a96f5b917256cf7a199f8c360c04dedd55580372797a17ebea6035d63971259ae260cebb6ecef6cd9618fd376e5d26107045e308bed869ff38fb871bdcd7d8e2926119fad88f25097e1852a5a8bbe369ba25ccf49b6d3b183aa86b8e9d622ee4d1086c9446005e4ca44c42026
3e07da4d287fd8726b35ec588cfe392e920972e31a13903885fc152806ff37b7da2792047090f0327d060f6aa2237f55c72f9a24613c6d11a7732d6234690b0ef439ccd0c2c3125f4c22c53a61b871277a03509fd5f87b69d3b631aaed2800765fd2fec272897ed2c9023360e166b255116c2196626f9a17
1662c29842f1d9612ff4f2a6d7011e3bbf552c90333ac3a663d432d6afce1bf6a8b6557bc950ddaba1fd7ab7451130e5d914b352a13128a79d054d571fe518beafcd55715e268f9e9cb31116393c8966473ec092ebe0157c932f2607fd639d789363cf3c28446f6e3e0d5c7ba7dad388d10e06170ce719b4
03dd6ea1b76942a3a193e49a96902f093c701436d8859395ce21119bdf54109359e8a3ede4c0879f48fa4eb23003a92bbfa146a6e2c47644eed3ffb8366cb2fe1dd606819985d982645d2c0678a7f09f5f59919801faa83816cb2264d3bafaee8d73ea41a0de94c6160c27de8ab03467f30d91363809db11
1edcb2ca09e7d47325adb6d6ca880c1c0bf1546d4fe3b295e33abbb676bf300268b57dba3d339e2f2f1e17fea02f664a8b493f5b83faa87e7df247f727a9c2fd19f984939bad8b1f70c3e312a95d3f1e232f70a3092002433dcc20d27818e0b35d50f1127408aee1c91bbba8ba6b493041c27c330343cd0e
3fe3ffefe49fff900001bffffb840c3ffe3fff195bff1300001bfe84384e3ff8fffc0ecfff1000006ffef6e10d3fff8fffdbfeff12c00006fdf40e203ff1fff800bfff100000dffdedc2123fff1fff9b1dff1180000dfe3a1c2f3ffc7ffe15d7ff12000037fd4a70933fffc7fffc6f7f116000037df20718
2acb40f58ada7cb26f986d1d9ce73428cf13c4838677b28ad279146b016221103a0a90066411a268e4875dae00178e4d9218b1701138b0e7b6cf22190d6471a3efb3ef113bfa949fdc6b110f9d85a96e7a0483bfce8a34d7dfb63cea1c38bc2eb0521f77d1522c849b2c6430d3744f7fb2815347415fecec
1f2f5861484a4763c6cb3bd06da8393d1b1431f3fdf1d272f4cda9b65139079325b67cc22241201ede2e536d5e23a7847acb2114f3465f62bcaa387f18ed6fd2affc137272838b44e7abe824eb3692cf0686f31991e64ed3451b0962abd3f7f025115e3c2b0e0517c51e4f618868e938116ce1a324d83f3f
3dee12b8fdc7b7c2d45b4e84be12b92e9e212752affbb308934e1eac1d3e2c8fa41e1a3cf293a81193ca7582be059a58fb610ae2b389c6e0122fa3993efbb83fd064ad12bb883b9c6d2c6400bb01b4b3683533f7655363cc944433cc82590e51199164acae1d5f7a3f0a00cb1db7ab0ba169b39d87b93036
15aa1fb13bbed800cebe258dc7eb863ebd7c5db34a5572740904e7a79c973c2f32b6c93bcd9316497e3a986c6f356ccf0c5d806ad172a3dced2a102e13ad652b8c958770e51ab6c0cb009a1feb0460767371f295c50d67f04c4c2516e32eb2ee8911028ca836d927581bc2ed20da66e3a2d903bad7c96514
18eccaa11881ffd30782d99ecfeed40f34d7c436434b714215b00e8c8c410e027331ddd2d3a19ad27c0bbd1ec21d82bcc6be770413bb06d9fd5029073c0312bf0b79b58108f2d21ad5dc7c0427ae499d62fe2345f21f7e2e207d2c9a7da0bf4dfad348390a5fe29450233a10bceb90575269a2047de7eb3b
09a37c16f12c53f2696d55eaf9a74f1d4d24fc9032db12d38f76711b809c059135464f076f2245e9b7e3d0869a0ef855e73eba1da3ce20559d6a3ae61e207da8d3ee08003cc7410bf1c9e92bb16a059d3057a3345941432aa2933fd16524916410c2bccd81ed52f7c2249957f0eab13092d90e654f0710c5
04e0d06ad3c136f311703624aee38d2b44001662c09e42469d63244087323bbfa2207e0674b32d5ec4011e488319b4091e3ae72bd387ba674d84b63e2770d28db20855b3127a9d32118e0724327868f9716b722a68f2dca2279527d964bfff277931b6af3eb960ddf234c50705bd0331e1fd54a2af18688f
00350b68facb87d023fc9d84aeefdf2dbdd1b475383a224500ce68a0d25b1490eb4971e62522cc5e65b5a653411f49f49103cf69d30956d4d32e46ba37fb13f410347d72b0dd7c957ba94e3d4f1ec9bd595200eb433f0eaa717522579b359a26e61364bac55c9c61f0333e3a1a1a933c10494ff4a64ad600
0e6622647176f2a291521dfe868dcd0626745e68863f23dacf244b9d3e0b3e6b3f01515ee4d3feed902cffe5bc1a05ace8a1c36fc24adbe0a41a2c0e0e5f87d7bd36fbb10c6c53ddce49ea348c4cb74bb32973822dbc776ad8102eeb7699fc332ca146967ca59e285e08c750df161478927a06a5ccabc535
0042d2547ed98ff289ca92240d740800967b11ea4696c3f0fc0d4ebcc6f72d518b44740e4fa2ec09e70d78469c0eb4b323609e13e33ac71c2db497ca26a656635d1552c12c6f65e481e1310d71c0693bc2e3920f2176a65cff4115463fd337a056c2685a908b9b51bb102b080872da7a716e18fad0f5feb0
2c4e9f7069063a13c2c8075fe3358521ac37a096ef91c062bd1dd177c62106b6ad1079c4aca182829053f796fe2f7cc154a0d6839198477765bfcadc390af9a1f2a2fd92e45b65eb31f11e2808d5f62c4d42600dce6e91d69d6924ce399abd3bb180299bf84b24f7bf30c7efcc2e4d1e82b33fd6874842bd
064088d3a69c8343d08806932981a8327c4c8e48b10981cbb1f242ff565006666914a2e4fd5340266aca042a8c2c6eaf859934c641f7a24d05a57ff53f433c2dfcc73bb2d6f9dd3a075fa801e28ef50e62c6d2d769cf90fb204f0b21dc07d77ef410baf599c45a4fda09e5ed470771eb303341ac28e0e3db
3cd8dd157dabeda1d58d89081b13720823d167c6e531d3035e2d3fc4bc0e2cf8a8668a1723232a1bd40f1e6ca0012ce49060a8d9621899ab1edb709620062606538bce12822772172484880c288727daaac9636c1483c01a706030de45a3fea629f300fc36dc730a4404d55589e67b287206684cf4097883
231eeef3518804b37c7a1ea101ab1b1cbb28495595da71eed6cae1ae65691f71eb4449cf2a239eb56281e86f6f3badfa650e1096c3c296ecc9fa831e22f5c143d7b48d906f166525e7dc380648a5aeb2a81b409389075dd021c8266ecd60ff1c62c02f690bcff6de3401d20f43d9fa14d0b897d0c62eac50
0574022d5b21d772cc5d0b2abb0d20314cb768aba72f422f0331236ce8b916f266cd57a7e7214e99bcc8bdc3cd18f87d90e84698720fbe02865f3f162bed71719e000fc17a73ae9dddb6480ede45c4373ce33115e05141dc5a8914fa075d174a4d03fd43256e7455653fd860896835519053a8f07bf3ea4d
34ffffe41ccfc691c0afffffb001103f4ffffe3ffefc001c0afffe0c00203d3ffff90c5bf0d0702bfffe6000500fd3ffffa8bfbea00702bffdf700103a7ffff21cd7e290e057fffed000901fa7ffff307f7dc00e057ffdfe00183e9ffffc841df7f03815fffe28003007e9ffffe4dfdf1003815ffdf38010
14c21b313bd04ad1da824f1f492c701a8754a958bac5039ee9def4964ae21e179e5b9dc10c922e424c7e1d75fa056f31ae5e738a023f5e94e7ec7ae8088ac9de06308c813d0de5316fa70728bd31330caa710360f17e3b41528a0c129f75e8780f91d4b7996305ffa73b395fa8c8632602b13ec0269d160d
1bbb847765f190c18d4058e7fe10b53fd613a9776f77533ba2b0e34e13fe3937c693c28d7bc014da27bf7bcccb3e38d42c12dcedb3f530189221c45b01cffdb1abaea9b1cefccf067ad84310428b02b9a8f9027587ab811f27840f6c6a93f8d6f9c0121ba9997584e31083f12305878473206eca51974242
23e0e054f11048f2c1b862f20354cb1b36034ef5149aa17eb28e6ab2407f0528b722ae0d49d0f4b69006385d61371c78fb2b85c661e70ed895b9b40104ce8723baf0d1e1c1dbc670b9528c2e3ab15e0e353331fc2860056600d724302bd4a6928640678817d632b7ce3247a00d3b1b8ce18f9aa6837db6e5
05bbacdcfdab65c30a745c7d280a8926e4c0643cf4b7f2fb408ea5ab61d6030ebd6539cf909317f6048d42d77000e87c9392185be117dff4399e62811acd19a8db8e2d91121e53c4483d283c6b38104d00a353d72f3f2120bdc028a65a7f59f182f34b6770ffaace022a7414e4c8b1ddd31e8a338b7b11b0
02ee7f0a000ffc42c32c2c171d42303709c14e046f91418ef721e463231129e7e4f1518dc2d2cfc3ed63a10835319c792d80ddc8b19f7c93ca2d9d4f3e3ac5cb7a2920332b031f209d14d6145b4fb31ba70341096227850cc4a4018ea117c15e7eb1be98901b8799522598eb9196e968320181bdde9862d3
2183858c3b8d02f048f12d0416f2a612d48e658acce79080f3ba30a1bef5055278fadd9e571073973f62e75dfd18b710d824b09bf04eb0dcb58d4a3f399ccab63aebec3061411900d44ff91194d721e58f99128e0524dbc1e6f13da82a433b568b6039b3a473e8e51d11ec5b7129f73541b8d77e613690f0
0563bfba4e83dd6130b8c381f5edbe21909d881cfa60e154f2deb9428e600e81284237bb073346c4187f277fbf2f7c6983cf4084118f1b94e6b3e6c40e942fb7e92528d1fa8cdc87d41a2f398c27184b337b90226f58fccc0be734ad091d5dbaf7b079785d369c2b5e28e08d427d6976d3b8b4ffb9dd2cf1
2f29168d150ac3f2449bde00f06ed624c972d943c833e1ef44abd20b737a38f67e2b9af3c9303bf34bfc785dea0f38400c30b9d6b3a4a9f63c8fd9772cfc9158268cbb821d57d5b68d8453130b29cb410a53a28efd511fb4971e1d04415d653466130dcddf586d07802258abff967339a2a2b735b32748c9
33f613a2e279f0f16c56f13d0fadaa2f6f55f583fb92d225d41007238b2118c7f11b8e8892a3ccd29f03468d7a13a47aeae8788583b3dfcecf90b03f187d31e20055f1228d6b542621fe1117a9b74ee99351b140a12eaa3c95ec21a547ddafb84f20c26f178f9cf18728cd890ccf9c73d33d09a1277cf675
0a94060ed6dcd570485543a19a97b90a68f5348d103563bd71dcdd5fb16c27940e75dc6f6f604c63f742cc717c2ef72784c1ad74309ee7953ddb83ac316e23f387524223b7387107d40286331eee23b12f93c2496f4049da20a5356ba10dd6b086e21251c3822b694914e43b9714b14f029995b22854ee98
053afa793e128063c329a1c9017ecb108edaa45a344df1c1d6562462a40e1130e8233fac4f8161cf03621544df05c7c0fb40baef030e10b60db264de1f86f9f1364e1be1da842d5b53156e138a0f7fb9ab90b18c2d77d265176d22413729991fc1a20d64b02964ecbf12780a9eddefbf11a013ad1e2c09fc
3532dd58c890737185a92eff9e66d22157cb1d32aaf9811a2fbb780bf3b8104561101a2683e3badf01ce2a48fb19070ec83f36a273d2128e037be8c63918a0620b1bb1527633c2812fd5172bb680e9945f62e0abb9464da4fa9d338c332192ac5a42fb4afa29b798171f9d06acb8ae3e51c2fcc918aa3960
3add1436dfd1a783336294ce3b83632aa8f28aef0e53d007a2a090feb1b32e54b00af7cfb590d229a9537966f43766754633952681af7d678e51252135f0de6507a60b939e296a58aae87f1fe9700725588a239e0cf71ff23e10092e6bb6bb0b0d2378bf30e0e90212182d2550e40b708375c2be2a60196a
1ce0c086cb371b73c282c918c9b85018a82ba086bb3722c4cd0cc0100de01542a343005b2662253f346f8d120b17359524682bca932f5f161ee2d0e50995e34fd6525451fb14d36435fa860191ed76c95bf52345e1d926399a7820b50550dc789f709864d968dca70421a577766987dbb15d1e926bcacd19
3a624abbdc9d605377e10897055ba438fe37d190805ad01ab8826d7aebe7168fb9572ffe660068fbfa64ad72882c84fe0e29ef9d9143675d00b727830ab70a2b9ce042527a401ea3f9439d097db14624c35c622e7417514496eb0f1f373475b724834cc29755c456dc30098937be66b6f2e92a0bc5a56829
3fe3f5001cc3ff100001c0adf001d03ffe3f501cde3f1000001c08f000283ff8fd401cd8ff1000007029f000803fff8fd41cdf8f1000000700b000103ff1fa801cd1ff100000e055f000f03fff1fa81cdf1f1000000e037000183ffc7ea01cdc7f1000003813f000483fffc7ea1cdfc7100000037f500010
21e9f624719a4b41584f3292fd53233e994b8cc08623a35739fa8fcfff4932bfde4cb582ae1132567207d141501751753a9e47e8b0dd18388a5e24373381d5b24e561f43e27f867dbfdc262ff67f9c2ba34b806c5d8c1c8833152e0e2cbabd839d50af17083fc765713d50d9c4471457f34b9e3187b5316c
291637ea8ecbd9523fe8184dcd9f901ac59b8fd57a54a0a9f1ea41945685096eff297275e0735296084455027b0d7657bca4965701b827b753baf5371c6656914d666b53d8faeafa07581b3691abcf15362843f6025dc6b6f61d0405899060b2b1505cf4d0005a09160b7c97e733796fb043db0e31c57a1e
210b809266ed5fe10fb7b857d96c531adc1bbbede9bba0bd87d80dc4ecc62d68c9b19ea9da5393e7c534dca45d184cd9c0a20cd8d110bcf981a4824d24d9c1c8841cac02781cc0ae2938a6302c51bcf66242d1751e95090247f616778bb7595c56d3323ef2cc7c0f291f55f855e2823410148e2943a83daf
39190e186658fa036ad045181edff8346b7d64e6560c502b70542eed6c99130c29b225c037e318fec7bae34cf3214ddb36194aa383452b4c8b48a64e3451347fe59728c1a003b3a251880e2d08c9d4cc286db1c35d6be2dbe4fd1cfe0251621cdea2fdd9318f7f96b43ab3a054c6f7d56053b748cafcc68c
265e71ff4649c560c0cc627f96fb321b20210539825883d567e27e59d09212e46586cd246ec30ae77a631035ef3af542af31789622281f22028c8d6101523ccee892e772ffc3ddec587199206f476036ceef30a183b4fb9b1f960b767ec7dcbd4123ad33d9cb0b93b904153a66e64676813f74d7e0e6aeb1
0bbe6c768ee44f330191f0c692b3ee308f09a564c36b72279482a69b0995394a901cd9d0d3a24c27fca734a89334f8c87256fb31e1436e63287f4f09154dba8862dd1702147b2b5ad49cb918114beba24446c0ce079d23cfcb4f12ba2e4bdb9af7a2fcaf0f9fc2c80c11c80e33406f269136e5f50f0bb389
3c745502c3138333cad60e06fe08270f8579069146799194d4067fa15a253442de9c4466e78119ce5006e418e43749a1b019e823d1acf6bd9c0558f02324a6996bc28bc0e15349cb35f21f037491b45d7b7773f744e091d6effe08ae00094ae638621181f6aa65f448293b56c9c26223726334749443b81f
26960d7528af58703110855454f30822e74618c0b629304e7d1a3cdb9c2734da2a6d44e2bfc1af0566ad03b0c139c81ba3fc559411c32b2bcb1d24303b883ccc09834e601f180aecd5e96d0cbd45e14bce78d22fa53d4f48a2041b28d9e200ddf6024f44e5b66122750f70ad927deecb415e371ccef9217c
003964a6d90b9261119c6123ffad610d404554f784e4c2105b5f2b95082513f4b8a4e8a2d793fe4aa9e8b68ddd289d3f95997f9681414efbb53023db12047a97ab9c5e1214f7205d6eaa6c0ae4e65ab95fc9215ce1ef8b1581bd26515227fa1a005261b6bd6c9a4e052f005b1468d4df40f20708706885df
3e04859640e122a36caf63b2db56820b670cda8a8fff71381d4340384fe63a6cb0a48048fac34a31034446007c20637f07fd9ac642bde34acf0a36f32447b4edebba204011c00ea775639b2c74ece3bfadde20b79b73e9748e2300dd1b06f4d73f90702106d6c8a6c02d1bcea945e8ded1f0dbc52ad38048
25d72d7f7fa3a97183bce7a4b18b3b260f2dc4751afc2379c0394510c08d2d7e0efea96059b21293ac8e95d1d600be5c7e467cde93a887ba01ee96c03689b3e9e8a3b1a3903efd84e127b73bca182b8f9215e3acdb6801294a0c02414303f7722b30ec27bb2e5af9ac3351fb1b767822e21e3bbfc4d30a8a
162ca08e854096d36179f356b184e9134a760934204b3386a0390eaac9bf0724d5ca26c2f7232b529ea63fec7504b99070a477a640f61645658524a733bc48b7c659a6735b466bf5a33fd215a5daceaae13f627786f165544f1a1d0d4fd2b40bab90d7eef9fd9102c81b63dc614f6affa1b3ce42ec57f2e5
180b921826482e008be5a89947769e29b2fd8c36199dd1758b3d25d7237612c0ff04a1e470928f4f79216bf220232c70c2a1f4ede2e71daf874ff746149062e7011a42d291563456e522f403298e067b75c531c0db57c92fb22f3eaf5fa143b4af80e4b6099e328ae12513a40f447b15530c83dc80574a1e
1f37e48f03d63863e92c41379ef2152a3cc5da1df25641d59d4dc3872c133593ab28a6bb53e2f847ed496025a0247ce71dfd6e72d0e9e17d6c32d4461ffdfb1857fe5313be55a07dc94abf3334e7b5d16f10e022fbb47dbab04b0f9e2db15a3561b214c147e529f47615e9da1f358636127505ac5e3512fc
31ff188800fcc0b03670d17977e087087d4d6fabdce2c181d5ec4374b47b0bc6b6daa9de80c36b1d92d30574cb29528a67da5316e01db5227759f9413f5f7dd3074f12e1f840d27dfda0573beec05d46637d91305a2b2b01322907f15196561256a22523631f78955635fce5ea2583a3332099e45d29c5e5
3fffffe411dfff13ffffffff6eb0113ffffffe5c2fff13fffffffdca0b113ffffff91a1fff13fffffffe1e2c113fffffffacb3ff13fffffffdb502d13ffffff2175fff13fffffffe8e58113fffffff3c87ff13fffffffdbc05913ffffffc9b7fff13fffffffde616113fffffffe4c9ff13fffffffdb18171
288d0c448cf0a771f45013acf4897c2a07f76b5c725fe255fb359c70498d3ce01eacbe44c08354a546014aa40f15d60676b22e122300f305809e6b3b33a721186ab69eb0a0930b96b8f77823cdc6f7c6f462915358173ecd99e10fc02897a3eaae239e6577fd3eca9a2c62962f87b5941348c4eb25a11a83
0d8e76087b352e13ee05a02afb251e16908d67ff3b64f2a23c256a240f2822802d4ee33f0742a167de22f096a909ed80a4d0efb2a1fa8e327ea90a1a3b4be162559981f30eef1bbfde8fb11b06a70f50992553c88961b266a7d9217f2fab4733cbe3c01c8b9a12f1b734242f8ad5e7a8719d2ccb7b07c740
1f27314c7fcc64e3046005384e72602e6ca5c0a03bce6114d4640b10ce7330ca7f7c73a89a12efa93d3655781b1485bf817929eb919f8e113607931d3f2fc18e43110cd047329e4cb5920f195ad0dbd133a043d61ab7449ba4e50c1d720186f4240140da592a71ee73332edc45a27e29d143b455ebd7d937
2be1668eb07f2ca1fcf7e1512c95192bb60b802b92be613cccaad1603cc119821124b6ed58f0c18883a012d71e32e9a7c7b27b1af3850967ed1987a2277064535a0ed9e1810ac8f8f26ab6364327375ea71b3243485fd25d26c001d669593cabe5d1591652e67942db281e4cb6b68ebc118f05002f3ab796
328e44a2b70fcc62a3fb0efa10c26e366b839713ed5781773a83cc33531214bd074a231b1e32e129a2f4fe60950df026fc0084b8c27bf83dea0a90901c113f98ba18e00167edcaa98c9f1820ba7cbc65598d32288f7659c6af353675d1f51a7ae9d0df7a3d807920e838f767e1d57d75c272352952017dd3
25f9df8f7815b1605a7b63985f2a1920db9fc7f10f2ed0fef4d9c3c2bf7507807281c494917278f63433c67492319f7f59a5749441adc2c3213c6f2610b9a72a7d59b6c2a55e4a9c95e6171c7121cea9d32b736f6a6a62e658a7360d70fafa4df7d16b02b08d0be8160b53f8018b4d6b437f24fea48ea6d7
3a2736b306cf2433cd9e840c1281811e5b2fa34bfe69b1d31fb0216890ed02eea02d95a5fff299d0bf8a8ed7183d687b312b3cff73ebed8a6ce7d89115a9f5017ef67471ef3ae3270d8bba1e255652b6e7c631c4ff2ec3c2495d2cb1e8170060a672dc97deb1a7d9be01bd7a6290aa7cd25fc2f5f6ba165e
05acf03d4c7b9412456df82a704e03061e5ebce268c4a2238ccf1b75a0f727a89ccfe576cb30357d6b8a86c86821346bef64811f021417a5d92599b50b89f225ca439f21904642e1c4f8b22fbda7bd83be34705836eeda7b05bb25155ac0808cadf009972615e5ee3e2c27a61771c197e2f7095eb5b890f0
17ebf6f424a6d5630bf50ac15293331d258ca9f4be1322dd9c87bdca40d703438bbc63b7722052c497ae914738105ada1c9ea1d0b23057d4d8ad26440a7b217ad605d5d3cbf0247ccbea032345d1f180e446402ce9390f7123f90242e00fcaf914d10a22055307f0380521114cc2c6bd324c3044f291e338
149afd7dbcc15ab2c4a528e1449d4d08f93f6ae942ecc00e3eb17934359c17dec7684e8c66b0182b43ebc044d2367b4694fb228460283d27638c1e9535174cd536ada2b0d073558359f2921be9090935a5dc10fb3e117c7e35eb1eafdcf75b2803f0ed5501723e934525cf716b0bf3d6a29557721f64c212
2f503c18db4b8bc33902eb26406f46357297da956bd452970419becf64473d9106f0fef94b801b0c41580b9d832d17d8c51843323319831d9841ec950ba52ad46e3e7b9379d43ccb2bb22e2736bc44400339310cc03d97a625b1248171b46520bee030f6ab569647e10311d6ea8aee96732c5fe27fdffad6
1a741480ddf0a060cec750c2545c0825c9dca04d64b5026299eb11db86961f4623c68d929de20efaf3ea14c5ca38ff732a732ce8f11a2b4ac797a53a3eed519f32bf4311e25158a43d43f31f5710cdb3b837711553983ea8fa4704f63375613353e26fd016a62a54c32c325c27443e6db3aad59a2ca4457b
11c8642cb0ca0df272b9237ef9e7d000b4c54c2e9c29c12272c190e6a1d336437e01e6d055b307d12f02244a14023b0d0d780a05e1b4ce6b2a1e52ff015fe46a0a6b549390a42f0d119a65050a1b5ba9e87de1715cd1eb448a011e46a9173b91de23ec85aa14983bf8150148f110e2f46265519263a4e9e0
02f2069d5bf159516deade72a8cc193f612f076c70c131a2e8e59865c1053ea72e7e272e2c51a3b84aa94735fd0e865f3f82195b906822e988b4f41f1bc3bfd73dfc9d708298e3f621d58d023c28248d905b918815d357a3deda14972f7dd9130f90fc0bddbbb901383e8deb145dc240e36bdd71b22d1d5f
1402840658e721a278b68edf9a168f3eb30f14542a0c026cd2503e1a56f92119307177ca427251aa3ecce9416f222f9db043484b41bd4ffdd47155331659978ffe4bb303ade8771b780a5b35cb8e4c7e5801c295751fde102a401aa8906c45903b1396d14c07ee0a1a2a531b8e555f8d31608ce7dced351c
0000000020e3f403fffffffdae01d10000000020fe3e83fffffffdae00290000000020f8fc83fffffffdae00810000000020ff8f03fffffffdae00110000000020f1f983fffffffdae00f10000000020ff1e83fffffffdae00190000000020fc7d83fffffffdae00490000000020ffc703fffffffdae0011
0fe0da296615fc63f16b9f52e9ab2a35195ef0453eaba1caa732e00876d43e9c837873460f30ec9b1d2cbb0add3554b7bc9b9c58f28a932eb713c5480890f78d7afc1362b6b7c25aa317261d72b374fbc9714078a8ac6814cbb22c7d5c70a81c6b212223df14c1182c0871c0f840aab7e1b3e4a999a24ee6
02d4845cbdf882936c535662c4da250be4cb446e02270242499433b916c1339acc55dfe3dd216667a28eb0346d2d732c5c494bdf2389395f0a798c14072626ed62af1ee1672a024d3c9ad735b8bba8a6cfd492e31630a1363a3324ea10c91532e0c2ac643b8ae20c793187f5f1eccba373ae61f2e3527e1b
2b1817bd2dd694507c8941e7e1c4d62b1b2001a908606180a31521d8fb2b326e155c5414eda0ee7ffb139df7190f726369423d9743c6417864c5d2d3390fe97e4eca6563b33ca62e2c3fa618902e187b39db110be7e2468f04e13b598e16b9e48af239ce79beb73d86040082e4648757b32d1aba71fb9cf7
14a50746511393139baf60be24138a1abc52b6203dd8f2fe54bcfc61b65715ccdd880a2e05c329a5959eb76c2225c1fb960e689453884aa15aceea3f1197a051efcbbb33f21c138128406928c4a66e8f131060ac27cc7f6878dd1d1b02bbc6731ed245152634a6fc6a27d764aaa1ec459216f49fa905732d
32eae33e3e208802cd1e6f06a525242e507d51d42eb0e2d6522133a8b28c302580a4b34fd170d330925f83a9c217fc6d82e6fb2cb0762ba34e84a6c8393c9858ecf1eb903c4eeabc0634762b0af89823f9e6f15dd1da01bbc7bf00410fc8aefe6971efe811429618371872f903e7a3f1e09dab6af606b2e7
215194cb54cf371199aba78e1ef9a00172f71b3857f7521c2f0b834d948f18394fc2f74feb439e8669d70d761121a0d7272e1137c1bc5a6f1da094ac3a13ea94d3b251d24ecdb8b733468009367d551794ef51dbaa737185ae0a172d7e3ef17024a0c1d742e3af37793e24858ad6cd6992a77d937c11ca19
286b0c7fc53a8521f94d47b5887f4632217f42211d07a35f750d76a06cf6251905e947b4a34279e839a8d3ac630aff22c65c1c4e40c1efdfddaec28822cf05a3558f7fa118c8e5be5479bc3509d6ed107d6d13d5d449647051f803ec310f50e00421aa1cefcea6e4d32499f924236982802915c32e477930
25a43318d6b55913206695c47db09331e5427d35bd3721e833256b5f54a31cb46e5d0c668993fbde4c4c79ea952cffe786b83935d3e84efb09ec2004205fa4a7dc234441716c67cf19794f0ee23726a6a21842b8e992ce3c080c2fb88927b4f867422243c83838eca2387a288c85bf56416c03c819974c35
303c0e20ac8d5eb168dd43d0049df52259ad9aaf4966705da2767ec5cb3422653798995ea542693530fbee05c1151ea2b4c6e3989332d9328a16467b3e8495451e7bdfa37fce5f6b5430bc0aebfbfb8559b093d5ed2b6f650e38222493fed01f11e21ecdcb77807c0603a85b5659516e7216daeb2e5a9f7a
3afd954b507392124f19c42ae94ac032a73455ac431c125ed35f9f0b36ec39992fe6cc1f999025140e9be3ace626cdfa9be1cc427026e74047cee9fb3de53ca8be1a70a3a5fd913a7ddc73390f68518bfd43509d600cf622bb8d2732b28f7010ae826d418d4821deae2092c2e0684343c31a5c5d2ea375a2
283bcd46742b4e006d284f682fb51a2ceae3a8cda41d5113bb0de102ad801dc736aa666f33c0890fdcd700c57b3d100262036beda37d4a96b62671442e8161a483aa5142158bbce7a6a116242b3cc375f506d28ea2f9644a61f909273a77f5fa5b505c77e5009160ff04b47c97500d4a53d262f248ba9066
28c5d50fee2972b0836f178f1d8c892e4bc573cda75c12b111a4b55b5def35e7c4d6bc8a3d001e95c6a36b38a2132c59586b5a0bc32e2db49e8a6a8820fd79e7fd854653e198b1e3838fe72efd2414397d2ac38d91819b0345330096e6526f0300037d322a78d93ff600507ce7340e37f1e44b6fa5a5b924
2a0f1abda5aedf10f8dbc2d915169a2c89bd0da91c82b38a54474d86cd221cfe97830a2d8461c820dd5fa0c32b3de8b05bbbe6adc32f210e8b58a1bf1c1a1685a45bc6833765c651b7e3680ad9f303b0602f02e5a0647579a94a36b459bcd74f3ac026e326750040f928ceca07b0908a63dad06eddd8edab
1076c9912edfbb2183fca8f6084b0738a2f2cac0c6ccf00401078d070a9a3f476865e08f1de00a7edb96d40716300eea92c7d43f91f37301f61901b81a951218d56f13a11d95461560975228441f97987679617fce643ee3111b11f291e6a59790b34b5fda0564fc791d912a01da514d02180a4f3a4a9bbd
3b561ced44e42bf280a706f6838ceb1b305d125e1b8440f302cf1482129d0242a2f1a06fe6a3fc841f3fd5c9792d70884daae91bb2bad6e0b7e647952e0c70b6f0c932519e94d9e5499e76120bbcbdd3fe7820bd261d57272afc2833085a9338bd72f0c35cc5d0ae15152f3c671eb02502db77ef1aa617ff
0000000020ffff03fffffffdae00110000000020ffff03fffffffdae00110000000020ffff03fffffffdae00110000000020ffff03fffffffdae00110000000020ffff03fffffffdae00110000000020ffff03fffffffdae00110000000020ffff03fffffffdae00110000000020ffff03fffffffdae0011
362e55194df99030000000000000000aec7e59a53b4e300000000000000017eaf5eca7786f00000000000000000000000000000000000000000000000ec6d5a6212c99900000000000000000000000000000000000000000000034aeded719ba038000000000000000000000000000000000000000000000
3611feb19baa91137872b587fdad36036fe30bf5c8e9f3b9dc34a396f0413edc37b526e142929f05cfacc7ed8a05e233dd9ab201f1f6ddaabd5b203003a87cc23bda3b838ce0fc30733c8b0ffc18e8ebf3a3833a8bff717fbf870da52877f12130c226d2601549b3b538819047851997e084c00d2021d3e3
20741d257eceb890c56e5fdf3134071c66d62765c738933e4db7cbb47c400a21e85a5f991db00b52fd6a633166077cc57ed3c1c6f2b6bd0b71abcc63359b4bff59106a81e1d91ea2fb71af02c81353d3f0f1120c25019974fe6c20c57ee666e53973c1aadea9b3b3ad3a53f9ec0dc6e030cc5cd5c54b571c
0b04b327f269c72293aa19ea61a39223d9803e399216b21e1ed6e170fe6917c4a62e07bd72b2e8fd0d797079c82d999eab70e38fb3483eb2f9533fe939ca2b403ccea4e3298c79acafa80e2f77ed990bbc94e1bed603ca4000712fdf57e9ac6d55e2b2ca323657f6c524416996b8b3529207578bb86d6fd2
04fc8ca782dc9de36a47e1a755b4550ceeb686eb0d8a80df56a66a97f73a04f2ef60fe458a32a1595c8da8d05b2e6b88e9cc3130336d8468ede7a0ab0afd580e4c329472ab2fb82e1a2426242a762517eae1a215f625373bb1532532c974c659f020a0d32e41745e1b1f5187426fcb271055c402c7122671
19fedd00b28588c06bd6dd7db6695f158290c86b5c36422771315870f34724b8fdbd9c2dac23f4c783ae81900f2a8b76d3ab2d3072d4bb125d6eb5613c2b7ea21085bd11f27dfa0488a1a3139019c2c3b3f5530b5f280630d46f281bef198ad34bb189901f937d74e805286104f81492c073ae80b67ce9c4
3983419dd8afba82526ee93d6c90ee053658ec28b29dd3e06f72997efcf417da2e1153b2fc1087c441eec2cf712932ab823ec2c173ff15b9336a06af1675d648ae89bff3346ea0c89e01b106254acf967770d0dd2cd0cb18113d3994fbc1b9cc56b3c8bc7cf8e7d0c11d19752326ad8440145105e12dd39b
1c6851e858447a20d75032d23ba3820a0fd0d209f8293255f9234e9bbae033cede80ce17f79135d0a9f3766f4921696219970fac92ca40531c2ecfbc0f2cedf6a4c19a90b98e92309f21a10caf18eb234dad7053da2bffeceae50e0dd401c6a2b222e2851be54613922ded5db38ba85103696e60fc83dab9
29d06cc8838adc0371e313e246ebe9066eecde079f22a1d31ce1ef4a16e92fea98e41115a9b2d8055b1ebb206c34110e1f6df29c323aa36198945b702329ee2a12e37fc2befedae88028690817847a20a47b21ebe047a55f9db43caa93002ea3fc92a4504d7e4adf991463036193e5d9e29717b8aeeefb5f
37afd543b0d128215a20f1bf5561ab13918eb0f77caa6204822d27550a823c88dc8f6b4c1850aaaba564c7590027906d8d263b2e52c67b842c501d6439a6bf6b849814332d90a26cf021dc0ecaaf2b6c94dee1083912660f6c8f04ec24b8bb09b81156aeee3c48fafd2cea38f4b12430e0b6008ae16ba4b9
192be89e9f991f936319588ce44d2c27db9b8596510fd100f8ef53ef1e68216aad6bbe652cb38bf0b5627d1f47371aaf882b1748904f2bf3f11c8583022b214e15b80f30145458009078e51aea56aa3f34ce102ccbd92d42eb3411b0a9b73ec3ecf2eded518f01c6962c04b41a885bc31079001781d6edd5
3c9dc64f41ff5a034877636cfea2a90389107c8a871fc345c4dbc21f3dd90bb47e1db2663511fa0cc70f94ca80076e2721b2033cd0b2e88b003ee2fe1c2470465b0825739b3611e0e88fb4390480bd40d01e5090575b2f0f85583e3f26b16f24e5e3edcc341524db512b08eff796dd890261361d417ef7d9
1cf3ac9fa0efa7828a21e25177b0340615411db3e46041761177f7f3a899345ac215207c84b07d12e98cd355500539c26a79c14e120ff71d6f0a3693383c114529115b933baece9d090f8b07a141fafbec63b2a4fb56b2de0e5b1228f6ab5bba1c01756098e59a2ad30ce980274963c5536423e6c1bf2057
085bc2d59cbafb502d007d55c6ce213b23b6e0e5ca2a0299111a9330df720e083d74c61e23f01dc876f8b2e0ee2c5e362b38af8ae1a744a0efcbe6bb09d645d6a2d026a255c19fde3f13d0263ee928f6f58e0025ef3836a3f5d33e4023349156f1838c17e67fbeae20110d6b79d814ace3dea5f616a82907
39284f70b2dd5cc129f0b20ecbcc892827d6e7853206724b20b32619e6a726a68615a614f5b2fb4b377e84ee3b31abca6761d92683a4ebdca299c11e130d76e43a872c0262ac66594300b43e3f3089963db842a3b95fa13418fa20e00c7ea302928384ca8e2a33a49e397b73c768cad6f36fcac29b8d22d4
0000000020ffff03fffffffdae00110000000020ffff03ffffffff7c000a0000000020ffff03fffffffeb6000d0000000020ffff02fffffffe32000f0000000020ffff03fffffffdae00110000000020ffff01fffffffeb6000d0000000020ffff03ffffffff3a000b0000000020ffff037ffffffdf00010
000000000000000000000000000000000000000000000000000000000000000000000000000000000000000000000000000000000000000000000000000000000000000000000000000000000000000000000000000000000000000000000000000000000000000000000000000000000000000000000000
0032998ed3c687128cf2493ea7e92335af936b828213c2f33daa85f0586a189804688f7ce2d25e9dadc9e9fa881641c4df1a32f6d2c7b345c46f26a4215e9cf88f426ab0bcd6092f55f7bd175d8699d4eb5980af3f9e44637910207ce21d788b0a33726ea56f338722195789c652617c70e319651c8f048b
20c84f23a87e1a11badf30fba862a73d849a58dd4a53f01930152131c1c93a659daf62314b636b4986882f502f01c163ca8d409a53a213177deb005c3eec4bdc4eae22b2adf81e9bfad95b2a09cf9b13579742529df7196ec6ae2e3e053889a0cc50c9e6a57169a2f51c15354c39e0164388189da0e2a4aa
05340093ecdbefd26552a5b4f3b9130008ce3c70960962b1a5f5e65206e41069ea341cca32e2e195605e4bfdc613998b0465c31e21f1c1a8668274fd021d805174657772cba2ee4e385a21300b0ab6133dfa62bbefebf4a585e212085b656c37b521044d61b499d36132c2768a6677f4c14e248113fd98b1
3b725c0bea1f9423d2e04e866077c33da93eef73086453158f6aab24a55e18a1ea9a21df5650a1ed2abd5b076e1982c8249293dd921e0bcd70d55d2c0f2330fd75b7c8917f6419413c329000eb3c4467506a90038ac268745f292f0567fe226e9ee3d65ff7028e767e0a381cc6e323ecd1b938446758e532
385658b38696ba70ac147b7a9ae28712ac2982e0a487c2f8a291e21e79082791987eb8cbe45271c377f3b7ebd60d31feca3ae8fd53613211b0cce7a834427e09a0518362c021d2f3bd91ec21425e07fa1c83f07fe4a0ce7148302d44412f9bd189f1b902cb1eb608cd36e645823b3a3642053e2433b0d5d6
1f5ef5f364454fd10752b40e7d72af3c21dc9077ab0261a178d85a484f8d178b9f84ba88ac9299a081f95779bb1ee0481427c40ef28b03b1d3e3d99930ee92030fafcb70e13bbe29b230d93cb6f331defd5953972f296757a1bc00369fc41bb618f172330c40379fd235d8332e0b9fbd23553afb59437661
1e91feb70d602d837090ffedaa1e811948a5bc3c02ad1066c618094df84f0d54dafd0d7abd105521b0423baa8225319c004410ece0ba18d8cc30df8c106fcee26b5cb652728aa2cc026c323840e5d53265ae42142f19173dd3920022851644ca39d28547670d7da9c61564bc662893a8e2cd6d8e919fb29e
241963186f75b49097c3debb8cd92a0346d99268d5d1e3c766a09df00b1c3f79b3844f8e81019b1545e0713ce138f25c4cb1f8b2e3b459e5756a29242e1a4fce3f9fb4105554872d1e897439d0d760a0cf7c037b54f4e97ae80f0b216ee7cfeb50c1e54b02e3b8befd388fabe8ebb241203258ca775dbb45
15652746e7a90d43159a2c08620dcf2d6ced7ff613702071417e5a1ea2bf005dad6e622b75d16290f2d4c0bc503df6ec4f73e945202050e29c7b4a63233d6076a43bdf72cebb09852b409b3dc4f799878834b3cbfcd0e734cf3d3ad67310c3d926f341dda6af0217171d11a51278b2a5f0592aea232be039
2ed79d0dd61e2d1343f2562ce2c6192bdae66f2953b743556ee27835bc0105bb7857757b94c3085efadc93ead92a5a06276dd9cea03cca246c6e930e1222359af06b62b152e804bbd253a120df4ac759db4471aafc0d6012682205f42d8d36ca0ed110f450902d7db1034223e05690c1e20f8711009b6832
1714eb76ad0d59d0337b7bb86a946a391889c9436598004bfa0f86f237113d430b17255289419090307f4711d50f0c6a8d9dc8a391a356b30cafe73618c20d776b8fbaf0ee1e5d4ba06e04060393efd2211c0002221498a00b230491cac8462e0cc104e7d721d718e4308d032e6b22aeb129ade7434311f3
330a9fd965f1c1629075feb52e0a9e2c8c5b74a54794137436ce21ccd5fc3c031d3f9f16a17291795f8a875246055be1e90dff4a239109371b6f56091880237af94a6e621c1afd71d5ebd723934ef0912d9602c3665dfe255063378113512ed9aad2f0f14a75770e1e2ecf27c696b74212f2714b96f581b9
2a43e038269f5c723fe7dd0e63711b12518f71161da263d99274ed803d2e2a718074076b0791d6e1271c37637a0a790fa3d2327aa04d2656acb6a9e00ae4143f9d5e1093cde9220532ec983e0fbf03934c2fe189a1cef2f027df2b25e4865573cf10357b84f724c8201d7bdfb7d5fb91f2fb71d23df429d2
3c8750d0c3f1c56093c4ddad0401210bf8b17ee1ab12920f8f5c6f556d80050826b80bbc6fb04b30e0b04a1bda3ac29372e5d38df3c731f3754fd24031961f2f5b311240a296fe1808ee183acbc56b86d8b99261460a87fecf8d2d49bdbf06bf05f2f18a76b470edd6058147cbc75f807294380aaa5986cb
240000001cdfff11c1bffffdf000103e3fffffffffff801c1bffffbe0009390000000c5fff50706ffffef8000c0f90000018bfff230706fffe32000f320000001cdfff10e0dffffdf000101f200000107fff420e0dfffeb6000d3c800000041fff703837ffff7c000a07c800001cdfff1383837ffdf00010
000000000000000000000000000000000000000000000000000000000000000000000000000000000000000000000000000000000000000000000000000000000000000000000000000000000000000000000000000000000000000000000000000000000000000000000000000000000000000000000000
146bc524ab574fc35713b750b886562978fddf177565518fd719b5c4577f2cf5c522abf8b313539f2722260c6000ee48ead41e91239166d6974e839d11e382416adbd842787d1c39c3c56c03e2b8b3476d94d2a257ad5a0c22062c2e1bc594a72b3031e25c3f645d0538ab7f65e1f385614bbc9829a4cffc
34680525a7284fd01a1c56f46f37a61a72c77cec8de093039ef0c89d2be02ad24da813b484a19a76dd6e56604e2477410011cd6c929bfa3b4152b6e9243be3d7ebe56421d636dff6e63e841a34ce8dc331f3e3fefeab2e76538d0fec2d37a86d9361e4e8171871fee8346651e6cfc793b1c3fcfe699d0d44
0899f34da5ca3161889842361f0b5b0a820ea03a0b3ca1ac42c77087fb2914a1d9c6a32d13214d9f8c54454fb83d45abeea28fac0280f2ddda8c762922c48d7cd5b0ac235ef34a7e467e610805f3c7e1165c438d5ca32d09d3e01faa12c52b76e6f0ff978967ac014b3fc376526bd6488397cc601b2c3447
304e47df57c94213f63e2534473f4f0b9786ec1bde1b41d33c3f81a9b91e1c1b6f9d310828634baedb2ab24db01692937c077bd9029c8559a67918f429ee4f142af492d2b01ee5dc3845ea304ecaae2c3014f0a78e8fce0dec2d34f1dc5df071e00386ff4ca73e6ca70f8f3685a569c8c148b965e48c18f8
314dda7fe969d820a6003ff15374300e496aee074151618065a526c6f4ea0b0d5d0c1c8f36c3a253d409ce4b322b3dc34b79347ae2514f4b9ab59e75163ae8626d4f6f2082be82f012a2673f8496dfc11c2df1598c028e5e4ef931863317cfed3c8180ad6ab0e38b2f3d91ffe97270c42000146a37422704
0a5207e02aecc7a0d2a6147208ce35160eb3e176f8e2014546f5c32764fe0a2e1db6bddb5610e76df6de519dcc2d5d6a2757af02b05fa5e68fcb48db237a4fbbdd7fdbf0bf45690a1da9dc2162fa8016955e1114c264d022377a2aea1add10781681942f574d805e9f29e50f52bd94f8625e04f4857bf792
23228d3ad4b43c43cc1980e61d05d01ea3c989902036512aa23207aa2c1e3ff9bd339e3fb0225100c5b5852a391d15ee03a96e8900cd63e4acdfbf3e007a4699d5a9844112fce3cfba981c1a3ef69ee9addb31749a51842ebf0b2072af3bd31b9fa281b0e6597a4e1d3917e6d2ef1e7862aaa307ee75129d
1595d381a09d6f602ba863fe68164e2cb049eead3f33e3ec8aeef9489c862684ae95bd697c7186e38c87ae04b12a8c623001a2a5f2525c85f4efacb62165d1b2a22db713e4467afb9af8f315f67615d47dd280183b737b1385ef267177749d70244124f9107e62217a29b53f84809299d0647c1c93dadb32
339b994972b233d3117e7c623eba121b710787065e64c33f8065741274ea33e17a485c2c0723c23bd2be1314252d8ab3d8a33fb4c0966cd91ef4afd12d58425093f813e28b1398b20a166d3c688a386f2bac82815fa0c78a7ffd09b95daf20ea2c53b45190bf476638368c41efca6d97a3c3bc964bda30b2
3ec22eebc3ad2532de61eaeb0e0bd908da99c7f60fd75244be3bc4463f7d2d286d495cf1e2f079aa71d2fa1dc51fad22e565f72623670c13608f0932161606a018ad4161aeeaf2355b4ebf0eb189a369ff7bc1efb852694c090b134c52b6f64d7a63c269a1feff18bd2a1fdd4d5f823962a51d4aaeb4885f
22e4588d2020e2b3624b5a666f4cf71421945f5550dda2ad7eca9c0340123ef8240157f9cd516427bfd5e817433634c03c8dafc0407c4165dc22e226112612d2ecdf7573e80cd75f667c9412af67fff67f06f1c71f0826f522183385743699ac5b5237bc2014b997e10bcc70cc30edde20980a9d349653d4
3914cd001300e853aaabeb8593eec10a8d468b15097551ea8cebd0ceb1cb2eb2f1d97cd6f263269cefb80f5eb40b2b8ba56c3e71e312b1e61627f23b2ef301b972f667226e02e72abc1a8b1ad15da94a1a1433d5f1ce8bb10dd01edaa9ed8410836243c21c7c1af5ea20874984d969f683cd2e91dbc63cc1
341794bcaad2bcb25fa90ffe6cba251b69303288df53617772f331d8c4813074e098e5c71f01994b9f63246c4d02886648a32b23d33aa84a4376c5d73245856fe5993681dad4b138ec2cba33d8e0fc2cb6d3a29a0170d5e1bebc03095a5ad411a802912cf5e87d738b21907788d5ac1e61757a098ec6b350
1dde820450923ff0de7ac7d326a0cd0cd71b547e30a35196f1ea2eea22d9386fc527ed3903b098e50c4f9da59611d12157970e1511273260db737f412413e9db0f6724b26060e505f9766a06a4bcc7b4aa037337875af7d7f1c81cce638172725dc285a785de9ff1082bc1c4558e72bfb057db98b7323585
23e3e4001cdfff11c1c1c1bdf000103e3e3e3fffffff801c1c1c19f0001038f8f9000c5fff507070706df000100f8f8f9018bfff2007070704f0001031f1f2001cdfff10e0e0e0ddf000101f1f1f20107fff400e0e0e0bf000103c7c7c80041fff7038383835f0001007c7c7c81cdfff1003838381700010
000000000000000000000000000000000000000000000000000000000000000000000000000000000000000000000000000000000000000000000000000000000000000000000000000000000000000000000000000000000000000000000000000000000000000000000000000000000000000000000000
271d8eec6fd8e4334fa256a72848a80efa85ce69029fa3939ebcffc3e6b72dba3b69a76a9070b5531b5f25dfa419f0675ca5c9a783a4e9ac1cc369f008327d60a11f3d31eb7ddc47e377311cf68635b288de40e0a3df4bdaa23603cedb61fe318843312527607150ca25a098204956f240780723714ee965
087ac5ec0caee910beea4c97e4860d1e2c619d1fbe83c20641675fa6337a0356abf5ea4f0800db42ab1a3e393e3762be6f91a1e0d0a9877de4de4984123654d3f04ae4c2efe74b80e0f3871d329b8bc55eea21c890a0c12a5f271893aa7200c9b09243a53e2beaf59730ac86c7dc635e53f08c81ac574e70
3ea7beea382f6271c98c67511c4a8c318bde32ef274342a46ac29193b68a3bbcb09a211398f10f6fe778ddee783244d3446a7dc7129902b8d05889c732e1a798264f938120c6ec0a85cad239e0bf2291c9d8b3678439f1167fe42a8c3689de9d1110caa3601ad9bcb738410b7db9dcf423c25a0779ec6c38
09ea51266329fea0b769b80c7d4310249655253ae51822d83900bf78cb49137461d2bc6802b15809094d92ba982da68d88482a3f93c3c85cfc9566bf3cc3e6fa51c89c73b6061eee78a02d1f4c4f6f17ffe622036dd6daa054180464a8f5ab645ca167e0ba87560f90293f9b737598c4d3ccf63c2066b75a
024e5660d2756e03dc12bbc61060b112d3cd3077a28ce115bd8c402d69ac0925ad76c3e376e31a426e0aed4ea51f70d9caabec36b3d6a871b2b8e1272b47e07ac7157581cb2f588816fda61a7ed98387c73a81eed036061026a411845a25eb216ed3f7406d2e9f217e1a16e552d0550921992400e3917c57
0adc348e92cfc7b02ded205e0dec000a9675da6668cfe3637b5bde9fae472acc9681ae8c1bd1789b60a65a998f386d8ccbdfd952022b8cb8b81f18bf30c7734ad29fcce1837a28e406c74f1702ec0c9b440c413f7cb7b8b68478169a9c2bcd750c40c7244a46f9ce862584fa50e7254db224993fe7222530
0b3ca87687001a60076d4fb78c4efd0cd22749e8643d83f8dbcca564925f08d6bd59aa2b45f101e89427ce05d11d92960482bec6637d34207ef904aa1de709756eb0e622fe3796a87bb00c05517be12e0f04d2766af710e7ea5b0b19fe245f2153415dd612adf862660756be66c742c421f30551194565ff
33910121afd4955171b010516466f43f04b5d505c74be371a178a28c399527c54ce933750083053f9572e9f5981fd56a8e85d802d1bd2cb015552d6f1718627758aa0ab157612f904232540a9e2b45b2a3f8e0b8536d27ff434036c674eea202d113e93b31ed52f82f122b12be27cbe2a288f0e1e79c7569
3125edfe9f88c761554bb4cfde424d33b71cf9c1b5ebf10460e3b2ec6f9907dba6d5b3174e2074c06a09e3919a30a9afa485cabf023e0eeffd51f71b3dd65f76e2fc39b2c821dd9f4bfd973d26c54585bcd4c28e49adc0b4d4991946f789a794d433ce744dc3171a5f2290fcd7ced5bf219633076ea281e4
1e12c53d4da1a4c05c68843d4bcfb322fdbb37f0ff75b12b55fc4a691daf3a1c8e240598bcc0ba21ace90cf19e04fb45175bdf9630752224b2f7be04340b0671ba66ed521fa60af9d3baef377df12c0e1b1000dbbf9e5b55b3a7356e33d3c4c52853ea433c104569ce17b5966323a68120475a200f895f24
23c7fefce0a4edb3cf3594981299b311b1de911f408d10cc9cba43e4a7282ed4c60e487c5073c78217cce27e891949e94aeb580c7090ae08877d2d603be58068b4620a900919602f6d8a490f59033885614550e119df085c2a321b6bfa7ca4e405e23ec9574ef11331360b3953bb5c85f39f4140e3cef1c1
397555945019b331631b709a3a0f13323af18ddd62e831c360d50aee41cc0ba61fd39682f2307b4bb31c567d242acbe6bf6b9101329f73908a97d1dd0766bd891c3e9710cef23e95a935c6398d8d57601c1561f8995ec610c8a1328f890f42967461e3d6e2b5d1c8ba03e098f3137295a2aec011c181d627
338ebc56f71910901a92951a03d467360b9b77ca7301602779cc6b28734923ce0b0d0ba0c9736a10e166b56bd21695497c50502651814fdba836ccc33259ee8cb1cb3982d82e6fdd6059612ed224c3129b88310d7bf2e4459d0b229ac6b42c776411909a0196457cf70d125446088aa9526db146d38cb4bf
09f35716056dd101d329982fd927de30267cf029509df22e087c5ef83d561a5e1e20fda8b6806329bd9b305e34318fec4ddf9a6c6255806751ecc66f26cf45637bad83a031f0f0f45d386e2edb8e4c1ddd9d0306e178afcbbc4f218847d5045f41b2b08ba233967a39188c855f945475818278fd516ba042
3fe3e3e400dfff100001c1bea9c0143ffe3e3e5b1fff1100001c19881c123ff8f8f915dfff100000706ea2700f3fff8f8fac6fff1240000704b507113ff1f1f20edfff100000e0dd44e0163fff1f1f3bffff1080000e0bbc0e113ffc7c7c995fff12000038352038143fffc7c7e4a7ff1320000381318391
000000000000000000000000000000000000000000000000000000000000000000000000000000000000000000000000000000000000000000000000000000000000000000000000000000000000000000000000000000000000000000000000000000000000000000000000000000000000000000000000
0c39cff0a8a04e1314a7b97b8bfa85197f7e1dcada064093167c71ce35fd1971a7b8a6df9c21c6d7680dcae3382bc44fc6c1899f901fc364c5012d1529cf03ac8efbc750e6b09e68c5408c122473764bbbc9117d8b394fffefc93e838b85efac18329d2fb8399b72270f29185872615e6215db42a192a7b6
11d172c8710416f1ba50098075cdf411dce2244e5709809ce700b4ef173d3fd8a294dedd94c366a701ea5cfbcf332ef29cf0bb69d0b5c98e45daea3a020e69465ad0c9c1e730c173543b460ee36f3252e739f2d908f445b99dfd32fefc3b95b40c825860c489e6812b3267ae6c7bb5abb12b0fdc722c3a5f
0b9527af86e40ed11bc46bf18432950762dd9eda25866206ce87866b4b54110768d6ffd073218a1d4b9ef5ae4a331c2e72463c56d3bfc3b61569ee662c5cc6ac70d6d9917f14f90e13233606f7949e970d26438e9db796f18e013389a1767aa266f314b1ad24747d672bbb25ae5ca1c9202998b4eb089b19
0b46b09498e8dba3e45a11c6682d1134bffa8d56c131629667206f91443a2971d0b4b4ca99c1a45670211bb15501f8ff6b882ba1d25bde70f0ae34e923b76b13429739a27fd6c0023221c80903a33e71e589412232a0701cba271bccf77bd3c05852ffa838c27231c51f0261f392fbd7d0cf0c351723fe73
162a8d09cb49ab7293f56ffb24a65138e7b6eaffd59990710692d144e56c305edcd65f0e815180cf43c9558edb14d46b9f32d8d83353e3055fd3a95a25721a23c4e905a110d04497ca28f70ad1548cf9f7c2b3fc8f1d1ff388a92ecc638e5b137cb38b67aa40c5186723af6606bf49e230ab329e5893d6c2
29b04b808f0f1c51340b130360b0a52015b0b4e0ef1670ff202127c98840047a09f511ab91a2541ce921eefe8535a8271c86971cb3d7e22620f72bd43c316d8ae5aaa3613c7a64cb28894d236b786c7d83c7b386c254288603f03ecbf7cfdd59b87292e3504548458d0de066a8038701c3d7ed8b0efe9dd5
1e6ca795ae5582a0cb0d08d75ed9ff2a5930287897fd6126f9c8baa84d272e686e84260ff24002c745d5e11d72072ea414816bad8205459f9ec5a4300224661984d92823bd93e78ef4907c06026b9ff7430d229597f1179e9fec01050ce960ea9d613dde55f81781f739b18e5fd48bf4b000d15dd3f30d53
339ddbbdcaf03be0282741e976851e2919639a3941dad331bac43efe0e1031ede1de0a611451fb3480100fbfbb07aab4743268a671b0bf2193cee8b027623e7420e45f624963f1020ab12603ae181c2c36f9f3aec725c1dcf5ec2795c113d94eaa93f2dad0892c7be73c7dd1477883ace0d9f1c6df7795f6
080fa2b0bd0bd381efc2830253dee209464a1efce8ac71a51d64ba53ad8707191f5c954ef7218949f1ef1d3f022350ca9bed57e27397c22025ebacf8364e64b73bb650421f3c13795fbfe335673212a0fca522e77b4f1fb4d3f90019315d9932ae03ee3653e2ac16880369284250975670a88bcf23b70630
25140527099ce9f23ded411d1fd736202e09810b5395c165379fbc47c0e718c8e90f663ff4928d18652de5212c3340b8bbd7e73a52ebe08ab32b718b0d0aa88e50c3745149d5ba1b2b5d9026b9d272a8b572b26f48ea06f221bd08cafd90c427d8a3169bdcf4729ae72deb9ac2180f0c2071a9fe0a2109b2
026492af3fecd91136c54033064d30314581b71671afc3c2628fa8e57e8503e83533432331b07170631db3dc88110e3f29cd711570fb0631f97cc73511c7c0a70e4f19f105acf77950bee20f7abcd3fdc047118956a4d00af70a396f44473b9873a28315a5d2d55de80597f0d5b2279f42fd17fefaf0c05f
31b7f0b45e3c7c231766dd2eecb9023804077e2b8619511670662ffd08ba2c293f5a641c09739c050e8d79dbe915497da2af813771abd47f9225778518f93769cb903560334fb031b18260272ff479550895a3ef176ad642721e3e40f4d6ce49a253b8b29baf698d040f38e57c67100f31471b8ecbc43486
27f2b31b02eb8b62e0fb3d867062142b7201ff86cc2dd202521dba166a0b22eb0deba16de1d0b42ca7391476e33678701626ea6bd22e1d23a6265ad60232b9efca78b37320da6d957f63c329fcdf677be1ecf379ee2d9129ddd733ad6d9a3fe3e0a05e6628f813ca0b1b8f32ad62c51e13c99c4580fcf521
2a18c22c73d64503413856bb8afbda32f2be03e4610a5354de46110b7f0923d4fa96989f3a33407043d7fda8912637e92a33a38f800432b3441acfb81e5c7c8b16568c834f0f4addda3eb3145c526f335efc81d31993c823993a1e73e8762f3e1af3be5181748ade423af621cba188bd93862fb1fe693009
06ffffe404e3e303ff8fffff6fc1d1006ffffe5f3e3d83fff8fffdca1c2901bffff919f8f803ffe3fffe1e7081001bffffb08f8f03fffe3ffdb50711037ffff212f1f103ffc7fffe8ee0f10037ffff401f1e83fffc7ffdbc0e1900dffffc9d7c7b83fff1fffde63849000dffffe8c7c703ffff1ffdb18391
000000000000000000000000000000000000000000000000000000000000000000000000000000000000000000000000000000000000000000000000000000000000000000000000000000000000000000000000000000000000000000000000000000000000000000000000000000000000000000000000
2ceaeeeb7b3c5571888a2638d3ec90233afcaf49d904028042326c6108a9311b5624fba8a4a0b12375fd3cacf030715a7db0c384f260f82b18fd38a404e8a2eade69ecb1d9ac3e564b7bd315d6276745040143e26223a059a9441661888b49ef0b51db2aa2d3a46b9a20420bb9906d3042cef7ae65fe107f
0318874e97c5d5e1572727d90784b4097330829249e9d04eab71a213ee452738d37601f78db3a0c5a4d621c5c925b6877970090a63fe5d21379b4fd42949f7a14a45e252c0d4a4e7d8b39a3a60d808a7e8ad431ae2cf5977058a2d8e40523d172751b9d56a60ccc3f322aa226313a213d386c448b1e42c69
13878dc5870576a166cf4ea4b8d512115d35644453343201db443d1a4ee91ef0df7a0a4c710305b7b5f4e6133e2e21ee0b6889e4602e6fa794c5eab100da09e0d9630a511c3011b628fc2d1959fa8976ce03036d331a4fde4b750d7ef7bd844c15915eeb2b9d9ab2ab13ceae45142cc291ad58e83264441d
3ba579d42fdf6a71f26284703da0b621ce12f94893d3c09b216bcf9056e317fa270b3a257f32468ebdbb02320e0bae7938065aa8c16814295094828e20247056911e37832413f3b85e19652efece24097f22c1e90f1db552736203da623f23262b0064e4b2087eb8ca3e72025fee728ba0843886f2eeec30
1ac5e3ff2744d4c1233d6ee876755f0411751eeb9466425b54ac3087095f3bd5177c46b7ff71b733f48248315b2aee1d0e77647f70ae9357e7da578c00293418cfb3d793fbbb97bab0db9b3e4aef3ce04e9952d104cd60ff74ac21ce7d553a5981e235efa3162eeae421a3a01c1d881901a9243f62304148
1c67209df14e65e2e9109b4273b5c8338935bdebc9c4910955ec5f9e4e5c3556e4923c96fa2171c6b9c9fedca61bde6ed833348290c377082694741e0fa16e0f08dd7042bc4ea869ae5dc73482cf91b53fe1a3fac0ef4c8ae564359b1c95bb302f706facd6cdd1c3d9010680fea87bfd12859e470f77e7bc
064d367d278e33512f98c9bc6981e3355835aa1fd95ae38c8ad84fc43d023f14825e134d0ca1db1ec164fcf1ea20c897a2fe699453a9f5e048ece5221a886040fdc4f8514e65ab1ec666b72d1d6eca30857ea21eb26189b5a705080ee6f7512890d28e0075a8364ed907f28c2b62deb0c295aa7d8a7d03e2
2175ab3bba89b1b3dfec3823776a8b31725358010b366270ca28e2912ebd07a490997242c8517165d7588f834a0233e8a840c35351501ef55d43e174136475892466b401ec31e32a84a4663558fd901d4dd3f3368b6ccd1f2caf391e7b51c01fff33ae4cd91c13046837f70588fa5eb01238bd94c731edea
25da9d33e58b89c00fac84997d800606b7035719befc02e63faba28f6108393d33a23d07c780410084971f104f11d06084512e1412c4411b630ba934223cab6341c66802488d8a482f98e727015af18eb9a391336f67857c54432077c6d60cee1760011d037cb49936281ecdee80a91322df4ea37892e09e
2052c3652d704ef3892166b212cf813c7cc61ca492a72232f330f7985fa4010da4b09efff2510a292728b222273c0990ad0e8990d2bcf7c8aa273120082d9a0a50f2d1a294ccc14ef0038619f178663a196cd0b7595f1be1be5323da69d624fc7ab3a75a0a0fb585161bf7516a348602b233be33f6627784
3aaf1d41f2cdd6713db3433477909f1593ac722dceed638a795e2088d22119588a6bd5995262b083e7bf49b48027c1172cd5be61a02ee446d120e6600995fedb089de643ad26e13ad4824d096488ac5789d4e1162d80a28a1cbe3c4e840f09a41e50e678df74ecaa71050585d053a631e260dacdf7f98005
34456149b9904230447c83be2604b4094b77b7dc3135c03d3c72674bbf241a4b441c0c6cc423ed31eb063a170113507f93c1961333324848ad67044c2d4323ee48e34fd1c56910676577433180e1b6a99ef7b1abdb1f81cfb79b02cd8155c188b6d3da46b69ecfb5313c7c6239b58a14b34a0dce542026ad
3a46f9d9ffdf4f109714ce524d4511303357e616736871ba09df891ec6d813f2d6e581527091d67cf309eb6b1d17f6fb0b820479d3eb6fbb44ce9d120526155fe88595d2b0806659fff02f30ac80870839b610b6f5376050e0623d8ea64da48f5ea19ad0a7113d96102e32b0f640ec2522be7248447af675
33708a58c407ab6097c6d030a33b621cc9cb0c973fb8415c2371df7053d02dad36938969059271d0dc83eecabf19d113867bae2d23348910bf7ceb263fef9466154cc862646245fe6b99103341252984dd2e525423ed0978dbdb1ae9c76880a28b403cee14e69dffb9107ea1520be7e122b873feb405e684
0000070020e3e303ffffff8dae01d10000007020fe3d83fffffff6ae0029000001c020f8f803ffffffe1ae00810000001c20ff8f03fffffffbee00110000038020f1f103ffffffc5ae00f10000003820ff1e83fffffffa2e0019000000e020fc7b83ffffffefae00490000000e20ffc703fffffffcce0011
000000000000000000000000000000000000000000000000000000000000000000000000000000000000000000000000000000000000000000000000000000000000000000000000000000000000000000000000000000000000000000000000000000000000000000000000000000000000000000000000
3d640c28743c5f926aa7252a5a491231cb604d87e99e411f9f721a3de41116b32a60fcc96be163b9eca451821a3b905d316c6ac3d0c14a239da6adef36d5c92e0fe94711b66300b431b7891539ceeb988b3f700c8d958bd8d270221230732a41a110558f0ca4035da60a07b3b89cb38221075537d1d7a018
312ebb8fcccb05b31dc8b30dfefe3a2e25a94ee1fa5a61dcb21a4e8444d8284cb3bfe7bd5bb19eeda58683b1df16ec80eda339edf2fb8b2a1d22f809057cfa689656984009acb0cdafdb7922f2f218f23e41a3c6f81890dab98a3c1b0373c6210092af071ae91d3c1316e3d403b7a1e1312a8b2de644adab
39e60cbc3d1c67637631eaa41ca49a2a16e2c071421b62db6ec1831e0cd2142f079a60bec2520b17b73b421a7107f141ddd50a48a3ae8f458d43cc6c0dce528c3cec0b63c5c9cb29ec8da722230667156943b110869fd83b6211335a30de910add702f5975e2b9f21e06e5217b9183bd71af0ff2b9ea5149
2ecd5b9c0df19632c291085a98d526068d2faa78f721c189e123f429782702e70c2f9080aac18d36bfb87e57ef08277b8e8cecb2f210a4d57019938319a052d23c10918186e7305bb434ea1737c96f9d71c0b2ba5b1ace43c77a3b44a696a165d5d3e70d9f6af65ac224437d3002525c0399d8a870ab54c5
10da77c64f6650824201d774ecf92524a8e64c4f95ce72ad00f45e9156df27b0a1b833f41a321186260f56edad0dd5c6e59fe744e2420882d50417c90e76a3883fccea52b5b2ba629fa4f91b1113a4ea3aeb72ad845da2d417160e86261d042a3912ca436bfb4bc7441dec85f535573fa3cab4c9e3a34919
27e15b746f0432134b0d506e93e31b313586d62b3906530fd2b052148abc11ef24f2ba395c000df8142a88406c2c9a7e20d8b0f6a3d78dd7561ef3762a9f655c45af68c3786d8136c9845611f28f0e84e8fdc0e1c8f0a83804bb076fd55fdaa9f1535775706ef5f757172ba0973f5a8b313a01e23f221824
114efbd4250599e2f1297c5bf11f882577534cd40a4fc303e48b93b42d903c238ba8ca1842d3f75df6b71f9c7f2a9e2c95f0ed1310782c201b2dd1341277cf4b6412c7b2b4d6c1afacec9537bcadb8b0712f20bbd5b5a5f79c2917b75d51e9deb430606087b5cd7e120cca4e36194dd1a0103776c1ad140d
0a3038aba1ee63b2260f2dd79bb8202285862a05d5a1825e17e6e50397a83d23c7bfc77c0010e35e74e23e0abf0d32906b8f76a2022bc8d9c9b0c25c129c80aed5fa4f8037327e2120151915a63b0a608fac41293921f6b6805e0fd5aea3350d26807ea92cfad0c5071665c01b3eb7b1b02258bd13dfe437
069e0b888eae5d63a6fb9139b485ad316c037910903d30a95597c11bf0032bd76d637a32eb70f7d1df3084b4e5167d8e21793ef8a2c2761d50c9e676022ca14bf37d6552db681ea92a56dd3e96aca7f1e222818b29be01a209830ed4479f945addd2438f5900ea3f4619e16641924d3833a1a5ffb4ecfe8f
2a1bc871d65be8b099ae06d007bfe3351bdbf2ad27f86170b45fb9ec30fb241e62291128de22db8618ba24311e1490cd9eb5a1de93f31200205e8b5c25e890d707dd9d30f4f90d7ccc679d0c92987a6b32d0229256ef9ce8092d2377284e4b8f002042a48749ed8bb2180e5ddef5006a21f9344a17b1ecee
2cc65040ae1298b291015b46142eb7382dfc30c9f1a032f4d2a77531b22b2c89b17f4a2ad990137832e46555f1225f8b1c93477c40eac96cd601867f361a90412be4ff103ed4270e37bdea299d0cc70777d1d25effe578044bf025e5d8dd94782c71a331ea202b19c6009f58ce3e7aecd295c27788683d9e
3b5bf27eb641c383207b31e740054d0354e9c46d46f3b2fc7386431e81f617f83a2ac0cfeb200b092b58acf4b81051f47315f0eca19afd5b5cfcc5d42435172cefdb4d73e5d771faa0538c041b4a4fe326d8a3a2a5c449732b742178e1b52fba2622612d23364301eb15a1a5ccbb124150a65dc08e04827d
15bc32a82f4298a12b7769c64b2ed4111807da7533fed13df534b36e8181203cd432ca78d8f1232ac15c934fcf0ea852768fdec532286c204d72a50c2a3d7307f8d66323635175aeaab3ee368c3aa690ae78130c0846a05b3f030ad6fc71423ee99246ba9cb5e53068286ad638c317a2423e43ca21b0c218
2823a668fa964a83b39e71034c3fc9253d234b358ae3804ed8426e44ffab089be776c6660d3113db1f4d5524b3361602eb61d48280c82491d534cdaa0c88d134114340d0ebfd5486381f9f1011b65f72e813e3b0ec0795915a2e1dcb5f50f64839d00c831bfd6e46b7046e6d9aa3d882f352b068d2310187
0000000027ffff03fffffffdad901100000000216fff03fffffffdadf9110000000022bfff03fffffffdade41100000000211bff03fffffffdadfe5100000000247fff03fffffffdadc811000000002137ff03fffffffdadfc910000000021dfff03fffffffdadf21100000000210dff03fffffffdadff31
000000000000000000000000000000000000000000000000000000000000000000000000000000000000000000000000000000000000000000000000000000000000000000000000000000000000000000000000000000000000000000000000000000000000000000000000000000000000000000000000
3db6597dc091cac01baf2729ac693d00308475e95720900fb83c6f443b6a3b6f493d872da4b2308ef5376611350f17062320df5352d7950d00d50a8a39911a08eb7a36c2db7cc1f993cb3f21b0e76f82d6ace2760769ced44b5006f6a92d3c7e0383bb361f6f6f99cf1bf7e2f23f066bd141edf3ee8a6bad
2314fcdd0c0b1713d4a5416328984829e0381ebfb61e90cc8290f12ef9921a109cfbb2b779b20152421d343d0b03216499d2d3a2832f6b817c49d3ea00f0a315a75e8f20163c41b91a92a0389ad3bfdb9e6850b684b9781e729902dadc2db97307c13c7af16125ee77258a0304809da061ae70e070a17f14
3d2fb3895e179421695036a41f73fa182ffc8fd3ae00327dee4db367f8a935ff8212352e13d2ecd2c332a140ef0c92bc9afcd9cdd37adb36bb9502202983a8e860d627c2d6252e6d3710b515daa25cea8ccfb3786be9d155efb331ba85a05d2b3ea2e1b07e78f00ba83a4b4feede690e814b8e474003c6c3
3a8a5d75bb564d92bad9708923a10c038854afc72358a36818e220cd220722f3fc75c141caf1c271a91ea55c3b0094f5a6de20cc7095513358894e3736a38ea1f7febfb1181c74b53b766f29932f50da5b03b0d5090d6f0501140b99c86889c1a3e03f2a1b001a1cc53075972134b5ca43b3ce3a1c9959d6
34ac54e11bb0f552e9c3fc8a8fc7960c6dee8172cd85b0ceef54e4aabf4f09ddc8909dee45a24614a4d92c287b39794fa4e33602429036dab372bba609d1b504ef19d0a1a2f80180654c471133c22b6ded4170b8c9433e9ddba327ae0c09a9855eb1873a424b668a700d76017201b9bd4022fc5cebc46f9d
083dc23119cdaa83c227e3fbca0b4a0424a5a483c5ef51d2ab4e83f690393e2e556908dc7301eb37504f0f8c2917e61aee9c96ae90030e6cc8d74ef12e85be61109b04d3d1d5a99c8fdf5b3e9300ac4b6653611dd23de58d058503833982b701690084c07d900b67831bdbb47f61f71a9076048842c9b5b4
3c2a7144e449052236d65750c8dd6f26a76a7433e93822b65cb1609e75ac2f0843803316ee5331f8df30dc711f252834a9e3fe25e359f20ea1ed1c481947f9230d47f7727b187c42d2e13c081c9f47911a4583bdae172a5044f10d7fa7b12d97f1700756784760aa260f1c55a983ab3870c48086887fe441
0b8200a87b3406a29284b5cb36a2e62608dc9a589275c2d47da419bbef1f1a397762be5d2572e77bf5e30edcc10b7a6814bfa9b6417e63ed44f2a0b51b462ef62b858ae009a462b45e24f120f16a21949a3cd3ea7ef9a32ae4731e6c95813e9368e1aae789a65d74501fc1333bf1ce77d2dcfe8e988a841a
14d65d04b5a54ee0af1fe40fea8fdd08e143b928aba9b2606a39b81adc5508a751c363727791f8c8002ee6d8e0271ce86d0a1de6f0d072a3760654041fa2e4039a8b4fd3dac7862a917e9a3ea970b7256aaee1134ea619fa0e6c12cb05104c4904e2c1b27f0740aced08fec9c98b3c7b93722c1ea7f7dc23
3a76e0c6884fda216fafccfa956a972b5c6b75ac004fd0bcb0cb4caab77002a0588e4f715f314b1b040c04ca9e28a29bf9711a477186ab0fb666d42013c77fa45c253b72b72df9def4e0e63e665a6294f784e01298910738863d1bc76246d387d370386e443f809d31173c8ae55806ad834cef6d0e776ee4
31906836c77fcdf0fc6af1759309c3027269febf54ab30ddfb427cdee81939bb50be19ec30b24dd7dff60d1ed72715c6fe77fd87621a41f0dfff101c1d13fe581968e5e0f6a734a1c9914135a2babe43916710af9aaa0387719501e8ff00f6a81670a49bb993a1fa3c1b95ee95c5a035104f8969f42f8e95
2525f052b627d360f3e1eab642823f206f5b190fafe141712af7baf4863d0ed6d3b672cc2e509c49ed2cb787260f5d268ec2e27682f32ea7684771ef09f937d9eb78e2900cf58cd2dc475d22530aa70950f7c2c790247bc77734070e7ac493d9a033d29fa17bb5b8ef38e117198cf803f38f4b5ad6e9cab3
28ea2acfe97e10a3a40a00d4d347673bda4f56a99a4fd161b7b515715f890436bbd63955f5f3f4a9673705d113323a6b7059e58181c258b8dd371d900b893479be26ce404f7af53bbd93e71b370a8913385c928f3a615d880e1e13c67e0815160f320bd6dc980a370e248f490aec8844d04466f7a6b1192a
0cba696395d5fd234d8f38127067e2357e0b640e496f815676ee16428a9d22a46e2ffc1097f14aa6e33eac194817c70f5b7d052bd15cf05b04228de339fb43a6074019b21000a1a34db4f53dc822cbbcc1b6d08d2ec5286350b124b06ce258d9f0b2fa2e63325243b2111d7a0019c4f701517c06da749778
0000000021000603fffffffdae00110000000020ffff83fffffffdae00110000000021000083fffffffdae00110000000020ffff03fffffffeb6000d0000000021000283fffffffdae00110000000020ffff03fffffffdae00110000000020ffff83fffffffdae00110000000020ffff03ffffffff3a000b
000000000000000000000000000000000000000000000000000000000000000000000000000000000000000000000000000000000000000000000000000000000000000000000000000000000000000000000000000000000000000000000000000000000000000000000000000000000000000000000000
21b99ec9d9d27f011535986b9a1271374da989bbbc6712ef22d9fd7549fb15722ecc3f16211175c59fcb6a51302625743ce61a3c62bfd461b641d59c33783941c0cd51f33b58c59644f7402cde1e5832d34430e522e1e9ae242818456f4ccdd9664071e87e46662fac31cbfbc0281105c02c692502cf47be
1571543a68d289f0b2b975b01561161e8746c8f5e3c38121d98bacf5d7942304daf3ee04969065ef42c1625d713029508393731920af897af7b216e81e489d9bb0b96c934624cfad1992fe0459346f96ac38b0baef6fc8e003bb3a8c919af645de5046c12bd213ddd835521f9e2a717520d50be26abb2202
002efe061be2c051bcc3302388989e121e96ecf7f20cd0c745ed18e2d2e53ec7eb10d2a276e3e4278b7db7aa653f8e7bf282ca16d0680d5133f635e939da1cca86806a1035647911c64221130c0b7e9bde2bf1f1274d00b2270d346b7f18a43239a130d9eb5cce507625313568c6ca11a00397e3ec75d475
3358cb07d55adff3908c36f57bd3382bb5605f7124e751a65beafc1ad0523b4f00826cf959b2d7d8edd2ac54a43b81428c04dada32f02478849fdaf80d3c1a563e47b950246f88812b8db12d2a8a9a600a0f7045627fbdb528670deac662362ab593ee31d772cbad4519c71341ad12b6a21940e4924fe6bb
27725dbc057df373dd71717ca747900eae90cd94f1a20144a74c20b53f0f31d7769357104951025297d3c2ed0c0f12ff1974071862050b8cd43b06d5318f27c0a4ccc43081327fc5f3a349097665e4d89f45f34f0aed3d29d043330d825b0dad7c522ac8fc0a2a7e42302f96aacbf1d942740f926ac72c95
29777ed9a8e7d4a223d558397d93eb3d3e90ecf720e651120b5492f4f4471ad0f5adc89314c27fc80fe817276f1d258a9237a27ea20394ec98ce59842cb7fea44f44899268f8a5f89ce2a42822faa888302b114d0985f1388fc635ddd5b8af3c50e01a86f9e425940e2b78cd76f30c8952b1a87d8aa97397
246418148ac9215397174ce62859311a3d0aa23190b5b24021cd85c53e1c1afb3ad6a5947e70eb03741e4725301456bd62520ab5612a529f64312b213b871dd98243dd62aab6d22c3faad0282d4f444737aaf17564ba40a1b0ee3071e1018401e5f2d8adcc778b5ba43ee5583c5b9709a16979a78d536e1e
1b00209a3994e45049304ead6813803bc9fb6c8cfc17d236f3aab29aebac16f2d9f00acba030e7b820414add282ba557d05664c3c199eb8f42ab6a2d002731e39a7fbe32904ef8c23b96c23b4043a15e2284a28d2f16f662334d3b966b10fb2bc3b25b0f0ba1b0da3c389066f7ebaf488163b49f70dced72
18cc25550a89bc600513b9eb8acf5b1a8c15fe502ba0804be831051b35711c31e0e04668db820dbb5621ef0fda27eb174a3c2854833983d3d734800b01f362df74f8f2902d7d31fa9d15ef031a646db5b6d912a4ad07f39d01222b822c82766218f375da22356e237d3504c2b8792678c345df72489be39f
1740fb3a01744e12dc31fa61f6b74521c50b2cdc43ddd1d1290fd4fdf30f03716231e0a0e0109844f1e757a9943de752fddc1b13f12334a78fe8db9d3dc0a329765dc3616214d9b991aa640e1c747a842ad372567a4594a1927f1540bb071430abe057af82cdfddcd3258fc81f4cf71960085a78eaf8061e
0700e059b1d70960da7da2b155c32a1739757848c096f0656417142c3fd13856ecc5cb2347d2199b20d80de28b3fd926c822d967d282bd8a318648142db57de12675a9b2fd0c5ff671d2bc1078d627c4d136320c0a373237ab7613e32584209142c251f6819c7435982773eababee85f71ee18f45211eb49
351ff188890167f262b15905d66bf60085d4b67c56e842e563786b4eb9a4012cdd1cbaf23e904df7d07bd633f311c34627f4f99d831951766e11dda825f81061837da0e325d0e43d50f3dd14fd4da9b4a0a8d241c678a2edd0313651587b6454281350ee63ce1c69e915164c60f6872ec2d77ee69d482eed
322c75920948b762d7d73fdc988917248eae0178823450a7e5ea6cf430d807f135ede72939b12a44a89733c36f23b8262b6876ce415f52e77973019c2b2e75bb1eea6e70a33550f9c22d3f24228ea2d4b8c320cb5a1286586c080beb0bfc44a26930043564be674d770566668e734f36d20f1bfe56b5d374
112788758e965561fe56550c178f301bb9a559e18710227256f330daf47321633b9c117143211264d1f4997df83f1509eea3439f934ed4900e7277f6159066c04404cb80040bb24014b8b20332694f61d7e20005a9e3d3574ebb3a89755303fc95b17280f12457001403f4274db9704f2011c4af454af122
00000000251ffef39bffffffbe000924000000041fff73f9bfffffbe00091000000018bfff23e6ffffffbe000918ffffffffffff83fe6fffffbe000920000000317ffec3cdffffffbe000931ffffffffffff83fcdfffffbe0009080000000c5fff53f37fffffbe00090c7fffffffffff83ff37ffffbe0009
000000000000000000000000000000000000000000000000000000000000000000000000000000000000000000000000000000000000000000000000000000000000000000000000000000000000000000000000000000000000000000000000000000000000000000000000000000000000000000000000
2594c253f7a75f6202c2c1cc327daf153147d8af7aa260cb7cec0c7da5f526478ecb48136ec1f2c4e6eb0b5ba9047616dd1da49ee00e44c2a2d6ded620c224dc000e2c826737605279601c244b4e52e7fff2d27d82be9f45f5ce3f2268d5720ce3412957ba9893b0f603ad83c72213cfd2b1bb70f8785270
20b1304eca8902b0562e531fcdbb70040704ab019da360349a8e332186e51ddbe9a21e2e5cd0f9a9a3b27152842a2c938795378610daef1ca80f1eb103a4bfb8a376e0217c579f29651e190271ef2f73d636323d2b4bae993963193d4a6a5ee1c1218d26312b3bf852335ff3522642818025623b29d18794
054f1b725368fab0875c7c84f848321ea2c57904aedc03e2140060b68be027164bface477712ab239a165e06853949aca9c6ab618180715e017d198f09062d354773f81074699ff0dd524321178a299918a121fadb951701252d012da001d2734b221a6c9bfc86440a35d9d797b51b0623d51bb4866b0f4f
0be143256771f3c28dcb76293451621274a64a81e0525097dadb720630dc1ed94243e3ff9731f38944ef6ff941085082d341d4f48274e3b46d2007af24ed3e8a2adec8d191a2a85a3ac30d213a41986a643e80e0401a034e005f280a81aa89d189221286dc966db8180749bb1960fc55a3f1351dc9e94c8e
0794824836fb99d36234a05eadea200edcf2b0a0699112ed77a3aa0217af0cd22672b3ca36d05729d44460da2f101728c7d1619af02a99774af5153a29e37c68f99f9a91551039d95703a83218be6cc54fc733c89a157a6fbb56397c242a02c356623740c66b8306b906d574e0f06b38215680d6b532a265
0797aea40c1e05e07d2a8e87e98bb722a918abd6896b12530c595b5d22321aff222206c121126c700e9b0731d70f1591cd87af12b1a344b5556a68ce38ca73af4efc9f438a38325c972f8d1840319d46db7e70d05884bf95dd161875193ff4d69a02655e47b585fbaa08aebb06f1e2e8803f9921d95a5edb
3928148de1d215839d9356d2748d7c2701c698ecbc7382d0c9e50148c6fd0fa1604164ceb2b3457b33ca20193f251d20d4535e5f90c5eb211a13a0652cc9cd4ea14ae3f076430bae4cc41130481f39bd5a70411f2e45850ef0633a5c37ab91bb0793593a272c3b8bba177f09bb348713b1e267f3c5c454dc
13cc35375aee84319ce7ac82ac210f260be862f2871bd0bbab464883a5d32a4d8c47280911b02ca52d38649ed82ffdb27543ba28c3f2819876a117ee33b18de1c7f71d021223b2622171d0075bf459d2f843b148029030dcb3332775454d6e82bcb1a03c0501e98b713a32c9bc93a49ed1b11cad08330e2c
3b8b2c84745eacb19c58764fdc3bbb2a029c9d04414f6124bd644fc8c50a256a5f7c045a2b00ba9a7c081f722007c21136c314042396fb8f1782d0ef05d10aa77581de13895ccb84019b703f07264878206693091883044b9a73071c2f861e58f832d1295c9fd7e53300d447d71a83b5c313776315e74075
1a645cb82f6697236a6cc2b8d0158a00b4fcf9f5a93d01d06dde74c806161ae43734f3a9ea12cf37726924576c0275fbb4a9beafa0a38cc16f3e5a112bdbfe881dec7880ff93386235913e3946e3e92b34f193ef726bfd018df00db082ac93be41424fd7df309ebe0b35b20f50c891a0c34bcb0dd39f8ccf
14e61b271fae61b29df8878429e38f27b1cfb5f253087014160e73f2621f005c1d5188c15143dffa081d1929e811fe9078eba620d3b12c91b951d1f42bb4d9490bc278f39b3f06d3e26d9c04f012bc991ffbe3c5684f4463f8b4121814c99b9087712a68b1821956033331cb3f551927e1956631add0e316
2e8fddca1ffdd4a2a91641b331170a2ee0c36ffc216700dd4cea5e0db9c821f68045571a1851ff1976c5f11ef52ebbc328294d7a91a3bf0d526a12832ad150b89fe1fdc3640945bebf9e221369d23c51db30a0aa155cd99815b83067f67a173d6890151de8f841266437ece65045d930823b593a8dd68599
062b7cc8e7bff7a0d3ee2b3357b758341bd7dc7aeec86340d55553781fdf1b5d7661fa217290eb854a92c5b75807dc2d92948d9023b48d8707a9a40d0aaf2fe5aa8c0d33bd0f9b185a81a102a75ced1f531fb2c7de27045739ff3695179d18141ba28cd6985885e5800f0fb36390cf4b2011add08a459924
0a2d19f5d6f18df35a28e970db29a325b1a5e97845e483ab76a005bba846042c7dbd3a7d31e137c99edebc5a0f3c02d7a0852a088201391f487a3e3d337f4450a825f363f2d647dc5a4d762f7fe3fe61c716c1f94bac44a079e622da561c893ffbb33d9c81a1e5fbc70f9d453bd1ad4f420b465b6ab78816
00063fffffffff8193b310e23814a924156d3514dead60492d539499acb537a0f9d4aa6c3d216c32120e0f0b0c01487c9ccc6cee1004ba6ef08d1f133ffcdffffbe00093e1b38db9fe4881030291b2c0e239b23b07f1da2fa1e91595f846c00567e1dd37ab09b3abf9330ca3d6b8c841d245558f02414695
000000000000000000000000000000000000000000000000000000000000000000000000000000000000000000000000000000000000000000000000000000000000000000000000000000000000000000000000000000000000000000000000000000000000000000000000000000000000000000000000
131186aa11da66311701a5c107cbe32e27b2303e433532a06dd3efb3e5f33226975026cb5da27765509f1180d0127b7b89e7f1eca288d4c0a6e38b8f2dfab0589530be03816adf666ec4af1e3ee64f50a78a519c6c1b11e33f502c57ac96d015c3b3c354ee2f79ec6730c0c3ad80a2b5c0d98d6089d37eb2
2cee7955f20599e1927aba9153c97b3d3348313b4585b0d5be41060602520fca1723e9deb1e309eaf8aab924001cfab5132ab62a007da23ac08859a10ea14da4b348f1725815dba2397f3b10ac6edc3d1614a1dde2352a135fa523b09b9f7b3995c2433915759a718f3394a25f41ca1bb24ab2fa57f57aa4
3a791c2cf53bfc63f6d39119ed369509a0f72cbdaae991f50f8907eddca91ddc18e9b2187fa0bd45992b9cf9d51830944c4f416d53ec1ce0782c830c1446655d8df44fa1f53bdb603a34c722480f516086de62b2385b3f7778de32d3812d9cbb30c36d2363c55350a908a0a6512067f0406b4bb8c393199d
13ada697d3aea0109b3624cd94ce07361a9e634e7cc4a014b0c6139f37313fd27138da118533f73bcda6ffc3cb114a5d16abe92c01a1288223cc078a20033cb87a1d1a0295c8b878bdfd3d214ca30947748dc0cc59a71adc6a1a3809ea9233541bb0b664309a95bd830c5af175ccfbaca32afaf1404f7aef
3f5e9873846d899029a459da099eb3264431230ad7f983055ecaaeab7e9b293bef3ecfcdfe4121eb3c28a4b02f21668188a97731b130cf21cb2b9c981244ec2f1c034a30b411d922379b6900e37218be5e1fb19572a72108475236c3895820dfb69060a17e532356872acf435efaf4e260389a3f0a055ab7
327aa2b934efda322edb82d54d72e91b4732801ae454c0132bc026ffdc5b2538aec08574cdd19ee4e383635e4207c061bf7ab15562b0556bc6ddff8314f6c5642a016b421ce06b6867c26b16b7ba26c2be6ba2183b4319a6836d0e9c07179911c912c2174e076a5c4b3cb036f40c589e036ba15d6bb1acfc
1e3e1976f3553311364da00de2406b1b12c8d4c7d66321e2b998d56c295f216f5a49c4b4276199939d3c8677e23a6d12e43014fdb1231ee8ba91fc5a3cd2df3138ed66f362bf01635410da203adbada1818fb2c51c4809fb4a212fd0dbb3829fdaa286550ce6fd63cb107cdf00abb2c383508b2735e7c2b2
2d29732e791f9282682070d7883fc709ad1fce91823f9115d2e388bf75cc21a6093da4ad2c4384d833e007a230359e44ba465879e24b686213f1454812458836215b7b722a2d0e71ea59ab1bef3d1b6aa8da71396301758df4502f3fdc7e218c2fb29fee98ee4ec6482fa7c4c09e102f73a873bb263ed8e5
0b4ab2bcc8142ba06cf0f5b6b9131b10bf28b3164c4220b308159f93b6c73f4ecfbc7b1b77b05c3845773bdce43f20b1e7606ce1206598d98ee2c9ee2d64cabd7a7701e3ea0f90f2eae37506046ea90a5b8ef1235e0fb21e5fd939e6bf68d9d67b42696cc567a4bc711bbca5a7d7d38531a90991658fc899
2ceab7a5af163b70df56a5d305d8161b617fde29e0b72340f5f25c5bdabb252240db9b9dc6d0befbe0b8442e891c190ae98b2d26a27599a4c0d5edf30d553bd2830f84f0c34f5af68b5524293d3fb46d9e96313e55da57d00fde15d5e9c157de5e03d7545399269b701e8c87cd9e97097371756098690311
1e71775baf00bcd359e3091da4880f1cec14820a45b76164ed6ff50cad4223f91de05c986eb1fbc54866d80ae31db985c4cd476a804e4212e5e0e1453149caec43ba78a10c95d1c5f856222b6d8004adb794f1d3991ed7919e8602255c6a08e37932fde69d74d6537436ce1de9c8e57541b53a9813812d6b
1181d99dc0d1a8337c10e23c1d64a1207ec4243773e63210e39ea6d3d8f60221825730dbf360b45757e031807e001293dbdbf07510477639802c36ba2349044afc38ea634736d2262cf2d901383708d978006332674782b3a0940358714f61f5f73115ed05c9b4f0193bf2dbc3baaee6e3ff989ca62147c0
38b2ca8b8e9f04926140e906312def3fa0d9245e90e8c13feb986ada3c0b2786b49e50c40010fd6a988ae5d80c1ab9939684faf7d082bf3c1bd32ee61f039ffc6ddc01a25b2355ff8186a3068e9d93e4fc7ce183eac310b44ebc11ae6a45b14093105d22f8b86d6d770089c2a5face6c60485778fc0cdf4e
13bcafd66a3cbf93033b8db34d79873b0d8ee917c3a231ea95463dba01fb261c6753c2d0ba81aa24e06d7067ab14830fcf69ca59d1d77db6b76886bf2b727c5be2c10b22945073a427296d0cce9ea678d40eb02f76e6c83e07fd1ec03c32bcfa2ee0f523a8c84ea3f328cb6c2f7981a9423746da8f6dd976
3f00000660ffff016a3f8f91696fe229c8ca0d918bef33d977e09374fcd635f22993aec30ae302a92993d4203526678da36e213f520b3aea9b8fb9ba207ffffcbae00111f66d4e62869ae4114866ff1628845272e2ab5aa0f9d9112b8a1ad864a1f311fc1f46b02165269b23e97381b8905e275f74466e65
000000000000000000000000000000000000000000000000000000000000000000000000000000000000000000000000000000000000000000000000000000000000000000000000000000000000000000000000000000000000000000000000000000000000000000000000000000000000000000000000
339827e47df9bf12513bdb549c3f8817e2ba66f5e5a93240cf37aaa8a7cd0c3d6196398678a1ac403eb3a937380b679f4d786c31f1f058f600ec3fa02331f4c5ea69dfb186ba865f387f821e1a514d0da8d6b2f74097cd997eb32e0091c0781b68c0c0f5cd54c8938d0cc57092cb6f4c30c600c60447bc24
23eeccf0aec5e9e2811b779925097c3f053ccdcb8039e3460ac580423ec63538f5253788f1911a1250b9bcc4e70f7508db743c8832ee542086afb57d079b83641e7043416c3498b15e144e33cd0d04cf5b409160f1da1511d0b223bce3aae8756a923e8dba51cdf0c529dfe0a61ae464422f592690272e77
1fd375e249efed31fde98463c110e61d259bfa259c2dd1f07ce26ab20d090816ee7dd737e911412ed5892c5d1927e2be9ab0824a63621a8d32f8180d102a0fdf208da882cbf11daaf944562595e825591b1fa218da55f1f1966e3330c9be3720c1619bdafdccfe403019ec000428b53b8119e42c0a06ab7b
145ae488cb9fef41dd92a598ec7cf2048a91053ef7b850e0835fd919963b27505eeecd971a71a3d13149a2595933c8d0e02d45dc916249dfb95e0de41499db26dcc4e9d3125e722d62b20d1079a16d0f1203c2e40c80979f93dd2fe14d23fba4f9c3b09e9a9328a5361b7e34f23e69314243f86da33dc01b
1487729956c974d11abcc3424e545b1baf1734c2ec625149a81a0fed2bc30c2121f747db63d318b8d7f11a1db03897a61ec3e86283e7fccc0fa01fb1385ca81b7b70ff4248357187517d9f0cc03f225555c2506d67eb9934430d02f2e33b75a880a2dda156a4f3455909f2e03b8d436a82ef72e9140b81c4
10b97d286d683313b685c4b934719134733ff9495c7b51aa76e0adf3f63c31462925cbbec050c2dd6daf0264ca26d62206420e96e3621da518c70fb716a10c5339dbc2a01344bf42cdad510f823a75cbe3f3d1fa902af2628d280dbc60a0b72e851066da90ce72370d0e3f31285bd34880cf8b48738a0cf3
313b7a477a558de06e2ffbc9cecc25229b1863ea1993919e0aedd382dfca32e3b0b486eb01138bd9bedb1e54341fef34a6f09aec708cf1fa116e39780e55279dedc58053ac38673823d58a100623d251d150d136e050a0adce0b1d8c4919af6062c3c91fe1f22c251a310a2e75cc7391c19d65ff4b9e3516
1304e936f1f1bc3069466384cb42b722791d87c2b67883d828769610e3e636967a3b2dbc96906ac924af39332610824c199a00818121a8a7228dbad604b5f4d44b188223d15f074a164a3214bd15663b570713ac0728c5f73ab83ffc00dcbd36cf816377ae4a6605c30e1b20c162ec4ef2128569dce0cbae
29bf15cd392c56724ec5bac3d00a6c19f6dcb28ba074c214f467abe436bb330614bc288d60e036f7c19959d52124f0c3b3faa5ff91a665af6046b9ed3d2bf3b6f432d5433ddcfd2985802b399919d92ce05bd23a43419ffd49f501215386b271285022acad650cd6512a33ea102896b6c1db07e0a59d281f
2f225b0bfa1196c10ef3489747c4bc3e8dabc5ddbae023675be410a1be5434bfa35b068cab027e3ca4291583371088d147a17ffe620efb3d6d4b19de151e0c813f235ae3723a3eb5e32fae167eecc39a3c41a092537fafd5286339c270de55c4b14027c4dc63df1821305566becb1723b0b58bec7807e312
0b61ace3c77bc1e29751c398392807170298ef0d5eb42040c2942dedb79e2906587dcb5482c34b9d0bbd1c52760b39faaff9e2ece34450638013da7d01a8058f889a3f11d14a6418767ea1348550618acbd1732ba7a5ae9ac34a17b51237df3f54801e69a164c02e353a8dec93188ec762d5c89a06b42eed
07361410c720bcf0c36e6de820ef172a3e25adb98a98630feba801b9ce6f1ecffa6fe3a80032838151c05387bd1f5b2ae6a2f7b203b67d43621a8740013558309ffa92d17e0a3e5ba341ca3acebe376ac03af032ca80fc7325d5153d928204b75ed21c7f8a527ed854019a95d8ed8486336a121ad82c3944
1efd7f75aed4d151a966cab79fa38215537229a7d84b32a45b136bd5d8af12b8edcf9c9f5b32355b818d2d20753c59abf79afc7e016fc68ec64eb00324af3e150af78e438b17759cce1a2d065974bc083c17e012c2573218a09e0f47e7269e1520f3eeb35b27a27f093816c3b6fd49c0d30167ba9d36a316
0524539e93b70472c6c8a1c5931fc337734dd45f10b8c065890ba8922238171972b7a4184112657421941ec76c2c11e6a56a2578136eedbc967376421e354e22ddd58b91563edec9e2837b03796492ce58316226290d6791c742301f8fce7054b9c1c6c2e5b51117de2c9e148b5932e2528c76b6e0386898
00003f0021063f03798e177765f97a100ade169e47e5b1f3f7d4b1a95dc42a50d071ff65daf2b7dce558a5027c34a3c48f031ce2810e334a7ec9c2463fffe07fdadce113c7f487faa72cef1e275cfa8fca8912fe4add335932d336fc36abae0339f3cab2f57523e1c03f7d0873a6f3e70378e65ac0591ede
000000000000000058ab2b0a66e77f00000000000000007ec65bd94565b00000000000000003421ebd0b5604c600d863daba6a4b73072dff3c4aaffe00000000000000026cff6cc2c3f58d0b0479352eabe9c29b868252e7f3bd0000000000000003068b6e12a37b783323259de1cb588309b0f3e3ddabc4
04c48a386667d5a2bb9494a0b689a32f8f85e7f9244aa0bd89e852e2d8d330a7f661b4215e038dc2e3e6f1e2aa1ceed12dcaa564e2fa27e3cfc8bea62da38c0bc9a239202f5cd430f8c1de38119662f223db22e145339830f732328d989b7bb32ad3390c7e3677990e07276c5960dd5061a4525f958ce0c5
1da50d1abdf91420b168d7ea3f3fb00eca5e902a91dd908a4214f838dd171d0425e6886924e1e99a41b15a99ae25eae380bc98348282a20a4035c51d02799e5ee0e08d404c360336a76b4f305927deff4e336071639f2c91a79a15f3cccd035f6251003cb3631e96a1043edf0a1b1e3b73fa4906bbe701ab
05ba9dd0011e13b16cd10cdf7c223a1eea75d13dad1682c5b9cceefb6c262c7a002f22695772d6fca72a4cf95c18515425d292c2731f97df7a9a8cba0375d2c03ca74d00f0f86b70dcd73e056db38b3734ec906151d93951a5aa29dbc2ff019dec6274607cc4a1a0c910c869909b11f032843a4ea98287d9
3cb05e821e720932fc78ff9702c1a22ad5795fd12055d2fe1b0ce6e2729f2e79b7519bfb673107fcedb9aaeb3910a39f0a9c93c191a5f895ada952e1090e0acacb5589816b3c737146e27f3a14dda31290c0023dc24ce6f918142d5dcc61485445e3c09f16198db7a817d6df082d96c5f31608f440a83702
1d57b07936a18d8373b7ef1ffd770603ae08fcb3b84202088fe5235124bc250d72440aeff81146c530398411db3593abcbaf8409636486f043fdb3e824cec2680a8ea0c05498a7c36bd05c1b4d264cf6a193226c553ef907cfd11c60aff0c55b1d62f9ffa668c6db3018eb1f32f484cd02e57f57fa521f46
09de0f8c46b70260e922f37281c79003ac60ee7f2d98a2eba54a9bfa184a3476d0b95f5a2e6187f2734ea21c1d3b23e490dcd5c0f1c436bebd1c5f4637a821bf2f08e2530aa1aa4a6603fb06c3acbf8e1c652056f9ea0e505243073251552d0f199042a821ba2f9d5f3e01e80c0140473177abf3095e9bb0
089ddab4543718100efa4424818a7c2cecb13d2d7acbd35a4fedc0c4f68d0d5e262f950563a34db6beccfb4a8c18a4eb267e0d4b624821c46fa6281c09bc175fdb482fb18076e3446da0d826d62e836e2909c13dc8f5b81d78cc23f4a0b27270ab125ad471cf9c5ab4086f2191dfa66e93705b231678d695
11e0db46115958f1d5f4fd47b34d983ee2487489e8bd42440b6fc1df1e3b1daae706e854a412ea002ffd0cb3512890d3748dba4e91fee966a365c6e50c52314d0c0753b13a84e6b8de64953c99a0c6d0916e835df3e682e4f4a72f1c26a067465f73dd1f43a0d8168c21bf2a3b8c703940a1d07093adc313
3cab19c740f45b821db1f83fe3cafa22363b84e4acb4e2fa9b24ff8f601310d71d832b33b122b31d92c1ff9bc601ce5f9ab42f8ff23cc6e12b616af605d2b8749b3ad8b39b458e3a9f28e20a65b187e56067a1fe58fe587e1ae62237c67bf9766d301b10493340c89b37695eaa8b2d55707ee7fa3b716371
36584a1da36a8202c94bb1ed49e53b2a6be24a08fff4d3d519404bb5760c3bd3a24fa9a0992109fefb593efd11212c2518bf0158f37fd22e72c651e33f202a8505589aa3d819419397942b003ed1f3c43d80316e7940cda3cdd73ed3c279e37300e162e8356ad141ff08dde965dc48abc3349d50470b5536
3c5926970c7324e2cc94667cf78ecc2a6dc16ba6b33c718fc2bda5406b6c263fe8594b5a0cd1fafbcda55c19272993e945a80ae4313d5499b58cfa8f24cd0b0eddd8f0706e04f24cf8fc992e4722c2062a59f05f65184deade312cbbdf315d8c7111951a91594de389210447e784a6f113930a22f87b37bc
218130d0b9ab59d256ca377fc186af2d4329dffdff37a3b1c51b4dc8fba4063f6ce74e1d8e12d0c63f1dd494a1150bf5d398bdf783ba9cd1efcb8fde25c682d01380c620e7f0f5d223c8500e99a114f1d6c5b1a968b2facfe39630ea7ac6777e57110be51310a225ec3920f44c6e5fd781f17a2d05a91157
148e496c57afeca0af56d2ea6e09df3d12527cf6ab1611c0a20e9e7f5a04310105c49b8946d2f264779a8605d037894acdbe2aeaf0e9dc97e7fffa24181fa8e2c13e879163060e9298788e1e151fa8e766f243c8e6f62201dc393928ae2a4d311470c13dafb27630992c92180e910c1460b1fae4014df9fd
3653892da96882e0e1fb08397da6ba14d0d3d659f2b6525138f49b49fbc61ae094eea87ee4d28f236fa703a98416c511810aea93b0913815a42440be106a0a5863f3e7e25d0443c1791202112ec9a0e0aa5a808d7fcc0ba1c8b7036b78f7160c4b82b8b937dd7fac831634e0b45c4f31f1a0653bf06efeba
14000000431ffff0ec5b51d47cc4fd048f922ff4028fe19692036a2b6482264368d1dd453320ef64697c5ca3d03f222fbdfa829030f6e90e333a94d615ffffffdc60001189d25715a09d823db836e801deb82334b6fe4aa84dc02cde4b970d3d6683884dcb418fae19006ee82100aeb7f0a09d872dc82ab9
1470172ba80978631ecf6fd4fc1e771f0ccf76e213052229a38284be18423c5910ecbe050192202b663a1218bf1504ea42b788542111cb38cad5f95331ac6e45cff7dcc090ec1aebdb7dd039c60cc40f402a41515ae2f737f7a415de38aa607e2ff334487563f48403144e9213aafccb81da6327760859d8
3ec610b0561e49b17fa85b3c0a86c506b31ac2bbf8b910f1ea32faf1c7e730969d846b3819e32d060b48afd0762c878c219efefc70c7e76bc7aaac6714ce11ab5a5477d17d86bd3b51475531570d393c821fb3e55d2608b652103fdd0e1d078cca31d35352b6c4aed02c16862687c57db17078b4db7bd210
3f326b1788572b63679bbfe7f9431b26793cad308a6301f86cfcfbc0c3e01171a5d1658a5592a5d52678f9e82612a25e4fa7fd1ce0cedfd94eb369f015776a7e786e9a82c1b7696a6edd7a08b0ccc4d26bc8816b3b9f64a1b53d33eedc397ab852a183f8efdfa2ea1f29cbb78f546943e082116e25091d91
0f703a88b9caeab08753795aecd238257b6f39666763133623685a6653a72f27b4d344dad20048da46e94556ec3436b98a4ed2ec414b9732b8889a70399d79ad95b7db8256085b4abb5b9b2ed414aadbd482b0ed7f1524ba943e045103c281f21501a9ebf4f1f6d71c01cd5192483a4a32b10a2ed45d3f7d
0c1ab8995c676790e4dd7f5c5ebc0621b91323fd61528190f7cc2b395cb6235c43ae7b3e61b35b7e813a15532900e6d1b4dac010339d8f9bd97ba495083960f95676bdc3a3390db502ca121e916668338569c3cca3ec5258e5ad125d2d4df2e2e2f347ee652f4106662ef4723f8ed20662b03cb391d98e98
01780ebd03c3ce12e3a6cbddf11a803f70665dcaf3d172f04c67727eb3df08c4c2061a818c711091cafcfbd5cd16eb3b0a2df3429085d034f470d5e62672d010a953e2c13e5fc09c3baa4f306e4d7b6e2a43d335acd28a9f46643a147a270cdeae3384213c5d069240195912f13d920c5246ddd062fe0531
1afe603f79565ef1a1425572a89a1b2a51f6b292425c403cc3a20ed77c531d6cd48be072f6028dc7c8687dac113aa87e0c9eb2368015e510398a8e0e39e2102aff73807332d8e93c349b3f3d3c4a3bd4bbbb41d35c6ff66772453972046acdeefdb158a52f497e34721e56fcbde6151710d0d7c33018eb9b
109e7f1187bf28c199a109b09380a838b39733703e1833da30a5afd2aee23dbe41cd02a6e5d12a2cb2492dfaed018d7408d7755bc0a06db7de3139222d5ce728765cf892835e7f88f343e3026172f6b1fcf9f1e32ec236eb234b3084bea1c2e46d916acda52b76cdfc0e2423968864feb35a508fa4a5971e
2f616af2351dd79337cb43c6aba0cc08f6d915e79883035fa6adf0828e2c2dd2203c59af1c300f7c482043c80d2e82657fa91f43c32049d6c4c4ddde329657c90bbddac2c9545116fa05aa35d4eabf89e4c2826dc5fafcf7272d2eeb9277fceee650385f046e19b72235305a2801bac2028a6c6f749bce21
151fbbe16331cb40739ff2d1d48acc26e17339950a2e303a144572979d1b2186b4f4c9859e82085d6d3d1f0b8014602f099c95ccd0f16e1ebc899ed52e61e0a03667c091135291292b7e5a1074f6dc6396e5131acf7d88d00b502017e858f6d54520cd758fcd91f60f23b412efdedce7e16fb20caffe8662
00d54d8bd7acde121240ee3b5139693002cb9c56c35292bcf141a7006ad138f0126eb8b09731ddcd6d4f1dbeda1fa3f0f9f3544c90284865a12974500b033dd2028f48a26ae51fd4b07d2307e739c7b3536612a15a99fa509daa3e4e48145dde3403647c0a7db809283831b02372e5b3811f1f6e05ca616f
20bae4d37a5aedf0fa98330263490f294df38574f0cc53d92edff035beda13fa9a814803e8a0f1cefda14aaa4c366caadcd54aaac27903b36f3cda651c6dabd84155077293f5725f3011d6258f6d9840d251516361e5fdb752c8381a69e154e4c943725779f54be4c5129fce526593bb93683cc183b44826
305083c1d30fb0723dd5259ac2f1b91472c5063aff82e25744b155841480126984bd459cb4d016044993a02d193e930cbe1e6572a1f7114af92a1f6724e3242f6d88c632aa918809afbdc1238ff7a5b9eb1eb1a4e599382857a3069b20d86b2c2d4316dcc7b9ba99e7176f87b06919f7635dc857960a2ca3
3edd2689247e3563cd61135cf7aedc2ca7c50e45598a12a2d6d5817be59a2b60dd5717b991f15b6749a1790a0025b3371b65d61f4071ce4035b203f100d62fcfa03ae7f2f7f17fc4100be331f4ab850556bb5030d93f3f74233c184f108f2658a6619ecade2660a24338e20de0e127f5338c709dfcb2b75d
3692290603e7d311d1e98f18bade932ebaf6e58a6556e36c4453f556a82820e60fb841db87419cf2bdf125bbc820a487ed018b8da018addfb80e84bd3877d1868383be221679051f20843204ed05a3e486b021a3ee41da8af693228572d15e63f4a24507cd95aa4fd0204709df06bc4e235706c07552eb14
0000540018c03ea2cb21e64cb546f21e333ab4e545df82645d6bb3c3bbf50ba8a2e18e8597614fcb11f72f8afd1468f3df50120960af7943e2c9b9573fffd5ffdeffe1001f2aa09041863237132eab6a3b8c312d6fe5ca9a9a4926504d73e8835bb3eb6b2b15026c010f9a70cb849953830c0832d0886e97
1b600e96058bf27341e5bec1eb30d838b51f0ca23459a0f4164fbb37d3232da17b72a7bacd8143fbb6048f657731ca8063bf693bf1cec9943de6870722c1df29b2dab7c372eea7898ed20b1c0e047128335f70baf6dd5fad7e453c30a016d7259002264fc4284b78a11ccadcffdce3ba20838ed424b2b1ac
1177e78b752bfb0187e76b70b283751bc5923f88801e135efffdc83a9f2c0e11642166d72b41617a22eb2a5e98061021976d3951314ffde4eb350d90165b674aaab15cd12bf12e3102584c321b66ac14d2afe13391f77b1dcb090f46c91afff024d3f7163c01d57bf200dfb1a6a70fdcd0052b194549b8e9
178fc8bdc119d1401fe3ff207f2e3d1940a7e53bb38b00caf01c7401262d343cf20248b70841ad67bae8186d133c649c30d6672463cfbced5c69753b1e68058eee713661b26eb307c51121287159328b13ed423acf331abcbf143c004d1cc3f4e422ca4da4757389bb04628c4107820bf2923caf26babf9a
27fd685697cd2262075290c6ed5efa26a49f9e6061cd224ac2aa1674d2d52e4be79baefe1ca1920cf6e5868b8f1cff1037911b1ed23189806956d4ab200a97cbed00fc43b5bcac1dc1c15736655eddc568db413c684c253055ab39589ce0786fee43d6746a0341d2381b4be111b9c99310eb608d6730fb3d
1faef709ff97deb30b52a5828035962d2e7ef7a63611d01a8f62a8a136ff30675d97ffff4663b680f78d3a0a2f0f012403101d6de1a7eb9b99af8c2b2f231124d06874528c5074aa2be1a4186a3729903d4e209afd8b208683472f0589e2930b9bf3e249bcf973ef5a1b1980dce5f8802239cb5029586fe8
31798280436b67125cd52c3b8794372eddf75cbd3d3743824e2f9ae8def11aaf5ac1ebf7e4c26cc94a9d387a0c38a246c8244076b32f113fd31dd421107b893d679316d074400d6cae2614280d345e45a6be035b5f4efc5afec03c024dd67320d9e2098c2925653e9e2d593669f50b0123438455e052aa99
182e91443f6ee5c15aa500caeb559c178e4589fc94b8700194eafa1874cb3925098d20afb75168c8451143dac138ea105d306cbce015414fd0b632c31c0b9cecc2941031ec67a80b1bbca803514dd284fbc7b114aed5bb0fc3953322b2b057a78b026406d15ea0330208a348aa23ab17c2c033102ad77fcd
3ca2ef617d05f6d07256b989b1b7be0e3c30456b0ed32105f8ac3c58becf16dfe6b8213eabd23049ec0a8c145316a8cd97c3d1f4123eedc11b58cf5f13a106b3a8d90e423ce6ff7b4906892c93cf6a0c2740a2f252b86293906910dc274edf0a7571809beca45fe9bd164b66ecbb08ae23e0486f869d82d3
2f34ec0d4491c0714d92c72ba852b92ff73deb9d1648533d89efc04510fa3875f771f5f9a6931c52100f071f9d0098995f58141a720c6e97eec833a21b6268de137ab4b1f79d8b31cd768101719601c2ac6331bf52b8888cd88614a41696be7b2a3068c2ace851b67e23803237195d38838dae3373f74c53
1529cdc74ebba2839f278f8a0dc4b41bd9097cf52162a085d3ab0b1c91f236ae11f3a7058110bef320f2cf633511c4e856b4446ee1e4a8d2165eda2502a9f31f797e3180830a439e858b873cd07199f962f25308bc04e5b94d553e3702b8e7400f1106e3ab1ebb8b123a25585ec255b513960b8d71a49ff1
33a8987615c9d3f2000e366e4769730f320963eef08050b8c502f9b8931c024e7d825849de91bb3594056c20d12ac2ba1dbe3235715d4a0912b11a17316fb8da1caff500069b22f1a2ae4f315b09d8a0de76c3ea5800b705305206963b9642259dc2f534348248145a10b28ccfe5cc49429daabaec2834dd
2b31382fc36e96d194abda5891374b3e7af11b13ff5d91d20f7c69c402d7313ec7ef6088f0e242bb04fc59dbfe34abbb27c3b1448398d5d2a590117507949b3000b0b2713522444a5bc0ee0746109436cbf37141db8a2b6c2d8f1e4b7071f2ac4d503eb2a3877349c2314036bd68796121c62d9610cea6a9
378ab048c69bcdd136b10292c36dbb0bf33b19f8c5794232d5503be9eb3a1e9aec31dc764832a270f9e75fce8410ef4d2bed0fcd3161e3f31951488a355619ccd566dc000b546d9c4f43e91687a7dc7df8cec085b069f688ecc50b2c63238e2ae1b3bac8e8418a0fc507f1af72f5374c216659aa4670e701
2282fce665f422e16cecf816d827ce307113b3357a39117376e8ec0a547834d0c13c917289e3f57b77f421c2fd2ce2d3d37a7a45f2408119d79715a40f43c01ca687c1e0bb735daf6c5dfe112862c9a510d5c177be9b8182f235333b094b3c5c3c83f5e3c30d78e5ed29d30e6ab4f27ac28ab2b00ec5cba9
0de150255f7dde412b01044d040c642822d4525180fe902e3695c03157782be544013e54224119cf43c0fd82e82c789f64060b4d017b5023f7b1fe6a0629f88bddea594057057c8a6f2c6a37aab0f59b3dac60aa01fac1f70a6d22d8626930087a61953cab3f6557541d520da2e73e7183076dbd65e3d7ec
3fff80006cbfff22952cd7270207601424bfbb6c29a0a18139dcded1fddf2a2e2f26661316e1400d0f68431b481f8e41d5782c1573f90dcd7e6166da20003fffb500010160f6aa97ba4f253c1a6c2826c9aba19f01ad35137954170d87517cbc9bf1f34a2c5c99a3db2a07c9d06e7c4d83673dee029b97d6
11a5808dcc71ec81ac10e2ffe2f84805939064a7fdefc1a35e63ae4f6dbf24042655ae117b119cfd33f8387d9735ce5dbf3a4cc6d3478eb3e0961dc2393440529c0c9133f7bef6bb4891272208bf5a2ed65f121429c941cade681beda0f604da99707f48461321c84b1b7df82c0628a9f09c37103cd252ff
2085c105600d7d01a6654ad5ac71000fa6030709e8ed3199879710dc43832d867e14525ff4025a765ced578a273a39f4de25ec43e0b65fe5db985cbb22c250f7a3ffc520cd6c51d422ae7723e5589bc7f86872b821ef6043aab604843aacb44b8272d55bd2a2dbec982363a91f5e37e1b24243dc3c07d257
1b630022accc7341ff52397fae068113ae7e7062cb1023dcd078797e6cf226a05bb5d96f141301722aa59a5f2622ab893fa739e8c1ff9ed9b404e07f1702c48d50252572f2bbe2cd18addf0cec059cb300b371dc19f2dc73e8ab1429b6a969ca9dc1c1ce466a3af80e2e38f1a00c9bc390d2c201608e2ff3
05dbe15a196fb81387d26487aa2734358d89d26daafe737354be4ec4fd532c447067f0d17910abc359d6aa463e134043ef81958d927bc81cd75b163f1682443609426c0327c86f13dff2461e85d733333dd9b0147f13bd42ba2e286b85342ac56991e62d5f9ff434fb30a0d09d69c2d0c1c8056b9c57dbb8
0af82c5c50ee3ec3bc92c3d5e3dff823d135a1cd2a164020685b15d301e20ea933fe13e713b06b1239b59b05000cb166204ec1f8c351846b69ecb98d0a86663779f2e3c28206c6bf4d6d5732e1c7fa50f597c1d1e6f7460125a33b51234b81ee3b610373c13fe8168b30064ebde9ec115317370c0de1e46e
01f17dd28eeae853386c6d65c418e330773293df694a6272a3e72d38b57c2a1258109790ead1bb239d88dc855704ec3635091d4dc21c8a5c7b0ce9c50cb286cd55a3ca22f6a1419c31677c07c428fcdf201b50a7e8e0a95e9ebf1f03524730b547934bf258cd9c4d4c0c9eb9e938a418b195422d4cafa185
0d7a2e99949d718223f67d2bf7ce8627810d65b694cfd10b04be8a50c609345dbbcbbcd7e1306780bd30ed6b7b084d9e18b01112a335c16ca4c4a23b2bb65ed107ba783308068faa2a4c7729ca2941629f4163b28bba85386b2128dbf2925bed9783092dc8bf1c792c321330d5664e6572318f41b88f35a6
3e06543da66fd2d3b5aacc0f13e43011fa03540ed75c9390af5708ccb0d80bf8d1bd8e32c383a1358157f6e94b224bd73b133abbf16eafa81ad6f1d613444aeef7c1ce20a941eb35c30bbb104e39a422a72ee0c70d610f7e61c80fe2885adf473c7257da1a245a9f30041b242988650352e59b97944dbb5a
1055500f96e504e0f2f1286967e504354349e245866b12f9cdfa620439931f5faf9a16842c10d22f1e5ee16a653f3f910144267e530459c1ad5629353444acc0f5bfa4c26219d9a91b490f317c846cf7bac3925c67d4d781b24118b31b0d118d10e30d42256cd35a15186838b6b4c426608048eea00eef6f
1c35d8016bd05780ffacf8773ce6b734dd24fc2197e0623afc8a331ccd320dd6b156836e87c22dce55d212b33708a430972be6413199c86c533589fc25e2839f1f028b43a057f8e434e0e4059e79fed4cbf6e136fcf6fddaefc01fc6375a498b3f930216c300cd64f825f8b2386ff900d06f04acb48c39ec
26cf0aece3ff6d63e680dde81bf6a62140551d79ab90c1ed800edec44a5233202109f12dad52323a2d2fd6589c21c180e9860e9c634ba3de94b509721096c50280e27b933494fc8c6c204a2c550a4418d55a81fe071c02e76dfb3746f1a8d3ecc8e3537fa5d243c47c28306b6dacf7e283e438bab3a603a3
0215f9f1f5d9e8b0edf5948f0c3be938d9db8b1de036615d8cf4f9eb960d0ca9d26b696d9ea278b6d7e1d30c472ddd5c29d0170310ef3133f88257c33d171be7656ca881e954390297bbf136d7861c78937f311d4650bcc7940222df2517d3cd7f82e4bd791c1f207a02baa4c0dff928b19601bcab801ba2
264c1f547a73845272f15f7c5ecc8c2ebd65066cfe1c43826fa130840fdb0421db5ab02e9ca057bab5c9110bea0915a082f7e14b81607f96c82635f020cb7206b2d2a1302103df7b48539131ddc4339a78dec2ef6aee5dcec3563bc810def953ecf30eb47c2f98fa451ad0d04c17a09af3592011158e3b3e
265207c5df64c3d04bd5e8fa08ee030b51ec97c538d500c9bb9daed7bd050030e33b40819060e78f46637a500f36eb3d1e36f7eed061fbf5b40d9d452863b98deb8e0cf2d7303bf3f22a3336f3df5a6b487d13c70374092d941a30420babec9d43f28d79d72a119736129bc2a1a44118a20e092c771d28dd
3f1f63d71c8326535a6ca6f12500ef2b8652f70d5b987045287d0fc041752402801a53580f50ae246330dd611633760510a049d9c275396aa38952150852d611f6d994235dcb88673bf6c118897143e35082f000dd068ff4b1e80c666be77fdb13a0005dca99353c1c05e75745407227a0f891c72f69bfd3
3fffbfff9ce05313972d872076d7c72e5250bfdeaf0f911424008dc087522a20c4ae04fbaa407b7b2fd8cb716d21f1debb86498c01ccb0264aadc227000020001effd7033de063dcdbe7732410ebf33ae8848375edffb8ddbc5817143c8dad485241c242681379474a22a4e618961fea6119a7ecda881eed
07997d90f25921a26dcb7a31906ad42247e7dd70e7c0f2001524f0cac4fc25dd9e382581d3f0bff96fefa1238006d9c1c5a45edb71dc017fb875a73635f91d41303dc3a2abed6e9aa4d9be22f46e5b7129e8635e02b7a0f687db0f483fbb14ab7b70b98584587a006038923c1326812d8023c51d74721bbf
1f602e53938e02f231c182ef3a58b70d834342c6c0105367d71b279551de161afb988b489dd3f270a63a37bf7a161562b7c9bc36b2b7d4609664d57405df1b28c999942301c687e039d0170091275ae8ab7a237e81fd88f079081bb63d5c20dd0f10a5fb81ed60bcb80f0867a336df122098912d128bf21d
20a374449a3659609370f6c939de091285fb412f780340612b91e45dd45c03e02d54b88b20201803f6c59a17123a670d6336a7df90759c40d1524d1207f1f822ceb5c1d25822ce152738a309cce71a6284e44118e44ba2df694b1c334eb6bdf3f822314348bcad00ed32e1baf39e26599040fe1d92d10e64
21b8b3554a6af45169ebdf002e1e681b1ad2d0912464a343129d1e944f4913681286ac5a6f01fc6eb7e0348b96288d5a0797bbfc9266d97aec83317d1bb688b5f1adda80855829f05451ec397d5503d5f319b259f95f5187b02822f93c8426510d6155f4ede54ba1f43af9a471241419c0def1853b2ac94e
3983f70d5a990b717cd3145c3568180aa586ac2a267851e4580fbb15c2b22495919aab9e89738bdeeefb19df932b9dfa3164e697e0a94edbb47ebf713767acb1a53ab823d706c716e301f1392c945edb67b8627694ae83ab39eb26e279e9e943c16389680ec367c9b809239cc4d762ee0163613764d6ea53
1414273f5b501d51f165adb023beb732b1d41d6ad3a6b17a408bc849c57f1bd636d20660e951ffc9761a6737280d3d3dbcf7ae8a61a4b2ddf307fbfe311dd2850edf2043ca39fc5c9d09ec2d0136eac69bf221d2d26bcc25253c16b7cbd0d42c0573033a3fae294b282e5ea7f9a5f1aeb22f752df946d95a
0f5173adb9bc2e7185f86b3146623b32e74c8c215f72c0980063b265c15a3a5e7517889c26f2f756979c0439c53e3f120494b68aa0289a139a8f12ab12e8a45446eac943dddd291313da0f3585e207847c8fc22cc3fd096fd4070f412c39c01ac1f17a430665709b7d0ea8600600277a813d0d0e91b4fbf4
1b1d225b0b670fa042f24c0b97f1932bdc8504bfea108035bff0a4f30f9a28955e1bbd39bff063ad56348aa7c53c1c66ab71057d31b9c1355753e9f0385a831a5fbce3434fa5ba007940da358327164bcb1800a4811c3a268cf628a4948052e7b82280c16c6cda444a1196750052f869201fe8e2a655b8c7
3aa15804a37199933e9f966aaf628e0e492006a117d3f2030071755f6a273d16ccf9ab4c6d63138198e67a85d6289e0a30d24dc0b331520190603151328517277c7f2541adc757e69657793d7592355316a772ecbb4eac8df7271a9cfa133d9e3b4302eb050f5558d531b01d9e66e1282040f88dd5691527
21b7915c3b43460314bd8fbbb424f10b119ec5f842a1934b351d7f3f71b605b5337a65b00ba1f45a26e366ff17236e0bcc0ae463320e243cfaaf70682c3f3b0022e57a70a5fa2dae306e1601b851b375c7b0522b0f2fd0b62df91f6b8ecb80c1245390452d98cb7c9416e1e2278447c1638a07e71579c352
02693e537dfc101251c6caef3e56e609b50641c26fd592bef745bf31ee053b21468e6085d4e124d1d28a60f22e3f822c244f3d6990c6a5468f48956a36bf281becffde20e2338f7fb0ebf21e678c8777b420608402b698ce7d662b8c2312052348b17cbab96d2fbf9607cd8a2486f7a3f20b9c9649f244d2
10fb4cb4858780f2b83013e5b556d139b1dbd197c15db17042499cd46db2229346f78f598311b6128429d1f5f63b0afde9f85ba1220e45e589bfb59a3c04a78cc526269043756566448a4614450a09168f5f824ca31c900cea0f09dfa8424d3b2662f1a78651b48d482e1a4814a225c1c097857e483bb226
3a279b4caa8acbe16a6c71e16f50351f653ae893d008b0636e5f105d8c950f5cd01d3e7940630511c99334bdad04ef5afd11400f424af63538648f6a33a172ae1dfc4fa022ad568b9b90b337ee6bcb368d976128a86439c063f30a423a95f8b345f042d14d4372c6701d49eb41b270e3819d199a895c95a7
03c88a05a6929a232c6c0d2e2f5a2232d152098abaae03b759a2ccebaf85205f092b6c4c5461720d2c51694e242bc8fad69577adc3d7e06ca689a5a1155c922a37f6e9400c7f1d6bb2b4420c2915d082db7751b383f661016f3f3db852b992e5bb12a563d03b33d73617d3f84e8b77b7c3ddaee8d5b0e30c
0d8d18a122be1dd2e66aeb1b978c133d7d15b183b39f0395862437aa48101180d223eafbd321e4cd772df2577e1cdbebf49cbdcef1f767872b5d731a24df733c7feb44d09f09236c7f867d2b1f12981fea9353b77b21a88267171f72b388d37f3043421d51385e1998342337a23162f040d71f3da70fa1c8
07bfffffbfff8001934941bf61261221d16043e29106130fdbd1656d21101fcd7c5ac053e6f2514b9dc298f15e14f81f4f586b2311e335cb6dd9965f3c2000001be04011e1e8754b8abfcc0f174fde0ca77d02d7b0b2f1a4e7bc101941d29dc60c916aaae52f6eb8d01ba1f8ee5d4e0de27229ef0b008013
1178ba8bf656c530a714235532d005137c5d78eebdfc10c1f11ecace49200c29b858aff3a1828865784af00bf5073bb650e1cd1312b0f655f0e6c8b51bcd2a99317599e253bf1f1a0e9923081935ce26613031245a392a02c35f29d5d9da19ec7911a542562b7502443b4f4a2aa6bc54f18ee53c2e72e5c2
138502487c27cd936197ba234cb33327a0ca9bac191f81cc68db0c4b8736013083752bc36d92ed3718ebdbd84a233fe9e7ed601751d80f2b26eddd901b9bcf20df1e44a2f0d58339373926151034060e74d9b3291b8d8725230a050be50ad3e59ff0324797eb0aaa3317298e89b9b41bb317d87805d3b30a
010054d88cf1ecf3378d91dd266f220632fd31eb640bc29366b68c39fe322ab82cdc4843e9c19d2e5ace75516e2fcaf1f401b2fcf19abf844614116b1fa777eda634e86038f1d9c52ec7e80f737318b1f0c6d3d7a1cbfdc69ad5261e01d2ef69be5346d671377ad5543c9a036ca29d7581370ba8517a683f
11778d05f1d716f3a008db640d9454359b5528cab717c278ace03f6c9ff724bdd39499b809e20a810b6184e162130416d8f262a1108692c0b46cf5d613555d2ec69827c19e643aee678cfe04276440eeab52f16e2668717b9cf425647512873cddc0017dc86bf909ff35505373e257463323d8e16ccce7d3
315ad60733144d3073b4e968ad31bf0bb19ab8d8084731fd7ea4a8287fbb21db2892dd39a26088c0fb635594f5344a8b070cf1d021ff7a6cbd32f04d1666eaede46cc6223c0487d7858596368c26daea854a2121ed8b66a782f726f86f13aa02fff12d7317289bbd0a1b525353a85b01c2b78137ff9de27b
1a70588fc67b72921de9858760eb6f2d745f2177a97e8038a8c1693c39b9194d032b0c3aace18764181149551a0d6b40b67113679317ed38055a16153168715a4eec00b2af742a9948097a34fcfe3e14b04b5158b7c123118a61125127bb43770492c05b9e5409739e046346ba18462683230fa8defc39f3
3fb68ba5260179000811c4411ef9a534a9ab09793214919df21d86f79d5e26e2884fe87d90606a548e68cca4ce1fadef4ffe418ba0a04113b5abbdd50a4fcb9583c301e3ea08ccd8de706d0c4e043d5114d3b39854dcc55c7ff63f298d0b0e3297111f5c802834689d1a886e5f2324ed716076f5941f7290
226e7900c4e6ebd058174d235be0103aafbb60d1bacf0193af590972dc052187e0d5ddf9570059312641793b8215f483e397ea48a000a1e60b9dd2a610a7d9c92c762270b7c3dcc78f5cca2c5fca7cd60d8440ae82c030692904246e57bdcc19935036416685fddf0b21a46e6988d492d0e281a2d6bbe0e5
04948751d05390c187945448d405fa2856102bb04f3c730b9fb8ce2b480510803d560b1be062fb28e1ec150aad2dec69bc1027ba73a8e48105188aa418e5f01fa80315d041de57f2582dd73793460af5e70552968d2ab2723121245c35a681a7fda351754eddd9cbed3b88f587d467a2e23272371d4bbcdf
08f049e717f45563351682cce3f243037364663f8b3fc360d18dc2e2465d0f764c970f3a8ea19032a6ed7b6ecf16b64f1015c52cc1a1b0781fe32790263d4bd78f5bdb62a97c1c1279d08520c85690c12858f11813692037b178301a393c7b58a1f37433d5dd54c83527e20a1ebb875d11d2fa500fdb0e9e
257a0d59cc521e923758940e14fdbd07f07b78d8881a42b1fb22155114f82652972182123c02763c9997dedad903c7ca3dcbaaa2e178125aef5f7a5b16ffeb2ae57ada91859b425d23a6a3381a5db61229b79021d47a8143fcc3237a97c40c0abf72c1d2ebecc295ba2753186a448f16f26bbe42ddf6d523
097f38d1de0d1560b5ceb8e5757f8c30e139873653a2b1615775d70ed0d935985f859fd7a6f2b8da837aabe31b223b6aa93af35b2155009259a83095237075d468d892231ea1086fabc71e21bd995d938809c12b5b47c5063063099acd61ebb58c8120c5c12080e1e1300d0462c649cb22e3a0da4c22df5f
24d7952e24a61652fd2eb607761d8c135c2a01297277711d45f2ec9f9aee1a69ece6eecfac53f6917d52405468333ee08694d37e22c561b08acad2dd30abef79f8cca8d388cca54128548224451317607057f10fda566f02978e1791bbb218323f92b74a586dc581852669b870ad5450a2308b410bd7a1e2
0fb7335bb8b8d9004cd613f96d8f8011b5fdc455f97022aaccd7c48527df37a3e18770d6b6806e863ae0f70e483ca340eabfc21fd092199a4a5659403d77ba0f012474e21ae4a1fe4dbda23782526a6ba3d5d3c80e8f75c2ebaf198e5d3f740170d30a4f778fdea5890db8ecc4e246ed630bf00c2e478d61
288d33c4aaa912422caa6cf8c7442720b35c3244354f93ead22568efcdd6395ef0c1114d9b038948ae70d0d0501f65aa80efef92821630371ebd23442c72ed53b7d6dd51e4ef4357ea01661ffc9b3da9a1d2f2f6cc47ea5eb59e1bbd516392bf54d231248727acbbba3971b898432987b1e8bb8fea7ba29b
3fc007c01cdfbf10a0ce4081471fd118a8afecb4702fe0bcc9af13d3b01f2317812148a09000dcc5c62b57eb492bc1a944e23a2c625f0948c3102409001ffc1fdf0021005b25f5eab8c2ec39d8740f82a66401fd5d27e0ca910e1a98de540b75df6024edd0fb303bda03ee1618bb8542023440306065393e
00000000000000038c93a936473f3e055325cb78b75103c188f0b35e75f3086f0913d35b27524874bd815951480d81f57993718c01482e7357c07c9d3dbf28532e4e74734094baf4100821096af0531c4493e361a5f0b41ff1312e816e955891cc525164a3528617852d47ab5fced899a398e34e32254f3f
2a158f3edf5cc293ac016fce3fa5da10fe947b12771672f4aa5f06ca00f12671c0dab6fc8fa14ff08e6207ee4333f7fd10b227e6c3daffdc09abb16c22432f98eace59f2ca5e98aa8907193f379e59d9bc10b2dba8554f0933610330de0e50327c13eaccf3e5c4e84e1d9de3921ba5d902e7c80cc8e86fc7
26558f42e43d42235f46ed454c5c23262e1e4f20f7f5111189744b2188003339826a87f9ab8044e37893d89d9224423a43f71f7ad3c5fe4b81e9f8652daa99cac9135c23533333b83d6d2f317c20ca2fd7a90221cec0ef585fde2bdbcd24415d1f4134661300808d153d25d744d7759612d436ee17676169
23a55d9bc84f0013f08cd53a3cb38310a8262e096f70e2a2f7e87e5d2af335bbc2a4b832fd822f4fe4fff4bbfd3b39f83257fb35c2c38b34e3fc520023de2cb7668d7370e6cec9e90012b804ef1be61c84cbe143f2e2fb259f0934f2ba779c622a7053669c6d52e0800bda4259ad09c8309e88eda171c996
01a2ef92efe2a5c1346b91d53791062e618ef15fd13ad3fca1f6e3d168931aa0b1c93422c0730d2b001a0c6cc321c983e989181571932c717ee9bc553e41081ee084784000aa022686d9aa01356418d92a6c926e85ce162d5443264a846bc3ba3633faafb7f444c8fa2717156ecbf44d907fed3821f5e0b8
1492962ff4500b90f73fcec96bb69b0325f04555a40a139773b1b27a9e57211a892fd2422b0247202ee6f99dcc1af5a329c1073243bc2c27663a9a062f21bd3be34711c08c1977d42c1e001502b164911e94d031ea924f029f7604baa74f8f9385f05f8fee72943eab2028737c971dc3319084a90b94201f
2f15043f964765019e489c675e3df110b0a81c5e47f2f097d8fab788996627be0a8cbfb224f1e4a4a8bc73df8e3fbd3a8c4a0f6273268e4b8b0cb0da2ad0edbb4a71ad9232f9c3578f7815347b93ad125268c27fde6554bb11eb35f68dde9887b0015259a3d1b1506e16cfac688fa6e6c3ee5935eaf5e53e
14abedbe9ceb0170662ec7a210445a0b691cb308f59a3382e2081657cc810441659c0e9576b31e5a44aea4e2c80a8003f435f6a8b2a1c07d6cf667401c9850b9b2c1aad284c075b5ee09df3ce37b9260ede05018b1604eab210f376914229b83bd925cf6b018c249513afd23a0105d01f05c719f78024543
2dc1a12d3da4570137b8b012db4ad43181fdcd72111192ae713af8178165023b81c4c77ccfc0382566e09032650e78cc7acdef15d2f879ae31ee883505159d6ca25ad5e0b6cb14958ca69a0c3d92053fc739f022e5120c1b78bb237dd145048c06e1a170d109e5968c0908fd7617045a11636ebca6210e52
26c42e4eba5c0cf3c6655fecd8bf6f133561407951f4e00652256bae2a95285c9df91fc1aa716ec268739548c72a75140257f2efe09151835b1d7c9a05d4f1ce88d16a737a82f6ae907d6e1c8558c73c9723e0e20b27a6c44d44140a90dcebed2113ae37f2a8ddd0963e4b700c63383d502100ce33443bd8
3f036da894703c006a31264e9cfffc103dbfdd3725ea1229058be77ff3fd3b619175528b992224e420742533ec30bcddc8f6f072125f72725daf31171e129a713e914c91219e2ca58b7d7132fa9924a289c5a318c17d9da121480f5231aeb524fdb2412cd08b760e3a1085fb870f1585635bc2e9fb8d9a63
331b9d16adcb0b63ce001eb9628a3a3e8172b37c31f2306813196b3c2dd6287c658c32882d23cb25bdf26f07dc271fed2d7812e7b0ece968303262052376d4e98b610571d18821fed11526143cba6230fa7613b0b4cd6fd7e51f0001e19c93cace829b9ce7416ccefe00b2d8318a8833018b31916ff5a77a
1033695beda326231ae7d336ab86cd037f06eb51a5bfd1b7c73e182dfa9c1de932c7a34f9112a0acfb90bed3e53e59c3a8117e33f3599810ae9833f93e614e46b83624324f23bcebd225a0147af971f475b22155e6a7ab4187dc1d65bd382e949ba2448961ec817a9b11cf7aac9e269ff372d7aaa2d809e5
3167d15fdb4dffa0e9cbbbef9f351f2eaff78c56b437b273a8ea47809d850253c55c8ab495133be49beffac7e12446c119fa633d001b402cfb362c29086a1d7d0aaf9032936426552d8f6d1125586bb0f5c30212cffdb47677062f032e48906a0c7396f32d4cebc22534ef84ca06069f53a2473053b21f95
31fb127f73ce3a817de02e82ea3a080e6218bc652c99f0a27cab14146a212a115a66c4e0ca4276456df278559835291239f78ab7513ecb7f0f52b7e4080265b473f087e35f12e2df4607f638888a89165f1360f227d8f7a7cb1f11e4994ee9e36ed1cd238fe4667d631316edd82e45bab2f6980a1aa33dd5
0fffffc028bfff01fda77fd841d0a909003e4750db4a2045004c76d31a3b3ced9e8dd39da37218a39afdd6156604c1512a84e5fa824e477d0e81c9043800001fd7000113acb9563ef96a8101acace23890d6d23d1e756912eb262dadcf9dc3e755b186fee691d026cc176e4225ea2f5af03ca1163acd66c0
2b2ab0976fae9652bb46a21b11c840377c6b021d539fb1ac818fcc63c823030379f0f58fa6c21a087f84bd37ef2b2483ad0ac701f028cf055922f1be0af1edbcca36f0c342ea012f5e299037adead069b728e2041186017a6f5c2044643301f9dd31b09519cde9b77b11cbde1740880ee03ec2eff2296b73
014ebfb56ffc453263e98f2126c2ea0991c43abb808b10ea10a2203058461a0dc4bf01f4a5c1f701e2c7797fd716e55f1d0fb5df00b616eff0674c71300be5793ff860738a68adaff276ec103586bcdb1ce942312b7eb28f23ae1ff225094fca2210d33a651db5d9471b6fd5167f4a34b34df512534d6d8e
192c9043e2e041c2a39d5dd71c77d812263e4f540562f35939b261574b53278325f1cc3fbdc2d0b9fd9f596d691f54f5cfa25e5761e2f47021f8e59e0a8e1175e516ceb3065f5442b256202fbb61b17cd3b800a4d12d146d03ba2199e9fec2f3e7c3b7ebed81d243fe2a071cdfb912f3711bef3862e74d33
3317cfbb224dd1b08ac7f13460af9838d76cf7bf532f936c60b0e0851764180f46ae9c42ffd1d0d27fdcbb5389159f33be6d5ed273bbe32b1dda7fd50ae049c30b3ac5a3b50d6631854e970421c60fcb7a264346b25ddafaf2ab34c43e077cafae70b4ee25619bfe5a25fd5a789be06d608ea0cad7ae9f88
069b9cdfbe2b3d404ca91ef019554a2f1bd500d8abbec0189f8142c3a354219b8011e7107e135b3c8a5a2ad9963990080ce90d41b3a7620eba8a212c08e29b67ac2a89c09afd9e70a2fcb50c718756482ae6b01e00c8754b1c072c8077b9c94510d0f4259b6d575a182a3aa8b1415154535d668947529c16
14ab53ee833410d0725ec4bdd0130a325293aaddfdf7604b300b764a00330aaa0e43109c5440f1fcfe4b2fea473330ed8c8f0b88c11930f0d7d8e8d112fa925324d7d0a07e2918bebec120016d5a08957bc6d12c2fb211ea3f91383874b63948bd8165c56e66c0288519993cef38abd2e32f090c3a6c7be4
06e91b97bb501343e1dc0dcd5b19bb37f5de9b63a84b016f83d0c2e2b0a230eca8792a30e6822f62bd1d7a60f6268087c373c8a250d369314f2861a52bf13d4ccdea24d0e4cac7388993da0eebbb4e534db7c2c5339a8f59573c11341fe5a08d7b20a3a4a2b3e148f92c2a2b5248c4296202b1ac67353425
2a7d72431f021b8357dc208d49f7e2244262ecf966fbd00bc2110e470fd43f8b7721e00c9de279bf772aa4023302ae07028b41f8d0099f99361e0a4f2f0862419c070ae156437d14b5f0041468345bc2dcb9031dd6e8f9abb5541d6f11cc99d754c3f972464ce4797e000ea8ebe367eb11ab326047efb191
065b8610b45736429272c6db5da5f506d9af76defa7e73b4e8e8a68379931a4d2b6ec23611d09ae6b49b2a483d167439e71225ce50371edade54380805830d157431eda3132be8e4761d022d31e27c93663a138cc6cd778c4b440bf7af75b3d5afc204f50ddd108c763464aaeeb4419ce3ff4445fbf10dbe
3c32ea3bf489e233bd05a49d3c482c2fefab9afc9b0ee16c367097b67fc414a2d5d7ff2e10528e54a90960958d3d4a23b754bd29f1dd1b89e6fe342e3bd74d08374d2c51c4b8303e9618a12da8bcee768443510f4554953d32340f64283ce7135e1147427b049aba9c2ccea08b89f04d727712009c8415e0
1a8ae32a5115f241477c4e51f39e3b2c277731d84a44f01859a65173c8c62eb4d0d4ac62d833105616a187a0a4302b0d4947dde0c214c3bba0d580851ac101004741ed702c748d17c8ac850581101ab5c0184239c28f103241a216445935569658007330a00abb4b482af264fa46c64c70afcdf3c426ae93
3daf9fb236426fd3ed3d303068e6bf0b4f314a2c56b8c07e55cca129ca9c0172d869a9344ea2ce7b8ea41eb5833bd6fa5dfd93f361648f2e03d2557614e6e8e697c22dd0e5a39167e4e2f23526d41cc7e5de10985e44dd9a38a70219766896d561a2a5ca4f6ff3130d0246b43f8e8f80c3d3c2139a314fc1
16b3b672a882cac09cb0567dc40c8a00b0a93c28d257233102b4f9b367b6234b00b82ebac5b255a72ff07cbbf21def7246d3897613e886bb57058c5d1adfbe196e3e5e5358f87a35d1196b32a02e1229c59b534eb03b44afad423e2df4d61f3266e0bba7cb2a1a2de2093ac32fb2a00441758e55830ff38c
199c5edaf603f2622613ae22230dc00555138dea67ecf35249732a450d890a976d8f38f92fd210b105ef6fbd40116d877684122650b1a6a70b0d95d628a187c817635f1322425e8800f58607d71f8bb6600df2a029073b10ed8a395b99b0e80097a0aaa048e19cb1110f2b3e2f904844c165e495959fa53c
337c3e3b2aafc6b2ce5a16077c8d9c1a063f00bb47dd233b778344a0d081270718f55fab70b2000d1a5d59587c0266aaaacbf82f0105b9f8f4a73f0e07f8c2ed2b5ac9a1df811d54804f460e4c88d97671cc102ed7c115c593ce0d4fd3ad3f2e6261d68a5c50a6d8982fa9917dc89cba800991604ca2984d
0000100020c00683a3c622b8c66b1221e6f855ea66cc13bc0caf18fcc37b3439740b2335cab2bdf0e8ab9cef70304b21b5ba2b71218999729e8a32d53ffff7ffdafffd922e1ceea35aca78314b8b462ff671101e1d0c39988f1d28b0305c9aec2782a1078ba9ef884927da6f251eca4782574554f7ff5bba
2a65675c1b056f713a18689fd493322c1dab46588a3c3156b87323e744fb311cfef960e8e9e185dd8065aad3eb002e70db9ea32a5362508eaa3803853d4dc56884902410816d29cbaab87a21dc8afa6d210180437829a50313f42b8e8fa4650a2432fdf6f4f46929592b8ee6475c208ec383b323a56079f0
2039546527eee1c18e459fc3d442010a584e6a6f073ff0efa7d03ff127421c3cfe87a236c190874ea2a61381ea30375f0b6f096ec3bafcd3642d121e17a3cb184c3573f0279277de491bac208dfebdd96c40a3e1e54f7d822a113cb9bd3a8568ee017a511d751ef63e117bff32a51affd18f7f09796a0042
39686105231f24a35d006392c2ca37157e5a096d8bb8d3cdc50d685448681d5ae972e9f230c1e9469b004ab03d27364b5f782a2171b463c7a41d32730d7cbfb0d7b58ec0861be65163c7f814d4513717bbeb5001ac82ea038e611c3bbe64ef273e42938f20782f608d23e58ebd8fcef63306d95eeb1fc8c2
1ce9d2ff94b6da735a9667a70542942f5a5cca8783fd5007f8f5cecf7d4838a178f5881a53c38c98c522e3cbf0241fc7db2e16c982889a1dc22226af12cdbee0a3dfaa521c3be108bdbacf03d06bf628499a312f057c6979d7a5144204a95805e2a2acc8ee783c57cb03c6a5edc6891fa03445ce0423f346
3edd08b5595dd3a356b17a456a5e6921ab05c72132a2009a135d0aa1b71c148b832593f11aa29e6e56112bf9cc0cfcbc1bc4260320d7930ddd0853631762cafdbdc6ddf2e9dedf26d1b4692c3382ad0a4df1e314771fbf300d173c244966bc7d07e1d65a905802696f02b7432ea8adbe3302cc464713c2a8
3a24b46dd742bf93ed8b7dde5548aa29dca7b4ab89e692895559fcc5a1441476442338ceba02c35bd6e22f6ff0063b75802bbcd70203769b2a17633717a8de92b799a581eed8332247b01d29d4b38f09b94b51e0db11ca0cd803390dd8c5d71e4cb106ebad10ab5e8712a5eefafc6b34602f00dbe05607ec
227525ef3ebbdb51c98d9a47240300125995c58c6187b1eade4ad1452eed07d59aa18b610c72d7d5833ee179ad39bce01885818710977af1b30ae9983129944d2bf20f12436b54ff3f16bc1780478de403a160e96fcb49d72d6301208bc7cbcb606255ec86cedeab751e7876e3729263a2da1691752e8c69
2e8fc2c446dd04115567ba6c1f4e611e6ef3b4997037d159c74d8a0b3dd0200566acaa1b7cb1069ebca5c973253f31d9f7d7aea122fc0de589ead886303b93507203bf53c71efdaa47702012d748806f49f1f1a45642bfbb7024327fbb6ed5838402f14f468ec1043e36bca4503eb5f231c83aae0d1fbbba
2a1bd26814ea6ee3ad62a5fe6bb68539b61f6fe6f7395289bb60f053ca8e17a4e4fc122ee380d2bf0312303bd702bbdea0ec7c09e0f92772b316f68f3d5e84025f843f11f5944e6f41bcd1117148efe8d5d3a2f8ba4780898c1a04114dc6329eb473cc647c68c201e433a38c72749353a07f393fd43cc014
18de3ee5c7ddbe837fad9cf7e8b4851719ba6bdecdc7e240baf1c9f3da1e17009df96afa7c030ba42414f3ac9c05fbac9172c5a4a0bb35d9047e6d58017d47450907ac63a0f8c619f326cb24d7a0c8b44ce2902aadfa196a4b233ef9f605d9c816b3d44da6b3e79c83306c8ce9837a1d7141208256ae0075
3fe9fbcdc7a49631422ca028fc17a618ef93e514383c11db5ec25a2321fc3100105148e01151ff7cfa069ecb3215da946137af2dd3ecd66ce31aebc83a0ebddea2c2c9c2252f702d854bdc0afc36cfef85c773c62695314280bc18e678d55de10e80a38c6e878122c53bbda3e52bf4fac3bd054394ad1382
36a16c82615d51936211a7b78be98d1672e6448a974810b20d3f1126e1be3d2fe43f37a4b402c8ebbca1c77dbd236e9f14419526e2c93e14bea101421c92078bdba400d008acc937b56651108e3ad53d844623c39e26cc079a612e2a82eea35d6b73f62985276dc45e14e57e9637296502b2385bb7665abe
1887571a736737932192f78b92815c1e7c7cd99a109fa031f8aef45821de16499f091aa685a0325c42b7a417ab3838a2bb60d71c32f1c2b343e111402725b0c493479322b9decf657dcd800df0bfdfcb1a3a11893f248e9014710552092f53f5ce235d76cfb92f16f61f5b1ae8d19d15314d0ca31257f7c3
11ffea4607c27351738342505294f62fb7e700cb4fbfc36d32a31602889805cf68ea272aa6d11b1335675de3ae2d0dbedfc38dab43aa006b12e378cc3b7c381c61d2a04313132491a5e08a025c46aadfa7bcb3cad73b44652d2319c2329658d965b0ba083ed43b0aea0e2f23cc365bf8a09f05a778df2004
10271ab6b549914288fec55476ff4c2d7172c9c5baa86298b1b129d1a209137fb87f0e5d9b22d2ae4200ea3b5429f9c840d567dac05b1420b06397f63d3c06c19124f1423dbad8dedba2b236d9c3f02e514a50dfe33caeae8b043964013411c67c10cd2c6133743aac00307f5aa31d5660e4a9d759be924f
204400002cdfff122a65f21540ee8a1a58bf6c6f2d6b23abd1abe47f27822a1c7d4119396e72490014399c0d182acdccd8412adee0ab1575e36f27080fddffffd7000101965a1d209adb902a1ff0083af4b1e289b5c5b21be4833c583690868ecf416ed0a9f3ed2af30468044f0c0ce8c10e3a19d056b7be
026410ca076b8c724ea38289b3f4cf12845c406b7e33c0000000000000001f43186ac8ba51f26246acba62a98b3e08a606fe3b01d0000000000000002e64c9fd0bf99412c79f9fd12472a1313efaae2b9f50a0000000000000003ee507d94f7d9be0000000000000003002d510f1d0d8f000000000000000
03c28765b88b6291576b22c095dbca30fb054f16f72c010a1f92da9d7b6e2bc4e320b9966ae25504091db59be50b47ac7e83657b639fcea4f4f4386923256d92b60ee2901fc31d8f26f8ef0b988e0c711f6182b52dd5d394305907c055d894de7e92dad2c520c839e710c7742e21103492da12bb4679c5c8
1c5d74bd39bf15a25ef8c63219c1ac1e9ac9577895d5b1e690871260aa5e1e6532e40beec5c0c3f077d82e001d2f22cd98bb578c32e20a5435d12a2908228de41d2244516387226725b24e217235699417ef93d0b05e603cf9a818feac907d6914538132652277611a1833cd0f919104c2a3c49b99eafd0d
20d5724020eab3e11dd45d8fd6bcec192b5d8c661ed59331e3a4808f8b9e3252fd1b2d256ca3a0d50943c1f97b31c4572770ce71e12ee62c80f90cdf146ee2a75ee8c0505a4fabed802e6c0cb5110d61403eb016cf94e4bc6d241e1ccd534cc35c82c2d2626ae2b90901a94b322fbd2332a90681735a14a2
3b8fc2972e8a500337988306b0184f24916b133138dc721b36e211ed3c6317c7ff7ed34daca104b611a45039ae29cbf054d2df98a2501f122011e1772ea6d6dbd13731b01a8d886e95165d21a6de2052861931fb51657fb5c48e3de6b509cc4983137f741b1c62ac5432f5397cc31c1301be9b5c91f12d63
00524af0dbeae072ba673ad1fca6473ba7c67f812b2c139af1b48d204b77061e99e93e873030547723b66ef1b1149ab20a74526191054df752eb570c364f6f75b081b981bf14eeb07d840c1198992cf5edfdc38cdd75561d618c189b0d89c6b20ee3a136143e4f709433e35dc8983f5d1397d56bc95ff47e
08f32356810173d01717474488c4fa0b71a1e360a26ba1ba44a3c34d4f6f179082bb5b221921e3c9b08f5fac8117e5ac6a713ddb20b819c7d02e0cc513abd52c7dae3df2f4af37bc3b6a0a0c0d92af2ddc53123e9d6b69a06163064cadba83bcc192dd838f315131b9086c97e6ccfdca80d672c455a50f2e
1eca63aaba70a4b104e852c020e0710b9259eee82b0523f0d6ef42ef976a1bc78cac0d3493039bbe2fafed0c2629b4254c803b94311f0c1a8384c9372526e06e21c9b671419518866f3dd82970ba65d84895305170fdc8a166fe042353656fb4e6a0d42821cdfdbc0910bd01a86c585d328fc79b51c439bd
380430c0a24d4e0094835ddbde9cf926b659f8d40baee006e6a94be5cdd600578fbc88085eb09f6ac44c25b44e029a27d8984ab5f35231326e82443c2b40882e3a253ac1827ec873edfe7d0a5ca51c2a9e16b3e8641b82eaa28204824ec7f17d50f31f1ae0a21e7b2537606b08e7f2f2307a06fdc783ef74
22550fc73602dd60e008a04fcf57a81806b52e62b95c7246b79ecd2c8db20b1c1a0d38b5d8b38aa4b0c4735d1f296d5d7c6b5b8a13410dc6ea8f2c8d19ffb03cdac9dee3c5ff967d19d6d2150841740cabdeb213de973dbaadb93e51403d8717fce26275e32ee84c2d0f94234a81a2291173e72308ad5f79
0bf5d222cc9a89519ff7187ff0503b1fa692fda5f8dc802743d4e6951b5d17254661bc6fe880fae9c12d53e0a81c36b0838b504860f5add47b938371204278bf7931169054faa54aa9ec0a146b6695093e97905c623e67b928301f390037be24bfa3107eb907c305b62ac445842c45dab1d401ce912f2359
2d4d9ee02be4ca12ef1fc1299330721645aadef62e64e28afe9f9508d2822b69247aba6c61704bdf3be44e6027324580e3cdf8f6f1106780a94016411b3a8074738f79b30d2a0d4a4c45d503f821ba961dfa23e2ec02585bd9d8184160bb0fd63de3ff2cbae65af306155129277dd686518785f52ddca7a5
05717b1001275560fa4f1059ff62c82b7ea529299376e39a6c9d2da162d1031507ac14c278124ff1a653e1dc5639259dff34fd23916345c5aee46ca82270bf585cf4aa8230ef5d9fee600523d972f0b17d5ac2e677238aaf9645012addac8798f32036c10e935d70ff25215040508cefb0c4641ce2a8932d
0496ee1c7594eb30b545ebb3c9293b334a3fb8a60bd311cdc2d8e536682516453e49f86838836446b6c045945214e6791d6097b2f28111394082dcbf267a6788f6bec6a0dde26c6bc33c9b3ab2c2338ef35f1117076c14b89e0429422ca325f6d113096d78e36a1ae90c4d0578817f1c03d25a78f41b9742
3b29f2a9e259cb229d020812467b9e1b38f2c92a4e86b32ce6fd915ff03203b86856f6cc8a504140a091c39d3f2c2e7471b95951b0773e7a73f3374e2e09a2404aa1172112452767444ded27fd5395550531d3150cfcebbf69fc36c6f033fe43a111f6bdaaff2888b101b6fd6a2231d13125a82ab840df5d
0003e04421000f020e68f48c01312d31772c678a0e1de16b3caaac42820125ca0f1ffff6bfb343da19e770332321d66b1a65db9173010699e606a7943ffe0fdddadff913a4589be519ba3f2d7135d217d76d01aa00464e5b3743393f9754adbac792f163a71ce217ee3c94975318b34853e34187cec8f779
0000000000000002e88fafcc12bb852b7cfb6974bef8d21d0147272b4d990438aa9fba6032f125a9b6258c88140b93918a72cffe005ae3cc6c4c480436e4d4321f227ef18bfef078155d521e3f6ef9b575cda1307f7349c75947274f850ce07f8da0c81561fac3f72107592b8e0e0c2911b6aa0b76c097cb
08001a598407167069730fbcafc7050244014a87d9ab525c9c81fa5d8c441e2ad42d201d6123cb2d311304f61c16f28c02dba6c3023cc2f34d9e78652a9b88d80d649640d44ad83cb45b09202d806cf86b75a2b73780c104b26238e0e93cf6590c502ca7cb621e0e8c2d640607cb765ee0a965630b5bb1fb
011116e788ea6073444d1f8a6ca5513a27de2c676bd1a052a735136d626025f87c5a2f1ca1b3845b05a72ee41f3b739b43a5985713ab9d7b9a47fd02254915e1b2b455b1b2822189b6e9d534e5dcd91d23cbb03c92a0aa6fa84532a49bd845005250ce7d1c6b70e23a05078fc2b3a80020cd8d6153724c2f
2dceb43e4afbb190ab8724676a6b671b67fd69e2b9c701967e87abd617c92031e6303172e1324ff913b97b63b81f77ed0c283c5d605be45c4de2fd0c114c58fbe122a462fbb329bb68a9fb20624d6e4924dca14c794e63501a963565534310332be115e55bd710fde3121f2d2dfa7352b10dcc3b7b83dc20
37a3283301241e714c101b6668e05c33624003284594f09ded4b3c29ffa218b086d4c4076d801913a0c5e48d6c20678de0285839e3048f2e4e98e106238a02ca933e4be0eef58eb7aacd3400aac9a7053b63a0736953a7b74ddd19c912600563ee6374ae21304c281a134236d9887fcb43abc6515b1c51ca
039cbcee9dee23f11d57bdba054dfb36bc6198186642103571f9501d6f943dd4f287e68f19c2661762c55a49c60fc4bac18d36dcc37b162eb0f097d30bf07d27c8af3162162011ee9123293277e97eff5f92a206c29bdd4d337a362925885dd601c0b6b307efbe74331acc7ec3b504e440ba13af8077c8f6
3c2a4e3ff1a831713ffda4cf332039076d89b0a5c849b3bca0c9398b10de1d73bbb1df79de62d974a765f385270618440ec9193901d88a927452dc6d13019536f7aa3e5085fa1fac5114d73a48b4d8f743f9e1702786bca33fc71e1fb7ad0aeac1c13b16b886d4ec832ebf78fc288757b242a73f0ce084e5
267f3d01ae8076425e127bb51d399418dd2c90618cda505eedac64fe1ed1172e1b4a286c9e6084b2365e437319019a319e977bf6f36d43133bd0756d209599c8f83f90d0dc20cec64240542b65276f46e19b93801e720d60dcd91872ab979a8867b3b8316fba14f54e07747de569f9fc9033d1a31d008571
3ca00e6bcca24740dee99c20e931762e426695afcf35e27fb6f1e3090727009d4f49ff4fe822f2a3dd2bbe545522e8b2cf358f1d72b371c42ade2d921e118c561b4fc511a8fd7bf75ea5352234dca60ddfa5b0e7e2f91dcc7ae21bd9351ef612d59033a7681bcfc3e030e9f9c89b42409073653c8aaedd78
1c6ad8ba89f85d802308e77d798ce53c75d8340abbb411ad63748d54ad5d15286162763bdcd1c1219995c6833c1aa5c12bbc9bc450801afcc2fa1dd415b9049c91e672906f1783ea5edfb21bd9b7cbd9c187a08e541a60d568533472780d9f17453284087915f884dd199b38bc829e3d410f684a3f42be41
1ce4daa5cb2143e080ebdf6a36b2a511b69b996a63e060763dca7029cce02c0e9bf435210b40e2aedc49b6b3eb3f3586ebe9181c631131ae3a7926252bd27e28502b4133acb1686733ed3a1c934f4e302e74f05025d7c1141b7419d702836d53a190110bce3f5a092a32f8a3611c48fc22f1ed71c259a6d7
059157c847a897a10f2edf1ea27f4f1b376d384ccb1052199d682a4c443204fb78f67a6adc91e46ec23a3241223cced1b2ddf4dd418ec2b629878f14149ba1705157c671a86fd57e2aa9322028f1511ac96cb02ddaa87e3583c63153b691ec8d23c20d0c017e2190893a820636827fb4b0f173c2246ed18a
27784c8e5e71efb1b2bd1c9e1b62352f36592008fbb3b300891e00666c763b6963a3ab56e970bb718b0216e60714c17788522b5f103775bdd57029fa2f94c2fb2fa36690948da1e8f61b8b18baffe181936462dded21fe7ef0b7012ae894fa7e66d1674d3cbb180ab1024e6216a6f1488012c9c530c98b41
13f61212eeca5d436f56949f08f38f3cd27c34f4cd75412562f658bf543b2771655c3e7acad2f4517a3a92b6960d6b365a6748e710f2be3b7098f3bb17c0c0ebf6b3ff024dd6993607e1ed1f6316cea1c3720121b743332e054b07a3cfdc2cf0adf3c233a115cebe053affcbc0e2207af0a9feedad2b5ba8
057d4f82202b9ba1eab3cf9d4ea65839a4f33d032ae640439dc639c940cb0da4bdc6128d32d157a8e57f1a41a522d7b6462e9f00e11683a631a4e60513cc79218e282b125705c6c3b5f1c931ccf20a82a15ce17180be6137ed1405c6da0287aad44196327ee5d1476c010ba30619abe6b1b745799895327f
30000003fd23ff10e2e984e57eeb603246f11395cc8441da242b0ee8132f2e016289600c9290088802a1205d2621c3201e43040e03d9a708a9e0c1a907fffffdeede01023a1853b87bdd252d09537c11f839d10f114e3ea2e7433523ed9ffdafde228f0cb2c02b02ec08ed5aac0b205130a29208a0404b68
3c3d2802377015e33831aee5e5ba3d2edcbda3250f05e1581dc98f9d7b2b13c1bab66c082391a0c4d7400e26cb21baa58889efd0d138685887a440d53897d091508b1a83de7e95f21bbf1d0838b982b68bbd8114a49cacb302a02949fbaafaa2ab11594504d8befecf2afd22f09627f1c0334494b261dbab
349fc7db9fd1d5c27c8a26a8195f8d39612df06c71ba02d5f9b7367db975155a8d6ff6de8cb1ce30c354fe0f4d1ea0ffaefb2bbfc308a7e75efc08ba02ee5fc1d5fa3882a7baeabf285b6d26ecc7e4773558e271834bdff93ad63df7b9e775b64c9043c7f43cd6e216293585eb431f687264fcf0b9557671
3ffc99992ad0e3233cc139571929500b6f954b89e02e23426610b519f8ff31c1bb78d9c808c10e1f2f20cc082e01ad69d0b899d002f88e6aede7652a12a32c0fee897173a65bc87c4cc5970ab09e6016c587c39f07a340d0722113069e188e50ad30381445f43793570b1f10ce19b9d1822e3dec3a355626
3a1aacb96c6a7c02ff57cfa431cfa5266c6b5e700acd818d06d8f1fc499f296951db6d2c6d11418d00a8a2f844011be6a86ac1ea6175f93d4a6235920154aad99d94e440e31d3212aba8ef337f601b2b211d616e56e71cd554992fc90e76074c5ac102a0fbac365c7720d670c5a91a31c13701d60c2eb5be
26716e963bc83a91dfbf20d3e0210531e61b9ce568e7d34e8d2c149b81803dd447e7fb613d420136c14ea793cf15f146a8b8600ce21949e4419a008913bf213db0a03db39ec1ed060848c50810e016da693f515d9e3011a0878c098d167bd03d5561b77d27f33109901b1f8bc019748f72658783e1230736
078975d354eb1e907b2ad5e496be4c15df8f2abbe459e1676f79ae1bb4a936f9926bb5d07033158cda60209a1c0b08a4a1e1cc13900ebe04385fdcf0328cdc020ab71862bc4436d13f32e302df74249a9341d311856d3615e12c348341c21f0b11919d95340f1a39101244ab384cd1af31fd097cddbcd552
2806178d847e5741fcf8439f9cc1c12fd4f8409c9929a0c5e26b4573664b1d4df3c5bf8cd4d14a144b3a1bb1a222a0b123405e05c334b1260efd06353a9f89ccc0efadc2a002139d707a3e17485e382a58af00adfbf115c6614937a39ff2a0ccb3722d3421cbdc751d1780988d54cfd083fe19ed88c23823
07936310eba543f1ae111a0ea792670455155999b602d2fecb5489b319c43938c6b709b62f32c078ddc224dfa412b7026231d3cb80e9f995038c924802de9779c3e90c5123cb9ecd5b86372ee1193ee696eac320c6c2c7dc97573e0c36df454a5ba3c6c097b111762027bcef51fee8fad133f3a2b0bb6e22
397ee3450a578de313deba9046dc033869eef9614d90e0c0cba33e6496be27bad14e730d1760e71ab052ad96ea3cb7b9f6d90cc71136701b83127d7d2b423b8fa48ce1332f17131cb09ca20cd5f503f6ee68d15b7ef2b7a85c4f2659d27d097976c01cce7d51a8a314268cdb4eef9ac311e8e0badbef057d
0d2000e4c3c91de18ecc92563e641e224f1abbc2481d60b5edfcf8cdf8352d0739505ee57be306efce5e2038780221003601de993221366290705bf8083daa3209596ee1f3e190f5501e823f796cf5fdb15720ac2595f4efba7f20a4fac053ef60731ec810048576312856c9287e4af8b1d10cdaa139a3d5
0634c838d36bd5b09fac920eb93d803ec0988c431a1f30ecef122cdbd24a2ffc44123e1195814741d1b9dc40c10e6dc712217462733cd317e70a66140347aecfb02a0361db1ef302618e1f3ce0704263c46e41fd24ae6105bd57332703aaec4050e183ed864000ce4f2b74de7936301bf395ae0cb4431b73
0467d3b91a584ee14333dfc396300639668b8582dbb2b293546c155210c61ee4de1672656111864b843cf3078622d5b0da9c2109c38bb7366774e7f535ee5b3bdfe11533a9ffeb2469f0be2386c957ec5807f370e66c7d05badd050758aad2a844d3ab64c7d735a8d03aba9a260b93d961737fa309e28e32
0d1ac1f33d525c02c7e7017f2561de0b1cd212e33fb6d3970c01e0f91f603e7843ec85e55d8191e374ff69731326cc4d9217978b42f994722003dbe114608c7d0664a1137fa45f012f7f873c606a5df4d3b401839b5ff14e4a022eb6d3cb0446e38289d0fc30e5126d03ed57a6543005939e30bd5b7c1725
1ae81d87b8d83d00a7dd38e31ab97a22c290eb68b05151d3ccdbe756819908a16fbb9ea1e5501821f391a52c9c02a87b7e29377e004d9a6cb0a6973f07f2eb369ddda973ce7ee39fb79d3b0e67ce1904259d93382039eb1b696328737beffff8032143a219740e08e62b7a601c1234842150cd4698908244
2ced476739942c82051e5d4bd6186e368ae3d6bc106392857a545c97245a166d1b14cdc0a1019aab0badf68af13513402cf07ff65081e245906bd96e3cdb55ba7149bf70a749f52a86a33c3cbd419095d993624fc8f9ed2cecfe0b622ddd46aa20b382f85d1ef519fc05f5c95b297904305edee2313ac384
3ffff0002103df82eb41b52ca4ce313eda89a6b42badc17aa71a9c41234b0a92ee00f436eb12c3fdb10a80e9b738b5a7c297fcc913eb69b50d43b2d8200007ffca5e10d335ec3b94c7ebbd11b23ee5377714b13ecfd677f65f351ab688ff83d48a833151db8b59bca41d7416d9de93f3b3b5c2c0b5d347f5
08711578cdb5a6d3b6ba4c170668920445608644026ea27b8defe57994903095efd7cb30dc02da168177e998e63a296142fe8917f2fdf5464a18abf7215e86bd9a521713a8b1cc333a28793961959f497b0331bdea91345841153d64dc93996f5421e03560232576bd370b400a761a07205b03cd93be7fe4
022813d91df24d31ce37187d54b74d137f2d7efb40e4a1f3516adbb094c727d99352f37e713212571535a9c6622f9819bb23856eb3591f3a6ad1d95c269b2e5ff3e291d179977e6374376d154a996fff9841814b174fe03e32861971a6edd3c1f31346474a4dd16eea16def8a863d6df201e95cd11aaa85c
24dbfd581eb51df042b7da80a193b83c5af0645a43c8a38145f8d5eb5a3b33dd82317f045ca26cc24828fd140a1f55e2bb446070e092b87126d9d7d2084923e2feb90580fdbed0554caea623758d14d1e98e108c8a252dcdab7d064b54479fdb3ad3b1e6fc9727926e15461af159bc42f2d13c9945633cd6
37b4f69075f6f983b8d7c16f7c445d2f004a331b8309a2f5f7fb278a86fb276381fc1613c091d2cc68ea42be9639bfc982de7f2632e775955320e327291de9888547c743de94686531cfab0bcdd358fd4c11a16d03089fe1399428dc2f5183d85ee3b5b1464edfb28b22dbe156fbaa59106d88448b49969b
0330b112e593ef80da03cb577666c400a69d8f8f30a231d8e1560abfedf50dd010df2d6de8d1e9c25f8f37c95828abeffeb37a66f059fc53937a36743cf34b0d5ff85b22efb21a5188c7a02821c5def37c5c705427205739165c0234d3b4d62c8d51c66b0a65b575372166339f5c35e1016b0d51a3aadab1
36e4f46289b11423ff23f9d9d5e95b2aac901617ad96636e11e512195ae82925563f6fce8c2216108a2c4006b1305bfc5e5c2114c13bfaa66efd98e51ddee973c45d739273a462c95f711a362e99cbf4c837c2d9bb6112d3686a21ab5efb8a5fc0813b244b0dc398d32e189ebd99259763ac3b33f956c125
102157d02a4041926f013241fb73c632a71575ec455e304de8f69961566a0a5d7cf859ef1813d4ac398d3b600d20680912a07fc8d15ce52dd435b0e41ec7edbf805440930415ad9056a5be1c4548bb2c4dd812722e6e790d241905482cddc0956fe285853f6d8360b011c0b693f54283d33ac232f7acde65
21fea102d9f3fe8264fc2c3ad67d0e005ac620c8dd41317663022eb95a522fa54fd0a16740713189b08813416f239729be0c942601b520d4208bc1f3077cb03ef742ec50399284851d973d382fdc4424ba01d13a41bcab8231e329ee51c9374e17f29b1bd8f20fd29f3624c23b47c885a373426643d039d3
0124988041a46ff3eaf9510317581a22792d247b6e6610d08162a434572105da48af17f296d29f06820dcffdd9259425d984fe9050112747d7f5ed9c02504678041cf4a08b5840e5e9dad5316d44fb141c8282d65e62ecc10fe10e6e9b20b2b19f53e6905d16f86d481906de3c68a5f0f0500bf86e2ad71b
1f361ffd6bcf2db1196a45ff08d88c34b96c5200d145e3ee5637bcffa6a03af983164d044090003d8a4e70f3d0061756dd5dd3fce0f57f9f72595b04336ae4a15fbccf735912d42d7447482b19180733ca6370a4e26537cb6b1005dc8e6a73687f32c381c817f2daae373c34922d6cda538621074e48c83c
39517e1928fa37d1c48c7917252a9817eabb11f742427153e63e0a2638c52c6fa0a1f57b22b02d1c26291fe843340d1c0a3aa302b25f3033a58a2c2309ecba98cbc0e563fed00c8b1a549e1634af825b0b94b2a2dc03640bca8f33d4bbc163fa8bf2a4f805743e103b1d001fcd405dd0e28b7210e60488ef
0ef7433ace0355b08aadeda03686710157eb6d14928153f79b0f81c7d17c086c40d901b3abe19ea3046f6142c63720d282d72091f202f6afb350c3d41935b511101c4681675c6595a3a4e811dcdcfaff6e8552642a7b5fd9f93c3c517308b55c41500637fc9385f498140bdabe11f44bb170ad94016a28e8
367a261b67e96a51ab88a493aed2a809ece1d12f5290b118ea2f68748d5425dcf7580fb35b403ad02ef4cc06461e0697cdf38febf00869d42a3d9e821d80dd3a924cd4231a503d0b30e7a53e3bce7576062b03cca94fd41ff99c1a2151b7b197d8f3d5cfcc5bb08d982b44287b80962ea18a8b3d7d868870
369f9efff16141a1aba186c6da63ed0ac992b4650688d05545ccec3d12d4365e90c197f53b71046886e035117e1c653561285181322c0e94c0fb05a03065d26c93d87af37c0e51964abe851baa59d4c329efe3da936b13fca2923d55c1b8f158a19256422d088b6a990099f6dfd35f6222052ee6919f5827
1b8bf9f3c4594913906d527f8600dc3beda2edca26ca9238bb00b3a1452103a92b57ded28f62ce220818c7d5ec1d054d6791ced75390f1ed750670752b2dc6fbd348b94311a15990b3bf7c02d62aa2d98ee1202d9fc55ca5b6aa2adad28727b86562093cba76ef9b6529de9a9e3a925572ae8c5ef6b51b41
3ff640000cdfff11cddcba9df2dc1012ea4ab2c675cc7006c932cba8e6ed3fc2346fa76b97b25cdd23a73095f316e60a1b351eaa300ceab8e8a1dcf40004dfffe7000101c49eb8dc41e4cd0dd72a65116081325c3a023ea804cd31855af93f75baa364e2223d01e6862e5be5ad900303215d4f784dbd5cc8
3bc5706db1dc22f35242b844d94111347b6156362bbb636477c474d87f3a3b3d1515efa98f809de636afbacef23af85d0a186253f0abe226611ea785396829930ec3f6a0d3f49ff3fa74251d2d00d9176004b04c381ccee4f3e21324109f5f6e71f07d56a32463c3e802f035a34f1189f13c2e8c9b739c47
0dc88c2011bf9333ea2b42a1c747573dd840c54ccd35b03315301b03dd2d18729af218588552d3d757c3fbe9e92b21ed114fdb67e3ed453ee38364180702a9a29c009b021b2530793685c03f6fddd8b680e5322ae1baa3dfef372a23ad60dea01323273129672864771a9e5e07778345707d1b5ec7f77bf6
3e5221b5767faec1dd77b6e4898cd715971b0351185ec1f74040c62ff7000f1766c6b49ed5d182b9af41fb9e3c2391ba8e13fd22600336bf6cb4a8bf227f7e9087c44d83db673481af64e3042ee5216ff44c60871ec02e3fcded2dc5851219a7d882237a6e1e9896003e3d52fdcea58133cebfbc37076231
32db4dfd6abf12e175c352d1fd39482214340ca7331e20af8083437223863d4473af367d5203ec67c33ea8ff9e3d5e5b1ae63091e08bd4d9baad889905f226fe83d14e10abd20bbab10c16221f850bb08d1fe2cf7dcd4c9e3b6f1e321db2204dac71dece5d0990493b2809dab80cc328d1ce8b02d43a8644
181459d0b0ece55128ab349d70decc2eb55f9d549052c0aba0d8b693ec300893c5ca732cb3a0378a4e3dc57d0222ac527170ed4401707e92f812befe2e5623a588a49173015f634d8961eb20256d53ca78fa010a652764b3138e2b9f11c1b635f7837d564b5c96641725b1eb6797f15c20a483bd995f3b5e
2fbeb7f8af16d623be05664503dfbd1998e54e683b245071185072bca6f105a44036349e33f0f29498dec440e736778ddfae2bf7a38e19c0ceffacd53edb0b0770ae9ce1189cd831fa0a853dfc3127e33023e08c599331d4f73109243331a772d5b3b87fd0288f7bde20df15df2f75a44238d3a2adcbee7e
10e23296ae1c8500b8bacb1152fb7a12d8da87b8890c335273761fdf1cf835eebcf7f80cdeb08fdd826bb2af8323c25cc791fa50433578d24a1a95880dcc80650372219228b787a052318f2549ed427e430000a8e2616bebf8f12a70b3fd8cc35bb2f82a20d2b0574c3275248837984541cac3f1cb6e371f
30c2f03fd8b3fa50a60a4be75e952b2f3c65eb3164adf0a7d5e3e1860d450fb8947f3a3f92c25b2affb97393ac39dab30ee0948f12fec595fac289b5363aed5d1064efd20b3e0e1513b3ba0388613c60f8d531461cfd99cd5c500ce9005b9d3e5b81e2493e8b65515e246027972224fcc3e6eb4fc2ef1b4b
3f6db893e5bea5f32e65e48395cf5a0122a43283f5a950d0e5f83fa5dc5e0e99adf03ee4365372f608b142459535ad098a683fed814655d79e1458880a1cd93a9e6415c08e4bbfd0f578e90b927443a898d5d050870626a2edcf331fbbe68ec61091a208c3858251c6206036ba0df52fe2c5de8875a4666b
029e8bc9fa421f217fb85c067b1bed27f27c70271b2571cdd6944c76fc861d4022dda70bf830a28b943c42d7133c1a62fb966c0ee1f14870efac85b32d31f6e826f96ef380e235a129b0931e077a27d9d88df3551b340c65fccb2a28b03c246958d208f6dfb453d4a73216103599d7cf73456a012811b9fe
0f7085bfcd563582fcd795c37179253e6121fc2ce677f0f4618ff6261f7a23e7091bcd4df5726c6a0cfa5cacae17149a2e32663af37cfbeac4f1104524771b93ceeaed4310de6d4a00eadd02ddc80574c26213ffa6927bc3d4bc308768621497e940878264982f62593ab36b9817cb7162f177c5ae093096
02131410765635b2bea8344549fad303c759ef8b83af92e9f6d9357f14f0134ca28c8e2e7b93026e5e1fa0b40c239e1cb5fc3494934bfe9774fea0c93683de308a9b46636be631bd6e30921805e557aeb6d36385c5da7ccef1e01e625d83ada6ea23f6005d1bdb3d060a163719560831c1d867ba08fc6c24
07ffe75d7b6ceee39f486ae2d05fff30b22cb10635bbe3faa79265afcc3f096b4dcdd34664b366bba7715af1682ab12b2993572ac36c3353ca1d247521243c9621d58613663a05b7dc582600227386de2735c39d005183d8c1c1248e5ddb2ee36291fa3da70df06cf6130990b288744f5298ae62a86eedcb
3d7017f57fda216106c76628a6e3a52e24f4f79fb1c4134c550812d6b0d4103eb730589341e1eab9c4713da6b6069f3c54b4cd3f63832f1eaa4e16c91639c95ffe4abe80c7632e851a24943c019eb07fc0cdc3c7bde9f73060c4202ed716068eee626585429ccf07403fb730a227b5988397a98b289b73e9
2381bae20c973cd0893e175d11a4fd0611b0db03d8e751d8b7d3c1254ce20ffe1ffa0af45c001dcc98aa85a55a30f0700e4b9e56c17e0899184366d229729dfee6eeebb09b91605b1d3ba52a2538729f5ab7a3e2bc58e83aecc0017754bc22a66582c60b81ea06a0963e0c7c7d25c50db30d8bc4abaf4132
0003fff660ffef005518e282190eb725125ada6013c123ea2c259c07fd943fff00024ae005125686a6d23060b6278be26f5858c4629a0ef50c6bc8580001fffb40fff7028d59319efb6f1a26648e887c23b9439204be80ce244d3fff800112e00310c876930b08489d3fea901c5bf28993b018ced329beaa
3ffffffffba0001326c8e0ce1667db02b0569b958f345158b2840581c77c355dc3805b6113f2e7f06396e6d28d2c0a82ece8d357c394c5775b2c32e510988ebbf7072932c21acc61d400432e93f3fe09574590449ac2c0a55b2c0917d32d1ba70e8198c0b2ecab7f861827e4efa85ac7d26b2526646c88a9
12bb5066be2d2602404735e3d8cd3d2ea3eafd618a28321aed7ad1875c070d1b7e20baec6d03b75defec88f62a138602068ac28b322030c3e8dff7783f71a845990870a0c2fc4ac93f37690f6382d5d0a24721cee26a9c3791ca06bcfbfbe6304cf1a40553cd76cba03b79158e5eb63b22259306988a9aef
3104af89414efa03550e59abbee25627697122db937661196f4716c62b2a2bcf667fee8a8cb2f334450bfbf8a60a5c78169a0b98d3f98b2517bc56c11ef750ba89569a12e09d3b0cc863fe19226c047f3c88f3355714c1010e393eed376a864ce74147e615adbe62d01c9ef96804479fb3c0f7c432d128fa
3a5a39f1d1f03cb16eeb8c348134be344f769beb9002421005d91d023f2a088fcb000db5bd50f6c74d1f55672c17cd5f187269ec6291bd0a8cee079d1423f14bcfe9c623ac4c24c82bc0833f1e1bf86d456c93d57f05d163a40509ade107882419023ff82b5708e40c34023a0940fb1a22b3308fc136aee0
20ee6e6dbda0688310565488286e73176bbbfa15527203a0c01528c766c616c7355f73d48f63bbf8540af849771efd32fd589a3372a20dfa110a32b525da36ddfdedb831d8c2bd21b51b3111ff4b1efc195741a050a4776d1a3334f1400adbeba3e16b6c7dcb44d83239337c1c250e7551b5dac864c76e52
3da60b5677fea75002d6835f557df93eed6bdac871bef063406729942f233e82d6489e3d7b329ec44d216ae8a6074f7c7157ac9270466e6177c957fa0faf556fa1f6753396af11559293392706d14d5c24d6230cee1c863022ad1b56892458637072331289cc4529722a4f04899186bde396f5916d3c80c3
2e900c29f358f5130a7a787b3cf9fa3cd2537139a6bbc2a4a318b57a5186132f2ad38f5188b1fa4b75571eee742491a7d6d935abf0708daf10dfa3f721863b7ff7254b12024f5c936f15e92771e2f6fd25465147c553f46cc92f1bfbf8610d122c31e5e08c69b2284e3ae88bda60d047c15bb3add6cc4b89
0d139323318b0d3307bf3948c631633f71e5014e0b6fc16b83daac6861b50373ba5c217bcf40cc413fb1d390fd2b58bce14dea36409dbde52873ff1a3284f74b0f5428a23cd24b6541189215f1874275a5b260530f4b98de8a1f1e696c536cfe3f209a54729acc753c26638f2e60b198d3045ec13989d78f
1c576dacc35731536a77ca5b34ddfc032748d0aa02ea627b343137e7af8321f3736074289e63b5fa6c756a46c31e12ffd07dc9ad93df872f294e5f763a36eb85e154f83293d9590e773f2216661642b8161870dc5ba3cf0933563c9b8596210cbb831c3700342ba8b815d01eb153b7927391555bcdcafffe
254daea528ecccc02a208d583834b805a392497aa5ada25bba906e6d3220285f6b045651c793e76ec9bb9b41f11774ed7275275530def53ff51bab5f0313c47f12b44e029eb53010fb1c7525b9731e231397425c3fd2cc42f90d367953ed9a554793efa46e33de70f016ef4537e2817c31bf5e4da8578bec
330ce6af2273b3a23a13b68c5d90a21e2e71458cd289136a87c4abfd05ad0cec80f4e4ac2e21dba7e265744bd625d594129ef62d62e2ce73f49415f71aa6479525509313eb02ec83b19eda1dfdec19d5ed4fd0a3e2da7e2f749328d09641f8d91da2070c1d117409a401b2d3801596db802f112ccd106769
0862c374af2316109bfe2b226697ca14f105ab8f07bea1d7818726ea3abd1aafb206009a71007b0d0b1c4812332194955bb5217ed361122be89a589c37e47ed477d0eab05c777e2d0197fd0c081cf987544de01428fcbdd9c8631f357f3956526d1126e514abe5909f1ba917cc40f1c8c0bd2bf7279c1873
3de5ae7e4d849d301fba84ea4430010725502b9102a2e380f97bbc84b90b332f47600aebe4f374055d167ecad703fab2668f1a61105a2ee4f68964ec1a8f427b323c08137abcf331729eee04c07e1264956153a4cf8e183e50c039c7bbe60c180311c02ecab3a506d23b93776f462c2f8254049780c7c8e1
01dce85ae23376e3b0383a9b94d5ca09a8c577208b7031dcc84233c373761ef4a5ebfe456181669272bcef4a4f20de6820b2dc61920a5674c13a7ef437aea0404d44880268a327ad9daf7537594474191623d1eb8bf3751181a60a97bce00fe7bb707355e9cc69016d3057403d2cf08b90f8611b394ed277
2716a2ce02f5a2033f3a0a60c25573118af7c0e2f37843a40249d0ffd1770a2ef65a79031182124516f9f7eada10af0cfdbb04d4d075da90171a65632a67b71ab8b4c0f1e141752aea08331dffdf4fb423e943496be01c2b641f0210dc54c3f9bda29a4dfeea782e531e7f7e84373e7bc39aa730e2ec0c95
1000000420f63f02c9c9aaea4e165332d6c702514a16908d57b6586e748a3bfffffedae2711022e86dd723610405813c96766eb5600ecb22069ca0600800000220fb1f0276dd10fe60d9e20d46c49c76cee3f0a88c648cf0743b3dffffff5ae139125dd2f1b88aafbf2ee53d2feafd82126a76e550422aae
14d54f688c3169c27d2789350593861350445278d710219638fe14d924542c3e45498fd7dc817e87e7588eb68623d0aa1f94f7429144f0b8749f76120af1edbcca36f0c38bcc15388091482ecbdfbbe7415480aad399bac776ec2949fbaafaa2ab116023446a1687f30f420564499297328a54ece5af3b13
2719a426d3f3a3f327e9e9d466b8821635a1141c20b6305ba93128af44c51b0ad846906106c06ddf62037e84dc24562864faa2f3a0c0ebaa87ecfd4d33ecf1b79436324344de4bf275881418d36f9d6e26c2a2f9ce4f552dfcb31353b87994dfdd33624e281c049b522f2e0e6af8daf573ccad3ac208af28
03646b16107361f01b3b45a06822432fcbddc4a14e7203724fb976d4103e3f25bf1e0a6a8d633a751e6308095629129c8baf3ffdd316022edb6a4a8628114f79c2bc23b2a9dfd361ee934d1ac3c2fa95713a628ee3abd25e0b0b24542cfae3e2284023bd1376ed00e42537d7b874926311835161149c7682
09a09555cb856a1132965a66d939003d7ef48bb60061804832e9d3b075bc2dfd65c34e4e8a92fb86897ac62a4705e0716735bc7fb0069781666d0caa053609063c334141aad053a1af487a26873ba5618ccc517f230ec8e1cd1e04c995ad56afa971888c64ef0d760a15fa0b8d756a6ec1364192e3bc0b3f
1b6464fdff45f2c30db1a9703dabeb2bc2b3b3cf74b3a3362e4dc792baf3096a8b3c764752910f6402dbff92960fe31a21f33f2b51433943c95da68a05b256a132c04663544107b7bccf2c219ed8d02d1b16007e0012c52d1dc4293dc1b5119eb283a79d085267c5b12c38308727469f927e418a4bf4a19b
2b8dadba895ba773c7a5523ec10fdd1704fc3ea1c349707df2bc4bd3b6d126f63be60636920091b83cc2472a3a25e936c09d916252947717411e910f05390e8eea5be35094071fe4bd353517e5b68a3baa93a21269e15be454913a3618aa386aed3349d7d3bcbebc1035ebf687ee7e8f31626e5bd9dfbe52
03cf8f8956876f909fbc04a60426db0a39825bb621c50132d872805f82ff1528cfc8f38082808076dd3b5bbb65200d697a1845c9e09af1ad57fdbe621f7013275dc8dae1142cc9b6ba485f38528dd1b9bf9851d37dc58b1a79953f0054c6051a1b6116704e30d8db543e8f41e69749961130804be8564389
2d20f29acd50a81131c6d8589e37f9293313f389be7f92ba323ca391f7fb3bfe7dffa6706d61bacee8a9c2353b3b694f57bbe89c13972dbf8f3c491436d2a45f9014a1e28105fcf31c31c72563067260022803090f46afc3fd9a35cb4574d3372040bff80bb6e71c953d26aa7e4b0a51115f638be718ae3e
334445edc2fdc2d0a179f2350a3b7d2859db12eec38b53d77f2b262b6cc129441560945f24805e52bc7d40fa9619c66a470069b6415415babdc303923d43e7d5dabcb782235d627a7e6fc434e823a46521eae31edbf2a659edf80c33c6be10a4f0d3301ce3842e1ac90379b1349421396120e5aacfcc47bb
195e2551af6d51109ed433bd6bbb3619d3408428f343e3ff7925864a676e309d43346e1344e012eee8116f1962348517b89883bd92f84074b25744fb2f86abdaec4cdef0c1ccaff088870f336bdeb11c9e482105ee3c04f9adf31772181555ea6541729ac181eddf0c28f56b993254d250ae47b6618e7846
357859834f5b2a422d0db48f6506d62a3ca48449698df3f6ba597663821807b65ba740e335f2e1fb66675813692f587c8f7ee34613d9418615470fbf1f6794bcfd78e0a2a05c44c8d0bd3b3c535d10541a8211ec662d444befe03219fdc66ab2d3f39b6b0e47b61b4803633700891d0e12a56c5f163fb320
08b213e8f0f94113b118806c57cc582e4fe1c8e680f0831c4e4ec79a70e4369a269882eab943dc1c88abf4f41c351a15766c18ab30d30258f6f1d492390f30961edea6f0182c52558dcefa03e51fd3125b650162f8e275950dae3728010813a3b01115557208dbae9c1599d8a6802e413131e8753c2b10bc
3a1e2f60e4d0d2b2abba492d4985962dcd849ffc51a403b6faf88da4ba05397b5904f25f0d7223bc2a48c5437f2ec6099036de24435963c65cb799b827df6cd181c1f642cd450a075cfb341ba615fd9156ead3b74226b887384a053024e7551bda73bbe2fa43e35d0f357ffd463d42bb60a74308706a629d
2d21944a813532a15249f6a7819d392cebeee4f1c270b0a55a3feb7eeb7528e4d58766578123e3a53f8182dda012137f9b5f5532a27fd9ad1e0ef564158dd6520a2c7383e80694b26f462023d51f3a6a7e29a2f2b0bdf9b203b23f8646069a00dfd346ec8ebb48d79231eb3435267fb4e11fa02596b33692
34f728a1a8989993eb62cb497b644c23c25dd00fad3c93186cb739f1c0851e8615269f1905f101ee5fc9c0432f1ab6f95d89561e726ca20ff58194520091f536d70eb8c24bf9243103de2a115894c0106dced2a230e675ab30582d7d049568fdc890fee439a0adde32392305d4abd4175366f6fada7c6f7b
3c0010001ce3ff12f4d95c915b09091d94b10b98c5a6d2ab099a4f3a643700fffbffef7f00c3ae96884e3ee2220ad1c214248fd151c26ccb5aea10023e0008001ce1ff13dd396ea69c6c4302a5b9a11a8cac13b7655688356c12007ffdffe73f80e1747e83c90f8953118d7feec41e1002093997a857f6f2
2dceff96a842810207b5e267e95928303babb0d329cb60d4424e6efb41492cbb710bf64a30612fd9dc17b5dd9f39a3ab5f86736583723daf411c2525194e60f630f3e123dc9b32f61fda21028902d8465f6ae082588ba12bc9541bd10002d62999d282a348f392d473201baedcdee4ca72336c08a61d49dd
101e81e3857fd650438948f9667f391e9ed18cd45bb8e1741c25226c1de811cd7999444d6ad1af00de452fe8592966cc0861bfbb0218e2b81ac7f8fc05afad64386109229c081aed387cad1342491e28934e2249ffdf14f83cc724ab06a610ce37034f3f3e20c8f9da2b4723301703e1a00faf64ec3d046f
3cdac19363ba1261c76c6a21d108f302e582ae985ff98242c8f01f0b42c21dd9b55a8133f102aa097ba5582807120ef20d3e8192a120beb0a34fd4511062e2fae045a40249b4ea69ee022f30a535b37ac064b2de3175c086846c3a2fa87a6e5ecc21705463a95cb6a2094be5cc1d03aad1c2330c5b7ed12a
0e3ae7883dbdc5e1781b055520a53d376c88f534953063f849b56023346912be5d437be9fe927f8fec1e3388260b73794a777613b0f78124854838341b89c7e51aca4f20ed2cf3c8a5c0863023ac29516f3381d944fc5c04236b0dd1d91f8c04281193093a2c6adad928244f19acbe7bf1a858477d965485
0a75b9dcebe201b3014a10455f806a310a6017835c2d90a9e23cebc5423b296e79d00ef19c20526f520d057b4629d28934a8cc5250f4f1662e55171e20d39b7a93ae3a400e009027b89ca00926aae393bdef416842728ac36b4b0d90c8698d8c11715dd5246a40f6af2d81a7232e4c79d2fb1f96a3b94705
246a2fd10d911aa3ea5f4c0c0984911e7cc852a42abe5396935a162b3cd6241d63d90c4af1612e62b05349d7ce064bff6ebc2a56c0e41c1281f972841794014463cd6bd04ec6583ab862a6302b6fd2a347d5f32ede5bc85b7cd827d4d070667ccef3baaa7214b1af9d0909cadabd1fab936a46e7878910d0
04aabe28a1558872dc7f77665c6bb431763befebd7b09292d0079a2c369209c31f927b00587219cbf5cc93df083ecf610dce4e5500458b5ff0a41a000a6f38bb750ef830ea764a56222831236c1c3e009c65f0b45fc1dda4ecbf378398921805ad935677e4b4990a1521d7adb7d6198bb39d246ab14782f0
398196508fcd2b43f5270910c79aa31c371fe8b931eff1556474dec3838e1c8d8478ee66da93ae97fbb97095200c4e1f72621f163299f8eaf2de2d9d328419c637cdc7d2146bfeae94d040399772272e3ea590c207a0685cc0240dc4454d2a5d2143f07a256a17130e028e09f0c1bcd583a0b130e8418dd6
0e3834bf86c66d005daa2ae1d286e71b6f665c56e3063366be0bc747e0cf1851686e3dca21126ad15b2ecec77134f6492390d0a3f2da938d25474d712f14afb4cb5bae4292c093c0c2882f1076b9038a61377213fc18738236f41ba892a643c51de21e01b7c727c1361436b709909a2cf161978527e942b6
048288ef97a9e963e93aa0b627cd8f30883579fcc7a481c406ebce47694f04724600729ecd53bd09ec25e914ec34e91d2086b5f8d2aa4c56aa45377d003e1320e0de95927e50a4cebf4fa41e185963a1c6c68349f910ec85f64b0b924324d8097c20b14763a3535aae1e9054766fd57b22f9574df30f9af0
3525970c36d5ac828ffcbbda23a393138cd61bf864a4f053e714bdcc9a44300c1496779f80b30bb2bba3eb4b483c79b693c468a6c327f301b5721f2228100076c5393d51b1995e8a26b6713e93ca2629c274527bc7ff667deaa73f078470e924c4a39ace2d33bc9627168fa823d5873f301bba98119b2213
26caa8152ab9f4623a78f6c506dfba1fa7c3c613eaa401ace8be407e74e93aa6bf15149370e0605aa14438548c08d34961354012237bec8e39191cf613ebd162ff1078323676ea65f8508a3586d1d13bb05a815b9999f4e2d037111658b29aa88cc3943315df15553b2654ffd861e89cc1dcaea7793eadd7
359337be7eda7923e3930c3981f5ef1b62b4d0c25454d1ccf497c5657f6824512e412d187251511f8d7bfaa6cf2ed0a8872e6515e116f550b57e0f2d1864b1c78b486b42ccc5eeb0dfd34527fb6f102a645f406fb4dd801f742603bac63a17910c035ee56d1d485f9700d6ecd31305e7900a042329e7ce32
09b3ab143f8661d2f5aab1139c08001d4d418a191e34e220244e695a21a73639341ac755a2826bd98a1dfb7c1736f3f9dd8bbb067001e2531aa570491f8ae6cf11ab5f53f77c1c7f8db585257dd2a9f2ded5a054055d221494af2777d0961006c1a2e6642a8067cd3101d2d9c5d2a78e42b3c65a31877c91
30352a0c7a45cf8349db2bab1b99152615650d698e7d5312e8f15dcbd3c737eab3d61ba35be282320216831b44153bde127e706643ca1713de5ee26023c49d014e28e33339a79b825cb5c135464fdf4769bd50dbd88293b69e221eb32361f9582b801798ca27cbebab1bf059c86e2a1bf0182175055fa0f8
3ffbfc002cdfff121a449e32582a5e203c5a99a44676f182cbb6d0905572000100ffeb8000c0e53bb7e63119cc0786ec8a6ef4edc133e710bf6ab2603ffdfe0024dfff116fef0f773bfced093b64b485c273325e54871b12503c0000807ff5c000a00fd11b9508a5282fe81529e7409e42fd04dcaca933ae
254d5cc693070dd38efc30a7975d662368f833ff7883e24d2e3ff85dc3aa05c3fcd57e95d07248693b950c1f01037e38133edab763d3921dd3a341d90c27c67e488cbda1a31008cc11860d39f3c0f0ddf0f961accf654c3c25291011b557483664115c498c6251632e06006282931e9c327e618aa0ab3c69
294b1aedeadf5561b1d01f60e24365289fcc60aee048a24d5e63d746faa917c26406b31589f2d7c6d9a2a294c62fae2f0d792804a3fbbc33d951c8bf089f562bb5c54d619d0236548f69552331885933082cf32ad2d9b982093120457b721ce66371b574c78571390d1fe339861af35b031d81db1efabc4e
31e44dabd390a29141a752e5c824db36af30aa910e13a26724408d96ac3430f3a9953fbf83038781afb6b2caea3fa1e8ca17eeb0e316f6b09de79f1928ab77fd01b45fb1571b79d99b7206281aec7bc05f95e2e528753f4e3e56262dc31b2139a0f0bb7db2d78fa7020f0a97ab121f6fe1d5a0129ea2c87b
24d68609f83857e03caa90d13720e105f805e0c3a95c6259c72a1905b32c13321ec976aa3e224c1f7f582c32fe1e1c4257fb0edcb26e180f716d8e390df252c17211f4c3a5e22b573a863f146c9e457138e82167d37cc5d457a23f77360000ec71921c6c9ff27b21550c15ced2a0440463391a948cbb3fee
353bbccb22c14cb3cc84a5a1c004aa30a9d95493688ca1c1944f9fd010120600c0ef347a971171149bc6d743f33d4724b0c553f2c1b0a31dba96168218a15ce957a82eb228f113b098e400222522cb7a5b1a328da98f5ceb68600b08d74437772fd17ed57a27461a3e3840817c2a89de701bbffd07e756c9
27f16fea728a5df1dfe6bc41eecbb836a0d4d0761f0181bf5c5b1b84b44a31ca2ff449184fd130af4088c21b5d10c52471a579688041d2cbf98d92411e45c1ff7d51c3a2d4539fc2f706972f0ca2c4c15eda6250492a883e10b30545cb76cad23a0313bbe5e4be27ca2ef0c0025e192830a474257c69ef5e
36465767a4513631def053c62345f232282b0cee4d4de2f29571069a08c827a6c52bfd6a35c380f85affc7929a3b96d2cd57f6b0c2c5823af77b832e1ff48d11fe099ca0e5b146e7ff9adc24659b92427dbf43ad96d92bc6851d3e1a9bd067d0b6909b81fa2e9336161c7d34a59a96bff1fcadb871eb164a
1115481208c529c1cab52ebdbacab42867bb7178b5ab03d77361ac0fa1982680ec2355f840e0ed6928c822e3c12ef7738917cb5ce24c1c69a0f18c6915e63ca67edff7c18bb54a80fa10e11adf76316fa765318841bbde6cdf8e24b6611103c618e39faa163b70c11431af8d61b373c671f2029422cdda3d
1b596bc8c2cf1ae1bf4575fba97570110e84494f782080a34a8a879085431cda6ca6cba50b211e3a71873696d218f8dd55e4c28320ec5fd7a90934612a8b5eca37205de090af833290a0cd31c243f2532e2ce26779d9e71e39832832db6e5d9437c19b36e6f97c87021d3a5da34273eaa276eb6494f53a9f
27b2d0c3caeb8d307660f45251798303db935fcab63ce39f901e75f91d2018d54b9da086b843a24ccb760e66dc3003a89c6642bac135cbabe59953e92f81ec1b856b2cd28f2a62476d276a21a7e8e1c891aa000a87e177352f1d17c9db6a50a021003d6c1853c67d1a113083661dc3ad2061b62ffdf93545
0fe384a3d0f435c07c96768a71a953295082ca380261d14028f5c8a0f4501af9f0e98be98381fe59ff6ca48bb0122d696527ea6e4275bb7535bea09435cef7f1668578f03c1f7408f70dba03ce14d8000a26b2934fcf15cda4c50d0fc7227b4b62418c6e7f550fe38e1214e987fb4e19c0922936563fc16c
39b2b16537a5d3f03b6863f8c1077e207918bc19c41b929842088c92ab5d2745992462c9cfb38b12bfc32128e928cb030a06c318f378a474181705bd3ce3e03447b3b813f3ad1ad91c7c48395e644b1d67c012aa00416d6c3fd604ccc725e1584d53c120645f124e9f18952486af236a508288ce02f43841
0d442fe8565166a116bcac45f12c221f0bb8a46a08ce03558553c535f22304b1ca5488779a22449c24847722773bc3f1b5d5c3d3e13964bc9d4ad5192221a46dec3ddc32bc17276c52eedc242fd473ab0dcfc24e5e5b32f4bb1637ed29ebe4192a1203784d6798831c1704cccff5506a52f6a90cb81bbfff
1d63a082f426bbb0400b551e3d613010cee3546d681c23c4ce366b9906021dac41df451ad932ff02d9be768da805774039794f1bb13e670d6776eeee01ed96dc54be6a600d0a1270d4e65b2dd0d231232017407f8351c2e296b11a7009d203a57e41df08e2bbfa05103799437278c53372dd9c742954d2a9
2477700e955abc034e5e78962b803319eff4c65524c9710d11ec8657a69417b9cc28ccdc3550b40459f077ad261c0293e991c8aca126b7433de3f0212f070bee95dc57b1015363890d2e9c10999d44f2624301b7424558834e3d24ea46872ac9c5c2eb6bee9f93ec57034ab26f6d6b1f81e43625a91b89ed
0003fffc1d000f037024062531649d38ffca764f58cfe3a1ec262cc906d73fff0000e41ffcf38fc3dde9494b3d055d70ea8f3e8d71ac1ef4e84c06070001fffe0e8007401adec370c99a0c305b465673c640a16de4bec94fa8ee3fff80005f7fff0365152e9673bde10ed35759f9756e113920cec13add81
033f176cc3701071804b42bc1240d20c9d95b7af299452ddc0d6d3d919ac1c97f3274eb1c691f6539380686a0b0cbc9a3c088ebfb2f79ecdf06b04af0f6f620152de583245ef65c0cc2f363964ee55838cec021fa102db0eff323dcb52c96a3db0a0a2819302f4b15336dd76a3540a76f10d667691e28938
32c8067987a312c0e860f116312f081a864c148d8cf8f15b0375d9632d86025f493af02530624b29c17304e51b0b21c94211dbb29053d4614f92d1eb00219a90b801cda30b370451497d8607a99f72b6b067a2abb5e392cb103b15632d5440683a323a0e59f7191559347b7afe4429bd82b282115c44621d
326e86b7de8091a125fd265a14b9b6293b88c364759173102a762a0ea17b390aa34049333903cf4e185c80c89137ac4aa8e7db0a51fa4a65abb6eb582645b2ce4344b6439cc1088c4d854a2f3dbf9b15674d03438bcbd07c23ff185f7a9e9bb646231933efdbbf772e0e22fa4a65b36f71ec4066d61e4153
17a98cfb933f7543aac46216cf619916c717f6221283734319c8bfd9e9da040ff427154a4a51b5dcfe9af06c972f9b5feadfe2258205e40ad919826e2d2281b6369a6b43cf21ff1757a7650f24e39282ca3323666ba642071ff33f79aea55c890791077cab6013a0ff2d4a45f6b4ad3dc202f979188889a8
356346211f3394004058a08737129d2ca4dd0f28c58ce10806d4b9034de3313921c6b483300313b272f640ba4b27cc5af264eb66428e890c26d7f7383ed325e96201daa39eac4321a1ce3738ddc783a6d25810725fd5687fdf1123cdfbdd6b85f793675c67878c90bc33d2b4b0197f6840336c1916ea13d7
0265eb0866e53331c1bcae5743b1cc0de6ebcdb1737300b9a51617ef3c371ac81332051172809bb2e3d326e90f06042e4f49286931f3f5799f1e59b03396fac5be53b2a37719674ac90e6d0e7ae3a3035480f001bf53c01b785919752e2c979ed2232766e41dd3f1cc39146490ce808c8353ccc9b9dae4d2
303008f5b9a762f1c89b2cd32ec7f920d7dce63978d8f3616bea52ce7d9e2161a9445e82ae73807f0a491316ba1e084d733c5e9f3070083f49e7b85a2f44f8aaf51150f0a86a5f7cdd75f80ff97e04ad03bfc0411809ba15997421b929d56fa2a4e0c51903571aa1a13dbbc16dbdd8118035cbac36fd0430
0a6ac85994f96340c9bc967ee7d8d53f88a484e40ad983521aed420d8fd90b20983adb515d93b5567191e3ec1b3e9b14724b1668f22e4bfa21de5925117e9125474f1061857443f3e0a2030bb7901db5661d538ecc4c3ec0707836be67117e38feb02a45f8590753401d85acc873450ce03bbe8960380f99
3377974a8d153942a7d48977407a0a2c3702cf09b59df00b8ce05b6b526f0048eb153be249d29bcd2bf22614c01fe755ee34ea3a50ff46bf52093860169b7a5cd536d561d97a2f93b53bf62eb3c6ba01c77d9286f6de7b58f16e11ca82cbec4c1e033e16703c5cdca8215618e96db293603b536ede4042e7
33225db990053fd325479ec729a414279ae8cf8119a7219698da41fdf2c82df0ef7d5c32f440e04170c921a5ba1d51a555733d4f71a13e12c07ac7da1de641be2fa79a13d9ec5719fdced423f4fbca6b38ab417a1d89118ca9a10798d87b9337ed61375904ee9d9a36362fbf08346c4022469366e1a9b6d8
149f2e73636f34103e7ab3b96c0c272e2638d6389698c226af135c8c2e9217903b54c947bb41ecc863c1a160363c03c3ead1e1f520fa765097c9f77a39292291c5f21a60ca16d9aeea693d0434df22f075c283563e080fb06bfe1afa8ed8e8916323d93ea06a9329ee0abe38205d90f2c1e317c02d10033d
3699ea1d3b8e234129406e0c85ed262166ba6e2cc15562b4ce0bc04665fd2ddbda4006a9cb93000b30d67fc43a3030e050307b23b180082ddb77368332418d29394fb9a35af3479e32a4011dde5a309fa0bce07c43a3b2c3b1e11ee7c915cf9e95b1869d1b8fa22895174db521a68ec0712a3be995a46f76
17fb448a3f4968510833a57c05d2281c7885996cc6304021bc17b143fb7e30e41765a8472c501a5b81d45986fd0a82c2bd0bb3ea515ede06d99f07e5107ea84f7065eb20ba7a599d7b662018111cddee4f02316237a65677dc0534f0f93380e46bc03622314d1a0cd715b832c91ded95b299b10891757259
057cbf69257e72314931ed39d1b5452287ba6b5c9d2133de5cd4e201b1113658ec556d35d482017e37a5681fef22fd6add064121e10137dbb895c74d180ae9418234975089c7ad30d9e0c018c6512d81982be0f562a9c5555d9c1ad24bb3f57fd6a3ccf40426047f8201bbae813fa99ce033d78a0e715114
0e0e4d9c19dabbf11344cf1cdb4b762040a856849bf1a1c9dd07203ceaa6366370621e0f2ea16439cb648dadf6095ce8da4bca45b390947182e9079c36feb48e1756f4b2d0b3aa4b425def2a9257d7aa6213725134946f4c365d3e8d0aa9990019f1321149f76c34de07cd0884f13f2a03c475065a65517a
0ffe000420fbfb039065a9d58c66cd12aa36bc70b97b12addb9063ebdaea3c007ffec221027222a7ce4b3ac0c5356f221a84b2eae0e9231a5a93d10207ff0002317dfcc1190759bf9c4c6c37eea62d1cf13732f3dc73e4c012f83e003fff3e008202ae8726c76c78a50c1e063e5bb4fbd2d7a2e17a3dc2ff
004e9574f3cd73f2b1d5ad4b1a7d892d9c582aced7df92e2837c185f71c10d29bf726e2275f1d8065c3f2ca9e9106294465dc207b274717b699df2ad1a9c42964c7901e27e21e4f4e1726d229c261a9048dd407c4c09e598f1d41af78cce3a0ab3a090b0b6577a7bf83eb1ca2821216f72e7618030e768ba
0c562c0af35ef8d305aa035e24be4f2c36a782fdc514a18b2932d4a101420603e0b27c31d2c296c617cc57d71f12b89ca656265da37ffc25d11adcf206179a430ffaa19168d60bfb39f8952e1fe483081e7f901530f71eb1f4720f6f062ed12d7b8118107e83ff15a7024af4c075d27a808060b62843671f
2cfe44d1f3cd6e41607ed88c6238fd15e63125906adcd1ec0f5d2e0ffa303d5bdfd8a25a91f1b1a8d0be1b159c33085041a62523631873a19efec5dd07e4ca3d4c4c5dd2767bc9c6707cbd1fc3dccc78afb9a15022b7088d23d13e2355ab165f70917c63c6ade5f30f1da499d37be060501edfafcd29e7c1
1efde55a356787b2984dca666e13530025541cd7dde8c1a678022ca30cdd0a71ea0d41337602fe070080c92b0231c59a0e69640f516ccad121a42abe24cce8b36d1cbc731cbc15966c8f091ea7ae93b028e5a302435aea76ab023e6b2b4ff67894707db17a055b29b203ef89802abec7b000d7862ab550e5
157b99cb4a51d601dfb357417aab9f2f1549c2c78a03708b9d7f2f0895b637e8d4f5e74750601077ee40ff7b10248acaeca5db604184259f7e1d3d5e0b9ead10a2d18cd0ac5c5f619ef435182914019e8409028fae1b836b5653204e256879dac2319b68cdbb8a44b5336960569b1161406236adb04e6280
2ff3a478b6d7b671cb3297e02c42f10dd74049f285a473de09fa6524d3c92c30d6e63e899550cf9e469e4e90ad338bd239921bc5533eed24c58a46c6331a5f7ee25c81d258d17b384e8e170864054b36da167199179c9b08da4b0202508876444ad097175154fc610d0e25c86a740e60b2a3f4526909242a
26023d6ea385b3e39301e4ff55852d112205017934b6c1738bd7710449731d92c8cb11f52ff378940db602cfe2339040d00fe8f6f10162b088d4b9a70cab85dfa1a91e1082a1ae7ed7ea2b3c21f1955f16ca40c48030162961c530800c06b6f479427ef6c960c176de31d7a6d9bc49cdd037faaf4ec6b5c4
323f67d60373d3a2ad24a8e313689f30fd8386f1b7d51176b3c0fd057a6a3327cc60b75e5e024c99ebb3ba874f031ad818d3d375500db9699f82ba181d2feaa4b4221751e7b3e0a2922d2923f37898c17985023c4cb25ef8776c2f6b08121e8b67d3686c65440064f43dd2ddd8bd64dd527cac77874d8049
1241bf7e902e14d20daf0f747c7a03097d3ded88a4cf60d7c8ba311957bd119dd029a38553c02e735612c6996a27d3619d332516a20f0dabb0b9f68f2ed75484571d951253e084ffa80b3e254307721953b1003765269432cc1e3023ce256b4a33b0b8dc5b0049fcfa09b8de057cffb230a94ae787335a87
234db4db3512bee18f386456bdc01207a3d0be88a8bb1202a2a768244c9032db7e4cd9a6008149559e709fc57029a89235c1d20062921ddf25bd08312896e489e92d1273c08b41c757272629e6bc982ef9ee2093286cd6d64d6c0b8f1c261a6a8380f931ce93243945164ca233fa4925f2d8250f45569f78
2542bba4a306eac0f9633fcea7855106bb547e8367c2f07adb65bed11c303c4bb4f46242f651abe9818c07cafb2b1d5ae40bb71be37dc57e796d1d602ffa1636b87f42528c81d740ffa7ed106d3660ac9450d0042274845863e30fab2ad1a3348a40483c5b36be40c13295a8455d879c71f5c28ea2cc8df8
0b4ff09c290a51e37f6a72c7d79ef62fe4931fda62867239c1ba56573940080ba88c0079cb71f6b7d6365ecb211af85cc8804ec7110852469d5a40ee170ff143caa10022edd8cbe0d0359a0db4356188683032e8cc7fec34a29d004068eae54c0712f44d14a51e845e0b14fff4593b364334e628bcfd3bf6
3622cc8ed4d60e638b2dcd075e89da337198b22fb8be30e88c037ae7ad262ef601f43f5006a2e37d09ee4a4e6303a775af541a92832926239af9ac410f1111e77c2baa2129647b28b319050ee3ed59fc818701a84b3441c6f01f08d52165fc6fd651ea881ed7356e683664d84a103b3cf15494a9da34f12e
36fc7896ecee2b43db32085d10f7d20053f28f0b2e6d21d41cc8cf8220e615dd37993f6b3f511b5e718ab38ef40bf93e6d8e70c781d578b6d6f2f0bb15966fa28a79e401364ab2a23b5a2509d8cf0cb9a5f4e168e2577d51a5c70f9c30556940a2b2cf2a1034d8150e319b0a59ff04bf509323e287ca607a
08c4ef63705d3bd34af984e5c3d09932b8bfcc5d1a6052436765a4eac17a09da5f2396a7e52098646cf816403a0ed915858452b5517d56cefe208a472e17369e86cb6640d9a543370a9ca43ea780f4df000e039bec7e8890c9fc2df1a6e678716a803da203981412c320f7e8333d255b32cce03d369c00d6
383e0ffe1ce3ff100b08d26ea26af80a263d37c61fa943bf3ea9119f769901f07c005eff0103690aaad6fd89a63fad5f09162150c37d5f87aa2fcb6a3c1f07ff1ce1ff1068512995611d3a18ee7fb72f29ad50417fdde9a9f54200f83e001eff810151b8950d6edd150bfb4e693ef6cfb2e6b2f5cffad4a6
0be7540acd013470c9d0a6b257234e3bbeed724d597e815bfdcadb3303bb1e8f66e73ad2867087ba7a18b07ac73411d9cf2eec32810088d32177c1f339ad7a86c708c34146b3d2b12c2290317c5f2f57d4cbf2cc97133509046d164231929eb4e0a181ac64f5bd82583514307c01ef4d42644a41298ecb71
3fe6726775a557b3d9baf5fd72f07d1c88580d918f2c8185a8ca2865d1d41ed10710aa60063083996bf801d7472675c110e1cfa7421c4d6901fb057b04a2a31c110d0d30fe0e2457669d5d1ba756e937510a63fd5e2983f4c5d02006e4edc1e654b0c153f08b1756190aef16d3087ee2206c486b995cc76f
2a37b4a2c3444f807fc1c755af61f8041781b4ccf7292066d1d6c836d9f335988f11407926a18946d39fd4f76b29db07cc4d567f60444c106db859c328275c4b34356f001559ac9366dc0e19c554b31090def21e654469b4d2da1fd10d2c902a679314eee4c5ecef7422e966405f058f80469f3b3ef927fa
358e866386bffed3cc8f9e9d40c73a1c0bfb37180620b233acf4da381a2f15f0ecb3893386e1a9c93a5ccdd86635853a267ead79229c009bb90693382385557ed41e09f159e2668fa9cdb838710575dafc4353216e17e1b693763ca52114c87c92c2cf0a0b2e16d8730e00c6c78f99c7618418000596fe93
2f98436ecd33f5819b7626f7cc973217745fa7076dfab16f6f0f3c39d2301167b0e297daa5f0021ae79702a8b70ca81db56abc48e339ef6085700af40ca67a3f6b6ceff34926aa08f4f644066568214b149ea31501c9b7c8ea3b1eda0d9a4050d913e13f3969e4769b288bcca728f870109b306deba76a86
2d3b0dab18b0d3433c9df410bad19212045efc504e3f33ec024b6b5431480d82fec007c73283114c5c9d336ed02f3eaa8dc7e6ef8047ccf3d866970c22720fcd932a1c203d47bdd3eb4f0403916fb56745d70314d00e67b4c76c018f2341fc3e91933d044a376ce8d208386eaf0c1a13721c1ed6c98c2f5a
1bcc0c51f4798f02bd113dfee4e08926b91d3c9ce63a7117d304a578197d2bf296c4d63dcd5078ea69928268200cd4e42a937968c3094c3d5c1db80f1d01499512b8fa22726656229f23211ac9f9f2269f9483692c1a2e804d2019ae225c82e0e8f13f3a9f62ac48cd1b9de33e221b5c21d8093167ad5f0c
1a5c42bbe406b631f6adab04c184ba167bb5649ce47c40ff7b9636ec47ac14583a6dd5313503d33d92bff56c0004eb0468e2766f11cb6c801feff0661c9e752503419862c42a957c1954b703f4e4a6dba81111ebe600f2855bbb0472273283efcbe25c9b0d1e52e33419c1ab878bae3781c2c664cdf1ee09
3f8cc789cbce26e08630e41315187f292e2372b83d5bb28d5de128b8fd0d2c830f61b0452862ae1055bf559f8e28016fc6b25f5290691c60749499af2de6ef798a14f5d33c4c43b0c3709b079c1dc0261f35b0eb78f2dcf30eb80f719991edb1acc1a25371e69c777b25034c2b2c3ed022cffb73668f6dc7
1aa2493824d2954143ea5aa7a93b7c0a7ae8ba16a80fb0f039fdb1b475da0659fe6a3b4a17c2ba5855430f8ef40b6bc25ddc78cca0c4d1e41075b2972343428b0fe1f0d07aa4d139aa2aaa2db46654976120326d2ed2acf5349d1121e21fee19eee2850e0192dbbb3f14322905c98b2220a8f402e76af0b9
2ad1d7920f93c1919af362d04624960ef79f571465b8a3a598ac127658780d7b5b8c81d6d5b13357b3640d4f15380f83cd5ead12439acfdcbc4a603c14fda98afac62d13b111057514ab75389b840e5f088d7021c6ff69d183a52cb0636b87b6dfb0eb75482b47d99905787b31fc9cbf032a97020073c44a
0038ce57058ff2f17deeefba61dd581b64fa9029ea1ea3a588165791383c335f129f85a86102265abfd9385490368b9653df204b90ea8b8c629bf235232797ae13d4c4c2d9cedf4458094510a26a7dc9919ed38fa404e5408d2f13c430e81cc46582ba5c37135f20de346e5144ae1b94f00dcadc14d03c28
2fc3e0c487275aa227ad66b0087e3a1bebbe2433f011b2b2146f45295eae3e1006550a45bb53cb558a8b8375f60e0e1fb2357205c133c3632b699add34228881b9cd0a621df16762cb756b0503f432ec6a61132f1af20e4dfc1924b7b2e8d926a563d7f3e99814624c318a71a39c6263d34e3d50ad6cca17
04f2c179c068dc00e57594cd02a4bf1bdb98b3814244c27fa5d36764300d03f0d3a412b44c3356e5614beb828b09c69fdd0956b3830d16794196a1612073b036a654e2609635366b27e11e0ab155e2954cbc313167a311465dfd16bf27f2db5110e1f1e9ebee3f027a285c089cf3cf8891cef99341283d31
3c26efa8c6dde2612371d2eeeb889501a16ddb674fb5628fd6e924391e001137c1ef3b5f56717559db3ecc79711529149f8853f7d03f936f021e95bf0fd976ae54918423fc7b437e8612f930362f4abfffd3c2fec655d16626a01696e8cfd5687090d990cb317ab14f17ff389d8db57ab072c7eabbeea0a8
3ffff83e2cddff1275b03ba3e705cb1165be30e38cab83f01dbf9489411f000001f05b008101575cee4e6a4a4d389ba87e6950b12198928e8e5bf7753ffffc1f24deff12af9d19b93d395c1c8e4033bde02e7194fd8b7d2fc612000000f81d00410399b63b9db9566f03309cd7831920d12f5a9b9442d638
2643f845b16ada319f9e8e6d700f783cbe45b7cf709eb0f19b805474aab62c9c6ce747a268824409db4aa3d8aa18f21d1df3b64b63ded4617d8a80e41026c34905c2c222fbefe81266219339329b243e7f1a330534a0ed747de51e831b5ca1e3e781046f99029b762932558b984d87aaa0fea4197b0bd426
12375f6a5e5840b138d40c8df1c7653b234122c6d09d60965868836a3797161357eb6c118c5279116a42bb16a83205c528dfffa6a1d4dd37492db58e3665ed85d5f66f30be0478f529415a3c3101b6dd9da38015e8aea2203e94112c2911fc3773e25541550a290dc409c108d931a937028ec7ba7ddcef95
162f08316f1dabc0e3eae1d2dc6b02179611bb330491209fc3924f078905082c73c8952a91e07336db93dd3ae107181d80df0d3e033ab4af51c7f24920c043387edefcc3f5e277f19f98b239c915eb1ef5c5108c2d339f2fc3d917562a3fa8f58bd3fad6b75c763f340c61c0b91896b301357f0fab81e468
13b1aa00460b36734b16e3c3a728c21c72cd48ae5b7773d6fc1e29d806d534175be7fff4bcc1549ca80023cf9a1185905f814189403b754a9951116d04dbcf46e8953523415bd4c76a89dc3f3f3730f0efb4a329f2d5319492af36be02213485caf18be9ae1725327405032a836ea8b3c09070301e50bdb3
3ed81ab9ce5f3f20c6ff2be00040f8126a073b34dac6510caf53c333636704b79a62bef37250611b83ed09b4993cde853bec7290d25b5e90a70fd9e612b911737fe3ace0b37ef84c3aa47d26e327317ddcb5b25162e5fe9a50040f0d89c1dfaba1b34fd5d98da438e13e04f643d81ed420e4d7459919b9a1
317793bfcfc6f3f26aeeb99217a8ca3e79f2c1fa554f72925638072168cb3a1427cd3396c0e31c0a3409a3b6cb3dc72a448995eae2aa746ffdfd634439b06d98e4a14e829c15207446647904b79fc4a8be6492016694b96bf26f032ce17142399b019dd6f2125b642634dcb05304e8a7f124737fe5dd1a88
2fe0e9a705b952a2834c17371af1c8051e06f8008de233bf49d0640da326361f2149af1afae2aefd5943f257352426f5402e3224031769084496761a3fb7fb4d041cb1b1d14e6c8224e4321e093ebc09137ea32ff2d356d75dd628180f9dd472e3d2c8e9fa9d35e81938474abf68165f91c8c7182309057c
05b01c86e40d2420e6c3145a5f375402d3474f65b97910e3f492e916cb8815034e3e06d551e3e0790c020037f82ec2af983a718d107dbf2a0662ef161fcef5b9213250d164a8728ee203492a7675a30b40d91015741d73d581141248eefd00fcfa80e59296038b84ba282b9fd7b5bbf0f11df6f9453fdd83
1a65b657f65f83b3e54a22cd44c0390196d42175e4b8510aebfbd10eaff803e16d817d378be11e6da8a087d726281f55817546db43001ed513f4f95c3534b2f773051f733cdc078e7bbfa438c4a11a43886be0b3f12c5742d4303ee3e346524f91e0465d4e4500ce09069624ac58f1c5c1666dd7005e251e
1bad80656e9229a19bf311ec00f6b6215ca0676bd113f3423061b3841a172e9d5467248eedf0d6ad550655d14d1c2ab155fd9ef86185f8022316c17737f7cce5768217b37ddf80b27e84720791ce0e457d0400ea36365aac6720175635152ed9bdf164283a0dedbd0e2b94e0389c297cc2bafd137cdfe305
3aa5aeee3e31555008798e68d9e03c3fa47744eca9125352699a00e434ad19e62e4c5107dbc2aef26ada0e905c26ec69b5f6230d13311b0ba49594c93cbff00ad928050347cf33273ff2910e78aad7d1e6b31072ca8622e9b3c13e890d9cfa53a9f18bbc8adea6d80e16ed60aec9400793dba5c96cdbc3ce
13af0800204e86e30f21978ef0f7f0091fabb093ace310c5000ea7a933081abd1243846c768295a9437c90fdde2f76c73e7a50b4b3a18a491ea0f918085dee9215b8e7f269623dd650d32f24c44438e14834c08bee809e731f7111e9d6ef415e2cb086d79f2b1e3ebb22cac3aed18b7a7392b664d261afe6
0ae1cc82545e0cf2902a6eecc1fbce16dbe02a69bb6ca124b43806ceb085341b4ab2116e9e93421b52bdb652091162b9ed31dc2183e8de472ea522293fda66a90217d73066e9b726d0cc1f1f52ec028a6ea162484009100247da1696285a20210c31f4d2cfa7cd1f1c25e397a46f3ff90101fe6adc3fffd9
0b68f86bc8cab4922e0ca1010765bb066ae671b9412a010f09973e3eec793c347847eb4dbf9239e395831f1f7f1c9d738eda8c15b084587c0734d54b2f2a0233b0dc272077d0c3c882dbb139a546aaaf1113235254d4e64963f03d5aea04eb79628197d4de4e0eccf11da1c123be8479a35bed78f8098d5f
027f11fa414d45314dcfcd3b5be9af06c49b3dcb9ca162d36afe8d85980b1f2b0e23fc6dcb607ef2182d990de505d9ef1c59a3012225bbea956f3b2216ccdda718617412bc1e16a1f4b3262debe1f7f7565a40c23133dfd8924c29dc9d5bf028cb4122e4bc6ac4948218f5102a8da07d11ec87e232b7b314
3fc00000151e0f13d70ba7733d12450cf7ca18d541e8626efb79aa89f96e000fffffe0f07d037609f595c65fd3105f7101edc44751b316ba9ec7beff3fe0000018ff07104e529417cf70e01a574627b6bacce3ad9a017966d3d10007ffffdff83f020763b597fd2f2614545765a8b84b02d98b5d4f42df80
3fffffffb7c000200fdc40bbe11e68071005e153f012b1bcc0ff5cd534280de70ac57f3ecb42a70e768b4abd6e1191f1f6fd2a76b3b22a6241138fe3291e4dd0335a99e22b5e5adc50e2b91225886ce25fc8606dfd0f95eda7ae3d3810dacd58d953224c77f706b8de07d569f205afebe380c42bd322b5fa
3323d99e3bff6f02ee81056ad3bfae0d19a996e7dc65f3e59bd9deddf4313496bca31a5f5b82cb492e586af39d32e217397e976572f726eb42a56fc415c24d6d88458da3c3c7a61f429d4c33bd3c6ad87139c02a8596c8629e012d52a394e5778d63984d051433e87b2e776f1627ec7780758e190f028f6f
3b27d9a2cc3f8ee0ec773d4637d5da20322c990ea97cb1f255086499669b3dc7f54a73dffc03aa34ad624b8c1216e79ae01c67451008821c7341e1aa381c9a81a03bc6e3fa71f8af7c56142c119209b7472af2d1d1156ab2f307093b5356370be41300f92fdd51c44b2658e03020bf8f73f24621ce075055
37592a5db07d587331d359f0c81f38050b40877d8e6d527e1d457d83faac22bfaaf7d162fc52b39d029957957a2a5dc5c15c6343431603b3bf928c041f3fdcc26f7a477200c758ff3f55e407ac31a3db9b9a121e2a002d957f6a0977782735c0f6e07dbaaac7a356c1070ab402377006c3d85f1b38def0b7
3f6d1fb1a7a32233b947dc0a324f293c4046ea55cb605211521ae7aafc5b1dbca0503cdcfb70fc4906c89dab2a0c8152805ac879002b109255ff37bb3961c5863d6a23416570a39c83534b17517cd37f349ce21a9956b24727373fce9d52634791628ec6f54c9e17871723d7786c4501711cb53fdef5e12f
2cb5093d15a90b214dc61e0d3db2ec39b51e8fb2bbead1c0c95af0b04251277112af85c11272d69920e4620abf10d6793fb6eace620c4e261d2c56a93654e96031a1ff313e371a3239db812697352596d0b453087f01c2b244343a77a7872fe793822d71a9f643cfcc2794a720bcfb7f71f009008d63243f
34aa52001e0300a09b87b43fa55fee0456f5f352c905b3524bf5bca9c0e238b2dee22f814a83a94ce8a95871e4090bb6880b69a380c7c7532d434b44143aaa065d8611216709abece592ec05f39b31d586ec900aed6e3b2ea7c5333d70a530e2ff727e67a31ce866d13dee94bb58c4f360668b902bfc78ca
1b5f0dea00997012be7bba70ac83f830e52b9c9f8f7421be976533b3a4c109998230ae2b523144194c276ae44814795442235418309bb9861362ec763c5048bb6ffb4de39f469e8c9783e8018fda1d089613e38bda418d28f88d05284276f963a103020c6f0d5c56813cf15fd47fdb11330631c5183e5836
1ae67eeca65202d077a5ddd5194d4c33ee4aa7627d4f237433dcd01148fe080ce1bfb3730f8191d1293b73fe513d914766c9ef9092a358f3ee152c8c33d46905e1cd7811f58496f389bdd4241ce3dc985736e2670173ac67bd492f963dcc7ab61013108a2d312b1c7d29b96cef25440fc3aded58695a59e9
28ac4f37592b6ed02f3755e3b23bda1819dcecf9f4389250866ef13b1e550f54ad604ec46b617cd563c4d3e6540dd6bc46be8c2a73c1809d19a78747068ad005d24a4441bfa0630dc589e1105740d9bd6657c314907519afc3af1fd97fe9c4d4e7e3b76d3d35a2e1e80b9257971e755d51d569b02f5601f2
258462f37b3df500886f6670d53a7137ef1b0250b9ba32a5b6a057440bbf32a7ca4347e34693e0985ee013eb71128b870a83a2e3f096e5f96962930b2e7cd7f9d941e05350e7937f0c83991c437aff8f7b6aa2d086a9ddf96fcd2815baaf827c05415188544701b8091c74eb254d916ac0de3f6cc27b3824
19b3b7a116d806709f4707d87710142fe478705de5ebe16248b0d2ab2d631018f7683598a6436d4159ee5bc40d0736125a0e779b72d4fd24adf72dde055c952093d78e833124ca8d5b6c9c374b23aba308def1f22285b472289535ac032b66b2c6a06ed20f47238a1f357274657b08cb0249359dd278d155
083244a998d8ce00005a3471cbb01529504bec74f5aca2d71aab19e3e0cc1699ec3cf22f2c531e96621547fa7c398b070de4314c805c6e8b2f13605d34fdf47a966161610a353d5c56c0122e7fe4b3261bbec21c9b0c9558a2690b87b9e23f3b2c7143465c7eff7f7d3b29754cbdf03e81dbe51e6642f199
02cb19b98b96e8c0a89b5296e9afe5382536dad96215f3d9ccb8b6c07b8c2ec71f4f892ec49336cc376fd940662e95c43dd2e4c3d05a8573301ec5c91a25f2917da333930f70ca99b9211c1092e038312a45432b444da608365302addf742cd07842ffab3ac9181bcd32ca3e692bd4e23011191ce8cd99ae
381bc3c461c97ec0b3460d4646b74635cd7817262b6b90721ffbd539988e17bb4c772ad04f71b9c1a8074f1ee601f42baca0ba02c1892ce19ed7dc4b010d248ba2f99833e72526765ee0af30816090321847502c9019677b646c134dfd212f2d75005e13a2812bbfe410ff6ad762342032208beb50b41c9e
1fffffc020fff7825f950634e387da2512610a8f6a0500f4f8c1bb93d0c73800000fe3200270d3e79de58e426d33b07fc7fe595ac2575bce0499538b0fffffe0107ffbc19297437881abab266491a093cedb30176b0c90b50de63c000007df00018207270e9496397900bb087c4d9d75a18ebf3b4f618443
0fb2d1383348c8a0f2ec02e5b7c9d110197d0240a31b929c9301ee4a97270d535cbaf70225334f5d2f0367d1bb21f22e5944aa2f50354c67b2e7d4772df0623f37c5b081a5397661e53bf53c015b4d3f4414b14ef6f4e7a4bf620f9ede1fdbd100217c63697cef741a3ec2b79c187299f28d2d79de1cfb26
170a50d8c34b41601bc8e26f4d2e692a974aeafccec502cd86e929ea35b8201b10d4b8397fa3a606a096638588111a93ac96b1b34324b65ba44c35553bbb7e4a5519f8d1f6661e5481009d0a73dfc6938336939ec131e5688791039c67c980db2f003c1daf8dabc73920172b0a752ba262ce181511a82344
209eccac6dc0674090fd1236e2790b13c79767774e84f17da6ca8537bec903198f3f750a5661df1851b3cfe68517af26715cf163c0012f0633656350243169682501c85037aff14f23a8892f965b64612ef190d0b13cee0c6fab09e4f9ee2e5201031bb2785b5e2b452cec162e8da2aa11ef3127c3842008
26306420e53a270182a1b77d1281dd0301808f1badabb282f7dba20055bc165f95c01726bef2dcf56f751984d8062e7e3ca987ff427366f17b073a3806c983b6ca9504d1bc3804a6745e7608398bca0c0ac0f230440705b3f60d3f9613a009ea5812522c0ee334e7d518464d01b721c4600df307a6c525d9
16c2ed5aa92048b018ffbf3af5755915af5b181eba1140f07ebacce85ef51f318ee486c71bc05ec585aab51a1e3089d37cbf7f4d10d2bfb8800c873f22e478b9d9a4b08217c1ea0ea2dd190f26e1c01483e900c84f3da75fac34110fcad2df583cd12529af64e3b1213bd0927deaff57831e7d2545dd55f6
1a587941c53544123703185c14ca4c3161df019b11934073bac5dd7534eb0af9d5c3cb66dca2ae9750002904440765fb960310c5b2c752a8a1de3dfc3be1570017384ff1c4fca2247fd0923c5f6f300e273ea2dbae0398098cf2053ec183a8910712d72aad1d26833c0dc843d33618daf1aa9ade9fc59549
303a2655a92cfb202d0cbf3000ef222097e5b8360b3b738754cb151730fc2f03e1428b5d10015cadb44da4fda1191c1cd980b58bd36eaeffaf7030c337e7f5ee0ea83ae3a159b0b577f0d939e1a1bf04448b6157c0306803ad35161b7954bfb822c3c2caa1cbb3113f3faac61ac8f74c101508bf1b9edead
22396d3cfc1d96f14f04468627317e2a65c86cf3eea793186d867c7d6dca05ab5c9d9fabaa52c262071af6b7f51529fe56ab804051d7dd30569ba69f31ea80b8bb2c42d1db255ad90f34cb3bb78b2430c513b268e5b6f2a6fc8f178596741cd50b22f4f7d36bec4b9a19b3cf7fc9511c718b23f3de5018af
15f84b44a39b4eb3343706923e3c9f2ee5748796ad1ee1257a273e4018a00f7777c43f632d0233865f29dbbc74060b5e40a886957077f353ff5785ca2c9372bd18a704f2fb6c5bb85451cf0dcadfa790138970ee72ecf10804ad123754dc2e9fe8234183def968234c3976386c4a5e4fe14b6a9407f89475
0a60d6a2ef86a4b17ffe6815d3340c0ae0970b21c5e5a292d5bf1fb8c44e1ae78c5c51c62a22ec41f80e191a512eef76680c7146017e84cbcdec3a2d25d8fa58054ed49004304ea91408092ab92063ef68d2a06060d51dc5e576362011b3fefc2720420f4187390ee9190b8723d900c0639b13ed08b27690
1489d3a798ba4f71b23c6997e5e1710f73dffff4fd046146dc884a0f65aa3911cb7221bfc142f7f3ba42921e091b4b5bd8aac4d822e8e171ca473bd63bc2142f08ec7230df1a8488658706063c7a47a3b70062c370108f47e5f03788aba1b78e7e32f96e0e08c54d313911671a515ca2e1d506b28b66c814
14e98e2e0fa1e61096a15f6fe58856380711a92c9bae91f90a7fe973ea19100937e0700e4e6218fe33db5396652be6e0f914cfa292ba3381897273f30510d70b07eba322608da26292829b1b9f2c62f350b7f0d5f3feea0f3ad720cd16da9c9b8633723084fa8aab6009c8caa3f2ead8626f80fca206f926
19b9fe6d4459dbc01f4ce7847c61132ca1a4734299f1d1059310e0f3dc291f8f37173a8b45a07b86015c9b4201159abc822a546711f2d87e50df702d182fa62526454e432cb52dae5645dd07dec10c9ef5617057298c81d8d86701a5cc9de722e8607f1a78f1d9fd5618b8d81b942329f02030743c696cb1
1609d72ea2e7efc39fe4903156b68700ffa99302643691f3785e04bb8c813f68fc969edd04800883faca815675108ca4bdc45be430f859c04ad8020120dc9fb4ec9a349255d51da611bc650f02a87b4b0c0063bf170a9ae8c4db1cca36bfc3f3fbe15fec7b7fb266803163e627b1a55151af877252c93fa1
1bee91a3a13b78e3409377e7ed2c1530225a26373403c3f525f34c0da61929b53fbbb6a880e2a50be8b64b98573c3468e6a52270e1e0661084fca94621c148b2fade75e25519fc897ee78423baeac9ec9aa490898db21aa37b2f1c24d96e66c6420064e65b3c619a4008a9755f593d7cf3ca5b42787a649f
01be2000103fff43033512f3099b4b3125f02a6d23e222a55d30899e3f1b3f9077ffd6d00121aaff9ab5f43d9115ed724c6e704281eb42b25116b7f600df1000291ffee3e46749d773b5642c6e593082abc9c0ef9d43f7ba45101fc83bffdae8011272b30cfcc9370b371b580ae6fe48a358b2ad757f3679
11c54b50046e20d35cec12f197462a0b7147a116172f41058c5e4dd2ecfd3c7493f82ce968e14cf4704f7f8c1d209656e5cc391182ff4bce4647e53303edd5e6e01a79b2774b02f916671f2095a090ff699033ab0bdfc410c1750d35603b1215dc6129984ca26a5e5a0e4acef1cadd1a819e39e6bbcf33c4
02d0cad6366774939a0a531f922e853ff1fae12ac0fae32afe86b222f37129c169804f32d5f306bc82f9d997fa258a15f92ed3bc60b389ace5c82d44242e4be6dcecf682186d7f18af9c0c190eca1b9a74f0a03ea99ac5e19de43911e7707dfa89238fd397538108b5364e826dcd7f7f338810d11ecbfacf
0a284b05148828c1553cde97988fdc2ff37bfa2705c7310b059d4b58eb0215007006b3169d10d52078d11b06ae11c5c7f9ae5a27237ae17aae552aed0248a1b2da6bd3813e8e2a6d30661a0d3e0767f8f18d2146ac70e62009333dc228bd568aef80eeb47632d8dd760e50f2c80bc3aa91f11a31562e2db1
3b4a9534fd8f1a51a21837c81012333db76383aab58cf155596f355913a2086f8da18700ec913c1d667eb00b7c3c52b51addad3dd0b7215bcac26d2a12ba521c9b74c2717bd3c0597c0c3f05655c8e54031b2196a17f6a0570be16e2a90f7cb3c250071ea546117c39106fbf21e1063253980f47f16fbc18
0d4165c275578f43b45ee6c134e7e026bea4e9424d4f23285359b5724c35035c59fb91287153234269100f3a9a1a423cfa8a2f24e02fd1b397ca91872510e26e472588402b91bf5654bd202aa49e04244e55704b106fb6ace8a6166bd8eabf3ec0e38fecde714875af0f2cbbd85407bc5260f779a7536233
2d4ff1f4a7e0e0d2f4dc416aec8b8d3143f7709220ebd32ec8ed73a203840448be60e62065a27197132c93a93020828efc5f10da60af27fcf563fd852bc9edd2f357dbd2837e38cd88b0e737130ad683b6d370ea7bc397dadaa235ede9088f61b5a0648cda967a72061a81db9fdf870e61032fc6f600c7c4
1cd8e7bb9dc0aa9200894b2cb5f46328027a6327c591104d7625b2167d1e212f67aec827d7b33b0bdcd665814b38666948263d0e70c682ee036972e0092dab6b0b9300d3667e529d94280125d315c87c781ca0b4472516fe883212f4587b894147723c5414e6a42b2c2189acbfe7b1bab11dcdb318142155
01b56f971f57ecd0ac0f0c815e922e0bd4be367b69d12019eb0fc4f5b70f34a7788148a82fd0a5307df487608b00529aecb1409b02060decb5385028050621db28bf58a25d89caf5f19e552c437ff8e0567cc152058c28ceb6fa1fe991a9015221334474a227ac8e9032c8b18d3586455089703420488b0b
0e9fed9fdf3dad427fbceadfd087be0336310c91904e12feff421db87011084e6d0bf20c21123cacb43a8844593562f60827fac6831d1c5d212957980e2f4321f2b8dcd2e5e9a5bacfbfb30ecc0478e921d7f31dd8c6fe470bb2351f5cb988c65a70a674ba651fd3301cc5c5c0d5a893b2bb6fcc7caaa882
1c01e2be47781943eb4ec266f655be1eab8c336dd44643f1c8e172c4c5b6105b881ac18fb6728885e0174c92b5071ef8c2df1c0741170b4a689aa08b2f095bb9a5b06b4294f36977ce92e403577c8ebfc062b08df0df4afad42c32c4ab341e8da2022138bf6eb38f2d1b598da11d105ec05c90c561b4bf4a
190b80122aaf6d31243a7835fb4651350a6ac130f67f62c21e45c26c4d270a504a24a680ccd2baf719c69a56f620dfd429770d51f0f3f69ecc5f9e521b7af497d542d4c0c49dbca2cdcabe3dacb968cf029a02e379e99d60e0ef1d66dfa1087cad53f8ec476e48b3971467726ae4addaa186781af2cae6d2
26add0e1a28313a2b257987845b5ed0b88723c72a719223577deb597009e17203947f45f5791aa059e534a246b2df9b1ba9c3750915182cc22a35ccd02107647ea31fde0206efec3da37351c7a23d07eb3d3d356e1fb3c2724a31c1a51bdbdf93180464a6c2ec679192a1d79fbdbb4949261075c1a3cff8a
20794b8774d5ca22cd5bc1d17ebd2a11f087382ea45ef0c14ac06e7755a5149defe58fce86439e6773a0c868181c95674facecb462c44160ebf483c91116eeb9d99fb01101f672843c5ce208a240b20ada3e00c71a94fd2fa80c1cd43d14291933d205c1310eafe6881651362e6ea91553e6725b70e062a9
174dc0345c191cf29ff1490d90deba3008be8d6df0ce821d3db67fa3454727374630e42918d2c8e40dcff44514080d1bdd820b442240ba09f3cc8d3f09e3e8f4dab672912b56b66c72bf3b1e605521872a86439f218cb09833852370e6fb8e89f3d152186b4e761a8b23d5eeb76e0577813086a151f20014
26c7de71b72478b1e0b20b424064da0093740945261ce0574618fca9a0170457e981af49f3d22b35a8512e39bb341ee1d09ebbe1e1330647c7d670e92a376c84fca1f3217795508ebd1c46094bcba93be33e31ea7b6b7d51e98b3c2b90530f647c93d8bafbadc7db4c04a05a9c0af55a22d574b8a89692f9
000101be40fffe800c8152032d3a6d0e0a32f8d955d032b769a109e5a8223fffbf9052e0019068ac8af20c55c829728b4c6ce667f0e6bf9631155db4000080df30fffe82690d695f8584f53ae07a97b6b4c0d2f8a37c37bcf9943fffdfc816e00193d189851ab443271b9c0e3e82d3fc42d6711f657e8958
2776e5ea991eb013977088bb473ede3bdd8195cd07ff8353183f1db7e8ff286839049fc83a12d5d712437723b02593d09c7365007152201ebf46cc5c264451d7e9199e90d455cc5fe9d43a0b78ffed560265e17db9ae632229683218b69a85b272c202f08d74b9b4ea30fcc516b090cc02af0b792ebdd23d
2129e54cfeae1552e150787d39d3c6032f1abe897754932a79bd3ba0e85d3e9e7ad86048e33210da3fa2bce34623713b7372144791c4b36c743da24e0de88b50cc49a120c54c87c5d5b5a62fdc3c62d64ff3e3a8f1341d6a52da339168e2311b0341574f8451b150752d879910f4243243a2991aee2b7512
0648e01dc8d2c660888d00bd14435500d18de98fec00a1b2f4024ed9a5d836c269ecbb7705e385eda4b893d2a714a7eafbf9d02ad195d4c11625377d178bb2d1be0432e148f88f524299850c9ec052d3d969a3edc721b2e444a93900b7419a2b5551dc7890ecb28bbd0240fa2e72cdd591b2c2d19b9d7c4c
235e347e7ffb27612124e1f04f13753ec6e34015a383333f0ec66b081a6e0bbca4fc57095490e4465263458af32fd1dbd4a3c6fdf0ef082bba15f9f203029ec24154bfd0eff1dbd2b9c5033b5b0f736231ed53f4b235488e6bff3c753ba2487bd6f13e568d337e873d1bc50ea4596c36e35d9e5945c5e62b
3c453caa01bfb611fce986bf7eec2601d2f670b01c6300cbd76f6c5b21a622ae01821165de921bc8065d99ea751b3cf32425773f8097b6f96b86c16f3fb8f103ff912171c0a38ab6f463393e089a2065d53750b249c967eaff7c05e173a92dfccdc3b723e58566dbec12f06f1aee2b267090e5f838004c68
1c45034182053d33ec0619da951ce627eb1f367217d17035ca24a5e1625203371f391bda358211ae87cec0bd7d08d13a1560aa3692d0581515a622e3163b4d9b7bf279a361ac9e0ef0ba7103d39602d4f4d622a8d44b14cb41111b4c2524545b46d2eed76d0dde918304038211e03985b16401992dfbf03b
11af2ba061af0de00f368f43b3f60e1b6e7e06fac4b8f136c62932b0fd0e10e3e03a5b770490aef05305e712d413e967eebc6d16d3fc8bc11b77c9ee06576c2fbc7bbe80fc06faf2a7b1b41f6a17103d2955f2a763540b7689721fda08ccc24cbd23d26ebd7499cd9536df3c1eb5864891b3054e329b5654
3ebb127c230f2ac228203101697be6266b9c396afb8dc0bc4b2fe9c2980b3af150b26103d4b0a0c438a5405df43754e04976ae55401bf7ccc525079013dbe48d69202fc2cee789f0a008d10e75077b6f976bf23ab6243a42717f1c8a4f3a4ad85e412d289f7b6f01ed0ed1a6e28ad3db70ab0f43a9a454a0
1693b1709e8536c1feb2e3c88e6b461a87d3105dc4f780ee4c9b31762d2917fd5db912fcb2624bb0474109e3e33a0b51544d4d4ac19a2a5092f4c69d2156de9472ff06e0dfe2bc4adc98393e7cc22cc1547730ff71dd62d6d7eb03825bad0a11348248fabd8d7775972d43b128bcf54491636dcffe9542ce
23b8955ebb82da22dbefc36d15bfc526af6c99ea4e358264ddd386bc058a002e6e3eece4b763820266c36c9b393eec68f4f6283420995d27c1f73b911206c9e6e39699c3e6be06d3692b9c0666b08514e61a532be65624b445922fffb1fc31e53b618b095902ced65732281367fc7c80413a3be9af434c3f
244e2fe0eead4063cba9a67e0f36d5317673780a66a7c26dd852fd927d9114a04017f291c0c3aac7e88b75b68132813b8b77b25ae1190fdf090ef50b215a522213af6fd0e2f526db14c57f3d4a6c754f0b75717ccaffeb1a2c5c3e79bc9544a16a83efe49277f03dbe3cb5056a66f5483336b65264bc57e8
15b018ea215dc6a0e7f3746c850a252cdaa0913b765d906f856169d508de38b1c53162e35ab264c062abc4e8ab17874f7aeac88961ca1d15e56711113eabbf353264ab10cb2bb84221cb330f82273f9ca2f00017c1ae5d004f26387b000ab9f50523060bd0c71be40637b0773e916acd6354e5f648f3c678
2b6735c1237fc8c3d06743acbe1e292d269544677ccd8330ec2900decc7e1c2cfff81d35dc63064df48bba7ab81253a13fd3ff1c10b46f6c3b5651e0328ce1bffe09c1c1d0f8a7b424b1a434971fa1a1ebbe40da8eb6694e294439662cc468a953004872b629c08a13314a173068dc59920f9512861fa570
2a3ec2bfc991bd5124ce59a8f6394d18b1dd4c54c88bb35705336671c465313cd71cc21d7fd30f8300631fa8c8337c0cd6882694904a8258e7551c3928fd6d526f66d41122bb49dba84c2f0b85dd5f51382ae1464cbc106c949634ef342de482e932009a142b6aa3e6093a637b91548bc3ea76475cdd8263
211b855fbca52a7334fc5e01e5e3f61238d68653233dc019d2c00ea501923761d12fdada03f2e7a4b6cf0c8d4a009c6cc6d9764411665b081408076b35350a0bede3bb204a4216089fb9c63b0d889f84d700d154c11a65d0e047040b2ffd417f2a538c34a191fb90ec2f5aa98828056651e91fc505d559b7
01c0000122be1f0120960064bb032305a4fbbd7b83387191be34db77d2253f8fffff9a7079117b3d1cef2d571830cdaf67a9d06cf0302a713cc1533300e00000a1df0f01a2433bbb97504a36addefa07cb74f065cdc620a70e953fc7ffffbaa83d11aba652ee3bdcd4332501676d62d7707b268ceb758417
3765c7f2f9bd11711b730a72d812bc2526c3e4a3e9e3c21be2c3d26bd45d1bc4b8e3b3187ce0dcfe57cf61934f12f6a4cb8c9d37a2861cc000ef550908dc0651b43a5a33de91eaf1915e902693c57d03304b1351cd8566ef06bc360c9ac4da339b834e20e24e57f2851bac0ea95d90c823404aaeaaad165d
21685bc70c7f7d72cc2ff348cece381df2c58d6afbc1b0c3bbb365718c0f20dc21e72d19729121040086905462064ee875d4361df3c28dd0228264bd20cdfc42a24dd1c38d257bde215d7c3d552b6f18d78503f19adbb33a789018c0042d42f42641b544666941056729da56246f714090fc79e6cfa9049a
3033ebace419a042b3cb8d64e91d982d5277a25a332ea06f56848d432f4d2370a26ba5f19d13c3256d3e518ada23ba1fc42f8c84f2e73f4a0f479380286205754dd7a910424d6ef74bff210f43d50244f22293a4001be4a17d56132260241e7e5e606a78acab9bb8f829d451764e6f15d3970655becc1604
238f32890608cfa0c8e75ce199340c301e9139ee0aeff220433bd4833b7322b64cb70f648fd00589b8a611af781976d5c4336402130d7bf2ec429741193e9ecb7120ce42d6ec78949c982013bfd6e164ac30e24f2e358a5f856506c3fa5f5184cec03ecca15302a785341fd0abfe3d90e14c3388a20aac15
154b36f5176d8b00547e79df2061d20c6a42b70c47883228d3e52b97e0850be0a3ebe5547471e90347c6e4c3ab280b72e247f7d2a3804e0ca950abd530e75626a5649cf26cc8d6684949312a4dc03027d912e28f8c6f16fe51b034afcd06902210a306ea9d87c1b43e3afea0c902be913025015be567ad2c
3345906115020e20c49550396d98c6087e8990ed7733e3c38f955c74b3d531d96282df0beae2a33ffc1475445a1d1e2181f61c9201a55c4eba10f6473aac720798b5b192d85cc7375f4a421702b10e298cf67329f5cd4fa4f48636ff713cb6b8ada3216f13e878547205f9303121330de2de6fd9f956f62a
01a2b94ca3707820ef15a69c7bf20b1a44f325268773327f66ec7456272338bf966d5d6351927c04af653a1ca01371cba8482a39210db6fa10856a442627ff8b5a934251cabd52cb1073d3123d1fe308f7e5820887368906099e1084780374507073b27f4c1d8bc70a3f164f2f4ccdc6b117755817b4c897
27871d6790e63e7077392a3d3b84ac3208f80eac51ee82e13acb2b263068309812b0240df8b05dac228235531537658ddf93d810d247ea4a0386b2161d4c75adb9f55c9293cd3f514e0c0e0cdf76b7e417cc91c77d11823bc2351025a7f83ef5236277de4c73c96d75185ede2cce363040d0f77d8a55038c
16da55d52d81f4313da683d16abc1a0f0b8fd4e960cbf09e9c39ef5e15140176876dbd091660a05ba717faef24077c784422ee2fa1d509bbfb05517530850e1c095fb583c4945da0a8a8da14df7340ae8e05925c06bbb0139cf117406c651de43f7367b5e9228eb3cd091365f17d90c8f1e546ea45241354
3a6bb11ea1ad4ec3122c4eebcb31ae1945df4e588e42c074c8ca97c1353412e32f28705c40a2eb44010d30c10838f388f5a4c95ec2484cae6368fdeb0ff246f8f12ad072bb79ceab3d5ba622f8d17d7d069501aac0c0065ca9d111bd06253c5b56a3569cde5cd9171a3d652d8f03683f82ed95e9e4a8e2a5
39a0935cd210ceb24fa3da7f229cc52af2b4080128ced12c7307fefade00028fef2b2c0e2df14527ebe87399ee14b5a2a7c40aea73c53644982259632bb9e0c7bf0ce4c398ca02264bd6c114a21fa632aa8d5126878fe9e55ad83cec147795e30aa0705d2ea4974d4732c1f5807ff5ec913f10e6e10df598
23c8d8e26bc7f8932a2fb899610d190f06a75dfbf080d38d7fd50cd9f1612464820c1413e9f27a6d97863ea1610799c3711b3f8202caba56a645378c2ef9cbddb96d2e91a13c2d10d371d70cc5606002004d931015ee2e39cae009dea03efe05ed828bd08e438d35ce09913934d408d9024bcf9c01e845f4
3c27b3ba23cadbb3020aeec7d5a2ad04e546a97f472231e69820b24cc8c417c0e3f883f538a08b7f2ef56b1d55278218185020b43243b4286be4c5291dacd7f959a45d11c03ddfb78395080c4cac461d9ecf02422aab3cc86cc61193787f4143ff00fe6730a2a1692901bc60b683fd7cd0fdda65109a8271
24d78c67a9aa69f2750471715070b7356476f54fe88cc3dd193cacfe348738c743edd79a36a0ee24862e3718c528edf3f533c113f0bd342e126b9e4138f9bc055fecf6c1e6163ef74d1b582a685a2bba572c513f1e1240b792082bfc4a39a52339d0d329609a412b793d4220275588c442bcc0097120cf5d
0271829428519a514a92c416b8f0f13b5dd96aace811233deb51e9d523e01254fb7f2b36e493ea0ca9012b378603c82864f3424262658e978fbe6423143ec45546df2e13841839be6a944802a276f7706ecdc1d4d3c6107b02fd2e1c8cc2d7410cb1eb6fa5e79c661f28d57cd5996fe882cb6e26e90b2201
000001c0210100830d166f4d924d6d01448b32ae55d7f1f221b3f13c5a0f3fffff8fdadfc110f95bc874282a0e0f44e0642c711582181191772f3139000000e021007f83e957f804b80e752f3bd0683bbf65a095ff85ab89528a3fffffc7dadfe112c90c9f070d14442e8538ca608953116f1a1d08ac731a
07197cc2a7ce620358ead6a56c3ec5258a5e98285bb7d37141be0c0eb8e128d9b9daad241e62ec032e1f7554f53811d4839beeb40176ff82d70637eb24000d213a1444d33f10f27a4fb9372d9cba30b2d8e4503e2604f2cc78ea10bee81a0bc91cc048585b2bbd3dfc3858b7c2ffa5aa32d2f9524a810b38
129276fd5bd568915eb83d09a5a0a91ff8c7cf18dbf5139c004e74dc017622828d2f8fd4d421f07337a2f8149727064defa29e276304bf128665f1c325c8b405b091ed11f25f7e934e6f9d3e11c0d280c7d5d0c5df56495c246b26e99f383f496600fe043a8cf89560149e9cd96a2a5dd25024931a28a802
303148a3c3335e93e6fd348911307c2d2071f3ecc54b1282ae8da7825bfa1bd0f1166347c0425f8ddc54f6aaf52996b970a495bd23061bb29fb772b921a0c0bba00746022ff0736e59fb9a2eadf9b2ce338903fc2779313b4cb4136ca5e4da2f77228b9524b982483c1d2c85de3e297d5044fb39684b384b
3a5b417734a5d2628d489eaaa3e9f222e0a243d9e326d261e483d98845291c23c810b0086802ff0eaafb006d851f59db355b8664827dfca18bc031ac2c66cef47a3ec971c973e6e4030b863f8c200561e1bc60494029b12ff6e81e94e7c17cabbda3c4f478d84fa6870d55ee5325ea1fd3ec6bacbe5d92e0
1ff306b1f0fbce33b105ac6bc37c57183530efea1df483d449007188d83621acab24268fd772cfc5f580c234e41363157fdf6c6cb131ac605a662a023185211410447533d019ea1e7afc413bd0a0998c3f10b275297660e8abee0011f0500f27ffd20b652ef89c35dc18f33aff19a2eb118131c3654c45d4
39b1bc9d33285a90db613a99cbd4332340eaa026e7154278a56d120816692f99cd3179088cd1e3ebdbb2bc91963175821ab901f13309da6a6560b8b91dd54931700a7620545ccf322e1523122b01cbf1d4eaf30298b7b067105b095d378bf24a6aa08812e67de83a323ec9d0731b37375358e91b5af7db65
0487732a0f94b782b9adbe12a808fb0a65f72893279cc26e51bd180a3f4b0844e1a6489972a273bd9b4468c5363e237c4ea1af4701c4bffe5b25ae510c57c31f834569810c524a12c36e0c071e8db999436362e9d041a3a75253182f0342d062be9071ca02c422ae7a2d1adfd6761a72d29c881b613f2994
1ac1996714e366703ae06a52c95b33226ceac578bf8ff0248e656f4521420d19bcc3c5236622321cc48d9a111334b3bd2943a53020d93d7eb0c8225b30f3906d3a28e1315e80fcee79197a155e9633e989c401f49e0c1988cb3b0f5bd49c97b81470debd3f71f7c2ec13e793256602f3919539646bcb8278
3b2a099166abb4016fd8886b5e99d623230d90cd0f5012fd1d87050334be194d68b60afa1642ede8b9567f10101c13b942fc5c1571bb105521940f99162557ffb47748d2364df17eb5861a28077012b21cbe803675551774f3ad2e8bdd462ae2cb82a89476a403446026abb57d8e8dc4a2bd56e8af715680
0ae2a8c55b53eb232bfc325d30ac1d1d22948fe41b9243cf4bb73181955238f641466119a9d08803e8d774e8ff3d00a552986b744039ba134056a7f31d17b135e3c785e29047f529f20c683be1439f08891600d626e530685954308cd2e4670c338156f0bf71fb79843f26b9dd8646d2b2f0bc5fc002dcae
1155041d9ed3cb4333c3aa711b54013246943f83b480f3a8c339e11a921b3d5d2477ce4cdf10461daf7db69ae02870a3e8558b3560fd00c4654c46a50793644bcab0ecd2a428330fc9963e058dc3ac88bc223394f366b2bf68723d28dadc4b9468603114c5893ba92412fbd204b1cbfce2274381003f7ebf
184b8de400e98992f9872916846a520ea6df3e48cb6ff2cc2eac3a13a5ce0cea4004a8a34ca22998672b8c66f30755f3e7e2358cc13185f4b4008a3b239488965cf6b4e13fc770de6b9d860f2cd322ff5a6bb257fe83d536267e2538789e0355f4621ad789ae0f9f4f3be7718c002e36a2137fda2394e6bd
33de48d4cd2bdc82f1a2d238af24d0148e670da7db80c1f365b866dbfd5f08f72d4af938675347f0d9458b82ac344e0ade4ad688f10db1b72139f63107ffca64d6480f720801457583d8a205f9d6235c45ade01a5265597c4a723e8c989f4b910440830ade4eb01719059de883cad6ad43385b64c92b5590
133e8e87608f50a05996b8f5a615a00be339240e5709912a1514dd58c67e2ae4f93a47bd0503a244d9b346ca7f277c22f3d2012fe05fd1faef73106f097da5a9a6f9297168fd220a01f5f13b223ca5dd3dc4c10ab8b9314bd6ed0f391b0d6e019d616ca28c340b59c40d2af0795f88a8d128071051e4d8d9
08377a9ee3e340c0583aefb9f819482b492c415d2007d1f6909bae6807050a858475462b6981dd4b55c44996d01b6e75dd6bb6a7a0169de70b71c4523ce8a0ae448226e11d3ff822f259900ae155da103187b35c118b68bad149355cf0320b760441d674c0ce45d92b0d92d4ee0acb36a3e5d98de7478ac3
00b0000022bfff013d7d0b8b19fa150ea5b6b975833d92fdb80fa9f4b7003fd3ffffda7001101c6d9c901125de0e8d80a8ad606ba2d52bfa88f099fd0058000021dfff03018b46237be4c93b2e3c7804cb77831bcab387c481033fe9ffffdaa80113ab6a0de9b6ab32336b5f3906765d31cda751918d277c
36b76b1824db0e32fa4c348b3ed0941e34a915de383450cd6bc094740f380588e7f7cac5475324374d1776a335284ff4b1cbe35980ff7d113b79e9201213a067b9742dc39ce23726724e5630278092789a1cc30e1ee62ed5a9bb04a38b82dc74aee08aba8d9c39f5490939f746f1da05d32eb9f3180c0108
28659dd3a43274e237980c72b42a411337116789b4fad1c9814ad0d37a0f04e85dc9938048c3e9b989f09859422c4d1d2bdebd1000a9642e48005a532baaaa773e516831a2dfef299deb58043947cb13ed2a706af577bd58b65b18f31437e10c09e255f7078a22266317868cb8aa2e6d420063e70e549c33
33625e644ecdad53b0fdeae5a98c413e982b6152ea3b829487f0b9f5a482159b2373ef8c375149b7f09ec2e620240a1bbda0bb37a2a46ec7aeb33b4a0cc79238930ae1929ee77d4f94e3c90a9476777ee1bb02bfc5a70156ab5b2e75148f72fbb273e31473b29c9ae93b186a84efc36220c834e9cd8a1558
2a2476c3afafd832e0fdd9a81c76e0236b919c2be9593149a9e756901afa156608f61c0d97b128ee0c334c51c810ad68d6b73a88601201d3a20f2b5a331599ca40b0ca22577dd6c80fbe1903761a9b7b844b71a9a8d16bb3d0d1184d69835cf81131a59d552d5c90c920a4edd48ab8af326f23cb626b21a2
0b4d59272d4125e118f7537c7910063ae583d980a68d83564de9a829c1aa1e22799d76111123195f770872c3982d77be7b96b019f2ba01718497fdd326b5e0190116bca07a78c8096fb74f319cc1f157a7c4731fb67be53a25c320111492a8d9670281c8bc23ea336803c06bffdf950cf345620825d5aabb
37d7adee31db2b80970545a7b9f4a83cc1cdec2ffa5b11acc4f531facc6002ab533c173d86e3551cca790a533d03269aa64451cd8168fe0421f4eb6b0f46bbf0a22e1e920d5fd5184f27993848a634a870eb60b277079f64479718dac32f56c7f3a3cba7669f32638a3b3287d79b253a00c53c33e3f1cbc7
35dffba9b7e36072ae19359d422910278ea519090ad2d023b9c9a038624e0fe84d27d0b5a1b0442703dd2f9f073b6e01c1fa3333d35fcd83a94e041f06f17145ed30795003b99e19eb9b761ce8339be696ee53b6518fbbda9826315eb32e30ea86d01b5fde374b20e9026b2783dd3fc371c3a2f66e19d3c0
3391df8934513b6345d63478f46580349aac8ab187f6332412a00fc3065d25541423150f3320c80d38176d4e9119ba93978a68b7430d2e8e613214ba1e4eda9e3cffd2735a72c209472b6c08b8e0d97937be21eb43a39727eab8397de0168fd30371b44d1bca8f8adc0797fc7643c40330640f152bb8e437
1d87c9889d1012e3b0b7fee4625eb62415f3dff1a5c8809c0b5357e495053fa40daabbbb2aa034cd3e806118163efa9cb3b33c85638a0ff6d8038bdd309c9fcd5a2eaea21acaaa5a69885f09ca3c3c2e925333c6cc1bd9049de5243d3929cefd4f81e8d945453927b70cedbd5e421834d22f7dbafe4f0aab
245a9149a9098f82710705c3e5009010ea6bed5bcc94d0235ef6660982a03b924923562dfc22525e1663b73c99144626a6c0ab5441ffc3762d8b461233322c4fba1e055338e070319916a107489ac016ba98104c5a83754d18661da2ee0baf3215439691459f84de8d0ca5b25b71b10ec0a80bc300d584c2
0560eddaa7aaf6624bc14c4d879e3d23e787da5ed5b6014f95167ab378c0149ee5c8498ad8b13a3abfd8cc4ed6351e3a5ece51eb31ca186f9e5724b23837f2ec55e6f58153c53ddea0a7e20439256ed5a89ea3bc9269a527df3139cdc5b3c88f78f3c869da7139b9842848f732ebca40f34921e13343bd03
1f9e3daf3fb86462b7c5c8061609293c12b5e8a9b657b2285e29fb46224b13c9201a1283b7609729853cdf7d11292cb73e55931c81970281bfcea73b31c89a7e71c0c11065ea1b150bcf840716f6a842b21291328f2a9be75ebe241cd36bb841f3a1ff43da70e778a90dfb3735c6eb32b17fa75068952ea3
2a8f84089bea0a33a55f578dec64c22321832248acd7b0e67b1e27d89b8221045fbf3913e932f451553155de6935939e55bbf4fa92f85d4ac114468f36c362b6046086b084ffd4a309ba7b25f1949b1bc2f7f3633c7c27dd172f278eb26037725f331018bd7e0a55170673c40c7a4dff8080fcfe7231353f
3c72e022c01cff6160bc56102f120b295eab6dde8990623ff8d08b0dd14b3c51bf20a827f600c81977a84a9c9f18ea6fade9905d604314af394d711629b69c596200e69305d3e26560bc91001c517ebf72f3f3f67ce65600461a1d85afa8341530813c3d7959ee6de6235b953dcc9e51e0c0806f49a400ae
0f7e5d213bceaa6350201cb67a2a2111e09f09a554f5c3eeb4339d84841931f6ff5e07c65a71300269532fc32e2b2ede13a623fe834b397ecb0211da0e2f149bfe946c21c8cf972ae831010f292e77c911bfa388d2135243a1a63592b36dfa02a133cf09e7f40457b636cc44ddbfc14022cc8c456121f816
000000b0210000814fca536b31685a1d2aec2c78820751cce4930b8a444f3fffffd3dae0011117da4a97faca4d284b4825b7d609b22160d9b09bb6a90000005820ffff810ab1ea13a89beb3d2f00e520d57d508360f538b047aa3fffffe9dae00112292064edcc7d69204a42f78dc12c3173c1c12562b5d2
0c8f8a32ee232d939e8e6d8a9d779926498947ec5f95119b80548422b5c42b3579612a2828f009db4ac93aa96f0540be1b542fed03a3509c9af50a3004382ed56b0e79c3efe812971d924226dbc8f2c17d34d134a0eda63fe43f2b74b1fa46a748906f9902ac3828bf158b9850c4ca9372b67ad7dfc0dbb9
1c90d6d5213bf5a1b64711f136497e2b0b5500885da8a33a56ae65c90056210f31541a2add930db1a98c8f73cc3dd6854fbd50d9405a124ea04a47313cd6bb01755491f30ef0f20f736d44192099b854aa7b433c343ac7108c65007782b898c9dd41e9fabdec10138a08caf88bb905a3e2f3e36e9e85d7b6
0ae5429d0efd0a52e5521ffd07b4cc366452eb3cb3af416bccd3b802e16823c0ca0863679d13895910a4edf75318e62ebfdf2b92139d135acd9e18e61228d06a8577d1f2cb443b180ecb5725fde1f4972ea07388412543899c812d0c14eb2752060302bc22b17f26921840737d16475a60bc7cf3b76e829d
0b2b66021dafbbc2488b79cad2211e0e658b4a4ed4ba1324bb0ccdd7ed8527207597e3562b832b65041cc97cc03435c94b526257a2aa56161145f0b80ec70e8e7cf5b451c3c34977f3ed6f2123459b8d446e63d9f5026cf1ca9f10b3c82dcc432e83dfe4df5344ba643fb68a186aedfa529e492b4461a8eb
138dbb494653d2c30194ebb1ada9023289517653dea3512ebff713bd7aea17b6cb6d09947bc13e68b211ef55f711d954c52330daf0982e078f3d2f8d3e2f46c98dcb47c3a673409e8a5f66032813e3edc2b743d52dea57766e3112d9ce829dae7071282dc6c454b2871cd12e66111e6750233b3a0c5a77a9
1bd29a6f0f6212c2bc197fde44679d26af044399062442ecd447638f0742392892a62eb9ad517cb030ee59369e2e878464129aeed28d15a4c6889fd72a95d821dc033461909b55172d76e3176c1a6ea8c8e992cc7215597ca9773b757d7729bdfe427ba729e6637bc5157c249e55496843e730e462398817
1f26f92c337392b25a93103a3c07911ba6ab20dda58f80f5578ef330164d1d85ca7392ed2a322e3d93c0e3ee1c381f2f0f4a134bc39260755b637ad52b4551f722ac8213037bd38bffd6d71657d0ba611e01220708ab44f377233ab1ea9a86839992354caf0389ab4e1ad77d153d64d343ea8bdfe8d053cd
3fd11dbaea5b1be01b4fee1355a42823c426759ce5b7d32d8abbb6e6a7e405f63164abdd9903fbe90e991d741e198933748bd023e065c0c1f8bf3dd7348b53df4a123ec15c8212badfdfb307a27b9e264bf6134d912fe7306f120d08fec3a217f380b03e5907178f501238650ff47859901cb1aaca773fbd
23d439304e7120a00927e77baa7efd29f37c1431ebaa90b13d357723a60b25d710e2293ae4a31bc158664f2aa31bc512c3842602d01a0985287638ba38232f9ceffcc863a06e497a5bb0752e7562fb1848dab0dda701e33109af184da7e9bf92b8800ddfbc469fc7300e67c65a7d0986e2d928825176002a
2dfdb99be891b8016e4443e23e30ed38744e7a6941c903dc90b1f030d3741647819b2bbea130eafd84249181a23f3ea13a55e014e2577688cb5e132724cc8d793a2445d3f6853ab74f77e92aa74be742aed812d844ec7522deb33db28923bc3c6a23278adaa575ab0c1f98054778d80770f317614c92c6d3
13b2313db04a3a305e7cbd13e12b691ddef3e7b07951921d050ac3abb6f12217e82990ecfb304548b0a1cbe9f6308dc0133dc9ccb3598c008bb2a8a805d057afafac0220643a46ef362e320a1d7f5885faa06001ce35a6f0f4102f215a1d976f3713ef7d6852276ed127f9bb57178ae37084e130f94912a4
1188dfa6c5bbac63cbe1a6ca9fac5d32fe24dc0ca99e205105b2a2b9397807a0a28ff847d40290f911ceb359c237c733fd5ac6d5809021b94e6db91a162b8c2a837e2ab3a88ca33aa99cf924ffb0a7caa97061b116b88bd712a41723018981e2ed73d7cb9d83689363077e35e1f1a50030de42540ac09dba
04d3c4b59bc662909332bb560f347a3a86d6e3298d8082845a19d6754fa03841038d7cee9ba1534983322e134b37968e4aef158c03a5b43e3e2144171aabf48c4b133741de60c7b25ede690eb00477ab62a6b0f6e936982ca34a379b3c50d72e4c93ddb4918389ad3b2bff1037cc49baa33f2ea65a60c371
0731ab176fc7a020e30a022ddd2816393f5dd021b34a9161634d7ed740c60b0981a2644bc712824a311ac1c9382c05e253ee74b7b36c96169c463ff330b50df1f5e3acc33a65e7b0941c29185b535cbd2d46a0917334c78aedb0315c5794f202ffd246a9b35c1c9a7c261900453e5a13c1a50c1475ffcc3c
1bdec17ec281b71096ef4f7b40dece2c423b8fa1ff89e2c12ccde90551c62589377d9f12d6b08db3e58c5552c9215e2c7aa414bf0187e643f9dace0518787136c63a6a00fd5994aad68b2522f7ae8996cee642ea27c890afb1c2306f76f85325a0c354a57796d8049838f60dd876c57293a3e92fb7c3bf93
0030000021afff03c93714271ffa0c1eb8fa15e70ed023a736af2500e283298a3dea0854f150086ba3625987021b64c1af721009603c29961a646f123fe7ffffda8801127b031190cb7b3e0a726db0391af02180d79241e13beb1f16422645df60129805598c82f13e387a6b2e23d6774121fd0f82f04ffd
3fffffbffbe00010bcf2ec02d999ca0d2f7c628f870352e89b6d2d04b2f005026c590d8e7a80bbb00cb8727d540898010171e4654028bc5caf60c4ab19973a304674b663d25ac6895ef0c51c5ae6cc363e44f3d45923726680383d6719ddcc38ad93bede9e93132b092de9eb78e82fde20911eb67ace8573
083b6999a4b9d070b33e2c3672adfa35c927839a1819221d89b2a326fecb16016cb8ef918a7069bb5bb79305212cd2df510cb7aec08d3400304d834828c3248f7476a92266dacc589636753e634b18528ad953108b869604484130c11e734379e280c5903396f02de40a4a5b2c5b067991b5ea279ca78f2c
3844b6e745a62de3bf04be8756020a195370d648af8d9316c86eeaa2506a3330c0c4271605a37e65ed75fefe2b14bd98aefabecc82a379d91543160a3ac463e0f06292733b755e59a877df275efad750ea6442d7fd40d4878d023c48041ccdc1be00abc77c258acab7184dc2b5c6fc6ac0bb2ef215839a4c
0ae1912294ad4f12933d5d8bc71b8637ccc4b7f79e5442d95b21d446718f14eb720f1b21b330bf6ead1ebf7aa632d362c2aa3b5d527ebc5b8d51f3a42d9ac4312750d890296130e78c3bc603fda397abbe72f227dda9815763b30c9f30be45e4a093c4e7c85b0b0c4308ea4032ae9ce72086f4fb99c9772b
1b334462f3e5de53fb387e8f601df521167e508349f4a2c3f638a59439f218d4f090bf2b459287810ec2aa17f02a57a80dbb6ecb80b16df382b7913a39f03ebeff25c0f22c1fd4a36e53bf0e2c212c418d97c2b70f0cbc7c61622743f00cd9fbe1d12b6a2485ec4e5f11bfe54614153833525307f2a1bfd7
3c554638673cf901340aa19295b3133a248814ab7396d16e18b32874a148007bb120d226cb329f60c53c381f1230f4ea69963b58237cef4d1c245c960bdc62b5764dcaa3cf8c0b37a765e2003e94279d66bd7308b5606a2a85502f7be88391b776a2739189681e9a3826ac4dd42a2c3c82d5f63abe27a117
24949d5049d085d2b8057378ccdff93ee50f08ece1a5733edb8f30c9508212e054b8cfb607f2b69257c98b97441c03db1b060c09d37bc5241ce545873ab40deef6c8c5a0be4707f510071637e9a3db4f8597e30884fb97e3912306e14d5d59e7a4511cc0f5312179150a2067cbc103a1f3a8de06e32982e2
07b5aa1ee535f751ae84ab6e1dea040401f4cf65685ff3e8cf87182b62e514f6f1911339a2d27e10898364d344179b67027a1097d3ce0bb4d9f43ffe39605e0f529f6ee02ed60c4ce050382f8b4ebada976062aa3aabd7a52774256d33b7e95f9c4128afcf51f7d958264731a24da4e2808985834a85bf59
3fcf9f21f9c1df41e41c21ee78e1d80a3beacf773c8600056a0177f7c35c334ef9260b60c0628d52166a7599c112b8450a07fb16f0c94f8786f5e65c2d9f9364a4ca201213c6d0b6f50b19065f924ba3eeefe36dd1011de68cb20dd3b9de9ab11ee339630c3c67dc1b00dcb31bd54442a318efbb3da511b5
16a2995536fcf031c29bf9097964362b8c783edb8c92e1699fb45b2432ad18093829b4391780f23c31b223829133282dcc1e1071b224a3846628eb6f2bed4867b19f65b1f3f3b9a461cfe109fe456ccc517532dd6ede0dcbd3b5157842c3ef619650005b9a670e258200d98b50f24300734df534a313f5ff
2f9f015465c93a105b11755e31418812dc472347434d313e924e4097ffb61181be69b417f170d1bf134d6080ad1f82c0f0c0a628018f4cdf14de7653173e2247feecc82362756c8b8f21272030469878bb04137f3c56ff0be1593e01929f7fa114f08badfdbb28f6781163998859d5a61192facb0ed529dd
30d71c90fce50243fc87a4df3445463980620ab15388a06921ed5ff3f7971bae324110c4a1b1118bb1b66c0797376f3d0303f44da0ead00a402fe16702c02003dce6f1227c1afb231eb1f3192fc1f5cda3ddf357f930455abf5e294f6cdfbe9e8d711323fea3929b1f3102b70e37fce633786a2558c96adf
18e92b6f846b8960b23492a81c889731a0e93b5a94d691a500493d1755282a255d88010258120aaf70c01cf8c701c138e35d833bb148df88ac6909d50289712b04a478306a0afdc84b02bb262e179aed262be16f918e0db688cd2fb2b311ad8ee430d28a7251a85ed0026b99f9bc3f59c1173aafa9cded03
1c6e555d4676d2d125e60a6734132829b3156b419f43315750f10f76c3c336b7c5819e0bf332d87fe9723c432b312ed8a769d44100d48e97d31d6db03dedb6688cd53910930ca4114a79bd2e6a957c6a16b4a39b353d398f0df615aca8a29a7a29434669dea090b56704ada6fd165902d2e856f5dfaffc4c
3e0be8cafc200773c5d4cfd55dbe1016f8967e9a91a5a193278829af808315cdc98dd1f8ff13a7d8c234768fe137d867e93dc157b0c88ad48bd3b7012b43a7ee014abb8388976c6d4958a4326fb7df565a3d839aa352217307c119d3b97768f3e8935b26e2dd3caa8f08a94fb20296eeb294a0e5931198f3
0040003020ffff81186dbe514e70c503f3fd89ee741ff017072875bc23f03b78eb7ebd8b53b23340354e945a900f3a7d9743abc5621ffeba3490c5143fdfffe7dae00111d367bc7bd53fe137d4ebf63358484148ef5599a49b34161eeb5beb442ee1829b10966587773e8f8d3a3b089941835156f672cef5
18274b22991b64c3cdebdb605c22bf274e4248217559300f9803eb0d154406782ca060047f40b8158b2c0b55610b24404f0717d5b094b08eb96a17062ddb785e9ecda33292bc7eb16ebee014db975a23279d62cc669460eee4a63bd3116c04b16bd2f564697b6dc24537bf76b10578426144ddbec128e517
0f22aa3fa993c6c158610c545e74d32fe015a3107398e22a22f894b94d4e1b35fef0df0731c3e222301336d4dc2f183240eecb24b128223a706446643bf2b1d70bef11f0b103b4e7f9f49a20d226f5b11b7373aa48875ba8ed862e9c18c0c63f8c02cee18d9dfc81990bdd726b8bd472c03498c708e5707b
26074a20d0e06d82d0dea83f83125e189a5cf4ef806033b32a13b6626586302eaeef6b1376724b97c861b64e8615cc78b925ac6d60f8e3b910bb40b73c141b4683206d12bca8571738299a1f703d94cc62908005a21cf58d50fa3655efdd65166b616e90d832b7aa8d2e6076e819762fb04899cf08ba18f0
3730efbac0fbae438f15d225527e2a32cae088e8e3e071e514c6abba82db13a7fecb40fcf522810b0f56343542288e8d089a96be01dc75df8d9f6e9c0e7af2763df92680562a74e6931d20149fcd3179bddfd127b4d1b798890734bc017175f1379373437cfdfdc30e38d7ef931344943080d45058b1ec94
2135aabdf1285940cda39e41fe0627254197d838d7cb131d50a088fb55c61e32e70c76f9a8d1883a8179d7cd2136773027d1fa53b12cec32846b6fdd28897d58f2819bc18cf76a9f1d439f3976857ae3035873457cdb74102b6d33f2e2c96fb37d504d9716fcdffa3d1d8b579cf3603d12fc992ce695d197
1dd5d8ac5560fb927e9a16e4273ade35183249f1e3ac93816ec6623c66f83a0711228dd4a4f049ab809e533c1410889ceb29c87d305bac377f6993ff3bd9dcc99b00dca2a9c0504d67e201055d8b02b30f8a83918d68a576c35b3f262eec1785d6f3c51e1df06dbced147a2acdd3078e329384eef39b95d6
09827e97d4d50e70b13af380e76b2f2d6434c6352774e25e71924ffe844f0fea141edce12e73454aa3dc4d747f27b052fa22655791bf494a12c5535f13f3ede37e04c251dcc412edf998a82742c3331d008ba0ac59092576e67d359a82e4c3ce6cb3e859824439354435a07292cacfd15116324e635ab677
2a2afe565190310165c4155dd88e70188cc058fc8ad353dc5881750435ad0d07052338ae7a4167600b6e8e49483917335326c71a230be78e55c5c85300caf8960ab946212903d42cf5d9862d3808e8781c7c62f2b9864211edf0134d364ccc604a601d66e103dbae1103e7472d6eb9dee19fa791a50cba7f
257e20c388da64815783db0e23fe7222e1ae2bdf9ae4a33b22b8f3a7955d3658d0b3a230eda1e71143904457bb0a1a30d6413d9bb2f7786fc83601f8132241e04c850a53255892fd6746a4088a68bf2988e8b07c0f700f610c6e10c3bab8ff4719a25f2f928ad289e33dbf97ec6bb24db06250280609088b
20e6d2244226c98376b279b0b1b16f30dc1b5b30bee2c00ee61e8b8365c30153556c84b1b662129fc9de228a481aca63f9e8d0d6718806eb5f1737fb350ea0708e7e110187b7894673b72532f621b59019e9735a01b18cccf2571a00dc3e7781f212f804889f4486980867a345dae3a653c7046820f9c50d
0d80d052641874f17e6a962fefd8a122c4af8f7ae605f0291b40d69341fd0c06a9e1ba9013a0bdfd632cf89ddd16c85563107c2ce13d61b4b4c23a9d03bda7ae8f9ac9f1cba79ae1b11c003e5d0a8da186b2022bf9673a694e4c22b4039364dfa1509a9fc0125d67422bb01b50b6e253a19bd3716e2ff248
00038dcbe971f761a6f0848179bf28312f78f090f762c240813a8000a75e0c4208288c9bd043aaa0699d3e86130399de1c053e2a506d04fe1e7ca82324f7a9e0efe98a02c1baa785dc61452b6e3e3b67e2abb3e3fe667cb669062e079e6fec025521c0ce9030e9da4804617c59b3cf3f92c52a37d841764e
0a08d034fd0f8bb29b56f27464471e3cc61a5b982bbbb0e86a648e5487773950f21185d6c8f112520fb15feddc14b6c7e9a5f7c55237a19e85d7f2680a13ef3c75fe9ff0d158e43436efd002899f7d2c753c21d10fd02efd20a91c011f8966a715729ed2830fc11f612ea1ada14a089c80145c8e1c110612
25fa0ce10cef4ac2e6de4cdd64ed952a7555c01c090123879f7a7036f8e4364fb00bcbe7e87140ceec1e1d9ac23a1e52875eb491c32f20efdedf99aa272bc256641e4e917cd81a61a707c109d6fd98662cfaf2f07f3340efef0f3975fac0c2f50e0071e1f746815bd0396684e8f5aad6c3da7ea0c83937db
318a76f06656fe1203c607b6fb37ab37a6da175a62c060ddf718635e10a73ce5073112399530ce6b33ed7cf618288b1ee50b992600630c2cbb5ac8810e7e734f163cd5b3562988cd33282b00f7a7f6c8648373f18bfd145fc7b03689dd4120ccb2119a69c96b46de5b38cf8cf37ed60a9346b86807b94515
00000040212fff01bb98a06191bf5a2921221b73c14c135dfcec439352fb1c3560f91120f293b759153a98ec1410b2038851c6d030e5df04fd999db63fffffdfdac8011381d24b73929897253e59ad70b1b231a57473b29803af25c0b09ec1795f70c08ea0a0633eb51dd3ca41b60b13d0cd22581155b8ab
3855c5aa8b44b6f1e47ba064830aa82539b252ba68d0705a3d44d07e2cbe25ba66a0d4878221d73b8f454ef4d61dcad2407fc73632877789d6bfd60a241112be81c4af003095370d35703a1f1612dcac7bd4e1eed44f08c6db392083b2890161bfb0fa3e759169e35418e711dec64b5aa06740908bdda084
18a7f56aedb18e82416f728b2ba8c1215bf744fc56c43291f1ca32b1e5c51ce55f78546f83d00a981e684ed15a0dbdad83e399c6c14a542ba3ab45183652c4f142e92392dfec941e0730c23e00fb01813a6b33c948b8765ddf5436527a71e61521a2842f99c9e4ed012e2485f872bea55342dcd1537ef9b4
3f259106cb1fe590cf995aa79144b32297129bdb79aa232659f0483809a518c1002a740c30f172934e26a0829804fa073aa30c99d2b1381d53502d1e2df91a87a7f6cb53a8f1cf882abda102f81ef6b1f100623bf3341ae4834703f24a5dcf976912e87e39323138b70f77e2d285d6a843ae364419fcf470
0dae52fe6e308130b76b1e235f199b38d5a9cb7a75bff0813b0f2242e01c19f73c4f01a1bcb1ced4d9e6564f0b375fef75e31004a2badfd472d75f8334b780731a4c74a399cc5ea81538d617b549a3927343a24ac5919226fa512d6c74cab302df7078e445cbba21021ecacfbcc424fd12c3a03f69a991bd
138525de119c5dd27810528dee48e012c3da18160589d142a837108f972811de842b176b7400374cac24e1a3a23b56651a8bcd99b0b72b59370899b51524ded9f057f780f14b000396aae02932290b2a3671700f05aa2930402a0df0651ee7d550a073474abca8dab204cc8d8b659f6d70c79765a85c4640
21c68ad0da6ee3d14a03f98ff815c91c3c2c854edece407531d4a782a8f0204d5e372485b123e2ff55a5b83de52b390a1349b1e1733aa706ff8422f322d8bebe12914d519c7f3f6865ca70026cba5c43f4927316e55e5a77e0b20a2817c416c71c923524359237556f3e5fd64192fffc430691eaa2246932
1abe89528c2f3963577d9283165b0b06d9d31fdce97cb17401a884f8d2bb0106b4e093b843a1166f815b17c3542d952b9c611b00911ca22fd770cd840232b28b9ace7163eeddc056d480e731c61a62f3eb4d50823664b4f5faa7274b952b60e36f834dbd5238ffde2a01ffcd5b49940272b05fd02f92cc84
2034a47e3c695a2124ba07b33253f2204fa98bcfb3c0b1660551c6b882133a431122065899406fb12e53fbe92e19084dde3d8dceb27166294368e9122f2fd62ea16d45d23105b1c43764002425da32d9139761111118891c6b0d37f4499f7a1d59d38ceb86784226c53d023fd804291790bd6b0603188ee2
25067574fc75a7513692d0f5dbaf753969bb7d9075c1a37e8361691a46fd27137f5e47aceff166c5ce854d6d0032654cc8f83d1e01365f91ce8e7bea063669fbb4c77af0e2b3b143b6f0fd1789bf65e66d1d90a4ff52e1f82ada027a0f42ba4a1483c68e5f75c1765312d91da5457b4371c6eba19457017a
3b07c309077492409159cd606fc9c416050678cbd5b731ef28079bf204c43719b3e53ac19403a172f3fbc04e0210753b701a607c42e109d8a0f36c4116f3e657cfb897622b9be69081e0ce0a288e1e937c3b21a0527cceba005a257fb501776495f2e05953b0ea04ed0412699052c180f014182796412002
07dc2823430b3282eaede331fc3cca3fe336681729efd2b82f1272a795e62349d621347510c0f8f3851dc9b6c016e472e67211af0072f36981f9df8f2e6984a61223372084be1d5a310b4f11d1f675766055e3dc8c4e93d3b8a219eb979c86e6c1f0029f80bbd3c0560d2efde12a8b5f32b350d37cb82432
3ab6a2d4da8207d3e1dc8473e13f4d3b6fd91c4e939510bc21dc13cfde832ddbca0d6dec79a3111575dadf00832e2928fd4dcc55318147a1c2f6d946320d91facfeb94802192a8df5574953c45249b73147561919dd8b6aa72ab0de648f3e79e0cd3e85cd4501f43983b6b032ce88b9f73e5dad65346be3b
350c3257a6c051f057e09d7f47f596229691786aed1091cecb25399100aa087fa6c9b3854b42c4b96b5c34867b346bc1ab95596850b2f14fab0fbe9b29c27e9e9fe20fd2b202a3f347ae9828f5c11061af9f2195ea0917f2e8892d76401d8995fe02c7995a959606b913eb3a3071b03e0085e580f7a8c5d6
0833ef60378a812399318b51a46a61204d2d07762f42919bd8be3cc94b251a26cd0585a9bd8352c0ebade16b2d102449b0c7a75db22a14df41634ddf361fbb914a634a73da7daefd7bd6a01fd37879a2ea1a116b63d37df786720d139b38d75804532e06ed71ba8b49050a2a75d989a3631d4f0d6a3a0a2f
1957cdf90f5a3690e3c7359499fb070318a7b395f342c13390c9fd4647e80cc8b9311f09a2d0d82cf809bf62420f786e1a46e7f401472fa286f654f83b574c5d474d4971ddaaeebcceae2a1804359edb3e5043879caf78d7dcad34660a5b7ec734d2e57068256d90c011f97a9e0b2328e2e6973082ef43f2
00000000213fff02bbfaa7227c78621a847caedba800f2ea02050b7c130e3afcf7aeb9336520dad80ad8df0f0828c79d26ee4473402659fde0ec44e63fffffffdac0011301a148131d3c132c8cac63bcbe57c3df71e74e82a3a6365ce543eb6026322ecf25d1402d3b31c8fd7265bc42528023b520450f0c
20058ff2dee5f62113044a27a0ffe10a1e3fbc4d90f552304cf46673d466161267aaa6b70e80ca5f635546dd8104cbe9573157a3905f76395965e8a82c144fe6ca7868b3b1a336a1fbe4200d2c23cdb1bde762079d13a4b7a26f2a9d50058c8ba43337899a55812bc8080551099e11ada025d8fe5f282eea
348298eeeee429d36b69470cf1363d1f4a594c8279f3c1f5c5ee356edd7c07fc5fcf41cefab1a1b5aa723d406831c017b850633ba0b45354f7c4fec80e882b63c1b8d0f04ce091be7c288308bab0523b188243f76944d227f6182236d46245329b309c9bec48568da607d40748651a804153809a0cdf833a
33128bfd790290e2d369f320441386146977be284b1c43597e6008f528160047d8b17aa0a450be364b18e22afd208f5048e1b11821e2025c50bccf862b8db5bc8618e481d4dacb6b11f2d63abd01994650aa33759d82c8f6aee23ba8e394bd7c0cb2874cb91fcb10c52c4ffb430aa7ff21979064783a2483
1d77fc2bcd4e2cd3eed65e108bdb661e7e3d8579ebb883a58d375ddd36da3abf7e6c1001bad3bfa74de052599f094ed1d372d3d9924292f7e0a0d598317f9244869893134366cd484d0806210ae77a03ab16c36fdbdc706c36c3203b72c556035dc0ffa014ce62df5c103ff586497c78028dfeebd2c54cbd
0b3c7949b8398163a4626dbc72b4c52f0e8ebd4c51a8e143f293c9c5e08425dae32c8c26a32350061914d96cbf11f7f9ec69a035b1ccf24d48ff9dd42454213a5a75d9b2e7ea3e97fce57b1b021d904cb649e1a80d34bd7f1b0c3b2da20a4c74cc53a49953972350962b6110a4c9bb6e40a0f290bfd319fb
0b7739adf58743e004bf5af36734951a4b2d72cb2fc2c2ce990566017d5f1cae2497d0f733c05325947ca07e0d19a50752b35fe2f2d1e78ce583ad7413007bd79ac29bf0afffb0eed044903e0fa915e31148c30d12b7ca003d2129f32841066006513a256f6a7019bf1e61f70546cd48b3c7e38f70c774dd
3f1d4868e0bad01383b0970baf12b513300532b1bbf8f0e107101beb779f2dbaa5103b198461dd3e7ae8899a2c3cd54dd7e9490b40ad2bacbcbe1e4806a81da3fd5d5813a2be29c90927ae09750c504edfca03253937025ea1b431ce8606989c19b3001c9aa26511f0276fdda2b8a05c93880420032fb99d
0b78c75fd2ebc080e12ebad85251263c9f21b8625bb5c178c97ce44b44853f37fe2ada0652433fa9ffdf33bc3932373af58975df21d1aff1c44078e923b10f3f675a4dd17cfac1b39026f326cd3f8a7e267043e96582483aca4c2ab853bf591ce3d07e929d1b6bfb1e29b5dee62d5a50e194764b768cef2e
2ccf8cdaa188aba2d87519be86ec143bccda2427f6b2c25773ff8d19aabe25f320ab7d18c580cae296f75f561d1f0f7b2b84a46d50bdad9749152b62211cdce0908b6d418c4f30730f075710a3ef8b3ac22d524090fb8e156a7b0fb234be23000851c7a6ca60b63ec02dff10222d7ba462225df52fc0269a
27975694ae61d9031b8584670621590f9c9f87efcab1f3435d378b2170770ed0bfb12939926188184102c2db3d319f649cb27c94d0ee11235ccaaaf61147c440ac7dca91c58798129a20e5242436f3a05daf82260eb7d8a1576c28dc189f2cfa1b82a52adac9ac2670043a5506be296650add076521a6ccf
22e1b19fdc5a5153e4c626f0b3af1e0997d6e8e136b6f1ab29d1547fb5093ea4417da20a18d140b83507448ff10968218da724c360ce8f869048dec92d14016fc0253d81d818e7228fcb802206bd6479d60753fa698aca7ebd942ddd1e7827d517f19f19221447dfd6029bbf5159c5b7c10f67b9e2b15008
02b9e1d0938da2d22257be8c52574f059be9cf63b67ee312d8ed38bcff662fd3284d68ccb3b2c142e136c9487a0a32bbb7506a66108f11eb78cdf69c23c992846f44336310bbedf8acf3ba308122b145d98b0271b9197ff3d00a0e040fd849ce2142b7e9e361de37523b26dc2256ef40e1c69a167f2de760
391002cb435966907c8c30370604ba3f4652e71f6c73a3222b235ba35a301c055b82aad5b6d3d490364471a3a50fdf008d8c6af1b157426d3c72249b3ae1502c3c579aa112c738496d1f050ccb7a61f6891863785beed1893ce834f6a1326ffcd1918c745c1fba1d8502c0942937585d313a59a8e9da015b
1271f48bd5477ae3f338a07b0587541cdb6780909bdb41cd7ceb61ebb5682d47abe4628ffef091d3af6271fc5d1a57e74dc52d5e009530f6298abd4109550b2560185ab03f26f5c26b02d1132f08abb00a23c1dc1bf7e4e842833683473da683db00fea5733ce7cee723d9607d89acf50086f19964103b12
355f901fb52e4b93fb51fb5fc9b00634c377c9562238601c6290f39e478f036eae3c582a506033a794ff6b7ddb1faf86afaf2b99e30f7e48278d7e9821ee1c7a4eec5e23d845cb14a4a4aa08e10640530d690214de4b708162b1220f9d1e3b7f90a0a691890e867114212b090306d83791a1add86acc13c1
0000000020ffff0340c2c8b6830f7b0c622a89a29b4fb1571a2c56b8a5a918493dc963ac4eb2c789a9841c968433a667f439e30852d95e97de059d043fffffffdae00110bf3d37493af086339dd5765944b062a8e5d3a9055a5827b6c2369833b1613876567ba1697d0c59980bc1fcf7c126a16821b862fd
1d67b3a3df8c384311fed94e45ac0e2ae763135e9eea72e0d2b8ef7b486e1f3075df2f897ca19582189b7aa7192d99b98d9eec07e1a693d725180d0a3d776eaa1ea4fe2073c32846739b650edcf775ea520492b18c1f7d6903bf3820b65838340103cdb26bc54df52d22bc16fe68f3c541e64e07a59ed510
1c1f8067123d5c31e6324b1a5562ee3f1fc734fd049ca12e9e7fe06fd30a07bda2f294536c602ac2d30f9679db25b78fc28cd174c0ced55369f6f3841170805c30e7759096930a53ccbc4b19d3e3f68a244f111674d9b219450c1479987d3f31ccb19d8cdc280d84100b9870a6cc2c5623facae1b1d0c247
3eec6ac940d468833030fdd5c868df1b8f1e68bedcf0128d2091fd9d530433379af6a0363ec1d63c6631b26dcc2e2870da7d75dae0e264d730aa771b04733afe48ab9541885132aed0072d103d27d0abe444811f2f7e48c493293e3f8e69fe2939333d2d2d26e8073439a0cab8e56ecba289143ab0179988
063e5e723cef3b7258198c0db827be1c9aa6e42de883b23c377cb4f4a6ab1cc6b356207e3170daed428eaf5d011c6f756c9119a7136c7c55961e312c24b161c153a3d41296b9328dda6c1e340e29a1524bb23015fa48e99e80de1d89e063f56728d05c0948b8b5f7762e8c5fab6f7e8071e958dd1534bcdd
04353d45450e44d26e1f73b8427b0f11b4c6d44027bfc3ae3989d595c44b0f041644520b6c91d472367f35ebaa2883003f5903d82162082010a24fe42a64c5278dd1dd627a223742f35061242486417a2dec82165b852aef05b403b57ee46b5815134029234d595ca9114237be929ec20321f6ec3c9cdb5c
2e271393ac1362e18ffff60fa2f3f12b7302d39cbe28627bf150247dfa9524d5aac8eff458f3971161b24cb57a0705d77f25a64433afa27498938328066168b936f690b0a9e9b1a7f57895122412816e5b00c3c05e6c7f107c451d29ff7521f711311a0197ab500c150c3bc3e6e7c71bf1e3498acdda0b24
0acc03296723d91151a3e3d7ba829011402fc21758a0523f4cb9a5d1e620082ad5d9104599b0ed7b392cde47d535b21a6cb78a61e02a79f878a89fbd22ba4b31d230811086c5d884fcdeab2cdf0ee25ea99260f5241ab9b30fce272787d13422140159ab4a818168b615808ed2956138e14496e7d0e9ac5b
0acacd60a79781c1871356c0999f4d1ade2ebd0045b7c3245dd149820058353851c6c20a94c303f6e8ddf1b8801e24c7e6cfac03d35a4408625eb4ea2f807b2b400628124b75fd60a46d1115b82510ef6b8883a7b53b8d21ba862735f818af099f3322c0f76471e98308fac29dd8065512c2f26a36bfbc93
1a1ead3b980567a3a70b7537f6711104db3d522d854e735f86f1012d80b73b61131a55a643138a698d96ab345a02fd08205ad172c0a777a8ba956cd127533b978a2c7742ffae628f18c1d42824322504434b5159ffeb2c39c25617d95bd34a6c15b031d218d8f6be072b49715735b8a0201773afabce83bb
0992c1c26b202a0152edeae6215c301c779c7ba0e77050a98a63faa071d71213857d7791458347d2751aafed4724f8d80bc72a14f314164a05a325cc34b6a79648b44f132ff49ade94684b0120fc7c04d52af2f68ce2ff63763604514c3d066f50b10d19b4f197395f2838a58544814c5362da86a7981469
372ef5b8340b4bf3b52c1b72ee290322372ebae4ea7a71aa0c69724cc4230f2076b5175a11518eb90986a5edec09659794150a8db19da42936bef04f0ae0138e73bb4ec309109b8a3f185939cb30842697fd508997eaaf07137f1d84f635a43f63d3887771192a03a8354c50f209c9bb8041d3a16a1085f7
06582a4373191c82adfa8d86c833a836dda1c2329406d1f4da301f65ea7139fde28849af5b635d5bb124b1b4ca178b87590bff6d50ae923b8ddc120a3ff03817c269751257a3a663de4a0f0d807aeae55d61b149004ffb1ae5fc1045c0be0150db60d54ea87f0d49532d3f798e9090d87169470a241df66c
334f665580413d40f8ac4e340f1479276d7ef6f888cda33ef6c701cd0a012aa522e0a1a60a50676f1c4328dbd52ccf424d19b23f21c60d30d51b61c034b1bce0b13df0508485dccf46ebd83377941a74856a92d1cac51ff3375439b06cdef89c7030afa4b02f0eaefe3f07fd7af79766731fc492cada35b5
156cfbe307a05bf1cd11ccfee3f6ff164f7902a59c2ca096d62792dbb20f17c7e78f209a056074d0d202ba29633e88cc1f571ef16352c386296dc10e0993a081280c8521fa6b01fa41d89f30e65ccb1f0086a2e3df328a926654387246e9671364621f06b460c4139e1ee88170d5d9ab53e379f6e55da583
21f380129925d32390246e241d4a5a133c557deea545c333bdfe7c4fbe310791fc979c29add37a7d78f62bbaa61a96ac848502d412285c2e6de2e99900332ff8283206f3b3df18d8b51ee33faac9b3cbe13a8304775cf1d5a9b2211e280273a98243d3ddbd360441c23b9c3c1702e03c30213a0f1fef3b23
0000000020ffff0340c2c8b6830f7b0c622a89a29b4fb1571a2c56b8a5a918493dc963ac4eb2c789a9841c968433a667f439e30852d95e97de059d043fffffffdae00110bf3d37493af086339dd5765944b062a8e5d3a9055a5827b6c2369833b1613876567ba1697d0c59980bc1fcf7c126a16821b862fd
220acf59fb3d5da2c6957b5f0475733e40fe943d69d063f63704171ad0641011953058011622b0965d3e1f39f73ce23eab6b8b4353800f77229880aa17c4cb55cff9873175de124a2edf93123ffe4ca73712a18fffb60c8720e0356b5be0dff884521a219fa549618712fe0a05963a47f1926da1a61c1e7f
1d06451edd06dcb29a2bec514ce5c418cd30c3c94ae970f242f01425df2a3ca01c32e600a0a3b1ae36045f9f062d822afb2862c7a3a21c9510df1e8405d43efc68dfa9637d0b8a00d8910e1f6170c7576f8ad210da9faa0e4cfa2fe873b452c06cd0200144427de26c2679c96eee0f8d4252bf01f50aacf1
345782072a20ad5086420bffa799760830dfc5f54175707e40aa903f6c7b0d49343034ccf3a1ffbfee1a0f93a4292a61da9bd08800f8bd901de08c3d36142cfee45e66d28e69e534d8abf406dbcc04ef9fbf82a7d54d62860caf027a3ce29a01d4e229a84f33bf51d23a136de13d2214706f84c6582322bc
1ce804a857e864916d2edbfd33de043b7ff81294d51043ca508fca68f65828046444b9ad6dd2689724c94834b237f56cc5f1fca1b36420081908f28824a10404c70749c0728c360734a3761b9e0f9a1d3ce1e2c589cfa5210bc511519c4f08fa8773b7423dd22d1ffc192a29722dfcc873cc7a3f248fd878
0a0b1816ec405992f2c5cef0271f731fb48892922e596239d2cc887b295c1d3757f7f8a2f3007451f2d5cda7d029f9753f47382022db6b9dcb0f5df3378434ba5de61ce1479c57fe2da6f8276ea06dbabd4ae3e61e7aaacefe5e0f75c30214fec0b3327ecc3061f269289e10b01db577a266fdc2344d4a5b
3027bb976f7dbd2107aeb2e946535b1f94be09517fbf20d69b92c1a1da8c1106b389be0239733c501fcf19557323e5eaa6a0118eb1142d2da1642c731fc3db532a564bc2395ae988159a6c0d4f482105607c7098ec3e272a9a7d1828901664f31060fe853f494c7e3b3e382124eb892c037d6d7d4bd78654
045741b6d587fff0f8a1c2eb92aabb296090edd43b5bd152bf9eb08effc6255b2ab14ad1e821dda76c038d43ee1a97756a4d9f772177b64ba0d8a09d19ca7907229fdf920cfa5c76c7328f2eac2ef6e702f902efc0d55d745ee50028db5ca1d6158131d132ea2540c30ab9c00ec4bdd9b1705aab5a1f69d5
19b1f702da31c2a2c2350ceb62e94a30169aa9b8434f93f8e003c56ec86d05ab791673ea87a30518cc7fc36e8134d42449b47c1aa163b3f990980c821191660c2ef7810090bd4c46c939fa0a470cad688d9c31838ec49d8c53c0343a87ce6c5e4803b932213e6eabec005bc9414d9be1810de4e05ba7ac72
3e9f7e0338a0578281fe7459644cc10f4c4cf437ed13a3eae36062a9c50414663841c2d70520ad1cd7f2efe1d314c58c7c58779ec3006269a2bc21992bf306422644328109224c674903752d1de46652f1a253e6bc488939760514e302ab6ebe3993c45fe40455a5a63293f1ff42b43b5236370007215c3b
2a2521b53276a4e34759383645f6b21c63abaf6e55b1239e82a5284e4b03086aa56c72ffd90317988636eeb90b012cb54de4cd7ce3419e84db79ca811e2b2166630237f16b1ddea6e2a029278daa2c31f2c3d23273ada2547de136439fc5470a45806fb9b45d5037281e214b104d044911e8a80e0414ef1d
204aff7634474671066aa6e285a09007bcbc4c85a798b0e831c70cc4d2fc3b56576f75a9ee135a9c1798004c8911869f4a29ba97e2730067f77a88e60b2f6fd897e2d78376b5efd5cbc9ae1abc3c5abf41cab01d87e39fa1ffe4367cf7fffec36252425b1c39cdeaaf3d2415d901d1c5227854daa0fe6ded
3c1f20e6b304dc51e636b7d45e522f06d7e122f5de48a0856bef05adb0651f2e87745994226307c82aa9feddae0cfa1bb66fbc3c034b7eb01b27ab8c15ce81f7ffc0555294a1df2c3c0832141ffb28ede308e12bcb0121daf17f3687bd9fefc470f02328e677b136f60e295bfed99105e2260aefc7ea4817
3292290302314511ce8c1769d7da032871fb2fa26a6f321d1057fb1940993b65062d198325227bf502e57a951e354d9e2057649b20119c234504fcfd3e68f51cfe2a99c0944212b6cc54a916299a1f7b21ff1272648c84358ee63da77447564c3ff07ba95f8ff77587020e3929731a61729ab0232016f1c0
158fb117131667603f58a6fea788a4155ee280392c18236906a909b53efe35d3d5eb11a51c2397f2f19dce730c3ab3d592ac4bb9b115366e21034492194c253c08e1589301a0b6ad8b5bd60cfd4f47a00e1552de5f6f3b07a1c3268516a93c6bd2b30ad75b3a76bb2b30aab57e5387a911ebf41cc3d1863a
20e246278c02f1f15b937c4db6d64b26c4ef44839e22f13e2ca0b417947f2bf4a3020929482336d84492eff1873ba0cc118c7e8781c5a015421ca8f32b8c8d5d27c105210fa3da2d80a6f2073e1657c8c0fad34116306369116624cc3def64be210362a0e69713949f11067413edef7a4094550e99145dd8
0000000020ffff0340c2c8b6830f7b0c622a89a29b4fb1571a2c56b8a5a918493dc963ac4eb2c789a9841c968433a667f439e30852d95e97de059d043fffffffdae00110bf3d37493af086339dd5765944b062a8e5d3a9055a5827b6c2369833b1613876567ba1697d0c59980bc1fcf7c126a16821b862fd
3ec315e6598584a07e7ab977b1d5dd0a0810410d149cf34c2759d377ffbc1c39df82860a4703defa1003fd6a8902ecc43b0157d321404fe1838af6dc31b3e3d2e4a982b2790f77041f006b0819557cfc3721c3f25cccb2b0e67c1dfdd21b5dbaa743296aa3adc99ba30b94c6c76c89286124e4b96f0b7b7c
2b42f554694d3dc25ab7da8e51b806135a1032a42a08d3fd18a79d8e8c3c3bab7e6c27a71713481898455c4077022b29a6ebb9a350a2f6ac185c721d3ac46d78551af9d3674adedf9e86863aad77aacbd4cf5326e0bdf67f71ae15cbdd48b4ff3fb1e97a0caf2606ae1d45a532469156d0475d68099cd6a1
3397a2a129007c13f3ac486c7191ef335a9cae41c8d710e6de2d4b473b352f5909836c71cc10052c69fa48dc6c1a15997a13106d9063a04ca7de535506959760964f5b22d72c793141dd931373860a326d63837cc26c269ce66312128e476ffed7b330d681006eeb700cb20d66001b3be1438b37973f793f
36163d528f8ddb322eed720d25983e1c011a9a243080110d48b38f3156b3379dbaa0a0888a22f0786e9ca8da791d32f37fa5de38c367569b35711b5337cd2c95371002d21f4929ee941fc91905fa818d84bc61287c0802b95b4a3eb9153148bd0d510d971675f2ad69035fb12496a24fa31434f0e5d23e1f
089fcce6069eaa51bda6c70ac365273c9c1a2cc740fb536d7c9233edaacf2e264c2d22863c2270891002f1f0403632b1bfe644f6806f600af2ea78420dd8f4c3a89053d29d2f49f2e5aea1023ceddd25845f602fc5ec46b32b9011826146a469d0f3a27bc03187743707513de4beb7eaa3de00d59d52f8c6
03b49e2a18566db34058a2ba33ec9c359cce7ec47f9ea0ae1470f5a7abcc1e77e9dad4ba96a258cdeb23abb1d93328359450500720643153ff1c016330a43f51ae84df50b1da23dd8b876a28bc3b95fc6d0e93c35eee4bc2f73612c8e2883c6dddc2839f994805362f07695dd63ad473233bdd1339a24d10
039f1f4e1f1907618bb5277980af4e1a2f91a63b6c4042b462e6eeab11d71ca6419e159442c03f5644ce7955ae1e51ce07a07c3f4348e260c509d5d02731f764b96c8c42e5bd59f86ca14a343af18ee7189253d3ca16bae465d12141cc005b7eb0b3e6908fb4883e18038a5d97483b5e610c4b0654936b52
2385f68b8d9454626a2505aaf390c52c64047605ee98025108e028d8d5c81861bea59b495f30d7ca52d4e66aed0b455576aec9ba82c35cb4523fe37d128fa199aa1cde6343a182488dd4b11a896201deaf65c04217474d05ee351a5cd78323497b130af4cda94000790dec0dba5cf81e3079ecc1b8df6ec2
3af6e061650f0801425581d589ab593b83096bf4468ca056b286669fa83d2085326d7933528343947ab9b3e8a628b740079bdbf5e21cc81e0a2619861a40ca6c17e3cb5025b7439653186a28ac5964d74ca90293d1a79a25387e314fb94e8d5fe0b079ef41b328c6f33c2573d298a6a3a313b9d13433bba4
1260dd4ee645637300027072e15f3426d25d59e03d8a0285fc4e8349d3562cbb85e2126e6103d5b41a340f122d12b3a4d8103c9402519350a2fd7ea73f0a6fee8054c0c189f860f3c3f8c1250fda25e7b770136d8a24bd5dcee93f3247026b0961e367cee7e28ffb790434719b0e5756d12b61ae8fca370a
11a9ce3c4d6662724bd0eb3f4dc40f141bd283346c2e21142809ed844d45229bcaadac57e430f0cf996aa9b3c708f6593e559822324378c38a76b9460ef422300ceb65c0818dd0e145524309b86f2e2fc92322f8971cfbd9aa7b099e027a0e991f0013c037e9d73dfc2d1a11d4c0d24ae2cda929b2b04264
3eaabf53d4fc16e20dd167c6fd5067295be507d4ab7d304dae51ee2b14112195b7bf1c44e2437eb78ca83802af2e107cd3f58dbec0d760729bd9b4660cb26f22ce436d730894308fdc1d4321799d4da383d931b5973581edf99c28905334e643a551f23488563279ab1953d0901c3ffcf039613fc2d8e128
1a4946d066b926d23469ea93e19f861f91f0a3ed81080342b014691e3daf322cc48a17eea893b2db43346dc03305efb575eacd97307fc57fc7e472df0d393a9cdaf5a122f803b72850c104272448fe25db52f120b149ee8b925310583998d910031383d58c10708e3122de036470225520d1685664f9e384
12078f850aa8ed22d851ff215d18c73a481360d1e9f34030ab04127d093a065f7f1418d4cb632a0b3e0ecf598736a86889899699202a83c715d529ef36b83a24aa2a70c345f87fb2defb3f167dbae13d1fca704dbdfb775bde5921a726594cde05702765297f5adad014eff7da7d45ee13b1a850f8c895a8
377f7bbbbd277f9045416b08a95242270325337beda7a16619e3360c67cb307f3d7a0454900029479317f7c0b31d750ab168857031aa574270eacb433e0ea0acb4c79430a0b27f4ceddcb22f37f714b598ed9122513b6a51e68e31613df75ffb99513358c3b51d10243d31a38e665f77a1313188b6efb929
0000000020ffff0340c2c8b6830f7b0c622a89a29b4fb1571a2c56b8a5a918493dc963ac4eb2c789a9841c968433a667f439e30852d95e97de059d043fffffffdae00110bf3d37493af086339dd5765944b062a8e5d3a9055a5827b6c2369833b1613876567ba1697d0c59980bc1fcf7c126a16821b862fd
1bb97adce63208c399a658f25931bf1ab0ba65c486aed29eda922baac6780257401524a0c8811164271c8636060b4a2e6c7de89531ab7468aeef2d283a6774f8a4b74473d7176782b2d6933669e636767d4240d9fe49ada669042999f5cbbfa2e7730910fb9d2623ae139d202d1eec32c3935af68ac0971c
21dcd7568e76f7c3607115d1c7e5f329338afd0f0adee2e663210eb2d84b3b6e40c8a464ad30f7fa20a442987e1234801912953880a425e0c07b6aa13c420b11d7bc3081b94f11f097667c0fd1775f269f6fc013762b648da397298339b65f7398014f3b898e179db60ed3a9c8f0b50bc252aa8d7579f59f
1ed7662aafaf47e18d53c3cd531c5912153ef82cfcbb6252f3a7ce7511280562bb3c77d5188371e7a0c3ea2ca83e01ea2d3c4261020064cd3beb244526125d015d89c9b101f60ec4fafdff13476f48e1af84535ff93166c2029333e53338a4fbef70456e066a66202c343a21fcee575072aecbfa8f04679f
0e3bb24aa0eb92400065e4166e15e311117299977f1420e947922f63e87a1dc485bb607d257226e72929634c682628b56c93aa1f43c354c25db83a621812f282d0860930644fd76148190d1f9aa0189fad1d9378b5543301e307139f4e93be5871a0502dcd2bec8bfe158a5ef822807672329f242ac469e1
0805c0f61c94f7c20ca9bfc68895422c6f41114607a2f0d61ed170759abb15d4d191a9b61722ec75751aef194e04344399beca17635411aa8b69059e1b2b6c8092364e3395972e0030ba6b0695d5fe3d8b9b1335043e3811cf8a287181ef2eb324d1d98e2c964942ed36c5c9189bc023b114ea65437d9883
1af92dc4eab52bd1310a9ea628f01e0738d2d3ced835323f11752cc42c8220d03d8196da0fa3a07b0d7cd876702d17f174b124e4722457af4524c16c279cb4d8dbb4e9a25f47d3245eaa600257ebfb8626fae015d7aede6798a228fdb3ff5c294880b62f5d1108a2c72ac9ef2023a34e213f28b883113e7b
05fdb27eb54fcc8093a7a5edaf8eb03bf0752d096bd3534ea950a4efb118237d4668086dfe13a27a014c963223044cb5a96ed2675058dfb6d499f0853462ea1c4300f710b4ee5be1c382782c5beeadf7a8ef0023b59542e016063d0fc7d7e15bea83d98830479541351f536bf74fb2ba80240461f920cae3
38bed44f57bb3a719ca3d643e7f74b005a25775113c7206d80d56fa694943b6baa1ecdac6721684df5d6205ccd2bbe784e406a4662e9f93db593ee1e359f272fb7d77b82a3d707c025ea140b869db2266c5122a495089f96d67a39cf5650f423e7c1fc9634ac24ce620e831c7ca05885e04f392570b9f8fe
03074c3a18d978418ebb164d059d0f307ea4810b104f40f57a7f3eb45d22328b76580e4258617c92a7d5b65e840d9372f553cd8ad043af78a195192d0531c651bc982ba34cb1cfe40220e5018f0a852c385bb0da5e1723ec59ab081f10792689d1e3f7bd3eb460f1ac1ac3b7c6ab0643531246f4eae2f14f
388877cfbdca3c3320576d34e5778c380067dae16c65613b0ef3e6e6f82d0d7519f6d2faf5a0de9652866d40922fc0ac5bd5b8f95026a6f5e5afbcf913334c893e0243c13cf44923c1da1539f41a4cde08e27102c368ad4251842ffad0258d884872dafb7943bd41450ee6c1fee12a0a229864276010047d
21dff94dab2a9f228a66df015422de22ac66c9257b1f2382e49ca23b13fc36c99f76973ed4e1c780915a48a2140abf90af8efc7b32af182b26874c211718e80894561820789ff3e7eea15b1cc2de8ec5d2aad17ba038eb5f85072107e2ceb7633881a764f9d3a490ae17fb9b4ae6bacf835925acef5fa278
210d414e6b5f21c36075d2678cf9060a106a2fc4ae2b422d0891a834b17205519fcd751e04a08cae15432fb34524d124bf657ab7308734af96b27144380d920e4854f28198f1973ac254143b0fb91a2c8997808674dd579a7576187b1724d2d204b07d970911f3636b135a20e3bcc87bc08f98555af6aad1
3cb4a3376320d641a797f297d4e5da32ba751406a1c0505aae56482c5bf70b84c2ed244c1dc3fca36e9fecbbc7107b7355fbcf6ae1b37127ba385cb63b89cff2e01bd9d3c6a37dae27dcda12abea66dd57c3d1a64bcbac96b55d1c8f95f39abf41c31c7a4f3ad7e37a21fea1030d249d20eebafab0fc677e
2e1d54cbb017d6411ea6dfd97480010c8583e52b024a410239847828b11221ee2c705ac47e52ae10ebca9a7fb82ded5e2e63d5fd904ad1f5cf4e4d920cf9f4651a1a64126aad9c09719ccb300a1c0ba9a18c1089747a4fa3fb8801b2cf45288594f00bce74a0557bc80f4b8fb15a110b43c956cfae5d3068
3c9e1ea90f8fd6f2364b07455e64f536651a8f3deb55310d22a4663587ef2f9ac8b881c0d4838da6d9d725fbe61a06f23aa26293e29546b0b0c694cc253e6c3f9921a7e2433fac5335701024fd0650457fc262db0fdf3ff6381e110dd7a6c4b0d1601c4ac8270b79c70420928a44b9e9e1b9287d69e5eeb0
0000000020ffff0340c2c8b6830f7b0c622a89a29b4fb1571a2c56b8a5a918493dc963ac4eb2c789a9841c968433a667f439e30852d95e97de059d043fffffffdae00110bf3d37493af086339dd5765944b062a8e5d3a9055a5827b6c2369833b1613876567ba1697d0c59980bc1fcf7c126a16821b862fd
3f3f5ffffb2000929f3745823ab49b17b70f191d829aa306f424567482871d5c174d5d6c62c0fa1e01f7fbd38c3cba260b22610d8343efb6c7f645e230161dcacfaa9043c75b829fc5cbed2c6abbd34134f68037abee34e852462738134735a35660f6cec3a9b1d0430e3ecebf6668ae80d63f12dd2cf4ae
12fd3a540a391991bebf91638b7137255975d69973b7e005a6a31662ac992aae5fe4478c2e30f8b8a01121b0200ee2ff07ab50d661eaba9ffd0d7f831072d0932f5556b3810e3a4e2f5c981eca772a6f7b7ac17723bb8997936d39d9743c2ab710d36168f411939af20c68f878bb836923e8584f46e1e968
33fe3a53e718f8a0f4f2eb65412d6d3a964cf383bc2680351247ff199edb0bc476c8bb75eda164c6bc22652ab820cab9f3ede448b0d1cc495b9c23432d12e53b199d5ec34d7a5fbfaa914200087b18feedd3b0391c257962d9ad236a49010d164170faa0f126d91baa1d752e55a1789bc0f6f8cc330e10b6
07a5bece8e81c191fd56b22aa9690729f47a1e122e0021e452e3239621a40a8308f8bb5b97315d0ee29e4a069332f531775366c3d0f634530ed8dd6700cb5367900e2b337b68259e779b3f2a235dcd1738e9527130091f10c60107126bf240659e628bcf4f87c17f491217fd95acfeaba210b1f7ed71c929
1b3d51b2a483b9f035b9a1225cf50224da9b63746928832ecdcdf54793fb3b9548e1f503e8613485e3bc13afe133c2cf13323be41133a7d917e45d2f3a57cc18146da73193c32c7f1b85d7078294efb3e6d08199863223427714245fc27f6a04c6d2a8692b6d2198ba193590a6ec45f8b0ac93900db3e0d3
331c05ab94dafa61873cde2a4e41562864950e1b601ac3f198a8757e7b2f2588ebc6848968a1322e2dc3c6baeb1467aaf6f7a16fe273454a100ecc590f3481d8b16693f222ee855e650b0c30f1b1b5ea391a71367263061f24de2e101ccf2b8a6cb2aa13b8267913c637153f46e0957e6119406756071091
298279863437c851af14fa78d165fe22d3b0d8e3602852cc1d0fa4ac6f4803fb36f309921cb093a06e28166962025ce1124c915820c2241ad265c6ae15fa65b38651d6914a2eeb302a367c314488321367371142d777e7623fad2e48d97d899890832823ef0d7d746807f08cd2c411c3f23afa4c7966e8ca
16df3720266d63239827cf5d073f063d8720095ee926d2912cf820a2009f28d6f201f7fe04d0bf2bf841bd13c7245451d3058fb50104d913b29b9f411f5585ad66146950cbd1c46c1b2db2151f5213d2a932c1f6305b7a05f9eb3523b6b14d80f9e0b5079148e62d353b0fdf40cf753451aa04739cb50c98
20a4df5e284e8b127a119bb673e3d502788423c664fad2fac4d08e2577ec2319509f8de39d60782329671e53d92771fb98755a75604ff0bf9f7558ac17256644d9f837f2dca11a402ea4b506cb4983d32c48b2ffdf6ade6593ba1ee9f5846700e5103d9f7c5ea4da42380522e5e1f85ab02f036c31f12529
3b9fc48e3acefd33be1dd37a23037510bdbb7b51da8d304499f07f7d692e1993a4bb5a9deeb1127562b17cfb3c20971dcbe0951843aeef3607d084160eefd9c0a87ab7c225c44e66aa5351081b031cb449df8034587f51f1d1dc2cd75b48ccff7ae0b560f1c72a22690fafd222bd3266c0a14d141be3c6b5
28f00453a9122d82b081de20bdf50d0d05493c0fb4ed81a1b28985af5e322d4890ec49e8cb90be4324b1eb03123166806dabb7b160a78c55627de6d42593e129c907a261b6bea17b5b8a993c98a870964a11c0b0e54f5553420210da135462af20c0d699ba20794d6112b0bb8db76f3a723298da24b778c3
128be44d0ff556c0f169bfbb83e9f939c35885cc4a7200b4864e552c1f731cdbe487c6f610c0e800ae254265ac083a19e8a523de51e489923ebb11ef07b73efd55cd8fb189865751790d542d48277f4e0b51f08e69fed579f14e182aecd1f258dfd2d92a8cbb98c63e1689cb4d80eac0c09731f86af5ce0a
12dec3de61351763ad098e1b2c072d22b40197cdc04ac1f0aa68c0ca97791ff79c5a8d441210d60a9f1cd1d4e43027a49aabc3ed0182e01a558a0e5f262ec29b5b0e673342be6669e70d7604d9f7c6fa35f6e059bc1b77c5474b280d730af2ce89413b714988010c730de9c371d70f40c2a32fbb36ea4c26
26051ac59d5fef32310323183905831008dfde2b0019f078bd828f6e9a123389b5fb9ae0d4a3c2787c4974036a305ff935416e4aa2c6a52a1e351e340f4771c7159499e1f59d3d01bfc54728c8957e2faaac4065db4f6437d8f70b3c1fcd83e7a3d04d1598126603390c96b5185d8e4fa2ad8b6ba1b48a88
1a9040e23fed42734f131d1d511b0c2962579b20a73aa00069088a4986b91508dc7808d27493bd78b8827256670f47a8e9f932c8b107b3d60cd09ce82438a60092250c70117305108e40fe0f7187fc8950648284c567cb76887411268f9e374d27f157246b5fe9629606684609baa1faa01d694d0929b579
0000000020ffff0340c2c8b6830f7b0c622a89a29b4fb1571a2c56b8a5a918493dc963ac4eb2c789a9841c968433a667f439e30852d95e97de059d043fffffffdae00110bf3d37493af086339dd5765944b062a8e5d3a9055a5827b6c2369833b1613876567ba1697d0c59980bc1fcf7c126a16821b862fd
3642d31785bc8ac2afac12bbf6776f31a16a5d44be12c23022170577bb9c2158c8c37adf814378565f92db6b5c3ce3515a75471a93e727a169c374e339e8def6cfa436815f758f6a80f1713013327cc49824426dd647da64b6d403285c61d1b26ce3c1e84ae1eacbe620cb4c47b8c7e36102047e41133f5a
012c4e565b56a463021cea75786c46032625a8b565ade364a93fe2ba59af03148ec3b19e8482af91778755fbf516355b95f3a038d1f2d8df4eced9540bd258a309e4b7a202dc77a160ec9814d4f08146f7a7c20140b9f0bbe9652214cedc23d9a052d6ea5a22a027832a372c52c5125e40e3f7060874859c
0187d5794a313f0163d394d50851851959b192037c43439b8013e360e5b236ff200817ad742266da55cf06840b28b60cd0043802d2474b43e5b63fa51dbc6fa2b4d96461833fc01bae52602d6cffa1e8373d619c34388b9e524b136ec377934f40e3131be4a715bb4d20e214986162d820e107489c6acbd6
0787d4eb0d307593e9265510700dda0209e0038724c5b1512189625549a837a0b7f29f4be841de69e2d348e4ad28c8aa519b6515420e33a9cce2c5810d51d098eb5665c3cf74f88f871faf036cb87da58adbe0e2b4eb6b5bb4463b34cc434a48d8f210fcf3d15c6a382f4e15e51ad8862089392279f30cd7
35a6892f8d6ca1c2d06f9bd7d4989808c2ddf5b01c0fc028f76c8ecacb8a09bf5de6051abb02113ef70dc8c4b60f206e16df5e65c39a4d4c8129ca3a123ca24a5d65bc326bfdcca11dee5f3d6d3fcf95d1f27166bdbddb3658ce2c995e13017e3f61a9482728813ccc06a796abe65e22403a9ab6b96c2f35
09e4c9a6b03a9290c126bf44f442ae1d433960d5dfd301fd8e36ffbe8b3a34af390a5dd0f5217e4115b7b0e7f023a749e2db0cf430db89992ea1cca72f2f9a4ea92236909c8306ce82c8d51707b98f1861278308efec1b5e49a31e422502337200d28551cc4e71469038a9ca9be13f32c202d3c2e031c1fa
17b88a7e623460135f282cbbbeb23b15c23e1a38c0a3b114a80817c4a4bb0f13a61bf160b8c1a0ad1accd3f3082ef9ffd3a2f629733914938c47cc6235a1dd86d3533871478548f2eec52624bfc98e0da2e9b3d39ca13b3f79ff0ce7628c4ffcdc419057278ac386522405a533c7679173b99d7ae426a2f9
005467bf78c3abe07817f8fa50848b3095efab3701bb10e81e7e3f0cc1bf1b1d9ddc225a27134ec2513ee14768048a1ece053b9a0144a11c7de766652441790623dc9973571da2f359005b36e390a7e2bebfc2d558ffe940eaf63ede0ba3022d04a2fbed66ffe04456097369849b0f52c3b8ac537b6acf07
0600d06ebc93ae3038caaa564fc4ee03f7aaea9a62b9120c16faaee211bd39210232f96ccea29f8a93003b14b601d988a161c66983185c606430234006254a3c4c8b4fc3e9b6065f95ae112fa0a12c726105b04770aebb299b9c24ce082f1a76aa03b17a197658227a2b2333b9500d0e83896aa8d04746a6
36f7d75a5a2d9f71a6631700e781f300e3794453a334a06b4c477e9cd9a71d39788e16a9d972c32436e0468bec268976258b318c31c3bfa4b82699d71a46cadbd05e37f2d16fdb366eb7ef1747a215bb1854d0e187789ca8e0ae0f6a75761dfc335255425aaa449baf121adb32b32f18f2cc2a3ec38512da
0e88c967c1f231b329563b4d752b433e58cc7ad418aff10870c0830beffa0a5e4fa3258ad4d3cb29e3f6df2dc003027cfdad27aed0588514719fe6e62a3cab49c9332d924f4f8bbf121b5102471b7af71f7420d7ea48ed3af854287129a20c6d0293c4d844968bbd643320400dfa3a68f2926ea7971b539a
1adb31540bb76b20495b0d4e4fbee629869424cc4447701b975bf8d7818d2036bcad799860303fc5d781d1861731262e762ca354d302f0bac140e4520e4eb3b0f029e461b107ea78d939fb0820fc8127354cd03232227455fa833346b7dd3f58e1b3916172a1118971180088de75596851c229108a441d56
3214553de99e594033f98b11ac753d0e5d7837ec06fdf2570acc31f076ce29739b88c194a03087860a5e9f3ec8167b34fb85e8767260b5cca775df1c1866ee63fa762c72e0bb3a7bd09de30bed302537cbf630537d27ac4111410ade9133d6583c50c596939ec5090b37091eb7f91de73011ee90eefa2d4c
244e9b89767fd3f29e532c6b18cc14299dc4f2d30dc6e367c1e126df797e2b3b9ee0bd8d9a716e14023a7487262fff6545bb4875c29638de5eda7e852d87418f23fe3ea01a1a2d7cb1a8c82097233909a56d72bd6774e3b7826303814c2658d0c3b2a538017bbde06c1f6da327900da11333566014be562e
3cfafdbece7a2ab3ff3f0ff39bbda22f1ebe3063fbedc3b84006382ffbef31cf08f679af32532762542a8b065a173f8f9efdf966033a970263a4d03000bb388583651db3d38ff87c634150068190c47fbef5228b50224aa767711d9edbcbd8511d819feb2fc5eaa7f50224216de34061e147f55401508ea6
0000000020ffff0340c2c8b6830f7b0c622a89a29b4fb1571a2c56b8a5a918493dc963ac4eb2c789a9841c968433a667f439e30852d95e97de059d043fffffffdae00110bf3d37493af086339dd5765944b062a8e5d3a9055a5827b6c2369833b1613876567ba1697d0c59980bc1fcf7c126a16821b862fd
168ee2a8d0909c52cb3909fd3f17ae076d663a2d1e08c2b1f6c721e578ef3e475d061bf76570db12f1868e269d21e4028df5933fd10d79b48527b90e23c997ea6301b6512c43198c86e4d9103ad5f5bea44563e0b56dc1e36afc1d2a97658ea4b641826965ab10e91e294047f943ff20c0eec414e8e0a93b
0d8042b362955eb27c2ff65f9dc0b51891fbe40643c5914357bdbf9535f331eaa46343959d90480369a19630942a554dfacca58f42ed55b6d53568992e7d26cb716f096114128308353cb523dfdd2e03022c32a5fb51757be94f2177c072ebe56be16358719945ffde2ae12f830d276743e3917847e40099
29793e1bcf63de423c3eb0bc542f7105bdb7d8490bf982f980f62a3eeabd01971841f189aa419322f897e764ad2c80570182371252711d2f5954efa711a05d7f22c33ff04088c3038d21b00515667d744da5a3407335f9a496483fe96797ec7e7d537c2c75dd9dce491be7ff4b6b71aa30f1064ee2d0f548
093d01396fcb1473076b7b6cfac4122414b85da0557c630e77683cb2591919757442a027e923ae1fdb3eca6f9536d9da91ab1a7ef1da4e792ce5a51d32cf6f43bcbfed82113096aa2aa7561bdcbaa225aa8710f785c4b5e855f034a8b687581ba443320687064d71533b4bcf60d04f99113062a18dea1805
3c40aa05c6fdead08d79f0ae3cc7e4242cfb43c092a4c39e496800cb61550a6c8f0d4ca4ed12de4c9e4c87ef7f385373f334980f200cd953f70e5b762b8a536fa55a233388b98ad774cd4e3a13b699be58f0235714b87fdd5c71271393c8cbdbfd0142dc6668933ca12bc98b77202cfb13e07994e00cf9b9
387acd21bb60ff91f499866ab4fe1f18c48635655149129b8e8a156d861a06bdb45050ce5ff2a695713228b0c81bba9e5b0209c482968c520458450d35002b92fcd757305d55ef64aec7a82da20b96461e9a71cd72da1c9133aa2f10208755822e20ab06a5a2643c7d19897f55d82ba552bf4a64419a1e92
1f22820d7d7277f0b5fc7206528086074c313af09348b2b80cc60c9acf1303dc0db485b21d123194d8ae00c1491254c787fe966013cb73840d3a91c833ea5d31b51902723512b7e092e14835a83a372403a0210a3c62f1fd1e6e24a1e293aa6595401def59b7865c2823acfd0c9dd6d0d3f56d90ee2457f3
32601d992e8c74d355f0956ff7a5e8133f98eed72c67c2939c4fedd8362015a6cc7a84ccd0a0d9233e5e6df40e2a995594d764d2e37e93c92915c6451c4362a42831fde091fa28c23c90881da60657c59a5a70143d9644f54051254fba3454d6c1229ae626e121a87b0615467fb1fa9fe08809ad5730e9ec
18b5b9b4c7739e10b77e71462cb3e6181df8d3211efd71f1934ca89b9154270894d3ea010f83184c35956d5f5038eaa0430af22090b8eb72c34a7b1b394c2452e19a9561d20740b30dc2a93d6c822ff7b303a2d40d1a32b454fb0e890d5c19e63b21b4e9a558b20df238cfbc990915bb40c0498856f01497
252ca8b3b5e78ff3afc68176bc226421e698931924f36013377ca96549a11559758818ed132315ca948a7278ae27258e60908e4650e1acf502eae7f11eda1ebe0f9b2c21f139718181059733503cae130e15b0ff93670c1541260078907dd26951836428ea47df91d105aa1d02e45f1ba238ffa725edb822
3767732ca867b9e2c443acce8c5faa37df335adcf9ae02fef5716e17f0bd17d8144f7a10f1023b8722c931b54321a4cbab3873be83f9f84b3cf9bbdc065e9c00125866b2fcac0b56de1c393338ef955a88aad0c98d9ff3a8d9482f4b98996481e033775e645eb8775517a9375e109798d27418e443b593dc
21d8814664d6e6c08182d5adb9034224b788c6e0007843f63ec7ab5e8d581b5ffee9574ee0909fc2a255d6344c2990e19ea898c5b028a4bbcdef5c5227e4e492a23e1a81fc4fdc2d93ff9a14f9d736d021bfc1cf74d49a2d242c2f9e0e7e050847d18d7f29d9b850fb38164f4075e456636b8134b656899b
105b43d0414c40316e033d467778053ec537006bbbced33d00ba8a3b93e80ef4ec6823cd06609000ae22fe05a81c09874a3004920149840f2698cbc50813adcbb045ef5328a49275aa9e9515ce4d2d7e8976224831a8c77de070302e33c7e915b3901ffb5e6a088df61eb1e1979aa5d35264c40a08f5d5a6
2dcd788146dac802ffa557797026831925c0ba840c2a0145122283dc129d22c9905f0f386b91857cabf47ba1df1a10a596a84721929d01f008f1fcd20cde7b80c1d2bde28ba05242991357041ffe5b23ade30086f597f0a4488c0f83fa9e9b204492c20eb4774da7820b328b21d60073d0b8973f656b65ab
055fa87650e267a2baf8117bd8fd0407b3d72e396bd1f3d63246b1e5250700140ff6ec548452568f285a0ff83e3df4a22725fbc72325435d6c2b07af1d5c368be6443da2caefafd6e125f63bf0714097aae2e017db74199cd3652664c475ad9dcc91cfcaf61df6f81901fbb536b57beef265fd5722786fd3
0000000020ffff0340c2c8b6830f7b0c622a89a29b4fb1571a2c56b8a5a918493dc963ac4eb2c789a9841c968433a667f439e30852d95e97de059d043fffffffdae00110bf3d37493af086339dd5765944b062a8e5d3a9055a5827b6c2369833b1613876567ba1697d0c59980bc1fcf7c126a16821b862fd
1d8e2b1aab88a113d2fd6c1bc7e19a34b99a9bfecf6e2072ca117203abbf3a1698887d206ce1a05e5eac93b0ac24cb9682c6c0d1c2075c7c954cb4352df87e1676d5ea30e9475de412a16f0119fab0bd0eb70233e94342fa0553167be922c1696cd04d743e1a046bd30ece33db6b2e30d35b2af455c7eb48
3bfc476087d929316837766b4bafa60a382f7e70b37fc2e4eb670f9b08b32f0db2f692c5b891689fecaa20dadd124ad20cac1629121d8a505d6924043a9c10a8006827912c9c5985b7a91913a6044f1b0251d394a441ef92df99042b84e2f9b857e158f25d6a3777ab184dc0aa5e73f3c3959a6fb0243693
06aa16198605b7d305406f657f10bd3cb22d706d6b6343c2bcb2e3249ba4158b04e7756d5c21ff93433598107000dfcc5bca22eb42b3ce5c88f611f01fb223f7cffe39e0bdbb35b9a131f7355322f7db809933cd16bb5bb990b5119524aa5449aac107c6f9f7198c431cdda01154a85281243e65133cbbe8
3775cab31e95b8321bdc1b199c5120010d663613700d316606cec4482c60213c2221612d8f828edf4e39bcfc372b0ffa44addeaaf2a490dfc4e8f91e319e4876b61873a20256567b8189a5233a00bca1faba82668f1e4102dc003aafe1fc24e53b61df9563305f96503cb23aadc4109421e2de09f8efa8e5
1d6be414651e5b126c6d76352435951f62b6597d29a621f169670f6f11de1a07252e6be9b5f20f18cb9e0eda9f1e88b7cdfba4438264b68b0889b4270f2e82ffebb78c318d8c1cf593fb7e32aa0451a1e7c17376956f0fb569a417859644cc6563b2b1fe07daa96920332027bf7eed34f0e0a03fd6c7d013
28882bc45e0e1783f0326d97be4db52b67c5f2c90dbb9141de218a8bbac7086aeaf24d0d5122d8745710047faf378a61cca6189243c5af2eea74d26627050393cd1c0e70d764c5a4da19641c6f74aef09cde80c7346a4147685d27e186f30832a9a31591946b9d6b8e0d93753a54ee862304ca285d4812c1
01ad174cc0afd483172830647b6d7d14c454a9dca25853db55c3c5e4da540101bb12342f54b1a808fbe8bdc082367c4752e93560e33a9a3501c045891fa0ab946f85fb3304e7f9588dd0de3d8f25b117d1db622041818207a3ca1f61e7828eb57bf133041514262fde24f901a37b7e291030afc789139cda
14024e92903aabd2c0fe7274fec90c1fda68a8ed6c2db04a6e48963f736814c16f86e206efb254bd3d9ea455a20c3ea4d4d51593f298a530fde2d3f3137730b31e848e818a99c706f56b6a3b5a97224c8bab32b6a605e3005ae1260126b68187b691be0850ad695116072560b315cb88e25a38b12f9369f4
3ede6242ed9b031190e9da8e54e0803b4e16c844a73802d5e49b7fef428207205e72ab5379d2699cf0d8adddf33bfca5f554330923824ccffb84468d28f318f34b9ccda306e7920b78208d04ca7be025c7556047a62f0aa86e092e0db5269024ac22f61e8cbaa81b8d1d675b9c9d2e49c220f16f7910d85d
2ebca0ea6fa99af2707f4c3a0e20510d865bbd2b8518c3694895dc9de018372c3ac057a53f30911060d69ee15c0f2af625294a4ab221ab1b27b8747013c8681c6f8a3e533a94c58fd9de42103893dc708f9f300d5f688fc78e5a2655611fa6013cd06e510ce6b51ce133527c942f04f1426e7384fea5e55b
1b4983ac33e719631af22fe0f6190511dd5394398c586390c4ffb14fe14b377fa3c2211965719278d773b850d004b77ca64c3b591011d4b6a79c459409933d1c7de80de1e032a65cde8cec1b9ad3c064486c125a402b806d530632271c8e670d56e2a9461d284e56ce3d039b220ecfb7a0b622ab2dd0a710
3e6361761b2d01a0c5d7b5540031a603e3bcd60e09c8724a445074fd371f2a464107eba5c8818d9ab295c467641a71299c4a3f3651453dd32594c7260ea18aa8b98d0170701c8a8863cc2a032259b6994e869240dcee58d04b0922b3e566b4f8d9c1e09adea913c8da2dcb1553c9d2a6f20ee5633f9eaaf2
052f99f8865a8193f5f079d9e5af103686737c2de7d3721650c22a969e9a10bc28eb8cdf46a18ef77a1a0a7fef253d6eec24bf99f1ef5a424cea20dd366ca66eed63a5506ab15095340406017b93c4d7c0bd916868ba79150d9913f9852246cbb3b2fa3ae320fae5fc3730f7d3f88a18c380eb9f45190060
236db21ffa84e3514025d6d86aa12c2968885d6a7c2d138eb772ffce270e177fc773b3ed82d2d2055eb5439b82185da9740569a39274bc3519bfb47c0ca0d5b59684d0620820611a4d3ecf1f801035dd3e8032b54e55c65fa5f1051b8d8a833f4900fa9b5c868909a63066c2908ed869736801ecbffa5ac0
0f9e0eadb48614f0e1db56719e9f003b5c79067ba75e91b2b00d6aad9b6617beabd1602541a0a4ac565effb2982f547db434918500bdc6f4bdb042fd3be5bfb1a54463730ed57b6e34bb35123dc5cf76fbf6126ec5f23064dc3d265f5e7d05544b109e93fac863c9b63d9c911984764541e9c4a68d8bfd67
0000000020ffff0340c2c8b6830f7b0c622a89a29b4fb1571a2c56b8a5a918493dc963ac4eb2c789a9841c968433a667f439e30852d95e97de059d043fffffffdae00110bf3d37493af086339dd5765944b062a8e5d3a9055a5827b6c2369833b1613876567ba1697d0c59980bc1fcf7c126a16821b862fd
204072e5acd9e61081b2e181207f600bc182364b2e322137097dde9a2173317704e3eca4ca92ec023c8b1fb0e0258591a85dd3a2e11d27e6c665a5393ae4405d90768d93d9917f4b2d5d65260ea39ae78ab623d09be29338e7c612f2256fe915ce52818d408822a1a022127aa06ce6e2f1e2c3958bd16901
2a470fd8aae44ec16317af8e3a0d16337200f28d43cf50cea14d6992d6df101aad7fc85db1c08c672ccd58bcc127d77f110ea61b906d37f814d572f80bb8b42e3ecbabc0acbe0fa1939f20395fccb02426e6e0e9ba2b4c755eb23d6a82b6603c36636386679fdb35eb0b3cb56b522e20735836c8f5df76a7
15b8f02750fbb15394af4226774c583525757c1c459f902c94a6178707f005da165e903273c00f6b5fd6d1360418c5ebe392a345716bc1506510aa7c36be1c611bc97b714ab607fffc399f2ce2bcf79b87b1a313d5802a246f80191bfe1add3861829c748d516c58cb195f38384adf3f03f3ae04ca19c192
1c1adf681e93254021356d178897d13e1cb188d68e0a6373d74784a382173a2a66340424b651dbeb625b6ba8971298cef299f256b0992e35f40029952445dfe360c5c470a261a6de9c0d923dd30bde6f0480224682807f37d4ea3d512c2eeee08671404d2b14db41da039518b8ff5ce5f37b8882a94bfcec
2f8bd5d184533141736190c9712c581ce33ff7ac232cd376c761a9cdfaa938cc3a3ec500e0734f30538693ad4b0d10717bddafae304d0704f5b9f4920d77fa4c43d7179027b556d628434007b428a390185f333e79a20a6b4b9c3e4f2abd45dc82b23bf93766be6b3c3ee641f9cdbfbd53e633b2289f49fa
1d19df781f942641d82ef5bd6158853cf6affb4a3f058278e5c0d3cfec6c1348eb88d98023a0bda2c8824a67da1a1ec10bad9c995121ef41ba3aafe40bc634c48e20c402be3496469ea435206c3550ab70df62f52abde002afee3bd084df7f9261509dd80400045d490efe497e8fd93fb22ed0b09d48abe1
1bfcb6302b6b94d0abc1c1bee565cc1d13f33f657cd6f1c1b7532f813d9009baf02dcb86abf10b0ede21934b7b100f27e1211ca0d0edc3be269b97d31c90884cf4a0f6f33640a10d6d7261335a0bc2e849d3e15d1b7ae0c388cc08ffa6cb6dc55fd30a1ecdeb212ddb25ae715d2ae625c2ca5d876efe4e98
2d614d0073ec33927ff52bbe9cf85620589c1819808731e2037f5e9eca7f2f61e2fe3f01c6d2910522b502e84e3130db3cfec5c66362abc5d19387990c799c4ea08ca733d7767ad3fb823b26f18d37d25ec660404d61fbd558f632dda75c5c0070c332a147d8e767263b15223ee89f90b2b80c551d009260
0027b2e016ad8262ef0d08f3cb839f0d2f390342e3ebb3f3db12e93ddd1b1c24b2c70fcc02806409e913be9e5d2e41f7fc2c1cfe506561d0d2c0019132ce08a700c0e510a0bbf41989df710a7b16681609f3314c4750a1e7e78b1076d16a5648b391724fa60fe1873a15850f46893a1d038c2d89967f0477
15a283de0c8771320f54a5d565aef62c1622a6c733c70168ff98950e23352cb6c4a230a64aa24947c2f2ca48fd232133a07adb54607a418e16905f0c06ba186cd5a97d52f83679d67de483155200cdd1636ea07d444bc062ef2d09db58efa686494291d77c727e41d7103df6544fec2f6071132f63e94312
1bac48b130e0a502a9506259f8221a3ae32c642f968090114b55bb710b922f64d9f5c37272226d0cd5b4b3123c00a81ab6601524920adc1cda73b4a03a09e649c9f6c2901f37f8a1aa6d5602200947108432610d97ef243c8593229b59e1e9a4a46095f21185af47f0274f9e445fea84b20b5f49f6c54193
18217b7c79e72890f4baeb16d8a69605123eb815cdcb62cf48486772e03d2339794f65933f70854aa286353bce2759fd904dee9281d6a051709de7d304efc5273695d30031acf9058d25c93aab248740122bb07905972914493211a8e8b4d3490b53e1a5a8f4cb2c6d3da8cbe38fad3e8186253e075b0239
24885fb7251b1ed1f45bf17b9cffc12ff8139597e89ea089e1467a65bca71451a44cb49965f041bd0bbccac770000fede5f08fe661c68f9624e38eb53aa4e49fc79090e373f929672a9213218ad01ae438c212394c4afeca6cb03724280c00ba6662005c4bdeef8a6215422737389822d01591b1b85d6cf2
2d025788edaa64b139380fd3a68d96282d6a6a2f44d3719fb607884cb555117e2c8ead04fc41c09f92c838e291354a9317dfedc7b3a445eaf58498c80f683055ffd8db22b82dddb99fb31f199c59b16f92600134041f7754f8a00ea4023cd7e14da31c715172da840e24f9f292465dc6922fd69fa3fad7c5
234adc4a6076bf533ae39e1d216d2212535394343bd3624dfc9b948ca8b31909a8c5ff1b9ac0d0963702652d5c168b160acebd3d71bc01da6b5a51e50cbe989d006cb693027842fc4e7e39050c066027a34773a17ebfea3b62763586b5f84a268603159eae970e8cb61c7218857fefc6e16698d81abfa580
0000000020ffff013fcba1a8320bb10c622a89a29b4fb001073e07f3dd0218493dc963ac4eb3b5c8889f95bf3224c5ebaccf8ff3d0c29ea9b8b84b8b3fffffffdae00111bfb8cad063726b339dd5765944b06153ef4ad088beab27b6c2369833b160c156e6ede4d52613c9d62f7726820032015f34800bb9
0e853ea6fae6bd50a0ac030da5381d2d751f4ebeb03030ca236265b548a810b4a1946b7e70b22ba7b62f46b0e6137faf1853b65733877d60449d9f130c6fcfb293ea646119ea52f859aab11ffa2cc77bf716a193792f5d60c81a1de98f83c806ec10ea541ef75fcb9717723fd70fe0d280c5be3380a129ba
0fedb7738b2f28638bce19a882ae980ac619fb9c9d708251e7496a0a74ef2f88b3341bf557233716c8498057071b2900ca86c0cf80d03432b53662e024b6027ab8c16c4296a95d063848c308036f70b2f538f286f866f41aa6dc0060cf4f190c8af081c00c099edab8331cbedb22a7520042b5ab0726dd77
096c04f575a2d87086d141e807a3e20bbe9b5a525cf7e11ce0ef56ad622e282876072fbee2a23137a984d07fdd2e2a47d546a950c17fd0711df50e7637993d5e17c538c1151e910ed5ef5a32403f9ecf400eb010231a674e4ee2200dbdc2cbd4e3c285f60331aa442d273e208712f8549338fb78ebaf8b84
0fd63ce3c7eb04412770ff9ac078d625f92dc23c4b8282ed4b5bce9b58c728812420d45c9d937c744930e8f1243a8f834bf3d4eca1e70340dc78473107eb1ef163fd82a00daccf06ce4a3909a1b6cb235fb11138f14b5912423d2e3cf17abd8c37835b4d85a8c9f50307ff8f4013e7c9009e9fc9b8844047
216b8a7aa5201df1b99d6c4e5c70e01611f45b2011f8112b1c6fd7e5b5e30f8eea1bfcb361e0ad37c56fa838b82c39585fb9cd38324b009a1ba265bc2ed133d0d93b87825c64c2ee90e4812ced974eb5333c00fd6763f0ca2f163923c9fdd7ba53700fd5a3259e9ad335c6530f1a44ae0003e96dc7106820
2c3bc2430d615ff086fb8f095f3b99009c4ce68d284c511cd660ff9643b620d13b51b02b19a0b260475ea8544427e0e2d9be1a8842bee5a08dee1ab501743e703df630d35eb48884e4231902675fd8a9613b60dd963a9e4c41e50706a564f1ad420220dc3896a8509716c369967181cf62d680e606432540
13f8012e66a9f210f352555353738810620af026665c817f7aa13fefc0550e6f91e24707d7c389cd687e8181bd144bddc13ce6273302d13748292d5f08d51057a2660e910851875cd96f0137b080a9e6e52982789e1117a7a2952844b90ac7b40852ba2d215efebe322ce2db16a6e361f248c20a4cdf7903
022ecd4ac9af1e00dffd922d6f34082c1b1b58107a94f3605f4eb222bd483943742c8d8b798198e910f23a536102e834a275da8c93a809010ab4d71b3e2baf64d3f1b0d2373efbb1a70ac80d747384cd880af325088bcd13e64303abe5efd369b2a0797b2d2dcb33eb3ec0cfb396451892c3d590cdd48f0a
3295d4c29dca54834dccb6cc2798813594724d2845f5c36551a9a30e00222e4bb68aedcc37e1c9da21087ccd57343bfdcb6c2406a05c52c4243496a4038283df9de37910052c8172fe940b12ee2ebeb6e52073a706efad49fe8b06d9da48d518ef41ad5650c4e8674e22678c65205ebd31bdae7802530a60
3ef64781b4569290f327208e56f75c3b819aca170770d1d2f172592720891aa38c9d93e66652e4edc6209919813a1c023eba9e8a824e6b4cfe129c881bdab799c2f385e0c405ef6b5a76c924b72accfc99d4c2ddd4c88003579c1d901e866fff6203e236df8a7d15a01b0162e2c2fc98f081dad4fac15c20
12fa790dda9e998082838331ff545f0052716fde01dc31e515d6c98807f111c5c06a12cee6d1f6baaa3a532ccb29ef6aafad67d5d241bc178c136e4712ce7f345adc27b324622eafee24e1203bdd8a0cc0d752862fffaa881c1f0ccf2f53bd0ee8b1a390cb80bdb3cc1466b7cb7965bb409ce65d56a6d16f
303eb20fd87d2920da131bbafff19c36e648ed5da08341e0dfca7cae5fd0123f70bf0dd755f04405deb1f48a1c160d7aeac1baf5804cfb3494d4d91605fac9539959f6f39e39f0bfb6feaf3581c4408c2d69c1d71b592922485f07e0a3b1dd47b772fe54089feaeb9a32d068c25c0d7313b471194570bd16
1bceccbd986d7be254504dc287e2ea0e7faad6efc3b53128b310dfeae44c27c39500ef3475d3b528a82b59566f10b8c110b6f67b30441e0969ffe8c32b0cbfcf9a1bc1531a18ff599357f50fcdde848bbd73d1711a19760b308810878fb136b4c511bb44d2775001bc0782d1b055ac1503fa8fc2cdf678c5
0cf4798fd1fe31411add4dddad98aa1aae1b6e44562fc271558a0ed7ee69197e058fa8e92630296a438515b9e41e19caf56e564f40fc47b40d5f220921868dd824ba4a3244197226825d95352933186567f15053ffa65d383b1e06fec6956114e5a036f9f976cb74611520e99c9a48bd51186af21dcfa7fd
0bb36cbf79e3ffe148a02250db56433497ec10a71e72d3bbddbc0f467bcd04834ab4b99c6001d6707adfedaeef3488dbbe085d26605a2d4ae1e3608914a4651cdaaedf412adfc088e479512de017ff9faee51047fad0b71f5863053fe3abf1960472878b21354ffbce1615cedbcfb5a192c223530922e17c
3fc000001cdfff114ef1a0b10a034c126c4301c48fd90323a1e7f4d1d330008591e6c9fac803131176de7f57873117dccc527d4082088092f8b5250c001fffffdf000103b825cb4bd6769e1098c93a4a5a6bb3c2a1f5d9d7c39513989827e71c74b312b26fce4f08fc2da0dd9fb39fdbb18f106a94609ef9
3f11f05ccc77b160226f4abf865b1f2d6852130f1d6be36d57a4c833a6c5227c934824309830bdd8723d54962f35fe18ed047aa9e2dbe5ed752c9a570e0f6d3c9b3082632b4611fde0c63401bf649b4a80dea0fab27f9b2a73853a3b67d176896260304067730083330fbcfd02429af680e66a27aadc2445
123b69277ea581d0a28c327de2bd5c392bb7142799dc306e7a4db398fc6217d4d65b9e34e1134d164ba06a521617875842d0456543c7a860ee0b93cd162b500bbbce9ff24a92256220adf114197792ab663aa39d1232c46c1a9a0132f5a608f28d812b51a7fae0fa050d38c504c2f6ab21243a9e068c2dd0
33df7fc6e28c9c13f32c4a841bb0c50e193657a9261d8203a2fa15b2153e2f3b9847d54f4ef0e6db4b2183cdf80bdf78f2f75ac1a1eb61e868cb3ab93a55d0119b9b13c1f40c0825fc14cb02de58ee5756feb207c17b8bdf1c871f1c9a56138f37a16ae9929ed696c63a8879fa2f2e00813853b0144adea7
329214c529b88b418c8ce5293c8de504e889fabf3779937e02f22731b986099627a4d15a4ee16b3b0f8dd2ca2919823529c0534503322040ec85744d293e11182868ad711f551f970ddeeb0786c6f39dfa5430f20f3f64291c4927d488455386f862ff9275c378b95334ed3e2fc85d87f3ffb09fa967d2ef
0c9f895c8e973c01c82991199f06e716de28f7c58d2053001b271fb9a76e135e655e11315462aebf83400a06141b98681b46742f920b997c132abe6e06ac51fc5ec010e034c1133e450a9f1d785791281e2b00c93660204c299831ff678cfd3bfd3150cb38103cae4e097c42010923b3b3e458db935e3ec0
31f2692ef7389e0172ca8925ff46af251d4a39d0c224f19e82a9941f9b5c32c0bd17e32afe73d1eff7ffda46f8114c1620b07bf9a2037d0d501cb1051cea463e7a28ff734c7eff5ea6557d1c8463536eb96c31ba76c51941405238ac04163917fc0234a71cb9372fc805983f00302bb8218cd6d617b535d0
02c8845d48151973da6b3eed5e95e630ee29376801234370724ca2fdc2ce2205cf30754b6f91977f020c0b1fab1dc7f9167cfd80233c71ac31e810502713547db0336352fe40153bbf2b4c020817602fc76f5061f01d5fa293d11e89682de63b7e00e40123550eb9491b93eafee1902a9251fc42955e22db
1a198391e96392232cd6e503ed012c2cb51edfc79f5351a80489b3fd955a1377d70c4e698b306a06d100700676140dece37761dda3ca6458b29e69b13c120c3942a8c182ee65437575b6c4105752f0a9991a620f8ca810ad9e7720e7e858430c56b3f79b9122b599c23ef2c438cca03bb07601200a6357f5
223ef6cdbe459e91843dc7963c659a0cfcb8c27a848d914de48c9092e0652291626acda74f535228443aae5ef12c663953d4e94aa223dd23a19c440826204f5297df420106485d26bf2e123748325941d496123a5fcc3f7d8e592f5fc3ae6d3a249382f77d2c8a2b1b088ecadd9db0de331159663d372b98
3f89ff4a36cb1622e914b25befb6722f4f3dc6ae75fed1074a2dd9a92d6d00a4548e57231b016ebe075a4a839f3f4c802f1ba2396145e321af0beb6324d11c92e615624044244b1d73cc2c314e06b106c57c921f4ffd90e5694530cd6bb33dcfc8b00ecd5d6930510e2887169eec14c583a91b2fb96da5d8
13cd8a25a16fcb327748f27603b0eb24806026dd9c47a27b83ec98d57908117b45303645fca2d93a71e2027fb22cf1cec9cb52025194ece14c444b710d5c71e5dfc87971411a74b08a5fba3846640e855b39f29586d64468ad8a2d0b6cd38c342913eddd65ebe2d84c2d39fb0412c400c3a32c6900c4ec36
05290c9d7f65dbf3115da99364947d17d0e72d31d9e91016ed27f9e6807c12aae4667d1b42c0e34287112cce6229b98b7ac3d7a4c379ac7e08c704df13a68a07535bc332f4e1e86207dcff3e92c83df9b6eb2305176e65df75df01b15038d98c4440a163b5745186b113485b344b2d7ab1b9d9e58bb0139a
26cecf9172c9ae12b5af5300c997cb086e603b68eb1263640a50ad866b990c9ec3cd5d526232d8d17ad44108a905f1508106fdb34395209ab7ba1d230a0787c409e2b2b3a9709b4ee4cb633a15572e399929a1ec8f964a827cff3bc10f3aad826eb352afc6eb9f63ec00f430785b6ee2a15d142b3e02fc4a
18caf419b0ddd501117ed7de80aca82a10e6126ea82442e009d98431ab1b2cb988c35eb198231408098d46981718fb58ed4f0cb8f3fb0cabb07924d335a4587b131e1822cc09f0b80080d815a5bbe1c75316322bd7dd430b53af1b2613deb193a5b244b3f862cb41ce2a62e6ada46f73f3a26a1c87c55fbb
29c4b71f30e2476035141ef1d2897e1fb9aa919932a3b148988ece48ca4f10b2ca2e3d1cb6a2ef1ec1cf50415139f544e705391672ab9d1417ebd3242267100a9db3b34169b440be11c5cf2d586a43b5531b43a0bfa703a34dd01d0aef0ff04e7b90950302b27b29a93d2c1fbb5b02b0239881a9317c33a6
3fbfffc01cdfff13717cd6e557e5e40047090bde3361907d734a157a615006a03a231db374f2a76be6c4743e890ac5a565b15d9d41154a0d4343c6ef0020001fdf000102a6e03031af855239ab66353b78a77390fdb112e752da308b4409bb301e422c732993ef205700c9f953084fad42c899d2ded5c682
14f7c4341f274c636d0a486952bd7a1e1c130d01965883f36e622fa126bb353e7f4a2c9c1fb0d67832e58916891de8fe9bf86fb780a33d92659f6f0d1126cdb05273d960ec54222b28b2270d1e6c49a6be0b924622d0e74b9be83853d4ddffcc88416a09f7800775d311a98ccbbdac815092f310178030b1
1acc60ecf40e6ba2d418eb63010dff05e3d2c675202fb02d5b7cebd9794d06d0811c50014d31998650920acd4e22b362185761a0a37eb710c5d2fe803544db3fce7d94e29de2324c3415fb3d454333b7682e82103c90a878715b2be3641000de2d100a710e4fd5123f057af69c36dc7cf01b66b4f13e786c
34c5e4d63afedef2f58f68cb3b76b63d2630835f54e55116e3c43452c5ea2ec13aea4ab2d94053c0b49d3818a92fdfc3262099ff33a3cb08c090562f15e46c01b8aa7f108bde7e2c164af322a0854eca1563622558b0c37d2f89328ffe33da4de470074a72fa2badec326c17482cff4ad1119403ee418b57
1cc13c14a4bae8205c8d823f13651c3cb400ece892e332185915feabd1233dc4360c76d76882b06e213267206728523d4898858043cfe57a3b660c323d98c3e304531c92811a1212c6578829ab4b35ff5e7a928b313591ef093405618ff7000121321a1dae4bd3dc3519b2429fffc2b122e19916a62ea517
339ba7e1e88dadf29592d6ade5df3231c81f95fbe4e8f0f293bb2c53975513d242fb767ab6007349352497de132a06c81bf002c472577390f02ea8b81d12dcee109afd828a9ad5b745177b0a7c9c4cb118c0428a71782c1d1fbe1fa6ae9f0c6ba8e10b1628a751ef7739fe55e74654b42021f7f86470146a
1eb23217caa75ea26cc68350e2cc7832250534f23a1b433223af220692a009abf5b19f7b16f1adc2df148ab63b0858fcaa7f2489c17071e0f747bda71a19b4a7fe153df1e4b21ba87f273d3fe37706c002aa91f35ea58d502d0f121d5646fca939f2fca27a0e484651044f976fccdb9ff1035a4e002bb35e
374d650a0b92f143be0d88e372aabe276bbca0079ece93370b0b7b5077e30c91594c82cfecf0bbc144485802203af78ce230728792afc95987ed3baf12e1a8f422c1fc32d577cc2f019ece316bf8abfe75227297b3cae68a8eec0fe8c1b07ae032f3a52c0abff44d79345c36b5de5b64a3e77597839394d0
16a816096a464bc156431daf664a041ae3401bc427c281d5539fddc8f6ff0719bae4316d50a2aa61e1609400ad2b29e3457a5d5a12072bb0ce5740bd0c5cdd300ef072a2d488dea48365ef23b4b75476e10a001ec8b80d23a03e268e31bb2ea13873294aee096c9d3139f0b6b9c9b9a550b2519c3e42d051
1352e47da80a7e03459e66bc6deebb3f9994439d301300afdf9f71e6e876102626767a5c36d3ad2ba07aaee1d60fa7164b907bad42988ee14934878b2b98bdd669823cc34a31ab9ec6f8da1208eb17053df9e0035c863949009c3024995c47a08712a8ad785ff3186912f8204b9fa53cd133409756777c6c
2d57f0d3122a5a00bf42f01dd068a11ba4795f13e05a4110d8fb6ea5234f0bf618e93d552c13a5a30fdd89c93018e1a60d41c6b5c015f0d4640eac2e03831ce67621e4909c0e7ae2c48a79320a86d25a3648b228b70822a8a6fa294eed77b0399a42e5f0da856ccf2215dc5b919a62b060dcb46b3ab4a249
37c8d971a08ae4222004bf243511d12fed12f2e7d461c2df078788c3c8ee3ae3b8f95544cd807bab901c0d1fda1c1d45a0000441d0f06597a590ef4105af7aba1419bee0941f0b776f72a12631c7ec87686d61a46d98c133d7a03facc7c6c5c4314260a08c58bb6fbf117f0b4a70233920b6ca3af83d5363
2f8e07d13f3da5818a292aa9cd6b341a573964e9fe88910a4e4511fb9eec03a269f07f6934d15976cef2cf104a0a8794f8055ebfa3abec5d621db4ad2422b533a131925389227a9ff341ee375a0bd3a4a98f8050d4ea20b7df0412ea428a9bf2c3f3b264ab5e4b41e33402b261136e98013c987087177b66
1f5943f8bacc63a174fd6c8dbf2e7d337a3f2482e5ae92b6dfe6ddd8f0dc1ccf847a8897ff723c76cd0a5a4d5f3e5c9cd312e384c2c433527009b2c90eb150283ae686e2405804887e33482197e261e1e09fd1fb81064653240c07bb7f6a194221a2fe2d34a17fcd9e15ff558c27475ac2a51684bd797905
2ce657ab8caca3112f1ee39803bf9e357343b3f4828223176ed3f3522eca29820d7aea4c95f04b12480c21506002f8644ce90cdc43d62459e8f705f3234a1465a0eeeca2b7c5aae4394d25108d3751d226d8516cc46c6c881b2b2ef69e4321ba3a2012752b24b45d99385c1679c9af5240210ecdc6cbd3f4
05bc46a3c2a826c3438b0fa8f179ba1f4036aebb9e5ee3e9a46e2233dccb3e910b83c7991c93ea095e7778b33d1fb62ad604de9e715c90aac2ba7d941fe27a940264f681b84b11dfb600180e36f5879cd156c01adc1d575d9f0438501fdbd13d0892af235a1e7c1f071e879631962c781343ce603768f2a9
13ffffc003dfff7071dcc813b3fd623ac00003fbe40090c213e818fd9cd014ffffefffefff8069f4c9d8d53e013eb00000fbe100906133795bda297529ffffdfffdfff834f55b71b2db7183d600001fbe200919ec005c1406bf30a7ffff7fff7ff80f74453378801763f5800007be08093c26d3328e50837
007fac07ac07ff82c172fee960b5da3cf172cb41ae80b144bbeabea0bf2d212dff24b668d921aee897c6d2cf9a3bbb5b242df6f3d2ee4c606e186ee308c5a03971ce32b1b9ab0985c474461b9c68028cc4a5933312bc05ac5357076f2888e3d80d00649f126640afed037dc9a29b59a0529ed19b97a09fd7
0c6f52f36043f0e258984d632c97582b991cda37536933ccc29b6dabfe3904ee9da8963caea30d487de088ea6922977a1441cec5317b15c35cdfaf1a3e3a850dd0b89542a9e05c28c4ce353f8ffd38cc2d85124942529bf003e42359d7d907bcc8217d82d9bcfb27a60e0c457af5b46cc2b12027b116984a
3410ad949c240f323e20b950c304130660b946fa8341f09046b79579c9b439e7883098ae315305aeb75bfbff3e3f75a9cc37ef1681873ba93d8978de1f58a8ef0c9f4e701d317183e6a35e2ce527a5cbb9bc31721c64b3991c35185b6442bcfaae412e5cb559af57cf2df6e002d1023050e4dd028947c90c
3a5bac91305d17e206653e4759cc2c15588bde45ff50307095d814beb5003aa6618054c3e5a1cd449ff6a8dded10c0c2b14d06c1203ce8e85393a13e111695bdced5b2323cb868769445f82a31ec95078dad50f02c01b120864e33c9af276914195004c4fb472483012d06bf9ebf1add70d9e65a36dfdb7c
1e82f8558b0ac9f1727acab3b155751c9e1087c45edfd2c11c877bf0b6430285bd69a6ee1922d033af3bed4856167a98e8ab27d5a2115e6c75c5da3c3edbf4bf322870702fb58b5670d3f6268f87ba926aa9a0993a9d9a376f1d12620ecb734773205e9f3edd851347283825d1c04bd911afc4da1d00685a
21fd0732705d3623caa01fbcc47bc52db9246abbc54b2103d26692e488c31cec79b08fba0551cd7df944d65e550018f8e41a589530d6886272287db237973f13c1232473afd6649cb3e01320d7363f60073572a08122b7f44a6634715e990e2d68633424b753542086301e05678fad72434c0cdb7356d597
062452f6cb0ae832aaf441f24b17920aa2747fbd63cbf1d13e5bf5af541a1a64d3b6d2a59b90bf29fa687c1fa037229d34f1896aa0b99c567ded98563ad9fe9ae39df36184cad577b3201e2840eda40f2e59102adc0098c52ea10aad3996479d893032a37a77741b052be0ef8e760ac4635e152f1582fedd
0801b6e3b6af8200a1a6d731d66d98153f1056245186a0ae0af2547825ef03161ac5f483477007bf09ba3f1703232fb7702358fcc1e6db534a6ed9760f57b75fe311af605e3f1a89e01dd83d846c83d93adab22b1ae9a2c3a28a2a239b53d01b8733b7f4555882e8f32eb2d7e897a42873f081025d114974
232488ae7564162016c8f1190ef7ce3bcf125fcf9fbd039681179da565bb28791a481edb9883d1fb75f6cd66ea1668ab3049a04c60a4bf75b84df0cf1603c8c3663208623e8d711e3d739204cfaedd0cbc872079dfed2656e3b3007e8d86268db6c3a4df1a4993c43116b36da7a26ec840d75f9f7d7505f5
201eb278041d5132bd44f4f36a33bd18336796ba2d09634c7a2b255255c2223145ad600e52e041da77e2360c952d9d3e7ab82f3292fb5a3656252e452c24d17e0488c051ac97fdf11c235f3b1d90b487689891e58c9f38be84de3f4e449df3450591148f618dd6ada12571dfcaa97d4370703557029dd6e8
135624a2d931ab22537aa52ec9029014b00eeafa5ce092a39b253065b139144a6bc5a4651d1380987bab565242034db6bb3ebe3cf0e53128b14a3da630b3c49f2a97aa711426575d69b9a93c1fdbb54f965162b436ed2547efff2e64982760651ab1bef99f5f56d8072bc20f9008d8c560336bd8162f79e7
2d29dbe5233654f3c3bd93251cd68b08330e9076d19221df1f8c03a667c13ea6deea81c2f9032db958131b2ca618ecf13e3206a6835b8c92dbbcae18294e03554a7853b3b6505f5501211105551f87271d6fd1eb7c8d529c65941e7ef4f4d9e97dd341ed1db72b982d2bd0a76571ec03e211fc9ccd5d8ada
20614e0ff84aaee213f292e6b4388d15438f6235bffd7355c48029eeba8302db1e47ff90584016a450bdfc92ab070962ebb1fece81eedc50a09616df3e9338a792df25e3800aafd956ee0d21b5c93e1e12d4302db1e826b7f39f227d0a18ef38bda2fd78dabae246b02b0343457c33403073ec09a87d44d7
1d5b77d98703e9f196dd6f8b3b8f8717b182989a1e9312ad39e3e4aa5d1a2c3c6706d5c294332ac3998feede8d3499bedc7e9cdfb24a2399a86747a21d3d36568df67b50df8cc68bdb18fd1ae05e64dfbb7a332d1a69f24b7c5803cb77eb736628a3701e942a6086fc195707f84613bd43bd36d363840d8c
387e49a445b87e105c7811b191d47722438acdb46307f0398f5ec9bc4e7904aa35edebea4dd003c44833108b8b330922911653df607bba927056fad40a18a91c548b0ea0005e47b4ee1a1a03e40e815d61e7c2367578a3ecec800dba7917b028cf22ef6fa123f2e5952fdfe0b12a275582716a8a6b32358e
3c005400397ffea316aa2c31ba2ee5043ffabfdae401106cce6b08b72f342f0015002d4ffed1bf0abe19eef471310ffeafca6101504be21a17c88e0e1e002a003dbffe91f9819f9da323f7221ffd5fdae20111741d47391d352537800a802517fef1a1cf4d5814dcae3887ff57c2208171b7c48386fd3a83
297832456c4d472271373559ccb83a1205bd03c5634801d21d79e4728ea7286b0c30762291f1c15a4ef910fcc11f04614137c8d7b0d303422512fd7406ea864e19601ad0d4d311827dfab12819252cf6d53500f2f8b26cb86bb61b340348a69636a1998a0b7d61efa600ac944a9e484cc242c10b59ac2e0a
18024549f34ef383540579c18b875c385c2f7ad130dd921f58339afc7fbe096a01d9a5da71f192532b2fa1183e209c8ac5a4d8b3139b9b408b5367b60a3c847c4724e1f25c5498134206103dde865d503ee3514534acaf8132321dad165aa4d8bae064070830b377062c1ba4507b88d0c2f07525a8f8d649
0feb68b2d0607412ee1fa77b949f201cede7f69dbf5593375e553f98983e169bf765093b5fe38fe82bacabbbdc2ce79969008f3063d6ec758af055520b5f9298d6901b62df890b462bb6782d0e9a0c2e346403e96fc2a375fc1616475e4345f653838f1e5fa2fda2c80756e410f5a0c9639adeb5ae456aeb
2049bcbbf8c2a7001cf82fa6f3c2352354bab1d95d9263d97a7ed2a54c6532b1e431c317cdd15f5285ff190aa409b7e24cfb43bfc2f1a3e3a0e8f18539ebbc67758ae5a20fe2dfd3573d5c1c64b7a94ca3a5b02b29bc0f1cdd62076bab22fd44af100f2504bdec627113a264d7ac706f8139565955d0ebba
37393668af810023905edb0a28ce790a7a2c68e45c3c7368c1c0d065962413185899235dd0a29619de4331736f16fff1534827bed266178102e3b4fc14f52b2e3e659f33d8d8677271bfee2ce8ab556bea15d2803bfede6b577e2524d71b31619e4077b7d03047f6bf28f815dc9cec1a61972739b4353a25
3ed658c1dad003e1ef8b054ca4bd362b4dd7b237e9add125189847bfd3330501ba8e124c2b5182421abbf30f8b168fc63b38dc9d20061e2c3e5267280c2236be9d82086039e935b48c66b9060684809b94b782823f19e39a79a6033c9e1ca560fc333787f0b5f8870a29e9f5b839d2c270875d4ffa6ff390
29a0ebb8b73858236d01e3ec7046d43edbcfd16a601ca30d21f768f228f511e820c16aa69001949571f04d499e3855f18369b6e2a00ff517f161168d1b43c4b3eba8c331f8f509b1d2e07f33ee77d89342fee3177ede421217222ea2bcaac1e056838590e2d5b0b8c519a6852dfb3229e3de2d1983431c87
00c991de3b6cc4636b5b475253730f18395e7c899ac6127e30bfb19ed85415bb63e6d2be73819dc4aba6c0d46c07ae72f42a9abae2801b0ef70fdeeb315129aaa729e5c253f2d4b93e78071813e8613221f6a307f680e97dc14a25d7d756a111f822055d3b7997eec41dedb65006016752fc17584ed19fec
184117dd97d0bd71646dbda28b018921e17f04b34beb7049729237c83e253e30b42234a66ca2aa73c537c3f58e3a8ace30a5bea663b1603262d3f0472703b28a42e1b0a33e7a3fccbe57c83c8dbcfb5fb8ccc3a142b1dbcbef7e3b4239e171e669137b59433e563a293aec4721bbf468a3fb879a687eb499
0fdbae20a8028d81ad69d0570cea0b34ecd1c3f41ee900952f157d71d8cc38809703944537d18de457c63aa45800001f08de57c73081637aa87bc72a390044b09890801154094f1a02569c3c4b655c317efef30b01b69a912a5507d0ab736f2e64313f7c4620378dd21525345ba6cfa3f209713ac471a708
2ada673cc1467500a95e2ecfe4295c0e31adb4972c86b28f469b231382f6180e4d9961d33d709873331d0e61fa1fb2977cab8efc213a36e41cbd450418375d3eaab1c8f2fc6fdd29342cab35f8c32d06ab7a0037cb8dfba72e3c3582ddcc757ec1f1c821d0aaf2e60a37f64ec7d2989da3900a3a52a54ed5
1d95bc8eacb2c710bf753e5ac5ff4027810f2bdb8d090096b28f3744fe2b328f870d3a48dd83355c01a8c35cd723fa4b416380dd01bf7219651d22cc23a9926e37bd89a343660566acc89f25d787c525f65ad1ea29356375f06635687d8b91b40ba28a6a942f2cf9f529cb712643f7ce40a9e50f4cc3929a
31f526b92cb1e46142440441415c4c31e3c6692823c4224b3e9a2d414d66094991118dcc765316134126f3bc68348af658cd6d7903beb749001814e50b41352f58994eb1c569da94e73c0f3f29f17479246c236208cee032f5273d2bb1f16c3ee1f0abc76f8581820735a732f0b4f833a3ea00e8f0e922ae
06b92c68632eb7d213843944353a8630b38e7d2e3594d253d85af7abc0111942e538a59593b075484b6a36c98f3340d7f9d028e011b459eb78530aee2002ee1390ddbb02c5792a19239119368e2baecf9e46e2ee88771e53739713c17701089e8e619a96293f85754524b0d8a6bf2ddfb1eaf5ecf275b2f3
0e0d7e87acdd57723c8a38de1b99f937aadc69c06df0021542eee9b3a36a3b107a896a085ad0771f752ab86e7901cbdd7312cae680518827c1fc5b4114f8929210809793a8bfaeea2ce53336b416beb5c77a5096fcf4a576a19101ca0c3cf00d0af087d5039c15b2f70299d0923a5aab911e8753066821bd
03c3bc0091dffe93afaf80898156cc03c3c43fd5a00110900aa56815865030f0ef00425ffed3396977f627945c30f0f10fc9100151d6851185fc22ec21e1de0067dffe90460449c9a7b7ea21e1e21fd8400111319dffa2750ac2387877802f9ffef0b31c0f0ca9829438787887c178017228f89a77bfaf01
2f2bb3e53108025225062926d74435349020d8ef93b210233586b8b1c77007cdf9e0abc419236634f1403000f9273070a31b7ac38012e301d3385a1d30690c1d6522404396becc7e6b53420c40b4c0ee3499a272ffd8fba3572516ea0980a25b0a12c2b9bebf0e56c80d312bda121ff752711ac3d14b1a3f
04ae75e0ef9c95532e1a33799c015714df6c2ab27a452378f560954cf3bb34a64d823ca1e0234b3cac13fe0db7202b9c7384c117b14dfd492b524c8225d3b30d068d387082eb3df4ea3b551d10d52351d3fdb3531f4f6c13eb6000f0f28890280a4006547095686c9d3600fca2f531cfb038ef8dd5efee13
276b91091fb1a152d89200ef4a48a1132db029bc8bf9032582c786eeaa382a0ebe533f183283794f8b0f5e183112932b78c8399452145222a759bb34087219c806d19261203699a4fd225f19253890fdf105b00b85207b48ed23363e6f37b707e6017c0a3710a3e4030de2acc4d9e36cb0369188d76c0326
097537c9757dd751c98ff9283ac55c19d727b1067d6bc2fceaad9b581fff02033d7fd00e7c814e2b17c3fdf4590128c94fd7991942dc870ee4afd60f3bf966e0d7164633b196646184ae6708f18731ddf4f2a0f26cf4b63623b23a13a0dfb8455e700a8d9f1539eb0636df1b542b0d07218c55432654a170
014fb98395a5b5e3e037ec238b78fb0f5e2ed5a6c00120bba86fbd6098193d8580d0819ea300ccea5adc75fdcf0142c232abb5f5823475c891bcde442a594abbb90b38e08cd9b2498227b910a52d0412f526731bfed691d6d79f3c9821ef8b52cff02a583cd64f33031281ca22deb67fc378fcce2e36371e
2e321384e4a4bc730e0d8d25fb44111c16478a50a6be526e96780364f4a5305c7e34e49792806478d1d2e6b63839740cbe7965f0b37add61d057ab0a1d5a2f193af2e842e3f3ef1047c5b231dcd51cff2b6600b36677feb008472c99cb289a666c7079d803ef90f5860c50964392bef142b82c1722538409
3743b9602e2f3b138e6aba0d1e4f103c7e5f243733d3119a6c6f658c32b71f74c70eedc700b16258f85da46ffe3d2fe42c28ff3891040a9574d95f7c2ce618c29808b7c004d0e7b79ed11613ea8cc37119e3528fb1a53bdee276368f156b66efa51096d79d6f7a49cf119b66d5e13bc4407bdab2ce904f2f
190ac37434bd0d00173cabab541dba2597a8180a94aaf2072d8d186a265a3f4730ef457f43c20ff5aed54d17f7072fe22daa0b9ff2a747002363a5bf1daab3167b16f31003867914aba15d1b31020675ab07735c8f8d158aa19f1b447881ccfea4b1597907349fa1f43850fd0f6636eba23ff8dd89bcb060
3b3e4f6b85f64c70ffd10b19bd24141f188552cb0e26f354b04e637086fe0f8b0a38dfce1dd206b15810374a7332c2b79f5fcb0e20ded69a2d94745a124cc4c4d886e0c2a317d06c7b3596103cc28e2e662cf23e8cf7f5e63d5112a65b5818866e63dcab08318f11b7092ad8ea90d0de13b3aa0dcf9c5ec5
1734e360796713035e1d280c1f82402c1a9cf373082620b3ffd6a8d9336403b32f25925b8fa3a2a62682f35f261c19328c60e1b943e263b99bfe7c1705ad5c31e3ef7d604425ffe090517500669f2f77f5da90b9001314a860d229aba512827632218242176bea8d402c84346b1104174197d6b256783306
03e9c655f8d6f6b177e9bb4cd210af3a8f7c720836e1c2d00195d99fd33508d1e69a64f08cf2ca4eef9c9c6346344953691b7ad592a82085b20e786a10ad08c57859f0817f2f65c35d0e6e2ffa7b57b7121800900e4165d791672482f83887ba8f82aaa2cc9eb3bc2b3d575637b0903f41d2353b14ea0054
2b99cfb60b0ae300fc6e5e86839c9802aa1b1e7b252fe0ee5a60e1c8fbe009a0e892b2bdc29161c6a3acbe69c83795223f221e82f3b2de92833954a93ad2ef681b161a701bf5eb0d76d9a6353769824804a072cfcb30ae0e5245095b5b91355c214006ae823a6816f70aa663dd4dd55e904f99f4c44f9f39
395736edabac1801cecf68f4d8ebdb0ab92b00cb3d2e83ca31094bcd1b3d35406ff5f5b48872db7c8161a5cd651104de977d33d170c42c61b540291a396d071c493f30e09af786b953638511b54439b1d5bb13f32409182708871ad4b3f47b1231339c92c60ffe06100fd7801818c4876379cadaef60b8a9
30f155fd1bbb2f00f431da013283690325e728f5cae7b13b3f44c7bf27d637c4f248ed149961a181bf8496195c0dd67762cbea1d92deefb8d153443e3033f75393c3b330f5f23e9498c7d50ecc74b76811682270cdced7105cf02a1656defc871041f2eaa48fa5a93f02f36d79f3ac9f7325f58151de8bf9
3e2cefbbb76300f11252fa01d433872a29f014f5b218325b88f5175a608901cf365bb7301ad06ca4a4f466e206360f2e4d3b2f1b00b1b09df7a71789379e42391e7909222be0013c33e833328c9d6f49167381093ffe4f384c740d653d6446155fb053e3b54f9ed835066b9f174464668395b15685a471a3
07c3c3c3d8e05310e8229ce38ed6850383c3c3a33ffb8046852f6358c81431f0f0f10be01412e5eb42725adfb100e0f0f0bf8fffc011a14bd8d6320523e1e1e1fae02911cbd684e4f7bf6101c1e1e1c11ffe80234297b1ac640a38f878789460099372f5a1390c6fd9007078783ec800e208d0a5ec4a1903
000000000000000000000000000000000000000000000000000000000000000000000000000000000000000000000000000000000000000000000000000000000000000000000000000000000000000000000000000000000000000000000000000000000000000000000000000000000000000000000000
2a24666fd224cdf1329f718e142ad127a9c0f49d1b1941b7306b24b21b5503d38a3c8eceefb21541e03f358a2608b036c33042b3037c764a8ee26d182c9d585202e39020b18d2d687d3bc70f13bdd7cffd6fa0e0f75ecf8438eb3909ab33d5e47a707ba433732e47761de75af2cbb04b40417cd1e4fe0252
0926fced5564cdc138a688c2ad065913583c516af112c0c2d5402de2cb553d66e9e87999baf3ca6dc55f5fdc8d28b9e0b836febd83253c61838450251c071207a2d6b8a100ba2f9ae75e6f23270a2faa2a5e13934d738a59a4213c4ef75f3ff5be82cbc5bac43d50eb333cefe0b1679ec055e1c8e9ca04cd
07c80b9565560d81d80f80e289d96c171f71587b5487820fac5513438a813cacc86e7ea56eb1617a5c33ea8992165aae73f241fb1294eedd09f51d23154878f9c5e68d338c2153fbdcc62e02ddbaafcba74542cacb76d7e1f1503aa53c324c131752a26ade0a96d19f09b96deea47e25b1df012005cdf87e
03d3c4b19dd2a803afd6ceb33366d70a39a78f669475123154fd40e153853b47d1a8771a4b43eec7883b36815e18d1ab0ad95450b1ae8a5985d781943cbe385218cfe5425994a6fab299113357362997eac7a2530db07cb3265222d3507910c713b2feaa2a07480026264882c875f1cd82f7bc55f9a37287
01968f2794fc64b208d433f66ebb7336c3746f7b35fbf35b8fa2275c297e07d40ae1540e5222ab090183da34f71efd931130adc8f2b98971734c68181c0563afb317369099220b21d7c736164956c079348512bfb332d7d6642c381dd3c37381f7d0627e2efd76e7a912ff663c665b687180d3f03a98f1bc
27071a7b068684134c54f67e48d2160718cded3067e5a044b4e59ec97898297c1445d85667001d09eef906871f035cf108dcaccba345b81c759afd231dea21c9a1ad213073a1888166e1153a36312f86c9dcf33ca1d9a4800f170879b5a176b79622afad30204b4aed2ad8712e8e6b23b293165a1e1b1289
1f27288c59b677f241993dcc8273a73ae5324c7e610d40926178506c584e1eeaada1a92b5371f55774cfd12c98129f8eea94c7c9b06ae34caf8efce60bd5e65fa6442a81dcbb95f790e2d91aae26d00404bf6060ddf0931801713df1f992ed9835032c2524a511e208269003e4d9972e217d3e3ff4455982
058f17126dc1d5f2aca4e1b9b40fef3d2828efa88d0de3cadb070b92f2ac3b330500288944b3f52b4baf1a224a2498b61397ad93f222a7a30244d3d3202bd43528c8d84331167a763fc11f0e7d8bb5ace67110db69b038913f580287ea0f668807b35014225d8256f935229786d484e870e134096c333123
26f9681b1089a9810b079e9b7d0be3003abc550b0f86a1bbdf164e1afcba0c52b72e81c95792ff85b04637029236527de54677cec2fdbf612d3f690412e42e02fc032d6010727550d50f0c28ea54dfd0c5f6f39eab47088b125d33db419a0fa695f305c66dcb8766c50c8ecbc27ab61ba3e12f6dd7499f3b
1a4c5704d04e5d31af7c6d0fa165ec3bde7bf483893a632fe23dc0cceaa00e5ef4c736cce8a0ac8236d5c3e516325a4aa454c3a332a6421f1c6da36408393168db12acf08ee26a9fb9bc9f3fea544e93e1a051da6daabb12b01035727695de601f413f704553f000dc3dce75adfa5c15c382ea5ea64cd125
1ed4d7e904195ea3817f7c7d3b76fc260fac3bb89f9e03fc462a04543be32b9f1dc06fc79741129caed693387b25408f2f712d6c43268393d18326903b638be9453eae13628571f4e3a46c219376751804f7b37cc76f522ce9361e9e7dff07bc793055147ddb657ec938656cfafdbcabe146318a0fb11687
01d85eebc8e58d513698a7d43337cb32f8f97a221f0ee2aab454b4f4855720c2c34b2bcb77b244a2c108cbe4540a9049bdc5fbfeb09bac4f86ef07dd08b2bd385479fbf1fbd173ff79904b3daec8eb7aa43073f34eda3a7a933821e27779610fdce111413e221441ea248ffca73a67a9f3fd8d0006e5a6d7
0e1ccfc6babd9d70a180d45abc3ee618ed36a91d2c36707693faae8b5e9c2cbcf2ad459dc1d22f4d2078a153b716e0501cafaefa41a8b218428514db2665ff16473f141077012560115e8f2ce4cd3df2f631602c9005c848765e12961ea3a68f20e251228325a9d27430ffc264b471e670a27cfa048c3403
3b4e1d352b5aed90b34a8df1b9eb531c09b6978fe372830642281ab30b5f1e5d71e956f5cd40372d2edd13bd35215443fffe0a75626ea3b491236ab0231ed6024869aaf3e2afd2dc4e0e1b2daf7348283ec59112f58b1172aed3285d6edb1eb3ec629765c0e75a99a002258b14f242da60b2eb5d830b2b15
07bfc7c3c3c3bc00a7388ced4dcc6a1f840383a2c3c50015a76fb4e4a94401eff1f109b0eea0eed805464f9b6407e100e0cff0f203e1faf67c3a96a203dfe3e1f261ddc22c4d87d33901110fc201c1c0e1e3014889c98f33f22d00f7f8f895587712501d43ffb9e88e03f08070577879832eb38cf2dee8dc
000000000000000000000000000000000000000000000000000000000000000000000000000000000000000000000000000000000000000000000000000000000000000000000000000000000000000000000000000000000000000000000000000000000000000000000000000000000000000000000000
2e8be734c6665b43855d06d9fea124337f81174df49201d8d1f728476a2211603e12063bd9b11e63c5346d06ad2523ed2e691eb2321dc36bd4129de93b5925138fe119b3b37890d336642d005933d3b475889345d47394b3f16b04d8b3b5dec0e9f078e04ea7b3e3b93f00dc27b8dd1bb3f311cf4d7fd7c3
117418cb3579a4d0f00396017bbfbf31477fdad4e89013617c22da8af60c154ee1c1fe636853a7ac2e3b30214b30ba31669cfb3e7170a277b1a70a3d2c9d312880dc585365f3623b6fc55b2d4ca28052153ea378aef9870d07aa30ea9c79228b31b258938d00decf442a48298b5d2904a3234ba8f1d70b87
0e86a068c676a0c3d289e8d03e378e285438eccffad5406d0ae906787e40015fd9e4f423a1c319f503b684ef13334027b7b353f700062c29c8d7ed7735d11767279fa9a139c0365ecd28ce29116126e22b6de353c180867bc7f82af6a5fc94d55fe3429855d49bd343052911fc811536a26e62ab37320016
08ce6a2b10d68dd1887946c44bcbfd3acf23d8f239fdf320815847a98150149f0331905e91d183367ad5a3237e1213ab5121d6fb437882b0750f70602254e1727bbf065124296ac0cc1169014528408c5d31c0260fc461f33d071ff497bf63ac78e2b1fcec32d73b5e19b27232a5d2df30513f456f4ce22c
0e82e06cca7aa4c1b01ba18aadcbdf0c7b9976b9f51b80ffeada5bef36b83aca000a8ea5a3b22b885fce2c3e2214dde956523f51b0d1c0c34e695529352908353ad55e3179f8bcf94e5eb40dc24419e003b0e0f3a58207031896336a0a2d5edf66c2b75763c51ce4c51bdc1a7f3509a823343b1f8ac1162c
2bb2dbc57fcddb71733ef58d84edbf2635b3c77b3395438b4a6e12f0f752028ba168b15b8ce154dee209041eac1252b72eb5b7f2627831e5d709f7e003d2c38d6a9be8b2f8c6548ff97fa91581998ef80a0493af060d1d5f4f9c0f57d2a317c571f3541b226c18735a03147b01b93581e3556d8726bc9c8b
1c42027ee2c283c323db7382fa16df210adf33ad30dcc277640480438eb516d5465b64aea7801db03869e216aa0a860e2b8a6309c184d8a5f0b3b43712bca6b600ff9f53eb19a0bac532150a0837fb1d1825318ca50f41c074273f75703dcde01d83159136d6af8bd61fde3909defa3463c57e6ebc617bcd
3d42fca407f785a399dc3684207ae1009fe442ed39aa41ed7b649779d1b220a33937596347a0d32dcc9cd6d0531a9dd91b9172b7e1bc442e719456db0c2371f5c2f68dd285e734b43d9d3103c878db8c6223f0519afa42c7db252dd9bb6189685613df6cb6ec68fc961716c73687f5e343bdaa97b4c3d08b
1d5cca91301476f330b09891e07b861c0a640dd5670d130887d41dd6745a3fcfd0feaec74e12927142d753440a2f221535eb6a48a36e9e9bb3f55f1d3fe321e6264619d3aed3790a83ac1301cfed8be2001a509f81496f3bdd7a2eabd0f27f24e31143f2c4778f0a2c26bc6f6a25e571e175cc6c8b721180
34b20e23c2c74bf33dbe91404483d72fd029a42aba6ed129bd458b8ed0a50084c2ca5f8ce4116218a7c64a070a010cfa2aac7f3631177d784535ba2a1c839369d21866b0b8ee869b258d683020e95322bbf1e15a7aa27346471d3bd9cb4b57c31e800feacf6d60acb11ee68cf5951de7b058422ea327a95f
37950d5d9febf3538860f857e56b650f45e368530e5b00cb88b1968143a9195fc043fb3131d0bd1576d339f10820b6058fae57033125783e4cf3170a18f760751ee9ef1055b9a448dbee473f45172212dd5db06a921f018b8390064cdf1d39fdae32d2067ddb85008307e6865799aba4f388434d7601d6ac
355c475cbe11f7d0be04018cc32f0916b919481161afa276bbe97734ac1c1ca2e02e4ed0543338aa529cb6cf101010e6a4ba905d315ba1c0654c39103c10758a6dc0c793bf7e6447b04dfd3146720bf8b7a21126dc4c1f181a9b25f77bbbbce7df9351b519942986061fcf5bfd5c3cab7334c8cd735240c8
34d48f8ad24dcb30143deff533d5a8268c95c61a0ee8010b2f7d277454361e2dd4844032c091c4aa6d99adcdab20017a4e6ea6e7f0e8e461f779551d170bb103c840bd43a681bb3b7bb32e0b91dc0112d3905141d0d2880ddd192ed8b142cfa10f621a533d7fba07901fb4eb41a7cadbe365a1ea3586325c
0db873a09efbbc916e85a103bf7fcd2cc113121d8ff8c2111dadc7253acd1c9f05154039ef8303e17657e1334d3e94864c7fb65193d6c606dd372efb3206317e72a0f6e160cdf9f662645c30e3a0cf5d664353d791d1a4d73241388e7033aa33e043620bf72c8fcf15307e799162fac192157044e617682a
3ffe07bfe4a3c29030f199d119834800001f83e283c5039d0bdee66e2dd73fff81f00ed0ef92d146487f21891c000007e0dfe0f201c3d41248ce77c63fff03e000c1e091f12a0e451edc8000000fc1e0c1e3010c3c012819b4763fffc0f815d877134154659c22df6a000003f05f7079821fa01ad928d96e
000000000000000000000000000000000000000000000000000000000000000000000000000000000000000000000000000000000000000000000000000000000000000000000000000000000000000000000000000000000000000000000000000000000000000000000000000000000000000000000000
260769d788384f016f0043d792a8321bb93da2dd11a992eb99d7b2bbda9b3aa7bcfd669b46e1575ab377ca57141f619dd0ff05f8724def5acc32eeea0adb66b6b44b4e5149567d1b5067fa0937541ffaeb4980c83184c69d7b7f1169bd15933daca2782fbca9dd43421a62672b58c3273245835ce80d3d1e
2a4932929349637356785fa6f6d14704d905dac5727bf3b43f573f24649039b9d95f103f23100a107b5fee98a20a47ca769179c2c0943f7b863f6f2829061d2141b3308086d531894376e23287ad8666e6ba404afe8a0042130d18a6152d9cb76b22a4962cf5664a20359ad09ea69b2870511f7bc5711933
1f14f9a23b9f256025f4915a9f40a91024e9f517a2e5a29e7bfadc8dc53520f8f15cede05c030db43d68d561ff0f270ee22f653822588ec6486c8c802532661f8b9da5d02a880bf7d0e3b332bf3f04c7afe2815adb7e0a2dfb0e152029b1c9189280d7799a790cedb209fee1de0df2fd427ae851316de3d5
3eb51084a96a3d40599c738e79ae9938bd5cf5d0bac1e25ea9af87cb10eb32aabba8d43b5f1318062ec712d0911e817b3a348ee9219cee3a8a14034314c9408dc0d1ba01e221dce2e55d3f38d63eb1b9cce3a13b61162e47a978285e35988df9b741be46469d0fb7e01f725600c8917fc306616048582f2a
092c77ca3b72d282c9ab934fc5aa4c00790c5b2fb02a9133611d98bc24bc01350489a010c0c2d9324b34b41b380cf6a1f06216ed200be10f1504df2316cd0cb6da9759523f27a467d1cb522dab9df3d80d9e12ff90afcb42e7d20179bb600cc357a28a1e5471a0c36709eb00c9f17a1e92722cbd9e8863e9
19352d6bbb8af8c13fd0649f27550033a8549cfc7e9350271d7a27dd0df30b91ccc8081c52d3ec855bb9fa01353ad30478274805f0dd6dfc79e6e1c40468a6c828668181132350593c56f0377804b9a4bc2f81f86d547c2b79de3ffc21c245e9e8d1c3644752b9aea410bd430e44c6b9617db94d19d75614
1f1dd7aeb4ccfca0ce48a869c7b7a106c53882b2beb450a387ac350c6a660b969e4780a3b6b2732020c7a6b2d314fa4d385487e0c3ff8efa9b82d6c129fbf63539dc4a70ace2ae714bd7663ae4c495cb06bfe31ec472d80e615f02b0e830db23c8f0f06f7b749b56e3204e4472f4114d614393691b456c5a
2232813c3495aaa255243796d1979338c7e30f79c182410ef98609ecf65229d537f70e7d81434d9d7f7253f6ea0f5e664aec58705028a8bffd5d07d426e523a2e830bde1b764fb4b3f69171e0a7359763e7fc1d5fc2eb471315730a50459d7b0abe168d9be822609e32e36cfb71eaac941d509274aabeba1
36e73f522fb64ba1ca518b60e500bf3dccf155be844e4012acb42a37b3d90b475a66545c691346ff0a6d8204573b09d8f1272bc1739c13a378e02ea40f174214f5facf203a7ad423f7d79a0c9b8d5034ccde50659f56ca7286ed0c651049c33509120817e1fd35bf30388afb59a32970c103cf7b097a96bc
157ea8e2cbcb2e83a0d35b478e07330b4adff4e9525500f1e5f2e17a593318865c01906860234a8e60471ecb29255f81769764760246dc06630bc74f1b56bad72fcc5bc354814479fd28ca37741776c293f2f03efcd9fa9f344f3e3333d7c4cc3431b7b35c842e3675345dd715089f4372ca3f91e5e134d6
3c2401e14e2db791af612c086336101280d8bff2edac708f4cc093a8b56e0ae99ab3f1350e23ac3556803149fe3e2ab31f7cb4d2803cde2f937c8d661c86e5a3dc5a0eb052d70dc3e83800073c12cacc4c2ca06e45a5de3632fb0861d1ab21ad7c70fd2bc63f6b8c1e2106b22906d32c1008259b5675a913
0088403f275900c217aa9dfb4bdabe1751ff9f4f0ffae084bb6e7dddbf982133cdf6b2be4b2216b4bbf96e2bda19110892bce0cba132bb95842ff875114fd711f0ee258287cb6ee19ab00204b5925d32ccd37081dbfb33ab69702a169744178114110906a4c2a6bc8502053f4e0d6056710a233b6cc2e520
17a9055e63adf4c1366d0184bc5faa260b2fbec0f80e92ec45ecace6386632d4e32feeb6bfc36462b23cbf035913229b73f894d2f3124c7003e8346213617cd4c86a15f02ac9edf3b22d052b551e1037d759327e80ecf3b8c8a30597b027713a6f62888a4db66ea9182fd0facb826f67a210123d28d49a0c
0f02c13f9d6ef703879af169d07fcd279383743789d4b0bfa5b33a8a75d71d7f4016a7a0d451a66b395edd442903ab0ac754bd15c23c143b0b5ddb8204434fdce698a550e0ce1345391fab00c5642dad52abd1977da5b03d3dcd0c8fa0c327381c126200ff474a53d90abcce35eb9649d24bf70e9294e3c3
3ffffffe249fc6903344299de37c70000000001b6404123d4dae3debb9383fffffff8e4ff0d0845d549e8cc8bd2fffffffeb0101706be4861ebe5a9e3fffffff20bfe292dbec0319ee20ae1ffffffffb2202525c5ce8d3b77a273fffffffc517f7f15895fd60bb1cc537ffffffe2f0810173a854c420cada
000000000000000000000000000000000000000000000000000000000000000000000000000000000000000000000000000000000000000000000000000000000000000000000000000000000000000000000000000000000000000000000000000000000000000000000000000000000000000000000000
03f2ba4da547bf71681aa7457b82ff3d3c40d20c41b913494e0f24c397b403ae0d5c66d22bb14f5cc909bb673220cdf053875a4412adc9ce27cf45471d29775c9dcc91c30d640f2ba2ef0a0b4040f9a2e3dd13eead3da1c6dfd8215469a449e493f15307493a34df872386cfc66611e0d3fc18ee303317f7
08825814fac2c61005c85394bdc42c196eb99d798b1db37bf9b826248073375ed57832ab48217bb76dcf475bc53c151d4f770e45706c1e43992d51711e5fde8f09f6532069ac8746d711cd0d28d05f7bf953436d19713d9c96db20c119d00b706ee3728598941c23d61bc5fed602b93de107a92f9ca5582d
3641c793e05ab2238f9494972845be193a5aa0ee4687222996e124d3c6d01fcfc3239fbcac21d8ed231912cd3d1d993e0ac54cc2b11d96d3a120e32c2fe7b3f481ca5911f2c47cdbfeb6913069cf9054f6c6b347fb61acbaf899227eefb5f66329132b0a0b73d643ef1a147f8e4abe38f384e1281706ece7
2fd4c0e7aced94c1d0dc1573e8769e0649585b69164333b650b7e3c4118b1c4f7f539dca8ad28cf8d760d84bd820d81e0c5645a4432aa79bdb1853443fd495bf7fe6fb2349f22b854382f336f101413ab6e690dabbbb9ada8e010afe90bf6fde0703bc042750ce12d71edced48aca3a281ad7406f54040fd
1cebb64b4fa12b22c83ac9b51e99990fe759370fde4380c195dbc3b169461b561566ef8fc1b110383ec4ff8da709353babfbb696410684ec9c41f8d1056071b7bc3ee2a2c4e7f843634b02273ab59513486d923feed343dc5de123b7fd354891b8715ad3709ab2ded8084b6f8dfe92cd417c332a7162827b
0103dfed3cc5744120493bf1b6d6a4166b30c30741ae32faaab1f5e76e593767c85d67cd98b14cd2ca54492b3b2a1f35ace378e482f99e83a44b022b1ae7d2b26c6e82a005d0f63310bb9003328eeee3c1c8d3c8494e7fcd40901f334c0ee967e74101a92052e73cad3319786d809865733b1219d7618895
00ab4d0aba85f233b4e0d52e0959fc23563b46bfc5ed90f363110b62435a2f9a01cf2663f21218f73af1f6e51f3465151b90c55f3122bf6585c7008836b9e29ab2e1f6921b1104720549dc0786e0e2fa2fdf208fd4b841c9519135a92a24e2aae18333c33cf1205cfb152fd13b47ffeeb3f2a4423ebdc410
0bf457efdc464080e679dbc58f7ab436ec9a988664a931fa46ac84e8232039ec5f5b208701202b7c42076188162523f0de66b50d916194c6c681886c300e57617cde388320da5213d673b7384f8970a2880082fd02757ca2bcbc036743efc76ea2524576adfd50f090244c0df47d6d72d08761991700628e
2f31c0d4010f2b81b26bb64034d68928a2d05302a3ca027f2a9fc240ae42224a53d2583e15d18eef92579863b8356476343e0b5f2259db9615cf2d432160d484bab3a942d2dc0f9085f8c00d83db49e68d32a393250bb23fd775290584862e0deae2365358d1c2d03b3ff514ea63e24852915c7192569477
20660f2666b643101fd2ca4fbe2bf238031146475ae112f1f210cff93d2822ac2ac71b2eb021dc7c76fbf6e48e325e21d4246e593189065cc2f452f2002e184d7469ab2138c8704b404ddc18dbd7b72f67369345e986a46ba39a10838fa5070a2f637c3dba93ca450b3c25a791fc3fe480f72fe3ecfa0504
0981316874f9f66247bc17faf783a62737b616972e3af237ab2e2f8390bd3a51d3f26172f1736f4f7de061ac940f118a54cb677a1394efe78f3f3c4d08497174fb23bb615af78b36ccd60800363fab72962d80a7a2bff5c7bee62238d60c3cfa1262080d4c7dbc1a5b1fd19a31b8ccdcc3d5b882a0d87515
2418739d694280e385b32b46873ef0201c1429f5f1cf11615a66320c4c9e1209ee20aee93b70aa9d94a519f2f408d73bc6c517f10348f7309ef096ef1bc63c23e32865a220b8d65bdc5b70091261bc338441f3dbbde93551fbd11a17df52b8fb11b0d585f1399b4a7005eaff05f9780d032eedaee88a55ad
0ad7e553bf404931af174205da51c5036c87b483849253fc0cf6b71c55150318d8d7523ee4a08e4778ffc4f57e1d5cdaf85c1b88d3a2c9d97e914cc91024a9edeba9c9208a0786a3f0f34106b1776d1264eaa2bb37c87560b1d209f24d417029dc6319aa978bef1c9d2f444b3854774600568edbc6153013
1d412591d24583e23880743c4045f20b7add47e00c50a097253f47808ccf25b2cc6be2987d42676262cdb0c81d2c26d6d036bed5222ba6d54c8fedcb1ca60f4c37ce54717ff23cf860637635b4d7cd58517c328b57e8f96aab59152736ca5c9b7721ebda3467e716b42ceb7c7ccdaacfc14aa340b2d04498
23e400001cde0691a9c5316b4931c801c1bffffbe02010617fcd42e7596e38f900000c5f80d1ec4535312e4b8930706fffeb600851a0d3a91984ecbb31f200001cdf029080c533ef4d42f320e0dfffdae010916e75f856354a423c7c8000041fbff1b86c88e3b4883a383837fff3a00433ba02817b0bbdf8
000000000000000000000000000000000000000000000000000000000000000000000000000000000000000000000000000000000000000000000000000000000000000000000000000000000000000000000000000000000000000000000000000000000000000000000000000000000000000000000000
1d651659af3b9003d840c6fb0d6cbd3b1c79a63b88f4d3ed7613072710e93ecc28bcea4dd011e733d809eb785d2a09f726e0ce98403d635e08be903e21af8e091135e5b1bc0b046375fa9e2e02c4d6da438792e8695d65ef320c12155001c378e37134719a603d6b5427e3957d7b50ab2262f26ad41f18e6
37a4d49c343c1780b91e0ed47f14b8147dd5a7b2eedc01c197fb246fcc5e1ca7afe98ebc84a35e7e1514fe27bd27527461426a54a0d4944de2e09ee5220873e66de642a2828c7d51de5deb3167ef6abcab1113fbdba1f68f590c1f6c60d2073e4df3f2bfdaa222ead737020c4270fc0f22c4ea160748c3af
2f2a7c337f326ce13aa078df9603fe279afbb6f9396a0289436a2a415c250457312f532fb5d0ddb8cd33157bb61af59678de1a84225248f399b8f02a00b26688ca649960f099fc976b3b161129bab1ce152900da8dab887b0b1a1a34dc18c3caead35c82ff1276ed8f17c8312855e55d63e8b5370701c08a
1b5b10bff7d41713e1c5b69333e6fb2217388f4ed9c7f03f69b3dbef981901225286dd052fc0c3b78cffd4e45c00a41b560eb31bc0345cc270478b2028b4f834987ff5918be2dcda96596c1681965f0d9b7e704465d960f1d4011419a87dc96ed8d214c789f9e23e511f26b92197283f63740bc172269aaf
1f3bdd991e20cd2298de6cb8380cf12fb393d21b9ef3d27fe817488f104005035e4120986b817bda5a7d883e1e3a19bb272e9fa4b3db626ceed7c7641a21a38beba74cd3825ae08535362b363a0c62ccbb4210d12f97079abcdf1c8bae3133f2e0c0ed6d48b8770e233143bdbc29a296b0ed100f54e779c5
172e8f3786d1cc51b2f222377c9815216947d494141802a2ea7bfbbfc28c2839371ea01323d3e9914ef694c9213d29de465d1aec91372ed1b2b4558b209a2beec35881f33ac24b707766b015bf477d6dd0a5e38fa3fbf44f01db34f0ede45f1a74428c9fd37e07e4c10b2ff93e4f64b7d0c83045ee9554e4
352c294ea3ff8a10fa609abc9c0d9e3a8feb43f5192912426c1540d2692c1e91827ff80a9f4117edbfc183038e17af155147472d9080c1873d45c58a1f38ba031ff560d30261c7bba4135a078c03aedfe3a780440f21a5ac43742ba56b8dd5cfa8c02928edafa9ca833a2d805b4e3916e3641edf67859430
19deaae2784e592037f1b1c364e6e2112b8e0367c7bf7270e28879c287fd25c13717a787d681f1b04c94f057093b1c0e0b3077e5424b1494f0dc3f6f318671e3f4eefb83a1d061ebe16b071a2544b423b717b2c4ffc7024aefb224c58d9b4b6079a3308763e86d38c017bf772b5ecca66115056e78565e30
04b42b6c6c980623916396d4fdffb23b8ccc01316fd011e49177dd26798e1eb2f929d4b7edc36d2113631f5a502f16107d057b4ea3e768ac94a680401cbb418ab7b8f4539146acf851338f048e5c086b4dec411236b12376c9ea141fad05a5184031a5feb682b823171dca2c27a8da4ae1496b8a93d5910d
353685161de5b991a42f0545a247c538b39fda796bae4055d85aff023935335dbcdbf3288cd3f914a83f3aa49427ba6ee355ba609228803bf8140f051767f0e377dd2d927c1370734c42580c66d5ab932fe4e36877908414811b1758e9c0c009d972230758efe5c8b908f938c50eaeaa73d6237dfb010ee9
28e946e74c955b91f3523aedb9e1e41c8c4a5a92489b825e416271196b1c1e06708c1041ed10ef7169fee3de7a21932325282282c2337441ecc0dc0425ffa38f8d8168420619010e3faad724e763cb0a683551d056d482be0fbe13c78f0672095520cbccda9ac641d52306e6e7b06842c30ed6178dcd7ae7
13712bf62fee9f73561d3a474b451604856671e1ee2832e4003023e353ef0d072d3008ee4dc2a2c2c01a537c0b3b614a829a5d921164404fa121ead82f80407e329991822dc694c8eebef5020190374ffe50d235be7309cf2ddd3f3ae25ccad9bcf379e20b2648e72323454abb7b597603a6024dbf26c2d5
02f48435fc3c6d82585ecca505fea50c9dc44bf7858330a074d1b36b56ab2e60a40ee9c8da23e1516a90b720f517f07deb54e980f194cb5cd5bbfc2325d6b45230e85f2390145503fff49423d05d56d41e46b1bd8151f9ee9c092d5d624f052092216005ddc9ffd9a006beb326d8467ae0ca62def11f045b
23b0e4b63fb6bf92461ec16cd2a15d034cb4d9b199ac71fd5823c35e9f0c32721a24d9b49fb3b9711b8264889d3f0d804f56b1dc509d05696fa2be591e600c629b3b9430e62cdbb37565392002ffed5ce546e02744feaae7f5cc35aa9e6e823ccd93fc2470c8a39eae2eb8116a950c7603e5298519fb2cce
3f43e3e420ffff0249e28d327239321c0bc1c1b7c000a311601b6bc762ae0fd0f8f918bfff2134139fe6dc22e62702f0706be0009022bd0a40b244121fa1f1f2317ffec03b5899aaced4ff0e05e0e0dbe000927248baa44df8f107e87c7c8c5fff53b0712304c1c9da3381783833e00090faf7320ec369a3
000000000000000000000000000000000000000000000000000000000000000000000000000000000000000000000000000000000000000000000000000000000000000000000000000000000000000000000000000000000000000000000000000000000000000000000000000000000000000000000000
209fcc6ab28e2f507bc52d14b99b8e3e2288cc297cac002ece5fe43b2c520da2f286fe871e434dda8053cbf17c262ddb5933d76a53c16b2a72201f1a33035f318f4dc0021bb3e9a3b8533a0183f6bec3756fb08833498be1b39f36af79c8d6dfa0c3de01ecd1b37c7f2fa51380e36703f208d54ea9ab61a9
219fac4ab28e2f503aff442411b36c2ce5fe43e0251f506095e18beb461c38702bd2c9d7a0d23d4f775145b5da32260b2e0f366350f8c3de86e7a3f43646d6b898cf4eb2f52bff0d09e9e23553aa73396a1f808ea938015d6f62013ba5181d5808b1b7e53c4287b7bc1d1b59624ed9a912b9ffffc425c462
2407a7328c4717914e3d1035f791e322a73e773e1359c1f1f1d5dc77c89a08dad080f53a06f26b4de29a9b479706888460c3daf511e6f57b10da709110347b8ca3f86aa171ee006d31680c2c4a6891eacbeba3c93914d9c171331bd38dfe9d9c2192179a880c06ef263331a89238669922269f438fcab01c
2d93d01da4023d3344aea5baa85c0c0324c7529688b7c3894110ef9a47b501d2f766ddfbfe625a848a2fbc85621812b1ef8b5f88b140eac53853161935036568e69b9c22107a148ddcceef22117ff0034ceac21ccfefee1f4a8922704b7f1b7bff1128f2ebdfa7d4c215ed133d6cb7f741b1f80da474b605
1d292f02e8de4a62bc16cde79495a918099bd596140701ed605641e830323175c07b83b4e7c3247e77cb2056523b62c458d1792433363608876adb00293f1c3fb34bdb03cbdd0ed23d9f453311882146ffe0419e7ebb2f13d02d22d9126b4bafa1e2dfe27c1831310e295af829ac01cb12bfb26d2c8d6bae
159c4557045657c1bbab5866b9666d16d36c2868b97263df97f9b34e89700d81d2c61894d59325eb7f4abe0a430a2c3a287131d563377e276c1f0a3105ee8dad7dcf9c612035972717694b34eb72347098e3338c26046e2f84e600019db774f2d4431ec24996ac5db8200ab73d598726f1af909e415b67c4
36a695ebfb00e0111afb2e234de842231016acccd912f26dbb27cd31ccdd3d36917c32a8ec529c65158107db4a0253eaaeb22fbaf3be4d4630c4b13024228ef9b86b578379ffe6e6a1ff9a27c3855dc08b91a260a14dcb7bae6012d926ab28f8e1c0c09529f4e3398a373fb1172d7e0e1184c581756d9e98
2a3346814985897164cf143f989c8502e0ce51994ff5011b1f27e1b07c1b0fc812e01d84f4f18661fb79d741a50180e4c4108f7180e4a20c91c4ce59069e6a1fa26de6e15b3f3973ce66842e80b8aa7f19b7816430cde5c1299a395a8db09fffe0e1f8fa9f943a38d8216f5511b88dd833148d62dcb513a4
2a3714b4f409c241f7275232dc570c2b14b1371d43fc506dffa486a2466e0e641908b2c846009283b66fc05f232b85c4b4c54d1933d6db0827b23387380f031869997153acc104aa67a60c354c84e964167423a20488c37e6fff0353b831b6ffd133bdc3f3f727562d1f29b758f041e970cbd171957590ce
011af2a57dbeae117a2cb3e2f36f230e3cb07aff02a71392416bcbef403131eacfd5b081ba415c618469e454f10928b5d23c45dde18852e5cfe4f2663fdc3a38600c97e3d758784c3e64b1261a177d385a0db3163af2b04ae25c08d496eefe8f2932ac0b7a4f5d39ac1e177970f7e562c30c023277497ebc
3c47904332b24ba059fa441b0eb1001530ead1ab788470739a5d4bb41a0f3daeab63d8fa5e318ee0a9386f19ae0c148ebea5913f801858913e6cfefa34ec64fd848fed52453e67c5a568fd0492dfbd60bf27d264e7f40f2b38240997db8e94c6041288f3044011ecc53e6e0027d04b723182183c4eff9c97
0ee2eaaf12f27b32e28479d3b2243024933bf97b29eb80a77d1cb61b0e2b0fe78c5d6d7db5732abe2f8d381d5f1fa0aa3777d17561c6e42bc66ae65023020d906222b990f983a2a793229437fad0a777dd4df3c8375bd45fc7f30935a161712a69f128f8e0aaee064316438e0b48fd2881b5059d4f89574d
06aa05ed3ab1e250f0436573ec656f38585dc51e1b4d12287fef2f21275d1125f067b7ae042311f0f1b8212fc73c518c8a9c9f02f3c204b37e9847180122d8b6a5a16a10d255001936841d088f60d096b7de70fcb67a03317a6438da2b393d1af910d38769287fd38513ccd9ee341217d2e56a7ca8c0e4ab
35a09f79ecbe8403a98bc41718b799223430ec3c5fc6e0af44382f8347ee34eb5eb26a2eddd1615c175b45bd560d02ffe639846ca0ddb35b3d14274e2ab0138c4aa76cc280ce3da5fa0b850ab16ea33a2b7e33657d3a98c49a3124800cdb0d7b6f53991e95a6879e911b68a1c6c7f65e3130216e31b6f8f4
00063f43e3e3ff82b71d5e706ad46f3fff9c0bbda1c0927eaade5d65728400018fd0f8f8ff81d1363d0cc6c8cc3fffe702ec5070931dd6cec0bb5d8b00031fa1f1f1ff821dd89d8352ccad3fffce05dcc0e0919372d3f50a0f330000c7e87c7c7f83aae50cd15fc6dc3ffff38174183890cca17915404c50
000000000000000000000000000000000000000000000000000000000000000000000000000000000000000000000000000000000000000000000000000000000000000000000000000000000000000000000000000000000000000000000000000000000000000000000000000000000000000000000000
0ee2089edc2137f1078f24e44baa860075f9e131914930db67919c4a72be0b14bbddef601fd2d7fc5c2e95340810c69ef16ed90e0127eca346aa2fe8083d76f01b362c9019306c4fa7a46635b5050bf34fb9e20ddffcb921a528011a7c6b7e2325f1b82271cead0f4e30af9eb41bfb1862d9c45eef4ee1d5
0e310a464fa019a3e92a4930b3889d19e7ca399b714d334fec95a54390463a3c70c0eb89cf62cf4647d8568bfa3aaadd49a1bf6d733ad5b511e324e7070e1b45e4999612bd83e68ec79bf515161ed7c1e56252d98724950074a816faf9f02389c4b03f343f9797b53022e71409f760e8a33801ec99708386
3af16a62ce41eda32a1cbfcdd9d7510cfdcfc5d5dde2b39945e932c60e520dcda07043cf2c122056d133a387f53ec2996978d56c72a326c82036a4f2090bfcdf587bf271f00770e50d85130d5f985bb31fa6b05d6d73f826db243a6502e1e7d7c1627d0e05b0c4206a20c152f0bd81a0a1c23f5c87c30b67
39ba865b511694018a28e062a5a7aa2aec4062e2d4f3124170a7c31360cb3e7dea964d40786025dd5861a4192823d1099d009ca5437c55d62f2ee76b201dbef493185fe3430a7d036a61ed2f5a93f75cd8751116bab510ec43b6207f1e50de907663204a2a803e1ec61275348c39b834929e9efbe36872ec
3e22ecc4443eb7c37f24f98bb5a1f8323f768c716e6623388cdfe6da7c3c192f0e74369e53b3866868215a520924adfe0dd3a5eb603f178bb18ab2770a7a97fccfd46900862b34ae9bb5b93eeccd12aebfef7084d15d1d038fb02661d840dae7a650fcdb406d538e4c182ae7c7daf1bdb30917ec54ab1950
1d71c57854f709f0685a8a73cd3ecf04077c69c51b96422862ddc960add21f8a397668aafbf03b8df2a72358bd39fd3a23122b2fd3d5473568e56e1f116739544055e27342337741253f030c95e9cad7fee9429fac5d5b8b5d811def3ad6e9f974b11b84d00b28d28239601897f9ed6593da61e94bc0b679
2151ee0b27faf3c347714bfc01e5d212145a5b6b2dd83286c3f4ba5e688c356152ae126502e3bcb3c0efd092b61a36b3c35ee8a351c0f9a6fac3d77e03f895efee08fac15b86995b8f98db3a822a44d2d79630fd31e6af95196024143d30a03243b151130d1b94519216db71f9d32986b38d4009cc22663f
227d45ea5122baf2e7961d304dfb1a144b24185182c990eb87f951628839154fa475073286736be2bafbbad98b058be2600e9581b0f93cb9cf0176e9190be3cde390a9527735091d32d15c09946f63a01716d26429944dbcf49f091b0e100ae877a0fa0bae1cfe407634a4773ca7f9e832dd8828b2e185ce
1faf5285669e32a2f25a00d21f748a0231d5e4caa207b239d009cb7ebdc2072bc7dc687bc4d2f5043309169cd429e8ca8b7646f5c0afa7b7023434d900bff5be0171ca930ddcba133582cf22c3538531a70da20cc6b808447f790bb0f0071dcb29925e5fa504212a36183c98acc6162600fc9c42a4b7b91c
0ac3eae8f65b91f3ec5a3e28245fa62909b6ee2e24f9a3c8b4eb2a476d2e0862097569603cd274700ab1002386138857e7b2c9ed008c744c196b93d809b14c737e9d2772e295b5624563382335fd05409bf7f00237accaa433653b8f63f0995ac7b2fc2613776b2175071fb6a14a4bea836d839e831bc992
3e07713c5df3d3b325c607a8476e1f1516ba3f02dcd4f1072a6c806419f3274c64b4016f99b028aaf132086499316d3195d0675d70554ca2e62bac170e834b7721deeb807a9e859006d67209cafced969a9c619b3c310d1ed3050dd205366219b9b1e85ca45ca4d0c63a42708dcc0fd5b372b41546d9775c
237c278981eb3f8359e6e88714b5802a989378f327834302c1885e9a78b13f5f4960a8309d7056000a7f87624a352ad923bc66b7834c4fd141e190dd3fc17c2a956bb651f89a33909e756c3645ab9728b02480ec0764989c0b39313b2b92a42471310491ffa5bca8a5043d2bbb0c2a292212c141fc8b8549
3fdf967a7afa9c0262239bd8615f7c1ea34bf6c83d1f30aa60cc19cba04915635f5f2f307b73208bce0996be7c1aeedfe460ee0372b844c0cc9deecc37df2bc992f3ef807085fd2403acd91d794de76e390b13e948bf7142f0c13730807b3f687b23e2293f551c97b71fb9ced442da16700798454d78e942
0f799fea2daf8f8044fd3e17427cb508f2f275afdfcce0db685d6424a4781a52ff6257b58f50c450cb418d3df01c7926b71322b9b0b066f81f3374ca18c2b1bc489047f0ab5b4771eae8e127509e0df66a9be2834a88409ce4741ef6c21a97491890ffb1f57ed35cfa3bdd5c21ee48a1804d080c41986cef
3f0000065c23e312df9e0d93a3abb6000fffff7b0bc2803c22d36b57050f3fc00001acb0f812db5668d5847e9e0003ffffc602f1033917673dcfec3d3f8000033c81f1103218f5151038500007ffffad05e182722ece7be1d8793fe00000e4c87b902ff522b600a1c40001ffffd2817901c3da724234db43
000000000000000000000000000000000000000000000000000000000000000000000000000000000000000000000000000000000000000000000000000000000000000000000000000000000000000000000000000000000000000000000000000000000000000000000000000000000000000000000000
2cd87a85af2691810c48a9d506da113d16822ff4118712aa3149bd416d0134bea0a7d6b21e13d1d38b615fffa017a736ac7442c0730c425e96a7d4d424a38aea962a5041bd089d131a055a323a790bc73bf393815ab5d671e82f02f36c2683aae022c5ddf7f2ae2d27134fd10207ce61736b2b5cf61a4cbc
327eb6158c0bbed129a6be0243bc572fe75eb20003a4a0f496967e474de923d81c5876cbc7d06019a3b60568de1476aea0e4463803dfaa2aa640ce4f23386c936dfdb2923f3b20e866001e24db8e9e106eedb0da7a579bf5978b05d2fba00f9cf20139fcb154af3c69388414c6bff510c0098f5ffce2bfea
24246eb40512d3f04ea6bcbb1bd41034439a7853583193d611161d11fb9e3e6a9702cb7c6c504bc513301a450f2aae417c966c14b092cbb30d1389ee344459700de572433368cc617dc7a32350b20a6dbe74f02158b78d98d08f19069785ab9204b3d04e20f6cc672e3013385b58a3ceb20aea6106f980f7
0e0f0b817264e5239c12c6bbaba89e20390a49b9a31682f361fd913f19871b638813e087ec70aa30fd1ae3e18d08a3e4651866653139d12cd94bba0319e512dcd705f612334a6efd81f50a20ab78d9ef4b6cd282f47906891bbf24c741f506072e9058632c6911bf372165d7d8f9de72f2e9c992567dd633
37b950df2716c0a2a66ae5c850a9d3374872f3ca8264517680c011bfad8f0f2edeca75fa97c21dba22c1a8657b2146f0a97b9e50a2f84a02479300662595d9a314861823990e67c61906e51af56f50fc481613bac7fca8a9d0ba00276adb970cb1a1a69fc0fc97b42d0945bc797ea17f531dcf87c6ba8d59
21acf509ea6a067041cc9028edce043e67ce3acac6bf227713f5e7ab9ffb38fa31d02ab3d5a18146bda0174ce92f0e840dfc7e82a1e1e1741f2affdf0e33b74f71873f90c5bf64763246302e350002a12a7380c7684e16e2288410142b2500655683a7475f0a0f4d0c117c34a9352cfd209eba56f5a5e090
18a322bbbf536ed1127f5bf4c5ed941bbf1a9d1323268056e6590be1819723db7edf5169aa104b6e270b56186f08c371cbfe069bf0dee289ddd8232d3ae3e6a43d091e714e7f5522cb33c62ee7b9425d1761716a81ea1fd746f9147f876b3eeef8728ff07a34d146b02d4aeb2ed8af5e81f1e3ce02af3e0a
3f4577df4eb53c82d0ee9c1469964806761fcd61873733bd144ce5d4db141ffa6e94c5960fb3e54dc14393cee301a0c8f624b353206459adccedcced1eec99387dd249e2d1be5034e88b0911ad9e4a06a9e483b4ae4d561253400142940d4a006680423e3468c55b853bca63759c446431a5b07e1c3e449c
29f21e34f38aef20d01893ec57cdde3385265bff73f7319a6bc88fa9e1ce287a42e24f0192b350e4e7fc0482c630841c9f34bfe2934249c1f937200938bd5b38843fd370c70a63f13f42862e3a904d364d131302aa16114bea7d33d93c7281483de329f0f86924f0701ac64525fa24e7f2f252d0d3a54847
0d35876725a01111fd75be8c668da7324b23c335361bf08774f856376b5b1fd69d42fbe2241264d71eacf849fb0768d9a72d2021f2d43c0c3b98ff0d140058e512f91ba2530b462c2f9f100560593e973898321a7085b90fb2ca1984addae2e358e137e48c1bb21aaf2fec170a1783ed32254f4f8b5aa3b8
2eae4d71947e92d0dc46d7014d50b53a2cd80cc50b6360985027e11d4eba1a314a57809548e33bd33aa3f871552cd3e0580e8212112fa6c13ea284000a3b1888ee6d6792bc1c60085604792c3e9d3953f68121d49b9574d0f13214c05bf18a3afeb34e5c2c349b8ad81fd73ea6417859a0133c490dca1175
1ff92df227786c402ba52597ad9c1c135bfc468cf23d4021547ce4b15a8e122ca962db811f402240da65ce240b1336a1df579b1f72c40e8988c0be971727f8a99dd634f2083c10cf5fc4e92a012b864ff6adc36b7cebe8cf93bf3e36df81708fcbe3c4191982686ee624e9de23788f2600942a2bb3004c10
057ee2609ba019331e90e86699c1233ab3f8783c424fe0dd4778eac6654b2e9b62591f3084a0daaafd5e65ea013760ee26d5454fb3f61dbc6022ae4f048292e06154dd43f0b1b9de97eac31a9febaee5e7f8c0b9a6981b9e9c5f368b4f2faeefab33aa1d2805ae9a720dcf29ab62b596721b3a0302f49cce
292e9f60779ec6e1102eb41375e74224e63e07f7796fd3247e904198c0280f99453b08e6a7f3fa1740175aaff93e09ec21ead53210238d44d54a33da32e2b523375998b2c65b758d54d3f2301f3275ac413bb27c3f94f034370c0a04e15558a92c6017346fab3db4c335655b7d586d45c0432478bbd3595f
3fffff0018c63ea393451c63f1418c0400000fdeff9d0003d1c2fe9b57fd2fffffc01ce18f10e7913ad8db163701000003deffe8035511d585ccabf11fffff801ce31f117585296ba14ad502000007deffcf02aa23ab0bdb57e137ffffe01ce0c713f85c7a0287500700800001defff483aa88eac2c555f9
000000000000000247818f3b18de8d020cc56adb0cc5627e1c1d608eab1b1eb726ff167bfbc128f8c14fe2423002b2ca1c892f18e033fde98c58b5770000000000000002d0ee8af5d0a45a2c24450aadb4cd41d50c17a71053ed348176abc8b3b6a147aac2e1f3bcbf38b7883fa9394c10dc7747aba330aa
2e51f86a65f4c9b2f721b98b2ccde40a124a30bc5bcdc3965496cd0d2cc635ff69937a942493b26560257a3a4b2238e0d59fd598826bc3ea4e418efb0a18d4dd14bb1312dc658c333ff5c2398c93a3d7b02f509fe116941882a0260e214b036db0a3ac1c41fa8cd08e1ac6f9f02d68d2739ce7bc68f23d11
0044fbcf69f4bfe30cffd1fd40f86a24cf01692aa467b19e0bab094cada735dd7ee4d6025c013838dce9ec94df0a40ee98b3ddc1910be24cac4838673cc8f7b6e8a7d9b3f58b95ce23887724ba82312d830101411e18a3db1fc019cdb17090bf43001db9b07931b7390edf1a4677c645409266c6472dbeb0
2c8f80a39af8c911b8ea91da6afbae1fd10813378a4cf3fccc08b4801c113869ec20ea5055d308e2173d25b309105f64470e148b837a426267def1e61b87610926d61110bfa8605b633c17212a2bc8323be1d0d880386a014c091fb692906d6a3ab3b060e000022c123c1cf33786cb6253dd740a80b3772a
1ce59e2fa419a903616eaa62a48aeb1adf14dd38679f7220327cd0258b0a2fe13ea2ed13e993de5b283f9843b700f9b32430b6b2b2c123aa0e6508880d2d9e1b954e24525889ab66da5fd924ecf1d0f06902e2e764b29bf0e7d12125349f514ad1e1daeff3e7ef59ef26039c2f745834a2f7a3bc1c53a2d7
1813edbfd97570d39e440ad338f8710d3978348432b190759d4c2b0c63ba1a1d801a5cf2b9403c087d28d1d00438df983422b033c36fe4fb33c76bb8318d30e829d32b90ed81df1d79238e1cdac2b8a8a90861f6757381038f092551ccdcfb548b833472c7f8b1acd11fdb1dfcbe766880ec21f8661d0581
22c129d6d6b60a9130a32d98273f5f3b08f549d7e1b1c1c6a9f718edf0cd1f57b03ec6dcb9f30e88270e8fc6eb341808afff0e98c3bba2cfef9c4a143bbe15a0f3245061ac937b10e8f75d1d348226948306b2154a7a26bc3f750c3200256fd0f903c46d17b5a9db99222751ad02e6a0614737aecf2cc051
2a53f4cf9787cb13f6d7b25f2c5af41393d4aef72ac8b2520ec4df95b85309a68cabf9e1cc63548bab9c3d6377273ba8054b801c90eaf4fefaffbeb13aba6904bb805fa1784e155155c98f38308952bf3a7dd0b150f961865fdd08c8820b74ab4f200a8521da44342304ffb8f4aeff538030ac4c12ad5847
1c07c135bd76a093a00b0ac2969d2a0d381ec60edd97f071e45bd48c820d3699234a1cdeacb08f5bfce8eab88f20fedf08f418b36364bb2b67aca0f63570a177a45c83d3128353519ad5ab104342b9a4894862e54ba53cb56387390fd47e9168b8e06925fd0fbe5866160f3ce36369a0800a6395540cd7d7
35a8c349286921a351a2c9211ad0be389a5f0e6d854172dd6da73409292308a42001c1282c02b2ced42b7394ac3e67afaaf22cc7835ee180b3e4d6c320d644e417e69eb0a079e9ca108aa22f35f6b0638c1bf32dac342a903eb9328de2ef9e0e7b53eff8c07dc2c1802903f2a564ca2fb27abae22a4901f1
2b4ee3e9c96c1a818d58fcb122d60f1ee5b8466acb5973f38fa0b9c624d006666cb47e667a61d6cad1eded916d1b9cc5179aaa38033afbdd6935a44f0394b5216cdf583272bafa34a54b573798134c4a16260206846d3a53c7cd3a3719948ec4f9810064a6aeb13a233def2fbb4fb1e3e2ce0b0225a6d19c
2be0ccc10fc5e242e82287cd42b5f82be82c6ae3edfbb0db856d75a246bf03710dfa151688608d1b6c7e4d74100d45d0a11767f23097e125c42b7c66232745addf957e53546941baa641ea1f672da99ab7f0b1906daaaa19e7121e1cb0ddcf799a23836c02b19a543732806c588ceba021ccd4088c3f7922
36ef8fe0ffe55ff2a64b6616c4ef521cdc4fd14713b1036b3a700c699ebd2e13279df9534d20021be71b6f2b4804e56c8733dde3d0639b4436ac8f11315167d67719db01fe0e588dde7fb109f0d92e2e5d006281f1c2990847c0246a9d5a806e8141a617722c7e7e3a1acdac81f0618e80c2d35c2a8aa616
0e107212cfde05113ad4c08abf1fb6268bfc61f8fda72022407be3beae9e178bebface9f17536ce31800044cd833f8982989b7bce195246e5ef997513d798d02ba09b083844cf31fdcc39619e2d207742f0c7398e3d66fabaeac2c1349d130fa91213eb58f213caefa047e69e43759ecb0c7eafc83a515cd
086ee88ebd0256806073429420bd0d3adb91760ee77ad3c1aaed3020ce482a3f2f9d7451e1514ed3f56016562335902b077b90eb92e2a8e331cdecf32f13ea1c6ea8f6d10ddb0bb39626b02e3e2e1e6ecc7d604ff40fd5070a8306f07724f792bb31d3d28b994cf14828a917386f986fd0a99939ed3a0ba2
13ffc000031ffff3f02abb8a5d84563ac003fffbf0001140fd54474167bb14ffefffffc00002fc0aaee27661163eb000fffbe40011503f5511bfd9ef29ffdfffff800001f8155dc52ec22b3d6001fffbe80012a07eaa237fb3de0a7ff7ffffe000017e0557713b308b3f58007ffbe20012fc3d0f4f1642e9
315a18af27b03262c26b2ee29908d6380bda6f396d5ce28a3f384256e7a51582c67536e8dc702413e43000b6023e3a5b301791b68381ca75a900c654246237aa39f6a64234fef3ec1c383a0e7a6f2625ba3d01b5a0d421b1734d21c87f1f7ea872515d5eca32012e2a3c132a269671db829b3f612fecc420
09cbcd64b54b1401ac3efdf99becf82048a589589a825138815fd81141ee17e7d6e81c47f1c1fe7652cb785a2b333bedff3dfd89905c76c042e5130001e20eb4547674f30ad9beb5199829271b187372fda4513120dd07c8921d1346171a764db342de92a257c244372549dab30dd7ddd35f4a4e54664d71
0c2e6e4fdb5edeb14519d93644788b02109f32cc31b9a2264fdb4e74df57099d87172676aeb1d511818eb1bdf511c7a84ab4721c415b5674c9ff7b6e2aa8c8e2145401306211db99b3549e0c9c7933116ed073754b169e87bfe433ae38e67bf45cf1f9c7bf32fec556330e53d8a195b3d2dabe4db2837a36
343bac54fdd675e221b71fb6c41c492ff384b058ad52b2d0b35da0c7a7621eedd0c0652c37b3c93dca6ad833e93e0d84e8f93fc503f65854204365450565963565b398831a34bbf04f30be0f8c14118f866f30c66e9066b83822217388f0fd7b9ba2f7354ceb5481f5276b558bad4fcb32eab308b76e0956
175236ac8c4e98605e14506f781e301a8eece5d3ffc500cb5ca294dcd4170d55dbe398996f30b1caf2e26001c41810a37603c469e3d4e657e5683f520889e25d20e30451d2c54c173182fb3cb9adc419eebae1dd964d399a834c3399bfe648e21351d76ea272a4922537e7249fb7be3a025d863996f8caac
1f0c8f7c6154bea193bb938d72dfc3250ffa02d3ff72c2618570de6a549d061cbd33c893fdb25ffcb88f10f1840571be2f0af53a90bb6e76a6075a670353675c04249f436cdd20548d0c5c3b529447d51b22d0128f0bb51b0fb109f98651300b68e32c959b68aed63c1bc4b5bbe7382fc16d29f84e0a2ac5
3f648d51439a25e0cf65b4c851370638dedafb2f2d3bb1b5bb2c515dd52137f9b47aea2dcc11ed84239e8cae8d1f844c91364690332e5c262442ec1c2f4cc9ed6e1d5883ac60661e0ebb322902a84da16a8c71a0b5179473e45a2b144eea18a0760394389e1b0d0f380da29e9b63f7a3b204e74ea9b886e5
1e53266d46deb5337f80e3e5d5a535009dadfc34d59362e149adf10b9b051d487a26a170c9f18dd8ab743abf1500268b2fdef070d2fac3150acfdb5f3ae08e73f803e173263a87b1b6b7cd1d447bebb879a4a17f734eaeede7803fe4d3fde7ea3fb0d08bf57ad0b4b601590125181456b1611bcf539d2b05
127b005320032a4283be4b8169f47912b8d79b2f59726065998647877b3f1a181405fa7a1a33b7fa31132753a40074c2141a51b133874cee04215d7f35dbee7862096c90b745e5dfc1265d2cde1e4f9ec814b0caafbeef4da757006708ba411b9a40ffcb0e56363fbf2ca40c6c91823fa1cb231bf88163e5
02ec58b12d48f15162d9ecd973efef0bf797099801140216e90c53e153483a436245daade8305f8923bbc7e7a02f13c7526ff3bb5392365006393a4e33a4dc0308ddb972a5fd290a6f69ee2466d4f66b34ada1dde014a1bb51a503c2d89cb87fe1212611ef6e11942c324ae2c313b61e23509ef26ef535e7
12bf4a0d53f2d5506223688318edbf300f8acefa5852c095cdc307fa404b0a63a8dcdb46c0334adb4c97d4b6ac0ec480b90b1d69a130a88a7ac9ecbd2107a99726b2d9319039a59f0ce44a0702a1871a4df89288e84de4fdc5120f9d23931d4156039da519bcd4c988301b0ce1554719731a984ddea42a32
25512cc90be87f715f5b910af0da443bc9f2624914fef1036d3754d968b5041e590ddcd9c9836ecb875b897e572974ce4673b9c2d10f7af513d4a4fc249e1d7c5e7d1073fe846339b32f44169f029c2a87dd534025c29b7e68a506992a6c6aa0518271f0dbd698dd2f26571f3605bff2d2488e415db74d2a
3da60b0abf408bb0f5f03ea84db5ea3eb923d0a2905f3345c35f6b8c83aa11d0836709b7baf128402b0b2759011701f44029873c63267441bbeca2741ce2a7dda1f79cc2f1a8bda3c9135b297af3eb1f8d211156cc49bf2e71150b3332f55d80b54252944f050c75bf0f488b22c22d1793d0b6ffec0b443c
2c73af38cd967292110d3040e48d401752fafa798956012bf32639653d0a1cce6de49c38a940ec028676640e9813ba673c83faf8b24f69d07c1be9a211b53cf5289593735c2ac8de68b2fb101c91ea844b22f22a2b3c265aece728515b106b1577011ddff6be5570be2cae4b7397a44a70638c67842db9de
09faaab87738e6416a0615cce9858b1bbc8663a6a5bf5367c4d39b1181961e712b4b329e595250adc52656572937ccf42b3ba0b0c375ba3cabfedab32aea7df4685db1b3ca6746a01116d23da9825e7ed48232360ec07a005e701371e5a56dfec0b097c70964a4611c0de6edeb07ce4c43e938b3a548cce7
000053ffd8bffea3342649bbbd23b307fffabfe300010257c338d4d4e982200015000cdfff101a872a42e8079501fffeaff08000c3f455d19ab3a5c8000029fffcdfff12083fae62a49e5e03fffd5fe1000102157a4958d4bc5b30000a8014dfff1123aae832e8bc3100ffff57d7400122e3c395bbc41a7e
077fd2be8f5329e1a209956afd5c7024e462eea583d0332cca15b3c332b12d6fd230c2269e71e2bb5a7b65623e3fd688ac4db12203529fad583606072ee8dd0be9773a01d1095527c9db69359025efd1a64063cc5847bbd0139924604dfd25449590a01dd0aec93d832bba05d8b826061379acf9ee011747
21223bf1a502df33efb907decb1f19296a82e80c6a5932cd2ad3aec61fbb0d24332767a1f200bffe4471b0a0523c8739fdae415c1396c822e1e0947b09b0d7a4de4d76f3a1f177e289c73503b64141b540b7935035439e82b4e63fcf152f60df92428eb46fae62fc1334e94bd81e13a5208edc387f508f4b
3034ef927c6ae0b1623e51a234863a2362b9464acce3037e7d8ea0ee4b902a7d3de40218e6606dad615b8d5b4f3b2a6429d0b19cc00207e972362196064abf4ddde075e3c8b9d0fc6514b5147c910b7185dfd135524954bbce2d3ad8e4bf16703d929ced0d839d122d110bda4e0aa67ec0eb0d2edd4ad7be
3c7ac2676184e2a1bf172a0709ac243cf1886b732e25509808b27fa13dd01bd8173cafa3c730b1b7077a4297423a44717c02acca3231d4fb9d6d6fcf02e8082dd68084a1c590fc9decc50e3d6cf680ce0ad51148f2bae708904d1128b755d451a29091649f59a6d8cb12f4fd2ac562edd3ea824f0a94d107
2e28e6d4850fcff1e55af0aed745b53f742774ad4e52123a716e6c61acfc2c34a1d361e185f37995ae8776706c3cf24cd27a31bb80869a5f3cecba6e0ebfac1e72227971c2f5520288e03b032365e5434ca5003e4cc1b22012a0236f0b8f452b89e0b8b1a56e518be031d6070b182c13b3538486634c5b58
33de06eff8def1e0deb12d621d8d830fe560dd9b6d9130f295e265b9f9f01ac6c9312af39340f8f102ec15349b3a9529778521f580bb04356d78a67a21cc0324666fbd23c678252203daf12a70e59a474df861a68cb339a60b2b38bdb3ca60cae6020ac7e205067fbc2df737bee19a7373ee3b6a160d9627
08e35e7413d810a25149271851ee190276b13cdfd4c9206b910b721c320808e1b503b2de1a92294f818e1f24ef05fcaf15bdd8af71f0b6940cc77ec031a26978d7b686121bc6bef06103e226dc963c05abc0822cc4e770d3bd4d0ca59a6f42eaff029043a3a850ad6729a9c06cfbe84252a0c42d85880e53
3ad4a1acd5c802d1e190dcc066a82505ad5732076041a2d3b605e03b7d9704db731048045fd2d68921b8547e1b05c5770a1c6e38e346e37350114b122f44792fffc582e3e9a4d79e03700b2edc39e592dfa5c0041ce376ab87a10b5a0ddff90435b3ae0147d69e5185198ebd7e073d5781d42d32aca51a91
0fbbd1467aec25717478987bcae51502a212b3b429cae36c20792d7fcf23295cfde5139972d2d8f9197a1aed2c1f8438adf0d3f67040f095458bc2d430d4e034fd307902afa165b364bc473ca54efcf4252223bf23a0cd3a661537f2f25ecf862d60452548f33026932251a95bfb783870eadadbd28d939c
1abe8194b898a78380bda8d753e6f63e41c4112b941c21ae40c8271da23b246c16a95bf941f225555f8925173f2956f6191b4fbbd02bf5053378629237cd5228f4df9ce3db4b1282c113142a35534f20165661386ec7ab7a025300162295a134159032dc3a5c0edd5f28798fe2678d9a6084b51bee6a31a5
1d8cb096e3e18371da330ddce0d4742e633d0b717a65a3ca34ddf10c37191bb1997284d62fb30995d7ee65034b0370022c953694e2b90abf09d7a8e216258333e525c05346407dbf57c91f18de84bd0706a8e3b66d799414695a0629d68321a29352af2f5ca0dd3a9c25a9ec7e2d8dfe30b79b7c8cfac5b8
08592bc884f2a712dbe7c0ddf348223a36842a637642d26b91e74a8f16d23e4423da2abbffe0ceb58a1a4e6db217f00c8518577a53ce4c76efe4f5ea3a76aaa852b71ef2faab767832d7cb3ac89fba6b8440a20c2a7ae63eae060b2a218c5c049141725069860d12df1466e5ccd4200013231a86c00ba451
326c67002eb12480483439864f9d95276baad5f05961206c995a33732eb30940def5450817018469512eaf44b82462177459331ac0f5334f0fdc56eb23c8e1486db62b42f71f602c5043b3023d6e44b137df00ec623b47ee383b237e3d1bbbdd8de1f669a6faecff86162f291335559461387dbb35a1bac3
2fd4f1a4a8d72012d0650dfe7caaec284a7d170aa1b2b0f660f082321b95285244ae068bee025fe3e5acc634ff006214af1e7a07b1c439c2865d4d2535a2b614b41f4631e3845d1562542e38d09c585f41ad31d988407175efae01f964b376587962c8705f54eb643b26cf4f4d602c42d1aa53d6793f9ad6
012f7775789a36335b54ae29234fdf324ecb092fb13521984e60153a1b8a14b4fc8a93c2960054ac5d806cd22b3285f941da2cefb23c330996db2d32138386d5343422934584cf1658125d2a501f72f9c1b1a0c20a3ebb2c24f6396ea49b96f98b5088db0b16ab5e7b344e8fd63d7f2102a2dae307c06cb1
053f800053ffbf82e4452b8ce0d56f3fac07ffdde004f2eff4bb12db84cc014fe00014ffef83b2717df0979e141feb01ffddb00200988e4953fa4d83029fc00029ffdf81e04f1f4b36773c3fd603ffdc600302b5b06f3e2f5ff100a7f0001afff7409b82ad438a317f0ff580ffde58018389fd365e9dc44d
2a9090dea208ebc0fc706e728581493382e9e94dfd3bd03e386fd265db8e126dff5b84dbb8028de5e297c3ff0f059e3814e2779f3337922a1050ab6322e05d957f8c6580b58a46d90c3d341b2f42ff9ef86bf359d8d837db1dd322dc0df1feb027e0643b16a2b46a561ec3b1e91c0fdb6114833210c16433
05f05f05985255828d5a436779c7581877d0ec31159561b95e6bdca37fcd3d0cb71e1a05cba3718f7f3be691893891f473a052a1a183f12b68e5f3f025be752c4a97fe71b2c261df6f1a7203c54b8ffb3209e3de2e5186948372314f541fe45007c273f1ae23bf649f222407d2bf37233331a8eb2dea51a2
2d4f7e4061dc37d00cd9ff217555342c480838545222e108a8b50c7223bb28e3c5577c821ce0f2adacc07d5d1e22283bf42a851082fb92342533951b17223ca0fd28e3819ccf0ecef7d3f41be8e95be9572332a88348dc934f591aafaeee94c4562215b711d345605c2e8b3269c939eaa04b0db85f4292d9
2f66d0fa17777eb0d33aaceb9865511374bde0e7c51300ede2f2b206f6241d916835e1f3fda013cdfb07a48d451fe01d855a8096b1edb8549f8f598735ec18069b78a790323af0cb610767353f23a9b72ba140ad95b45e15b8453296ecd7d04d81e3c7a6e98128047a1b05234ef37a04a3802e6fa9289955
256bac6beb3bc14128611da21f150515d5c14913c58ba2b30ced00c6f0ac19ffee0e8ac3098129dbe93821c76b330ccf8007269aa08de899f799fb323c7b8e24e39b0af3626f7374c8aaa43b8f2e7e5801ccf2acaacca4390eb42487542be48df243c80e4f85583f8b2ae06e28865869d2ae980e6c88f1e1
2347b1d145a4c943b5675dd14682f82e60465a6067f5308949297ac9a1bd1f4c11cdea259ca08bd26e31b4b98519032c47c0dad530fe7d959d9971f81f4cca79818ef2b33db0ffc980276c17b9cce9c40eea81f211fc4bd829843282d2418ff71410ed9d44118e270f26b266f418ecb5b042dbcdb34d3f23
1a9cd3941123bed16b89240eb0e2de04aabc2366ad93a1e2f017780f4cb61df20ab1e6778e021d34c525f5534028a4db11009e6fb05d34977eff0bdd1a669ff97dfbc351d9a1be89ea6562344d432931d808c14d2913074540e92f15e73a0c8cf682941b13c40b22e402070d851a838aa210d7b58e3630a2
03f3513dc4b292420323cc3fbdf4db21bee20e2b2ad6c2e23102f09f22833e7a219b1499ff321a30c67873ad572b789de7b84332924fdde2a7a2516f27526ca8a17d23402610d6d9aab22a0a4a76387fda7f417d068e63f733ff31d3826125acf82187a69851c307b128c13600e4ab34d1dd5704cf4f022b
3721a6aa8243be314ca0ab81a5fa6e1946e5d7651462304946fdc6073f9a3d473935542ba70131687a6f34628600b938a620923312de027a1a0909383b7546fb8486bc013566bac2a608643c6b9b1015ca0ab3314298dbf846f6353e603f4cb221e1cf957957f0d73630467d9fb6fb1e42b6ec49c6990c63
31d76ea4be750800510b4341232988177d68e4e30237a11359536b390ddc2d1068dc5f55d5c1f0e8934969860b0087b913482fe86000c394f08e756008473f039352f8f2cfff2ddc2adc2f16de41539b14a2b23bb937862bab5136a59039c2961a31c1272900b112d02c7c3e5a19f70973349b0da418c272
1591de511e3e5760204bf7cb7578e62c687ef889b3bb239270e7d11d95db39e6fe02bdfe3493be5b5cd17d5d4607092a2949e7f621260428f673a419262eec36dd77c1919ea13af34400583fe03b63e2e5bce210bd96a1d1b69e359cceb58e10a753f409c5e61642563c116e28513e0ba1890b2f9f8b92e6
23f093d8944eff824f907b69f1b6dc2b6a4f83b60b0e72019c18058e03d50403c3161a052ee1a7626984d9be332935cfde892adc6327868a5b66c333284381c4abe5a9727f7a783b77be2112872a76b8d46a33c27558801136da2cd2a70da9496b9077b1d8975088613c6d9757f6788101bf97dc7c46bfc7
1f1b458065a9dd03dca6a486ecc79904339d6d587c8b8380a8f540c884800508afb7330d350288551f45c33c7e251d6c61a411ae223a66eaf42a2c4a07817ddb47a14d318bf442a01e6c132eccdedc60546f426a7c206b9e3d4b174ef507f0577ab2486529c5d44daa14ab8aeb2cd921712a1b5a256056b2
11ccc75f09a6eb207a5a5394d854b23c93993bc1d8c5a2c1cca06e460ff617d05feff1dc2112652a1231d78f3a1cfb57e4dda48033017347375ca77807e04a2bd6a0da4194e2c67369499427c98eecebc5af409c722ab076aee5389fb188cc7d69e28c6206d530fab425544c8f9a4d297061853f9080d683
130df7d4893c0bf116b3a7aba5b8d02ae145aec3c6e6e132a124cc4e5bc624bcdceaf5bae30243709089c72927127f4ee047c44410f6cd9e3bf4f67c34e064f33fc91142d58ea0f71fbac00b537f66f648cfc3c313f35ac551b1286793c5f953594208f921dac09b7a05e580c870bdb5c2fd9fe68fe05f8f
01f8053fa10053037f721a95709b7b3fe07fabe2dffb919d10378821ebc5007e0150010014018bbf21def450ee3ff81feacc5fffd367440de1d6faf200fc029fe1002903177e43bde8a1dc3ff03fd5dedffe92ce881bc3eff5e3003f00a811000980c5df90ef7a28773ffc0ff5432000f1b3a206f0eb7d79
3aad7523b5334e727430d13fa9266407d15db97ac551a0e023af906e7bd20f2a6a83b50fa1939174f5d2b559de07f0d64906d71550155dbfe0b4670e20f6a79179cb0132fd25ac68688f0d1debef8e8b0cdcf0e9f0767eb437e20fb2a716bca08d82f997c63666ba380076dc6843c9d370c8b4be5485bc43
17bcc16d92d3f0e2f118e4fd52299422809f56deef50a335a211f00b01bf1dedbdc60c0687c36142c1d6d5855724d3f7f7bae26cd1642dbf7cccdaeb1394bcfa0a2133206e28f76b5a86080244962daa87a6611a8221b98ae3c13e4bc273e2595fd2e97efb0ba169d513c1c4868b5b63f05e8b96cd546e53
3339dc9579d2f4d033bf9b0e3be0ff320a35156f9917631fd7c665fb42433135621dfb6b559159013fa3a64d1b02e218e77954bc912cc3094926cdf70a37b412b13a7270c7d2cac190de8629d9fd01f9582162e27fbdeaa280d7011f845ea2da00d1b7ac2c7c1091d91eb0985950c526d045d8764a308038
1a46905b013a98b24e24aee6fb37f80222186d46a91b3296d1fe7b8fa7ab03f30b22b76fc7305733034c8f6e830f3edbdb424c3bb2e74d683443f7cb00af11ecee89ce319c9a410a98a8430cc37fdd7c2bbd100f09f18229eb6d0de06843751406616707e7972346cd386934df3fb902e0acf592dff57ac8
269685a9a75fb2d2141f3c68914daf00a15a4d8b01bbe33794398f122e5f2c090f1e0ec24b53138afeef95ecb123a469a222475aa14f8bb0cad3590233f4d92cc55289b36ca1b15b72d3763047bea0bd979d2240695f51cd4cd302c73877642fee6288fc3a15e94c1a0b7392e922be8c506c27764fde7f33
065c491113f084a2f9fb6152f8cbde3dc97db8e25b190383dec4247603a6239a5a89d5e65bc264be71eb2648ed1a319a630283824382705a1873082802a60b3acdc3c0c0f1dd86d2712c2331455f5859cfc0925e3cdbb3708e14041cfd7f8374e032c6b619f3e131aa1698d2f9d2e22742b3d0e7187160ac
30ad44bffc329a320dd75b59337e9c2e2a9066631092b251e064a48541c112ca82cb91b03c02a2574983422ad919d187e45c2a9341e349eb845c88881b625d51cbfc2281f8056bd813885a39bcb53f2a93318266bf949a7b287f08cb94b9baf98831d53bacc5115fa604143101926e80f365506ffec424d3
3907650e5878a932fcf467302eed053fd202dcb8039a13968661ea893b02236981abbd8e8181389bf6ef8004470ec1ceadcbf33782ae5ae7c9c4fa1e12cf860838b48af232bbff2171b4720038c28cbac3af2092c528b3f1602f1fbba289e9b68e214f33b2ede03de2117087d043e85b20d34f85658b9417
04036cd2ac599fe32814368485198314225909a22ce441ea236a1ff2a448317a2cad79caee228b0b7c42595ba40b28c9cce7b27930301ea52627d26a048196f14f1a21c3ed99495bf9961030ed84c1d2c96e321d6df601f57c1b17f04102d220f291380a1832e992c429c5af0e4bb66d11f02f26c3a3a4c2
19e0b825200a55b0f103180e0ac8da193acb2ae4349f83cf8c19b363894320b0c9ec4ea12bc2c2c5e4559ddc451d679220d62318c2daf06fdb2115da0e5a7adf102117e275815416745eb102764b8abc39f073457875246fc1bf389af0747467193060abf276f2a76f0ff12ffa35b27f413c7a724e9a0487
1449db346116df1275028964cdcaf73002acc90e23ed8242625bd728a94a221b71717a12f740a9fb8d77fe053f367a69efe71475b1675d942bf4e86f2dc2b57a2b7392322cc64b0ac3f4b412be9453f1b865b27c90e5bb5ed6f3383f3a1db8189452a0f1b5aa1239db0306a6b8da77bcc26cf02b9eafa9c5
0efcff45413b22c366ffcaeee2e21b304378b19b2f2e40ae109ab8b8a73a16f8e1afafd27f32bab7ea141ce1201f48f89cc0b7caa33e6055ccdc29fc0a4c41aa9730c1e1458e08f3c26c000427e560b188fe338edfd0b706c73139cb2e266f1095107d1bda14d099ec1d2795517c6a412036d96301fe9597
1b9bb288016a7db3289c02ffda64c612c526678e50da50aea66cd22c18aa1777ae009bf30220dca5688e301c1f354c1a74d7344cd1599e90e82da6cc267041898efe86314764ff726dfe372b9fda110c80f050ac45cd52d5a1f62b385fddbdf630f3f9bef83eb472f916c4f0e27fe84fc123a2dd9c8cfdac
06813cf7ee924fc2132a124aaea67815ade23442c9a18287844ddfe7ad1a13f2143af2f2ab60d498b64e2291512cc34811b556bc11f6fdde075d5838262d7d6e305d8f71f2e5e516ae19730b8d7b55bb19a9d362d815369eb708039517d061f06302dba62fd3aa0642248b28621161ffe105576821a6976b
0ebd6f39ef158421ea5d935ea11c7a054116818f0693b1c0d2d5f5ad37c30239449a9ba6b06295cbe5691c3db80219ead42e73abd06c094bfd17a7a905fd533f1302daa12dab315cf2881c3b98446303d032c138f476ed3845b63e49c5f25f70b34002efe54547cf223d9fd2654b96cb2335e73d101655b7
07c001f8053f80008fc95785c31beb1eb7445f974e7d03163de3358b5c513b67440dde3afb001ef4114e416ef30685de029836e043a953f4266364b23c1fff03f94040104b6c084dfaa38930a45dd03038c191f50a2b5b639173224c5df90cc28291c03d4d76a4cc08369f0868a430f0928af4a19129c5eb
0000000000040000833edd1a1b6844344872d5b7294a00000000000000001c61605024f14a319df62a5ba4b3ee2145fd5b8a3ae230000000000000000d2d96668b838b51222bc63502bf46234c09e0225886900000000000000029d49fd66eeba8c1b4a275d02ad518082dbb50c445b2e000000000000000
0f33317f11c624704f2b9b6ad2febf349c5f4f272b1843dec540ab8141191f7622775ce39102fe9d9ecfe3d18e133f3b69f3abae30d6f14e89861b3a2eb80a0abb347ca348d063ec1dc3530556b8ead5e2be30635d5951ccdaa60d705e63ce296be3b4fa362b240c4e1701610c62479120387776e70ebf61
30d112b8ea115ba0e9905830fe72e10a2323d86008cd409f4d26ed45d02e0a9ef4b1b3729771820ab677cd5d5b1b7ca840d1c9cab00873d86a66e43215fe823796b82310cc1a88cd02816d290f4a57aa8237606383bc8b5b9aa00e39d802d277cdb32b48565165daae13cf42cb51790fd04efba65c22cdaf
109f40300ea9211398fd2575cae54a2062e09bcc16da2286283388c72f133c36faf507fe6211be8a13450bb7fa08168f2d95bc051083c4409f31c69e3dcc041c34614e6098ab0aa73ba02a2dc9a111094324934291b679a154fe2fe68de0652d19e1942bf344a29d870b42de1d8f338c30adb55bd6a5a258
27a2d0122aaae5b05df52d4ee48e4418a6175df1893e23854d6c236c6d750711ec329b966011bf1af9ea7cfa722ea49bda7782504197c8e5154ab892124b8255946b0e52f94cc1ea5849360efde58bea2b0963bcae2d19c5229d103a0754d566e5d21cb1e287db605c059689a2c273ad513e03cf39b9cbfd
0fe7b4c0172eadb36e8b5e5c8765e22c63c2367f6aabb263b8e8c996d72e0feebde66fee39b36e6406db02c69d19441d78952877d1b412e3aa566c1317184d07a89bc9921da0b8f98123e700fdf1455f47fef2bf4ceab4690c9f35178e8b58d1c0410a3f0a3922291a25d80f7f3f772bf073c62f17f647f1
37deb26da74c4bb1d596bc5e196477005b8b9a35789d30b88442090ac54d3cbec6325d84a92210c4dc4e88e57f1bd9fcc43643fdf11612877d62af2c1efe0fb870d2cf7195bbb7dca872910737c0ddfce457b3f97ea635fd3e880a46dcb2f75b4142118fcb1228719b23f13e0d7c2910a3b11a6cd89a14c7
0bc9008499540a01cc0ee16c06a2de3377c4f8c1f79443a4739277f854ef1e3200e0ef1f2303a66d73c7ac976f1f8d9cf7c06e15235b7c6e364286082bc1a0439aa1d013367b929c63533a3a4e45c21b7f08b2ceac4c759b0ba011c6c0ee47e95981401875ff4c0f7203af1ff1cf2007c027df7c99800c36
1759637cbf8342d19d1306d7f8c2a93b98eae344b5c7d1762c9b5e7aaca33dc4513ef93643f2206597c05598ce3ba76857cc5e633129f1a3e7f30ca630a0e6aa4127c8a013e3ca85a1d76c1871ca609d95e7014e3323e63cff870ff8f28a7caa9b53cf27c53f7c9d3a160ca3eb33cb83608272c8d5542446
233eb635c7b5f8639fd75f8176bbc53df1b001921750f04a83e894dda516215d0bc326677903c97234819c2907339d1d678ecd37b2bbf8ba9417cb413f1aa12ea1542c423c5a3fe018005c040821242dbeaff0df7592177bcf561ceaba146d45d9f3f14995ac714faf09fcf00ecf60fbd159eedf27185288
3e64057e06f663201c6763171219b32c19a5d541a8614110293d1d99859124f64c0837cc26f2ebe9e7c829b8ae29c140f56f79e073394359640de5f01df49757d7f529d22ceab92202427e0df81d7e296923c384a7062ab9b75a34fe1e51e4d6ee5377e24cc2089c1306624ebae981d132ba5c2b6e9850ca
26c39a6fc8b95ba3ca59c87f164d1c07f177b034bb8c30014e205bb70ffc3040507ad4b04410cf82846ce287dc11b7eee7f04206727f1c8fd65bea46018cdddbd1b8c872a98d3df52a4e723b8285c0c7bbd00001018bfd1652053f061bebf5ffd1220639e034ebeed5106acfa47b3f7f004bda720cdbbf7f
104acb31012ff253c81bcd0615ab12076d0867c7f575328021978720dd883e4887e9307b49f14272a2b0f3249704498449aebb497277b94a17f405cf1980ce361bcac1329ad56a31e9719a10e6391e4f594e80957d0b9ca6d3be03a160dcf7c8e990ea764eadf9ad7b046fc3ec30295be33d2a72376503af
3a6eded3c896ce22816e9a290cd2b2221ab8e711e1cb2347bc3bcb43b8cb19c85eef80028a93020eb07d5f583f059be05cd7bbe1720525c4f3c2d61b10188e392caa1561369f1d6b2e256c26a73472822c7d52d4d1c441931ade057079732910c071e2f896f44ebeb80cf2a6e455e6fb70e78e2114f04e63
09acccb6355a3be085942968a70086367cd07a2cf251a3d04eec0fafd60e3327e471c91b53930e1571b19c00873852382db635fec155064866dad85a3f4d49b52dc397a14aaf3d63fcca7011702dd15afca0a1426d2af8e315c8075d75f30ef99cc0db2c8d6dd7901935a14c184b5b9da23c766b0560177d
3bc007c022f80481aed9e486010cce3c118b97be752593c045c66854d74819a4e67ac3029e72315e20a28e97aa1c4153c1acfb7671f09dda73b895f0221ffc1fd9e3fe9328930dbcbd799a1fb832c2f35b9640bc18480985491b2b76ca8c001aff8162955bf7da8a8111df561f277244d3674fae6a7f2d4c
000000000000000000000000000000000000000000000000000000000000000000000000000000000000000000000000000000000000000000000000000000000000000000000000000000000000000000000000000000000000000000000000000000000000000000000000000000000000000000000000
1ccd8e4002035083e1e1705fc84578056c19a222d78001cea867142c65d431e2af3e3b9ca0b2f742adea88f4a21a6f7e3aecd1e732144729598e3a02069f2c68869e067368dc12db723ae43b16c0578a2220a078754fc70f79ea1915b66ee1ca47514758f747e71cfe326ca0fbab380903eb9cb60c57b1bb
29ae94f4bc7b8f9112ea73452771b91f74e86d556444d21ab7dafc7c55b80f75980526e780022865b5110619ba1b3ffb5aa2eb9ae009e271dc48344e3302008ce1f5ad917f9c97c788fb5d042a974e05f9b041ca279d0cd62a110ee8f3f0ca7b11b3ea7a0a5d6428f73ca7d5e280b31f213bc53b15621753
1bde7e9f5fdf9543197e244a9003f12f84ce159dcf65b3f4b5383a9a540f34ecbb92374094124fd75cbe2dbf5f35d9246f755f1920adaffd67efd32c10f5b1d784c967b0277f3d317bc0650ab8c9962a07fcb3b329303a9b559330d22dc83dc135334566cf1443ac1906e35d9202231d016268f69239cee2
352ce09efa8c7aa37953cd1d8e0f8223fca20bc732de134d9df87b9e37442a4a78eab3fe7e33728509b177128026e37f9003dfa2311e95bf7f85bc5d150ac21e4ba5f2327610af1ff86bb528b902d2635d127015c84802b52f741e161c730664c3026cb101d917ff940c6468b7ef48f633718dc8ed08a094
212b04713bfa09e3ad64d9bf0d5b393590c64deccf896237ba3d4e84f9b903d39b2be2d120615fef01143ed9121f114a9279bbf7d36446f002fdf1281eeb336d505da6a094bfaa965fde2100a1675729b011d29bfc39d45c7dd9390a86bbe14d15e28d03d660ef5c431d0dbc2de3ba5c6316e60a403aa991
3957d5ea59d5bb2086cf9b6de5221930b15688eda2ae40e3d6219dfbf4ce3525bb30a4bcb9e04c5534511aceef267a365209d16003b0b813fb4f0b8a32971de59537804153741c267679f714540556a0600e0059bdec9a8045082554e9b1167e8801652170934c89b003c8f93c6de194a16d16e1e26630a5
35865bf606f11c42abf4e30de632b004d30f6fdbed23f24a0895ddf645a504b845a8109c2a507af9a3d7990b6c3562d551692f48e3b904931242100c031e2433fb6a7243251c3a4f24207035db890b5be433717cd18250857184161e82e784c7a1b30ce98acef2244a34955b2ba32055c33bc8b7c4aa084a
3e5819234f05c7a0bfb3648ad428fa123cdcfe32616b733d224019fad9471cc17d9605f1504349fe43488ccde414822dd4b4ee93f058db8a6c30c5042e6b54ec5087c97018e13102d7af111b577691138469f0695171873cde2a330ad6cfb48c58a1150e6745e3c44324c4ec1d093a6d004aeabe59d21d03
1fd65e58a08940f343ee109c578c3d23b7af0dae6d056145d21e9bd3f7092d29c144a1baddd29c140eaaed84363e5d79e0a00116b20c89487d6d7b24109e532bce1c74a3efb8b00ff55f1306d4b625bbb3df6096801596ce5ba9237748cec77fc430f80fe6e2476908265ba358d08e5f8228cfd4144756af
28b253c315bf9d3360fd1d532124c7386d2f803b0f2ae3cb47a3264cc2c024e0602a219c7ff1040b429c40a92715eb675970c0e793ce0a417fdf428e3ba21248005d5c63be5e44c18d8bad06f850d34bbc5ca0e2e207790a27980b0e7311990633336b8f45cacbb69108b01af15a3df891b29c0ff8df8368
0bc5f25b3f48e4532aabdbc90714f6168445ba0231a7526ce18c125854e6012bd780b118e3e04b9ca225fec61f0841b16a6f79c0a316f2ab6491e7fe2dbdc2ad0eaad401e2fb056ade9af63438175debdc40f2af364916f14ee41f08facf3ad9c402e2500fbeb087aa372facfc68f21af077f952d97ea646
31b8e5ea3b5f6cf170fc3a3235f2d120cd0b74b6a502332126614bff2240034b5f0049c32991ab307ab09332d809740a598660ecf1eeac967e3c26e809a6e12a6e9ee3c22f81a496138e2a0c76da04276b83b2b9eff33d60eb68157b0b0db569d3019356f9559b020f187b1a12801c6c703b0cf5b0f805b2
0b8a7133a9701b2030952fd7fdadb12f6cb6fde21810e2b44c34c16386483820929cb948c6227c0ce9769579971cc4d0d1972c8841d006b0fb85ea9d1a3199e7f95a0473c9544a0ee155a527b1bad87e1ffa61694b141214a3b40ae4b341a0da48a3bf0f1f4884826c1477ca6a14b80cf2d45aacea37e323
030519881a33208335d31dae7b908d0ceb6e69158ed1e33ff3ec7619c755102766520cd557e3141e837ec72f023565c6e7314149104ed80435ebd93623e48a2d66ae3763638c56b7b8a8d32c392f039277f6637cd91fba3b1ea01195568ba9b346b17df400302b620f2b2100ab00a396f05ab9a19f69c23f
3c7c3bc024a0011016be79924c09b621eb9a5078ab11e21a131dff307a252bd2db48565ef002c502077b04b0c63fc61c40c08ee02271ea71f8c16e2c01c1e21fdb200003c80351d7b7b42a28dd66d1de8bfb438f319c3df677ad07a1a6719df235c176ad79cd9c7e74002ffe8e6362987326a962a7fac12e
000000000000000000000000000000000000000000000000000000000000000000000000000000000000000000000000000000000000000000000000000000000000000000000000000000000000000000000000000000000000000000000000000000000000000000000000000000000000000000000000
27075deacf3a42a1bbd5592f8aacd91f017932c8968f7221ed6e579083de3abf14d208ab1be085f239545155cf14f840b1bb435330fefd84753576fc26814b057b6c46f268e43f8e3ab43526205a560c6aa3804128f838ba37b910711f28ffd96d93e705e118b4ccb00b1c5d56fccd04638e94513fed36a7
06b52f12e11a8180ac64fe05f1f9441ddbcba0c3ab7423a0d27f025d053a1750178d91595582084408f5b3762f18355d64a0ab76b0ea608d26bf976e1931b9c5fd48be31bba49d7eeecf5c0132be722c7ee463aaec36aa898cfe0291d56e59568f33efd0d9ddd3e8a51e95bd8a8c2490a0ae7d706fe11cbf
1de748d6582f55225c2f8b2b737fc412e4be5b2df37b735b7f373da14f1f14f0fbd61dbfb502b9aa79fc834a401af80be20a4d2a627aeeb282582874366db84d5035a521c9e5681df02d2c3d5ee7a9c2d7f7717408b0bdcaa468371030163f767b1305fc14249991fb1303aa9439c2a1e1df8d947e68fa1b
34c759c8e14d6c910a26b764b9699a37ec33eac591a700021f8ea4b282540c57d00ff47fc2921df0b871afa9b13d557e0f5ccae5330111e111108fcf3aa7295e94800283ff3f7b8cd68bbf367a1d1aa6070850ce9864ac6b40472e7d310b86cca2327bd424c0a2cced26cacde2bfc87470602f374cbdd897
3571c8bf8c43ba53972db11083517e36d0befba06991c01863be5d9e41b81862e5fac3463943985dd5eb877cc937c0ca996abc9d210061e2f4bef98a1cdb87ca1687e4809ed3ca05d1115c29f8a5bc0d02ee4053eb18148d1c2c15982cb80e41fa426607f1dfd88602184cafa642c15b03efbd635f527266
233f7bcc15d6e4b0fc47140e5ed9573449a7db44d5b0119e9b85dce5766b1b5cd125183e78a0988e290d696248269dcb54fa962070d563a09314ef980d14b9240c5f438338a8f83f1c19540d0330ada75a4b41af9e6fbc66f3742c514d4068fad6d16f09e95f9d327e11aaa00d8477ad4333bc9d6b5c8ecf
0aca69e23994801363788da81c6c510eb06358dc6d0e0067a975a04c00b1203e93aff8bd11d2e86d25e5942f541df8eaeb585c6383b9a4abfe3c48bb284315f8374bcd80b8a09e2160a33d13343811d4a2a8d1a081b233c7afba13d486dba70d2f40ed0237b9ab8ae2155422715096c9d2eb2a9e806296ad
13a252caaa3c48604a360add5eed9815e955cf96b1f19385fd9bb03a59ee3ba660a283cddfe2ec06591d91493c29825a550fa2b713d836c1c4eb3d891ef71da399f43223b46a1947ad04a912565805dfaf71d2a617eb8352967d3b7fa1f72cb2a231b8dd2ee29915b922217ac3c49a1a9049e2ddcab5d110
3a3e151450384f71191be29e06ea37075cdb6c5e326062fb3e79d0e20a1835911bb345589cf150761b42c565b610d83eeac704fb60269aa11923e6a23c4434d4b0a56953dede98909312ea23a71c171ada5fb2f2f7a3942aef1f28a8cb395e46fb4013620c247a352219134ddf646b2063f59ab08cd7b762
379c414ae52f6f9236f9073c319498230b63586bdac2e102d2a25f80955a0a07e01105bd9350f54e5c5a83921a217cf354b081cc1296669e024cf0382aecc0ccbf7254f1d550c08b48b95e3568423ccd2cd23058648bc027cf9600031a35ad10def2229fba2e6c9cd62726f15916518cb2d5a546f2a38061
3354c2015e49bc500dbd7c12cd51e92bf1768fbaf914e0a76b355ef5ff9400b8f86c78569f00bfff116ec0dd3228098593e6b8d642dfb7b02babd7c42d94877fa71fd6c266affe212bd6ac2c8fc2fd7d426e60ad91438b1979382372d1b3ae9d7e016a901d210c06e90778241bba2f7542ef49e33d11ba8f
326f8839786165213748d9f461624f12268a979e322b319e96543accbcaa058d064b7d99eb72ad508822ac947d0595c579207882d0f30af78bfb5e0828fa1f64b32a99b2af9b0757152d221750bef35421073111f657aae09a5008574dd3c55f9d201c03abdf0434823e039375e65cc911fefa2e94c11e56
0e4657c33f224f312f832adeedf33a0ef0c2fea16a6dc054f39753fb3da61317858db1cd1213602a19ff605d253f7a7b82aa022df1556d6d2781ff31345e6283375dcc32f82ad845975d1039c74c53c699e081162e051eed419439e495110489fcd0dba106ca7135263108c1372ec9f4021ccb7742280125
197fd4419e7273106fdcff7450d7993acbad2bc6d5b0c0c2d349012112550782e366a8545101092b33277b8fb00d38364c58ac12603eae415c3fbdc2064a0f98c2127f905182fc354d97931d52cd4263273182e267d76af9d14726b455c1c64aafc1c58a472b90999c3d4305c0c2dd1e416e01d878250ee0
27bffc7c58a00691bccc64cb13e5501877bed246ac7f71aa3d89a6966f270c5e610048f694c25c499e046856dd08534b5266290da084ca06353ad2040c2001c1c11ffd832199cd9a340d5931851925af3fe9500ecf2ce52e53491c9db9e20a1bc270d1db30fdaad4923bd65a56c8cb7943b9be60ab5887d9
000000000000000000000000000000000000000000000000000000000000000000000000000000000000000000000000000000000000000000000000000000000000000000000000000000000000000000000000000000000000000000000000000000000000000000000000000000000000000000000000
3ca7b868c34ea8b0424c551687f9c41206877b235c4e91867ee6c4f4224111d3b2a5ca1fe6523ce76b42503d421741cadb22fffdc2a14f8d5bfda902335562d04f220362dad27421c8cfd82327ea0634f9b451ed8c7c2ea1c5fe19e6f5536e3d94134277566306c939320fcb1f214b89e151b114b0bfa2dc
13495d51812bf0d0cdef3dfae49c392cfeb0d50c7d27f03492410365b82925249e539dc69210dc7488f80e1c822d693a10f907ebb187ca8904ea9ab10034e43d49022bf24cc91dd5d1d580261c5aebad813260332b33555f48233b050dda87d66a7278e70d23091b57066ef739e935e573226443d790795f
003bfdb3f045409130075f4047af592c988aab30eef083bef87dfef70ace0266b8705d1a26f22603802a41b7de399dbfed13db2143a44636227f8f3a3c316de16e58afd3bca5c420c7418526ce09619366689194a544ab8102ee185685a5165f3d93b6c2a9af2b100f0f57ecc612f8d0f39950d8b2816439
08843f2f132ca8f2da703d6bfa7b7c097f1e5fd661031037bf3dff5d37b1080e1a4be85b9f804cd1176f071ea137b52a06bf7980906fdbb19eb538c7268fdf9156883e00aebabac21f233111b3903800008143dfe264ae9c01280f9a69e4162f85c14422e1c43d0210274501460fa013b23d0137435a49b9
120987850aabe093675904f886a0970dbbe7e77a58be8222588f588687e90e48c1391988c593afcb22986b9f6e34a2a8f46297bad063e97206f41e3f18d34f98443b1c30118dadd7b99eca03ad68c024dab12148b595854a878e000518cbb7978053c1a3acd63781ad3e117533c9a525627f0e1c1110159c
1b4969088a5776105d572f2ae1d7c5140aa8a0cf31a4c3dd0d32d5ee1c78146ceb4deaac7911103e2885599d511b52a7003161d39073160c5201e1333d434facc9d304e14fe31f7f33f94d26344d85525e19c2010f6ed7399c641d4c4f31c4c2d391c3ab42c48be610011b318261d4db82e7345f750b7a34
1b0e7236802b25e002659436d0409b218a273e0de93ee30de945229ed4232a82306fd5ce47020d0115c2fdbea30fec12863f5b8b917dbc7e5c5643cc1760592dc134a3516b331ed396815937907d51b69e542255f539d4e011fd1b110bade8eb29728101b8172842e10c1bf07545ce2251d3363c45a7d19a
2688c393e25644e22bcf685bef0b04170877f11ec6f1c04099b1ae04ab180769af0f1a7530a1478e5ece5c5f441af4faf9fe06d482be5e381f6836a704d8eeca01f4b0e364da5f739e24f6041dbacb4195a43110c0324021cfa83728be9ce44ac7e00d6ddb9e6113652ea8cd3f0a6f55b03a5e034ea351af
38664313591d381256c9c0014f9202123ec1efdc6f11a14e1121bdd2742b0fa3a1317a418900cd0000c971cec3043cc709f60a7000ccac393bd31e5c3a3a0905e09d83e21693cfa7399e681ebea3f5e883b810b9af25254e4f7a15a821a7866dfcc3a294e3077de3761da6d83e2ce91ea1566f0c19ee11fc
362f808eb9d6e8d3214360396a2d931be6674993eb96a27573497333c4250191b24bb795e182f51bd4d0ace1f23628321e661547029b9e54f004f5d3389e40af29bafdd11f9affe7ee5589333488158d6572f1fe62d9d78d0fc42a750bf425c36133812d3035c660f522150b4608f7a3b0007bebdd1adc18
03d8c7ceaf05a9f2eef46d131a6d1403d2e522a347025265678053f4b6de3d34a34a982782031db53a6ffabd1c2edbee959fe6aba3a60cee16cfddab260a36715cf6bd026899dac42846541fcc7492a7ef46735454e3e42ce0843541272916a2e9b07f9e16d6ccd0210288cf99a47c0540ba2d182a2e4656
28a0166146d0edd2d42b978d83a1d7153fdfb55a17fa635443716e0559111263c09452b11112aad0380486a3223fdc545ddf914163982cab7f96cdb803f5164169267f0128bc19f229977331b4e6bba27d2b62f5f648c649f3a82196ee87b8a0227381b6a99450b07518a4bdd543acce03db653185985e3f
33e799e61986d7d0700e2d85cf82dc154e2a1634623f312b1328385734b717934a9d4330df13b3e0039521fd711c0b3c0637a6fe81f8491ae870374b0ffef60b15f35d53e4c6cccf973bdd1250af5b3b510d306bf82d2e6ad300093cee4d51775233bfb83eff1cc5f82a125686b515cba2e0e60cdab0e3db
1c418c5b763888d3f6d5feda9dc5d539a3532c54acdf12db170599ef2228037b1391a72a4922589ddc03a2337f1eeb597a87e95311cca213088fedc42340b6d6f4da2d23e53da795487bce0e715e834d55bac2bee893d3b6f2b13ff6bf814f9e03b25ca9a975a1e12112bf3287a923d2439b885da91c73b8
2043e7c0195c3b102090a9d6c667d9137de9c295f469837f6ee08cf3c82a2c35ebb26bd80b633fcbc8f6560a560d4b16fdc39278716eeb87a3c7081a0fde0c1fe0c1e30083085f2578fd921b06f6cb8495bf1094d0f47c8cfa8c1609a90b79da21b3b48d055915a8022bdaa7a0ca55b2e00f80abeae78ac5
000000000000000000000000000000000000000000000000000000000000000000000000000000000000000000000000000000000000000000000000000000000000000000000000000000000000000000000000000000000000000000000000000000000000000000000000000000000000000000000000
137d056056a66111c82fff662255f317598e4ac35dccc13c100a6a039d973f81430548f457f3a1efecc60b3c992226831bb86675120e951b298ec1af06aa8242eaf01563888c8d87bedaad34d17c1ace39dd23ad01b1fd3f77712166614d72004830af3452c3f3086d3c120a2a413e4061c4db57735a7411
2c82fa9fa5399f004e83dbe5b2a7c6052bf24f4a9dc3d25caa49326fce76212e573383d07a2212d4c32cd34fe30d36c8d8c98df93076e0d4f6cb2fa61eb9e529e8b785e1ff6ea2d78aa27b100fea998c224243c7bc7adf8b33bb23f8efd751f6f3f023998c0e9d42081e98f254fdc014d07f4b0a3ba48fb8
39471292e17cf1804a8e6e620360342bd7c6e9550c75b3ee68ae7538782604dece41eb36f002f5df3ab558251819ab52b14263a010bc2d275c30c2de0642cbf5313b34b2f2d23b981098420fe74dbe3f379da148b83565be382902dc015b3d1907725961c33828845e09d2b7c6387552329e55e91a8710f9
386234f07a8ff6a378d414920f2d62381e86c350330d309ab5a70432d9ff0a037a28a9129bc360106ebd50200d33967eb9f404e391358dd953efbd7a0b8e3b972a81ceb3c806a3f0647c6e04ed9d914c8d809326ceb99473300f089cf84e9f22d2b38cf1965c8bea7123d8b2948ee4d3a343a5d932eb7d7d
0087762a148e33732b88241c9d0b9939bb56331c818270c586b6eee70cbf387a2fffaae6db50cd2917cc4f5b2003b7c45dc1c7b072e13e816fe7f6942ddf94d611f43fa13bb424067236b125ee63c3a727c10218760383d4020b13c788a9e268c3531207be2513172c1c5a12bd36977d40e36bcf5e638320
1c9d00a4167d95d2c0d9d8c91bffd437ee6def62ea2461257b2c7ed20e01397d98f893976a03e1b7f5b749cf9b368decf9731615919579c9c69e3737066518fc95d74693bdbf69d795afb6172ef61e36fd9c60a4e14628df7a060b07dd5d8faf6793d68e810d75d26e20f9940f7befb4300b742f9ff6e8c7
01dd12b70e79c473ec3f66b8467dfe3bb3d3db3ed58191b4a4f2d1491b2c005ed0adc894c551bf02e16652b70518c003025f957ed033f0ab38888f4430905248b009cd938c4404ec7139d930c05c6733c80a62fd0aebb1135a062c17b1a644d261a39b8a221412667421a6c5cfd1f1c2c29f6ec4d89ba747
3eddd6614f7c4872f1da119582542a3c1cae264bcfe690d554ace05183b8195e409090a28d129d8eebbda6917b35d319eabd967201d37ebb49480ba43ae9be1c148de3514f3f56614af993321a4ac0b29f8c82626f93cab07e2e22fd4de5de563d21608bb0e8d0225914a9d692cd4ba6f244f2e397b343b7
2c9ae0d7908fdf6387544813d248cc0601239f84603053fcf4623045f03c22392b2708b100229e3279aa744bc32c3ab4c135b86802e78adb9a51b89f181f7eaf0ff30e631a2085a9d56d1e17b86053b7da4aa0b42e755c67ee703b99fa6fa77fb2c2340c022d67e28e16b77741ab1eac00af1ab34f16808e
3f323b71b1dcdb80d126d51ae59c38033a543c88d922f19cdf49553e693c24637c1bb9f8c2a3c8f3b787bd48800e4a551c7de83ce1b4465063dd154b36516c5f517853f263f283af3c3f101bd0f9ad058ec6d3fc6ed5c5be0be4252e8190f51097b2845df26d11d78019a124fbac0275c1ede27516e8c8ed
32944d65d459b17013bfb2e0f86e053e351ba0209728f31327d0bddbcdad04d9de1b87d49a124405a8730fa5e5198897dc77a1f662bfeec54fda46832045500993d10a52b4768f0fc6f9a72c2270ca6cf2cfd208f57b15662ac621e2873b82fe4612b9b9282d97f53f39eb9c478b8bcde2f0fd79cbc8f517
09c973f24cc993b267abcd513461952916dc94ce77d660dc2b981033b1c52de6deb9f2b02c2124b5320c21941c1dfa2c72f06197d07274fd71b6b3040322bbcb3b868fe2597fe505b34cbe1e57767fb8858f1033940c896f189525a54d50cc70d581a7fb4cad8a749000abca2d8af7eec33fa2ba1b5bfe11
2e6012e12ad9f7129d71817cc4f8e9313a63f9ef638eb1c31301ed4427923d61f472fa4656e13b17333290fea822ef0d5880f7e8123b57e7c8c6c5f228fe8847e9ac1763aabb3889bf0cc637552e5e5756dd82116ebc7b507237089bfdf410facd81f184968e35af8d119ae9f383e97aa036b2377c2067a6
04fa79458a9949d00a7c92e7a0280835682d942d8c76d21fc9e26210f0f121897a4950f026b1b4e99a53fb01e1297bfbae28a09f1169cad9c490a47901ae2ebeff440bd304c4f9b682d90639f2f27262fb2d023df5cc5a0fdddb3f1e730d15c6f100a4aefd075ab4c93a7c55d4d850f0d31cecd463caba06
3fffe043e7bffc02229aa2214154121f9ea6f5e607fe915a44039ca30c2901deae8f491688a389918a68eed3121f88a6989d430eb212c3699e547d5920000fddf7800251820363001a87760a03e07f29ed84e3ef19296f3d2eab39ced26bf1df5cb38faa249fc943a4366cc1f87e8c2091563ce6d5523997
000000000000000000000000000000000000000000000000000000000000000000000000000000000000000000000000000000000000000000000000000000000000000000000000000000000000000000000000000000000000000000000000000000000000000000000000000000000000000000000000
0e7212370ddaf0c0c33a949b8bcf142e97e3b771564e9169d1af3fac9f4830ee86a43b37e9921f1024e217e7261a6ef7e1cb3ec9e1f7d55c222569860fcde97be76c58a14ab9cd5d572a3b326f98a5aaef3d1004b6e5557322e62999526c5933c601a39f1d08d640170bda8058261dc4039155f8029de127
319abd9fe1b0f5e19eb14370582a7835959bfba9de1941fe8422e873ac7f28a869eb97a93ef2bcb8f723e45af60704b29bad8c5072d7692a1068309b2133017ce55e86d14bdbe0c2839549021b5a833f103d4129c591e99fe0d9298d1365a6737aa21ae5cd051f91a60f8812711c7392c26ce6bfd376058c
37cf0b5751c1c283ce893c222ff7ef259cc97c18087511cb09cb1440bcc90ef295e6ebd9c343573b2a18a729da001e5e35707229200d29bcbc8ce985027028ff73e7f510cfbe7c8b6312cc1fe7f0b59bc6e0635e8cb6c7a656b00a015a9b49c90422f7cec32b248e5d0ff459c9cddbfa6268a1857827cc6f
259e9087e4ed83b1ae2a23feca20023272a9eb4f83b9c065a64525024fb1375f59aa74508900687e680eacc0b11d69da1cc85f0b70924ac8915d79b30b92efe235a7ee51228e9e2b7292cf24ec62bc1076e1404a666399841d34278f5a7c4a211192ef8b7d9998585c0e2875470f02ebd373d4276fe1123f
12b18e697ae9b671798f0afa297fd22fde831fd0916310b4302ac75fcc39103c2eef6d5aa3917f4694ea090a4b228510e806baba010e33d34297408a3bf46865914ec960a114dd4aa660c63c08d8fdae619ae0d095f1010f7f7a313ed7b393602f8152c391ce79a99b1ff6f0fe72bdb6f3734c00ebe5d1dc
36acc2e85e158ad0b89790fb84dfe224149ddd466174907bc422c63b247f28abc8d6e94c48024e369b79fb8b8333b7cd809a079aa3369f22220099e9224a86004b869d813590241e38538729a3c572c55eb6836a261e71a011ab120729ccc43c0481b3d9ec7bc4b96e3dd197a1a46790835631d432814a92
096f7ed6b7e523725d4be413b8ab9f399ddc2eb5e474f1653b26a83996d43ce999e32d69f7c087bd47f0c86bf712fd52f2cc63f461491930e6ba6a8f1a95f13e8b37bde397d6348fd561c91d20757b3b2eaa72362e20b3b78c4f25ab2fda4c4c93e344c61f9f56a0351acb0cf08d8ecd12360b5437b6ca4b
31c288a8db436580cfc91843b14c8d32c75a876cc1b3f2fda4b6dd3444d8273c559a4248b5d01a3fbaff947c750a4e15e4d86d05d355b190a3dc7f6b12366fd4830ce1000baf85f246c8a00dd54ee875a26b012b1e6cae633e5507c3a33ff3bed91068952f384b433d093af3a3eb0046e046ae0d0dca3e00
033c355fa06c0033941d5b1c31a18e0dba8c77602aa14377d631aa128bfd04cd295dc688072221c1f8438df1550fd265f01629b0d1c8295db23806b125606a170de051e120ea3b2aeaabd305fbb4f5c231f40001534a63fc13e7082a9e4d49d48161020fcfc086e15a2539460acea499d20779c662557136
057ee3b51df12c51a284bd605b56ab1b64da80fe989e40d3aa2f485adf65138d6f05c87bd8706c95a7830e888f19f4d5de25276ec2984b6fe4d0c52906826adc1124c10265eb4ce128ad5e25baa11b93ddbd01580d798f27612f237e2344b3e04a60fc7e9b188ef51d0a0816da0b6d1ae153e88cc942d3fb
374b8d872f1ad13045d58ff9071d4e251f60f53ba301503484444b768eec117b9765fae7d00271e46375c59b6f0a9deb859b8b76213f589c7092bcab1def640e86259980726c952c89acf23d2031a676f33502037e2b68fb252b2b6cd1866f2bb6a3a7cdbd3e57bac71cdbb2d38d594d602fddf334ee10b4
2fd23cdcee97f003cd4d7ea60858cc32314ba8205fa3c34cf703f884885f1352684909d725b19d8fd128ba091436edf1560a3474b163bc14dd65634520cbf5af56fd60032d6b54711f69f20b79c244a4a9bc02eebdfd216338e524432cbe237eb11009c40cbf81263f25e668437dfcf1d2ed593f41000dd4
1e35865f6e1ab060db3547dbb04edc2cf8615beb1331d04518698067efb8384deaaeffcea912261b5f9edeac230a41768a16e740626ca2641e2e05d1330d8d8e6b33bf111a6b0d3c1807d3319dc0b4553fee82ac644a62c08baf2d9819681ad16c617f833f5e23f1e60ce23c4cc6af2fc10295ecd73178ab
36aa7d437686b67182d96818ad6cdc1663b9f1902de27139bf762bf8989c1f3c3d8cbe472672e137a0789c723929395251966faa53eba49a31b1a37430b3e8a326737e5015a22f6d8767421275d6807bd2db7016c5a4440e4b632e2d612ae0887892a5e43da4b0c1fd228eac95a51e170310a27322e98806
3ffe3ffffd23e69208b187c2a20a9d0215f4018d3c13c06a39bc65f2e80c34715bc91d95d2c16efcd377632dce1026c904c26ac701a40aada6156dc00000dfffeede0d838ef7f02f492c310dd58246a3b50aa2aed113855f16d708943c7d9fcc23709cf48018d116451e1db0c26e084463f4f118e97e57f3
000000000000000000000000000000000000000000000000000000000000000000000000000000000000000000000000000000000000000000000000000000000000000000000000000000000000000000000000000000000000000000000000000000000000000000000000000000000000000000000000
07b2bf115795aff0dc600dabe60f5308487c2a610b2ea2f7ac47aeba8e9c26d20d74f211b7d2d064d3d1658d2d0d0664d28e8d6f92700ed16348ddca368308bc66788f130a201e8d50fec013e2f2d0bc07fc03479f1f7f2d13be3b355071f3dd0071be5ac942f9924f0afcb8d2ee438c61dde3d2753b3ee2
3d7904c8e11732f31892c2e90ab37b19df8329ba4907a10a23af0293ad902ca885bdef07afc3417660e4a9e88b3ba47048b5ed9c026a372035aa3c4222411c479b153b814e4635aa0f85132a464b5e5226b2d254c2a8fddf42f10a1c6db4a82f9be1a9cfa81283b48201a536bce98db172fcf3e5124a41a4
10d587f4953ed16018d1104855bfdf28d0bec244472933b79eff01e1c3c306cda4d232f44a52175f4e35dc3f4808235b96a91d78712ee6b2e97869292e9b0efbb0ec2da0eba578aebf044e262873db8ac37002ff4e371abba32e1c6d8eeb1f238a03e79f0d464af8072f443ea97810fd91dbf62c32e88629
02ecb065e4e3e9d0cd9927b4c250851a93070467bfbd81b1bc49e3895adc16290c4ad4d7e272d340d34897a7850ed0eed1d6f14d30f5dca666ff5792059e7c8adc4404b2d3bb023227743e21ca37a4d451c6f0b7aed968b7b7073069f33d9a0ff6a3d6d775f14e7b5e0e1442657eb7ae838b0395f0809451
181440acc4c56ba09886e319d2b64013eef964531c7161edaf33845e28fd30d359c6a0e204413445f9ee9bacfe11ae698b0bee6b33ad01d494f3c8b9331a378103dd96f2c7d8b713bc4048055d9c9228453ac277d65afc2acdfa0966d6a7d71fbbc0495ff9a81ee31e2289244f8deda1f1ae027b81570563
087cfedbe2ceee21d06796305f239e3d9b3b799edc5773f256060c26247f2692f074c258fc0152175278d5d30a0bc0eca0283a75a3d39161bd5baf5836d2f2d1bfb1ef0048ffd4ae5a902e24cb9fe93902d6d0fcde999e3ff9e43e688722e92f0022429880274c6d670bb1949875a0a8704f71ad8e7c2615
3a12c8098aa47f43dd74b46618c6193a5c9dd43b000ee19cacb547dd0f053eb53e5a6e769cf073ba853fda151f1d18834f83b53f10e08decd84a01e90a93c7c85d981460765b20b87394b83976b6bdaff0fc31b8cea92f3f296036fdaf83691d573233b72719d07bc13d79fd35dd6438300ccedfe52b2e58
17db5cc5cf6daa92de5ad46162ffc41c2b0952435ef3b16f60a3435285431994f1cf45820431cdb524687e860e210da021f3ea044240fd83e889225f18a093aaeb12f502f4eb2e0339e91535e50eacf84364e398e3b7912d0160398eea4044923c716cd4b91aa577ef291d59c9e051d8d22c4ae377022a04
249f0b1450b7b4a0666b372508c47233721942471112f1fdd10b9ebf1d8a28e5ccc798bbb210069a73020226e70d26708ed9d5f2204e17ab44b8c9d50e559dad24c0ca8204faaf557a16f4216d54652ae1f022703dcd81910f623fbdec74c3cff0903e946333cea7402c3d71e75ab573a0538246409518e3
14867b92776ead633e36cb8c7d44341ac3c23b6d43c601512b9bc56fe0ed08fb5afeb9d74f6197ed1dfba359443c8c8eef057399d3d366d6e48e3cc7139c7d0bda3498a330156d0648ad8c1e2cf42d7585e95274994331ebb528103e208e84e1024392c74a0a2c16812f5608148b5dfc93baf02e404184b8
2d2c7ec82d0465719c77146eb682d53470a7fa8d04d3d3d197ecdb5cac753c712d4cfb89a7e3816ef73e36746b19124eb77e58c612df0769b73f09931bf75caa754b74f354da24548f19af1479f1084c82dbf00c07458c3f66a13124c9e03a90b493f352a365d2a0422640d882dd2e8cc231d3712cbac839
1377506bf6ec30d131f1184e0180ca0ad3e45ac336e01014b82474869dd100377837e3a4fb6308f6d99f66ef6b2ed684b70ebaccc0b3abd1ad7e300e3405e9aac725bd62808532848c02a52dd6f69306b05a0021753a8601bdee07689bc863655c53c61e46efe2138f2261284b8d57e4f292d9251b9a603a
25737f99d9b19411cda83bcf82b26d3dcca45dddf3a020faf953b4803a952758fb80c5e7d30102addc80c56fcf354d6a73f5939f915102800651168c1ed2b2649a78842002a01105c4ea520dd34b794e8a2552aff649854e12a9087c886d18317b5180a01d5106944d03a64d0f4c2b4d41bd622284cb9a0a
18671681ec398e402d770e9b235ba72131384df1a1ee9129b56305395d452131349b6e9a988043b7c19f4d52870c5713f56754f6f0f4303d8c40afdb2573043e3961dbb006934e420f9d5721ef568123fb0c52bf3dfbbd39ceb50d6724686e053a7221ddbbf5868029392faff4392941c08c085b2dbfceef
3ff3fffe60ffdf80cfa16f3d53c663044e2c667ac58cf2d4d6292378356621f22e552658b4a1102b46a2b2815f0bf68a274cb92672af28b67266cc7e20060000aa6010d02b7ffc72324e4d2cb966142ae04e1015be08648e24e82f06e8d568b3a5c05118da39e696270035d0312af114a30be6dca4f0212b
000000000000000000000000000000000000000000000000000000000000000000000000000000000000000000000000000000000000000000000000000000000000000000000000000000000000000000000000000000000000000000000000000000000000000000000000000000000000000000000000
374d990ff895d502677331e26ea19d09222be4e131f59391788271946f1c0666f70cd907c1f299a683ff610abd28d329be74a83d539be970f03393752402855901ff0ac3eb43a290256efb0e597ac49ba1e68130c423541cf8ab2402b774da8a3ea09d3eeb813b0b8f06825d4f077c10e06f2229c9a6421c
1be3d352b1ad072114b4e67787d89334f2a96ef1033f030f93638a6c665c14b171fe39441c1304a069fabef3e419bc30e9d4ffa5717d533c417d92430ccdee19b20f83e1987920d3b384cc08810dc2acdb36f1423ae1afa4a1ec3e1193064cce83e356bbe6844b241a3551d15d16b57b03c68e7f7fe6b6f8
1feec7b3ec6cfce057ddff691b5dae0b25873fd12f8d23ab97ee11ac964818aecf8b0ab543423c9a1d0c7bdbdb22fec607dcd33293560bb3e2a0f08b279c57c315468fe3af8fc61d94bada26b7ffd0083731d2e41abefa177f03187bfc91e8c22741a8f3861b4d97c92d118c9cd2fae362f72248fe1508c6
2204e9c1c728bc03fc532945d3bb46361ce961c6f567e21e1024831177fc0a2b8b948eadda32abc960d77ba4e2202ab68f02b724f08230f3274caf4815076e79a08881534fa9426584b40f198523566cd01c5336b8914923bec818dd447aed4cd553a70af6e5d9d10e22302bd8ed13b7c2ac603f0f84b7f1
1eafb53cb730035155284afad32826384ceb89a9289b31a1b4d26c33df381e6a8b648255ad512cbd1c84284ffa0769b569035b0f72f92ff3d02ef2dd36f7677900b1f8b36ff733468977a606bf073321dd8b6121fcc5da4cf14324c597b04fb045c3f5ecee1ca19c571fe6d2c6896d7dc3db0bcc5af17c2f
070cf27f38bef841be59bcf4851172216e206ade42aaa1d7f06f9443b49a3f132febe77059c0e90f8dd4bd0ccc3dfd372173d7ee41712b70f6f343b61bda51b92d6408f24685125f5eff931bb8a40b6ec20cb1f84abaf6f78d1b3ba0aa2f7b82570117b6cb727654640546519ad80dca724ca056c7102e64
2465c124d9c045e01107b5881d2ccf170a663156b65802ae328a75cb03b72405cc620b76bd01b9ef10f65eea4d21687704da35469083f45f57639f2d34cac960c8bbe5c2a24d2cbb90724d1db0d691593f64011ecacd315e2dd019ab67cedbe7a1820b40a764c0f5d52e4a12d52aede3a2b2a28ed6a33473
022a81d4da5a99802c71125e5294181dae3ffe80ce9d22da12e507200b2c3888c399eb366a93f46c6f623195931297c2eb4e91a6725530e99a62281b2fe586eb60c9e2f3d81b0023bc0b6913b419a64c91a8737c30e83986e45c34d2bbdc18bda8227b425bf4960ac82e3ff52cf9126931549c33d1b5c10c
11b15b3025f206b0c19e1386c032ce01bda14d721f331056a2251d7560f30822d5cf8d774693b8003eeb92cd933f9f0aeed515e1a157359cf1d6908b169daf98eddec6200af2aa787bdda43daf49daf0d0e6e257e6edb40de66236c41a30ca70ae11c5b1b78f624b653fc48a3d5c9f0132002ed1a0e66375
0b786b043294cf805bcf25c9ffe13c1a252cc7ecbc94e3fb48ade4548da92cea351b8885da409c0bd3821f32611dceced9e7de92d2814b821e8a02361842251817b28b83c79bc16c2938052616c369dc4ea463aef12339cbeffd34f8dc9fa50f68021e448d659cf94922571d24f353e5a180d44128d0fd79
36cc43d6e5c92532ec259c8e41add33b39f8379fa1364227fa9026bf79b4057ff9527239d9211fd3d798019aba0c6204c2406b1a122bd0228e99986a16ebf3edf1eda8c23c84addc010cc137ac7d06fda1ea206afd09dd2ccc6438f34069033219138f09e48428560d1b858f46a314f971226030ff10054e
34ec848ed80771e23fbbbfe9b8e2fa13325de2edca8bc329bf3587dd38520eb1aafcd3617732f993c2630668eb1dfb1d5bd7967ac2c0b882130dd4a30e95db0fd10dd4222d5456bad6600e1ea1259272778d0166cff0bb71dcd629d558b38f87c942deb710e1423d2126f7f9600fd62e625c69ac3dca3c38
298dea631b1049b3c74592981065dc128559814e31fcd0bb75270e11cfce0d017b31446035635b0146d45e991e1971d95e9b9bdab0a4a3cacd5206170f42329f2e345382c4ddc872ba3d662fa9a654354ed43047bfc507efcd4319bdc9403314684235c8bc5853e0f0085ab15821f1897202ce9152184d7d
1b62b79ee290d9d171480e9a6e54122f9bff3288fd7080414dc452a0ec45159ddefe26b59f8054e1c1ec2e681913f9e205e4a52682b6f57e9ce1c64c351b0f710738a3335fb90e098e19091ed1a857cc4fed107a6fb731547af128d83e7f84775443a96546ab5604be21d1488a2f0324910e22fd2e6c7122
23f63ff4041e3f71dc037e513ef5141e90d2ef50455bc2402e16590741122b633d44bd966643a0efcdd99b1ff81c2f7a96f6eccec11466c1cb1277180e04e005fbe0e09052101b67830cfc2a8aca8272bed6517c2420112c14361bb4d68eb670535383fb02e7731d31181957f953c74083d56b3abed23cb8
0000000000000000000000000000000000000000000000000000000000000000000000000000000000000000000000000000000002b6544f6684bbbe0000000000000000000000000000000000000000000003f7349daf566b3f0000000000000000000000000000000000000000000003e226496953fb71
2994d46b5b949d41b592b0d15b79d42330bbb02b22fa10fddccd49cf933634e4c2aadbafb741f62184599efd2801f438059c9e212272cc85bce2d2170a448641a93195e3ca44ebb3422800175291ffde0d36d20b46e79c90c4a52432b69b7534cbc3cf3ee90a21522112aa5d85dd7c9b5038c1c1eb6e2078
29a4d47b7b929d4045404a657ae46a3673a88985e0c10326ea7815fa00bd072c4b66652b99e1eb53f697dacc7e0bc292afb031124209052045914b412f3525921eccd133287e0452bef45c26a90b421d23c9911ab4e3969cd45a239e162267d73bf16ef205ca1a6e6f35b17d65ea007102d7fdbca6219e2c
26f5c3c9f4237c831f54e93b35cbd007d5f14bb13261c19a3545f7a669ea39c61822b1ee64128452061c0eade63f6d4c57b2d069a318747574efb44d393a4414110875f1fadbfe15cd38d62bd8835155783c725f8e084ce85aaf07e842fbb6f6bb90197d9c9790cefb23a1b0c7dda12902900207dc7d2a2b
2081e680d46ee622c9115faa93257e25668a4091ea29a0129700b4fb7e8e1c25b745d3f583e3973f76c57d9deb28a64fced16fd0619e1823a12118e217c2d450fab3e4a27875816b36323f05a27e2571f96a03f24d501f7d59772b1032e9f47f3b02761d36d87b8e1512bda73788bd1721f94fe4c549008d
35a9e8ba5fca9eb3f65eb287a3174a067d61cb3811b551cfe9afbd371639249693999b5442108fec481905d3430a3ad8e8a0f290d1713d11899300280ddc23d7fd26bed315d0986d9f27122e699bdc7da806336770aed764dbbb0bf57c87848dfc80726ddac34f1ca304cdeb1f45c1b733ce4231dee4922b
3c3dc5e4b4f32811ae9845c66ba8bf2b3ad65cda2455d323d52d8c3050e90ce7103d2242ad3123227c7a8cb1c6309d13ad26f744126e9d1a6e3c93612d95bb9a0a8ecc62146ebbeffeefcf0abffd94766ba77275d35389ea09ab0afc8e45eb6af05358ea67a02445950c61fcc54e135ee1144a0879f36490
2743eb00a2a89eb0b1824da87b06613574c69b4f55b2d3253a417acec9d132d98f1f6391ee8338ba3350b2fae436bf62af7e74a181423e6a00ac9cb21936094c981d8ef19c4bd979390977352f4100ab8fb252be5adc288aae7d334985238a4cb8526fc8d9e68276e5158488d6210f802250ace5b80b70ff
02696f94df62a1e18febe7d5fff62130cf60aee6c6f262e884d123dc88e63154fd8f0e37c781c4db22ccbb895625091a7c8771ca2396c8f10a6148681d80b643dd7b1e92078205a12f75bd2c187650266b2842e1bf976fecb84d2d144d80d41b4ed1834bf0e545d6a508050a8c438ed1823f70298ca90308
2de078ae112217900932becb50667c2ef3658b61cd6cf0a4c51f6e19eeb20a4335ad9335a221d1367dd746f7243c8e8a57b3d52b2089b0e2990b08f808bba78cb903cc337fee3c3b0dbb282ef43d82461fb3c2271161f3625bd6328f495d4b69eae06ee553867f017203e34fad89bf7430f7dfb3f3792511
306c2bee034584014778f08d03eb2724d4efa5526ed12213536c954bafb306edc47ebe6771a2fd196b5bb3358919e8fa4a9c8a73504119db1514795e1c0a5e36d750ee43a76090512d9596029a89b64201ad51f6a3ebc78ac49735401b7adba4ecd2c09b8baac1606a1f3a2f635ecae85111bc5ff489fb64
0bca12fb551476d258860e6cb2578704ef25bf13fa75b332aea4a7119ae01874afe3f754109092a6f611187fef13a51aee3532abd26a91e1839f3146354bde00497126b343cd966ba2664200d6c97c532685b38b3625e7bbd26f2a3ada1e79721cf038054b21456e111690f86b6bdec952286219d96e2c6a
03de375e0c487480983d60cfeee55117615ba788b38be036c6be4b847cba05cbf0e7c76bb17280130233c3c8b5028cb16f36af2aa39e3376c3c7a72d15f2e093f781a8034cfbfdc3710e5c1d43fb3332c20d42d7c15c0bdf44302427ab1758e1eea079df1b34e2923a0d2c4ea77fd78e10f387c00874c68f
3668780ad5387bf0bd9ce2d664f5513c92d75cb509b0c064d5059337ea960b46c775250c1f918f423f1660350e02d9f6d37bc12503286faa864df1011351791ace365141f492a6ceae53953593c03c5fc16a90114715c565b0ec2a45ef90f8dbe210e830dc944810e43c84d2730360860201064e99c5fbce
2163089668aef51046e19942584f853edd62df102f7af308e864d370a72018c60942a4f6de60fff4ed752685853d85a89d80737f720be1bf5d1b755f1354bcf7e38a1f418a49b1217a5fd80c94c04920c25071d959fa91c1c32b27750413b16c8b225f45c887eb0b58089bd308e0c56e13e7f76ac04da3a0
3ff063f65cd3ff112ecdd566616f3b2b20938533e54b80f957572a67e28f15e0586017edfa72185bba9896fec01b9b3625e3222db2b668c8779266d20007ce04bf060103fbe9c95d6979e22442ea3780eede7067424623459995013472b4a5df2a2048450c88372dcc38637a31db9c9113046a37689244db
3ee39a89b3b3061365028b6b3fa0451410662b558e6631f30a06a59ad7411922d1ebbc5c24335e14268c1dfa520e52246654a1d631a6e07369fa70f6236c99f3d41c836222d3db15f6c9021c07147e97e763e099c7852bed89ad2d366f3d50088341655228753d34e93c8c9206e31acb91ecc1d7c300a28b
0b21024518bccdc33d1f8634756e7d07b70528b85633b36884c4a8a052672ebece96cb509ff186aa284aee7fbe19a25a9971a104d091daeb3ef0eaf032b960ac2cd0490183f48d4b2d7b782ac2cbf6e0988d43dd190b34cbb829265c7fc9df949561e65ee27ee088392ae1701570d8e6d1a5e4885af46ada
149d59de0d39b500921dd955440dbb1c42844b7c68ca60f7821a5ce9781a2c3601da355c37b24c6032fa90ddaf047ce0eda79fe3423dc8499f1edc740878f7ed42fbea11b5ff31383c1cd101b5b5b9baac39c0e241d60028c6b62e5fe3c27f948161ef7a48191197830c07e5f581b60df070aed90e820181
34891e2c95574300892842653b265010f06270a39305e3958c81d2634b7009de9bcbab27f67043d489f9fe0d0a2d7472efcf9c2fb129012dc3a75c2330c339c6e9aadca0ee5c68ac6ed6dc0f6b274d8b11b8f368ebf695a7ff653e019de1df53cae16af95ab0e641d23a22404390b62910d4d98f96b91921
02b6287a8986b0c2e2df6a7f16e85f1cb1cd6c0db4f021fae97651119a3c3b0d6214470beb22038cb04e35e3251459fbcb2a806640d117fed494362e11a89c033bccc011425cbb4bb7f1e7103fd520aace86329e5073cf10bf902c5f077918c72ff1578fb546e832ce0baf556293fcf1f2ca26271ca04d18
237d99a5ef47c0033226c5004ffded3ba8e8f13964b7c1c27e3cca58e2111c7fb8376c44e0911e362bea3a82952ae0afea1d2a2292d1fd4c2b890d95091007742907eef0d096cf647ebc2b1b3263fdbc32a960e4b2878cb275680496f932a2b817135d954060f1fa350a9d00b1c0826861fa23e1b308e5ed
2e0aab259dbde7735e9fbad65618053df4477533387173f512415c8e432b0643f13d9fb545d23ac750286085170eee98fdb5246ac100797fd8abfd0e10e394f535f57053cc76e441c9d9fc05c9f3f0f994a7923673883bf9e1cd16facb78d8cff2c16d985fe3300430192ec5b443f018038aeb8f58b5798e
1810aae46c48ad43896521e028edfe07b6981a7af273f16f7790c4a73732325fef739777c3c32bea3d41f7e5e2121e1c3692300951f430dbc456c6e909531a5cd88b7a41ae55565eec815814627d0e805b48018cb3e5617795e21e327e1c65bf3c72689757295a8cd13ab1667260236b80ba6ae6748fdb37
034489a8b42d84a2927f949852e9192819cd0fbb5778d0fe766d8be85cb830f8d34ae4a049429f0439548717392faaa4abbcf09603d327c8328f3f9e26673da0372614d3dba3883c11bfeb27609b9163201f435148942fd5673423d78ab7a42852f3a959d9c5f0c758399efdb2b3559183de48be3fec3388
12d792f687ae94d2619cacdebaf47b3a5642135219b2d12d5f032ee4f30027354f4d85263dd1996989352ecfc4184df7102f15730091be32cfa8011013fbac151724bf308f4a874262dddc342b7b7db4d5d1a2409152096641c33f51ce06f2b674122fa98933383d0006e268d615a704127416ed13ab68b3
304307f3a48bdce290cefb08bcee8905b4bf4b38dc9ff244e14942c4a0012dd3909e050b8f312b039198b80b8c196dadf75ec11450d52ec0b4a00f611165d30dfc74e62134b3ca02f264633b8a55adf500ee50e1a00f91062970388b2718b4b3cc539f47ed4e7ee08e341aba1427693d7150313756b354c1
10782530b5ffb400d67b3bf899f7552b8305b3c87d7eb3704e72bfd9bb62193acc5687307a12e6f67b392f9dc927f3fe7f892eb772f764039a5317763e77d62e8c0e0ca386b4d660aa61cd0f122c5332de8ab184efbf0a3178e41bf9b273fbd9c44081de85d43afd6b3d888c8375e473009a45f70393353c
3cf8118dedcb80429f8136107908cf39541fdc158d95722bfae8d8f09459019921748493c891a20183b7e359f1264d431942014452d6402e75e39dc53ced8af128a515605f1f57900e1b6708a913bfd9bab3c0470589aa5281c205e64668714702535452c9c13bedd301cc78dc7bd2f861a31a8d01f139ee
2943307536cc8be353e21bffa711313973fd5ea3557892c0976abda4ec16088d31a264175751695400752c8f4b0c09095deb9a3e3296bb5f10e20859389026123d1d9983e179cf3f1977a83f81de22cd1153739b0867bf1c2c002071d9cf1bcdfe40574d20c1a0bfb203b9f6fe9aef1ab3d6cd3fda6319b1
05bb271055f5a0825ed08ff6ced057333dc1cad3485f237a24fa0a9d099c1099a2bcf34878b204f463f73a9d3b31e9165889e6e203ce7cd94e112ea8177163ffd24232602e3e02a53529693b445f2d411245514e0163cbd2930e0360f5725e7588301d59e30a07770c018cb8a2bdfe494129b6797c35fa6f
3ffbfff080d63f110e3faa011841a43303ae0bade491a185a18d0136548806a1679217d7f2731a052d18ccfc863fa7d840bc944be379474cdaa8d14900020007ad04e100b8f2058f9666b420515cf443ef3b62211d2b37bd609908d3eb1ba5ea2e22a09ed0d33b05c0065d292470f381f0a2faf537280f9f
0b86d3b1f69100535f4b5ae6ec990a2a0b0477ea81fa02b12f0a42dc68d32e411d46d0ed29111e5ea70657dfb513213ce3e219631346833fbe066c9b2452a6978b4f8ec0a8dc201996bf862e3bd16a5da101a0852fb092ee8cd03d0b89996d643af2c6bde0459d5fb913ceae268be077d114c2af03808d95
3bbd267ab927dc134d742e8545baf5141e3c72e60e807309e68accd11add095a6005481109824f9a2f836ae41b238ee036c913dc90e3fb1bc665635e288acb863ce1d5e0078a6474b2b0c820671a8d7f451c4313e4aeae9eac2e3a680a6a2b0a0d90980632c9d4028904b08e12baae2813bdf7359d731bbf
304fd4e41ff81432512c34d8821f6a14e588f125c8ffa2182b0f06b5a91d0bd90995cf3c5250615514211b952409963909934a737352ee65affef04f1d2b4694279639b0eb50056edf463a046866eefedf79201fa6962885619b2765efd1887093e2ac0c4e7d8bee111a9a6f5a17e910c2223190dc47967c
2d455fc12d2ef5207c244487179f3d340c48ff1f5200e0695291c8a70f32254e7c170ae16ec188e4c019b2d4f6218eeb80483da3c188aebfd3282d5424f04a92ad4a7e306d64d6978a9eb132828d4ec0ef2db046de42918e9bb02afd5bb9a80401b39bf8d948905d76323121b0afd56b601332876c1d1012
1376482fe42544525c3988108d086d0205a06cbc1e64835d85af1ca2df2a209cec88c8f25911ce6ab551b0af8d140def63b3eaf88057bcad0c3b36d904f1e482750149a3fd0fa8f6d7b63c0e6c4929c253a2e317137fe706c03f365a7f2893c1de408ebc65a5cdd2891ff423101d9b857258c2e8471b991c
0f2ce042a713a3c22c8447c06aed59264313e19259ed8009d783d955cf0622182452c7d4c061683dd95c35886522173b109d1cfa523857e7d689b44305ed0ceef603ffa2a6bd4d4065ec6c1c6100bc968fb692075906d60702a235dc9db67a395b12f53315fdd3acb2243cf98d8ab2c143455f07c69cbcc6
163df39289f7b0d305b543b36f92ce3cb9d87cb4c51b0328c04e6f585e35335ab8a6fa537ac2df0459a8baaf6624796f7b44a6d22256633ee70f2a923d1bd86211897170a97636bb75f48639f850d692fd0511abbc12802b488c15ff213a71d057633736c80694ea813d0ba4a7c67ffb62d3ce062eba06df
1343154e85733ef3b4cfece2ee7f143b8244a69222d7106296f3684941aa08577cc982c4e9e0ad0350095d07bf0569295a05d18bd3699acb09f07cf30362f04d5d6a2861258be4df1271f507e515e485ed24b37666f398fe101f20e12d9ca6ae7d314cc036ffe4538830a292c98125e131959c587d30608b
26cf16b250fecda3ae5fdad7cf71da03e3dd3511651a22772c2ee99dd76d319637656c90afa3fb831f41aab86f16335dd0e4d3a0533fe6f0e6bb0b102ddb09f5e627e861da6ba7941114322dff6295fcca77c217dae15a91bb31045f3195237760c36dad5b0d8214a80ab91f516c86f322c84b0fc87a5b65
176e1cdd2cfa2e803fa7f879f0cac039d78d2301348d03c3f3c6cee43a8b2035a49ef7c27f03bd7723ccc4f6520dff56ddf3008d613661a585e54e7d3a19f009a706d882d808c9e4d115d83c604c6852da85f266df3e29404cd90344c4e47351975177e90ad61da6470a4ecf3590e529029e1b2c38360510
15f93f5e1751c8617d2f4db3064f3c257f5d0ec2372262cbcb9028b478fd1e02c36c71ca8310d5b6b14f5b21e11097aaa429224a50ab3b32be2de47c21f26694a808738267b25cef1332101c32495782fb55f1831d843e4fe9fe14280f904a1a7c33864927ef1b12c60f953d94261a33418971742ef28377
248a145b307091b2f7daa146d022d7315f4eac5d3fd980a870dae74e1c48313cd90e50145002d92b4762da516a1923464d87d920f0b0f2d5baa363c91f3767f6971c5c93a106a9819252a3272e40fac8928530392a576f5fa4ab2bda862a41fa4ce262ec5d6f4636a805c97b193521192279cd73022aca23
00650cbaccfb0c1263fb143856f6ae284ad889b0b6f2718d45805fd085b6094113ce218898b1e5ff0b8e0cf5360a4e13d43c3113d1ef6cc4f050b95920d8d3abd1643f62177297115c018d224209295d91e15305343bce0c74ed25325840f5a4abe2a6921a8df3b4de3f7112f4ded2b9414b57e29f447c1f
10c24547e215173149268d9e9252e93bc23da97791c3e1ed0cb8b916424c012be66ea907d1f3d6c9a0d5ca9ee72762831749a574a1f0e798aef1e7b717548173f30ad350d309fc30802c6e295b6c29160b99d27d5864784632601cb83a3cf15fb4204438eca903b53b0899faec7d4b4c10568efbf39b9523
2b7bbbfec4cba36317a6544b0fc24034629e81eef346518d7426bb4f2aec0c1bc4ee9de6bea167457e9fc7e84f057e2f2396884cb3f273225cff037a3f27cba19350be13f660547c3696bc0b78c3a5757f04e09503f0520769fb01aeb004624628b10f70ab502bef821bb7455bc7b24ac02aeca61e01d377
3bfbfffc1cd06312a7550b6f440e2703dd5e27614be902cf2fa62eca106719bec64190bdee2024724791494b532e44afc9410201d0636dfc45f8aa7002020001df07cf032c792f688207f90cf1cd33b9ad20037c561ea0d282aa1f453bc3e7673050690b48809e30ac153fd2a5000a4ed02de79d81a1230b
2ffc0310ce660cc3118075745cb64625c0ab5bc9a34c238d5f6a8ba0e5390d71241f26fcbca042494a2c0e94a83e5e0d5a70830df370e212eab89a9434b3bb8189915cd38db69b006481343aab15d237c8719055b115b401d6d63fe65f0cdeeffbc1bc31f089ade0381f99e0289b2bf4b31295e6bc6cb2cb
1067f1f8e2579982eb323bd46665980556c88da88136e0d9cb415bbe9bc814a726e1b399d55135995d6f13e6c5280f32b426ed2f720602bc4dae8a712b0bf3dda8b263010c680fdd242720259287d6bbd33443ec6363f63255871b109231b2c421032e6a7b7d2c06e20cf87622f317f9524ae03520d39ef9
35c3b6d7ae319173f9c8e015dbac860d0740a91dfedf330aaaca1e4142b3182aa9bfcb97b6034b162f6eea07e61fc1b33de2349630d16378f804a23229ebff951372f4d098996eeb0e462819a17a196fb110e36a7110ecefab4726ac48266caf26c2f6caec556a7cba18cd01a54154620363041181213a9d
10a3906ac6271b712b25cb8e1f4a6709131c47f3fbcd22589d886486687a27dabe2c686ac7f147f1ec0dec6b2700e87062ea179f91184b649eb8da333ec41003295bb21361b90b9e41266a345bce8675a96df185bc0d936e567908eae8bc5c45ea63b673d0b6a7b34a30a1f973e42c2f003af356a50cafa0
3827276479947f416945721d3e25b933f00448594af703fbaa8cd82c14db09bda28d7617be62d23e2ea3fa3ee710c7174ac198313077c7265a6284e034bf2018f8a72d417f635e0457bbbf1be5d664187c29c144f8314f403c9b19cce701ce7b31623086986498c584138c14e12541f480dcdac56725f2c0
0d54da766259eeb1a989f3970f0cf51bba2287e3b12e43484afe77ee775d0cea51464478d3e06e5e284518afeb1f71b0cfedfc28034efb5d3aced144389e7a89d999c773f72441746c0a210a48a25d41930780595b117920d93418dd232e25e27e91b6eaff7f76bdde0a8bf2d7ee325d50511810205f3921
3c6ab6af1bde44a1daa11337bd85a81c5735f061a5f1c33955c7a905407321b018472549f3d29ef189af91f10436205f7ef82cce72b2e0c1b3ab42311eb0c5d1c6a83dc1e405beebce47e80c21349454703e716e27551229b4512609104ac6f520c0bf3745d3011a321de75272758fbf12e4537e21fb856c
0af3364585bfa830e976e83baeabc7057d615ef0d480d1b8832b550ce0eb308dac9a28174921adeed70f974451357e8d7c9188291143a0576b2829312de08bd1691587915d413e57808baa3b515a267aa86e71b38e3be4e98bad116cc1bffc2852b31efdc450c91ffb316a63455e7199c018e4943d9f58df
2e3c5c96adf8314321cf341b97f1603c4cdb513355f7b2951282c5d94f9b20674ed54ef763e1291cf336e11a753e022b171e263733ef2c08f58db33404e439e383ab2c73299b5620643e8c0f893aededc0c4617a3ec03036a94b193927651a2d4f01d85973a6ce72d71811b9e228ca5e93a4664a7fa78285
01415b69a5ab5e20980b1de1f462f234c20dbb59e3f9208ef13b8ca657c82a45c525b149c8232353c7b41cd7902c05e72d42e568f2cf382f12c34f8219b62a89446a2bd26429cc4d76d8cf03453fef01343bd100cdd8fc5cf448154c36924f57d4c19a7058bf9fea212ac4706211656e21b1b6e45e67f8e7
1a7578febe2028e07d2b3ad21047fb2f7209c9f00e6fd1050704d7fd9d25259cb67aadb1cac006d69e80b967770323a0ff1df00fc1af69de0e24b14d193521d72b9ffee2e7fdd27b10206c200ab343d8591d91e7480268a7243710b9d9eae740dbf14041d0e453535a3ea3ceb8b0cb71b0658d9b7df1082e
0b869aeacede8b71b14832d503ffac1cfd55aa53d7fa9177218869ef430019c13e9adb4064e281b9d955e77a35343286227c6032437dd5e4cee21fa30f6e571947747df07fe93023583ce803338655abb1875399f7b2d76aa7a7012f766cf9685641d4355e9b4da31c322f363dc000911063f023763be1ba
1423676763b461728101f0036da4323b0aff10a9ff9b51cd19ec3044c6dd3d0aacbcde6d2b1173d2d2d7c7c4e5088833a955969ba1da2b0f0f9f8641232e648068125a10008ca8feadba2a219091af3fe35d10a014fa15057c5e21b039665bc1a4437e6f8a6ae4547f0e98dc04646ab2210fd65664c3e143
37428761d48a0413af40ba7c84880a1fbe3e9a197e5b10aa1c7a50d953943e6099acb428d6608243eb598fd2b72bf225cf8ccda972e5cf2bafa1957e17ce91db8acc71932e0475a85ccd5b1185a7756e246a22ca4b999d5f660628c2473aa420a8f30e684174a3f6dc350e2a812eb96d930907988051727a
246c7eee2b5253e24d1a36e59c74eb141d5190bf68739028020ba71eddd12e8f2b281c641f100ddc56d4f18de135ca202ce16b54f2db8e49522074fc3bad55f85963df01307d28199a044d0d1c848ede12c7b0bea593679197253ba305ef20f5c583af5ae6e1a15e3a3e807b610e7416018541b7b836ef68
3d3ffbfc1cdbff102fbf0f310767ba15860c5d066ebf62742cd0944a62f52d3e324891b692623cd54682ed78171118183407b139106b230df1c6a98a01600201df0201027b712c78377da22f102dcb97aa24824612b4ac040e21158585c066eade30b14cb2dc4ec7763da5092ac9550b602a0d14abba237e
08d50905dd5827c0f57e6c9d90904532ab66389d8841523cfbad32c509ff390326411020a863b4cf9db3805a5b2b07c64e629ae6420833d7d7ded85f2681d0f363d509a05c86a329d118920aca09cf1eb788c114ecab662c903a11b06530e8af1fc26f1c68ef575c712d882cdb97abb6c3099a19962c1a6e
20d5752ee4f265a3a585d149ce3bdb3be848ba9e510630aa6dd0577218e3351fdea0e425e6f33f5a9b6a210e3f33a91947cee0fb807255e93d1b3fa8154164b6ce6309d07fbeea50e6baf12d1c33550d2aac4159cfddcc6c0ca4374df6096031e110308813e0ec3c5b385963576bcb07e3fcfa927dfdcb30
0808096c429831f3e7a3f844d35f3a3ad98ab402425b13432759a69db593158ee279bbc53812271b3fe089e82725a9f906127f2b00dc31b972ab25b02c01e25e11ff6762e1d506a1ef6dc1023d8d057caf438147fc266499ff3914d2cf47d54a57a2724813c71a27e209c59c5f062cdd20ff864fc43d3f99
3f5736b4b18f2e4218c0f548da90a6227313fe325d5b30d6686a6d650b811f86274e71a77003a09b64b35b08920554037a9466e4e2c97eed17376805135a50181f267092c6d40a1ada824e3b8828197bc319900556d9e24a5796045da35b0acf57a2e0e5fda0ff138b25abbf2314ea9d625a0501dc8966c5
3e012352999cfcf29024f7e52966d402a6baa16acdd0d19c626b55e512010dac90bf38db3ae315aadef16d9dc63717e422d4779a03021138f20970a736ef3eef969bbbd217a3904fcb16e315879d35dfdb79d3656198ab69c0772023988ded141bf210947da356b37d166d319d7a21cfc39144924e3a2d89
253dbf604c0c0cc2ddc6121556d0e6368d2f28d16bcec08583505bef08af2492b161ef590852799e0234b16ce116583d63f6cfe15239067b41f1e2c405098d9cc0fcf9d1f2bf758c1db01c1561f9078bae8f210a2a51baabfac0277f1358c8481e63988c9d3e49c5341c6e5af0afb3b683022de0177ee1c5
2521f723d16ee2226a970c27696850112611022d766cb3ee149ee1264c8b2d50bbd62bb129235b8efe7e7101c2253c506a339eab81ba4699b0965bca14a631861492f6730a1dd684518e513f32fb79243d35e2088d4af2e824c433b0eb4416a706c1cbc46cadf0094100e2665e6da9c470b45155c7a0820f
176246f724acdac2ebf83480638e3c269eeaad22438220918f7b61f29d022627b9af7872ed30d5122ed16f41e32d28def4ca8740b073e443c1eb336b3b1f92e64d0b3ba121cd21616cc9692ca7099ffbf968e2e1b396c230061e1674597e910f5481d79675c77ed14e19281e7bd2b6b2a3725b71e6590c72
0a8c00ab0e7db4309d1e60bdd02fba30011ebf129ac833d99fc144b39daf1c0671a4190e7d0281682194771e1f30b7d6e244cd5f12af9eceeb9db84c23707b4f9744886255b9dcdcea8b711e21dd962892c451203aa84c21996c1a175f01a10b96128554b5a8ae621a08855b2757eb13b197e041d21790a7
2bb373f3c516c9a3f11262b876fab2206277d4946f5471c43df99408976c07ce7361b08731b10c1aa7c98dd5cf3ee49025f7f150823670682dacd02429a0cba970838a5383e86246160a180f55a024ef989f32cf23d18c3889c734a0f5b771ed21e3ee07cfcea6f9fb318a4bd41c1c7d912bf2038fa3fd1b
303b3b8d368ddc823360b11fdf1b6534b5ae2474dab151bce63d2aa3f7900d1e33dde0898892bf867d099844ee29fe4562d8835cf01165ac93ff68952e46f04368098f509f00a4b486680609cd94aca7812e103ca11c9781bf9e0509707bb940f493188267e2a3d2043882e670dfe67fc1859520b7784aef
080708baeeb068029e1181079d9bfd3c34d01bf2e9f1e292dbbe7302039b36f384ece50cd2d053c7b88f530faf08ef5fe73ee40da1111974177f47fe0c8e957ce4bd3ba0a9473a20303c062357082fd4724a3354a604638b116328e5166b3324f572a0e1c5e197186a03200953622244b138dde120c824e3
1ae0d8aeedbbcc01fbf62fba024b403f150b159ec9caf08f5f1bd269d4b83f4314fdb339c87245c2f69354c65f38276ec1959ae92255a04a6cc6cb8e1a7e9c1dea27f813bdb329a7b6272a3b6bcc0e508424700aad20c13b159b284ec871483dc452896abc11834c562624e200a2755290e3a894f650ca4b
109ca978f874fc407bc8b55328c84634c4f0b209798ee0066990e0b2ad0a2b631702178fd5c12624bdb77abaca03e31e77ba2fad61e0588ba7ff56260e425504f556e8a1e81442aabcbd4931a9934370d783a0ad4213daaba06b03519661d8ef144286e783611ec307274f2aa0d60e01b0a3b2189c1feee0
0b452bbb6c7dda72c0dcd4b8a0c8fd0faa90c1a6c6e1e10b1892c4848f753817aacd01e97782d0dde8af8a9c24063218fc2de5bdc1f9c6bf3d8d62802a94cb538fa9768380b48ede32af6e3fbe1727eb98fb72bcc5c71d12195135a966597f12327130041976ea0ff3238f3dd5867c1451c654cba7b6e66e
13fffd4018dbff100470253dd47d9b254efd45abccc6622222ccd2ea78800c7e8d5d8608afe19debb3c14a13cd3089d2122bc457006ebb15a6d81a0c1600015fe10201009118a171f1f2b1272bb55744fb21006f17b68cd5035b25e55835ecc1cf7100c17c3d20799b0dec2c3bb95b7c602c1dad0af97a63
37e4478f92694a33924177c28490053544cbd75f38d2e3c8ca15a7af3c233876dcf73c8a7330f5d8d14e0cc61429e522e817f2afd06d1b8c463ee93937d748e99eacc902d2eb731841b83d06c3ebacf408a321fc52765d8cdce1156971ef5da61eb190d45d43a4939f25209013d96a357054929a5c0e001d
0c641a1591b43c42bb6f9a07d9898716154398e55c4e90b735e86464e7e505e52ec2f558bb73ea9156420bd1bd18f63055d09b26a3fd8cdb0cbdc1c40b98e02a689abd729ce060a591586d1ec8c992c908bf335b2964cec5b65608f8debb49577063154c56a4311ea63f6f2aeaed432a602453e4337d7b1a
13e1bacf1b08e063b6b52c0f000d6c3a04d48edeb9c3a353fca6f8c1ac65241beec6e6b583100eeb14cfd316ed2408c90f51925d91e9e4af4a90139c1a7a3900b70ca093ebf1b940f45c4b131d38754bb39d43f99b842e75d5c510200398c0d95003cfdf0db4c021fd1a4d8fb79a43ea738d932ffc060243
1299d0495aad64e0e0a12d6609d24400b5346f67f373714aa7d533f98bd100f490ad7758c9b24b8ab3932cc47308a641649522a782591a9b409441603ff3370d8810e363bc40e508bfcfa53a691478b5257bc05e437ec969158b2d82043f11e295c068f000093651b5350d9394bff4dbd16de8f29b5015cf
133a23832c769df20b364e3759c61631b6d3a1099f8f41dcf2d71da545582e9fd334c88a9932f4b3095ad354ff022799ece509a4a18979e1fdc9a25e3d8aa4c111ae7de349f74c8127f7393f2304ccade1f252a94072136219f4304f6a8d4567da83929d8afdc12ba03f0e937401d8891284318a3a663d10
25cd933c4622e962abe6917252e1a23ea0246e36d959c352c2ec34ff1a5f1d3896b2283b3a8223b7171d89e0de10ce5900e3aefb90a20f0a11befd0b0a40279957a100814b27ed34a682e2260eb8088fad15c0a42a62f1de1850048859cf1cad2522bb912fa416a0171845ffc30536bfd3f2318976329372
1916a4175767b5d14e052627e7a33c168f6f8e543ef2e11855cbc0602f1d17fe51e8fe62e2b0587bb058ead03e3e849b74ce8fba00f023dbccdf04090d8db18b7cbe066279df763588f34239bed738afbde3716de2f86229b53833a9dda4231f81607b651427596c5632640ec3e2c46502e9fed532ccc5ef
040e7fc0f987ef21aebe27fb0fccab2a6e066760cae7016f5ae12b627177301c24dc515ff562ef486aa0d730d839773e5a0e4f35f053fbb80217d7f82deccc78c129f1515eff2e7e1c517e06df8b235d8b37308f01eb3afab65735e148116de95de329be4697ec37f1035949fef683a2924122beeaa5532a
3c5befa972f12e525bb0180079385a28af5d99e823839112d697f92c3b00169673d7568bde63f3ff61775ec7f23446232500177f81fc0899c87db6ae3577a8a649ce7cf2b4001412f34f3f25878a253fae7e705ee3fc8d09fe5335db0b45a883a111d5552ec0659090030d6948b9ef958034b4c6552d9368
19b7661218c50e932088e995e8c99439a038a225f0d0e08bbe897e7e43a812bdb72dbc8494e169aac0ef35a7a8010d5815a413ac63210d46ee17264d0ed88630a64a7320f8d23cda3a7a16298e64a81ac56bb0013698025cbf683f9f970779b2f950a45c40d674b8643c4ce1b20ab132d22efd3702c18831
3bf3b314098fc9f116b57d1887ebf52e2dadf4d404bf3253861a0e6fa5742f1ed997b8a49f93fc145b6cf1d81333e830ec863ead91bc208163aa89113819745f033c47d06b757ffdfc8f7424cdf1039097954387bf763be381e128083a7badac54726a7d19bb5bec8e29b395071f563d213dc94b97e73a82
36e4b1357681ede1f48656817afc842a72fb0408f3066396e087c84267ff0303e36abe9e72a3da1da7b99174c109b7a20ae95432e3a928f3117293862d60110cf48a76716d4200ab5c0a192c046126cf861c33ca3bad2a000654247780e6171df2406126156a0b6663056f7ddd74812f020df5f03e329001
2e99ea1b70c103824e5dde1934d1432929050667751a235ccbc490ae23663ea5ffa252b2f3112f78514062f095203797c7f10c79638f84044a9fb6fa15d8aaf26af1a95125c4ad56f3c270139bc1e94eb702c1724d34e9d9bc40237d5ef17d2ee7334ede123daaf7dc2d85dd16b6cafe601348f0c79df063
23c54fd7147e43e1e247b07b70dd7b0de739c29be55481b911c254dee8282ef10d2653ff32c336e67359ab93713724c536f68ad6a070bddabcf8f18b02eb3bfb50d84c10153067c31b55ed27060f10c7c9fc128b5d13fca600f32dd14b45294b36018520a0cfdc2f1616d43694d9c5c0d3f1d9098d4d9267
05eb35e12be999b3f4422a9e9ff1f82bd00b957b166d81b819ea443160a32135be334ccdb2c2a6b625c46c17483b112b1451ec19e3fa643881eee4f01cc82c07468f73a0b600a0f71e60f73c9f9b9a6d7f94b01bcb3d875703300233972ee7efd8433913b7441cadbe0c6ad6f5920e9751af82404a0ee7c3
13ffd400015ffb72dd84553d8c23a8056fb96ded4d39b2f787b189f9edb0322cface9fd12d01219840bbad47c62e142c75bd558ca3cc610099bd462d160015fffd400291248e8971f51fab083adafbbbf7d2d120775278b2bde7184ff7c9c552eff0c3a6c976ac09490f26ff09f092e190796e1b579dd52d
3712901e34a897326074f9bd92f0f625df4ade83706193b2a6c275aea35800a3742ca638c2235047f9dc83067f3db2021c7a43af90402b116a1105122fa39da8e5545250105bf48be4810b3144b915d377bd8309ea265a37ce5406f0fe9f5441060003b4345a466a87239536977bb0425330e5045e7e21f2
321e9716c56be0e241d96ed70a907218a9ccfecb2f43d2832d02b90d19db1b49a4311a25dfc0abb98e11b9317126302bf26bab45b0c12ffddee9972c26cd15e50c208e03758b5db364495616b49c17de3430a3565b5d403efaa111d0ab4b815ab821254370cad53f973361cf582af00953913cfef8da083d
1bece071ae966833c214499566d5350d68654b9a5f90810459dc63dce0632a2ccf568b522eb0cc7fbf8464afd402ecd8d0d8122163aca24b46854ace10f484cf8c853012a9f8f344f8d8eb23fc2a270a741b43834bccb591c3a13b198d84e12408822361abbf0794ea2d8e1134d8eb4df157d2426e303ee5
3eeba8b40b1cd4810c1f0f7fca9ae121fb2d437363c4231a23ee8730094405ddb2bb34ebc031af9700213ebff42a4e3efcb89291430ecd2aad790a1a0b842ce10edfb3613e82543a3f7bae2a503840b618dc227702f8501b4b9421c6bf900637b592042ebcb426737e29f3acc4952def53fafa32d14055b8
1c7c83ffbc79e6e0edcfdbeb7000c91012d941a5897d53d0f09072f2bd24255891b663b41a10a04f1f8347e878103746c5efb419a19090404fac7c27084b4eaba224ad8084e6ee21402e8235a2dfc06145a6723b17f27b4f028f23de836835439fb23a0605545abaa10335ced6efd79b000f8d8c8d8ee45a
254a520ef4056b5294262b75acb1521c301510cfdf1c13aeae984fe3782e22a9ef38873fb682f1d8b852ae57db3b1c112ea17fc2a2766bbe363367521f3c42ad34a52fa0c585875be56e381d963fbd3eeb492179531c15b2d9f522bcb5325895348174fe2595863d22238b0d9609e7243065de3029999a90
2403fb7cc76e21b3718830540a643f31544e5f84cfe38312a8ef56dc53f11045167637f970d2bab5faf788fe420742cc2606d3dc61bddf6bc4614eb93f69b463bac793f2a844d2375c40692b979c5e51915cd18721283f7570df19313b0176419951a6cbc3cc43497a3899efe91945c77136555d3f26a84c
1fd7c39423b4b2139c5ab775b277b426aadb361761ad929cb6f29cd424a02d21c50d5082a8338166681701fd643f4411f315573750ecd9bb5793fc9313ab363f3db254333272138657b3822630059abe99ddd03b78e3a60fe8a83b5366f981e41e727d9325817a0da80c20fc27cd4bb832eb83d7813c24bb
29481f9062409940528b85641063b825f9d889c6c38161f7e9d99059e80331ee2a23b8eea243ec4b00ba32d53b1a6354737182dd3251159ec6c7d15b095cdefaef41a561cd22a7f56b65eb12f699db3fd25f714beaa9d1121f3722a46fff4c4e4d42731a911eaf5d0a17452ee828a283709f2d25e926b325
3af8b5e7789622b1eb7c3b9589a7bc0fadf5dd7e22c871cc37ebcf697e3f2951d73e60b78b80730f192ee7ee2e3d182bd2c1d79f01c3f3bc59b0029202c0d2c8882dca204a12a65b4009181998806de84ad603cb9e6aec4717913b5b623a765e68601a033d4a2f1a7f176e5cab2adb394119b938f44c47f2
1eee88044523e4139ac1fac855a0853d0bb02aa557f61317263e379c003302b4a1d2fb1f4192cc700f4a65bff416314e5aac25806293d1be007e2a6102be4d0011409ba0b8ca374e327c691e109108857655f053f80253dab77302699f13c8f3a2402c7f7b9dd30833393019ee482698d27c8898cfaa48fd
170f5b0e080362d273ad7f0b2354c20e93a9a193e5aa70159c5f84ddb0e22164f5e749a16b827cd01e5790ee113fee06a79c1d05b0115f095535a44626193cb97161a511b92a8f359b78e235abc006ed83ab130d285d907e8ad323c4901b4a4fa6f38aefe791dc44090ebf5f707ed50f2030561fa9190022
3b35c3cc757bf380f04054be51427526aa947d051981d06fbc2d3503c97833b6e32cbd13a3c08e3f3d8beba0343ff936dc7d1b4840ec9cbd068b071a0a7a538bf03455129932b4ff0695b821e20241ad3dad300ba658b6b32b5931da669771ebf621bc9c7f68fa2e34108a0de50834c3c3e2b1e24c14ed6c
31274c869f611a80bd5561debe852f2754ddf6f20311a137d4e5616f71491273199fdf0312a01f989909bb1fb9181e2e83b207fc421d802d9e35c45e3a7a5ffd7dd8c852e1d5900a80f47c2535f78e97363823385306c293506613dcae1cca21739349b1d7ed5e9a6f03b0303f6eff08a0701cab1049af42
0b17c17ae6735cb268ce3ec70dea371a634ef3e9297260bee009f4dd26220dcc40a97c800f122c987176c0aaa80c9da0163bfe29505429c5a14b0bfd39c2003368e85751001453da73502d32ac27e73067c152e666ab0f3f5fcc2938d852403bb052f97c23bbef93323397251771d0b7d147e98d7be3304f
3fc053fff0dffc91d14310dffafaf62c34cd2db52976629c3a88298429363b3a2091be708b51038d474e00cba101e871a45d8a748125f775c80c618e001fd5fff5000281aaaf2ba0bdb40423b8cd63404cc9014e1de728eda0241fee03cce7d96822d2ac462d61475c1f1ed3dc94e4ce43cca2e0c055477d
3e04eff0cac7eb52793042b28d68c92ce3077f95d0c9933fe5b41b3c906d13938d84ad781fb06ac778f23519880ef06585dc0bbd70ffd8381d57bf023fb82dcff3f73ae24e0f1ba989380428e8bee7a47def734d53ce82cada901301705d55acdfc1946f4d55e469612c5f9357e6c727e10535c9017a536b
2107ce6eee6cf7e236cfdb86a647c7086cc628fc4db39351077bbbc120391261ad5f380a2053a945c7eda0b3510f14dfdbf1c5cb428da57c406882ed38bb71beb6888da244b684683f98b32c57dbfc2f2c6b72406ec6032ab3d81d80fe868d774211d221b30ca494960c4dc8f68a1936039bcd46fad7513c
3e25662813db9f21aa8784f33cdc083adb692c29e098028f130438d37128192fd5434a2ceeb3c0cbe0bcf01ad0100d7432094b17a0097eb653102e5e1ba737d1be77ce127acd9f7f43e9e717a10bee87e5f800f2b36cbba6425823d3985d82536771e518069f9b71e1204d253deac31ab1b5a3683bde1167
312b6eb79bfc0423432b0982f6672404a6d3bce72a920332e57fac69aab902476603846ee20215036489028a7f16fc224019024722162672efd5c769169b0980d3186b32151c913ce3b26f1a6901cef06eae21f25d8359cd10ff01d5b124bb400051467edf43d478e82a9067806db09bb245750e4a91ae0c
31ba6c508eeb45b0978724f1aa8732254402cc1e4b97c334b48b166681ee1409a35f99b06511c58c557443161426f81b139f0e8840ad06608b9fe6862316d18a09a1fcd0f8a3a41f7a7610326e2fe9c19be69087e73e35212b0734e733ef6fe8b1d00a32535ef24ce000cafcf8fcef08334a0d870e8ede7c
2b849d63f92dc3122b5c8967c89f6424cfde25e79371a0be2feb00083c2c1e2c6b44533bf9b37026d0eefb9770095c736066caa111836cd254d45501324846419d35d0332f2b8119cdf8743f672602f40e6ab23380bc99435a7b37b068611856d5b0935527d0dcd7643e2ef45c6fffa0536874ab39515e4a
17d2dc9aedeed463d287356849ca551e89f5df159a30e38213ae501384582cb06609d2a6933022ea0e862b41331a83aaa6d32fea8081e9e90f30ec411c4959cdfd0e6f134099bc4045227a1e86c2a07372bb817d1494642aad17259693cb25eb29d348d46b8039b31322a0b7f2edf82dc24f1dfbf4b9a7f0
3da308e84b8ca341d259dafc42230d1cd313891bc3037137a951bf5cd0fb3ccf0c9b459864d131d89d7241f867171d4ef7bfc39d522efdc515e8959038b0b020080e65c3ba1f5785bba8b13de50be807cb2f53931cf4df52f9d239184ffce5ddbff0fd4a06a921f4bb3344620a85bd2470a923efff662e7e
254e8aff606f0781637d066fb4fba330c907d2204d9ae0a2f4758aff92e4235aba2078740921fc31c24a276f2b06d990dc8bb28173a889b4ae961ab63975960e974ae4d19f80e4b53f67d52532ad39d7b1852335068b4cb13ef519ba3661185cddc2c88d038b6924200813ad8095145d10cdadfc2cec56a2
0ff4912b9851fa3149144212908ebb20ed0db960629bb1300b52a98cb5082429c1ce84d9f543c8b2a784f7315b1d2ea00bec301560e3d319d4f9bae63716e4f836701e630e984dff6ce59713e5887985cf1f135b8b00f97ae9ea01ce6ac665c6cf23ed717dde7e6cb30980530bcd6de8503a190e0940604e
0d46b42e67e1d870ffc6c5dc08535233f834276a3a4f70bc70501552847e1e794334923d4032bbdbb95c43dfbc1392d59f73e70033fcb0b23aed42f21710f306f9215202f2cedd3cdbc7672d69800545a9e673426935857c05e613b863651a9a30336d24499768fccf3302bd17a9caddb3d80b12d43a8202
0af2a307004166c1e7123fc5d23c3e066af88fee0435a37569420362f7743cd7ce93e62fa1313a2d4892277d663985e752f6165911642215a1a217c1381f7de7306737235f8fe12cd06a2e2bb55f60a22b88d0f40ec59d10ed901064392d9a1b84e2ae398b235d053a0c507ecf0dfb00529c56f6f8340265
3d8d5753b0a061f115046b369ed4c302214f37290c2191de8532e3eb75e32790cca5d1b94e73b7b95c2eb8a10b3621df70125f71b34f412a42ffe690145cc97c32237672c6b4a4450b14f1183ef4d1f9bedb034a1b46ad695e3a38d319c2ee249c439caeb56c0cb74a1f0e9a535ce1cfd00a4bf1b4fd364e
1c0d1e8762892693ca6788f488b91f099a67a117ec6133097a02b98d9c630fc862fa472e4463b32f511be26c711a3e7925852775f2ef4a75233bfdcf3df0fe9ef10552d0dc22f92d2efd9e03e79c70897c38d0604bfa988a953204416784537e7ac1187d26c4c487ac25bf08bbf1c2edb35b25fd471caffd
35a235bcdf5218b307bc35926905ac2c451f87cd0b1e830aa8b83c46407039a846035fcb98b056689bac5f245405ac46f1f7d05ab04c159a4c386ba42d370525c4a6e090695cb180845ca40e4cecca54974a715419a005e282e9015fb2156c70ee40b010c599f548610ee06216e3372b73e193906e5f9dd4
01bfffc074ffd302693d6bc866ee9f145fe7d0c8f7bf62e9901efbb19c593f90000fc5e00c11fa4aa381648c151164524d4c969863b168d7b3a93d4e00dfffe04affe900d18d61971e9cd227bb07fe2d9d8d73d794cfdbc7b5eb3fc80007d06006916036a60dc720882b271510d9099e8175e7ab7bc4b6e9
00000000002c0001d690aed41c0f8204acb57347a703e33e0ee134efb6e100689449ee771f529f5b39f997ffaa3b6db9263a65c8d16da54c6e37d5c62f0a8997f4f903c301d540ccf1e870277ee8f3eef9e2e1245a392a02c35f3cc64a49d4c0d7728118eddd037e1d3b4a38923840e193ab69bb16550b20
08d1e4801481cb4331e5e06f7a07cf2d80002ffaf24a5218e84ae59defd00fb44e6600a7ede3c2cb1514c61d4a3571f7b387a211335d026127a5bab52d2bf1cfa516b422a2c3b579d106520702d678230627c29f1b2eb27e395329e088b372cb085186dee9be84ad1723d7e3544a82b973796ed40a9786d0
39325f3fe7ddb5537a0815ca42e0b90dd484a6ba938d511aef8bd6a32c91065a259af0eee713125c3661c2f6811de98e0847ec55d31ffde5a14317081de477bb22bf01c341880e83612a4f2af595493b55c802fc26a273fd02af14922318bffa5541910a418c18f058128ababdc90ee48206075f653c569d
3818368fcbe6e7b135031275fcb5a90a40aa35e78223c2ba3938305d8f042c7d65c0188474725058a40149d6001d4b7cafd1a2378335e1295923cc633dd309bb577c96a1f5dc78096ba6510d99367991d9de33daeae7139874f734d1db9006036653b42c6e83a623b335b60aab501a12e2469f015786b8eb
263fb8595bc9b4403db6570f3546ef243208fc1fddc310cd291f2dc0efc51cc407f692fe17828f3fe5791fd215278b2caddf771d505fa7eef8c2032009997bfd7f87d4e2219c48b58919cb38946fcec2e0a5b371022e40f5012b3c1b13561ac02c93d5cb5df651ad7035e9db4bd3af789254af62a45fab12
167a9bfe383f95d18dabfac40e0ada376ff308c3164df1f80ce713c82fbd2005ed119e0de97079b2bf4678530c26adcb4eef5a20a1e77fdc5573e3ca3de4cb5bfd591303783853960bed6034772bb66f68a6b1bc916be8d0aa570d613e85199347e29eb5dd7b4bb6f701b0978ff5a84a139eda9f6948d592
1735fc98a52ecd31b49ce4da53640b254078e44f8ff530bb659b9619fac90cb6e1f553e0cc51dd909e235aeca335c8c4b3f1e40e13e6bfbf706cff2d15fba981e416d5832b0bd19cdee90209a857d94d4357332179a59f84ca7d2ce1eaeb8018b6419826f2a994780005c6993be08e9ad090727a69bf858e
286b0c288be03b53ae4a520f15124c317fec5e7fac59005cfb8c2352f4402ef84fec09971c40ef539ac5eb6679159c4bc54b3d9b91f3cf273d08c8161865a39ba9dd0c32b4ca60063bd432020b7831869ef2e081442364bb4e9b2cacd66e5ff515a09b0e6838cb7de00a0e97d9e23616719af025f3dfa9b5
29ee11f7e20fc5912e24c288637a16222752c8b584dbd38a149c522687222bb0f493bba3a161e864354795a1c930e42d47813116b22b3da5ad5ee8472771300eb317a6828fdf1dec212e4b1d2c05db3002a5933f5b7ec318bb8e3edf52235954a312cd23e6134a03d92368ca0ebe318872baa6cb3b5b3e0d
0dc97a9d2babc5e390cb411a5f234a10f24af90c25ecc3a10186558517623301ca1803a3d9d3f4ab37e8124aca0cdf165e101e37d09dcb992e186dd71cf2d5c509842991cd3a169ab6406a3ea7690000ec38b22e8e455cdd778a144d319c44435041721f6f279d0189385c9c1e4cd7a72121a803c04ad53c
3e07fc995f5a1b1254408f27a022f50acb21a03d8975101d4abc972334290ab08e1c7151f6d0fc6db76b9c40e424962cc15eec0e20533d1558d8b6470d82061f063e4de297035b70c5dbeb2358f769512bae81d63dc1c0d694343a02f8473f278f814080e95e4380a12ee5d551fc71a633b7ad6046003dad
1b0942a2c8b61441155e841019c89f19d36e310b539e3102d029ff631ac3041f07be2303391342192e17968034229092931ca1ebd0394f25fa56e2720dea19c97e265c70d55971b42d21c419c00b5ec094131042cfc51fea24800cc152814ed172d0fd8aaf56dc86282880f0e4f2c03a21d16b64d97d9138
3288dfd5bfb6a1433534e4ea9910d13c3416c53aa7915213bcdb40d6a6e71b40ddd7d03d7ce0e35d2c0037258c00b740d8c5498bc1c747e127feb7c9237cb0987522a7b1ccd977ce64266a230183217798d320ab10fdb14871c3038821311238fb131ffd7a440bfc703a0ece8f732864f2747430105f7787
186a3af4f54b92612b71974d976b1a2a9d34fdb2277100b5650b46b3c4ba19b97eb3e6699432cc4ba601fce34628a4fd775425e9b2ca5ff851e0e7772cadcbfe0ec8d442056ac447e354f93ae74153a704e8d39bb2c57249ef81069b6157b58bc722e91e6981edc61f005bc7cd35ead151b75d3142a0dde2
13c7fe3b6e6fd8c3a827e61c2b92451fad0306a29cbec33c6f375d5fe45a2178e3d44d8f9882d3a7b12d3f34952770e4ccc2a88cc01b409dcca620053edaebc4144f7dd31716c0e24938de1e5e65083b61d8c249cf0e2ebdb0110d686aa81a9c6fd115264606d8978a0bb3b8d579107543575361666c20f7
000001c020c053023e27bf968e7ec8061f96ae6289cde1fce3cfb272a3bb3fffff8fdaefec130e9586b96126591a363ce24ba773d3e5d2b2c529a0fe000000e020e02901e2d4f28cb9b350209adf6cfa6694b2106a23627320963fffffc7dae7f693874ac35c8f932d14d1e0a7c0176b42e0f11dd93a01c7
000000000000000000000000000000000000000000000000000000000000000000000000000000000000000000000000000000000000000000000000000000000000000000000000000000000000000000000000000000000000000000000000000000000000000000000000000000000000000000000000
3533d3255d9668223cc5b5723958d23feacf6a90614311d11798bf0f63af3a0d2885198d23a23b5b7e300250e32192d645f31c759351d433704f816618811430abf161725bab72827f6d2021854f8fe4e3d8b14904b5c501d8b2334419a3491005008497da14c6b4300717c8581ff23782f9b10094302b97
1fbf365b3e9a0471b62f1d209a735b2aaac065e13fa4c26e94da43f8960f1d06f4fbf1391042534e44242bf204206fcdaef95df1109494f0ad4ee17c2897ee6c59340381011afc8c3065e426e134efcb1c2a5387227771e3c2d732a67cac37ac881165b0984885bce30e9a57fa636e77938cee3a50c14345
28b837cb597e4a81e306b106841b8c0861779286295242592f83156af0370ac4422a9c076c1286621b4ddb428f30d60e58ba259121f5348b74f2dff90f44cf31da7bfe92d8472e18a3d803300b81d1c774891349c7c71d48b5a70ff069de5bf83980c00f9afbb2f393184ee4e1badc85732c72ebc34db143
21375e1b55098af03cf93b4653e10422549f990174da1203c4d85252b082334ba768360333c2d5d721200810a51db925825cf75531836a03c992fe431bcc769867a376a2a402d9321389f721f2b34e929bb3729cc2a2e54ff3312b97cb0000e42a2304cff47132695e19ab5382702af5328ce51efc28c31b
31523640682a5b7340f6a9786e739c3833698c3243670134c6357fd88f790ee2927a12d57e826281349d802e2a0d266b6083c232f0d0a5018355ef7601cb2272f2d2d681b180b5670c82f4277cdada412f4200b81651bb7cb1022f3a41240b01e313ce285005c4dd6c349eb4c9e09f9f00fe97272483e7a1
1d58c54a5d7707706103b6f84cd91d0f186bbc1a0005a09e978184534ef13ae09c022fd057324b76354086d42b0a06f206082f8fc2bf4bddc96c1cb121c389f6fdb4f563d8d92fce1fbde724bfe00c634cc04189ef327c9a54db2e4e010779dcceb1f9eec62477cfc90b3a98c3ca0623d36b55459a02053b
08ad889fe23c6dd159ead6e25411e523eafc97731adbf08a2e76754b6cc9013e9c29f8a6b12145ecf7d3e8b7d40856655be3d08ff07c59a61d8aa1c501b0eca93764dee39f1b90a73ce39a26bfcf2f441fac1269290f6c0d16943a448403712ba501ffb01953ca7335374e13993f39f8d2abcb9df910b750
25b8ce8975c757b3c7d3326a1b8406215901213fdd64319675886f6b505d36ab298030d6d8e2d6f68adc46b7350648ed31dbda2f20cc213a357936482ea94aded580404119141bc8575601118945b85f9fd340ad4a82b6732ca90fee8fc6c7658cd39ed9a9c8c5ac252334e555ff9065123ddde17561cff9
3a8573715fe4e7d21d0d659d90e300273322c8667c87526f0a021ce42d550c32231851f6dc234d4ab4432216ed20aa90da22edbd52092cc6cc6180042a0fa3c8e039931137f1eb9131b4651216b4b79c57ab3390d4daf93f8f1726e25338e65047c159b15981469e7f3b1031ed3140806225412c296d24f2
25ded5b18ecd3c50661f0000d2e4db3d9429d7001629537199ec7d9ec38b1966b4d62dd81543b987baaf6661163d243fd08ab1c47032652a4962ee5004c034dd2a6358216fcd515158ad5025220009c541ceb2e680a3e1f06ef3377370d430f77df33a15727d179ef62f2914945b4f0e42cd72962a1215e1
2a1ae8ecc7569f20111a0cefe07b9930d9f6049a62cbb3a11d522ff64cd82413f1e920f8ac51f315f4acc63777217a27e14784dc7260372f235ce242130ca35e099ea9717894575475e9b120be614e573654121e105983de028d29c58ebb2cf63570f906b143594d95312173b32bf81cb1b30167fb1049ed
1d4a02dbec2de2739710bd5e53d9960f5c6bbbbe53be4140ef227ba983c430e285cf3e0a1de394f439796a12870406314ef351b743ee4f1a5ac2b41307ec835bebbe3b01072914b955ad133088aae8d4471e2079fb8b6f77908c106a13e387ad5e829d65ab3ad2716d3d804871a1cd09316900fa72cd9489
0d00bab128d2165104d27f06374cb818e38bb25c7eee33e819da7e7af34b19b559d2a7e527f0d741eadb4e491c035def4513c0db6297a39dcd8eb9ea07084b00b271e4e2ae7be0fc2f1ddc214f3bb0114397d0b471e77ba16157331d5336534882428ed2ad6d86d1ba189e86d61d456ef20437f7d9586147
2eab296ada0e6ab3f58098a3521d6b19ebb3e40a7b8d51d530543e1f09b4046b6e33fcf493c0c15dfb63b209a92400fedda4b7fcc2ce23f753b325063aafc91a3d274191fdaed912fb44cc0a6126ff3e0cef638d96847324add2029d435d145a43e17c162565caccd72299cc9500bae9f0caa1e22ee112a4
27c000001e9fff12c35864983699a00dedf1e93bdd1aa28df834517e4afc060fffffef1000c37694b35e75f84637acaa086e64cee2c84ed25e4691a533e000001dbfff129cba549e2c385d2dd9c18ce83f55a1a9c8da86cf0d3c0307fffff78800a0803c375d2a10962a6fdfd31dd6e113015aa8d0f26115
000000000000000000000000000000000000000000000000000000000000000000000000000000000000000000000000000000000000000000000000000000000000000000000000000000000000000000000000000000000000000000000000000000000000000000000000000000000000000000000000
0ba93763931575f01fee20dac2d0162afbde8e4b68a79201249fe6aecbf23d3023ea8e03e1d0008d62cdcccdbc2f6122e9227d6c42e975dec3823f852adaaf907629ee71711925b9e0d3e323e02b42858876336567dc01035d542455bcfd263a1e432542d3da6263273726d96153600503a1f9270a554d25
36bc3ec70c526922196c351a82a1cb1457100c46558ed13cca12cc0cadc2168b51f291dcc512775d339315cfdf1f3be3388e5033523cd989d2fbd45c210c756baba72f004aaccd1c74e74c0b9af0bfcca0bf21b831611e6922d6318f8d423441c491affa88924253b63c43f3bb95b9bbc32cf796ca074aa7
2e68a93519b8ef922ce6ff5e21d23f3cdf20c342860800fd1f32d8822326114eae223c19cb81054a8c61289a341078d543c23c04d37cbe4c4d448a4301931105af06616279665d77d0f4b33d83015401ea4551eae82db63784831ee9cadda5c02c51c4848e083f9f3604d136e4b5e50f10b24664b2bd8810
374501ed1ce021a0ca73e223ed5f9102ae58d624d5f533c913732715964729d7257ae5ff07e3eaff8a7cdc35b53de075dfb7f12930a3ad7ff1f81c81309af192085704437b446c38c6520812ba24d4f2b17d10c1f1f9b748349329245010a18b2b41355f25a168cf083872474e1f926c8119d7df048cf293
0beeac80c8ec82839a1534b4387822085cc441b46d9f63e28f9c62433fd63f467b7d01c013a0d63bbcaa3dfac004b0b561a08207d1d4d1570a75aaa53fdc304921f200d17bbaab907d6ab11729a6f53f516141c17fa1755048d708944572606862e160ed89c95eb85c046ac0cbb264d303ff607b1b6ef372
2f156e0e4c001b62cd4a0b8bfb9b5c3101867c540542d27c3e706898c71d2ab94018b9703c4053c48362f6a20428b82e31fd5a371322912ccfd6160b32c247e50116510216110dfc7ba5c437ff148d81634412472b422f48c57b14788c39c6f30e3214435aad132acc1785fade47bb08302ebc47e418dd2e
3cc052b0fa67bba35375eeaa053c9f10d338ddb1355e4072d85a584c68bc037c50073071a4b24c5e369f42f1de2ac4b6d4118a8503143a1cf7b746012bb80184b09908838e49ea45ebc81c10a1befd39cbf271951fdc11d96d5415198ee23fccc203e1f63c49fc904700b1c581fe46ec834a967f0251fcea
08b058b2a61b321070eb0d78bc39f224c2974afd80df30529952493cc1c8241bc9e59ad1eee13418fdcdd7f23d0bb714bc3453ebc3e8900e53192c8000cc5d6842299751b656effc9bb26e2a7f797a52084651d438e40928f5ba3be2427164814e811b5bc7807ebd7627a9b5a83d92f732200090ae808ac1
32f646c988d7a83324b702b0afb31020c2ed8b8507cf423ed8369bbfde3b3971c5831d416e9148044b679cebb5033fa6996c7ffa3302090c9bf407b33376d57ce242b2c25316e3f93aaf90190102430fa3a0d266a7eab2f355771908de3fc2e0eba10220c9a4a6484111d657309da74fa329d169bf9e12ee
1f8c30ae595161d2969b64b69d62e536fec746d675fb1164935c7a234ede1dc6d2b55b56d033869928bacb54fd2438031360f7b5236978559713f95308ab8f27d6f5da429856ca3409726c27d435afecccf1817260ea964bce1a3c86b6fc4956bff18671986de06d8109569f9558dfa930930890e6b33ac6
20a391fe4d242212751f73b2e485732b4f5b3bf2ed2ae1a13b1834bf65df344f4f8c589e0ff0fbeda8be82ce013d12c227fda60a02f5ad58f6fc0b7009f5fe450425e770afbd5c1d5582ff24cc08dca8af532116de72904cf06e1d39e928d70edd83aa3a391b000722289c92588086a4129c508116ca7c96
25621ca6ae4efc81ea6b0737631dc41701bb3491703b60ffe72569e3395c3b7431654cd31b8102e091c10df7790fec4d2805a3a2a188b2c73f378d9c1120adfb205ffc40c5ed8e904a74be0ff15c78bfacf8c3bfc4f48b82a41f34caa814a34f1010206907f2d33d9d27e13a418bde123216402d045c1962
21bcae59a5d1baa023b5db6febbc151b6f0d2858b5d4f3ee603a355c4f0b27b218c61debff32151a72af80b48b22295de0508d56a2b21f5f6d3c6d231564eecb2a3e7c90ab1fdc0ee763351665da491ea0cf008d66c9b091a51c02d450ab8ee45ae0293834b727bc680d3384ea7a743a80dcf84a7f786637
352af18631350470876e2502df72aa2d9876a5e25615416980c2fd4aee6429fc328a634c00705eddf94e430db12c76f79f05edd1f0c804a7d5ca194f0100e85abcfbe2930c7464c1b9e59504b6885ce117f142158e932355f4453bf4e126e59b8d814a84b1c6a9dffe258c48d9d7a4d123852edbf3d393da
2043e7c01ce000937dee64783321f82f2a2ad5240282d198d7034a7356a507ef060fdf000102b51e655560ff3f3cbcb0a74098c552a08b77ee0104cf3021f3e01cdfff935be5ddeee3b67f23b9b44f43d768c01d40067a0fc45803f78307df000101bda086f7c55a1d0cf7e3228900dc41ff7137222a6962
000000000000000000000000000000000000000000000000000000000000000000000000000000000000000000000000000000000000000000000000000000000000000000000000000000000000000000000000000000000000000000000000000000000000000000000000000000000000000000000000
2e726aab969c7770e828e1d427d98b0eb3a361be60a643a000a0d0123cfe355714926f721c61467632fabb34910deed054bda1a4b3f9b177c6b2f36c1d1f4d5f961790e263044a65b2977c20fc64309738d253d15ac5efeb1ee30c3066a19a2cd8f29d927858bca79f2a1c9c9e28b6ab106b12a8789c8a68
1d8be1ffdd8ddc13818445750df4551bffd7610edf3b036e82fa89c43b8d3816890f666b4932444c21aebaf5a223c893fc4ad1c2e39256bcfbc4d4c72aae2924e30438b14369ee9cb28b703c03cc0b4403370004eb509117323e1e6c1786d842767023639769a7393a328bc5d1fcc00552c8f68f19083387
214d2f0d8cce015009da238bbd2f67285e0278eaf39341dd30f7596edd3231b3b7b94c27e131946f0e8290e15a1991420800fc0ca2e1cb63b9edbb9d3b15e1610fd3e5339c001aa40db9481d0ea862498deb000b991b604073ac04fc791c2fa0e692f617f5d1723e221a60fbdc18845fe36988b22b622498
203ce6b78e61e6d0038307e6937f63279177f91d0ab7b308cb926bf2dd76079db3de215404a26580b6cbcd9cf11e3cf60dff8b2bb01469f9d7783bf437e49eaa1a68e7e2eacaea15e141052387d2ad959315e19a40b48d0ddd932e81edd54f362e02cc43c3ea26b4060bfc5653866535c07f0fd73cbf96c6
22dd9de8cc33212050f597b1b84eb438d32b71344444f1348082cb7da4912130ef6b4188c6312a99dfcb904da213f5b3c0bea773e15551b5bea261643d4e6e268be2fb7026cdf3ccb8e6530bdfbb09c782cf1262f3dbc5c36f8622dd5c33436862a1299d93368acdbc34e0314d5c265431636905c2fafbec
3094b6d8ad333661f7720f7b174bb03b9a022654e4dca20b45101439e17d3fc691553b32f4a221bb8fca749100079a153a1b81577392ee678573f2262b4c09c88b6bc563da57baab84d2803ab75da14576fea37cd25ba4cf160a18a721a82a8c1a3309e85c35d618d1379aceccb569fcb2b9b852de4bd632
172dfc5e02b0e2a09049c9dae5b4ee2e91fe49f690b0e089a02b502026861124759330605a0066de12b9f476e8129832f69261cbd087c862ca39dcda00921175ef105772916d76e49b16df22a44dea87aab5a0dcddd55fa865c604e0d5ceff6132d1e94c61ced017022c8fee30f01022203d1d82db38d982
1bb2ded708624753f9ee04bd4b2e7902992922bdecbbe2ad3698344c45791825195326e3b9d2fab9cd73e9bae33e4728f8565d340254e32e16a879db27f9086b4f2233a06b98b14e3e03d71e166520fd9776107322a1c854c6b029639c4ae883ba21f791d9a01ba622079226c6cc74f1c01bf4286c1adfc3
20e22a8e1cebff93ab5a23e0cbfac4153d5d7c350489e38677d3270304212ca1b6b16e006af0abe3f6025d7ea63fb5196542a4f04125976009eddd0a1257688c32859a615c5a2e4365e73124985dfdb247c61347efdfd8c5b32e015e533201455e008cdb633e74e35422b0f1cc6d537ea37e350ca55472c0
025ddf044369ea4280d03d5d0309dc1d44757e4d0144032b11f8af9d3e9f21dcd0efec64bf004ac8a07826f0ba10e71b690f24d7d1475bbc6482fed7263bd8897598f182d150f58044fc8d01f20fafc5a8aa908475f2a67ecb442fabdb6bac1ea3123a9594da31930b0d49ee51d3aa61d3408b78f6b2e13c
3561c9bbf3123143a16f6bd89c46e103c9415ba10851f230f9c9c3446e4f08e5cdebfd4377718106b590b75bd22ba27feb5932af706074f59de61c44394ec144fe8c7313a19a4e40430f7115d737eec74324f3302e4cfb5946b8385abfd171da4a02abca37938ed96c367f823cf934f840ef3066ce634aca
05ea8ca708ee9e21c712f0ebec886d3bff8ff386dc16f3464c566856ffe4294d53f9731c2e524f3ae218d0801522ba589fddd5cb236a15f5f71a6e693ba942b1fc351fd2bd3b097882c97e1d53799194a18bb247d40d3a956b15264be9d7a65c6bd0815034bd9fad8227a1624080054b11ddd9139afc17f1
3a55ce63613d0481d56f412cd336142cbc2b920af67b62da7595d49b9aa9136a8ff29c316d01debb4815ec9a9b398a8bcc6dd864e315fe5e7bc475f227dd213917d97a50c43a26e3031a8926a1108225555132bff555d76fe2040f3737373d0d45815d20143ce2a7830ab8e92fa3cb39c2c91b75c502b740
1df4805e39e8cdc14aa48af3b6bff7013aefa198870160bcdf370ed405f33da39d4ca9e8d8c3f8d7b2c289fc663ef2b323947d4ca0e994691b2dc44214b7649a9873e6f0600561e66fc4d53dd00987c8160d2106369724316f4630cbd351d60690d3a0962ead3b6c6c1fd6c9c1389b5cc2d2bf590bbd4e8e
1f3fe04408bfff02702485d91ce33807f701e3036d41c2b3263fded3dbe1383007eef9b000b38b61ab0e3c65e013e88fbd991b6603bf034f7ae0ad6c0f9ff022045fff427320653e9f5d293561f62296f22753bc5fe04d58d5af3c1803f77ac800a08aa2b3350d4763188dd2adb3322ca17cb4e75f606ef8
000000000000000000000000000000000000000000000000000000000000000000000000000000000000000000000000000000000000000000000000000000000000000000000000000000000000000000000000000000000000000000000000000000000000000000000000000000000000000000000000
0c8c24c7294da3b3a2403f766f8fcc164802a9c568f61131254ccd5754ce1e2eac7ddd198f33d99ba469a335393584f3db4ceeabb2ed78053af7aece30fc27451b37081192d302221edc0b39fbf1e80fdc50d3fd93ed4e75660b0b5e73e7252d5cb0467ca7837df1763093d5070596cc133b0a7959f52c4d
3373db38d2925c617b42d65e75dbc823ae0445b12f089050abdcb50fd67a04a43c641231e113f75f49377a541506fd47b6ceea2dd190b0ea1922d04b2d79cf9c94b572c1b0675467841f290d0f743ba2841ec2fab87258024d653172d8a494eb72e0c9200233f81bf920e9a36a58292850a50524c55913ab
34cfa2e03db256e24cb9ffd94b301f03be4e8fd30a44e3c19288d58671602046cac3d63879d28cfba528573fb8158bd24617bc0741f1a79ed7817a6d2ddfa3e6344e1471a168656f70e6f90da4b20a104d9af1eb3b3c8ad080803f0f1c542b4052b1acdbe317ad98902e541c01e757d9f301147237a7757d
2dbca2683ecd3ef03706692239cc3f067b590a67e184009a3345da721477109414764287c060d786fc9276f3c525f99b0ff1410c2119c0e7ac3b38be2c4fa298a78abea3daa4caaee1ecb114b7bb21a51c07818c4d3dc5687d483beda3da8bf5e613320a02f3c6bf7939fe4fc4b2bc8421d8b4d8e3a1a59f
0eda091147c03ca0fa39f9b6bbb9af37772fadda4b01437ea89c58363c461bfebbb308321fc0cac908e4b30a351ee86359513d6b30de3dd1f2e6909d357c4e1926ca62c0de282b9203eaef28f0d0933c441aa364b49d8576f2ed30996a8275901a425de645885e3a9e0579f07d1990f1e235370dbb398eeb
38e757002bdd6f9138220c54c4743e06ddc168b1d81a820c7a1a910b6c2928f2656f7062ea4364e76bd24687ab1da05c048920cf9316fb5e58b572290d2b2df33774d7106d4010adf7684f3face6c0d338331398e22295d7fdca1e7eeaf63c829f40408600cb84877a0ed5e1ddb0e0d46075d303fae179f4
125e836b6bf38df155c1b902424b8a252b57b5fc07af700adb6193a1302d0a403ff9a365a333f9694854192f242dc19c0f98c30fb0fa25ea16cebbb230ad326f008f2170507c300cfd49a71d311f8af59d503396c7e71589516d0ccf1fcfc0ec21938308446467d6bd0cc7a8df2a6357f1da37a0744c5706
2748fd11173ec4d344bd20b2c31ad41eed4aa9f18dfbf0674c3a486570b63462eac1443dd4729ae1ba53f883d91fe8d786997896d184ea2a9886ee931123c56bbf550c71a7db3ccb4b5e630f79d4dc8c284190379c2a969fe6622450ca15097ec8b056a8c0e57bd5222bdd89b0f98bf9f18d2d1a374978a4
27e7022015b89cc250b2f89ba1850e0d129dadeed353c20d2ed2f0a765fa1a5ae9fa26c8fbf173befed4d5bf892750837e6a91ba5188f76895d6f28725220d3d38aef230b4585c42e7e1ec161c89cc0b5f4d907664d92f828a7a097b3ccf8dcf5cd2bd8cb3956dc93620727202938a9c41822636182d5522
064efe9828d275334d64b5f2e1e2dc14ea417f0a8b06e2aa5f027c6927db02222d9a1c653d0341991f2326eaae029bd5ae2264aff39af54ba658f62d13e98286d81d80728dbd9d158199623c93547d40f59da01e693ac17883282cb65f3e10f5ec2006aa1969484cc2047038304ec255d1371a04c917a654
1d70a448155ac561d72a3f91bfe0cc3190b50f82a15ae2e6c8c30393add727f8913b34089fe0c979ca401768e6209dfdd20fdf0bf33469bc426be2910b67a53ec3ca8ac1350829b45d560f2eb7aff6d3ffceb206404c488b8a853284cb16508fa802a43f2fbedb21fd27acd547e9f30901d3b9b9f8ebf5e8
2e7df4ee43f53811dc621e40d81c713190bf735be613f1452b14f3f997b521c062064293c552be47393546e68639e75e76db9171e0d3059ef28acf510eb09a2aeeec3e91379e7e7ca0312d16e47ceb3c8d3293961b9c971424be080113a6c1e04571c2f8ec858095b603d107e2c98292c172105cfe85fbea
2057d5879cbfd6b1b1f3a28c2df48e21e20f8cc1d7e7a01df3c42cc58317141e8ca042f1baf236149ec25b49e5298ad5831fa5cd817f33238a5c1762180724cdb3273ef20f4a3bc84325032292cfbaaf852d2126d36b2fceddfc18ace3398009c000ded6516c94eb851a00e3966fc9453396e16539c7d0cf
06febfd96ea38b611dd410427962f82b18d144710cd9c1f8e691ad8616ff31c76815ad32de104f9f27e98e08e13fd489080013c6b258e9b40f08481b02651031d4835fb2628556629289bc37bd49c7a8b63e5362ae2e50bdd7f006613c120cfaf2f075b4e87751b38f0eb5ed865e768ce3377d57171a9b35
20021f3ffd23e6935c6233eafe191e33dae0064d044312356b66e20b687207ff782ff76f0740bd817178cf41752aec097101d6fde1e9a90882aebe8830010fa00d01f2934b1fc5a849321234ab99b6befcc2802cadeefa6082f103ffbc17fbb78420c1d20d097c7b38295165d3cd0557a2532b7a97ab2d39
000000000000000000000000000000000000000000000000000000000000000000000000000000000000000000000000000000000000000000000000000000000000000000000000000000000000000000000000000000000000000000000000000000000000000000000000000000000000000000000000
15c17060f66d9ce2028190abac820b327e3520eeb238915c71a264b45e6c3de0657a635ee3f2ee48d47fcd3bee0eb7d17e7a692ef3ca5b1e74c60c7b34ff64505228c6a331c1980f7881052327c981f58b07a389efc7b970d54b134a4649a1de2803a4917cf9402a7a26e9956b46611971d23ded10a0beee
1601375f536e72e1f734554b326bb02c673ed6febbcc30aa33ea056ff5f009d550469723fb93d28fa58829903438f5171b3981f7f3c38f8cb7a62f9001706887131783a211abafc84ce58e13174d6777c8e9922e6ad93b892e803b79102eb593b311cba2c88f2980941b6e830681f586f33d9c8148e78f8d
0e30386f3a756d63af42a4ef1be92e1c332354c9b10800eb9fad527f5f4c2fbdd69e1ced3740d4d839ed57a1ee000619ae5f266c01c457ca91ffd8fb331574cc6a50fd13cf3fde2d2aad790a1c16c2545e54706f751f081ed6e228e0e75e20d1ca4022be0e98045843071618d54c5187227f023cfb22316b
3981cc06787d4a50535d31fd72267933949f97d659c8f1bd89048dd322140021df0994627110be1ad9d09a47ba16c9ceda06be68b26bdd792daf01e53773513b55fbf48237db3a2b3b2f6338e1f9878fb55322339d9ea96de249255809dd63be3271160182401ee9c011972c92e90aeee1b92d30212eb1c8
21e0e89a5b3ac6203bafe199aaa5193152692e4576ea21a3afacac07bcfc1fc47b4e8d98d7a20e0dbb72c84b1900ee14cd33a1fd724d5ba4903c2cf3086eaef3611726238279eab55a1b120cee276a134060911474a7a669cb732b00d8362f2575a38f78d5dcc3a53a25ca762e74922f609af28a1d17c499
20364133e57c149040143c52106299115d1b541bfea8c124ac9a06b124ca3364ced8c7f00d9141af85d77d59331df687ebece68f404675e965411cc5121978641a5bbbb1ac5810ca6257c809429d1663f035f190b4e92d57f85a12c7fefd100887b0dae251de7ad3113c28fc7cd56e6fb1c4d38c1da1030d
0746a8ad640a69b16201fd98f96b0823184114bde3f1f1aefddebdca8a3904b70e59dfa100e127b6cbef7d3981059a4a2c60f27af0459c9bb7693f7321f78598d7176cf207abb4956ec2ad27fb83d796854bf0b00f96681d091f19aada91b3d49c6200ce927e5135bf3e6ab85f550a2e12ea444b59474538
3cd57780ed07504381c8a575be7f38129ee53a3a190460d2eb92adc93abf0030d98360cc31d034572bca48a9d800de6d7be78144c39c0dc24c3812981670f0273a21fa6313e8b3444ee12f336a7d99d3508773c377edd8bf71b23484111b07f50c2018c84b84874ea3243c53d85adc2ee11b551545455343
324d365f85d4fd408beadb11753f26122486f3dace58120aeb63cd1515da368a49262a170e6295bbcc8b2983ff256cd5944ae1fe335f40ee04eec18f2213cdd294a3a611b5b183eb06eff1199a02a8f0c7dfe350e013b3d09cff3fde85bc758530c2c7ff6b72ad8acd0665e910eeef1b9102bc5c1d342b81
3dd31d882d8591e3e1a09b8b4a2b18233256814d25b8117a886e00ee5ac03373edc555fc7fa202ac0e27726ea83a6e497f99ee6423da8a5c600f5af434da4349f25eac8318ec23cd49c391283bcb0e7275fa90ceb4b6f64b14750fbd7ba0c1232ef2f0f73951be5f853e6b79840b644a9092c17edaead254
38786a87d1147880c85f9b3e5e4daf36780d8c3839ee804ade525d1cff6e2a4093c9e869ab42a5f3ab00b7e86001d7ba67f26878e1a39786b17dac83282f9fffece464a115e59e76968e7820d5f905a422c39291083af0f206fa0b9658b338191400015235c3b7f4cc097173d2aed365b0cd6f352f88125f
2e2c3952a34cc30013168488d7d65934400a8a6f4a5e6088f382b70267ba1037e0a0ec7d2bb3b40cda7693aaab38e67232586e3ef2cb262c60f675f23341fae28c624bf3a6b971c8ffde2716c57d9ccb3b9df27915638931684e3c449028429faf8049ba7929288de711f90cf888bd6533afc981c2227b04
305f1526dcd9b91336118c08d0e5fd1bc4722771dff982e70821f145ef880b0101979edf65f257a87aec4cf01a157a18766cd307339beefecabbbd28151d50104a1cbdf075a82f0efc5e7d2cb8a744bfdbd5c29e232cc69ee5e736190d204188a7213fd00f85bd91073325b4822327e8d3e735646141fcd7
1b95c23ecc11f632b2e8fae6d823431f66d00c53f8e05133368b94e2750b2a02a4a29d398900e790593bda5c951bb154ecba595291ede2fcdae4b2f421ec1da7151fbf211a0e6b8e3cfde707c54110c39512823ac254de90e837046df78fe7e41af0e354eaff7c3fd6073aa8df8c5876e018efa8b4c25b46
3ff3e002403fdf80c44ada8a8ec37e040032f0e7e39133eeb508143ac50a300307ff5b500871638747d0eb16dd16e2b4b65d2f2a50701f9d6db873211ff9f001411fef41ff1418f81187421cbe432c0c6c69925a2744682d4a43380183ffab98044114d4f8358a65ec3f4cbb7678a16de1d5430e58ab51d3
0000000000000000000000000000000000000000000000000000000000000000000000000000000000000000000000000000000000db4d9d4630782b0000000000000000000000000000000000000000000000000000000000000000000000000000000000000000000000000000000002d10ca14699b982
1e0991d3a61e875297f2ca078e54130fcb1503289fe69227f09af61774b306f6a8f23f1c10b1d90cb65dc04ba23cdd3d000a8c69424cc2b67c3bf4c81f0beeb611eb25e29f1217fff747ad0e521e85c564393372fb686406f3711fb94a86273a62205e9cacbfcd3c65142e57ff283e6d824862b566ed114f
13db42c58f93f67041008da44fdbb6161578f4a4cd5d2167aa6a9f165a7c0a3649cfa38fea730f03bf6b7340d21d140cdb40f5a00038d4cc0605c8c03239b83dac2df8035554639808411d32f181ec455673e1bcd40eb4d856cc071a6e928f297e73732413de8812a42c78f161f677c5b0e97c36089eff0d
343f7d20fcfb36f055575aa83c098c0ac1ce830c8061223805357670a93e2183ace72fe8aab110a289a2b5e0631c2de44a822efe318d65f29c6613881a80cbb9503756233551abeb506078026979f357c83113db8548b362a2131bbf5d05894142d3fc348297ba459006b22bfd6bceb5420930690535f8ee
297e1d6b4e4260d026366b7cda9d2c3ce3783111474e53e121fba31a1dd02fd7b9e86c640e41cf84f62e3ad61e0c20e42bdd7cb8f15aebc96eed07f32f1b6a8ada28d4305081b1943abd2d37a5d1d90d3416311bfc7b263f6fed194eff6aa1b7e252a98b8ba46ab87d3edc5ab5f7b1c0d0462b4f5a14f3ef
05f65db1205c5471192c626da1fc240e8dd4e7e13ce7c0222c50fdf64adb1c7a77ada5376270a6192ec7e3d07b2a27fa5b98e172d3f0eda9bc7d0fa53f30fb6ac2508af0c8fbc7f40f939d055d8edca54bf05156456155214df41d0178250a53e9010be27f1868349527660725ff946d820d59ecec3cf97e
3763d18f6c52a3b25682a203a687a9283c6e48fdd33062952b878a9501c6292a9741841173f2fe68eb3b71e75d136a703db196b161a9d1e2ce91d34b124607799044b942b7e14d9820fb1c22c35dc6c67023e14459d0172a6dca013b998b37c61d52a172ef10c391223d762f70c5c0e9b1c54254447fed1e
173dbd81b1b0bda1ca2520a82d4b4619826614cb614c4246c53cf237b02b0ca138e20afaf0919994e96d8a110900bf1ea7d4a2c041f4845f03549684322cf1fd0b16972258a4e8dbd05a632994737b0c252f528095bcc3ec0d28373a8be0c7f0cc22d807cfd206e78525fc3d908b0e60c220b4c3aa478162
207bccea9299f5c0f4d97d09b98a8e1eaea853c12a3aa1edf8601dfc5c180708c2e76fe918c2e966722cd436da128d46515a5a6fd0eb52445629262a30a80315b793f2620835b4b8d1251508891def9dde0a4020ee0358444254290e8d312da0c040466921f28467043c5642a338cda720830dd4c56ed44d
28434fbeaed58d03ec4d020fc290dc3d0981b6df394ed1b276606a5618df086757ac78d093036f349e11e19bf700c897afaa8dcd220a6997dc8563f409a389ff35b1d102bd2d8c87de1efe2996049b9e8d05c3780eeb821e7f65368872d4e1168a20151193cfd378493bf9663f80985fa2eb1916f40f9470
04f8deb18f92c99370f3a14bf7320d0424752fedfa19030fae5f4d013efd351d3a06878094d21b01d686041d621bce0f60e4b5b3200fe37905220ab82a4a870fb08fe5d0c860e12fc880102bdf4ba616f16bb0918cdf3009ae2630332c84318330f22b8d35f2d5b89a18e35134d3a9f233f463a9b3660331
09f8d6e120bd0d91365f516336de7a29c7a56c74fe77121f45c3cb46ae613aeb265bb38224503934abee43ae8a193672cc045e1c72b3d0b354b7b09008e2522949cc22202a85441810514e3e1a9c93958356d328885158950094084aad2da73568117fcb23f91508073ae9df02bff37650c3393e8ed755a0
013b3a70aa71f5a0b85aba9c3b8eb9081f555722763cc07a36d9c66f891f22fc08dcc50ce5c14c17b2f8a83e3906035cbb438c5e82f847add883869234f3239f16408180f41b34ca254d4f05ff7a8c779dfe814dda882807856c37462a501d7f9c0095daa7840c134426e6bc8ebea35621e9ac10e6d8cf11
199a4b3d94a255f10957f1033902023338283b1656f0b242d6a9218a6ff201745868d088f4f20aa46cf8bac2f43e849f59e274e801260407b52060b131964bd204ed50831bde2c0e3a07531b7e18284f527cb3d732578b2c5c983f540e443bda8951c0a7b03a75c55637e4825c888c748368a091307579ff
371efc3f8969bef2c31c2a008ce1750ca81a227b06c002ecfaa5cfaecfcd04f3ba7593be1d9077f0c53fe263c93a85eecfedf735f1a3b921b4b6fb6639bedf66026dcb43de9c7b499fdab4029e54863537c32122ec8cf34069d32b46c68e4d844102ffef40c757f7b7098009294dc57391f70a30510424cc
3ff63ff3fce21e9017b483f11cdcda1a954b2064f35a13f924a1e07575ce00027002e6ff790383f69a5f33f1b10723bee0d9f1ee8101b6d787c1a28d3ffb1ffa0ce10f100bda41f88e6e6d196f4474e44fd461fc9250f03abae70001380162ffbd02fe3a3a6e0684ed08d3b5bcd26e565280db6bc3bfd147
0d50d8ab58c17db268ca1e133f39af2820cc56ab1ccc607861ed248a74923221d983ce4301e0db2bc710817e7b3dc5ae0268390400160e5bfe778d6038c3f4b21dcfdae1947f9a2cf782ff07f1d702cc11385257f10fe154bd26038eab3c31c02af2a17a42c0d3f72f1d370dad73e5c03219ec9e181534a9
1fdc803f007b65908abf5f1e4bfb8e0d2cecc8c985d9909faca6b3eb1e0f06abb60e57f670f05f73cf411892763f91173d120c9da25eba49773c2097336947d33a6346901f4e139affa42f2de5c98ce6994ee1ea8e390e1b6ca53cdbe85754b269e0b552841f2c667702804c32ebf4e872c404c9b07959f5
342ab92eb0e145a1dc8f3721a2e2df24631b1cca2315a128dd2a6438adaf1770bca2e3ce2333e5e48a7a300e250102519ce3ee363061a4781d3e170e09e7877054cc8660bf76dccbbc2bf61a5f75a036c5b971cfeeb93baef9562dd0b93f3d6e99610bb2fc3fff905c20b4f2e2c0572d80c649459a28b1ea
08bfbafde04832c10d24c5b4a369b23e0ee6ebc255770291fb761d6bfb7f000de7f8ad49ed32c48b1a9c464b861300c740098e7cf0a46e25504d521c3e140f55f1715ec2893b3997172e0c0187151e35d8fb9282470eea06a57e3c372210ca8ad0519d70f600b6dc161eb608d25caf347170cab75c41ef77
1b91fe9601752310d5253021e8822735ff92cafbbd6292fbe475394f8618226b8d43f72f43e3db57f3c50248181604bd21d2d735f3f3238ccc77a5a600f7b9ca0653ded3dc96c16384eb0620c73d27e853658296601b255737ca2cf2771661014c53573f44aae82da72c3c5ed03d2d08e2124b733e8ff949
19095bf998df07232408d23561fbde281c3f0cd14ca52156be88d2b4fa950a788ba09bbadf02b08466ae32c3f52e30296b615000e3ef333cd6f8c2702b91788407876252beca7456b656f2388e8a8d86c3a1a25617e2fa6347ac02b4cc95e2ee4a325877d7bd0b61cf1ccf534fb18e1ab2674bf3a74f9b60
264b1409a6692b63736bcaa5a5ac7a3d2030561d2b81f3d79c805f29e8d32abc6e1d44e944b2f126f3ef79a00533002febeadf6e2049042e48bab5672766ef84e4450b91d85268e2cf657b34902867210e1fc23ce3244b41a4ec104651d334a27ca216e0610be78c8226a75930a90d37823b751f343715aa
2ba6f7132cb043a0783f9bab927b26294b33d5c76b74a378f8fd5552c43513c119fb5f7bf1a33f96931f87b0a1044a49d638099850e9b9d8638175151491b1cf0f668f3250375cb6b983711adb3b570899f302ea3dff6fe278da31be87043c8a5960df6c7780a3a4a216f23685ac0effc09e1c01d7bf2e9a
3eaf3913890aca435aaee0480a386902ae7376ecece8e33d95c5b4dda74e28720b0a3729bd11cce24cd6cacd990704cc14d1e12373b853d689e049ae3fe1c2ca63f9b820b727a36003465b276a16b2e203379292ecd7e0a173a3065c83e4bd8915a37601ad2309c27d37adcce7b979ff32c9f6a5a7363467
244b87e275487200a560fe556c85301eb2e5dc346f91009891d722cb86e2283dc408ee98eb0056f42ddf49101638ec260009d37440bab7a8109f98fb369243bad8dfaa21833e9f455d3a581ba03488e3ac64e16aad5dbfc7456d341d462a400b59c0a15d56c3786b3d1d1396a18533b7a08c6145d2810fbc
30cba40f8aabfa40352cc58ce688af387c37a9b3820613abee993bf43987038982905b5c5e124aeb99a8ca106e18c56921db8caac1031cd4fb95b42d11b2a3c3c09a5f119c71c9e393aef3278f7312cc945a40f4c094bc6bd99b1838049741dbf8011e46e2d10752cd0e8c346783c074c3b98f11ccb9312e
0f117b737b9d49037a5d2e0294b17626a2a4ce0c85c8b2a7300a740b1c4b31b917d49a487210de1af95d63f0d23eb02ea81c153050e6785b311229272160725a42a7adc103f68772e0fdbb32731bce3e4a04a142d8690f41415333e4767711da376304c62447b6d41c3e973ea13b7a5310574e03580b3d48
3457730b7104f523d8900c5edb6e740454df06aef062232aa225ff00b47a00ba006ace8afa717c20a0ff4920f721bb4ec1e5989ab32db5b5218cf43e20b1e402ebfc31d285294a7c5f3d563ef137d2071af77243d46adb6b1bd624f95b59d7e7867134e84045976dc00fc157318198dd03b13322d0bff336
3615084b23f377334200682046a22123b0496ccff02b12dec316a9a5de190bd3d58b588851c3449e10eb36a6752514041daaf7dfa2717fc88b0c9c8438fb4cbf15f52181259cdcece24c19352c593fdb17d6a36fe602492ccce31da4c016de1c9f41e1011ebaa92de822c6e55b8f04b4606ac2b062f89218
26697952bdf44770a4d81f6a32573c2c2f24c55f02f903c951518f95dc323850acd5772acb815a3cfa999e0db40cf3998be449fea3282e24da1884c10522f8e1920e87911a98fa948cd1751bd201332fabd4a33f9041e3aceea32aa40f2edff84b13b52d15ed0590f907189560167c60520d876221d24ac0
31fffff63ff3e001b8cc87e5e72d4305347cb03a8bdcd133f858a9c02271338000026be308122666dc7a047c6c3695a24686751770c7390bb2c2284a18fffffb1ff9f0007954efa5debc241d58680bb5c08f61abf467de19dff139c0000133e184137644c289f618b40f26323e9164646000cfc57b512c67
3fff3ffffbe0001061e9ef48152979203a6244cc0ddd41674d5f3153ab75204c666abdef2d7249c32fd1ae34fa191f015acf5d8432350b355d5605253a516f27ab5cf342af64fa2027a2d30be216421a132cb268e9af1e39f41720ab9ebdcfc9c573ddc816527e1b330d857dd3b3c5550346244c75492817
360e60c8aa2ae07187381a707d437a329e41cd5bc5bae1a21fa5abb07edb2dbfeb4e723318b04b573e82afd47b03cab7bffcf599e1d83e0d3dab199338e4ecfd5edaed80837ed3d17f92fc2eebc6db42836a00122fc05f55ee3b01bef278e0c7228123ae8599b9f0c43d2281bc816d0cd17c207b738f4357
360f60d8aa3b0072661db9aee27fbd08bc35449f46b4a2e33361bf93eb32088399eb1acc3f915c692137684d11108d219a42c3de71e96b8923b30fc226d0b3827e551f9147e07bfdebca040b62e4ecc73d4bc2309292d1498f700dd138c88370a5926581fcf11ef02d024801b86f6f0f42f36dad9284c555
23cf8779b3a32413664ff3e0ebdd722637ce09c223e7b15a774dbd22c1ca1c667fe50cb9fe6315c6f97455f1801b0a1365f98e00a3b9f321a714ea610048e00c9dd7e912bfad17b9a4a0281a76a981940023901ac22faeafebc01f20a0351fb4b6f27eda4e7e2663652d400c260de268c3715f26913d764e
152413bc508fb4c3d29acf9b8d76b230b6888bdb5f4b534774bb0d0212e11c760c126eeda9f174697b4bd7883816fc03244de8dbe09f4b77d4d6a61a290a93d20b92a4b3115134c881efe737c1cb6710b2a7c2cf3c384ef53fc4122c491f28d721003381a122271d3038ca079890365fe3383dcbfa7da197
3799958bc7e41a9340bc10057c9d5a05f54e771374a9235e6165c448ca3a29535bd6ccb2625001ba19dcdddb3b21d46f59847cfd80a8eed051f417672c3295b2e161a9317d692c45fc3bca3f115692ccb22613ea5d8fc7af423d117f16ce49e826703ce3b749eb93a70a03dbbb8a26ec13cf98432567e12c
06470b692ef6c9d07abab068de15401fadf9443f24a2836747046c235ddd14f0b8c7b64b2f315d36c9bcb7d814267b751e4a3cf2e0f350f4772dcbf41229acd5c6669961b3a54f5ff6322d10b0a1a2b79a52f164d79bf68d4a5f13c376cf7d3c236386249f57cab6a901d4b98c386300606bd4cc62b4d09a
2ab22b58fe6b7a939b9b0a0d9af86923cfca841a6ae761a32f77e2e151272724e4ac47fc938108d64519ee5c0239e68497e4da94317143772eb827ef1437ced1b4ea86e24693bc8784ed533eb027700e5e4020c2f192c556a4d7228d9759cc074513faed842051b1ef3ccda0664782e5f38b6715a2551f7e
11bbbea9894ef491718a80e34ddece370306703a4683726e7984ab0dfa5f1b2651e208a1d9b122eb80c1d5461d1d855e1eaf65381199c863fd22c4d10111b7f16097aab106cf1b009dcf540dc6dc2b9fe8d602582f558ce9de05132fc5cc4dfebee0780cda942d18e70bc269660b1ae8a0428420ace8cc44
34c6d6b472c96f1028db6afc364e2a3d97bdf2f1b496621a01d1d2e36c111416234d8e2c7071c6bc988c08f15a3b7434a0824c642057952ff4f7f5ad30aa38556a5cfcc360cf58a4ce3a4a3fa1d50ae6f0ce4392195c750bcb9f34a1f3582f6b814245037db1dbf8813849e30bb0677341b78bbb0dec07ce
19bd6e674c0f808356d7b9e332bde339b9ede8beb069a09ae27d3864101521a00f7151ef5fc0a25645d2ac036832ff9cd44233a0500ec080c860c2fd3af71abcb19d90f27243ec625558e23fa80b2d9f75bcf1e1722d93a33ea82dd3118595e03010a3d648f8cacfdc083d026ebaec26c16a7a9f2b8eacb6
09fab72becac80c12740226b7047313b9d9efbd65168d2a10048b226c6ba3b70838b5d3ff171354c0f2fb78e7b16099367e86b00b2fff152a5b228a127c3957164d0bba15149f0025b521414762e1ca66fa9033f5bb45c421dc70067e4a2cefb183306487a2edaa12a11806726b93a4f204cc38eae0fcba6
08889864043b08d319570ba53b405710388982af97f4a03382e20239ec610552c21b8b45a6500eedde2db83b2615309f2a5f4f8393d5d0234ccf76e20a77bfd3bde624a116917d3d33f9e92b20791ef0adb1b0f151eb276db404085eaba151b255717c429fcfd42a1d3d1de117abddc9a3dcab30a640bada
3fe2963039e62e91c51d4ff8be6a2334976936126443a02ffdd910f28d6136562b294d4772213756be52f4b4d11671ca634c3e3b82217d622d155a7339d61b1550b370131015039f6e2fb83cbed4ba9355f20196f2555a67be8c22c023d6470a8d53c4fb53069594db35b2782da32ceca36e487010261511
34884cb4af109b01197a0fecd2ba722662fb7565e111f369b579b1e792540aaa1c8132918ee2864752b0ba33b30e996d4da84d2d81767542412897fe2de164629bc94a20ad7eca119e97371defe07355a27262b159d71e122d9739674abcb9585f5232972e8b9d2358036fd103167db00310f93f1dbbd4a6
3ff032001cd63f127dd71f36b94a922ca6448168465a612253c6639a2e700003f37fef8270c2b97daedd703948129f808898152e73cba230441a254b3ff819001cdb1f11a0cc18fc15df3f0277c12568095483a3221ebae5e5f10001f9bfe74138e284c209699b0b953d2b215f96146ff3830457c3dc2ae8
34c50259b22133f3d9a7e77938025515c8b1ddd1a12b60049eed55dbe2d829331c18b1501473a5871e0bd9ea4631912e6bcb0635520e7a2827281eb00a2a4a26e21a0f10decb3bbd66ce59280b728682f2cf82c2ea49e45f0db93b2f86f9f783386332d18e495d0ba00f5b6677d8e2e90101df6d51f9027c
02a7b4be932e95a0c4925d3e742c3f0e3cf4ac6604bb729f17c62712c2e91cc4c8fdb3fb96a2f6fc4e5ce4dd5a1d9f01d0e8407ef358a7cb74a595281788d735e51285829e3e8b98cdf3e1226b3eb997da08b38648d4688245b604c4f7559cb871c01a0236529e444311eca4857961b843e2001c60e7735f
07104fc71e9714b160df7213737ab5113d5cc94b1c767187762e437289d828911a25881dd7d111ed79ae25468a3ad5b2030d792961e54c08bdc9c4a22ce86729267faf8022b4bb09cbb05e2277c408352c7091aae2d872a2b1102b3ca9a39dd47da02b6b306322813a2b8dd8ede58db4a1d1934b1af5e6a3
27a82393c59fdb304a85ac0b2d3b5104273944852227b25a291b8b5e9ac80247fcc0bcd4789192f11decd057ca07ca27dbcaba08c164fee512e2d25637fcae5d4454cbe35eb8fb9025511420211fda476562b3212de0a867fe2015905bfcbb3087d2df5fad6a34fa063a3552f124cd0d126ab86278dc32c3
3a342a061e258e33aac24ebe83ef9934bba7d6d3d2cb113b5bc70ca8a9ba10fc886ac56b2e1012040d0b8c8a6438194d01307f74b2a0dd62826b266c0f0af6d2d85bfb3306d0cb27fe8e2410ac5587bd2b42a10041abbe0087101944279b43dca7b1aedcff774af0751f2c06dcf78c0481f8ab0a10d551f5
3837d43657cedad20188745def0fb809217ebbed48531088b839ed53f5a23e0f4f9effeec6e05faba9d87ee94f3b715994c4479722ff5b5f5337e04d0aeda1220088cb01330d3f3803e43b0915b4e374147e932455e8cd870d1c10869aa1248164331e53364d04bb0a04f05ca098520c02884f06ef94dcc0
18647b35629094110ef0a54c30f8cc0969260ac226433003b68b71e6c30b2cee7a1446cad9f385b48ed98f0e8c110eb5d5918f53e04e3e3d1c4eaac70ba49d6f0b6566f1a384a74bd661980c3ce395d450452299e706c44fe0422ead2620d2f0dc2360e0f7ef8d739e031362ac85be0923516ea037677c48
0a671176751624334930d2993febbb32ceae842fefe29366a466d3241034369a732921c8ad112c034d5b62624629f8f12340f4b182b2b4900e253d9023c5358bdcb7f4d35db55b494e117f27d279230d30f6b2886020a6ebb21f3963b35f17537e537c333a3777cf593b464764dff458e2a51817b7d7e37b
022736d84be2bf502fab5bbffa9bdd1de7a34429a35af15bd6af4ac839cd29ef2a21d39addd12d4fe6921305353893b6744eec9c12bb47543d2ca3741869be15249ae913f3c9ada5fb01143d0fb6158fc2b2403f6f016c1589591f841cc9f648bd306837e811d92aa40b4756857cc569a2f022f471b0c7c1
14952f73c6cdb2b164126c0471bf791f6a08fb9f8a6f218514e17ace3cb526dca67a1cadafb3b6451098ea68cd33398485acdec2a2905dba3872187735f4ba7035dbddf2223b890e6fda2c0ebcafd879cd6000920b0cafb5ec3e2fa3fc3df03a01e3818fea88779ea000cf1645c64cdee2595d9adff5044a
05e3482f7a2d0f70d6a79b35f2ee682c4a6f80443031b344c05d85776bf13f6b6ef04c9fbd4308acc4c053d1b019256e4cc9d445e105f71488315535051f1ee95af63e00f320eac54b33552583c5c59c7734f0e8d6d3f1de872a3d70500db0ece39213d83b134a33213fdf2e3287a775c01a9de0bde75f07
0ffc3befa70b93d1e20bf9654e87ba36b766e0e0027a111b82f4b170835332ebe194b81e63f3a95acf6e2c679d317597cdd91bddd046c244bb5d7c353b079dd89ae01830524a83c3b2b05905ede352b00ceee3ecd555a6cd2a8d0ba0cef3efc66392940b1da7f289350c312b5ddca15da1b31475d92a02a7
237137686a40f050a253e2fd7208c42137cec1e8c2868382bcf68821133d0a76eec8df723b62d0d3f19ae768182d4a7f053dacc521401ff92636cf2413690553868420e050d808c06f0a800c4593bc89c79320c4d353c203a6d90f623efb1ca69d62a65837f431e65b2993e88ad40f48207af9cb061bf323
309fb71ce4b024e02acea1d965b07211d9a23538087bc0f265910585f7641415a2ddb9ce055080beb20ccdc6121b69069d3df5ca61bcab10570be4e21899cc60f75366130f405f65d1aa610c70fce9df8b6973e1c7ef8a6443c411f6d0f7420593f092e31ca80b4619110907d9578f0d8027058955e6fa68
3f4bae8c7cb2a691e7799d354aa5ed031c10e1862414a129b6e0d572ad3e198a9aefeaecdfb3d5e602882fe3341da61bfb2354c56055db04d6da9f99027c45b959c66d90cdf7eda3dc068015a7f436d1ae62b1e9d6a88ddb2ee727640ab14f652751e1d5021f9fea03394287c77a252b816f2cc93e0c3f97
3bfbfff04edfff13075810d6e3284336af3e14c7232d10b5d97ad4cdfab601010003ca400121d2c3fa3dc57dac001d4223c165f9c13e5680bd93a5b63dfdfff8465ffed1209ab41e5cb9a4277c3def1567bde0bdb97dc876e51900808001d4a001134c73516bd6995413ea022d2cccd5903c5e8000b9eb1d
29421a66b61f17d3346b38af3074c33637035f4a5f04a1e9df580b6b0d34315dbdffcc47b3522b2b4102bc92af1583c45360bc6be3b451d6ba42c1ed39dea90abce460819a02ab69b6f3e839c43fdfd2673b2007467902b6a48b1f5e64ab94dda73202003d3e6e972d04aa084b0b9b61526ad53b3628d325
1a869f0d0c0662c315b24dd0ba99d50776b8e80d7623e0a31499f7ea358f027d9ec20bbf5ea3fdb5836541296711b6b6a9ade9b690ac17b0bf88bcbd30f94c5b2769e7c04f10c63d90319819ddf6184d16482317614c972a05142125cbe88c6bd8029b432312f6de291831262ace887191e7dd660d07e5ca
2874cdbe3d3323d20343e0797fa968154afb0cc49bf93242a94c024621492c9eea123d0dfb60870cc103bb30cc1b9b1f83d192aca38cfbf4b9dc396f05a54d150053e5331cabf9c687865432daaf45dce19d90064011c62fabed0f22c14f2bf2c913da3ed00ca73980271aaff22c191de33bfb2983549a82
0631776cb4a39bb018a9adadadcb323a0bd8e1f7c57eb0b3efd8c0df3dcb2f190c98b38b23611a34f526e3a2ff1d3d8ba81d185463763fd2462e4b201f97fcf19142c0539552ecc585685814f8815d5db65f223ef5532d70db6d29af4ad3d3460b41752b7113d98c641c127971bea98702d57903368f748e
026b13cae66f9c8384325c4c58ab7e09bca31d4c246d3012a885e722517014b6faa38dff67d3d4314ba8c8f6f32d0279e47a11d5433a89700e4c0f021b675c4f4bfea683e3c2226729ebd520be74a43965a072b19e1f7971b8d721c82948f5158102b8b4f4fa261e553faf527a5b2a8ee33b58548327bee3
294598e8335adf03cea2c0fac2a396323b51d8c24b9952877cc52f03ef380c3ccd7fcaae7722920f101e2d890b2da79fabd995b5a29aa571acce8db72cdf2289ea1c72f33cdfe5f9b144182a744e74294a8751c082b8d1c8d8b8067f8afb37ec44523fdace7357d018397265b0cd232af3c0591bfbf60088
0af81280339cb8e05f4ec3129511a81c09a8c33324da938f95416bdae2a61c38ed7eeaa0ef60324779a71234543f15a14bdd2b6b5121b08f754e4dd624b06742cd5fc4b16be1578e552a7d13a284e3ce6ad7d081287da5ec29fe0808367fae1806e24975f2c55b706b03c9b197d16e6ee26f09781e872c25
149faf8f62ee3b31dc21f99416f28732bd8744a9cc74e0e88d26f63b4ccd2712a5a2c5b3a4702935d61d695d3c2ac2982a394ecf924ca999d30c8e1a1af3d267f1f09631b69a69c3c643483bacf654d4d1373151f76fe214b2ac3874e79986a45203612f8f1bb6f72a2c9bdeb4df79470017b323e42dced9
1a5b75c855013ec15bf117774e7ac40e87f7dc40e3cbb09b7598ae6177913543634370cf38426215d27afee8e1199d169053f138b0e18793a125f4880a75472a2ff99c6130668f712535dd0f33aced8e7247c235ee72829687203029e90fa68e1ac3d4c29aeae73e583a8b762a458727b261e042a6d49b9a
0ce8cf2e17823a62b3b0ddd43293b61ddb258c33c2d19266ad08f1d553e10c5d378a92e693a028034c66c0b31e32f4bde272636de3eaad0bf96ab14c1ae14f117ab366b25fbad9efe888f00997ff103eda38637091fd705072443fe225ac437a61a0538692ca52b53f2b55cdeb09f2068267a7146eff18ce
08ca34945a34386109d710667d1125322a388dc05dd360d6dc5a96d7ae3f1ae8f2266e8410132ad622fbd79ddd3e6dad4f974ad8a39dcbb95797553c26c52c9bd80a4380a6c5d50a68e5bc2ae26c8e149738a27b152ee07b491e088ccb37aec1fd326b8ef1a17800401bf3f778d1cbbd91f5b594e9f285d8
0e84088648d2ef0071d1b49cc63ee20f361a2c155e1c90e87f2e2fc09b9115af236b8404951142bde9c51908fd0cda47f659494772aac9004f8288c03a6acbdf02e4e8b20657067876815037975217f2d680029464a9075ce1462aac533d61a53ba3ab076ba228cb243c700c4d64eb2f02f81147679919d8
382f6870a4972d632cf3159ed1425a2cf6113e6e550e7299057f14d3581f3abd7efdd89bd9f1c73b63b967f00a39092a8bb3b1e2b0ad2a8c661d512e39ff291c4b354ff141d69ab742bf2c0144332a302cdee10dfc33cb5b29382caf8e065223c700f91a6db048a2403ec9ce7ddf5e6eb30a5571c8248877
365ae69fa5ef1d935e6c44bec0610038db4f16e38268b1f034afe1701765339c4c6675f2745013f38749f55cdf013cd89e037951e02bf6a57f5ee56225fee6e85024c383f25fc4f60b9d172742f1bab6688ba22710d2ae5873bf2aec5b3619477111619530a0280bfa25351f3d1f4ada00d90f17b02e2092
37fcc98e9392d66199d99cb7689ea32b9f66aaa4b12b40d45faa0f5c8cf10752417a4b69a320b43f6bf346a98820d38a0eed52af300647f84c04ce721ea1a322375dcff2705087d59d43b413a7f563bab005d0c4dd29a57a576d0741200e86ceb902a0f49e2fced73909ca083ccacadf334cc103503e954c
0001fbfc20f03102e21c40e8adbb3512b62c65bfb3bd51eb7163ceb5e75a3fff8100dae3f4904778efc5c4113301a2c1ec12033ba1995ac8e97437100000fdfe20f81803710e207435dd9b0c2800951080eb7007b0ed70b5c2653fffc0805ae1fa91c1dbee8207cea400d160f609019dd069e0a416aa33ca
088a7850fa65fa52dda415a3ce35de156bfac88cf0fb43b551fd1aa00ae134188acf9bc354c1c0201209b50b8e0fbf33d31d1ba0002697e726da17420a7b442e1e7b64b1ad08c16dcadc17289d3f258b94b2a05fc27f499d47e92899a9985f34dcc2d0abb242e827df3854b1a4c90f3e403c7825114846ed
0872c4bdf4d1ccb07584a4789f96ce1e388831c49c12e1ef026da7602c9d3f68b00f814c5f314763489f496eb606fa1f5cfced6b707373e558810ad83e2808b421d7cc4255b7365d09e1dc33c9440775d9c0b2e15e3768da8c36367ea5319f362e9316ff4a90d3a629262c5899d38cfb135dc3bd03b93fa7
01fea66840170321b8e90a91d348970e825ce78159f380288f1ded258465226570b69c271af3c01eeabe4644ea03ed7fde749a3910fb796e0cb8e7a61f27a2d482467431ff97af425b543c31e05bcaf3b31b014f1ab249c0da7712a1e1eb62bc5df10df503ee0191f204bd0fa43eeb4b31b55f7fb8358bf4
23441bca745eba93b8efda26a644fd1dd449ed874a1f016b85d8e1f0c8840a8d8dc17b93f190a0a31d0212f8c33bab9eb14816dcd3977ef0f64bbd8f32bf2672e3078b637b9734e61ea822250b6e9b5259e262e073856fd30485153fb1802f6e54822620a5767afca52fc4ef5abcf7fe928797a11febf83a
0de148c4eaa00911021c1dfe49b1d70db0a1b440d48522d454f2494e30db056cc2fed8282a31f78afd5c4db0582d8d77e8fb6a945046ce861f49f82615453e3503e1ad629842a80b04a5ec01d7cc24d0311601773162cab0fd622444a8a199c9961279b1b907579c433d523c5ab5c95391061786061acea9
12dde89e2c55a2804e8b5d346ddba331cc55aa327cc35177fcdce0a7035d1f5acaaa9f79d001787307f2eb6a7c273468e2ab5fe3036e45c206517c463fab26917359f042dbdec7d82b0c0531dfd708eadbc3818521733743d0d203069def373affe1fd21159f2d1d720cdbd8fabbdc6b90ed0ffd41c43f8e
348779ed5f15e9108d6a37e8f0975237b87fc85c83155293847a6367116d05beb261e4d4be910c4587c9938a2f01006314abf188733a4ee65ae919891025abf7515380b36bbe5da6538d8912c000a7c19767602111e58d79e7e91cfd57ea3b27f233cae7bdca858b9038791bbf5c4e2c3195ed7f955a8957
1e557b37b612a961dd86a4d7f59ffa23ee32630b239881dd9b967968116526e9f4c2508566319d43e1f41d8d7f34fe10cfd2edbdb18e904f49efd2da1d71b52164452192350c6235bc4612391b2dd3f8bb90d06dd0d94aeae6cd117fa4620e719eb38ab5fa39867a2e32f6fba466afe8a381918797bf7282
202ad4379b802143a1e4973a1953eb388047dabe1fb5e24d661564f38b511e1e7ed8a9a958e2999fabfcaa2c020ac51a2378221d4003c2d3e1f4f6141f419a3f2f48d3d0bc126d295a308602d6913be88a09019f50f965f8ba0635a8fc8224947361349877b1bb304b24ac318bd3289cf22841cf7c30c85a
27489b936312bff01e0e5eee0a137e28b941bffeda5e0031a647c6dc19a533e662a2ad2005c194bbb0d0b2ce2116804281a209627046c179bb2a4af838aeaa3734f30181823e2cb4f914a83ec97b5ffe326a307d45fe3cc8fc641cf64db46b6889f37e619113aac6e90bb2dd0c0c96e9502935ba74131791
36b5bf2f396f8863ab60f6e3761c321dade4c81e9153f3e052adeaed0c1a003c4a55c2c4918392fa8d5b18a73705cae562af8d6f30832747d1a588c719ca52d91d53a6d291b4cd67d6a2b5171ebaae220bb06194f51ee3d84ba00f1cfacadf46643273276f71a7e53c1cf7cefdffb409b1a159879dd6a9a3
0315fef8f0b6ab8393ee9249660bb0196128ad414db6a25caaac2ba209c33a43eca89f389e4200b004298868bd370545d99ce81ee2a57e67ed19eae9300d4af70a0d33818ad7f2fc74a31330c45f67d4adf6a2844fbb620f6ab608b61d4084181881ff0030a8db610e3b26d47ab83696b27c0b9a09afa354
1cd5b8b0e33f4a2253dfc9e037242c01dd3d1850d62892c6ee2ae0fc9dd73d7d4743e323f83398aa3d2f3c56e3335f29b2ac1f475154586cee662336196ff3cb346abc2037f10666f541fc2b0431f656dcbe716637ff2566a90f125d8899eb3806904eb08e8ad7a41f0139e916456e5751c67d32015ba906
3153312d31a57dc273d79adac7aa291f3dce1b941c700084e6a0c729f5110ad0885586158b11b1affa61c0e0cc2f006235f1ea26c2fbf97bff9e795c30a0b00fcf38b8325a7ecbce0cc4873275fac0b5dba7f1b294eec923eaa6315c26a3aa3dbc23e68e2a016e82b230e1fdc194f21a41c942aa163ec4f6
2fbb6888caca10a3669b1f8aa94c912524baeda659d9034d40a603b0e46524497f136854bbc16783361c42db300e8d7c27a949c3403bd8f84e2e0a4727be0d6c39cc7530e714ee6bf3dd5b3b45039102a2a4b2a682e37d6886032ebbd8f93eb3fdb2c4aa5f1e7522e111b6bcc932a278a3cd2adf23d6dbd0
3aa0000218dbff13187a66f4f7cb7923a79619f384f3909001536f3944bc0157ffff60010100305bee171a8ed404df2c22764d8822d0c8a85b853a913d5000011addff11292bdf2d670b3f1df869f1ab98a123bcc5a59ec558d500abffff9f808102195ec1f7c7e7f2164af72c87409cc2178fcf58ec8443
07e1ae9d0fe1237142542afca347f81c6e96e7280b3b138b9acd8ffa27c8281e58380936fa22877937154dd38406e6dda77afe37309d37cd1fccadbd21fcc1fcf39c94503e00c0339adca2363d8bc14be9b8c0a20ee92fb70ef539a0282a8f0e964131510560ef47273122a65dfcd94a03f7f5422395b942
058c8e69092687b128778431c4ba442c0477efff1833422d44138483f2293768afd3c931b61253f01f6c5f41ca0b4a70eac4e9e101c51eb3a1646f9c17d87d3ce97d5b73eb3e0c598bd4ae14cd92fcac5df753811b54c8d290f817c8908368f1ed306abee5c1a09e602a2dc5defaf4265018df25933f5b3a
3ff88c0099687fe258fc04af88705f1a9f8f6f8e34563167f5094bf2278b18d1e30a8266bd32f8004a77883d8808c20c43730498234a750703b0d9ab32645c6b944543e15f72e5db0ee05b1b693949e2fb8e4175e755a82d3880286767debb5f5333b0b52a64d1d03d33d40a97be302032542e823e79603b
370bf628cec705e282734ca9802d91092bc768046edb3380d98824b2554707cb3298618569c350b4a3c279de882e2656556ef3b243c500eadea01dfe2d4cbef77cf6969003ebb9dbdd42b812af5ad71933bb530179161502b37d040a7abac57c9f1000d466061814c03d0a2a88c0423760f581646b512945
0af4a19926a0c06262a88bb5740963093af9d900ee1853041bb312ee062a09079663684fa7c11cf93bc0ad587b340f9a69474cc212c9a66e537288973d21b062dc118312715875fac84ae02530ceeda7d193538da3000e057dc8185dd622973949b25a734a5c99e897158be7436fbd61310e2050590131e5
157e945fcd7984a0abd32c1440ec18196f1764262368616d9dba031c8da313f1c83364b852b069bc36a4bd225a2eaace2a240724d1b935e32a3a56a733a30e866524a02041a5d1edda27552ff1ee1eadb1939183a39d821b79e80b2dbd9f288494325bb35888714d0c083278da48c130800e0c53201f0fea
2d0fa66295f6bf9382fd0f4407b6c035750a8b7c77fa236041b7683c969a28093933be4bf020642caaaba0339032e4f935490a93c3da13bd37c5b6c4292dd25b735b28b0ecfd277db769c225d4f5f6275fb5131d5b0a9dd351912f515c21b1489b72bfda7b938102ca0ef48de646cbce01a6a87d0be6042d
20120d069b68c212848fcbc8c94d0b009197e9ff296bd3f5c75c7142859022406104341e9ad0d6b6e28df2ecf236546b20d98102d395c178bcf810e8080c986941e98a0372498f42b2c0803d58814bdc1f5122d6892eb0e06ce2212fc5f120743213cdccba7f6df8e83be0b2f14274fee20952001a84c4c5
0dae6b3f7fc00871c62520443094883061284658aaed01dd9d79e759f0c70d3f246897c22f43c690966b4d95a637813dab60cbd890552448e936283d0da67adb684924f125220eb51d5d00136a507be6e272611a36aaadb7dd8c270c251fd4947151c4a1577e7a9c7113112c2e33fe30c131bfd5451e10cc
14ed25062d915eb19852ad26a8c2133a637cd672ed67802f81842b6d19722dca1167e15e0ca144e5bcf5e4b69f22943a59e5f218d31de82f5bd4f957070aaae7c82df3919a9aac47d272ce2dc371dbe07b75b2d7c396b8e9b11e01a63270b73b1e41586742d5c090372056c73fb0e3ef718bb4025be52e00
2f1bf0ee9017a102136db1b5a77d871016025d9628a5f236bdc0b756e97123ac453fee7dfa72751101f5078ffc1d2607b3a92990c367e345b49bac610c25e5809c4dc35333326becabf7bc1542b85c7553fa202a04d13de9bfd00e0436b09e1604533588aae7412dec3fdf5b1d532a69f370ab8594d35713
048251c6f2e7e363cf03c014c0a9b10ded4058fbba75322ddfdd842f494b13fea53c547f68411ba8c6bb81b09421d4a2c765a0522318a7296a9726d13f9e29d6850092d1b1fe80c30aff663a97a3a92c74f202b4c69913a2199b220744e2a4b1dd617e938df885eea721bbd68fb07144c1c611f4dd655f2e
28c61a2ef085e240a549305ca6f342129b7c8fd7da78a3111bf00f71c0f030f58e1f566be381c65c6724f6d84e1ec2e72a838355a26e9c45171889fb2a10beefd1e301c0d7ba425db6d1e82fad0b198f19898282b1887d6fdfeb1a6f4aa4dd52c4d20db3be94c9c2da29afc693d7e456724001e1d866e695
3c77d26b95477662a144980cfc83f5376536b895a12520177a093956a2681efb77540c27726135dc779d56e4ac09b83dfe38ec09e198f3ec8adbf2fb2f0948a607e11373f48043d2d359de19918e3c170fb1a073c5ac11de61bc2618a13a86f75ee32fb8042969546e103f40babe99cc5313e02d320b02ad
03711e8778fd0f73c99130375a7c0c3baa1a989fc75ac3fffb0627616f3c29546898de360191a586f86e2ea2fb026a48a326cf17c3e0445e00ca2ad827a0e545ad3de8e18d3bf593c7e5b9045ae44be6472a4371cfdd21c6a8b71afb8eb5170d84c2483392a6c0897d1b7aa9f89f6fe8e3eb70eb7686672b
13fffaa00421fb722890af7c69cfa0349600752b28ac53b0d6cc336185e12b000157fbdf81936c565bf50c8dcb00a3918ba86499f37f972c65bd42ec29fffd500000fd82b1370370ff0d53266f9f1f476a7d803b382677e1aaae358000abfbdfc111400ee956436fcc342d29e11e3c25b15cfed5d4ceb9b8
27dd822e190bf893decc0ebe68ac2f35c41988ddb7ae718571113d597349196c4e84a8396db089985c29243626397c93135848a4b0a7d19e0746a573036e49f2a8921071d0897109d488d8111cb6ff2f22eeb33e718dc5327cbf131ba6bc0d55b7837e875137a5aeea25775bb0c769087342128d49aedb9c
36b62c3ea5a30612287bb34f2adbd303465b1b6f4db123315591044a9af52ccf7c32461e3be3199112fb170fa92713c510466b81b33ed8913689e85d36a238ed35c9a9807bc10220d1083b19222b606adf2ee2a050bfcf2b4e5a36ea02965ad9246289eb2fc0b974b90da7e604083c06210b2503b64f6f7e
0e87184a1040d7d2566d746e18d15e01c1791c15681db10813c03abc150a1c68ef12c29d8863e4b3cb0f36828b15bd4ff1ded33871edcb87021b61b633e6b3ad5f5e2f4203d26b6135aa7d23c69b8c44378d4261dcd5590c5b323553eade5e4626d1f75756ea0f195a3488bdcfdf8f53c12461f19a70c590
3c8b3aebd7f57593ccbb95ee17ed2119eee5127ce4b0518758db1078182120b22b44a3428643b59e4f9f9e53d4234a5c6fd646b073e73477dade8da41aad4fcafab648f2a130454168941b14e03ac316deac33b7f7c59465fef72b6a03fd7b8666f3a38e5aab95f1c71c693a6ec831f5724dc8c04486f937
0d52d8f197cdd7d2feb1b2dbd271dc2cad19446c78d943c2cc5538ef7119014ecd77aa2f25e297c66d3678d87a03dc88f4cd3f49f3012998026f66003dd69e268030c162f1bb11527116c8154211df032c4700cf989bf0ca8e8033ed49ad2f9b4240eb5760850aa34b37543726cb663df2b174b41058dad5
3c55881243cc55208fefc9c0f3d3863513a32a294d2a73d57228e35c6629295e0c87430b254227dce16f67bedb2a04c0e9c93fd562972e87b82bb0ae11f891e1d3b45f01ae0b4d1bf2854d00ac85a6e6a29c134912b208f8e1773ce964a6508dfc91ee971bfbdca9eb0f0af15d02d8fed01406d4acbdd4fc
20d2e80577923f23c92e2244305abc3c3e7fee7fbb7d91e0b2ebabd4c8f33badabc1ef046363bf72874accc11c161d676a57da4212f1c6c7f6a9dd411f33cc7fa45d6ce19fb197165f283012e8aca76da2e99257bfdedfaad80711c67439445d3ee3534d37ac6e303b32d2472fe40cac626e1c5bb3da9afd
33abb7113066d5d20b608429baced6149db5d71c2fc27316325525f25b602b485efda78b85d2bbeedd2b57f4633d9ce9874d269aa0ec437e7827c3eb056a7c4a7ef1f2d0fe71a4c5910334312fe1de9d7e8922d51381a135c22f3eb31a24aa1f85127b5e995f46da89249475e6114efaf12c6a013a19cc66
2679c8c100883b41f5358bde4d96a3348efde8cbc136737f09452cb8a5e21b8d68ad386ea5320b42db209761272f01967fbd6073f3c36bb7871a02671c2f411206158e8202f1c6c5cbb4901732c800a3a65c40c2b0244f4bf06f2d4da774bb54f89134cf0b78be002f3ff5deb4d735f980482a4ad7c0d488
3d9ac43b5deb375123b8c12ce744050823e5e547ea10d0a41ee0fe04314539046bcb69d88803f94e255cd09fec18c3e160a8c7b793150e2a7e8ff914329796cb112e28307e9d38bd1f6e400859d26daf8c95c047087a1622b9cc1eaed2e09473f9a3f4a83b21b1ad421ed3ea9f938a0f138fe504eb3766a3
0b72ca235cadc64331eee77b0c75111c0babea676049110a6d792cc53624168941234596ded23cae04ff92ebd608d3ca0b125cc810b0f9c4feb453231470d63029530d825cb07b327fa58f387d4a3476260d20b3f1cbfceb3b953ca90cba3c6e39718761b44a1b472503a62e48b624d16131d924fe3ffa98
1f11c9fc858af88366eee169b215702b222c655fe03c617891085e5cd45221abbf53815522e26734dafc7a334036bb51c779ae62907af8e409b16e601fbd5c94366baab33005077f8b7dfd16e577a958d89fc3690961e01a39382d29c596b8e670d32095f23c46b21e231166da10f90d10ac518a9b1cdf73
0323c6de00bc03d0f9b7c7b4fc866000e1fa6e95f40d91bae3281302bc5b30d2f1477ef81221e18065e126abea062be93ee1fc3593679304f07ca65316ebfb8aa2e8a04022c170c3005513154cbd6d6c972a602ae7177bc78d282d5b0ddc03cc1ca333f4e268ddbae1129e8358fc497d336f1a0296bf42bf
1c88a562021cd9333cd098c3ef282d30129759b468eb31add0a1dbb6d6bb0d619325de2bcda18077925e99ffb239628da5e76ca20361afbf7953f77535679a3976d2d981c6381b4e87e9dd119ed0d97f6a7ef3a00697ab615317150a45f3bf5736f16e2310d7e7811a2e209c0fe10a2672965246e1535aa2
011c7dfb0660ff924d60b38e688df7375a2ef8b0850ef209073cd412bfe30e18c9b10fe41d90f78888bcc0a3793e0f7c67c77ae1808f760733b1ac2511085ab645c0caf3379d6faf675f0305fcc411a10eac41b75d460eeeca8202809fad3e5ede60b361288939eded0bbfd7dd47325b42140a730d810444
23e05400177fff1162372b0dd8434807fc85be38e9e0b0307842d0a1fc5f0707eaffd81801239decbd10b0f0e12bc9f03962e44ce25faecebe8e254c31f02a002aaffed24e0a4139b647271022e1c3ce4b17b27b08e1c63fe5ee0383f57fdb8c011293e83c36268ce429c05937fd8bff221ddf2bd5ec43ee
2438d54ffdb9e1d1a7d4d78645886728ffa57e9f043ca194065e4c61d7c42c702a12be0b29f286ef3b08330a64154ec1c5e8e14fe1d5995e48c1afb73830a671455a4d20cae4e49b1d0d621e0b718c5d8008416ba578569eeada2009a9965c2138705b849e1377721810cacb46c7c221631f853cb46be22b
20f7aa999d625b00e15958c135f3b42ab0f444c08e4a0287c2a3a9d83a8d34d6b9a81279e1a23273490fd8667333dfd886c0f89e124eabfe955310800d0ca3a5fbb8ece22524f1cf93d6c037fabc420346488057e080033b5729049a1ab722de0ef122da62b90ff2a61f15fe43f1df9dc24e674561b2c626
0f1c7e7a6e7fd2d2678e3641ac687c0407c4da570a55a2a879796f2e7f6b342a5d61833529a157b95878f2d5673328bce9d955e9d181bc34e385efc838bed541eda9fe81f3ec5e41ce64990affe48cd2e5a0b20408eafd4e98030dbbe30259f9a2d341e3d96bd45234051d836b5189bc602ec659b0fe096f
3592a2da8d4d85a19ffd6418b4430c2663817458408b8241b383a167f06c2f5e4445a9cb61708f61b63ddcce273c6301055727d781da9c83df7f5a072f5fbfffef1d5e0116cf0c6f13b28a07c9c347333664937a891747fb2473324e645e343905a3134f03ec4f4865242d2c3bd3e5fa11419f084745aaaf
3a2fff7edfea0f61dd382a2e2374f1028a080335ba673101ead1cf3acd393606b1fa1090bca1c1d8c179953b991e8c7cf169ec9f713ef8cb6d557adc03a1984fe63b08e01d421df67cdec427d7da78e7eab1609a06feec815fa32e9b5bed09b0a401ea501c0a3e68d730d5dbf1bbe0c2712b41bed7627fc4
07d40abaa148875014d76cb6856fc420bba98d1a6731a1383a6cb2eff5b737a93f5e51bbe7f306329e137482991c3eadd9e8aa59a3ce66e739f9289a147e30c7d2f2e181371a5761167912008b556fa813f211f79d22815ef63e2baf11fcd0a040134bc15c5f59159b11e4e96761420bd0879d12b2aba424
3557b18772f9ca2251c6f859ce0171027bd867197930706c950612a468e10121f9ba8695e98081643421a50e610e9afaa302d9f7a0d9581565a46c633e9bb5b2b8b2ed03f45b280ac9db8e2c54f4d1f57318615f20a74de76f21292aaaae2f795912469a3ba8e02c9e0acd660a3c34f022e5e095aa9f60cd
0b93a4ee0d57bfa2fcd4cbed089dae35699e191228fd20fb6876d08d5c2a187a67e6bb0633c02c7ae813d6dbf62c8acd1e1e8b8aa07ed2ebd04259102add501e10229123be070062c8ccca1a820c995d297aa077e01f0a3351d908768c617ed0bee1aabd3ec69c3b6028cfdcccd9f75c333ed7ac51d7816e
27ed5e73825eeb9084ce06de8ce4bd1b2c55a472d7421115ffc37457b8852d9c8821ccb29741b9672ff31182912a0edb70507aff73f53f043bf5cd9e041711200f3e4e91dd0d6497eb0c0312a902cce6becdc230667ed347470016b5b5639ba003b211839646c795530113018809e3a5c01b43fa00ef071d
021e0272fa7b28412b8be8c06af9e1208f8b2422807863e7a3edb64b39c13d38f0c4cde58933973020221eab74207a1277c0839c31dc0ceac944af480eec21bb76d4f2e29deea8f8e88f790cad6e15e62441a26f628fc8b28b2f1d496d93b3de853152670b46ccdbbc311b9b7da69c5281a78042706c06bc
09c0cff099617dc1a53016fa9ecb7a39998222c89e7a129711f5ca43f0190ef9017ca2438220e05863cb64d5c133c7b47054d846829938a87380aec03f8a3bd26c2d1e21a74ef14c36326c2f47e41e82c862038ac067cd1ca4443d2709f1999657422be285dc62a9330971932b778ce4619aacf961e12e54
1edb2aad9bebe4b25fe3f60058f6b304fc1552eeec9af22967146f156deb0a92851e866acd702c97392ad9bd293f8d6a942963108134a473c869b9f22ef2f76c7561a74079df4ee19e32d70c8e22297bf9f711c2a270c639bb3f30c4021981af66a14682bc1ccb8416207967f11d72a853188fe7210a57d1
157a686069ba06e300e5ce04e5c20422e77390102c077292f214b4fc7f8a39cea8b9d26a91d39e468e73cb222c3d8c157d0156c2b1ae83298c1ba4a7075810d2b6bbb10157dc333681d7542035f8187307ee30d68c56a1580c0d2c32b77e9d85fff1ba4bbd893945841a608d113c1f82b0df20d13efc79ae
2a6a45e90348d71245facd1375f5951df61ee5d881a3438a47e47962a1ca17ad3b80af52f4401caaef121444c52054a01f8cb0af51edd87f6b53de073c70f00fadd8ff92558be2fdfad261324a92b7de43b1b234286a507eb4271ed83b66322901b03253863181683b2e9a695f7bba0412d6380b0d67eb57
28b09fbf5a5513603b487596cd648209a88ac082aa82608e14156517c63d2c87fe9c8aa1e5d3a16135dbab481b03de9b2a0a20a1d123ba911784716b173eaa68cab7d6b1670f67050a4b1926e599f27e523b82bdec3b02bc99ac005e7199164150311d4aa64f1eb03d0d35176fd08238722bf693f52f3adf
2401e3e070dff990f3ffcccab16d55279078702ace64e29a61b392bb270106ff8707c1c002a0579a0b40f2ec671926c9d94ce88ae3c534728de6daa43200f1f0575ffc5016ee921843dc2d3fecdb1cc52d59d3affd9a274c7b3f037fc383d06001908ede59ed8e50b125b09c5458037d317fcd78e8e38594
3890e767d8538d23b21b458c6639a4321da21635299a20319ba316d909a92f53cf0752a3eec3d4a79102cb38ca2cbb66ce41420f82a31d90e51487a015ae9eefb36fb883341a94f9cdee8a321fa309231eac50feb5be85a4c1423314d7c47c6583a2b70a1c117684973782e0ca2e7037b30870766442a810
25b26e3a4c5f40a3bac3e2fc4b6d5f2a5ec1f4813e8f321e6197d7b633bf27dc2bce358a4db21c52a7d825c3ae2e902d23672b6f522d164aaf20adc20f2e5af34267a4b00c4975b8786b3a07321a9f4d5cb241edf447697696b30e940cf7ec8e77a0c7a668e9abed65085f02a6d41bd890736df2d1620f67
1e58e0d19d6415f0df3e10fcbdd97b08e6d0d4be95b423d5663f1826d3cc04adf5483c23b4f251748eb43ec4ba16e649f581cb49f295edec07b98b54392360185a468f02bd1a37963584b732e094c81653acd2fa835516ef402f20fe179c44b68de00a5c0a5ba046010ec2c7258e9bc851a036d94636da25
1c8d9191188282708921bff72319290b8fbeb2b1e053f036d885923c137e3f56b7470bc3a7015aa5f63a13d72e10e02b5d2b3a13a057b9c76768813a1cd3fdb1340d922057335cc2c040a0333e2063a5ccc89372f9b0b51b0022363e9d5d453d88908669af6eca47e6216e6625a122cee31425c85374ee7c
388b3b7969a78c132b2519af59c94024cdfc34590d2280c10bd26689863d143eb589c48f9251679c3e7b773e841998e081e8c0721235bb3d0f5040e13853aa6b4fbd50b0c0900fb2a829f80696569d225dd6308f015cd37235da0c98b30736dac201490d63e25edd5f0006ed2c6823108243ec17ab80079e
0e6b81c23c3cc0a13b37cf996cfcdf2623cdd8cea25763c7a49b6667c4091e64d9f9ea0baab1a973497fcfe5172041fd5dd50ebee3e1ebc4116780da245b2bac60d2856248d189c4e4bc220712f2c15af24932b6054f4a0c57f61e6bba588c4384c30daaeaed309cc42715751e69b359d1c266ca03fb8673
34df80f3ad246830766d50184aac6307becec7ad3ed961a05b76658b71120c6d72fea76a54d04ee0c13839b25925b7814b9a764120532752aef322310bdadf2032cecb12312a193e88fa7930b1b3f162ea3e50faa8d7cc2558321f628f23df2cdac0a5b814bf8a1fe5003b398808b5db112152bcbf47b2f6
22725b5e159a44807882cd24bab16625410070b2a727712571a82ffc395b061e0a969e3098b06af5ede3a3422d173d5433bf0016a073fcef4d98501a100ecec8f5b2d9726e5f0584aa4215307cfacdbe19e7a236e14c48b85f73141e740aac4436608f3c1b8007c10e20b44135744e3443f61412c4404908
2e40532a723adec3dcfb58d55dc83226505fe0d23626300e1116bef9b4e912a1400180a8baf2d64dfa1e25cee227d88a884f8f8ef29579daf107d51b0eae5421e75dcf53f16e92df0a6baa27503b598df5e4b36f1a462a5bc8fb35386c0f00f20fe3e112bebe5c32c03bc376afabe82f630322db22271d55
04ebb1b2d746f6a1d019b77a598d66210fa2b8a96dae31e60991348ce8881d902fffc978a0631535bb6fae87751cd02c01aa782892fe8cfa4c1b9c0b25f039e5f4b70ab17f0b314e3a74460c553c7fe75c71a1f6ee5a19c094ee2494c3c89e26fc6220e2b2d8d754f5066df116ede2a6d149373242000c95
0864ce528b0c30c249d82ed29c956303f1a64f2398cdc336d60cb9d0994a150d7928558ed0d2e22b7a2ddb12e7353db3e20829a2d25f927cf7657b943ec9e7a9ee6212d224e04d1d9c58ff24a4aaa65233ff02479e8fe91037840e70d1b2d4809df0b0ff697ac3f8ac1b2b65d1756fa1e27d2687df9ef3c0
2f935306a2dd3a60a2cc59ff1092f823c52644f43512b006aba88b021abe3722e7073c0b0ae1819b7973b268631332d6d7879209d3c0513b6b61529635eab0dacaf6bba2ff63440cb41fed067a72ecf95709f3215b97844796831cd58c177a30d0d3cb170264c0efbc064ff5585cc00ad1d0676583f53428
179e0ecc57811bb1ee1376d75964203e6e7027b1ec4332851f9826e6c44116f31fcdef86ec220a10634784edbe15112d4df0eaaa62e06fd994d302a03791898d1297eed0e06db419322a830e23cbf81924ebe1cb83f6bd82f69e01f2c5ada1aeefe10e8e59435368f91ba3133d5a53a1f1e58dbbc1ea83fa
1830074318ae7d937f77b3c7480e2e30c8b8f277c13f2235512668233fe825a39b6e5369d8106d2f31ae1740a3240f778836df6071fba7ef2c9f218d01aa9f8b2c3600a2b0ee932f8f3f6024a3456d39d05131af3c5da3aa7b1a1a71d6d00cd3ae2054cf437e97a61803bcddf652fc83d181e3bf5e88a552
0a1ff54ccf0a24839f0c07a1052351298c7f43d305f0b02f7c6d870900250a4e4196ccba0a617276de0a4623e3214d8da16606f1b2a8815347715d0333101112de93cc91a37b2747701a3f16fdb30550a65161e6ac648f1d099b1bb4a839c78c1992b0cc44554fb0921b429b481f2c62505c8c96e9232a84
01c1e40204e05301ee18b9ea577c4616aead73ae3372b20d851138a030b41d402e188c88fb637745d4cff09681156678ab27f84c62b7486189215de63f1f0dfee8efd7114117bf999f2c252728dc65d50535c0394f51f3d26f2c053b4a0f05d55b00445d1597e6b4c028f32b9ea5e6e2214fe8e566aaa3e2
000000000000000000000000000000000000000000000000000000000000000000000000000000000000000000000000000000000000000000000000000000000000000000000000000000000000000000000000000000000000000000000000000000000000000000000000000000000000000000000000
073652eff2f56ef2413f38318f49c60e71f9d2fb535ee26606e53cd327cb052e8cae5a127641e7af3ee9f43c162d55aaccb9d0d21173238cf0cf36e71e02680b85b71ea1d872ec46a45a963ac90d3a9a6c6733a4a436bcc7611e2b03b33014a793000679ff3647aa34217a756ba4f5c251071e0069e60b95
3acdcd1428ca91a21f20d9822346951604f5cd1c9c595290a92b9909f5411423b1c525b3e3d35c07fe96f82de7104fce0c6c1271621ec413f43f0943123f525c0d10d1c1007a435516f8f70727f0ff1217a7c29d794a9239dbe3305442446505fea3f1a0d341a35c8e315bb775df82cea2f77973719c247c
31ef0136d7adccc35ef5169a8d934321dd0718f52f0f931f11a9ac081b5f16c92c5db5bcd3119ee5d5951fefb3321c175d30a56901de10d8040b3f6f2fd25c32adbaa5d3e10e5559c340c825d53f32befa0cd2222a072b5f52863d0beea6746304a291519d9da471543b2999b54e9c0ca112b9c9b0b586f4
2f50d18586ad5a928d21346e3015ea105e4596e703071174d569adde4a0502f0f5252f54f3027cee441715bb0b0f290f6aa011ba2199dede88a971b134a956449ba8f8d274f0198d1ee45335912f6708696d10928f561ae49fdf1d0cafc8c6f90063a688dbb19cb3923d81155fff5f5790fe62e985027adc
200664a7d6f454e3a989dfbb12e0c91ed25ff1c991b3821942fd93b310023f7fe7faad155e620e4d7ac3634bb805e28eb1c96df573a4e47016096f7e190c522b35c796b02583e16a50ad371f43b993721c11d391567900568d2d08f6a2630ff601930e3010d75a54c82ff25eb2d82393a11be06ea6a7a778
0ac187e38f9082c1363afdfef288b40e0e308effd161f0d31920a4d0355c2e4f3a972b3d25105b3ee3a7ce0447221c94e5ad3b45e32adc0f17d7538e3eea1d075c45dc02db00f1ae9caf820abcea4f489bb3922cf952bc9caff1264da9cd93de6c019d97bccc0a502b313f6da6dbc6f5c38f5ca04b54893a
3f6d9d071eb14aa07612d06063966604b19aa5a772eca2f6dbdfadfe32ca0985a1c1636785c36716d5bf973338281a5d681b7e4772940e22885bedfe2b305ae7c74c03c3105e953f09adcc06ada8a98f85fc600df19387d9221b3efc55a259a13e01eef67565b27a4e0cd0228434b3f971dac037e25a44c2
022e65cbac3fb4208cc6da0cf4ddff0bc5582552a92c933c44d02fc7a30d2541a6ac4a7b6ef30cc46c97309942018704c216532160097e896839a36809867548a08d4d91d1cb77c95d2ccf3cfc365cf03a9333a28193366b588f1b3fdbe1be7fee80d0f567266dfc93071696b45f9fd6d0c2ed0ec318de99
1c23c5796979df62a6ac59eb6b0f102cf52cb69bd3a741b03657b2a6ee071b0539ffb5338d33dc21354e1945d1346aa43fcaa387b09222b03a2e300e28f47b5303c8d061f6d5ec33304fdc231ae5b9d1950db176de602875b08d21a0e747f30d1e829ce4d7413f55812e48b064a617b4e08ea09d47a1c958
11aff021ccb365131e85279821b10437efd05a948b4a514a16fdeac0eaea28d2ea0d7a9cccc1eaebaaf35ec1d103f112eb7b3df001185828a5061d3d29b3df6fdeb0df1122323529015359093a6d3ce35ae410e7ebea08a7b1db17fd35f3f2969a50fa431df7a279760c88bd96616b9610fdcb30167674fe
12471b11bee79f2320a42b57b23a730a7a7cd9c2f641731c0c19db3c2dbb1a277bb71040285023827c5052411826ba187931c20c703dd7163e0c723f3311019f119b438134e9c5c613f6a70e0290ef95540121632e1b69f805b82bb45d5bc67e7b70a40d341fa0fc5127769fc8e3c54b90518eb38c017dbd
3ea41dbe33ae7d9397cf5d446c6a8020070c4d8cb30fd3eb76bc8286483e139cb0e1e70d45f020e19500d038b83797315cdf7f3860f880f50df1730f18b3ad50e65f90f00d14700ab5e67a28b9cec64ce8d942f357b954ce3a5e0cfcc810f84cdb217839eafc6fd8d91f165acca657fd7129526398a5138e
0aa2a260e3b402536534acbd16c6421f6ed7579163904321725f625a64022a77dced1532cb126a894071032e0417dc023e1d257b82f4beea2a891d9f2aea0dc8627b8920df62f63f33396a16890abafd0214120e1419b118365f06b60112e22e2b83e04d7d2dc521113b524afd64240441ebb0e623db37a4
0d32ef118d57a0328b0286b3da0d481237db7efc2324d016b4e047e9e20d29bd7251caf87943bfe7764bae54c10baadde96686fe1385b2178964e3183c394e0eadee28a31458d34e5ef9862811a63f42b6b6d1d41a3cbe6e122229db95f950316f41c56bfa73f197801de58bc5f8c7ab23078f4d1a52fa8a
37c001c200e1e310b42fa5a5f86e1a27731907e8774f42bef50aafc7316826cdc182a1ac91403f901a0d68281d149b4020f49838b351d7a0613e4973041fff1eecff0f0109ad01ef12143526286ae5fc10b91133d62eb8d798cb00748059fb439012a351c67c2deb9e0f8593e9a2a567d302a145fa7b2e1c
000000000000000000000000000000000000000000000000000000000000000000000000000000000000000000000000000000000000000000000000000000000000000000000000000000000000000000000000000000000000000000000000000000000000000000000000000000000000000000000000
20043e829b00c571c0ebc9fac9229f327f1e09e4359a624b492e14140bfd11575f748631c3f3fa5beb0e147e1920c94d4dded968d1ce517607dd8eb507fe40bb8e6d38a0616a993004c0142a4adef7f11355a0b97ff119d12a0300982de6cbf86d02aa5f1f2dff87fd0a05e35850ef9af3561d25a5e0611e
3e710449ddbf7751210c088d34b8b63f8ba56bde07b82357b54d47123d0d27a8338f5962b91061cbdac14560e91c8caa21f5e273e306376412eea3f416d198b00800731340eebf3b9e0f3b3a546f1254f964333dc25cfb117d460f2fad5f1024ea83d57ebba0c3f1a42f1eba6d613901c20da4a8447de205
01945112c349df606d3e0ab2fd15e62c26ac209af15cd0798c95ab35f04720971cf44fbd6022e1deedaf01edfa3315a7ab0438df704551664a67268a3e861655ea506af2a24a315389837806628f52a47fe5602e8f3e96264235158e6d45ff2884b21db1fd986819bb1f0e24422692e1f32896bcf6409c99
206691ea6d2a8932759459711bc1a515fd126b54f0f890feca7b8aa891381409fd71ff44ab43beab21f9e2738f2d5381c35c94a0b227f1aa0548b8002822ffcc9ad07622b0d9f4de8c8b3e3d73de97bf824f237ecf2edb5bf0652341791ecb93c13143122c5ab4d3d12bdf2edf268fdb32aa250a334b00ef
111f2c6f2f242d91c2239fdba6bef408d1de41ac3a409083ee45eb99dd82069c9d42d42759207704eb8b4d90c71b8cd54b273ff8e2802251fa6bcce6159f150450be1a703d0abc95e99f6d3a247d0fddbf1453fc3b98f8e748b632ec48b0ed441953ccd559ca573a791d83de9313cccba00dd4587d106ffb
1f8558a34d2de63010dffc3ddb832e35c1b8eb1fbed102259d24427d9828090846b95603c78227cecca4875a941e0b73bd2b77a7a2199c9b34013167324a2b4975724f428f935b2a53e76a01143619e63c3030a29ab4ab5391a609561bad20dda2b0c74d2ca61e55c72d5d8da46458cb5203f546e91b590f
2ec216bcfd867251fa15d2b052deed0dc73a54f10aa8c0e2219a08b2b8142d373b47707517838f6853636113d81606f2aa77d24c514e3bde5c4461b02e010b479647ec139cf7bd0f08fdff05ceb9e3acd1b57067573cfa0b416f3021c897f5a55ab1a82e70950d9d9b11561872d77fd02019f8fc17cbbc55
18cef8936e8163f1a99d0e1dc80ab005a8fca4128ad400544d059610c92c29c34756db8b343181a36c1926b9a3191f1332588749c0b92e5cf18451f70bed68fe46153b33ea03ae831a6bba1e479930352f63c016748c221cf82306d6f95c2dc096e351578bcff439232f9534ae7c8e8c42cbfa94aaa4a97e
31c1c77ca0b122a3464eb5e1a9e0440257ccc40b0507f20bfbf9869eb95837526f55042f087135ab18dd59e99e23100967367e6ff178e7ebb048f55118f6a6267e87b6e0b101496705b728197b4ce5879a2762abf94d4d34e55f2881cd378029b29261c25b3e27414901dc7fd560879fd37205fd272633d5
3434dfd9b192b213c9d738b85575010040abfc244a86108eca40fd6f546b27ea1638d2284ca0702a61041e72670fa1d5d6ccdab6419feefea4c59bc5389098ff38b7af93d4faba7c1c44e0319838401bf910530e7fbc8b0942b51ba5f6ae40976ab381646957ff10953b36a456751f29e31e43e5c6cfe5a4
3194c910bd808f93d743f3e0fe6d350071c15d0b5c1330a2f41769f4bd9518eae73d78527b438ff16db15ff44325a8fdc445e06a53891e25d06ff25838277a9d162366d17814c15865a93b13a9c70e00f85b53ad9b2b34bb6d15259f1373d532cb030eb17a18040f95311ccf78f225f2613091741c054f32
29945d7c026684c0475527407a1a7a216136620c89bc80f5d5f8eceecf730350141825ba56c3752e321e5f9d691c41d731d2701740d6a97f38e55d6405a90d4ed58190d257fc30679418a518f2e575225782534662b4a75431710cffbac89bf8afc320ec43932b9f0604fed4c293f9baa231a8aacae00ebc
2c435a673b546bd2d13ba6bc2f8d2b32b118f5818c7321c7a4a541faf99d17bfa11633d7a0f329032e4cc7e86a1047a2fa22cfd403cee0b64bd5b0da33213492fe567842d061be4d4c1663372736ebb4fedff03cf49597d658ec06fe327c3d73b4b109ea84d282acda129a33dc081bf4536f5aa0fa79b2af
24763562eac7cd910b8c48b3a355ae1965484192c8ae80c9727b6fd577d02efe9ba431798f615e4340eb382fa83575dad1993ecc3077c138a1c8d22f275abea61d24bc0064fd39d840b2ff112fde5fd1dbcea12b0c3f0769e3c718bd10d63c3629722f6d378d6ab2b22735baf0683b74d21d1d30a417c420
3ffff7c01ea1e313891dcb74426ed5052e497243332bc2ab75c8a6a8e6372eed720376c221e134607aa9da44041251436f2d2aadd3a3a43af077dbea0000041fde1f0f019f35ef07cc13d8374ad2b0ceb2cad33d95cfbd45be643c64a8198c98c7d028e9962e15ddaa10aa9242865c2d40d9baf8b2ff64e0
000000000000000000000000000000000000000000000000000000000000000000000000000000000000000000000000000000000000000000000000000000000000000000000000000000000000000000000000000000000000000000000000000000000000000000000000000000000000000000000000
0bf3bb805a7bd2d2b4fbf2a7c289dc1e778e1bef5f78303cef3dc0340a0106627a68a7d4b1308e3fe6a757fef406d1b28f9a2a99e32076cd6ff7c21725ad04be30f30fc05e4fdffadb8ae93e556df46fb527315655ce27f98ad70d7228f199df6d02e970c6f3bdd6ec0083848d81103ca1393aed1ad3df61
3990da468924eda11bf88c9f6e6edf3e972ffe1f32e5534c6dced21790d812e4d70655166220cf071ab05451ea31d79cc3556805725fba2d35293a49265761574173f7e253cf2c7e319a4809f5fa9ad11933f2f7375185703dad3d2dfb51c670bde32f55355eecdcf015b9ebe7df331ee1a533458d5db332
24b0fee0e59707f21002fb8b3d24ba3def78bfbea50a11faf68dad172b8821a769d0f3c8f94215d3770e3b49fb037d5e87dc4fe0e3b47615689e0ea6249401be625c163170373dcbcb628a3f56b7e42637f92217040a950683a9283cda66aa3d4f93553919e11b404516eea5a0f01a2ed2ec1eeb1aa360ab
2a44a56307fb6862fc0c611e2822b53c78cc7ddb6303c1d784a487e70ad0206130f2c6f38ea2531b0bbd7d771c292094edc44a56007f6f13c508176e0564236dc1b2c612cd7f5c0c3ee94b267af5529522b2b2ba6b9e4f69b34a1571e09a01896be27ff24bebd59aa938a08e53e2a828b3d5643dce7e4961
2860eb51bc51d2601e94ac05e5b6c80a27eb901f291490532f8152eda7530ab6270660450aa31817d8419671e6365a0a5026f5cf12bb765c5e71508f19240131485ac4f2cf469d3a65633414b0d89e4d2db932a3bf36a58220e406367a305c883c71a47c6db9a529aa3a329fb85bc796418ef8edc7d36999
1483e9168740b253cc22c3f64dee9816478af9f8eec323c20688fbb7aef20d39eb5d6cc4ff2206e713dafc290421920de349fc3f4114e7bc1abb84de24370b47bf30215151ce6b1476d08720a9a98255c802f0057b2ff7d585ca06bdc672f7e971c0afe276ac65fd2a158d8e43ff25da132c343d3bd6909b
03c33a59565b9a82236cd43d89459e1bea19ff6fc559c22db241b73036480509f7191da56e80a651d119ca28fa228902f7ceade4c1fd1dc41c0ee8df37cd6f24cb09b272224a1596c826bb0c2a63288bfe9da22ee1b9bbedc0e700493e3f247d56c2f629085db3348a02d9fc77e611b6b21670949f698a0d
04c2d4d6ea3424433d41f4c45a486722eaaa5574627f035de49e2c952f133255c3a018a029e19c2eb5404df9f41f273d0f5d89e2f105cf2ad523e58024698cd731ca79c20b796ad930ecda33e306561e6c0ff11d4ebe4c6966fe33e7ff67888c42a2d0723b9b9d37bc2737fe5413ddd2016e81a8b785125e
235be82450787620f4af6a8c2a11150ac3148278375612af4c44c86a6a562f31e4693208db406c38722bebbaa91c84e57426a15881bdec652823cd0835c1a56def17cde1ad98b5dca800391b24c9590cc772d24a709548d049af17d58c8f85aa295251e82353cd311120b388d2bf3e0da34af555fead1a01
1a3472dbde5ca28024e6dc17ff6ec82f0826416b1f2aa18d33f9d68f37572b1cf4af1cc2ea73e3754f78bdefc003bd77e291193a80c65497370e10b80fba89c45798bcc393a624a362ccd62d7a0ff1aad60ff261ffd475df2fbb21647928e92b0ff3e48b81989fb53703f952ea60492993fb08998a75fb51
3d6003929c69f58387d1e1cf3321c1278ee70eb4adf9e319959e8b4a7faa3dadeca296a91950fa7cb6d912a9ed0a260b0c13e04d83ce79d09fd71182045cc7be028ac5025e3c682beb27b11d90b713dbe21312f5a198a102c9173dc1fb64fa37d7b1e7dd418a2126d4018a005e939c1243c206b71293b9b0
290368c0a0f63a02eb80f0d1c21ef93cfe2680dbc1c172834a92466c3c1d21c5ec6a8ba12c9250d045953a5def0a6a5755143bc2628238189db631220f85186549b5ef41d0b5b9d7908ab8151387972729f6a1f0f30defd2cb5114a4074e490560c00ed26e80715aec3ecc70f448aa1e405ce072f7166e44
3fcaff52d9eddb306e8f7c2a38b1b62de91d2887f042e08c1d124baef91e10fed4f3b554f872c943a5903f9ec7348c95b1c5935720409a096046930b33aa2bd3ea9ab48135b298f68c8e563d44b4b0c75b2e207cd42621956528393c6e3db95af0d1033ce05132de321c69f80d5564d5c2e1a5fae5a9863c
06cb1cda6bd825a00df6a67f5d83bc1063fbaaad0d2b31e7ec041fdfd26d3d383e6b940d2480d8da468b43ec3a21aa634db6b2ddf01462f191edea4327f3336894ce2d020b0cbfe1df05e72f373fe95a1942f14279040f40018b39b7579ea0b14890bcde942e3caf91134ab01cb1a5bd72202608a6ccc433
0000000018c0008001ee10d535a5a7060a6c42d4e7892216bed4b4dd3a7d1f1e473913026b63077c80712e2b313481efdc541ed592a56cc2384c37533fffffffdf00009362cdcc5752786f232bdf2364c9e35387f149b62b9441044c3d7ec298a300dbe05b6be562ab30b1bfc4846f04f358d6b50ef4372c
000000000000000000000000000000000000000000000000000000000000000000000000000000000000000000000000000000000000000000000000000000000000000000000000000000000000000000000000000000000000000000000000000000000000000000000000000000000000000000000000
23573640591de771dbd012d89b7ce50d9d0e058b8f8930c766c76074257238c6fd6f048b15b2ba48712121107334b7bf9728fc2d0035ffd4206747950b8d101ecb34c713f3ba48c530a21b130305d6058e23508cff77dbc8554c07ccb7e4625ea520beb5cb54b301a4149c30b056dccc63a495defa999121
1e6b5aea9d00a010d87c54201a89fc0ad3f7782b879c72c59ba25152cf8a186a8a7d253f4382a19d0b71a98982240e82eaab6f9db03f5f81fdaa5fc80ffcfdeb6fe025720fac552df7ee4a1858d776bf3fb26227858b17c5aedf0b5873dcf610d4004a385ec51c75232ced06418924a9f1674f648f49dd59
27f5b82c3ee3d4e30286a6920d442b3c123463108c69a26eba3fdcfeabde0a1129b9423944234cd682180ede821888647e467e39130e982693cd80bb01a49184210a39202328a2c5e7eff409a1b49c7d841773ef1d41c111f81313d912169f5c76f379e1e1b7cfa84c0e816e4d4f1761b370b47b69bd670f
31e390eae75ca90160964fb3dacd0b21b96b6b86a1062318cf89efdc93e515bb9ceb13c935b1ebb5dbbb46dccb3f81b9b6865fca12e6e322091dea350f5250b1674206401f9c45477fc04a0728b24fdfbd10d2ef7a8b73d16e0e001b7197395dc183faf5e4e9e1ce0302a00ec370cbc1f10ec1ff10d5c4fc
0187f18b39dccd02fde0b412e9144937b439cadeb9b03219120a9781dc142cfd4e78155d7972763ed204a3a4520d2b857a00e34c63e637cfb4b2dc0027b0aca8773fcc10c97ef80dcd66683ddd26f527f5f0733bf5ce6559698d0ddcd73fd09a803183dc12c3921cf6215538b2c38ca781e0dd3134ba6845
136d5659ca62a032734c7950a572b41fa745cea8e984513ec773b81ca9373f52dcda45ce14812cdb1f49ac7c6c337c8928e2a40c326f72d8fb86201200c858084eff99f01d9790124e6ef424ab4628eb2f9be2e770c57315e46b14a8a073dea906f1faa0f5897c0a801c086be1200729e037176a928bbd22
0d46fe5c91ac4da15c3259b2f9c7242701dea8f678e5c0a3ee567a6a30411787416012dec841485f2af55e95ce3b784c7dce057a10cbf79f8d4f7f8d22126240edbbf9232bfd8d0343565710e506e1927eacc087e6f0c04d4c11393d762121200b7055eae0b26fe46e049c77d8e49d62b0cf5ffe4e2e3ad8
182ccf6ee14ba003151141813b059506b2846893ff47009a98976cb74d4d30e6a5acaab274614cd55563e7c2c3394b1373b6ce6ca1093c5000dc745d1cc90c6042937361cca1a1f496e8bd38704830a67d46d0fa7b386820af0c021e32b7aa1a5ef211f8624e7455f8301a6070a7b546109ac38ba3654549
2f0e9941d3674093611a5a8a0de8620ddce6e2d07b56c087d7c22717d51f066f26527799fae08512f4771b9fa035b01d199077b250531fdd64ddfd2a345ffb975173adb2f9a0439a35f3ff36e2ddee1cf765b103104f8c550787081d52f544f5a2d1d2accb4f94d399347dac920a10bd51c430fb10782c7a
06b942bc0c2cc2c11b72c495b4de251bccc3ea73319b632b7ea0e81835d53d4087c4d20d91604d625d98f9771a34668a0e2239a8c1ede0d29a7d5b0a027b33a773ccdd9339f80e348203672873d3d1941a08922f1094d0e85f8a1d4fef4dfa03fc12eb3532e04ca8162e266cd86a09cc0274e0d33f6604f9
323adf3ac80f13b3d7b963e908b37e103d5a8d91cad5d074ea02f7eaba600e6fde46db7c580110c93a03a63b1134787a5010aea830ab2fa613ae7aaa25e34219d8488b521cbddf87eb5c9517d7b5b5834c35114853ec0f0ca50726f9c92add6e60b1b79e18f13a5ceb1b86522840549ef34d9f2c1369d092
03bc4b5870b94382063cc0dc2bd28000660d76570727407c92c65941e59322c642f2db8931634ed6781a18c3500d4c9bda0048a7b2b7d94cd93804e9133e62214882aa83703e3cfc04387110d578bc481c700298b4870148829e2cc151c0188b0f718ec0245e6d9cd53d7c853166e76393fbb622c97ecdc4
2d5739d178a05b02e059289fecb309252e6c98c65c91a3ac10c31e011f7727535964ee71909261fb6cc44344bf0e0fc3e586feca5351cae99aa8f8182e1ca3d455b07023212030c47aa98f0acebb6e061abfd0b7d45705ffdcfd21345d100e5afb42e22682a0c476290ac50ba53c7f161286f2c5efafd413
35561d5b9544a0f250f263344b20dc0219120f5eee68720399c3d8b6f76321e7ee6e1283bb33a41bf8b609ba8f164a99fd841cbfb005ebdecceef7de36d4c6eab190f32186cccd10d85b3d0172ab9b579ef363a7fc7c708d360f093dcc8ccfdb8580b1ec3f84750da61ba17e3561f18b93ee810c55bf0f3e
3f4000001cdff6929d7b73c232fb542759ce32b4af9e304a4114b19c58cc0440a458ed4059a2e03ecf2729e5fa0851cc71adca43028bfe66b50a0a3e005fffffdf00058015071ae0f4cd9806351050980491926e3029b7ed0519205499bdbc1e2582eba297d6fe762135aa4dc143fc62b1658de2d0b64db6
0000000000000002e5c77206c345000000000000000002cb4f0c308edb4c00000000000000007e962ca2effcd20fc150cd74ee80709c9b3110d7172c00000000000000019dff9dd72d4e5e00000000000000015a500a2c1c48dd000000000000000350f8614890585c170a9405c60ccd712820126149ad9f
283fdd6350e9b05227998770064bda20198b201ad8c5d301d053bdea4fea05faf25222bef0b35c9f0970a2946f0a493dc9813dd8235ce71a296ae6b73b2166be512d6e933462b4a5b47c2101a31576f720fef155c58b8d0204480b4c3e1daef751e37c40836036d85d1ca3dae178748b42d1d1549a34874a
17c0229caaf64fc3879af8f7e280cb256d9823d035b7623657fa13af6a8838a199f067552080d28db8c56c57e70c0f646b8a10eae00a57e270d70a950d2951e53d5d5340c1767d7ec0da75151f1be78b479811cd2d8e776a9a6e0033164039d18b93b73c13c600535e1dbc34c61481ccd2ddc158bcce01bd
29d4caf37fea1180fc335f4723f6073bf9eed7e3bf4a907ea25b55cf51e720af1391eff24e02375e15375049ca045893d20e9dcb5239004172f308360398a3ceeaa616823326d633b07e3f087c77e4bd904980debd7860b7ab1a116dab371bfc8b53f9be9e8e363d88109514339be43a204f7f058f88a851
33021585e62f49424e3d1ad611703124351b72eec57d70d1b28c0773829b20e310014bb9b150eea2c13f2e0a95312cc8c4da176530e448ae66df479a21134cdb9b2f503281c680d1d6409a1dde2fe3287ef59076fb186ea03adf18c4f3603dcfb162e96c1cae72be8e3999872a616b53e1b3025c276de975
095ca233ce3993804cddfc72786430189d16d3b26216b0173e63776494fd242677f4116db690acdf700fd91a75261af7778af14f702c0febda7cdc3a1186c1776b169aa27d5a8077fe7f4d1a8f372a085e9df11474a6570ac86f2e4e765d6d7baf629bd8c03004ef37287454d4e72dacf29213baf125baac
26ea79beee4d82b25c4d32358a44a03efb04a99d6b9171836facfbba1e6536d6d7457b0e5bd3c8e990e5e7ca522d7df9cc3a33a252f5961e82ba78de2455e05ee6981c00a618f01a60177f13135203fb9a3ea36b622758bf125c3c49c6399e154100a765c4980926452570b2a3f0e769529286f29c444696
3ee356dffe3174d3e984cd361879522fe27075b1e5eae18bfeffacf8fc491b89291301c80513595d331ced799f0797dac44b490ea1850c5c946aa1f82a6b1a42ce5bc1b35d2864fa95bf6e349d72e9ddb08351d7b2f0c1b797641363145893c2be6265fe4a73a09c97176458f58cc17f4108126aca64b18b
18ad6d74845814b247d9cf1051df572362ec21328377f2c53ef91f16a69e1c06f0f3a11d97d23aac17d6253df51606b1072ed10541349ad4ab48d7fd0f8c47b4c6da0e03cb39bae2e99e70245fe0d2b427428174b2150e5e239a340acc439d414af1ad68077d23dd260ffaaeeacb6f4551833acf00adc288
004672310e82342012fde9c59eaedf26627fadc30aa6f05287be8a8688500110f91e486f56018e243d966161e01f50daa578b52d53bf39fe46bacc430bb82dbdeb045f704d0c3307bebfa520f4c7a1f2558261ab90a5ae64bfdd06fd9b03a685025166308d04d276040944a9f8e1581a3093618b05dabd79
0e1a5d9a491c92f23d4932d3cdac4607b8ffb616cb18d08b31cd334d7a6e1cfb96df4b3dd46031dabea4b146d8093bc38f4529cac31975b5bf43df5639fb8e56aefd8690c1dd14b27c510c21615ae1cf0535a23a84eaa683fb9e33b03e3734c5a4226481496880e1b437306f61c0a75d43ee567a796a2b66
0e46942f7022fc7057db1b07b25ecc3f3505ffce38b5b23291fee02dfe261904c1f5a1fe6482b27bee88b030130cf53f4c7d9bb411e573f29d637e902c5a1b548c0adaf1736eb819a56efa3cb80bc3024decb1c148fe7d70da4c036ebbb68b699c91ef75f2f5fbbbb7393f2cbb67c716a1efff2a4e4e428a
3fbc8f94e64fef60eb077952e2c05629bf8fddda15e24129a6c59248cbfc0d9290bd4d4863d200f09a93bdac33360ccb739b929580d9adf85c0b0d510bc0bf1dc4814e20c8099a9cce41b93374bdb20f099ef3abed7e52394920386e9cfaf70d82d246966ecaf1726c078d855605ea292290ae6094201c27
10756406a8846960815bedff20a622030351450836c1329faa61f7ba7f3b15e17b07578fecb2e7a24033412ef809404740f000cd50f25723410192d9319e20db62fdedc32c5977164160102ecf42e1aa156e32bc4cf1f32f455615e83deb02007fa0d513360752fbfd0c9b9671f5a14e53e360a6c39c9608
29ddd3ea392b9282959deee73d9f4d29201a3b27b084b10287152cfe67c106226d10aadb2df28b5824e5a43fd02fdc42b16402a3221c9a6986a9a6f10a42a119e422cda2b6c7ff3f78779a3bcab70fd18ab3c3b5953a35bde07a2623c2dd567ba6e28952dd1aefc110202fa95679f699020faf86fd42e492
03fbff4020ffff0243574b38745ec71e4e6952b49962f3ea3c08c070da2b1157b9e9ea5da7b36d966febbf10081c4ba5fc30e514e3e94db6c183bfa93e02005fdae0011242192f25b31bdf3709e09b72e0f6729e32afb061c46a2b2f842654db04e2a8d363ae7bf0402bad60fc026ef9c2b6e63aca587301
07a5004769c2ba20bf34f538be144f2f8d604419d3f453c4751078b326e307c8a93255bb8ea13fe3112e729a2c1b6f8a5e4c5fc361d99ed644492af912fa122a84e34e41b5f2bc9d26fe8b35bd5a0da6451a501ccee9dd7decf216c08aa0550a9f5087cfb1bd30fd5406843d17c9de249173647802a14f0c
25ece9c352215d91c150fed97ce5301e67ef02df5697d0de11473c913e0f1a146823442cdf80e779883e13c150092c8f2204ea3a0218af353f66d6b42520a06906baca315af7844eca0ac02b64b2fc3e12f1024caab91f5c74471f026dd0134a17a24a770e7a8e6b28308c2fe6a6d983a0f76fa7227a8b49
0a8a027da1fe5f8256231e5e677a9728012373db07a051e2bccb3ada64e60e759debaa39d993461bff099ddda935e95b8d2861ec5383bdd9549b159330742093737b0703e8172930b464fd349a62d4f4f80e508e5974610f1abf2a354cbdeb63d5b18b58fd66de46480954fe9a05c4d37381b0b8a97a623b
1858039a8b783f3161a4d5a4d1de633c456e52b3b59c306ebe334687491f282965af57d609a2a812c382b62b631d11494c8af0bc30eaf0d742304837103c577d97034be127047cf48112a93527e28bf2fd9a122c6761e36b657c1b1d98a482237e21c23c5267a66e840e6d06b4ddc06f53f24260192213ef
1014afb85fe27eb21d7d3cf920eb9d17117814380184d1ed627cb926ed2c020de84b75ac8e528a53531a251b5522b917d4e95b04a30e4cbeda5005a30fba127f563f7352364c26c9b4106f1611cd819c719d033d7530f897dfc31d47898765ac2131d33b5f0eb8cd1518b81db99fe707838a42775e0be8ed
22a91f1e10666a4018714da065086105d7000c8afbbc32decd34316b3a153f28dda9c4e42850b04125043503fe3e038c756c553810a285f1cf1dd5e21ce229e71defbde178ba8d6ab04cf5089f8a6117fc2633db54fc25d44b1d310f1ade06ff0d73df1d7f36c4685e2a4c8f439db0d6f3272b2fd7f4877e
31bd6f42ffb3a17060dc91cfe5fdc130b54c45c996e913a05f8214a210813ff2800490dc6883a49083eaf61e4a3e4e90032c27fea1c749445b638a1d0976a4b41a6f376096e9e179c0ae9f03439f8ce29d80e368a7d2965c01441139756dd99836f2451dc99e2e528d2e6ab98a47772ec2eb5575059b54eb
17b149bc9b86e732ca08f6ede026dd321bc9925ff0e6b23e653514a461e713d2df2c48feb3e06b01dc91687da43c7f32b81ec125f07ce400a36f0f051fa1d604ba0f74617736b76decc5093b4ac34d1d74b7406e6d080b010c3213d3d0a5a4a112736a6f0b9d7ee6e52d4a39e01bf9cea381e9cef7d7dd1d
02095bb502d874b02e6b91505eb60418eb3e027427e1a070ca354b6d2ef43226958416e900000a1e30eabe082e071c8f9310ecbb425b9fa5fe21559f22e3e3a95edeed4011697f8b920e8424abaac4d7ce1ad043beee76c235a93b585eade233fec0266d3b018dd73c2c0a1dc65b1e79623b16203b2bd4f4
33ec068a63911482d0d0a49fb5c85b22070dafeed21ed1f22b864ad916d8213d8ed9475ff62044376a078cd7a83106c799080de9e1875c7de85bdd3a00494b41cda04280c3969d2893c94c0c1587a4fe8e480361f581eb7b11482e1034636df0061048249a0b313e6008442553d74590a2a3880aa673e6bc
3a3efb3703822e315140e880216a1f14bc955605588dd0c9c5f00e1ff7ae16e6aaa04afa95e206b5200c0a5ee92d2a6f23f89c2a10d14ee25871905439d85b286fe4e873713d3855802aab2a0a2053d3e46d10f96e22b54215222c38122efc8bc413f401d2c046189c147f152c27571891397564b5923216
38b3f83200fd9653062b7b307cb85638927f0fa6280c9054dc46c7a50cb205f2df60d62f6af3562d8768d420b317cea9bb08be6bd3cf42982603dd0a2be4363f3fe4a431af6990eca5160119c00987b6a34f836a7ec3e1fc862e1f8327b3b58899634d395c4433d85912ce5cf18b215891331ae52f1785a6
0ff282df826169326978167c953f8a02e170e87a9a6f009ee8096cd0601d1843185d049cf122c116951f4fb5e8065e84f2c338b37179f97195af7f8b09d2aafe9844a473d8a562cdb036d43940c53280a926811dce1a16a1e43427f50374b867e672e9393b69d4b20f220cbaac095397f17ca84a1497066f
22fa2e63cc8eac01296a9cc60c809b0ace086546af1aa2c486ca87959261167bbc5783f54f9090cced80c2c1ad3fcd5d8c562d61d3b9abc424da22d92b1b5e880207e6b250f2389e0d616f20d29d48a1718180b063ac50cc88ed35d7c4be72cd8ab2711256edafbd9e2cf3c7d2d7c2dc53f2d3926fa9fb28
1e9bd33ccdfc3fa228f0ba472e23b610defb9436252af36e5f89fb1032b42073597086a60aa2dd9d426cdd508136ce8dbaf10cf20086e5d39189d0231069938a0641bce16e14860cdb6aa120ae263b881c9981a04f5cff8c89971bb8200e6da1df11228f3019e3856103204e168756cde149558f1eeaca37
000003fc203fff01634f615c93636420d38026ee5714d1e4c3a8bb86437d12e536d7e025c7633e8ef58a2a69112be527fdcde4e8f113a314110291b83ffffe01db400110b21d2413c4999035c7553156021d83a0eedfb2d70fc10a68c5af5c06f500c05720df6743bb03e09ffb35ff0fb221bb8c22ba09f9
22539f5e764776c22e5dc222ca0cfc03b568cb6c0784a2023af907adbd1d08ec3122ae0be312a5bbf6248988283a31e48c277ab611b12cac5d5d46ae0e819eea78d6edf39caea8ce4488b03b915f4de6202f0160f89813b481e42f96e91e691235435d046f98cb2d770e233714212e29610bab4532c0e6bf
19295ac17c81a2208eea3b2cb793e40f46472bfc0f262104e0037686f4921b7f0e42559d63008f0ea403ca44d43eac8cc3778b9153b09fb41f39138a2d6fe316c80929339f466643032913201d1891b056eb42f7838da461b3a709ec22cfba723ae05a61dca472f0e23c4f1dfac4c234239ee2ac4dbca793
06ee6cc4e67d4ae30564685218f8a42535072b5fb3e942021b65ed3fca8a200bf2fe163fb432414fd50a24393b2b0cf1eda6da99a389b48504bc47d73e17b0746e4f1bd0e4e4c3f5cb371223c818c816e083536caac93fc31551003238f45ab521719f49daae167d96260464151a60f3a11b419a65798ed8
002762ff548888b0d42315760c66e03b185708576f44f3b4c8886132bc063c990faa45923913881e7b332988b9071d5a9afd6d61414009703f78bbc42bf45f763972f0129a47aae21248902e7fde75bc3cb7e2bf9e63fc06191e0c9733a86487c9f2f90a5e6d07c69910a7a2ce874329607ea9b9b66160bd
0941f688ff5b7613b7a33fb073956c04c047d0873dcd33cebb801b944a843f561d6d5a63bf832670fe3c9905431b60f9d88c6825927a0d8d7b90012901742bf4bfd5f692afbc0628171b68395821bab2e65502171750f4854ca102b0584e869ed042db67f96bb6ea7e1a6f4f92908766f27fc909945c481b
2ae227066f32ed13aff55e751e34760b3ce211b0cdf1e38e5a2aa488d4e72d8100c2b92ee9d12249c0992630da128072bcd1ed0b433131268e8553362e0ae70f2ba3423208458141deaf7912e32f8c33b3b542e96b3cd26d4b242d0d70a2fa17f8e2345a802417cf3d070221ddefef16228642fc41d3af58
0ff77b7779dc36b3529851e323916b251c2f38a806c852fbcab63f5109b93af6aa97c08f4c702dc819e363057f397ac56173071001c69fc0014b8e7626027c6256fd2531e2303bc88007ea372f469b31a684029dab68f91ea5150c1d2ca8483651a26d49594ea2d8971a63b680cd097e02f3b294877ebc45
0a1b3874122fbaf0e5e7a83acf990525ee2e635f5d4600f8c390160a6530071f8eb69e4bed61ec75c9b994d7e00ef64e32ddc7a9210afc6cfff2d70a0ec32b058d85c2037df845c3c7d8540bd361f855a099c0610fdca0c1bc77063879e324c99b21e3fc390c5316d71322e5e21a94e9437acddc760d0013
1e45ec79bcbac9f13384712d92efe221b82963c98ba0a2e8f20b05ffeaa1205e88bc47637c11bf99dedeac8c4b3de9737bc331bc1150cc2c03219ab509e89c67e36d54e1424acb19fc8291343d8f9bd9d07c23a05f0576c39ef106c975e6a15c4d030ada6b8dd40ed5007945bd6c426650680b4b9754d851
0cac122a731e1d604659be57a6f38b01321d151f7058f39e54c4a577505314684931da2a67c00c4a9aad80066f223c3630fa4b6912dd2bba3c3b1e2709f2be696f45e1406e93f9ecb99153287d0287e65d2690a0f83aec74e1e502881325bce55b32929eaf0c54bc0115c89f9e3672aee3de6753ae5b417f
27fc817e2e5e6d007c054039983685150e612891efc560f35aad48f78df92d4d9e3a592d81b35d97af27f05cff2e27bade0b2543d151b23cade716782755f1af8beb7e0026aec55a8c2d662942b6d8c58905c351e01712da5c6d230c79fe9af4dfa3b9b63d1a5102d2246e15a421e96b514b218b369ae3f8
38e7197f9dee82a07b96fb57c3dd360a43b83dd6788f324cc2ad04e6a64b1f477b87cebdd9f188bc6811a8c6aa288d122e35f9e250efc0ef79de7faa13b0ebd52cab49212f3e531d0f561c20d3ab34579977210b09ee60fe02911cedcd0fc8ed66b2646c33a76d427c3ff38c639db36980315a1afc04a13d
101820de6d32b160d6a96221f949f539259ae30d732f91cbae0552a5e1732f2baaa37436d9b173dedd239b8a9513195bf853446db0b0ae2d09df19af3770bdaf6921ea9095972dcd05f6442f81a0cb311616e0eb2a3d6f1b48951aeacdbc3b4b4c13d3d0c0acdf25652a2984a4429cf713d74659816e4112
369ac898e15d4022dd60867b6e791f3e59d291f84f5651326151ebd2a00a2bf47795508cc27111cec788aa582f113a078ebe072a51c5b0ef87d5082623a9fc6ac9a9fd02cf2069434a0d3031f1ca654540fda141549d8ef1dfaa3615a9b0db7a0d52d9a818b69e61b009262e0b555df0e0ceaf65e855f9a5
13cbc721ac473880efe0f1d7062781174e4e54e86807630e43567ee5f0010fb901f132bb2512b431b9cf099866063da2eeaa6a75306880d52be8a7630dca7970d307da70243309d978bff9020c8defa1e84560ceb9486ce17cac18db5127ec57a422fcabeeac7d3c871682cd2098dc9c230943225310535b
0000000024fbfe83e9b199a7efe680025ad84510b267a0d8263dfc770e291d59a0808a1743c39fb562ec9095743d985833af2a5f5039b9c20cb005853fffffffd8e201136eec07edd458032503a92246e47412e72bba823c22e5052e90db070e36d28fc3ea2e132d8a3b0707e0413c5492136bc8dba079bd
20e92dd405429c815319f7f3362c0536ec9a456bbc4700256774b473918c32bb282f2712beb08da17fc83934fb3a419528e959d2003dad417ef7d5aa06f21ab8572ca7e0629cc98ddd1f901bc5cd9fe4d5af6046c39d0cf640171a07f13cb5b3122097ea66b407849e28d6a2c1dfe321a0308ac674e3713b
1e5be1f03d5b201337052ac9b2c22720f4a69bb64538a1206c01baef964b2c35237cedc493e3f620387e9f80362715861194cd5ef17f91e40a74fb1138f68a216b8ffad1b271679c9d3cb314d29f15c7b2d2921e150cec54a14e09f99b0e10aa88104ce30eb52338e53aa06f76fafd26e226a0662b824f57
172fa09f600c6e70deb293b2bb120034d39da584f7208375802cab6efec22a50ea49a59da49236bcd7c393fe5508a3892d74bc6a303e0d1d391539d707074863314b7e935fe458208e25a71d1ecb191292400386fb64cd9973a41ea45277442971c26897db8e936a7820044907bd9e64f07738ce3a141ff8
3c6184ff1b5178a0a36a2b7647d67c35894b0b732ea5c135af6320e69a3d3b414f7a3891d2320e7361038e305e2058ae69f68de382f459110064fc402f00e1b0eabdb3a129d41d9a28dbe126ba21a585cc62d17ae6d0b5366a8a34745e944b9b02f041a95c35a73796186165377041720369ef6e477faf81
3c5ab6328a0fdf53bd250f86f539ec3258bdf8021c6f60aadeebf162d009374895d678c7fda2662ce6a7494100215cb46c7e5e2fa03d20623407e5290711bc91eda79c919bc634d1a82146126c2c5e998da6c3c376104d4048a0301c54b88f66e8326692b4cb4c820d0abfa7961f86d592f69d19aa2cd59e
005dc5ca7d6ae7c07a08b7297ef33e1db81424095cb8b01156eb57ed930b1459299d1972e5314be8c9c593dcc82fa1bcedb669a911565d95ea2348ff3a39aa4ab084c91198228059e593a42d89476c89620812ba0bb84354989c33c19df969ae959137df56fa7776862c56135eee903a634826311412ee4e
0d9a2f29832956303f44782a178c0227af8ba167da46815d1c93054838f133ba7629d66da333cd9bcb16ba1d361cb1812b6f861d60dc4204527dd49d3d04958ed8c17971ab7cca496b73a2014f812783ff4ee3ebe5863b2f9139132800abdcffb3624102e0279672512ea33a03192b5f122f529018fe3ec4
2be4a55129a58d539110e8692e4dd119a75c37c0fd31c21330ed00c8a6cc3add83edefa3c90130a6f92c767ae320d84a6df1b2bb81e924b6b873eb2d26d1f35022f8b2d30a59a2edff8b332cd73e4cd7c12b506d2722c000d0b52c767fedfb9412f00c84dd52cc757c2926e8a2b9e94d63a9af91676cb5f0
192f9272dfad3be3cda5cc6c4543e401f841dd6f9ba4b258663e74cc14a13fd6fd8c8acb74111ba3005d1ebb4a3690b33b05768de08a062370572c330280ac9d35f7d432eae4cf577e706a075f142e28ab4272d7529789ebb04e158e42c6222969a376f2d825b8329a126a0d075fcc8fa173f477143a57de
211af8ba2cbdff43afb2ce57f6ee532756d0aa5b883d91cc3b666eb5517c03273fcd13f158d064b15249a991f1011e4d1d5af093e3c317a725a2759d134ef4722b3ffcf27452e284f6179a3e16c30e95176dc268c87016ed120527b9bb4fd7782452b33bc851ef65a92a5ee1b1fa8d54d3e0f867dad54e03
061ec78dc2eb90c19f329a4dd8b20330820f58a6d3a3217b15106592a353337a47211ebce04395c3c349c72bdd021a95f2758eb5a348156328f9296526e397f60339b840ea823824d683ca04af2d559f7ef733901ee48241d0df23f818d248ad8c01607a3ce0ca9d3a0867d3a073bcac21c02ff42a0ea8a3
3f06b93a88ebc0910da0bf4896fb573ab601ac2bb003e3a7b76bea17b484145317c9308c85f2858a150219e88c1c1ea8ebcac0ea805586ceef20ef0b357f2dab79451f8188bbfd27361ecf2a04f1d693bf86600a5116810505e507f190ae798bad202afbce440581600654a0284b4d30700d74cc34d42b1f
068c6250f8ca4fe06c1332f989010d2cf9cadeb1a6dc92c586b6c43a9f63296a9b495af27722d155080720de260a2fe848898f6f627d8dcb8e31783130fce8f7009134210cd76cb059316821185a58480681c0bf8fc167f9136315005f49fccb04f06916b7a5771a0d0c895de09a8ae7f236c97cfec4dae2
168721e89d8fd712a94456984fad250c3f8a69709166407b142479b07ada0236e1cb0bd0eb12cea66b9d1d046f2f2ddd4bc290d1809100e1ba7a09b1165856365901b1539870470f3dfd7c23b8e01de69d27e0ccc96cffc3b6180bd4400d762486d26693a4b4f82c890f53173e28ae38f16050f8d120c738
280de1cbdd5c0a202354dcc09c7a823abf235eed1a8f138af8e7939e374636b8a68caa073723f5dec66be7ee7f04aa30c3ae6f38f0bb03783f89f0eb3c36f5734b8f0863e0697859df9da006d12aeb08bd84e3ed892b4d37357f2f27bdb5f82190d3b797f0416bc243265f5297bf227c830d55cb98a140f4
3000000018c00321ae07403c9f1a9c2ed9b9ee653128c370223e5ebc1be200b978e92e60901244c3f0f27996bc1663348955f7b8416e7dd4fdcc8e6d27ffffffef7ffec08cc134a3bebdf43b13562877765ac21b516f717fab14337ea4a6b2d990b3396006f1569dc02ea199b56fe5a8126f9297f597e1f4
3fbf3ffffbe000128b15b283687745352847ee480965d04610b6e400e955339e190ac28e3bb23688a6f46ae5003034a1ddadf24c510d328f91bcb6ee3fded8f3425ca711bc754bc81ef03c2c7652e11c85359232945974e3fb810f2b699e5b2928301a0fbd3e18025b0c5762fa0573cdd1faa1ba17e01ca5
07571ec69c67af61b65223df33cb80330d7c8feef3411339ffa5dd374a3c2c8bde13bca0fbf2d2f8db9eb4e45d300cf92b98fdbc02d9c233713d15e92adcc88452c5e32179f71091e9c2d8257e687c34e9f25293a9f31f80b9130feaca47eba330732da4fbce5eed833247961b8133edd3e1961ea815d063
06d81ec69c67bfe0beb0171f02345619b5d39a02ddd192fe72d2eb341db1399282f5edf790712d1d4a9d7cd3122e4a1de2fae8ea73f7113a921cc3df1402cdbb521dfc720ed91c5b3611c034952ae54ff1fad1dab810c549ab6613fb888323a1ac80b864991d599f5609404d749c9c948006898b1753daca
253a7e21e8df85c240774feae544d42042549554e4f79018937e8594805c399eeab1aff388d31786350a123ecc3f8eaa3fbf4a6a901315f3f3e6b65939c5fb6fcb23f6c382b58709e5d6fb0611bc23dd16266171b6c62c6ca3461ba4d46e791dc381a0cfcfa76cc215144fb3b8a7db9ae1eb07b68626a025
36402205293ffc12bac3e1dbca98ff15bcb4a59816cc03a332b775a548312cc77cdc38cc681391afb39f6c3bcb18d43aa967d9925246d94e8886d11a0808d13af09c26a1fcb701f356e8d51f3bfcc10d36e8832938996912c3e60fac2fd8bac7ddd33251456b4621a91a34e2401aee91827071d039c16d65
2bc0d6d2efe11d21aae38dfc1e1add06aa8e5edfc6bf11019c2aba99abcb3fd019878e7d2a33f9fb2374e39bc538c5b4b820bbc6720cc64322f9073426f6414f08f28cd1d5bdf86f1fcd1631e4478b47bb53803096db39470df03488764f83fbdf42ee2963af3322611a22e42f80b2bd5246fb63365efe35
1bbd32cfaf8085d1e4f54e408b2c1c26592b030206de82a77e20c994d5ae2ff2cf78fc4a54d147037e074cdfe938f3a7922f757802cda28e64163c9c1d1db64eb6a586427eabe658fa318a046b7c7a421194310ea9a6aaba719713f8d198e7e858c0479de8a2e26cbb3c992eace22a9b433e091fc9889fc6
163e225e7bb3ffe0044702449ed03e08f2ec2008417ab0d9b4ae21079ba62f2f66e4502fea719d6c498a7b87270099ada736908600958cb35bf9e97210af5706d8df2d42426900137fbab401c64e60db4738d1f71e01d94c9ddb1aa2b1c8489af03143d80d658847e711d6b1d874a51f0069d4f78cd76d57
0b481d8cc6b8a6b0f22a4c9bee86fb0360094b2d27a84241309da54e863133024df0931de1b3156d54bde02e6226a134598e9e15938b0a0a2b2b01ef2090b0d8ab3e59439afb382b5f767b116d217ce5bd53a28043fa011c6b3800a624c9f2e4cc509aad9dffb8716a3806a4f930dcc413feb39eba482846
2460232b70f5541264dd810d81428d07a270312c59fb23a2fe14dcbcc94123e1a644eb7b2570bbb66e24e04f201895c8f802b955a3de9552105e77b931a026c9792968a00b2f18402000081d7bd07acd085b53746a3c8568281d1b143aa7c7d73703bef15aa6c211e0304af303fa4bf03338ba424694a21c
0de86baabd2bc2910911166d117f0521277643ba531c80879dd00f9f0c72102c290b5b470520c8028bee04db382bf5805e2b20aea37d4a796c0c2685281c1eed399f8431bb0ef56c5ab33306b4295ec965f1d0a0d729a9698c5016f928802b119dc006b0d19ba931691981793ef841feb321275c06c803f4
1ef8b59826423fa3ca5bfb69beba473912e5f2f79f3c805d5b7168ac7feb184486f8ddadbd9023490311d47bfe2cdd8266021f2e93bff6de6a5e25b02cc450baa128da313c78929a7a97a13bd695222eff3e30ea4305de74354e0e4b97df52355d01c4e129d7671cf501032e611726852191868f4a48f01b
118e91305a2a38e0e3e860c9aa40f436698e043a00340062a83a6503d9f035bac29234fad6c3396ba4382554253b99b47fb4a0eb81a0e0c2d9433f641d0171554b6beb604a251cd4fc947b2e44c17b41725e911310feea72a90d27b09d108024814056857860e91f2826760b9ca970f710e1ca8d05290222
1595da480a00b7a3761740b84c52b13eaea07774b4ced24dfaf4edbb8dfe3929e7627bb954531a27142f023eba17800ca9933a57524873d7b7411e27301ce1af1364d053c013aba1d8a2253885c7a9e3586cd3a3b7f2f37d5fdc05a1596d8f16f82092ba54cf38b7552a61b9ce888e8b437ab10a769cc4b2
1261cb4cedaa6b00c905a21b0923cd3f5684f93a1aa8031615e0917dc7fb2a63221a23156df0ebd530829fc40612edf072f97698f3794300cc7cff253baf58c9b1001b432f4d23a6448cec2852c8b30fcf51f2093e86b68e54b104f6d35f2849dfa3af2881226596761a6ff5e55f63bd72a301e02dc733e2
13fdb000041fff726b01b2aeb77dd62cfa0494fe424ab3e27424da8970c10a32b1d7fbb769e3ead1857344fdc72aa51401155af8b07e3149056e55bf160127fffbe000931231ed230b173435d21b9059a021f2a216a1a355791f098031e2e8c8c4b06a35d8ead9f96035a02db223d0f3606c7471a8a527f5
33af0bf10ef18872e756105e6edb6918c142f7f8a5bbf24b58e493d7954d24eea2812d61b1313faf9cd81e9a3d136c8a42d4d1db02294047986d3e2539e699743a3d02a1ce9737c5f8c86e0c19320103e9f03250c577e20cf969065a0975eaa67be24d3c7121b46edf31125f9c24d3a1c35083e285a05639
0aa3906c4e290d3060627a6f0694d02ca8f50e171c57a1a568ca25cc7ee8197c767a9d91e3a091fabadcda9985285fb6eb215307033e698ed0df162c3439d72421d4c471650b8734fbf6aa236338f40098dd3207061602def6430c985a9d833d98713124b1648bd3fd36cbd0d5f3f30d11a75467bd706de0
17d58eaf0d78a743dc85064d974ebc07c7b503c191ac604b89bb4b5ce4eb39972d3ccf93fd201c573f316e7bd51cc9c95089d90b633cad81a996e2230b83ad54431fc38338235d9de858f3376175ea4e70098021cd74caee97f712b94471e5b82792f54a3d2ca777840f02022347f50d20072d02d562991e
2ea8255c6fa499b03494378d10cea02241b1994d1ed1b1a3be2180dfef371e997063db37ceb1d129f9817abfc00a70fdf7d2f47633341a532a905a373ff65dd12a62b2638ec8dad0cdf0632c9146f7baadec42809925dff43fdc235c8e9abf37a81355a819fb14acc0031a63699f288b5227b8d63c49930d
011bf034f0c9bc92d449bb28cbd7d01b5b63cb1e3abd336df51913b3ec7f148594aa0714b8206e561724c64d3238ae8d6534bb6711f098d593986a91246edd734bcead8014596e18ea01953e78b9f0c91bc6108ccafcad81471903d6092b0137af228a9cb0111c2cde0b7772a8a02cf051cc9764befc02d3
3ee22a5d1057fdd07f14198d85e88d0c82fdb80aa05e828539a673aea3ab1e50ac6f35e8a3c0c6709e0ba635cf1ea2872c334ac7b089d7be9791972015dd145e5685bee2eff121a9ab55551f7e7faea94c36b3d5d6391f8e22593493824626e82102c7ace39b9a256336a89bee55816eb01270784f0672a6
10ccd34a8b19b392b38edfefaa29a0022dad607fe36d31de81b612bb66671262e003ed6c51a2fc3dd6f78261e53c81fd64187f94727694498d3d2d39265d34cde30b5df0a4ff014612cb15375421236f9d2f40308cb0f39e1a993f7156b499879b603a5905a84fe0990daaa2c01629b5c198c78652198830
32ab73369b1546003f5abd5b74527c2d21cdc6417d720015eeaa033154440fdcb0a5a499b57134cd29f9a4d82d1d495a85ddea2783cd45a35f4c991a273817d492c54e500caeec758fdaea0cd88e46eac490f23ed278d3dfb0dd20a98c9a1406320052a091b9d6b5d80100703cf903b2727ced39a8bd711a
10461cc241f89970037ee070c28ec32c0ddda6cb3c5b71a46160e8d1488210bf124bcc4394819a17b3c543892301403b1eacfba9700b0cf14404d9fc2701dcb05c7f5560860600b2039ca1318afa1e75192c439f05af8e414c922f41528cfe865b10c2054941b6a28a1e86f70da0caf5f1cb95ff85007a81
060f42061d3de470237fd5037229200d50174238376a4069f33faffdbced2bbe479e2d628f32bacb676847b4d607c9aab67bdbc3b18bff9f23a01bae0be3d27ba3c0f852291191bb1c27d900216cfcf186e4809aa0a615b9fc591d84cae0de378092a83d77e22b570d1b217e6bf23938936d1a2e9475feac
03080a6ba78ee473b65631ee83bea9255eade31761b7435a4f4fa4e0a5f91b022bb54d78f1b1de0ad1d2a7bfc62393385bae3474f3bf541c72a468992442f779875e10a090ca04285852001ce396416881e03207b499a4bd669a018dffa985c349f3fd0400fe67f4773a40ac1965532ad13f378c9d33df45
301d71e36c290052e3c7817cbf40c50aca038ff611d182270991f2649f750e66728e90153be27ddee8cea0372538e8354b0d8696a0987c6a4c286eac12a4cd34688404c245f4eed3f719871e92c1a59cfa8bd2c2f8c72765a8dd04ce1124bdf01790446d785dac6d9e21bdec0eea28c92020293f6ef33561
19a0501924562a209f012275a0ea7712a9ecdb8efec0c31c8ef2fb42178c34c69fa9cd3f0563069968c18d445a210528018940d9d2ee11d8a13587211e01dffbaa5598034f0e15cb8f6b652f349273b6dc07b27883aca3ed502a2faf7b1aa10de431963e09f4c8f5e528a8894d9b318ec3badffd5653699d
2ca548b5f0614c02f1653401e3451c1c3d725be6a5ddb054a9d1ea64c39929030cd27343ebe076461fdea4b6ac2f91279d51284982a99e9efa3192860a68b59d8f479120fae24628bfbcd51af06d19cc385df35b84416381ff17195d6a8bf8f1aba2f5b53fb7bac06a0b0a605d77503890d522551a94651b
303e4726748071f2fa0ba4615efb573b5ba25d469f686267e26b81f013f83d6e56db5ab91d22e0de789544e0af3f3cf1fbb6b594231c32d8263c2004106f156a2b0a3061d1dc321474c8fd1d4940f6be3b6681a42d8afa8b7d891d96cad7d36e3b30d6266342930cea1db87b4348affb40a04b8571c69449
3c0053fdccdfff13798578f1d71b0c211f95b1f83bb593101b9c7ceb04a0155850b911ec5042ef974f617ecfe406ecbed9937f264125ef5d3b583c2c01ffd60107000103a7021848e0bdbd35a14a6bd10fcd210b42e5d245af2f092f38bec323b092e7d2f3f39c1052365cd48d5121f1121895678d8f34bf
3630412ee64b29829b6d9dd4db7de42684edd17aa4f152d2293ad2dee3d53be7767479b918b0576210be89c6352a2a2cc73e456a93752844c2ef5f7c2f12add2ae197bd19706e65c3d4e8c05b696d0d3e9487054f61f7f450ccd15ce3fe0eb759080f3bdaa9277d5383bee01a10a9de593196a2af06ee3e6
070bb8fe86ca7e5150c2b4a9b77c8004d728426df3baa36392d730557c2e2bdcf074e2bb9ee29f40178093c8fe340a18e0fe1dc2a1429d2ea11afa733b953118384669709f00ac774b10b01d870d00a51987825c64ff8d1095d4000b952ee1bc75a1a2d1bb96ae265c2cea1daae6d61c917b499df8ac90c1
1304f42c0e596d337ca7a1d1d165363f6316612fb3e040bf84705cb9a83a397aa9f75c58ea636a75100adc3ca9362eb6948356a6f1aedf6a46ea3f2a283764d320da0a80277bdf72c8feb13daf02dda02e0ef0d0887f701110381a12e4322cff8d21ca6b42813f09a71ca95624698c38d08c50f2ee2b6008
3d4e6b077f72c3e1ec9f6907eb558f2db2b880a26cd71113dc82a2a1ad9e3927db1ddafdb480c3c0eb2486c967169bcc16dc12d242ec5e60d444609f28cd57dbaa1b4192bc57222f7a9fe4112741bfb0e4aff03835d263ed8b2e28116a47aff8ff0030442023f470c82c0ddc55a93861e06a555b6f733a28
0e76e39e0bcce1b1c2b02b3a7570e928354e6e2b5080c29e2e8b687e45ff2c698c04f492e6f26267ba3e6fc8680989a8bd813c0002a5a878c5718aef1ad771bcc3d5af718d0e6cef44453606de2680465bc19074f2932c4fad23081cc60d9da9a333f36e22dc9bec8c154c4ae6525706b0eb8f42b2c5104c
27f355629bd8ff737237960fbd0f960cb0b29f58f18b62a425ea4fd015862c5d54cdd26a93c1679a85fcbd063a2a927ea745f15cf3f3303c378489f103ee178737a9c810fbe9610edaa7041bb62e9e53aee8c10b4a31ff5b26b238590bc8d91b1cb10e5d3dadde8cd738b132fc93ad45e278764179d28333
3097fd7367800172f021f1c0f3834c23c832ac484a6eb279b7a62160cb313d302a006a50df603f59cd192a04011df1a4e038f133a179c25d1ac06cf2142b2dec5e02f732295d69be7dfcd80f741a63e0338d60a227f173a57cfa280b32e711570de05aff1500df55cd0124767898334b124c80f8b0086dee
2c6e1713dd38ed3281c7ab10e1d5ee04278fb6f6549f13bf8a7196d9d096371fef819bbc2670f652df91154e5a3042d0d454760eb2f2326af61608061b785075b936fe3226010c450703de3d5de9fe2b307c41725d17f4dbaae70f24331131babb42d42f44ddb38eb42872317bdbbdeab2cd009b1c938744
03c9d4cb281fa5430fa3c1568afa612633e4950fc4b550b8bab2cda2640d393e196f08a9e6a01a09374d8c81ec3368f65e239382931c1180fda698ee2b8ed5c6da02d6d3678988931c923532f3788df9285623b24b44469823430a6608895967774345ef32ae1ee053331ad34054d49302736c1e0403814a
37d275b9ba2216018637048107094c0fe9d223d5fc36f262cb8ca56701e539178837c9b5452170ae4d7f0acacb1d9bef3370ed85c1d088c8db1d6f8925139d489fe381f16716a82e96877934107e121bd08210be44376cd2995b026ab4f672fbd0b217158ef6ff164d0389aa88ce19fff1e683b7b5704193
2825fe6a6f0067208d86a30d7ea43e2894dec517729ce1ed4f0859ee64f70729dccf093b44c23471d007ae56793f457def87e98d4112e7dc3c9a826b21b0c42f87bda1337e9def24038e51309977c1fde3ac50f86755f83cc6bc28ef658360317bc3965c2b9732065b170d38acc74162d3550ef196ef8f20
38cb479ebf550e50c20a670c5fab50135e88a7dda5a54278e700c881ea260a37635bccce5cd07a9cf01e363a203c94cae069688492da92ea2189bf1e2395e6403914f7205da17dbfbb93a70540658fde93b0b19cfe83e92c57740cd2676ada1ba250a487c2988ec67b33351bd8fd558122958d387d4d48fa
23e65d298c678af0b9a0abca0a686d17992ecaf74a09503906b299645e1e2f30d8f175936270b9fc6712d2366a2ee77d85367302413ce95f2d6d05da33740d07df26ce336d9378a423b0a000a2d6950606a2a025a5cfeb0c36c427ca5f6a2e278613cb562a054fd54a357080225f2779a262808873877538
05bdfc51f3c781404bbc4009ac10662673dcfb8a63daa0876b1d20194c612d49d5cf4ad100913c20e0bca70ee629730780fb0ed993d557ad593034292ef167c11e08e213c85bdba1d015f735b7995214602b93f98f147357dd1617a43bf86580c1b388c5e08783f6d60a5a4dc7f02eefb23fa6240c78d18c
0f49df8b62832ac110ba48982772b0196f3d4e33ded7201313287fa39ed515591311a8a956b1f9f7a6e8578ec22a46a4cabf117e0165c0139b1c5d88325094ecb34abc63e01966d46ed0e704aced0c231dea339e4b6739de1db71062a82dcbdd5d136f024fab5d83003543965539cec7b3d4cb160018321d
0003fc0074fdaf03206474672a90d7178902f81b4fa5b39b0e06b05f33ed1842fad8769c64131f2c200effb3a318acdaec34ac56a1ae1daa3ea2019f3ffe01ffb0e129121b45610900d8f53a6c93c8bf85d512c5c9b0b86a978927b9e3af0ebba6b06c8d53be971709028a0ed14ffce933d47e410bc95206
282f3aae1ac46ea01f4bf02a962075029da4bd1de80151490810f8ad03f51d4cc86f51caa0a32f90253077030f0fb7e78a99453c5324fc2bbdb0ff780c7d7136d493a633396d396661658f02a968619f5aaf41bcb0eb188425ad2fb0d4d02f824581fc3c1d767793bb3ad1d80695367bd0c94fbb896398bb
2577487b6c2c5590a2cf20322bc44d32761c2c15c298104df27052b5d9f709c7ccc2f5cdbf413429ec4ea1a52813646dfd368f2f20097494a5581d092a12b18de47b6752e2f6a9c042b8e6309bcbf838a53bd2a268b99146c7dc355320528a3e1a027ca9d4b70825b31e41c93f2d93505161225b8302bdfe
328daa3d9c899491768501e61df25019ef8d0c0b6a04f31ad280d4bffa43333ae1ab7c7d5f331a11bedb730e142c4f3e643657d5522cede7432927803483c9510078a46091be69f0f3839b0b8361779be0df718ad4121af5ff433a1132c249aa2812176b80332295df088407e3c6bfbff0732e14c0ee5c13
0df2046ccc444d31273405af3e8baf2c23468d4d94e2a1bfd9743400dd0a3befc828c9ab9cb1b071f23747d4ea06024255a340b703fb09a57d7d28141dc343f837f526810f0c99c0320d1a2d6da5f7f2735572f6a007f305cd991e471ae2521d79a1b6c000244a544a147d624c4523c5a08ce42b03a689e5
2c8ccd324f8caf826461e50a9fa7383be95ce481916fc25380c785efd9650b7c199e1a5544b24c418c2da060cb3002dac6046caf126e7f88823eb4e11526ac89c1e6e3703fec5c4e4bbb6c24a9e2efce84a4c004ada3c148a20c20d29879c6746cb290aba8fb15d9711b08864460fef4b275e0dfac8b2352
25b7b8249b5e2b83cd4dd3b8399500319dd56a59d6f0e35424439e6d47312cce48c6bb7c17409bfc754522c70d1b5b02ce8e646832b6114edabe5cad107c7fadb0c663d2a08c1e56ed82733bf2152fb26dfeb096533b878c523926494854a9b1cf31d3d286ea640b6f0947cf60150b0ad2a83a4ce299f538
1a91cecba321f8e30cfd249e763a500382f80e8121fcc176348a5a574f4b2b5409d005258141cad304e0dcb90a245848716f6802e1f40effda4dad731809667e28d255e12573e1fc3007de1435c16d2bbbead0171e43136b2706360394b388940112698bc0655583ea0f6c8ca318369d717486638d75ea69
213b2783f0a0e281f42ba772b75e1f0d091244687dea43e40b7ffcf8ab702c82ad5d6be8185083e1097aa2b6ac0198aaff99bb1572eb098e641d4c843d3619dc96244283a95e593f72adaf0e2ddb974a9328d2753e23c08fdbb90ee3404dd6c66ca2631cc6252be7641ad55c2f8ddff34124a2bc239f8312
2c87415067d1c6309935fe2e8c2d740b9d5d4487f8a5c1912b5e3d8ad8de3521eb15752b4920638928f64e2abc3da00f3e98c945c19bbde86fe30ea71765b0f2ebdcd9f19333ebc0ba082f0274343688479f61a1d8743fc6419f2b4567802b5dbbc25c17952671c42419c27507e6920490c22389e5a6c609
3831424dadd383d22d6ad333ae217d1920ec60b5eedcb18b1bdc5ba881bb2e8eed717ba4bb73c73e7c947163271992d8d67ad149a25e5f743259ab5126792a8a6998f79161dd384464de6e2000fa811923bbe0f0631fc36358d83dbe5b674c5eb192d9eca4694bf26603fa537833e5c8e2d8861b97067ce8
15daeb786c02ded1694be80c021a9214d9bd39e9d747417a8d78d2b84254363d9222a96dde11ee7c7ece3043243574f3003cc299022ad80cb6823d7206ca8a57058bc6a0308625665593b201f41e40290478e3ed10a5bea1b5500c7170b299ccae23eed8c185a86b621e69318d3dc16e435258558a307c8a
37feca43a48546c10974e78f7031330648beec626afde2bb43b792701dc33d419383469580a02708ab98517c4607e30f1842fc1e91824e04e083c7813db813b09c4ef272e72f8a9b4a904d1c92a3c721766a300ac65b4a42c114140b15a7965b44d10a72eec3383ee9116532dc7f49de1224ad46dbd241db
2ac515270cc669f1f3bfd8145fb557138fba0d98a45e1330e3e7691e270300e0c306d47037f216e286efb527151e6773e130e3abc33103f83d26c1ab1f30d7b308c7498277806b279e5e6a1cf89b8b7d15e19076bd170f20132a3d3b1645c7885b62283d9221a75a643f00bc0aa19ee4e2d2b9864cb4f382
04c8e172d16f2a21e885edd3b392132307d8a1cdae9c2286a18a079cad52343c9efb5ece2b11dc940c3eb22712317bc4c01e6b65f0a0ce524b5ed8541379e9190b24ebe2b6bac32f4439cc29d6e7b5deb08cb12cc972b7b5ae76170804adb16a235164f46bdb462079280b5892d6d23ec22b7a67f2093d7d
1104c88b30113660a25ab58a7d198c2fa7c65e80921f7286f26f7509fdee3e305c4222e9617015d0cc309ae6c91d55d00a9a234a02d2ddad620ce24f226c200543b234932db4b22d16e1f704ce18d8467153c2cfe1f1381c3d4617eee16a16bea912335c614f14d307035195f3822166a1c797a7ba3d158e
010000041d005302e68e5adcaa1061179596da322a4072417ff3f9e090d6121c305e8c7f5f606aefa5bab8dea72f315662f13d379073c48267ca86473f7ffffddcdfd712c4dcef2054e21826b567b29309cee2df400602cdb7960acd48ec05da2901ca882d228290ad3c0dbcc2bf346c91c61dbecbf9bcdd
161e427b22a504628d015956e7d3be2323ace39345fa6386ad387f2441a628889f53fdf745d3b56452a38ef4100f623f8cc88cfe5164e915002688f01aa53cdb7c6f18e1e6abbfabd6fc0a0c19de3b59e4cbc3edd38a3dd7b28837948392bc4f4823c9a46ec46d7f9a0db582421867ebd1373182c4168070
20a0194abfb937f04be25314c3e5bb2a12786385176a505dbc1d6b04d09d0f55e27b232b2283d83f6ece39a6df0f07e9b2f404a0d03515cb7ecdb16d18ca3ca35d8142827946add67260992316c329fcc2bd92b38f9e357fe1573e2e357185c7204327f934f02a1e6437d0a81d3c6dfc51c9cea0bcebdadc
3ea6dd382dc0f1d1f13e8a317b6c161b19e75deb39d822ef964c8cb7ed9f2608c3d07c15f571ffd8559ba51cc80b1456ef0caf00b3aaf89d3a2e9415238731dd24027a316b80d9a14d87c0305e45cd7469aca0fc4623d0e3a7b6313489154d3734f26b088be63f399807dbf99c8a15fa825ad55d9f5e44e7
39719f512004a7a355484c6a801a881a863bbaf70384d1baa436459e7c1e08542d12e25df4d1f054c4edede90f293a40e2e06abf81c93414bb500a001ee13a1b99f451c25778ad82e0dfd43accf54e5a9465821e8c646f84e79a23c9cd0c60cdc6f1d9fc2234a874381d3ae72c810fcfd1c10bbb8d9bfa0c
199aa5b59eadbfe1ee7084f87010500e989b0e9896a141ff5061942d78e3101eb3fa4c0c5723ad2d410499fb4a0242a0f69e896fe199a046c8cde27501b015661b40afa3d5f7e22a7662d51e449d624bcc13d33e98f2ee8eac49239bfba7381005f1bd84e14a0e16793fbf702642b3ba22dc6fc5f9ec809f
35da66276065afe28f236da724a1370ac43fa4ed47f783ddd493e19099f300ece34b400099c2d348f5c08127c727f462d06baf45e2f0c39f5019ee31311f58ff7e8893506fa40ffc484429016cef031c4deb80d43cc55ab0cb0f03fc5377d84dbcc0f9bbe87e5fa4650187f829c97d4b50ee4ecdc50c12e4
0049d541395b6ca2d5a88d1adf31630b6e951a285a6aa31df98b03103a0433cef4a27b880b7071db5ea03a31a406cf52afcde5b4f101764c6e7313d1083ebb58a6bd9f72f33721727d852a27871732b65ceac34c6dd6c833bba9388c41fd0dc4059219197ebc4c3f5422bcd5ca7b8f8ef3ba8260f96bc82f
30bbce5c5535ae0347d0da6a1c953921f481922d897f4079ee5ffa1a255709e0290cc860ef6052684ace31b3cc267b670d2caaec70740fb5bac9e3db0f23a6f50feddaf0281f64b5ab12933e3f77e010483d511650bbb91e11700eeda6aee08ca8d241baf59192180e0ac4911b2cf3398007f65c2cdf36df
3a5bf1d3a37e270106f0f4aac278df34f13268f4e2a3b03a8e6039a5eea03a2ed7eacecd85f3cb2195efe698cb355c66cddf49aa5131cc05f11aa2c9134d4a64f956cdd07320e674e6aca32f17eb4b4ca51390d08eda0327ec5a37c228ba915c9bb3e711daf079f0c03cc6c5d3850cbcf1aa56cb4dcc7731
3b9ec547c8d2d3e19864fed4022a7b38f5d91df702c332db07190bc6c2a937bfaf4143c62e21d19330ecddb6062fdcccdeeb703db056656175adef4718c4843519764a8257b26f602db76f1d048381edda36e2fa77e121c6c3330b7a0c9dfc8876d0acdd6648790cbf1aa100903fb50a63e22dbdabc2cb22
2e051b75bcb68c71cfdd4a289328d90343a189fae2b621f75bcc79f38b74037834a3c8eef83254d3e2f877efcb361d191aba091a80b48b105dc2f6e313e635f98f3aad801455d287852ad9293451ba7b51fbf31943ec19705de228e2595956b72311c2fc30a8ed9c241268f267c76c0fb08ec63d134019be
0379fd7a23de4d90a3b398138e08241bca3817b65ef710974f01cfb2988100ff0b98aa9105e0282935533e204c3c620df86533181236014bddb6f13c175c2961afbf50b25d5ac808d4a1ef03995a0e6345d2622f93543932e01125df2a430a9a9003aaffb07b8aef381faa977dcbd5d7a0973ff9190069f6
24be7764717234a12be10a8b1d19992981c98b24506662ca3f009a70184204719207cb8e705299c4153ad2025e1aa10c65d489cfa1a325314b7aa2be2049abd99c6e0fe047fe268328f98d1e8c2f7a398d4a532c672d3589c58939f9239215ea37b008e6282789902c2602b7a3bf5a2630cd62c2c26d79d8
0531a38c1fe71b10aeb98c2e1e9a932ed869b122567ed209cdc2b92d599d004bc06562a81d10d0440eca9f1af71479be0b62ffbd13f35bbbdaee161d092b4edd63483481d9e6894cfb21981de2f16db369066013ccd0f7ec235b02095c0d84546670211cf17e14145d359b9de05fbe6ad27cbbe20161566b
3092b5303f8c40e372808e9773f59407abac751d511ba02208b957bcc69f14f9b8048c95994161f94ff8c3efd020986c717359924194a5da67423b221a40f16d185d80931c332f064edd9e2fdf27d0cec9a55241adda83a86ad011a681caabd24a01fef4143469fb870f8789c080ccac739e564d36f12e7f
07c001000003fc01a103b64307c9be249bfdf5cfac3431204734da003b650c297e6f993117420202adde527eb7318068faf2d7f8627b4f183c3d62d03c1fff7feb5e02509342f9a08a666333e31649e5578dd1433ef433fe9b523f2d171494bcd3815e9d44b55338e812328335372273816de58a0d1ca16d
1a92036679d25542031a9164592faf1e71c4ea17424c5325dac60e7499481f13afac58cbea0123ee186a47be621c58a14b4ec84510e441c8992c7b123b58a341909e1c83f0f6a4d1b924f73f313c6c671ba9238192087d54356938a680e4d99a03932cc22ff31ff55405ed2e3ac43a21b22c6e3ebaeee8bb
0bfee7a0b644bcb1efa29e3283b883385fc8fb2515948166bd6af6eccdce21817408ba7be9c2af0f8ea53596b51c1da35bd4b5a292dd752b00248c443b2697514715faf3dd12fac382f25b0e6c8a66d0f7c8224b448a49e01a0420453f62aa1efb03123bce8f87564f25bb3863d75f0ec27783cfe159592b
2d54f5b7d0150393204bf6925a4b6f3584f792c9d9f8e0b96fa19aa7786a0d01e5920698a3f1716ae67d0ac883166c8d34448f68624d973772b48f2b32f63048bda7a033d5ec018cf42af71f8b4a93986df7c2b9e65b46f9e32835e6682999c138f12ae11e05a79d4c05901029710fd8716e54fef628daf3
00a47d9f38ec2713a3c7e14c9142db2752a09de415f921df5818b83052c0093810fc894c1e719ef378086abe3f08018616c0b528d388e6c9efd09e903054af4bded35d0320b31f8354807f025a8cdf8d507bb3154af7fba5d5260def0524751867c05014feb2f2c6f91d2cb0cbe0e2b5d1037e1d8e919729
0460145f76438e727d0292b70d6d2f22427b5c45e4a0d1814229b0a2546529a94b154fb647f2b2aba4a59277a60c2c5a9c6350a5c2c091eaa5db039c20d55824acede3132bfe40e58bf2df35c2b784f0dba28386b414c526304d3b7151db86eb3bb1e2827a3dd7f1f31877d607916399a1d81273a95bd710
06eb9499a6f2f501c280c4b13123cd289159d939ddd2717f93ada480272b20457bd7c146ee7259b886373c0e682c60824586c399b0a10da8737c1a472e7b8c171ceeff8160e7d5728f0d8c20bb5e1f9c64c50269bea59c684a1b1189670bd75d97f18e2ebe0c3c0d76140aafa8db5b7010faa4976ed33ca6
07aef82352e1ffc3a2286ad97df9e60428a8607f9b7511559a77d0fb91ee32de463037e537802049e03a65e151084d2366c60eac31be95f758090a41019f2efb9189eb8114fff98b766e9a0284e5cfc30949e3a2a87a9b881e1a2ca0c9bf2930e2d125fbb5a2fa22a327d6f8c48c58eea35a001f8045e613
3625cb7c259c95c18f1200b23b94b01c55aedb6b8db641d70baefd47721209352cb4981cf0d0b29a4e96c6aef239bd719633a96441ca235578616b5b1486c300085b96e2a22dd17c22b5000d79e7c048edcb622efbe88074a2c53f5edb59b963090365357e7efd0a6914ac8c2f95c64ac2b5aca19e25a33c
3e79cf7fcbe37a5117932d3974068d21ae48bc6234eb7295e1b9b4c9bb8724875b5cb2a930d1420893767d77e10f714ae479dfd3d1cb9beb83118cc805f1f3167352ce33c95c572c312cdd348b362c4cff5021910d687b95bd651ca9e1fb97c364226c682210b544ed0fda94a4dc421d12ee9e50bfca5d9a
38dc484fdc8ee1224b759cdbe01a8f15a37f37bdd2f5b2588d4aa73180232245e212cebe63113491e4c95781081883bd2019c591c2c93460631adc8323a78210b5a600b263a9bbf6ade53a1b560eefcbe4c5f019c3000b5a5c7416d2a29c9c9bfc502dde5ef35064da280a4f95ca221aa0b670a084b34650
24e68aaecdc24780c8a4f86a94443004b8be2b88cf29135bc9cb4ff6602437a056009f577d30c99ac437f82fad31521ae533dc9c513cdecaa7e19c9f0cf4e8e3c3218b11a986460a03ae7e182faf61e9a27c31cea96aa7dfd3cb25b2fcfc58cb3ae0d638f00831d4da09d2bff35e21ae43be7b1e29f3e11e
09c2c30f6e4505701e0ac3d67862f1065f1e5b327a100295ee1f1701bffb1d508c9446e3b5119df954c8e4ce2f2f35fa89fc2603a379f74fad62470c3870a23d602dad01b9a1622147f6481b58ea179d3c60a3b6cd5bd5f843c630f5005b2015795365cbb8999be3b91224844a7b936f30476fb36d11ca87
08319823a596e5913bc12dff6916ec31125a0a70a2e9e1038d999b323d011e3f5bcf4b1e2b1294e7c6c21ead7d1383e76b818dbc23e9f324ecd0d1ea23a650576d92a7209dca177a31fa9d1ae3f4ff2ffec1c2dd0a095aa4671b31001a95bf6a5500114aab4801d8092280c3e0223e25e218573cafa71e70
15ede9a6936c8720ffdaffef4a72e126bafbbceffb7b832288cfa259aa0102e7952bce72fba00c5e68538f634f1657928ab1aacfa35441912091ab6e2118172ff7b845f0b4a8c5f44e33e634b5adb23a11b133010415ff7bfdbf29e0f720cba36111c6f116bc4fdbd401e2ee8a91f85e61c17988d4b5690b
329bc7d839e0b1f0fd0802dbfd318e1e1d6ddaf9e6a36261e8626ad0f9fd300cc968a4a748b3c04aac4cfeccc5374b2d6e530b82d084a47d6a7ed08806a92bd04e3ae53211b691273dc0972d413e9ddcde8d73ca8c95b71ed2c803c1249e25cb18c3aec5c36632bcef0d7008db9d7f0c2108083d559b262b
1e3e07c021ffff0371b8c80adaccda37dc572577420e2143d63f648b3b36315a108075267293edbb2333f3dfef0887332a2d8587b3719b94019d0e8e30e0fc1fda600113aae870bc5ee4d60a42e9b2139ca0d1f165945e7593e420702f2774ebfe8068c10a0a82884c158f9a65062ec050f2bf4c2a6ccb8e
00514a0e9f8b166000000000000000267a502cbec96be0000000000000002b9f1711e723b7a0000000000000002f356c02e402c8800000000000000011a28d579f5e85c0000000000000000c608cd3522c4c800000000000000005644783622c7ce000000000000000000000000000000000000000000000
244942b1d4a38e60d6d0fbb3e057691494d1bfcd7863c30bce7a7a47a41a388ffd3a91f0a3e0c9275e3205d78025af4d00260730a36460d29f353e0c1c6c485e2bbab911a1062a2d2238f61b408acf47355332f2919605aeee41048b66ed604e3dd28dec3c112cd1ad3a51c4c3179e810153a58532da9106
2adfe15f41653cd0377b023ecad879002fd6e403d01c72d97c03697e95120c171da41d340300ff398ffe52d7181080026dc50f8be398bd97c071f5a0224fa46104c4791390e35602d683910682ec1b3d328ac2bb5d37e28e9c2637fecd3a233d2e232b24ca9590f7e102de8f4f45b07ce336c13b85355272
17a22278904b4a11f49bc12308059001d56b4b552730e128df8ec775460a3ecb1eab53994680d677e654a48a001b5d6d2782572cd2309b4b13dfe5be20ce866acd5e06d07f7b69d00a43af0c66598df3ab2ba1e0d09f1196748b16dcc5164ecbb42206cd776baac89d320f5df207318bf2da1819cb26f007
11c8ea84fe21d0d11378c859146a1d32c46c6a7efa5d425e212a92ebfadf230690fd7c985b831d2f508c68ba601fc8236162545ab360d16e39b1de0a02ac0aaab0d1f282992efa095b37bc20c9a13b1a174ae0dcc2a553bca46906b0587078e95cf088bd98a7e499c61c63c741530236534ef93ad0824bca
3f1a852ed746c542a7e3afba9e7fa71e0a77c1cc9cef41b1026dab1644353a9352fffe5d476177363df045a476272927d12775a1038ca8d1aee00cd22d757749d3f1a6734b33da0bb02e732ca50deb739b633048ae756e10e5252810dc819c7385436790aa5127f66526993c521fb8b181db79b47e1dce11
09b38bbfd927eaf2aeba6550a4f7161d01e317cbac9e53454c596046edaf3c620a32d3cfeeb24041088de658e22afec5932f97309125f5012bdbddbb3362ed30f58d95b200d46f93e6f060251050a80da045e0c118af70bde73a03cf42a3e1d21622d87ea56f5662de14a4dc12aacfa0b247605c27a9eb7d
15cc652bd4f7b0604279860129cf7b1a78abc7e1bc5ba3d44f91a105b506288e00d908f1688381122f0ad3ff6b2543a480fe826310c8c5d057433edf27dc5a960d99c39315023d4e0c726b3cac3966f9f4ccc2851c6f2f892cd11e48bd6ebb5808b313e9e729f5471a3c02f10ea60ffdb343c906a0047a74
2f64312537a8cf404b7c43947b0af5200d3933aaac501125613790aba7750e70c109828f3f835add287441f0303830b8aa55bb60e0e6381bf3d001cc25221727a609c0a29aa25799b7c74d03a988b27ae93de0145c2fa8e7d52334c1b431cfb8ccd15a7ed9e1e1a8a726132b862d8564b160c204e8f50cab
102a661270b631d101143227c6625914dbeb19a8c25980386ae78bd5bbba1ddee2b3ee7d2ed0aab3f601b4793739fc4685e249d62008def8d4fd97871388b7d861b2a290966119e376834f2409e7e664fa9950fe32f67704cc612ce9e3f29da65572e445ca12eff5e906dd03c2af24951070df1a6d7abe55
1118186632a0d480afc3a1289999a90ff95028df4f56f07049485612bf6a257db35efd9c5af229745ea277ed8f204d4f31e2c4acc36a3bbafbcf67f61d928d3aaf607f80acb537e21b4f911671a891242fe3b1142efb5c9b569701cba9e3890cae80e549c49c49eeb31010bfd4af17612399ff3792bddd3c
39b11ce6f51cb19160a0c373a0eec5230e8a813ce8eb515ec6c3bb00793f1de0e1cda4ab7d7267a39e39fe775728cefadc592dc823dc2baabfc343e13772defcfe233e01e4e89cad256f0c11a37d02df8bd2a26515e7aae619263c121a2f379aa2a1502a25014ed2d72c4c66a22c8aa1e1415bc2de196941
09388cdc14241580748f3a47f3f14d19d46c3f7d6bce40a2f59b6225e23b1b648e31309e001100e2106cbe5cdf2d32cb79565a49d2adff7cfcaefa1c2da7004ea8ddfd02f98b89a9e3269701702e61990e69504b4a726bd5b41632ea3fef6f2a6c43132c631484a46306a062f3d9dd4d01c2eb80733ffdeb
023a07a514b6c9a3355711494fd2921a513154dacc6e52d5b2a5f368143a17ac8e72415c8ba29e4cc8ff2d360f016c6ed687e0e8e36fcb5f9070924936ce220b4e107d32187b17e844e95d00a8fee1a0ba92a225603411461eb110264faccb71dd208f61a0cb68d87216e74d46a5fd2682f9416a6fec76f5
1ea009f373286451e7db1d81c343971a23bc1e93bac893dfeb42a0a042811e681028f832798337f8ed3aca18e604f936dbd54e0f116bb22a91f0e8243ec51859bef6cf3239f43f009c9e9220ff7f4d3c88167125897aa094cc2b2701b57fcea245f06375645519db440de077c7861bd48099e469beb131f7
001c1e3e28c0000189e5c4a42303583313123e2391a8125940329f5539c32209ac804862b8d1a28ffa7719d34c136aa8be31719832227c2f46a711a93ff1f0e0d70000909ed1f26ffcc9962ca78c25bb64d3e366b09ac0ef949e22d68adb25d87c538e569e68ce8e9e101ddf9b0438b8139a4efe87c6ca01
000000000000000000000000000000000000000000000000000000000000000000000000000000000000000000000000000000000000000000000000000000000000000000000000000000000000000000000000000000000000000000000000000000000000000000000000000000000000000000000000
098c2675c45746609dbb7ea6c88ad32c8104254685fc62736462d7903ca22a1a9a5c78ac84e01f93fc2985e86834678874a3cc6372a0c8d19bbe56680d5f3073fc912f81e927bbbd91060a037f67f06e4d56e0352a32d2ffe33c10e2dea6014af72382370eb0a052fe21d36839bcdb63e270741dd23be76c
1c98a87552b34580290979ea58a80200b377f74d18f83365d7454ddcd3d92b1157a4f4c8903100bbfba82e2ca7251cc174f01b3a43bfa1336e3acf1a143534b8f57909b0b4056c5f907fe2244e73bcc32b3882bd81aa3010973e0469ba4e485e8e924ca7dbe46102e1284ecb8b4df8d2c2367742dca4e9b2
0eef372bd3de5bc29a681ce55fa1ef341805e15a79b5816e0a85a11748fa38422aadd9762c824dcf2462da996836a83420076c1e90aa818bf8f32c0b23f0d7a80fa88672592cf3764f1fdf0842d60b67ea0df293adde0b9c791a073f273963025d21f24f07b3ae546935df3b3c3b6b4be1449f948c9a1b73
1fc4cda78be06c82a3dda5c40f8d1c37e093dd026bb76059d6c8af29242416e00cd64d1d70516684a827ecbe7e1bc90276ec6adf327b1dd5a1011e382ba563d33a42ca53a73768daa93d273c32406f8be1df82a4947619910085009dcbad498e55b0279e640800474f313ef40bd7331bc3f7ce51aa83acd1
22e7c9fadb8036e021d3757b7c48761ca033f842a22500acc8b5b2d433d016cd58096bc31c004b14695aa2e4340f74df057c0030928d32cc2a81ad8e2f1367156be095c04c5fb34f0d1422036d41758bfed582baa6c170d0c40113c7c22f7b62e88011c0bcea4e35191ed1930577b10671475b9183ad42ed
38d4b181974b37d23834f0bc41334d0dcc8387879c3660c4996dd70f7bca308060900a5a1712cd77005308e25b3c70e2de1fdb2b03f54fd5ff9d9b68133bf8353b5ddbc1682e5e448e44a7131413d0fff43c33011c4ce378c9493de69572af074901b7438fa17002b11b787a04d110bbf2566b9f7d9de663
3485f9d9c6938cf1a32827405e09e8193a5781ad7d6851add6b86e0f106b0e0d26a429db3933814b591eb7a0c92bfc84ad30b0af7368caef4eb13c791ed4d39cb36d01e00a38f7ec41068a006028d3114d4373b1d4efa28a1f1409ee2b3f52b16b23c85ad0ab3a3fdc0b2c5eca7d6c5273a5d98349665f8c
16116d2ea43962e1bbbbbbdd68d50801cf0a80d9b00f921f93caa2bbe1bd2ad40460b569a151489934b3c384582bcbfa323d07bbb1eb557ae106d6532d5eab4782d97723ab0a249823e70f0260a547b46d75d300ec1fb79d6dce30fca2381a87e0a0c86772e14cc7f319e1ec99aee96062a19d8ac264dbb7
30fe2d588cfd62d0e9c835b3b114ca062ba53dc566ceb0b557162e827ec713a25a241336afb2cccafcb113881c340bf05647669b9231eec36bb44d420666e1c2af3322e37332fea5a4694500603f3ac20df0b29963d0efbb1d7936b1b1c31ba7f3b3b5e22c9385e10b1e2f3d7321effb93c26e961e59fc54
093bb22ff9e46e20b4aa4ffafa09c91759ddf41fea7ac269cad7961491f52e08c054bcb6cd7209721611665a2a003f7f4c10a8ee11a8e2e2042feec830623be79adfb573b462c512ff83293241f72cb5e52af3356b2dda6504750065594b44a1f1d1f526ea31f459f5078013397fe365a2b014f49548df0c
1a6ab31e4749bc310ddd708b7c096f23477886dea810d1906fd5af4a8a1b38a4f23c55fe54b32c2f0da5e66c1d08450818559a2b9089db8150ea4d8e0a2d0b229d67ec0139b3f8c95fb662309c87e3ed720a1177e66df0cb6aa91ff12e25e76e3e70569e615f298a8e1b2c4f89dedf04c3fb2ae1f24d3c5b
018a02ebf041f3c1d98db895624c573b55698a5c7c675230373fabbe923412b2bd7cc8060c40d6b6f6ebede7193307d4536c7020e08afafe24a20f74124c57fc07373e02af7d344e6e5b5625a7b69a65b46e932cb149b3a650d328898c8e8a27eca0770f977a6d18cf227b74ff140a85d3d3786c7518a194
3955eef413f464a1ec1a6cd8888a32109cbf8d4d8d35c154f00ee7d6e0753b66e2c6cbae3dd1b1f35aa58837642f79391bac63d9a04a08470492e51f21712d9d6ce58f30718dcd2f62b7512598f364b810c962d1e0a44458cd9500bc13832a7bd152774375ae3604dd033701f5bae6fa104a70df6c2b8486
3df223599bce8b704e54d48423d70f051848de1a96cc80666a9a9aa7bb3c327bc9303f494b02d9bdfc6ff398fc3f591ad6acda270201b22b4d8f9c791ff38b203a7a34b0edeb735550eb9f1ec902ef8b00d6e06ed6b7e3bd8dff0829c99ce19857a154aa51c66d8b7d066614069d78c9d176791d3db9ec1b
