0f780000000000038000000359fff3378000000c5fffd0000000018c009a3de000000000000200000001ce00191e0000003ddfff10000000000002981ef000000000000300000002d600052f0000001cdfff90000000010801443bc00000041ffff000000001ce00493c00000039bfff2000000000000538
000000000000000000000000000000000000000000000000000000000000000000000000000000000000000000000000000000000000000000000000000000000000000000000000000000000000000000000000000000000000000000000000000000000000000000000000000000000000000000000000
2a0b1507567b9e60b150759309e55820b1507590f9e5631507593122557e282c541d622e7962c541d64c27956002c541d64c2795600000000000000014162a0eb1173cb162a0eb2613cab00162a0eb2613cab22a0eb26286aafb1058a83ac87cf2b18a83ac98912abf058a83ac984f2ac0e998acee6a4796
15eceaf8a56461b2ceaf8a6cb41aa91eceaf8a6ae61ab0eaf8a6ce17aa8517b3abe299b186b33abe29b3546aa23b3abe29afb86ab0000000000000002bd9d5f14ac8c3619d5f14d9aa35513d9d5f14d5cc3561d5f14d9c2f550a2f6757c533630d62757c5366ead54336757c536390d5531667531153b863
1548c10d445c47c08c10d45bae7bab148c10d45a647bb0c10d45bb6bbaae1523043515911ef23043516eb9eeac123043516db1eeb2d124fd1c0cde7f2a91821a88b88f811821a8b75cf756291821a8b4c8f760000000000000002a46086a2b223de06086a2ddb5dd57246086a2db63dd61a249fa385bbcfd
3ecd6901689af500d69016ca654f052cd69016c78f4f1169016ca71af04d3b35a405aecbd3d35a405b29953c14335a405b267d3c20454255f546d9ec3d9ad202d555e9f1ad202d94ca9e0a19ad202d933e9e1000000000000000366b480b61b7a792b480b6536c782726b480b6511a78308a84abea8db3d8
2aaf3ef2b783b852f3ef2ba40f84562af3ef2ba17b84633ef2ba43ce45552abcfbcae64ee123cfbcae90c211562bcfbcae8e2e1163babdaa0a772619155e7de573277091e7de57486108ab15e7de57471708b0000000000000001579f795d0bdc2339f795d21c622ab179f795d207c22b3757b5415304c31
012a96fe93450b12a96fe93558b0fc12a96fe93450b10296fe93581f0fb604aa5bfa4d142c42a5bfa4d5e6c3ee0aa5bfa4d562c3f12edb02e3b1218602552dfd268a162152dfd26af361f72552dfd268a16200000000000000000954b7f49a2858814b7f49ac0f87db154b7f49aac587e25db605c762430c
0b4c0bdce86ebfe0c0bdce9285fdd334c0bdce8f2bfde0000000000000002d302f73a1baff8302f73a4a17f74c1302f73a490ff7539c3bd5bc4c092e169817b9d0dd7fc1817b9d250bfba629817b9d2277fbb1ce1deade2604971a605ee74795fef2c51e04b23621132605ee74921feea33877ab78da125b
2a4a56823f7158f0a5682422a78e5724a5682420558e600000000000000029295a09060563a295a0908a9e395c1295a09089963962c17a300ad439d71494ad048302b1d14ad048454f1cae094ad04844cb1cb360bd1805491cec1252b412102ac731fbef4108f3999c252b4121132c72c182f46015ea73ad
29876a6eafb4de1076a6eb2619e05a1876a6eb248de06000000000000000261da9bac7137821da9bac9867816821da9bac9657817396a2c5d29c0d08130ed4dd6389bc10ed4dd64c33c0b430ed4dd6491bc0c1cb5162e94e06840c3b53759246f0316a13b5daa9618d03b5375930cf02d32d458ba57a1a0f
19a72f8a4ef6754272f8a509b3539a1a72f8a5082753a000000000000000269cbe293ff9d4f1cbe29427514e6629cbe29424bd4e73ded88e42523f22334e5f149decea80e5f14a13a8a73334e5f14a104ea741ef6c4721291f910d397c528413a9d3feedb6cc2f8ec11397c5284d9a9cd3bdb11c84e67e43
264aa21dd5ba1460aa21dd8313456724aa21dd80c1457000000000000000192a88775f285162a887760c4d159c12a887760b4515a0212771bd6bc0db0c95443baf9428b15443bb06268ace095443bb05a28ad21093b8de94e06e325510eebe50a2c0e9e65d9acb394425510eec168a2b40424ee37ad781b6
29a013d16ff7f2e2013d172a4b2d5a1a013d1728bf2d600000000000000026804f45c81fcb6004f45ca9b0b5662804f45ca71cb570695d3a2d21f2f5134027a2e40fe5b0027a2e54d85ab334027a2e517e5ac234ae9d166ff97b0d009e8b945f96b2550c5ca9030c111009e8b952596ad0d2ba745a43e5ea
27ef6f2c0d0418e2f6f2c0f93f8d613ef6f2c0f5618d70000000000000001fbdbcb03c506363dbcb03e58235823bdbcb03e1e635913e85cff4e9c6260fdede581e2831b1ede581f2c11ac13dede581eee31ad09f42e7fa74e3133f7b796078a0c6c2e6e7e7d74d442037b79607c7ec6b127d0b9fe9d38c4c
0f80de8c763e74000de8c773e33fc2380de8c770473fd0000000000000003e037a31d8f9d00037a31dcf8cff082037a31dcd7cff1063c42a4371f6cf1f01bd18ec7ce8001bd18ee7c67f84301bd18ee4ae7f9231e2152197fb683c06f463b6139ff3b016ab808fcb97006f463b9f19fe10c7885486e3ed9e
00000f780000000000f780000000000000f780000000000f78000000000000003de00000000003de00000000000003de00000000003de0000000000000001ef00000000001ef00000000000001ef00000000001ef0000000000000007bc00000000007bc00000000000007bc00000000007bc00000000000
000000000000000000000000000000000000000000000000000000000000000000000000000000000000000000000000000000000000000000000000000000000000000000000000000000000000000000000000000000000000000000000000000000000000000000000000000000000000000000000000
1186aa0b13e62b406aa0b1506eb3ba186aa0b14ee2b3c2aa0b15072d3b9f061aa82c53b8acf1aa82c541bacee821aa82c53faacef2a82c541d38ee7a230d541627cc5680d54162a0dd677430d541629dc5678154162a0e9c773d0c355058a77159e355058a83759dd00355058a83759dd15058a83ab3dcf3
2e7955ece7f9d4d3955eceaf4f4c4727955eceacfd4c5155eceaf890c46239e557b3a8275322557b3abe0331191e557b3abc35312157b3abe28511871cf2abd9d413a9932abd9d5ee0988d0f2abd9d5e1a9892abd9d5f12188c433caaf67546ea630aaf6757c4862313caaf675786a6242af6757c50a230e
0ee11548c017c3e211548c10b23dc52e11548c0ddc3dd11548c10d33dc483b845523005f0f80455230434cf712384552303fb0f7205523043511711f1dc22a91802f87c022a91821a67b891c22a9181fd87b922a91821a67b8903708aa4604de1ef08aa4608699ee24308aa4608381ee30aa46086a22e23e
142c3ecd67b492a2c3ecd68fe929b002c3ecd68fe929b03ecd6901689af510b0fb35a2f24a730fb35a4028a6be0b0fb35a3fa4a6c0fb35a405a26bd428587d9acf69254187d9ad2014535f0587d9ad1fd253607d9ad202d135ea2161f66b45e494e21f66b480934d7b161f66b47f494d81f66b480b44d7a8
311eeaaf3bc83c31eeaaf3ef0bc23c11eeaaf3ee03c242eaaf3ef28a23b9047baabcfb80f093baabcfbc7108ef07baabcfbc2f08f3aabcfbcaac8ee2223dd55e7bb07853dd55e7de17847823dd55e7dc078481d55e7de556477108f75579f701e12375579f792411dd0f75579f785e11e35579f7959b1dc3
2bd3c12a942b6d713c12a96fd4d6513d3c12a96bf6d663c12a96fe55650c2f4f04aa58edb5a0f04aa5bf95594334f04aa5bc3b595304aa5bfa1b942d17a782552c76dad2782552dfa9aca23a782552dc0dacb382552dfcecca171e9e0954b5fb6b31e0954b7f2ab28629e0954b7c96b2920954b7f4792859
05008b4c0b8a603008b4c0bdce02ec1008b4c0bcc602f08b4c0bdce02ec014022d302e2980c022d302f7380bb00022d302f7380bb22d302f7380bb000a0116981714c0601169817b9c05d820116981798c05e1169817b9c05d8028045a605c53018045a605ee7017600045a605ee7017605a605ee74375ff
3a9c6a4a52bb2d61c6a4a56806d51629c6a4a56572d5206a4a56823b51592a71a929574cb5531a9295a05d5457271a92959e0b5461a9295a08ed45643538d494a9965ab38d494ad00daa2c138d494acf05aa30d494ad0476a2b214e35252b2b96a9235252b40fca8ad0e35252b4036a8b35252b411da8ac8
2c87e987678fefe07e9876a6e2fd4e087e9876a65efd53e9876a6e71d4df321fa61da67fbf61fa61da9b8bf53821fa61da997bf543a61da9ba8d5379190fd30ed33fdfb0fd30ed4dc5fa9c10fd30ed4cbdfaa3d30ed4dd25a9bd243f4c3b511f7eb3f4c3b53717ea7003f4c3b53717ea734c3b53755ca6f1
262b19a72d148982b19a72f878976822b19a72f668977319a72f8a1d767618ac669cbc9225e2c669cbe2665d9e0ac669cbe1e25da0669cbe293bd9d50c56334e5e4912f16334e5f1332ecf056334e5f0f12ed2334e5f147ceceb3158cd3979244bc18cd397c50ebb3b158cd397c3c4bb40cd397c5277b3aa
17aea64aa0971682ea64aa21ad67a23aea64aa1e1167b2a64aa21dac7a151eba992a867c59f3a992a887399e862ba992a884a59e92992a887735e8522f5d4c95412e2d01d4c954439ccf4335d4c9544042cf514c95443b9af4293d7532550cf8b3e35325510eb53d0b175325510d6b3d11325510eeadd0a3
2034a9a011be0dc34a9a013ce0db80034a9a013ce0db80a9a013d167b7f300d2a6804f3836e12a6804f4496dfd0d2a6804f3836e02a6804f459edfcc00695340279c1b729534027a03b6ff0695340279c1b701534027a2cf6fe601a54d009e706dc254d009e892dbfa1a54d009e706dc014d009e8b7fbf97
2f9ca7ef6c1a76d1ca7ef6f2a36c4239ca7ef6ef076c50a7ef6f2c04c4193e729fbdb8a9db2329fbdbcacfb1072729fbdbc87db1129fbdbcb01310641f394fdedc54ed9394fdede546d8843394fdede22ed8914fdede580988323ce53f7b7573b63253f7b795e1620d0e53f7b7951b62113f7b79606820c7
06300f80de265e4300f80de895e3e82300f80de685e3f00f80de8c763e7418c03e037899790003e037a31d8f9d0c03e037a2578fa03e037a31d8f9d00c601f01bc4cbc8201f01bd16dc7cf0601f01bd12bc7d01f01bd18ec7ce831807c06f132f20007c06f463b1f3a1807c06f44af1f407c06f463b1f3a0
000000000f780000000000f780000000000000f780000000000f78000000000000003de00000000003de00000000000003de00000000003de0000000000000001ef00000000001ef00000000000001ef00000000001ef0000000000000007bc00000000007bc00000000000007bc00000000007bc0000000
000000000000000000000000000000000000000000000000000000000000000000000000000000000000000000000000000000000000000000000000000000000000000000000000000000000000000000000000000000000000000000000000000000000000000000000000000000000000000000000000
27531186a7823a7131186aa09da6633531186a9d43a6731186aa0ae2662c1d4c461aa648e9a0c461aa82b8998b14c461aa816e9990461aa82c4f98ad0ea6230d532474d26230d5413b4cc62a6230d53ea74cd2230d541606cc573a988c354c91d34188c355057133162988c35502dd33208c3550589f315a
18acee795455c5a2cee7955ea0599e0acee7955e1c59a0ee7955ecdb99d522b3b9e5557716733b9e557b0566762b3b9e5578716683b9e557b36e67543159dcf2a8ab8b419dcf2abd82b33b159dcf2abc38b341dcf2abd9b733aa056773caaf0e2cd2773caaf64ccceb16773caaf502ccf373caaf671ecea7
20f08ee113293fe308ee115459fd7d0f08ee115393fd808ee11548b7d7c403c23b8454e4ff6023b845522df5f13c23b8454e4ff6023b845522df5f1001e11dc22a727fb211dc22a8f5faf91e11dc22a727fb011dc22a916faf8807847708a9c9fec047708aa45bebe23847708aa0bfebf07708aa4600be1f
2db5942c3bdb35035942c3ec9f4f4a1b5942c3eb134f51942c3ecd4ef49336d650b0f7acd3e1650b0fb3433d252d650b0fb06d3d3250b0fb357dd24b1b6b28587bd669f2b28587d9809e9336b28587d6269ea328587d9a9de9262daca161f379a7b2ca161f66867a4a1aca161f64fa7a50a161f66b3da495
1f0f711ee8aec030f711eeaae4028430f711eea7cc0293711eeaaf06283d3c3dc47ba6db00b3dc47baab900a1003dc47baab900a11c47baabcdea0f13e1ee23dd15d8061ee23dd55c8050821ee23dd53b80512e23dd55e4e5079387b88f751d60153b88f755762141f07b88f755720142388f75579bd41e2
124a6bd3bffccb10a6bd3c129eb0b724a6bd3c104cb0c26bd3c12a6f0b6e0929af4f04132c329af4f04a7ac2dc129af4f04972c2e1af4f04aa402db62494d7a77ff996214d7a78253d616e094d7a7824b96170d7a782552016db12535e9e0826586135e9e0953785b72535e9e092e585c35e9e0954805b6c
167f450089d8d7f3f45008b47f7ea727f45008b22d7eb345008b4bd5ea6119fd14022b835fb3d14022d2c3fa991fd14022d0f5faa114022d301da9812cfe8a0113b1afe3e8a0116940fd4d0fe8a011687afd528a011697edd4c133fa28045706bf63a28045a5c9f5313fa28045a1ebf54228045a603b5302
134aba9c690c0580aba9c6a49a57b334aba9c6a14057c2ba9c6a4a297b2e0d2aea71a85015f2aea71a92695ecc12aea71a91615ed2ea71a92929ecb626957538d2180b0157538d4934af662957538d46a0af717538d49494f65b1a55d4e350a02be15d4e352514bd97255d4e3522c2bda1d4e3525295d96b
0040ac87e9833f500ac87e9875f4ff040ac87e9833f500ac87e9875f4ff00102b21fa60cfd402b21fa61d7d3fc102b21fa60cfd402b21fa61d7d3fc00081590fd3067ea01590fd30ebe9fe081590fd3067ea01590fd30ebe9fe00205643f4c19fa805643f4c3afa7f8205643f4c19fa801643f4c3b3c7f7f
2dda262b16b2a021a262b19a5801491da262b1988a0152262b19a70c148a376898ac630a8062898ac669a2052336898ac66648053098ac669cb452261bb44c563185403344c56334b002923b44c563311402a04c56334e5a29132ed13158ca3500b113158cd3860a452d13158cd0b00a513158cd3968a44c
23a617aea3fe6da2617aea6482d9723a617aea60e6d98217aea64a7f97170e985eba9839b66185eba9928f65c62985eba98ffb65d05eba992a825c5a074c2f5d4c1cdb30c2f5d4c947b2e334c2f5d4c5edb2f02f5d4c95412e2d1d30bd7530736cc30bd753251ecb8c130bd7532416cb90bd75325504b8b4
07c92034a91f9d4092034a99f7d3e13c92034a9619d3f12034a9a0013e0e1f2480d2a47e7502480d2a67df4f8432480d2a64c74f9080d2a68046f8370f924069523f3a8124069533efa7c2392406953053a7d240695340027c1c3e4901a548fcea00901a54d0009f0724901a54cdae9f1101a54d008df06e
1624ef9ca6820dc24ef9ca7ed0dba8224ef9ca7cc0dbb0ef9ca7ef5fba771893be729e2836f13be729fbc76e9e093be729fb436ea3be729fbd7ee9dc2c49df394d041b809df394fde3b74f049df394fda1b751df394fdebf74ee31277ce53c506de277ce53f78edd3c1277ce53f686dd437ce53f7b3fd3b7
268706300d052ab0706300f806aa6628706300f572aa7306300f80aca65f1a1c18c03c54aaa1c18c03e01aa99821c18c03de0aa9a018c03e037899790d0e0c601e2a5550e0c601f00d54cc10e0c601ef0554d20c601f019b4cbd3438318078a95543831807c035533003831807c035533031807c06f132f2
3c0000001ce00e900000000000f780000000001ce0f710000000000f7800300000001ce03d100000000003de00000000001083ddc0000000003de000380000001ce01e100000000001ef000000000018c1eea0000000001ef000200000001ce07b100000000007bc00000000000007bc00000000007bc000
000000000000000000000000000000000000000000000000000000000000000000000000000000000000000000000000000000000000000000000000000000000000000000000000000000000000000000000000000000000000000000000000000000000000000000000000000000000000000000000000
058a83ac984f2ac1667531185386240a0eaffaa26e32126753118682623b162a0eb2613cab0199d4c46190188f283abfea89b8c8419d4c461a8d88ea0b150759309e5582ccea6230a70c48141d5ff544dc6420cea6230d46c4752c541d64c279560333a988c320311e0b33a988c29c31233a988c351b11d4
36757c536390d552998acee76a795d35f150055551cd9198acee793b95c619d5f14d9aa35512662b3b9e2de57217c5401561a7361262b3b9e53057172ceaf8a6cb41aa9133159dcf16f2b92be2a00aaec39b133159dcf2772b8c33abe29b3546aa20cc56773c9dcae334cc56773943caf0c56773caa2ae2d
286737375304bda00a0f08ee10ae94087a22b58aa5f160a0f08ee10ae9403fdc8e2addddeb40283c23b842ba5000283c23b842ba5283c23b842ba50010ce6e6eaa297b30141e11dc215d2810f4456b154be2c141e11dc215d28017be23da39782db0507847708574a000507847708574a1078477089949ff
1f8769412050eb32c2db5942965db429025219856bc3402db5942c3bdb35251fca0371ce16a30b6d650add76ce0b0b6d650a5976d0b6d650b0ef6cd43f0ed28240a1d66185b6b2856ebb671204a4330ef786705b6b285877b66a23a101b3877b5c1216daca15fced9b1616daca14b2eda16daca161ded9a8
2c7896bed76f14f3f5f0f711ad50ed19b67a36c6d9eb835f0f711eb30ec10ae035fc8e31e963d7c3dc477b43b13fd7c3dc439d43c17c3dc47b923b0118f12d7db2fe29d3ebe1ee239ca1d9336cf46d8db3d702be1ee23da81d813dbb6474a2c77b43af87b88f3887613faf87b88b5a8772f87b88f7247602
2398c8c8a4bb42813d24a6bd27a1cd34cd10fa18945f23d24a6bd3821ccc302371d51e0214d0f4929af4e0873334f4929af18687434929af4ece732d073191914d9684f27a494d7a4f439a299a21f43548be33a494d7a746399706e575fda064fa71e92535e9c10e6629e92535e72d0e7292535e9ddee659
134b90cc69ff41e20567f44fe75b8e0dceab995ebf34c0567f450085b8d8308a8e9a7f6e79a0159fd140216e3628159fd13d8d6e4159fd140216e3600222bba0d2e687f00acfe8a010b71b140acfe89ec6b720acfe8a010b71b006e755ccaf5f9a602b3fa28042dc6c102b3fa27f3adc72b3fa28042dc6c0
24daa2d8aed78d82a134aba99b40c12bb8185fd19bed32134aba9c480c061eb749bd02bad48284d2aea6f103023a84d2aea35503104d2aea71a43016397bacc8b15ff381426957537881813d4269574f9a819026957538d2180b35dc0c2fe6bdf6a109a55d4e2406033509a55d4aca06109a55d4e348602c
24179be48c1c24c02c040ac87bc234002204adc34cec02c040ac87bc23401c916e08fec4dc40b0102b21ef08d000b0102b21ef08d30102b21f748cfe0b8e20548fc58da058081590f78468205808158ee784718081590fba467f00110256e1a6760160205643de11a00160205643de11a20205643f2b19fb
024efbd4275305c3fadda2626fef2b3483ca7fef179073adda262adcf2a12d16f342f4870df3eb76898a85bca91feb768988b7bcb2b76898ac39ca812c95597b17f0d013f5bb44c521de552ff5bb44c24bde635bb44c55fbe5413a41e53ff57bc843d6ed13154d79513fd6ed13116f79616ed13158b59501
07e8641b6ba3db609a3a617ae073e714a439be7aa54a31a3a617ae8b3e6e38a02192076fb17268e985eb81cf9c1268e985ea79cfa28e985eba6ef9b70eb38deee9cc03613474c2f5c0e7ce093474c2f53ce7d3474c2f5d167cdc2a521cdf3b42a520d1d30bd7459f3724d1d30bd4f39f411d30bd751ff36d
29b1042bd06cfa60b07c92033f39fa3c278fb46b8198e307c92034779f9e1f13e34a1ae73c82c1f2480cfce7e822c1f2480aece7f01f2480d2a47e752928f841621d9f6160f924067e73f43160f924036674020f924069313f3b1e13c7da35c0cc7183e4901a3bcfcf0583e49019f9cfd03e4901a548fcea
18b46f338dc0be4091624ef9c1202138c81ea9e26747111624ef9c96020e111b23f649a3257245893be70480843245893be3ec80905893be729a08372f0737319b2afd9122c49df38240423922c49defe640522c49df392c041c3c640f54ef23a3908b1277ce4b0107248b1277cbf90110b1277ce534106e
07255d2748e872a156687062eae653083f84bc33b23a016687062ff8652b3e469d89f550b57159a1c18bed994b1559a1c18aa399519a1c18c02394ab055a6064d42e8772acd0e0c5d5cca62aacd0e0c341ccb2cd0e0c5ff0ca56041fc25e19d91d02b3438317db32962ab34383154732a334383180472956
0087fc00000000007fc0000083fffe087fc00000000003fc00000041ffff021ff00000000001ff0000020ffff821ff000000000003f0000001ce0029010ff80000000000ff80000107fffc10ff800000000003f8000000c6000d043fe00000000003fe00000000000003fe0000041ffff3e0000001ce0069
000000000000000000000000000000000000000000000000000000000000000000000000000000000000000000000000000000000000000000000000000000000000000000000000000000000000000000000000000000000000000000000000000000000000000000000000000000000000000000000000
0355058a83759dd15058a83ab3dcf3355058a83759dd01058a83ac87cf2b0d54162a0dd677414162a0eb1173cb154162a0e9c773d0162a0eb2613cab06aa0b1506eb3ba2a0b1507567b9e62aa0b15072d3b9f20b1507590f9e561aa82c541bacee8282c541d622e7962a82c541d38ee7a02c541d64c27956
3caaf675786a6242af6757c50a230e0aaf6757c4862312f6757c533630d632abd9d5ee0988d2bd9d5f14ac8c362abd9d5f12188c43d9d5f14d5cc3563955eceaf4f4c4715eceaf8a56461b155eceaf890c4621eceaf8a6ae61ab2557b3abe03311917b3abe299b186b157b3abe28511873b3abe29afb86ab
0361cf695bfe72921cf695c34128f3361cf695bfe72901cf695c36228f280d873da56ff9ca4073da570d88a3ca1873da570bfca3d33da570d8cc3c9f06c39ed2b7fce52039ed2b86c451e52c39ed2b83ee51f39ed2b86c451e501b0e7b4adff39480e7b4ae1b11479430e7b4ae17f947a27b4ae1b1da793d
107ffdc7197e6e03ffdc71a8a8dfbf07ffdc71a866dfc3fdc71a8e6bfbe101fff71c6a19b7f3ff71c6a3697ef91fff71c6a19b7f03f71c6a3a75ef8120fffb8e32fcdc03ffb8e35193bf7d0fffb8e350cdbf83fb8e351d19f7c103ffee38d4336fe3fee38d4714fdf13ffee38d4336fe03ee38d4752ddf01
2f80ce38e26192100ce38e57152042380ce38e53792050ce38e5715204203e0338e391c64820338e395c54810820338e395a44811338e395c54810801f019c71c8e3241019c71cae2a40843019c71cab1240919c71cae2a408403c0671c727ac9030671c72b8a9021000671c72b8a9021271c72b8ad220ff
3c9efc969fe18d81efc96a3c7cd70e09efc96a3bf8d712fc96a3c99b70d9327bf25a8be635d3bf25a8f2355c3727bf25a8efe35c43f25a8f26f1c362393df92d43e31af3df92d478f9ae1c13df92d477f1ae21f92d479378e1b124f7e4b51bec6b937e4b51e4acb86d0f7e4b51e3e6b873e4b51e4e2586c3
1c367b659cf72e4367b659ec52e3900367b659ec52e3927b659ec88838f330d9ed9677fcb8f19ed967b2118e3d0d9ed967b14b8e41ed967b22a4e3ca386cf6cb39ee5c82cf6cb3d8e7c71f06cf6cb3d8a5c720f6cb3d915271e521b3db2cf41971d33db2cf64231c7a1b3db2cf62971c809a5c86634ffa0f
353c8ac4db6bda03c8ac4ded659f2c13c8ac4dec5d9f308ac4deda37f2b114f22b137a0f67d322b137b65c7cad0f22b137b5967cb22b137b68dfcac42a791589baf7b3f391589bdb0d3e572791589bd8bb3e611589bdb46fe56229e45626f41ecfa245626f6cfaf9591e45626f6b2cf96126d516c576bc6c
3ecbed7c0c433320bed7c104e931052cbed7c102133113ed7c104f17104e3b2fb5f03d6ccc52fb5f0413a4c41432fb5f04108cc423b5f0413d2241353d97daf81ca666317daf8209d2620a197daf8208466213daf8209e70209b365f6be07ef99891f6be08278b882725f6be082539883120bcdf2460e126
2ce37569e71fcc0237569ea022bf4d0e37569e9f5cbf537569ea043bf4c8338dd5a7a4bf2fe0dd5a7a810efd3238dd5a7a7d72fd41d5a7a811b5d31d19c6ead3d25f97f06ead3d40877e991c6ead3d3eb97ea2ead3d408b9e98f271bab4f4d9e5fb1bab4f5021dfa6431bab4f4ff05fa701277dea13a982e
379914cd7255d151914cd75e99142239914cd75afd143114cd75eb1d421a1e645335d5b7451245335d7aa650872645335d785450905335d7acb708672f32299ae8cba2932299aebd322844332299aeba1a2852299aebd63a84343cc8a66bab6e8a208a66baf58ea10d0c8a66baf4c8a1103f4320db5d1edb
1cb8e04c8de72fc38e04c8fbd6fb8e0b8e04c8fb52fb90e04c8fc10bb8d232e381323bbcbef2381323f021ee352e381323ed4bee4381323f042ee3483971c0991bce5f831c0991f7eff71b171c0991f6a5f721c0991f821771a425c702647b997dd0702647e085dc691c702647deb7dc714d88215e8367d3
2995b2ca3083ea315b2ca3330aa25a195b2ca3317ea261b2ca3331f4259b2656cb28ca4fa8a16cb28ccc6c8967256cb28cca1a8972cb28ccc812966b132b65946527d452b65946661544b432b6594662fd44c365946663e84b360cad965198bf5132d9651998d912ce0ad96519985512d0c5a3799c6e05f2
04f89f0b4ed90db389f0b4f276daed0f89f0b4f1b0daf09f0b4f2b09aec213e27c2d3b6436c227c2d3caa16bb13e27c2d3c6c36bc27c2d3cac26bb0809f13e169db21b6313e169e52fb5d91f13e169e361b5e13e169e56135d8427c4f85a76c86d804f85a79584d7613c4f85a791a6d770392ae93a474395
00000087fc00000000087fc00000000000087fc00000000087fc000000000000021ff00000000021ff00000000000021ff00000000021ff0000000000000010ff80000000010ff80000000000010ff80000000010ff8000000000000043fe00000000043fe00000000000043fe00000000043fe000000000
000000000000000000000000000000000000000000000000000000000000000000000000000000000000000000000000000000000000000000000000000000000000000000000000000000000000000000000000000000000000000000000000000000000000000000000000000000000000000000000000
2988c35502dd33208c3550589f315a188c355057133160c355058a77159e26230d5413b4cc6230d541627cc5682230d541606cc5730d541629dc5678131186aa09da6631186aa0b13e62b431186aa0ae2662c186aa0b14ee2b3c0c461aa82b8998b061aa82c53b8acf0461aa82c4f98ad21aa82c53faacef
16773caaf502ccf373caaf671ecea72773caaf64ccceb33caaf67546ea6319dcf2abd82b33b1cf2abd9d413a991dcf2abd9b733aa0f2abd9d5e1a9892cee7955ea0599e2e7955ece7f9d4d0ee7955ecdb99d527955eceacfd4c533b9e557b05667639e557b3a8275323b9e557b36e67541e557b3abc35312
0635c361cf02e5235c361cf65e51e8235c361cf44e51f1c361cf693f1e7318d70d873c0b948170d873da3f479d0d70d873d97947a30d873da53e79cb0c6b86c39e05ca42b86c39ecfea3cf06b86c39ecbca3d386c39ed27e3ce631ae1b0e78172902e1b0e7b47e8f3a1ae1b0e7b2f28f421b0e7b4abef395
0648107ffd5f75808107ffdc6957e7248107ffda1757f0107ffdc7197e6e192041fff57dd602041fff71a55f9c12041fff709d5fa041fff71c65f9b80c9020fffabeeb01020fffb8d2afce09020fffb84eafd020fffb8e32fcdc324083ffeafbac00083ffee38cbf3724083ffee13abf4083ffee38cbf370
39b7ef80ca808a937ef80ce354a81a1b7ef80ce1c8a823ef80ce38a4819326dfbe0336622a11fbe0338e18a0652dfbe0338b42a073be0338e3580649336fdf0199211512fdf019c6eb503336fdf019c3915043df019c718b03250dbf7c0670e45413f7c0671c3140ca1bf7c0671aa540d37c0671c6f20c91
39ca3c9ef8dd1af0a3c9efc95fae191ca3c9efc791ae223c9efc967ee18e2728f27befd46b928f27bf257eb864328f27bf2266b870f27bf25a7f86363394793df5da35d14793df92bf5c32394793df8f235c40793df92d3fc31b0e51e4f7e3c8d7111e4f7e4b3f70c7251e4f7e48ed70d1e4f7e4b4ff0c6c
23471c36791f898071c367b65297733471c367b2f897831c367b656b772f0d1c70d9ecbe25e1c70d9ed94a5dcc11c70d9ed8425dd070d9ed9673dcb9068e386cf65f12f0e386cf6ca52ee628e386cf6a112ef2386cf6cb18ee5d1a38e1b3d97c4bc38e1b3db294bb98238e1b3db084bba0e1b3db2ce7b972
1098353c89b30f718353c8ac34f6be098353c8abb0f6c0353c8ac4db6bda0260d4f22aec3db20d4f22b115daf7260d4f22aec3db00d4f22b136daf6821306a7913661ee306a7915869ed7c1306a7915761ed806a791589b6d7b404c1a9e455d87b601a9e45626db5ed0c1a9e4561a7b5f1a9e45626db5ed0
3333becbea2f3a933becbed78ba834333becbed473a843becbed7bd283340ccefb2fb51cea10efb2fb5ef4a0cd0cefb2fb5e2ea0d2fb2fb5f0100ccd26677d97d87e751277d97daf5950672677d97dad0750737d97daf7e70667199df65f6a39d421df65f6bde9419a19df65f6bc5d41a1f65f6be0621999
00d02ce3755c7f2102ce37568df1fd0d02ce3755c7f2002ce37569e71fcc0340b38dd571fc800b38dd5a79c7f3340b38dd571fc800b38dd5a79c7f3001a059c6eab8fe42059c6ead1be3fa1a059c6eab8fe40059c6ead3ce3f980681671baae3f9001671bab4f38fe6281671bab25f8ff1671bab4f38fe60
28baf799122d6903af79914c9a8f5e0baf79914c168f62f79914cd44f5d222ebde6450f5a3e2bde64533303d752ebde645305a3d83de64533597d7461175ef32287ad1f35ef32299771ebb175ef322982d1ec1ef32299acbeba305d7bcc8a60b47b17bcc8a66a27ae91d7bcc8a64d47af3bcc8a66b71ae8b
23411cb8de06dd7011cb8e04c7d6733411cb8e016dd6811cb8e04c7d67300d0472e3805b75a0472e38131f59cc10472e38121759d072e38132379cbf06823971c02dbad023971c098face62823971c06fbacf23971c098face601a08e5c700b6eb408e5c70263eb398208e5c70242eb3a0e5c702646f397e
30576995afac90f176995b2c8b0e3f0576995b2c490e436995b2c9fae3eb015da656cb124391da656cb26e38fb15da656cb1243901a656cb28b18fa920aed32b637921d2ed32b659161c7e0aed32b658921c82d32b659437c7d502bb4cad96248723b4cad964dc71f62bb4cad9624872034cad9651631f52
1bc944f89d40d640944f89f0ab63913c944f89eccd63a144f89f0b3a390e2f2513e2792358f2513e27c2ad8e4432513e27bf958e5113e27c2d2ae437379289f13a81ac81289f13e156c72239289f13ddbac73289f13e1674721c1e4a27c4f666b1d0a27c4f859d1c8724a27c4f834b1c9227c4f85a55c86e
000000000087fc00000000087fc00000000000087fc00000000087fc000000000000021ff00000000021ff00000000000021ff00000000021ff0000000000000010ff80000000010ff80000000000010ff80000000010ff8000000000000043fe00000000043fe00000000000043fe00000000043fe00000
000000000000000000000000000000000000000000000000000000000000000000000000000000000000000000000000000000000000000000000000000000000000000000000000000000000000000000000000000000000000000000000000000000000000000000000000000000000000000000000000
0b33a988c29c31233a988c351b11d4333a988c320311e3a988c354c91d342ccea6230a70c480ea6230d532474d0cea6230d46c4752a6230d53ea74cd16675311853862427531186a7823a726753118682623b3531186a9d43a67199d4c46190188f1d4c461aa648e9a19d4c461a8d88ea14c461aa816e999
34cc56773943caf0c56773caa2ae2d0cc56773c9dcae3056773caaf0e2cd133159dcf16f2b93159dcf2a8ab8b433159dcf2772b8c159dcf2abc38b342998acee76a795d18acee795455c5a198acee793b95c60acee7955e1c59a2662b3b9e2de57222b3b9e55577167262b3b9e53057172b3b9e557871668
346b8635c000e152b8635c35f0142f06b8635c35ae14338635c3619542e611ae18d70c638512e18d70d84450ba1ae18d70d6b850c218d70d871b0b9528d70c6b8421c29170c6b86c22285d0d70c6b86b5c28630c6b86c36c85cb235c31ae18c70a21c31ae1b0caa17335c31ae1ad70a18031ae1b0e781729
022a0648105c4862a0648107d485f822a0648105c486020648107fdc5f7608a81920417121828192041fd617de0a8192041f5217e0192041fff57dd604540c9020b890c140c9020feb0bef0540c9020fa90bf00c9020fffabeeb1150324082e243010324083fee2fbb150324083ea42fc0324083ffeafbac
3dd5f9b7eb8483b15f9b7ef7f63a091d5f9b7ef6283a11f9b7ef80ada08b3757e6dfba720e917e6dfbe01ae823357e6dfbdcc0e833e6dfbe02f8822b3babf36fdb290752bf36fdefec74123abf36fdec507423f36fdf015b41162eafcdbf79041d12fcdbf7c035d0462afcdbf7bda1d053cdbf7c06330455
0b9479ca3bdfeac1479ca3c9daabd239479ca3c63eabe079ca3c9ef4bd1b2e51e728ef7fab011e728f27acaf47251e728f255aaf51e728f27bd2f46c1728f39477bfd5828f394793b557a4328f3947909d57b0f394793de97a361ca3ce51e31f55f23ce51e4f595e8e0a3ce51e4ed55e93ce51e4f7a5e8d8
01da23471c17ec21a23471c34cc1f91da23471c17ec20223471c36581f8a07688d1c705fb08288d1c70d7507e33688d1c70a1b07f08d1c70d9e47e2603b4468e382fd8434468e3869983f23b4468e382fd8400468e386cf23f130ed11a38e0bf610111a38e1b2c0fc52d11a38e18560fd11a38e1b3c8fc4c
33c2509831e684a025098353c649313c2509834fe849425098353c6493100f094260d3fa125094260d4f1924c43094260d4c0124d14260d4f2164c3e2784a13067ed09304a1306a78c9262384a1306a3f09270a1306a790b261f1e1284c1a7f424a1284c1a9e32498821284c1a9c22499284c1a9e42c987c
0315f333be9903515f333beca834f4315f333be9903501f333becbcd4f3b0c57cccefa640d417cccefb2e2d3cf057cccefb2a0d3d3cccefb2f773ceb062be6677d3206a2be6677d95069e822be6677d74069f3e6677d979a9e7618af999df4c81a82f999df65c5a79e0af999df6541a7a3999df65f3079d5
0e0380d02bfc3ba0380d02ce33b9c820380d02cc23b9d380d02ce33b9c80380e0340aff0ee80e0340b38cee72000e0340b38cee7220340b38db471fd1c0701a057f87740701a059c67739000701a059c67739301a059c6b938ff301c06816401dcf1c06816719dce4001c06816719dce400681671baae3f9
0a5c28baf6ee2431c28baf797442d725c28baf772242e028baf799122d692970a2ebdbb890c30a2ebde6130b5b170a2ebde4c90b60a2ebde6448b5a414b85175eddc486385175ef2e885ae0b85175ef26485b05175ef32245ad212e145d7bb912172145d7bcc6816b52e145d7bc99216c145d7bcc8916b48
248a63411a5df4f0a63411cb834e6e08a63411caff4e7263411cb8b8e6de12298d0471b7d3a298d0472e0d39b82298d0472bfd39c18d0472e3679b760914c68238dbe9d14c682397069cdc114c682395fe9ce0c6823971b3cdbb24531a08e36fa74131a08e5c5c736f0531a08e5c1a73731a08e5c6cf36ec
0dbc705768b30d93c70576991cd8ca1bc705769790d8d070576995ab8c9136f1c15da2cc36431c15da653963252f1c15da62636331c15da656ae32441b78e0aed1661b238e0aed327bb193378e0aed2f21b1a0e0aed32b5719222de382bb49b86c72382bb4cab4c6491e382bb4c8e6c65382bb4cad5c6488
3ca71bc9410fd9d271bc944f619c0e0a71bc944edd9c131bc944f86bc0d7329c6f25109f6711c6f2513e0a703629c6f2513b7670406f2513e2750359394e3792863fb390e379289f05381b14e379289dbb3822379289f11981ad2538de4a255ece138de4a27c14e06c138de4a27b0ce070de4a27c4ea06b2
3e7e0000041ffff3e000000042087727e000001ce0079200000001ce87f139f800001ce0019380000001ce21f11f80000018c02120000000018e1fea3cfc00000c6000d3c0000000c610f50fc000001ce0101000000001cf0ff133f000001ce0039300000001ce43f13f00000010804340000000010c3fdc
000000000000000000000000000000000000000000000000000000000000000000000000000000000000000000000000000000000000000000000000000000000000000000000000000000000000000000000000000000000000000000000000000000000000000000000000000000000000000000000000
27bd836b876752402c541d64c279563bd836b89b952372c541d64c2795601ef60dae25dd48e0b150759309e5582f60dae27ab48d9141d5ff544dc6420f7b06d712eea47058a83ac984f2ac37b06d713b4a46d0a0eaffaa26e3213dec1b5c4bba91c162a0eb2613cab01ec1b5c4f9891b1283abfea89b8c84
1a407c947478add3b3abe29afb86ab2407c947604adca33abe29b3546aa22901f251d602b732ceaf8a6cb41aa9101f251d896b7262be2a00aaec39b13480f928e8f15ba36757c536390d55080f928ec4b5b9335f150055551cd91203e4a3b0256e519d5f14d9aa3551203e4a3b12d6e4c17c5401561a7361
3321ecf1df4523502255d3928dbef8321ecf1e25d2344124aed7a48e8f8d0c87b3c789748d135a7c4b6643da5f358d8c4a6476b8c092bb5e927c3e332643d9e3c2aa469044aba7251b7df0243d9e3c4fc46872495daf491d1f1a190f678f12e91a22b4f896ccc9b4bd033cc14c3ea4c723a35c31addf070b
1c5919e52f8981317988606b765cf305919e5315781291dc6a6171be585c31646794c24604b22b63d7a3624db71a9a9eabaa4de90371a985c73b616f38b233ca5f130262f310c0d6ecb9e60b233ca62af02523b8d4c2e37cb0b822c8cf2988ac095056c7af47069b6d22556aec3c19db901150324082e243
0edc130e1c9adcc0791770301657f02dc130e1d60dcbd14d92a848daf5d93b704c38726b73019f1b6acb1285d832b09e280c0990a1364aa123add7631db8261c3935b980f22ee0602cafe01b8261c3b03b97929b255091b5ebb236e09870e8f6e5f33e36d596250bb00d3f93989e3bcbb3eeafcdbf3b241e
25a4e61acc567ee1ab0a5bd1a38c3e1a4e61acea87ed73b1541ea01223d91693986b3999fb63db04722a81527d3c2736e1e951ce12c5507a810e8f610b49cc359cccfdb35614b7a347187c349cc359d50fdae362a83d406647b12d2730d67333f6c3b608e45544a4f90b2e402ee2e592b05ca3ce51deff56
156a9d2f253565819bcd86da31a58b1767a184fa542a8324bd356da824a515aa74bc98f595f31164f441d6770d3b22042e731ce92207688d1c4f5fb12ad53a5e4a6acb0388b27a20ca3b873e0fdcb5218baa210ba1f06cc883311f61f07755a80420cd4096047cf1402cde6c36cf7d2c600ed11a38e0bf61
18816c0f4e49cc909167b8027066e42d7ee517ad2b1f835c5e881da4e1a72205b03d3d47323118eb5b466606d61fbce37ca47a1812cf094260a69a133102d81e9c9399208c75ada333036b25efadead9dedb52c89863f8cd69fe37007e7b433bf611b2400305bdd738048b3dc0138337219e1284c18f3425
2b74c94f8e7e80935abb4fe604181a2df3801f33486243196217b4d066002dd3253e423a0222a21ab550a5e9a928d0caff57b579730c57cccec8e40e16e9929f211d0113510d5aa831f4d52ab6c9ecdcf463d0eb122d3a970c78005884b1ef0e1850229d55ffbed1731ad5da7f3020c0d218af999dd3c81b
33bdbc8ae7f0ebe3fd656b2d8d88822ed46db88d2256a0d730b9711e31e90ef6f22bac23af511c1e3cc6d0dbc42b18dfd5d4e7fd02380e03408ef0ef277b7915d401d7b08e0f1e63686de22b4edfd96e060250782e0088a198b4177b5b6f7f783f526caaa5ebfc8a351feb2b596c6c4410701c06815fe1dd
080bf0aae08ff35328c4c888f162e62ae0e8312cc49bc32b2bf9d4d3a5df202fc2ab823fcd436be5ac6c7a024e313d3562600072b12970a2ebcb38911017e155c11fe6a1b5f2d6363d01273d9c898b46b488b2e4973f1750e13e06d20e3ee9aeb9a2abaf9f4f7d99ac19462644478b173252e145d7967122
07729f52051ecc204f5b98bca4bf9238670c4ac23a1b73383b487ab25e611dca7d48147b308016e5d2e3004484261a2439cfc1237192298d0458f7d40ee53ea40a3d98400b72e971802242177f0c78531d3dc310346c38bf46ab16e2c05acedc4cb147114794352320027adcc5e525fc9324531a08b1efa8
31f5f8e9d4740da3ae7fefe1c13e3716524f96e9ce3980fb232f16e4ca8407d7e3a75e30365217d0e6aefd17f33a0731ac767ea61336f1c15d714c3723ebf1d3ad081b330be873575d8bfa2c31fde10ae730d28e5f315bb323f81cbaa94dfbf2dad196a9afb3e321233d73ff7f0bf9f1c26de382bb24986d
1954e8004b6e94b1d409b4e72af27b23374778b2e90ca22fc6ffe79395ba2553a00131da52b07cda58608b5ea039d8e236fccb4d93f29c6f24d2bf6832a9d00096dd29603e6d2c3045af5001ad37b4efc21e42455aa1295e272c169a39044c57ccf167ccd472f7ff472ea04da7374793e3e538de49e77ecf
000c7e7e00000000c7e7e00000000000c7e7e0000000007e7e0000c5fffd0031f9f8000000031f9f8000000000031f9f8000000001f9f8000317fff40018fcfc000000018fcfc000000000018fcfc000000000fcfc00018bfffa0063f3f0000000023f3f000041ffff063f3f0000000003f3f000020ffff8
000000000000000000000000000000000000000000000000000000000000000000000000000000000000000000000000000000000000000000000000000000000000000000000000000000000000000000000000000000000000000000000000000000000000000000000000000000000000000000000000
22b727bd812ebbf3727bd8367fbe762b727bd833ebbe8327bd836b55e7530adc9ef60cfaefa1c9ef60dac4f9d52dc9ef60d7eef9e09ef60dae1d9d49056e4f7b067d77d2e4f7b06d417ceb16e4f7b06bf77cf24f7b06d6edcea515b93dec19f5df4393dec1b589f3aa1b93dec1b3fdf3b13dec1b5c3b3a92
1d48da407ab144208da407c93e418b148da407c7f44190da407c946818ae35236901eee5107236901f24f9062c1236901f23f106336901f251a062b83a91b480f56288411b480f927c8316291b480f8fe88321b480f928d0315c2a46d203e1ea20d06d203e4a340c57246d203e47e20c62d203e4a382c56f
2b72f321ea24f9f32f321ecee99e53372f321ecb8f9e62f321ecf1b1e5242dcbcc87b0d3e7a0bcc87b3c6c79491cbcc87b3a9e7953cc87b3c74b948e16e5e643d869f3d25e643d9e153ca52e5e643d9b3f3cb1e643d9e3a5ca471b97990f65c7cf317990f678d8f292397990f6753cf2a3990f678ed9291b
19fb5c5918387df3b5c5919e15de991fb5c5919c47dea35c5919e4f9e98227ed71646501f7b2d71646791d7a613ed71646753f7a7171646794ada60533f6b8b23070fbe36b8b233c6dbd313f6b8b23388fbd42b8b233ca35d3030fdae2c8ce23ef51ae2c8cf27cf4c13dae2c8cee9ef4d2e2c8cf295b4c0a
148d0edc11bb0620d0edc130d461ae08d0edc1305061b10edc130e0c1add12343b704b0c187343b704c35186b82343b704c14186c03b704c38726b73291a1db823760c41a1db8261a8c35c11a1db8260a0c3621db8261c1835ba246876e0961830e2876e0986e50d6f06876e0986a30d7076e09870e4d6e6
2604a5a4e3a782204a5a4e61a82168204a5a4e5f982170a5a4e61ac4167f1812969396de086129693986a085a00129693986a085a29693986b1059fc0c094b49cb6f043094b49cc35042d00094b49cc35042d14b49cc35882cfe30252d272dbc10c252d2730d410b400252d2730d410b412d2730d662b3f7
2a6a156a9a735042a156a9d2c7035726a156a9d0750362156a9d2f04356629a855aa720d40e2855aa74ba00d5a1a855aa74a140d6055aa74bc94d59614d42ad53906a07142ad53a5d006ad0d42ad53a50a06b02ad53a5e4a6acb1350ab54e83a81b10ab54e97821ab3350ab54e94281ac0ab54e97929ab2c
18cdd8816a760b70dd8816c0e6b69d0cdd8816c020b6a1d8816c0f3169cd23376205adf82db376205b039ada743376205b0082da836205b03d07a733319bb102d4ec16e1bb102d81cd6d3a19bb102d80416d43b102d81e62d39a066ec40b60105b52ec40b60777b4e726ec40b60525b4f2c40b607a514e65
05fdeb74c8ecb3a3deb74c94b939e91fdeb74c92eb39f1eb74c94f719e8117f7add323b2ce837add3253aae7a13f7add324fcce7b3add3253e087a030bfbd6e991d96743bd6e9929b473d13fbd6e9925d673e3d6e9929ee33d022fef5ba647659d02f5ba64a797cf413ef5ba64a3b9cf535ba64a7c52f405
3c50b3bdb8a7b7c10b3bdbc89d7b0f050b3bdbc85b7b10b3bdbc8adfb0ec3142cef6eefeded02cef6f22b7ec3b142cef6f216dec42cef6f22b7ec3b038a1677b756f6f721677b7913af61e0a1677b790b6f621677b7915bf61d822859dede21dbd9059dede456fd8762859dede42dbd8819dede4573f875f
0032c80bf0a79b332c80bf0a79b300032c80bf0a79b302c80bf0aab32ff400cb202fc29e6cc0b202fc2aaccbfd0cb202fc29e6cc03202fc2ab50bfce00659017e14f366259017e153565ff0659017e14f366019017e155a85fe70196405f853cd9816405f8555997fa196405f853cd9802405f8556e37f9b
04cf87729f02a560f87729f51055ed0cf87729f44a55f387729f51cb5ecd133e1dca7c0a9583e1dca7d44157b433e1dca7d12957c21dca7d47f37b31099f0ee53e054ac1f0ee53ea20abda19f0ee53e894abe30ee53ea3d8bd99267c3b94f8152b03c3b94fa8c4af6727c3b94fa672af703b94fa9028f661
2fc9b1f5f5d557c09b1f5f8e937b413c9b1f5f8ab57b51b1f5f8e9bbb40e3f26c7d7df955ee26c7d7e3a4ded04326c7d7e3735ed12c7d7e3a730d0371f9363ebefcaaf71363ebf1d26f68239363ebf198af69363ebf1d377681c3e4d8fafc34abdb0d8fafc74ddda0724d8fafc728bda118fafc74ea3a06d
05ad5954e7a2a0d2d5954e7fd60cea1ad5954e7e4a0cf15954e80036ce9516b565539e8a8343565539ffdc33a62b565539fd4833b16553a0011d3a530b5ab2a9cf4541a1ab2a9cffee19d335ab2a9cfc9419e2b2a9d0006d9d2a2d6acaa73d150682acaa73fffa674b16acaa73feb06752caa740023a74a6
0000000c7e7e00000000c7e7e00000000000c7e7e00000000c7e7e00000000000031f9f8000000031f9f8000000000031f9f8000000031f9f800000000000018fcfc000000018fcfc000000000018fcfc000000018fcfc00000000000063f3f0000000063f3f0000000000063f3f0000000063f3f0000000
000000000000000000000000000000000000000000000000000000000000000000000000000000000000000000000000000000000000000000000000000000000000000000000000000000000000000000000000000000000000000000000000000000000000000000000000000000000000000000000000
051062b72769f511062b727bc750ec11062b727abf50f062b727bd7d0ebc14418adc9da7d44018adc9ef5f43af0418adc9ef1d43b18adc9ef5f43af00a20c56e4ed3ea220c56e4f78ea1d8220c56e4f57ea1e0c56e4f7afa1d78288315b93b4fa880315b93debe875e08315b93de3a876315b93debe875e0
3aef9d48d6740b02f9d48da3d6af152ef9d48da100af239d48da4040f1452bbe752366302bd3e752368fdebc523be752368c42bc6275236901c9c51135df3a91b10815f1f3a91b47ef5e291df3a91b46215e333a91b480c3e289177cea46d0805793cea46d1fff78a337cea46d1ca578b0ea46d203d58a21
2c186b72f04a5a1186b72f3205a0500186b72f3205a0506b72f321e604fa3061adcbc96968221adcbcc858813f061adcbcc8168141adcbcc879813e81830d6e5e4b4b4130d6e5e640b40a0030d6e5e640b40a0d6e5e643cc09f420c35b9796f2d03035b97990f3027d0c35b979902d02835b97990f3027d0
1e0859fb5a699020859fb5c589018820859fb5c379019059fb5c5914187e382167ed6dc64072167ed71624062002167ed71624062167ed71645061f83c10b3f6b4d320410b3f6b8b120310010b3f6b8b120310b3f6b8b22830fc3042cfdadfac80d02cfdae2c8a0c3f042cfdae2c480c42cfdae2c8a0c3f0
13e7948d0d93a6027948d0ed985fb13e7948d0e9ba5fc3948d0edbd7fb070f9e52343a6e97f1e52343b6e57ec239e52343b3497ed252343b7025ec1927cf291a1b274c00f291a1db72bf613cf291a1d794bf73291a1db7f1f60d1f3ca46874dd2fe3ca46876dcafd8433ca46876ab2fd90a46876e08dd831
21f7a604a3746ff37a604a5a14fe791f7a604a5846fe83a604a5a4a9e78307de98129611bfa1e981296919f9e13de98129653bf9f2981296936d9e0903ef4c094b08dfd2f4c094b46bfcf13ef4c094b08dfd034c094b4995cf050fbd30252c237f43d30252d233f3c23bd30252ce97f3d130252d271d3c11
32bf2a6a12254b03f2a6a15668af362bf2a6a153d4af432a6a156a68f3510afca9a854f52bd3ca9a855a68bcd52fca9a855792bce0a9a855aa69cd41257e54d4286a95f3e54d42ad135e6b17e54d42abc95e7254d42ad513e6a115f95350a9ea57a395350ab51379a91f95350ab34579b15350ab54d39a82
27d258cdd5f05d61258cdd8803d5613d258cdd8425d57258cdd88145560c1f4963376001756096337620515583349633761cf755916337620599582e0fa4b19bb000bab24b19bb1007aac23a4b19bb0c6baad0b19bb102ccac173e92c66ec002eac12c66ec40a2ab06292c66ec3e0eab12c66ec40b32b05c
0d3185fdea9b1833185fdeb71982cc13185fdeb61182d185fdeb74b02cb434c617f7aa6c60c0617f7add2c0b2d0c617f7adc660b3217f7add302b2cf1a630bfbd536306230bfbd6e7505972630bfbd6c2305a30bfbd6e9605968298c2fef58f8c170c2fef5ba58165a18c2fef5b8cc16602fef5ba647659d
21213c50b19b183213c50b3bb9827c1213c50b3ab182813c50b3bda827b80484f142ceac60a04f142cef6a09ee084f142ceee609f0f142cef6e29edf024278a167563050278a1677b504f724278a167563050278a1677b504f700909e2859d58c1409e2859ded413dc109e2859ddcc13e1e2859dedc53dbe
21934032c5e1f31134032c80ab307a1934032c7f1f30834032c80bbb079c064d00cb1fc7cc20d00cb202eec1e724d00cb2009cc1f100cb202fb21e6d032680658fe3e612680659015660f432680658fe3e610280659017b80f370c9a01963f8f9841a0196405dd83ce09a01964055983d20196405f643cda
356a84cf840141d2a84cf876fe1c2b16a84cf875b41c3284cf877275c2a615aa133e1c650712a133e1dc7c70aa1aa133e1daf070b2133e1dca5b0a962ad5099f0c2283915099f0ee3e38552d5099f0eb683861099f0ee52d854b2b54267c38ca0e214267c3b93ae153354267c3b5e0e160267c3b94f8152b
2aa12fc9af36956212fc9b1f3d55562a12fc9b1ca955612fc9b1f5e555582a84bf26c51a55604bf26c7d795556284bf26c7ae55560bf26c7d7d7555f15425f93628d2ab025f9363ebcaaab1425f9363d72aab25f9363ebcaaab015097e4d8e54aab097e4d8faf2aaac1097e4d8f9eaaab17e4d8fafaeaabe
357cc5ad55e25d53cc5ad5950fd42b17cc5ad593c5d430c5ad5954db42a115f316b563e97513316b56550550a91f316b56533750b316b565536d0a842af98b5aafe4ba9398b5ab2a61a8552f98b5ab278ba8618b5ab2a9b685422be62d6ac7d2ea2262d6acaa4ca1513e62d6aca66ea1622d6acaa71c1507
3f0000001cec7d9000000001cfe7dc300000001da7e7100000000c7e7e003c0000001d11f910000000031f9f80000000001fff9f1000000031f9f8003e0000001cf8fc10000000018fcfc0200000001e6fcf1000000018fcfc00380000001d43f310000000063f3f00000000001eff3ea000000063f3f000
18000000149fffb0000000000000003ffffffff3a00030000000000000001ffffffff3a000300000000000000000000000000000000000000000000030000000083fffe00000000000000000000000107fffc000000000000000000000000c5fffd000000000000000000000000000000000000000000000
3bc8cc26c0a5b230e65fb88e0e039a3c8cc26c441b2223c51062b6e989f62f23309b0ef6c892f14418ad99627e23997ee236280e7314418adc6c27d53791984d856b645178a20c56ccb13f391984d88c5644338a20c56e1513eb1e466136220d9111e288315b74c4fb0732fdc470701cd2288315b91a4fa9
033733d93b3a4fe319a04770a81c4b33733d93b3a4fe003aef9d48d6740b0cdccf64ece93f810ebbe752251d031c66811dc1987130ebbe752359d02c066e67b276749fc2875df3a8f18e8226e67b276b69fbf075df3a91ace81619b99ec9d9d27f021d77cea44a3a0638cd023b8330e261d77cea46b3a058
1339842af8f1fac17ec186b71686a6339842af9f9fabc3ec186b72b26a5b0ce610abe7e7eaf1fb061adc9c1a973e6b19c775d75d73b061adcb8fa96926730855f1e3f582fd830d6e2d0d4c3f358ce3b8dbaec3d830d6e5a6d4b519cc2157cfcfd5e3f60c35b938352e3cd6338eefcebad360c35b976152d1
1ccd9075f42a3ed3f9e0859f742a9a0cd9075f5f83ec939e0859fb20a991333641d7d4c8fb33e782167e96aa652626f8d6c1ae0ff2782167ed48a641399b20ebe8547da3f3c10b3f2a553333137c6b5ec708033c10b3f6835321266c83afadb1f653cf042cfd6f54c90c4df1ad877c1fd0f042cfdad34c81
174f3e48b59f06c2813e7948a7993b34f3e48b6e906bb013e7948d0d93a61d3cf922da9c1af204f9e5232264ea23c58324d788ff804f9e5234364e982e9e7c916b3e0d81027cf29191327511e2c1926bc47fc027cf291a1b274c3a79f245b53835e009f3ca4686c9d3078b0649b331fef09f3ca4686c9d30
36a9ad165504c3d0061f7a6049f5472a9ad16585ec3c3061f7a6049f54701aa6b45960730f10187de98127d51c37a86a3cdc52927187de98127d51c02d535a2cae2987900c3ef4c093ea8e3bd4351e6c194940c3ef4c093ea8e0354d68b2c0e61e2030fbd3024faa382f50d479bcc524d30fbd3024faa380
2c0fd2c623db21d1432bf2a68c825506e488328d34d02032bf2a6a12254b3dbdf11b82cbb0410cafca9a7409531b9220ca34d34080cafca9a848952c3501843a2e368d028657e54d1904aa0dc910651a69a040657e54d4244a960daa543efd0f0092195f9534e812a62a195f95325412b195f95350912a58
03218426282f96f0aa7d258cd28b060a28dc45c7d6f002a7d258cdacb05e0cddc36db6470b92a9f496334a2c1828a371171f5bc0029f49633736c1763c4ed9cca4f0fca154fa4b19a5160c1451b88b8fade0014fa4b19b9b60bb2e2ba726d977482153e92c66d6582f0553e92c669458313e92c66eaf82eb
1e932bfc691c7fa1f4d3185fbe6fb212c3243559d053a34d3185fdb4fb192e41aeeef7390de3d34c617f3bbec70b0c90d56b614e7134c617f799ec6119db6e276b396773e9a630bf7cdf642586486ab3a0a7429a630bfbabf6311d15d384f0ecb2b3a698c2feb97d8d0fa698c2fdf37d92698c2fef33d8c2
0571c186d5ec6001f61213c4eadfb20d5fcacd17979d3361213c507bfb193fc84eb2bc500443d8484f13ed7ec7357f2b345e5e74c18484f142b5ec6129da477fbe6ab913ec242789d5bf641abf959a2f2f3a62c24278a139f63126f9203a08e91a23b0909e281cfd8d0fb0909e2756fd930909e2856bd8c2
3b1fef7c9ee42d833e193402f700201fd4607aacae42b3e19340328801f413592f5a2ad518d0f864d00ca2007d3f5181eab6d90ab3864d00cae607cd17491a872f5661c27c32680630003f3fa8c0f5595c8563c32680655203e71ff80ef3e0b28bd1f0c9a0194400fa19f0c9a017b801030c9a01960e0f99
1d87fb78292a7c138f56a84cbdba1506c1058b5059d630f56a84cf77a1422ff3cebc285d21b23d5aa133bce8511b04162d416758c3d5aa133dde85081e5ae0c1bd748fc31ead5099bd74290d820b16a0b3ac61ead5099eef428400035ae56db118307ab54267bbd0a13c7ab54263ddd0b3ab54267bff0a0f
3dd1daee47b3a092aaaa12fc6f1f6a292c4af2bd4aba82aaa12fc985f696182313256ebdba02aaa84bf2407da624b12bcafd6ae9e2aa84bf269bda560597e45c3ef57231555425f9203ed3125895e57eb574f155425f934ded2b3b27d2eb5960d761555097e4c2fb4b15555097e378fb5155097e4d79b4ab
124ff5ad54aa05c0af57cc5aca48263f0dfb8c6eb7fa72f57cc5ad28825e1bea3c993cd3dd62bd5f316b2920983c37ee31c73fe993d5f316b526097607be0cacc6f3c1f15eaf98b594904c3e1bf718e18ff4d1eaf98b5a9304bb04f7d416775eaee17abe62d694412f057abe62d6524133abe62d6a8e12eb
27ffff00083fffe3fff00001ce00b93ffff000251fff73ff000001ce0c711ffffc00293fff63ffc00001ce03113fffc0001ce00293fc000001ce31f10ffffe00149fffb3ffe00001ce01813fffe0000c6000d3fe000001ce18f13ffff800107fffc3ff800001ce06313fff80001ce00593f8000001ce63e9
00ff580000000003f5800000c5fffd0ff580000000000358000001cdfff903fd600000000003d6000001cdfff93fd600000000000160000001cdfff901feb00000000003eb000001cdfff91feb000000000002b0000001cdfff907fac00000000003ac000001cdfff93fac0000041ffff2c00000018bfffa
3337e24dc3d932337e24dc722b2234337e24dc6f1322414162a0eb1173cb0cdf89371bc4c8915058a83ab3dcf30df89371c8ac88d1ef23309af216c9266fc49b8bd26452a82c541d38ee7a26fc49b8e246447282c541d622e79619bf126e37899122a0b1507567b9e61bf126e3915911a3de466135e42d92
0dc81cb23806cde081cb238e9addc91c81cb238cccddd2bd9d5f14ac8c36372072c8e01b3782af6757c50a230e32072c8e375377320cdccf64cbe9401b903964700d9bc157b3abe2851187390396471999bba17b3abe299b186b2e40e591c4566ef15eceaf8a56461b240e591c72c6ee5019b99ec9d9d27f
0552d586bee1a9c2bd361c04bdf54c152d586bf23a9bf3d361c04e7354b6154b561afb86a702f4d870137bd52e14b561afcd0a6fb04ce610abe3c7eb0aa5ab0d7dc353817a6c3809bdea972a5ab0d7e47537e226730855d0e3f62a96ac35f70d4e01e9b0e02739aa5b296ac35f9a14df6099cc2157c78fd6
1dc7e78a497b1cc29a7d8fdd851c3c1c7e78a4b491cb91a7d8fddae5c3b6371f9e292a0c72f269f63f769870ee31f9e292d6672e33733641d79f28fc3b8fcf1492f6398134fb1fbb4c387738fcf14969239721b99b20ebcf947e2e3f3c525838e5d0d3ec7eed72e1db23f3c525b0ee5c52e66c83af8051f7
23381775b264e3516572702238e3c53381775b474e348257270224d83c4b0ce05dd6d1d38d2195c9c089258f130e05dd6d2998d1d05d3cf922d67c1b06702eeb68e9c692cae4e04471c78a2702eeb692bc68f22e9e7c914a3e0e19c0bbada3a71a432b9381124b1e261c0bbada5331a3a0ba79f245acf836
3bad29793cfe565142b9e3fb000ab53ad2979409a564202b9e3fb14aab4b2eb4a5e5005959110ae78fec422ad32b4a5e5032f59053daa6b459229310375a52f27e1cac928573c7f600156a35a52f28176ac831ed535a2c9149881d694bca04d2b21215cf1fd88455a61694bca06a0b2093b54d68b287261f
3e54a7a80e057912c8d9a15c11f4ff254a7a811e379010ec0fd2c6177b2239529ea04475e413fb50e59f7dc68c1529ea04811e4023b03f4b185dec883ca94f50202af2135fd12d968bee940a94f502408f2011d81fa58c2ef64432a53d408d0bc8111988ebbe7307193646cd0ade7fa803607e9630fdd90f
144cac53e632bf626c217e5ef8437904cac53e77cbf5b043218426240f971132b14f9ceafd71b60126cdbd98df132b14f9df2fd6c10c861098903e5c289958a7cc657ec0390014c3bda3dc09958a7cef97eb608643084c481f2e2265629f39d5fae0b30452528bc4cd33610bf2f5b21bd2190c2131207cb8
03506a014fa490007058ce5115bd6e3506a014fa4900019e932bfc505c800d41a8053e92400100b329194166af141a8053f583ffd27a4caff18371ff06a0d4029f492002ac02ff8b7981602a0d4029f8b1fff33d2657f8a0b9001a83500a7d2480020a8daca26876ce0382c67288adeb70f4995fe348e3fd
3043bc24c8bcc4a10a1369b8a82d29043bc24cbd4c49400571c186d5ec60010ef0932f531252c86230592c9ce710ef0932f531250015c7061b57b180208778499599893003931a92bb79e2087784997a9892800ae3830dabd8c0021de1265ea624a0074c8dfb5dcae828509b4dc33169502b8e0c36af6300
10bc42db33233b72f5dc964715d2d80bc42db342b3b6c23b1fef7c7de42e02f10b6cd0acedb245096f9709918e2f10b6cd0acedb00ec7fbdf27b90b6217885b6664676e3fc4ce56d02861d17885b6685676d80763fdef93dc85b05e216d9a159db601e6de32705a8be17aee4b238ae96c1d8ff7be4f7216c
3daf94feac3b70138f9731aea842931af94feb01970013dd87fb77eb4a7d36be53fabd4dc011db9ad473603d612be53fac0a7c0033761fede07329f13b5f29fd5c96e01153dd0074447e9f35f29fd6032e0023bb0ff6f01894f92d7ca7f57ebb8011b8f17fb84de8103c7cb98d733214a2ec3fdbc12853e1
2cb352ac15ad40b193ce81a0c5bc880b352ac188340a51fdd1daee2ad3a132cd4ab05ef502a05cf47d4791e59e2cd4ab0620d02943f7476bb8ed4e831966a5582f7a8153c6dfeb3c005c23166a5583106814a3fba3b5dc55a742259a9560c20a05316803c496e221720c9e740d062de443ee8ed7721c9d05
02ab5757edda870137165ea3ac0b022ab5757edda87001124ff5ad442a060aad5d5fb76a1c0206ffd8cd52e86e2ad5d5fb7ee1bfe0493fd6b552a8170556aeafdbb50e00a00ed26932116b156aeafdbf70dff2249feb5a88540c155ababf6ed43800e0355fda81401e09b8b2f51d605810927fad6aa5502e
0000a7ffff0000000a7ffff0000000000a7ffff0000000a7ffff0000000000029ffffc00000029ffffc00000000029ffffc00000029ffffc0000000000014ffffe00000014ffffe00000000014ffffe00000014ffffe0000000000053ffff800000053ffff800000000053ffff800000013ffff80041ffff
000000ff58000000000ff58000000000000ff58000000000ff5800000000000003fd60000000003fd60000000000003fd60000000003fd6000000000000001feb0000000001feb0000000000001feb0000000001feb000000000000007fac0000000007fac0000000000007fac0000000007fac000000000
1b377337e08cb44377337e24a343943377337e218b43a37337e24d8e39332cddccdf8652d0f1dccdf893530e4d0ddccdf8928d0e51ccdf8936fee4c9366ee66fc1196882ee66fc4988872726ee66fc47368732e66fc49b5e726519bb99bf10c5a1d3b99bf126a61c9a1bb99bf1251a1ca399bf126dfdc992
24c88dc81a534bd088dc81cb1abc6d0c88dc81ca54bc708dc81cb22fc6ce13223720718d2f222372072c6af1b4322372072952f1c2372072c8bf1b3809911b9038c6979111b903963578da1911b90394a978e11b9039645f8d9c26446e40e31a5e4046e40e5917e3672446e40e56c5e3706e40e591c0366f
39590552d1d4827190552d5852261b1590552d570826210552d586ae61aa2564154b53b209924154b5618a986b164154b560409870154b561afb86a732b20aa5a7c904d320aa5ab0a44c362b20aa5aae104c420aa5ab0d5cc3540ac82a96ab84131082a96ac35730d52c82a96ac08130e02a96ac35f70d4e
138d1dc7e647b300d1dc7e78972fb238d1dc7e74fb2fc11dc7e78a38fb1d0e34771f9d3ecbf34771f9e25cbec8234771f9e04cbed0771f9e2925ec73271a3b8fcc8f6601a3b8fcf12e5f6431a3b8fcee165f723b8fcf1471f63a1c68ee3f3a7d97e28ee3f3c4fb7d8f068ee3f3c4b97d90ee3f3c524bd8e6
2c72e33814984d132e33817726d04f072e338176e4d052e33817758504e431cb8ce05aa13420b8ce05dd6141391cb8ce05db9341438ce05dd698138e18e5c6702d509a125c6702ee8fa09d0e5c6702edc9a0a1c6702eeb4c09c7239719c0b9626831719c0bbac2827239719c0bb726828319c0bbad72271b
06a6fbad290b7da26fbad2976bd9e62a6fbad294d7d9f2fbad29790f9e571a9beeb4a42df681beeb4a5e33679629beeb4a5b9f67a3eeb4a5e4c2795a0d4df75a5216fb40df75a52f19b3cb14df75a52dcfb3d1f75a52f2613cad3537dd69485bed037dd694bc66cf2c137dd694bb5ecf33dd694bc9c6f2b3
2a1bfe54a4f14431bfe54a7a64425821bfe54a78544263fe54a7a7d0257a286ff9529c0510a2ff9529e9d3095f06ff9529e9910963f9529ea00695e51437fca94e0288537fca94f4c884b0037fca94f4c884b3fca94f4fe24af310dff2a53c2a2131ff2a53d3e812bd0dff2a53d32212c3f2a53d404f2bc9
3502944ca8e93d002944cac53bcf2c102944cac433cf32944cac53bcf2c0140a5132b004f3d0a5132b14ef3cb000a5132b14ef3cb25132b14f77cafe2a05289955f279f05289958a779e582052899588679e61289958a7bbe57f2814a2656009e7a14a265629de7960014a265629de7960a265629f3195fb
2dc00350670e6fb0003506a014fa491c0035069e46fa5003506a014fa49037000d41a479bea000d41a8053e9243000d41a7d3be9300d41a8053e92401b8006a0d23cdf50006a0d4029f49238006a0d3c8df4a006a0d4029f49202e001a834d137d3001a83500a7d2482001a834fe97d2501a83500a7d2480
0cedb043bb4f7a02db043bc21d9fcd0edb043bc1579fd1b043bc24affcc533b6c10eed3de8036c10ef08fa7f323b6c10ef055e7f42c10ef09301f31319db6087769ef401b60877847d3f991db6087782af3fa3608778495ff98a276d821dde9bcff2d821de1236fe6336d821de0edcfe71821de12645e625
331250bc3f908611250bc42da0603431250bc42a88604250bc42db0e033c0c4942f10aa21810942f10b6c380cf04942f10b68180d142f10b6cbc0cee2624a17883410c124a17885b40c068224a17885930c070a17885b65e0677189285e215443021285e216d87019e09285e216d0301a285e216d97819dc
123ffdaf93d19063ffdaf94fa905b823ffdaf94d9905c3fdaf94fe6e5b7108fff6be53664173ff6be53f6a16dd0fff6be53ea416e3f6be53fa7f6dc1247ffb5f27a320c3ffb5f29f940b6f07ffb5f29f520b73fb5f29fd1eb6e111ffed7ca6cc82e3fed7ca7f162db91ffed7ca7d482dc3ed7ca7f540db81
0afd6cb351f6c313d6cb352a8230d52fd6cb3527ac30e16cb352ac010d412bf5b2cd47db0c435b2cd4aacec3513f5b2cd4a6f0c361b2cd4ab046350315fad966a3ed8623ad966a554661a91fad966a537861b2d966a558021a8217eb659a93d61872b659a955df86a13eb659a9520186b3659a95608c6a06
15e402ab55eebbe2402ab57559bda91e402ab5738bbdb002ab5757edda8717900aad5bdaef7100aad5d5eaf6a23900aad5d24ef6b00aad5d5fb76a1c2bc80556abdd77c080556aeaf57b513c80556ae7177b600556aeafdbb50e2f20155ab7b5dee20155ababd5ed44320155aba8bded50155ababf6ed438
00000000c0bffea000000a7ffff0000000000a7ffff0000000a7ffff0000000000029ffffc00000029ffffc00000000029ffffc00000029ffffc000000000001607ffdc0000014ffffe00000000014ffffe00000014ffffe0000000000053ffff800000053ffff800000000053ffff800000053ffff80000
0000000000ff58000000000ff58000000000000ff58000000000ff5800000000000003fd60000000003fd60000000000003fd60000000003fd6000000000000001feb0000000001feb0000000000001feb0000000001feb000000000000007fac0000000007fac0000000000007fac0000000007fac00000
3e7f90ca8483b0f2f1b377334d90cc12f1b377324590d31b377337af0cb534bc6cddc9796443c6cddccdba432e0bc6cddccd3643306cddccdf8232d13cff21950d2761d1e366ee66dd219725e366ee648b21a2366ee66fa019692978d9bb9712c8738d9bb99bb6865b178d9bb99a6c8660d9bb99bf0465a2
01806f35701c4e410e4c88dc705f352d0e4c88d99a5f40e4c88dc80df34c0b439322366697d039322372037cd3343932236ea97ce39322372037cd300300de6ae0389c821c9911b8e0be6a1a1c9911b754be71c9911b901be698168726446ccd2fa0726446e406f9a628726446e172f9b326446e40b19a5f
3a074db4b9181da367959054f52b491f67959053272b5279590552acb48337d9e56411b1cae19e5641549aad213d9e564150bcad31e564154b36d20a1becf2b208d8e572cf2b20aa2c56913ecf2b20a64e56a0f2b20aa59b69052fb3cac8278395b33cac82a9355a423b3cac82a5995a53cac82a966da414
37c42a578d5311234138d1dc48c47c134138d1db40c480138d1dc7e647b304d04e3476d0312104e34771e911ed0d04e347712311f04e34771f991ecc0268271a3b6818928271a3b8d388f7268271a3b6818900271a3b8fcc8f6609a09c68eda0624209c68ee3d223da1a09c68ee24623e09c68ee3f323d98
12bb181722404800bec72e33752b852cbec72e309f2b93ec72e337d6b84e3b2fb1cb890fcaf2fb1cb8cdd4ae1432fb1cb8cabcae23b1cb8ce020e1353d97d8e5c277e5817d8e5c66ea570a197d8e5c655e5713d8e5c66fef709b365f6397163f95d1f639719beb5c2725f6397199995c33639719c083c269
3b796fdc7c7487b0986a6fbac8c4b820986a6fb8b8c4c186a6fbad104b7e08261a9bee2e313261a9beeb2312e00261a9beeb2312e21a9beeb4832df724130d4df50718a130d4df759189700130d4df759189730d4df75a2096fc104c3537dc5c6260c3537dd68825bf04c3537dd64625c03537dd69485bed
3aef6a1bfa883962f6a1bfe51995152ef6a1bfe24395236a1bfe546f51452bbda86ff680e553da86ff94ea54523bda86ff914e5461a86ff95283451135ded437f93072b1ed437fca752a291ded437fc8a72a32d437fca920a289177b50dff121ca93b50dff2a16a8a337b50dff26bca8b350dff2a5068a22
1b0c3502928e62f0c3502944be2e9430c3502941a62ea03502944ca8e93d2c30d40a4e598bb30d40a512f8ba50030d40a512f8ba50d40a5132a3a4f436186a05251cc5e186a052897c5d282186a052876c5d306a05289951d27a1861a814a0d317521a814a2633749f061a814a25f174a1a814a2654749e8
06416dc002e9327016dc00350526e72416dc0032b326f16dc00350526e701905b7000ba4c9c05b7000d4149b9c105b7000d30c9ba1b7000d418bb9bf0c82db8005d264e02db8006a0a4dce082db80069864dd2db8006a0a4dce0320b6e0017499380b6e001a829373820b6e001a61937436e001a8317737e
02180cedb0212f5180cedb0422f4f82180cedb0212f5000cedb043bb4f7a086033b6c084bd42033b6c10cdd3df06033b6c108bd3e033b6c10eed3de8043019db60425ea3019db60845e9f003019db60845e9f019db6087769ef410c0676d81097a800676d821dda7bd0c0676d82117a7c0676d821dda7bd0
3de7f3124cbecfc27f31250b9afb091e7f312509ccfb13f31250bc01b087379fcc493f5b3ed1fcc4942eefec2239fcc4942b53ec33cc4942f0ccc2193bcfe6249d9d9f70fe624a1777f6113cfe624a1399f623e624a17845610d2f3f989282d67d93f989285ddfd84433f989285ac7d853989285e1db8431
39be923ff9f6cca3e923ffdab8c91a1be923ffd92cc922923ffdaf6a919126fa48fff43b3253a48fff6ba924652fa48fff68d3247248fff6be2e4642337d247ff80d9933d247ffb5b3923337d247ffb2599241247ffb5f1723210df491ffec966493491ffed79448c91f491ffed5c648d091ffed7c9e8c83
24f3cafd6a519c233cafd6caffc16d0f3cafd6ca39c173cafd6cb31416c413cf2bf5b1867060f2bf5b2cc505b13cf2bf5b28e705c32bf5b2cd165b0d09e795fad8c33832795fad964182d91e795fad947382e395fad9666a2d87279e57eb630ce0c1e57eb6598a0b6239e57eb655ee0b7257eb659a6eb619
051095e40257c5b1095e402aa45aec11095e40299c5af095e402ab4daebc14425790095f16c0257900aad36baf04257900aa916bb257900aad36baf00a212bc804af8b6212bc805548b5d82212bc805338b5e12bc805569b5d782884af2012be2d804af20155a6d75e084af2015522d760af20155aaf75df
0f7f800018c0a723f8000003647feb37f800000c6a7f538000000275fff13dfe000000029f83e0000001f7fff11fe000003e09fe92000000046dfff11eff000010814f43f0000002eaffed2ff000001cf4ff13000000031dfff13bfc000004253f73c000000221fff13fc000003a13fea0000000070dfff1
000000000000008000000000000ff80000000000000f800000000000ff58000000000000038000000000003fd80000000000003f800000000003fd60000000000000018000000000001fe80000000000001f800000000001feb0000000000000078000000000007fa80000000000007f800000000007fac0
14b2fc3e613480b2286ab4d34c8d7336286ab4cff28d8286ab4d36d8d7280d8a1aad33fca360a1aad34db635ca18a1aad34c2a35d26eca99a136b2932965f87cc269016050d569a6db1ae52c50d569a4051af10d569a6df3ae4f1b14355a67f946c14355a69b6c6b94314355a698546ba3f3fc8654031d88
2b5483c1926b80824f954b2c71828e0a4f954b2bed8290f954b2c96a28d73293e552c7e360b13e552cb24a0a36293e552cafb60a439135665e494d6f16a9078328f700f09f2a965925051b149f2a9657db0521f2a96592d451ae2527caa593e6c1527caa596494146c127caa59638c14700c0379ab80e272
3c65dea65114c74150a4a9d753c53f0550a4a9d711c5410a4a9d768653eb0154292a75c471514292a75d9114fb154292a75c471502e81d36d2c3607720aa149538d238b2a14953aea78a7e0aa14953ae238a8396afc663e41d3202a85254eb88e2a285254ebb2229f62a85254eb88e2a01d03a6da5c8c0ed
2d0019d66d343a330030bfcf4555a7270030bfccf355b0030bfcf76d5a6419c00c2ff234d57000c2ff3ddb56991c00c2ff3c0d56a2df10a95e144c452ce00617f70a6ac200617f9eccab4d0e00617f9e06ab52d81ad33d1095623380185fe469aae00185fe7bb6ad32380185fe781aad41be2152bc6a9889
269a4b235c4c5e92b1f7f1e89494362ab1f7f1e60094431f7f1e8bdd43560aac7dfc79802512c7dfc7a2d650d62ac7dfc7a04250e04aec605c89012025563efe3ab0129163efe3d16b286b1563efe3d0212870bce3b1a01d11531558fbf8f3004a218fbf8f45eea1ab158fbf8f44a4a1b095d8c0b9120240
300ebc5fc88aa271ed32a4704e70e629ed32a46dba70f2d32a4706b50e591a7b4ca91a669c43b4ca91c17bc39727b4ca91bf29c3a1ede5bf71e1521f0d3da6548d334e23da6548e09ce1cc13da6548df94e1d2d451b4be2c3c1c34f6995234cd38836995238339872d0f69952382738733dbcb7ee3c2a43e
1659bf71c211e0e19bf71c38100da7259bf71c35be0db1cb4eacabb2b7971966fdc70c6783726fdc70e082369b166fdc70df3836a1eeb4e2ba2318312cb37ee38423c1c337ee3870201b4e0b37ee386f9c1b52f75a715cf08c1932cdfb8e18cf06e0208951a3823ab92cdfb8e1be706d409c9955924c62dd
2bfbc2e31eb54723bc2e32187271513fbc2e3214947162196563b601fa6f2fef0b8c83151c62f0b8c8628fc5413ef0b8c85eb1c55001d1649519f2e717f785c6418a8e33785c643126e2a13f785c642d48e2b200e8b24a6bf9741fde17190a4a38b110c370d1ec639c3de17190c1838a90d450e91da90cb3
2f685ac37fe52e2285ac382f0ce1433685ac382bb2e153c53235554219c53da16b0e07d4b86216b0e0bcb7850a1a16b0e0bb2b8512f3a1639862a6321ed0b58703ea5c310b58705e5bc2852d0b58705b85c29179d0b1cc3153193b42d61c13c970b2788564cfd6ab56342d61c176570a239c1f23da9fab21
203d1fddadd129e3d1fddafe129d8003d1fddafe129d804f680082d1118700f47f76bf84a76347f76bf91075fd0f47f76bf84a7600d442c7de225323007a3fbb5fc253b3a3fbb5fc673aff07a3fbb5fc253b026a2163eef0299201e8feed7f094ec228c64974d5fa041e8feed7f094ec020fae1e39d1983b
3bd02b94a5fd564102b94a9d7363113d02b94a99956322cdb28209f6877a2f40ae52a45558d00ae52a760f8c43340ae52a72b58c53a02742558010db37a05729501aac720572953ae6c6223a057295374ac633d013a12a9f086e1e815ca54ccab1907cf2e36a300a792815ca54e98b1892d925f62d312fc2
06a29ee059e6cf2229ee05a520f1e62a29ee05a28cf1f2b2b1ccfae1f3f01a8a7b81679b3c80a7b8169507c79628a7b8169273c7a2ebeea5a97790990d453dc0b3cd9e4053dc0b4a83e3cb1453dc0b4939e3d375f752d49ac84d3514f702cf367903044c89d42bede8114f702d29078f302300eea914c275
12ee13c970969f52e13c971cbff4b52ee13c9719e9f4c182f58165e621490bb84f25c67a7d3384f25c7383d2d23b84f25c6fe7d2e26f9a2fdb4c7bf225dc2792e12d3ea1c2792e39c1e9691dc2792e37f3e97137cd17eda63df917709e4b8cf4fa63da92d8db42cc863709e4b8e3efa5b00e863fc2e1d100
188624cb7087bf90624cb721bff89e08624cb7213bf8a30357e95a7585ff2218932dc63efe318932dc86ffe278218932dc84efe2814be5755f85de1f310c4996e10f7f20c4996e437ff13c10c4996e4277f142a5f2baafa1ef100431265b909dfc53d195492c47f76a031265b90dffc4f1d89b5aa0c389c4
0f7f8f7f80000003f8f7f80359fff337f8f7f80c5fffd38f7f8001ce00993dfe3dfe00000003e3dfe001ce00191fe3dfe03ddfff123dfe0001ce02911eff1eff00000003f1eff002d600052ff1eff01cdfff931eff0001ce01413bfc7bfc041ffff3c7bfc001ce00493fc7bfc039bfff207bfc0001ce0531
000000000000000000000000000000000000000000000000000000000000000000000000000000000000000000000000000000000000000000000000000000000000000000000000000000000000000000000000000000000000000000000000000000000000000000000000000000000000000000000000
20275cdeb698531275cdeb8a8530800275cdeb8a8530835cdeb8aaa507f7009d737ae2a14c21d737ae2a98c1fe09d737ae2a14c201c7984770a975ce004eb9bd7150a610eb9bd7154c60ff04eb9bd7150a6102b9bd71558c0fed013ae6f5c5429843ae6f5c553183fc13ae6f5c54298402a597e1f2e8a406
1fe02328c547ad0202328c7538cf813e02328c715acf902328c7559cf8083f808ca3193eb3f008ca31d5673e023808ca31d1cb3e103885b88f148a333fc046518a8f5a00046518eab39f013c046518e6d59f1046518eab39f0103f011946369d67d0119463aace7c0430119463a7b67c115aa41e0c935c04
3618c70f562735318c70f59a235228218c70f598135230c70f59a3c1227a18631c3d64fcd49231c3d668cf489f0631c3d6688d48a0f1977a9944531d2c318e1eb06e6a5318e1eb3446a4500318e1eb3446a45310393ebe59ba5030c6387ac9f9a9206387acd1e0913d0c6387acd11a9141e32ef53288a63a
0a35f2ae170970f35f2ae17ae70ed8235f2ae178d70ee1f2ae17b1caed7328d7cab85c25c3c17cab85ec623b5d0d7cab85eb9c3b61b4006759a450e9146be55c2e12e1e2be55c2f6101daf06be55c2f5ce1db2b75f08b20dbb7f11af9570bc6b8772f9570bd8c476ba1af9570bd73876c36800ceb348a1d2
09eeb8f825b8cae2eb8f82659aadd91eeb8f8263ccade2b8f8265c80dd8527bae3e096e32b83ae3e0996eeb7623bae3e099352b7739a692c8d3fb17b13dd71f04b7195c1d71f04cb775bb13dd71f04c7995bc3efd5c1412245b20f75c7c131e656f35c7c132e1f6ec3375c7c132ac56ed334d2591ac162f5
35d18d5964d68f2118d59684d6f1291d18d5968308f1318d59684e77128c174635659fba3c5063565a139dc4a33463565a1043c4b1c03af17f11aa8a2ba31ab2cdcd1e3231ab2d09ade2523a31ab2d0611e26048aff74db044822e8c6acb3f7478a0c6acb4273b894628c6acb424a789538075e2fe235514
2cb8324997687203832499a46b1f4e0b832499a3e71f503e26837373d1ff32e0c92665e1c7e20c926692727d352e0c92668f9c7d415c5e3811413ecf1970649332f0e3f306493349183e9b1706493347ce3ea2ae2f1c087f9f6825c1924ccfe38fb359f53d0720c7ee1c1924cd2358fa7377ec004046b01a
0d67ab40300042327ab4030dae22cb167ab4030c6422d201c27308731214359ead00c00108c1ead00c373c8b2a19ead00c35b08b31458f9c173a0e781acf568060008460f568061b9e45952cf5680618c845a0a2c7ce0b9d073c2b3d5a018422117304f1f87b03ef6f33d5a0186b6116635bcd5821e943d5
3351a14941ad7f111a14944fb1f033351a14944c57f0410bb7f75e4908ca0d4685251315fc106852513f09c0cb146852513dbfc0d0983d17a688162026a34292877afe123429289f63e0662a3429289ccfe0704c1e8bd3440b101a8d0a4a262bf8231bc845d43922d928d0a4a27b7f81a2e5568bf6a88afe
142adb61968db142adb6197d7b13b002adb6197d7b13b20aebe8780e748c10ab6d865e56c4f2b6d865f6704ebe0ab6d865f5ec4ec04cd7139e29930d2855b6c32d1b62815b6c32fb38275f055b6c32faf62762266b89cef3c9872156db0cbcad89e106883d6f95ab86156db0cbebd89d8100d6b5b9e0180f
0de64c1e0c6fe7e264c1e0d52c7dc91e64c1e0d35e7dd0ee3be5871432f43799307831bf9f819307835535f722399307835199f73397c8245ee50af51bcc983c18dfcfc0c983c1aa9afb913cc983c1a6bcfba3cbe4122f51857b2f3260f0679f3ef38d3795287ce03733260f06a753ee52c867ba3ffb23f6
12c88e6590b95f8088e6591eebf7b52c88e6591c15f7c0a23704960650e60b22399647057df22399647bafded4322399647897dee21f7ed82af750a325911ccb2172bf0111ccb23dd7ef6a1911ccb23c4bef730fbf6c155aa8521644732c8e0afbe1fc0f25a1be1c63244732c8f54fbdb28a2153abd2428a
01ecaa5639095962caa563926395f91ecaa56390959600198248c020358907b2a958e42565832a958e4a1257e23b2a958e467657f32783530b550fff03d954ac7212b2c1954ac725092bf13d954ac7212b2c0393c1a9858988000f6552b1c84acb0325d93c885fd6a636552b1c910cafd17e588622f2f91a
1baa20d37dc97af2a20d37f8f3ae923aa20d37f557aea2ff5ff6d002e5362ea8834dfb45ebb28834dfe452ba462a8834dfe1beba5399bbb0fd1d9e07375441a6fb92f5e1441a6ff2295d2335441a6feecf5d33ccddd87e6dcf041d51069bfaabd751cf994fe72fa705151069bfc79d74927447d1dc350993
00000f7f8f7f800000f7f8f7f800000000f7f8f7f800000f7f8f7f80000000003dfe3dfe000003dfe3dfe000000003dfe3dfe000003dfe3dfe00000000001eff1eff000001eff1eff000000001eff1eff000001eff1eff00000000007bfc7bfc000007bfc7bfc000000007bfc7bfc000007bfc7bfc000000
000000000000000000000000000000000000000000000000000000000000000000000000000000000000000000000000000000000000000000000000000000000000000000000000000000000000000000000000000000000000000000000000000000000000000000000000000000000000000000000000
1eb3e0275ae420c33e0275cdb60b862b3e0275cb220b93e0275cde78b8543acf809d6fb082f0f809d7379e2e152cf809d734c82e23809d737aa8e14d3d67c04eb5c841827c04eb9bae170b167c04eb9a641713c04eb9bd3370a7359f013ae38105d1f013ae6f3c5c2a19f013ae6db05c33013ae6f593c299
214c1fe021035f50c1fe02327ff47b14c1fe023135f4801fe02328c547ad05307f808c4d7d2307f808c9ffd1ec1307f808c8f7d1f07f808ca3151eb402983fc04626be9183fc0464ffe8f62983fc04626be9003fc046518a8f5a0a60ff01189afa420ff0119441a3d7260ff01191efa3e0ff0119462a3d68
232b7618c4cb0c92b7618c70c8c87432b7618c6db0c8837618c70f2087360cadd8631b6c3222dd8631c3a721ce0add8631c32321d1d8631c3d481cd50656ec318db619116ec318e1d390e7256ec318df8190f2ec318e1e830e6b195bb0c636d86441bb0c638790439b15bb0c63864643a3b0c6387a9039aa
1a3c4a35f0fd34f3c4a35f2aa34e9823c4a35f28934ea04a35f2ae12e97128f128d7c814d3b3128d7cab533a5d0f128d7caa8d3a6128d7cab84ba5c43478946be1fa69e38946be55889d2f078946be55469d30946be55c25d2e211e251af9449a752251af956e874b91e251af9551a74c251af9570974b88
1cd489eeb71c7381489eeb8f6d378d0d489eeb8ea7379089eeb8f81d78cb335227bae091cdf1227bae3df6de3335227bae3a9cde4227bae3e075e32c39a913dd6e38e702913dd71eda6f1a1a913dd71d4e6f2113dd71f03af19626a44f75c5439bd244f75c7bedbc662a44f75c7959bc704f75c7c12dc657
25c3b5d18aea4b203b5d18d592b1691c3b5d18d3c4b173b5d18d592b1690170ed74633e92c60ed7463564ac5a430ed74635332c5b2d7463565725a3d0b876ba319f4963076ba31ab2562d23876ba31a78962e36ba31ab2982d1f2e1dae8c67d258c1dae8c6ac958b4821dae8c6aa858b51ae8c6acb26b479
1e382cb83056fb7382cb83245fb6882382cb83224fb6902cb8324997687238e0b2e0c57bedb20b2e0c9244da1d0e0b2e0c917eda20b2e0c9265da1c83c70597060adf6e305970649016d0f0705970648bf6d10597064932ed0e431c165c18f17db50165c1924cbb4391c165c1922fdb44165c1924cbb4390
3ef74d67a731407374d67ab3ca06052f74d67ab0f406134d67ab3ffa60433bdd359ea9250191d359eacfee18113dd359eacc101821359ead00af81093dee9acf528280d2e9acf567d60c091ee9acf566080c129acf568036c08537ba6b3d566a0313a6b3d59fdc30223ba6b3d59c4030326b3d5a015f0212
0a03f351a0a403d03f351a14903cd8203f351a12803ce3f351a14903cd80280fcd4682900f40fcd4685240f36000fcd4685240f363cd468524d535fd1407e6a3414807a07e6a34292079b0007e6a34292079b3e6a34292499aff101f9a8d09401e71f9a8d0a481e6c001f9a8d0a481e6c39a8d0a49ec6bf9
093b142adac94913b142adb5dc90dc13b142adb4d490e3142adb61650db224ec50ab6b252442c50ab6d838436d0ec50ab6d772437050ab6d865a36c512762855b592922362855b6bfb21b72762855b69a921c22855b6c30c1b6309d8a156da6a48718a156db0b286d91d8a156daee486e0a156db0cb46d8a
00608de64c17d43208de64c1bf42ff0608de64c17d43008de64c1e042fe801823799305f50c023799307810bfa1823799305f50c023799307810bfa000c11bcc982fa86011bcc983c085fd0c11bcc982fa86011bcc983c085fd003046f3260bea18046f3260f0217f43046f3260bea18006f3260f0637f3f
1a8212c88cb02fc0212c88e656fb9628212c88e3c2fba212c88e656fb9602a084b2236e0bef084b223995bee582084b223974bee604b22399642e57e3504259119605f80425911ccadf72c10425911cba5f73025911ccb2172bf1410964471e17dd109644732b7dcb00109644732b7dcb09644732c85cafc
1a9a81eca89f43d1a81ecaa5483c9629a81ecaa2b43ca281ecaa560fc95a2a6a07b2a69d0f32a07b2a9562f25726a07b2a9310f26207b2a958c32566353503d9513e87a3503d954a90792c13503d954988793103d954ac6192b314d40f65515a1e5140f6552b07e4ad0d40f6552a41e4b00f6552b1c84acb
1a145baa1f252fb145baa20d22fa982145baa20b12faa05baa20d379a97b28516ea880b4beb116ea8834cdea5f0516ea88348bea616ea8834de6a5ec3428b7543e4a5f628b75441a45f530028b75441a45f530b75441a6f352f610a2dd5105897d522dd510699bd4be0a2dd5106917d4c2dd51069bcd4bd8
07c000002c5f8e90000000f9c6f7f13c000000fc18f77000000f7f8f7f801f0000004e7e3d40000003e0ebdfdc30000003fcc3df1000003dfe3dfe000f80000037bf1e20000001f17defea38000001fc51ef5000001eff1eff003e0000007bfc7b80000007bfc7bfc020000007dca7bf1000007bfc7bfc00
000000000000000000000000000000000000000000000000000000000000000000000000000000000000000000000000000000000000000000000000000000000000000000000000000000000000000000000000000000000000000000000000000000000000000000000000000000000000000000000000
36d28d02fbee30115c6eea9b09f10106460797893238a11eb3e0274a64211b4a340bfc18c01171bbaa6c69c40319181e5e24c8e2807acf809d6b90832da51a05fbfc6012b8ddd53613e2020c8c0f2f126471423d67c04e94c8423bd63e644d26df728f59f01384321132303cbc4991c500f59f013ad72106
08ed72fd04194ff2a3911564ea0f7935b9f8687325c7f2e14c1fdff3a36023b5cbf410653fc28e4455942c3de216e7e1a1d8f71f9385307f80528d7e11dae5fa08329fe147222aca161ef12b73f0d0ea6b8fd1c2983fc02946bf0229c19baef520a170a60feff9d1b02dcfc343b1ee3f230a60ff00e71afb
0e8dfff243c40ea26533f22b36f2de31d4b55187f40ea1e32b7618a7eb0d1877b1169cbb2f5378cadd85f87ac40752d5462c303a538cadd862e1ac331d1bffe487881d40ca67e456afe5bb23a96aa314081d33c656ec314fd61a18ea5aa8c3fa0752f195bb0c32f58726aab210cddccbf3195bb0c6055865
21f9bafed60c1c42299b30a790442c08e1688febad0da05a3c4a35ecdd352ee910fa48badae3168f128d49b74e2385a23faeb4368168f128d7b374d403f375fdb03838705336614f62885711c2d11fd75a1b40b478946bd9ba6a0470b447f5d686d22d1e251ad56e9b206cb22c01479bd2d1e251af66e9a8
0acd900aac188e13bdd5dc9a170b7100da7bb85177e7121cd489ee961c7404341b2bd897ce008735227ba5871d0369eee145df9c40735227badc71ce159b201558311c237babb9347016e101b4f770a2efce2039a913dd6e38e7206d3ddc26abf3910e6a44f74b0e3a2eced63e1222e100e6a44f75b8e39c
062ab5042dc64743b35b0092c7be7a1c6f666637b6fdc3a5c3b5d1512a4c3a6b22c339ee27f0e970ed74544a9331bd9998e2fbf6f2970ed7460aa92d0c556a085b8c8e8366b60125d17cf338decccc6f6dfb834b876ba2e454970e37b3331bdb7ee1d2e1dae8a895260a19c5852a58beb12e1dae8c575259
100da22a34c3d0f16277bd1c65f1033a40805e0f5c20525e382cb80b36fc3e90201780bf0820978e0b2e02cdbf1b835b755eb157f178e0b2e0b0dbee356a9bb82d3038f24bc70596e066e0179f220e4077f720bc705970586df73d20402f059e10312f1c165c059b7e2b13bde8e11f8822f1c165c161b7dc
17080169381fead2b95db018f82bdb2070a6a54376a5a27ef74d67821141281c29a94ecda9739fbdd359af0451016ae7c00091e691fbdd359e8c450209ee0cea75544b83cfdee9acb682290ad57bca325b7c80fdee9acf46228110385352a1bb52d33f7ba6b3a008a135caed80c5b15ee3f7ba6b3d188a04
35bff06fc49c13800c004964c656dd2c72f8c208cad840ca03f3519444040b1cbe308232b6103280fcd46511013dd6e40adcc45173280fcd465110102848f5c82ea63b9219407e6a1188813c30db557cb548419407e6a328880816397c6104656c206501f9a8ca22022060024b2422b6f2501f9a8ce4201f
2a35d713d2457b1385227f1b7028a902d3c5c1f077ada3c93b142a9ce94a20b4f1707a0deb72f24ec50a863a53214dce705920325324ec50ab39a5253a5098de9b39acb379276285221d2a26b0c711ca3d6243927628557bd2930169e2e0f83bd6d1e49d8a154e74a53c2913f8d971455249d8a156b54a49
07016e16d1f40821f4a5feae5574e20adcb13b99e4a9c340608de61677d502b72c4ee6792a73d0182379541df604995386c8ce43f1018237991fdf510ef819018d286a91e80c11bcaa0efb34b026e9465b4cb280c11bcc6eefa9056e589dccf254e3a03046f2ea3beb0fa52ff572aba71203046f323fbea2
2e9760789735be024919535324a8f1195458d0dd02b7e11a8212c87c3030265516343530ae0046a084b21f0c0c2b7d8267f897adf06a084b2232c0bf398b847dc1ce55f0235042590f86060f5dc7d05305d81235042590f860600caa2c686e815bf08d4109643e18183248ca9a97154790d410964465817e
0d563cb06a649952d1156dcd6086631566a308f48406a0da9a81ec9c3f442559a8c23b1101b036a6a07b270fd134bee4b792a0e2836a6a07b270fd102c332f2aa30f16121b53503d7287e920d9179241b9dc11b53503d9387e880ab351847a4203506d4d40f64e1fa23688ab6e68f43322d4d40f6523fa1f
310589a9078e56c144330a77a0bd8e2c706d6331ff4a415a145baa0a85300b1c1b58cc7fd290568516ea82a14c1f174fa8ea31627168516ea86c14bf1f56fc0c8cb9bc902b428b754150a635c2b9744a7ede02b428b754150a60163836b198ffa520ad0a2dd50542980a219853bd05ec72d0a2dd50d8297e
07c7c7c01ce00e907c7c0001cef7f13c7c7c000420f773c7c00000517f7f1f1f1f0010803d41f1f000010bdfdc31f1f0001ce3df131f0000020bfe290f8f8f8018c01e20f8f800018defea38f8f8000c61ef538f800000e4ff0d3e3e3e0000007b83e3e0000007bfc023e3e0001ce7bf123e00000249fc69
000000000000000000000000000000000000000000000000000000000000000000000000000000000000000000000000000000000000000000000000000000000000000000000000000000000000000000000000000000000000000000000000000000000000000000000000000000000000000000000000
2de414ac1647de6274e97c375cd625375e8229226d1dd3f6d28d02be0e31379052b0615f7961d3a5f0ddf758921d7a08a496147713db4a340bbe38c11bc8295830afbcb0e9d2f86efbac492ebd045248fa3b93eda51a05be1c6134627bad1bd45203fb6946813e07193af411492c28ee23b6946817be7181
125c2b13e9b821a18f1283c8a32a530ca579d6d972e2c048ed72fcfff9500970ac4fab0086723c4a0f22cea94b3295e75b65cb8b0123b5cbf3ffe54024b85627d37043431e2507914654a6194af3adb2e5c58091dae5f9fff2a00d9f8252e00bae102476b97e7ffca8252bceb6cfb715f2476b97e7ffca80
00ddd256f37e5203625a3d18ad291516d1db9c773844d1b59024f1134e7921b6faa957843ce36d64093c13539f1b476e71e1011332d64093c48f39e301bba4ade6fca402c4b47a319c52292da3b738ee7089a36b2049e2269cf22b68edce398c2272dac8127868a73d0e93e4683b9e7da1ac8127896073c5
3a8920fbf68d4f431ffb02c8e773ca11d7c8620c803d43c0396c4c25d7121126a8eed2ffa6c2f00e5b12e875c5075f21883620f4f300e5b1315d5c45351241f7f13a9e723ff6059210e79323af90c419007a838072d8988dae2308ebe43106401ea1e01cb62612eb89281fb0bd0c0118c201cb6262fcb889
06379fc40132b0e25ed171e7153883377b774d9ada14302c8ddebd2eed9931dc5a1128e059530b2377af1a3b671deddd3677c85090b2377af4bbb6640c6f3f88026561c0bda2e3ce6c71052ef6ee9b39d42850591bbd7a5ddb323bbdbba6cb5d0a221646ef5e7676cd23d6b2e87a144991646ef5e9776cc8
3fe2ee690441ae2336f14e360c2b9337f2fcb3d92d6ae3df28900513fbde214c0856a45bc332f7ca240123fef81fcbf2cf7115ab537ca2401515ef753fc5dcd20ca35c326de29c6c5a57252fe5f967b67ad5b3be51200a69f7bb1bf97e59ec96b571ef94480289fdef263677f2426c2782f944802a6ddee9
0379abe59d0917e023137393d6603531011c1487508f8267f3942dc82a210c40470521d423e399fce50b408a893685ca4f3a6314c19fce50b7a4a8821c42af2efdbac6d3ccfe72857f45450520597b3060d580cfe7285bd2544118808e0a43a847c333f9ca16c3151121189b9c9ca301b2806d1151851e88
08ebf38fb108b860f88017991505133eafc90cc1837ee2711dc56781a4c82fabf2432e50dfc09c477159e069323a67715dfce54b81c477159e8a931e2db5f1376305e6b04e23b8acf034990753c09932952ef0e23b8acf45498f1f57e48660c1bf71388ee2b3c0d26427c400bcc69828a2b8400b499fff57
262292c74e5115623625c1efd8751c329d1e3a939af6836c5b7c04c627ec0ca7478ea4e6bda0db16df013189fb167f79ed0c24ca61b16df013de9fad090e3a7742103f526d8b6f8077c4fe08852646967584b2d8b6f809ce4fd7194e8f1d49cd7b41b62dbe026313f611b12e0f7ec3a8e1adff837e24e09c
007384f3a9af2d6360007c66fd4e5026aea3bf39b2d351771ae8e36f43ba39aba8efcb54b4e25dc6ba38bad0ef30b94665864cc8f1dc6ba38dff0ee726cbf49e45ed11632ee35d1c3c68782e66830c60d3ad92ee35d1c6de8774335751df9ac969b0bb8d7471b7a1dd1b0003e337ea728351aeb89e712bd9
0f2b27d29fce1b009041bb9478a2c10d784cf87fc5d7a0fa1c5c46ff55ca235e133e1de175f23e8717119ed5730f07c27a6052fb73e871711bfd57281f4b8c7928dc90531f438b88ae6aba39e75e63121da871f438b88dfeab9406bc267c3fe2ebd07d0e2e237faae524820ddca1b51610380b70b68fa041
07bc3df25bd1a27096f0ef74ecf08c2ba2306cfd80ff81f7fbd4e332a9e70ae88c1b3f603fe17dfef538bc2a7a34b4e0d87eb0cc63dfef538d0ca79b2bd53f7146e61ee0beff7a9c5e153d33f9770894026753eff7a9c66553ce15d118367ec07fc2fbfdea717854f404b7877ba767846174bb03c4b9adf0
0b71955661491630869fcd39da546a371c2d685eabd4b0334078b1e71fbd1dc70b5a16a2f5330cd01e2c4847f03b950e3543801aa0cd01e2c79c7ef42869e07690d80fd186680f162423f824442c511a2978206680f163ce3f7a3b8e16b42d45ea6219a03c58d28fdf0434fe69ced2a3526ab1e5833224cb
25a648b4444519c35023be3730edbc367c5e16f10b7a72191f97a51d88081d9f1785bb3adea08647e5e947620207471277ea822320647e5e94fa201e08987a23062742904323f2f4a3b10109da9adbccb73e50323f2f4a7d100f3b3e2f0b7675bd410c8fcbd28ec4041a811df1b9876de1882c4d483c72b6
0087c7c7c7c000007c7c7c7c83fffe087c7c7c7c000003c7c7c7c041ffff021f1f1f1f000001f1f1f1f20ffff821f1f1f1f00000031f1f1f01ce0029010f8f8f8f800000f8f8f8f907fffc10f8f8f8f80000038f8f8f80c6000d043e3e3e3e000003e3e3e3e000000003e3e3e3e41ffff23e3e3e01ce0069
000000000000000000000000000000000000000000000000000000000000000000000000000000000000000000000000000000000000000000000000000000000000000000000000000000000000000000000000000000000000000000000000000000000000000000000000000000000000000000000000
2086ade412936b106ade414abab07e086ade414a36b082ade414abed07df021ab790528dac21ab79052aeac1f821ab790528dac202b79052b0381f7a010d5bc82946d610d5bc82957560fc10d5bc82946d61015bc829581c0fbd04356f20a51b584356f20a55d583f00356f20a55d583f16f20a560b23ef3
1f79925c290c95039925c2b1034f83379925c2ada94f91925c2b13d0f8223de64970a85253f264970ac4d33e091e64970ac3053e124970ac4f85e0873ef324b852192a03324b8562489f052f324b855f729f1324b85627a1f0443bcc92e154c4a7d0c92e1589e87c113cc92e15860a7c2092e1589f4dc10d
1d1027dff57653d1027dff754d3c8c11027dff74453c9027dff755dbc8bc34409f7fd9f94f3009f7fdd576f22f0409f7fdd534f2309f7fdd576f22f03a204fbfeaeca7a204fbfeea9a79182204fbfee88a79204fbfeeabb7917828813effb8129e5013effbaaede45e0813effbaa69e4613effbaaede45e0
1eefd8c8d04b1062fd8c8d246705852efd8c8d21910593d8c8d2494658453bbf6323454c4173f63234922016123bf632348e84162363234925df61113ddfb191a09620c1fb191a49100b091dfb191a47420b13b191a492ceb089377ec6468eb882d3ec646924822c2337ec646921282c32c646924c00c221
2110e7f7ec54efb10e7f7ee756fa7c110e7f7ee64efa80e7f7ee7677a7bc04439fdfb993bea039fdfb9d9de9ef0439fdfb9d5be9f39fdfb9d9de9ef00221cfefdcc9df521cfefdceadf4f8221cfefdcc9df501cfefdcecef4f7808873fbf73277d4073fbf73b3bd3de0873fbf73ab7d3e33fbf73b3ff3ddf
22f098e0c729ac43098e0c9670c3752f098e0c939ac38098e0c96a2437440bc2638324e6b0e02638325a890dd13c26383256ab0de2638325a890dd1005e131c192735872131c192d2386e91e131c192b5586f131c192d4486e881784c70649cd61c04c7064b5121ba2384c7064b1761bb0c7064b5163ba1f
02629b5f9dc1fc5229b5f9de71c4f72629b5f9dc1fc5029b5f9de92c4f68098a6d7e7707f140a6d7e77a4b13da18a6d7e778bf13e26d7e77a5353d9e04c536bf3b83f8a0536bf3bd2589ed0c536bf3bc5f89f136bf3bd29a9ecf1314dafcee0fe2814dafcef49627b4314dafcef17e27c01bcd5f2ce848bf
09ac2301b6ee89b2c2301b78b49ada1ac2301b77289ae02301b78e1fad9526b08c06dbba26c308c06de3566b662b08c06de0c26b708c06de387eb654135846036ddd1361846036f1ab35b335846036ee5135c046036f1c3f5b2a0d61180dbb944d721180dbc6eed6cb161180dbc5a4d6d0475f9c7d8845c3
0c4bdcbe1d91a3a0bdcbe1e5bc39cf04bdcbe1e57a39d3dcbe1e5c479cee312f72f876468e82f72f8796f0e73c12f72f8795e8e74372f87971e473b51897b97c3b2347417b97c3cb78739e097b97c3caf473a3b97c3cb8d139db225ee5f0f0ad1cf1ee5f0f2e23ce7725ee5f0f2bd1ce813114963a7288ab
0a500d589619335100d5896c2534d72500d58969d334e00d5896c35b4d6c294035625864cd40035625b0d6d35b14035625af8cd36035625b0d6d35b014a01ab12c3266a201ab12d84a69ae0a01ab12d7c669b01ab12d86b69ad812806ac4b4e99a7006ac4b61ada6b62806ac4b5f19a6c0039c279d4d796b
008d824615f9bef0d82461601feefe08d824615f9bef0182461602c4efdd0236091857e6fbc3609185807fbbf8236091857e6fbc020918580b55bf73011b048c2bf37de1b048c2c03fddfc11b048c2bf37de03048c2c0589dfba046c1230afcdf782c1230b014177ef06c1230b00ff77f079593e94fe70d8
28d41120afbb6a3141120b25bca25d0d41120b24f6a2601120b25d1425cb23504482c72da8a104482c973489733504482c93da89804482c97450972c11a822416396d4528224164b7944ba1a82241649ed44c0224164ba284b9606a08905927b51320890592e6912e62a0890592bd512f23de1ef92bd8d14
2f18b15bce4ec9d18b15bd15649c44318b15bd124c9c50b15bd157d5c43a3c62c56f417b27222c56f455d4710f062c56f455927112c56f455f5710e81e3162b7a0bd9393162b7a2ac9388823162b7a28b9389162b7a2afab887438c58ade87164e3058ade8abeae21d0c58ade8ab24e2225b8caab2e948b2
04d60dc05660b04160dc056af103ed0d60dc056a2b03f20dc056b05a3ecb135837015982c101837015ac060fb335837015a8ac0fc037015ac1ecfb2a09ac1b80acc16082c1b80ad5e207da1ac1b80ad45607e01b80ad60f67d9526b06e02b305820306e02b580c1f662b06e02b55781f712d3245a22228ce
20000087e4a7c71000087c7c7c7c000000087c7c7c7c000087c7c7c7c0000000021f37df1ea00021f1f1f1f000000021f1f1f1f000021f1f1f1f00000000010fac6f8f100010f8f8f8f800000010f8f8f8f800010f8f8f8f80000000043e4ebe3dc00043e3e3e3e000000043e3e3e3e000043e3e3e3e0000
000000000000000000000000000000000000000000000000000000000000000000000000000000000000000000000000000000000000000000000000000000000000000000000000000000000000000000000000000000000000000000000000000000000000000000000000000000000000000000000000
25f4c352e4913fa13e086ade2ccb37253e086adbdacb43e086ade3d4b36c3a9ff7adc91c0ab0f821ab78f52cdb14f821ab77ab2ce3821ab79018cdad3d4ffbd6e27e05627c10d5bc59966e0a7c10d5bbd59673c10d5bc7eb66d7353fef5b96581551f04356f1ea59b629f04356ef5659c304356f20739b59
3a0b3cad536f0082c1f799259530ca1ac1f799240930d01f79925c290c95056008532b84f48307de6496d8c3262b07de649444c3307de64970a4325402b0042995c27a4183ef324b6c61933583ef32481261a03ef324b852192a0ac010a65709e9020fbcc92df3864b160fbcc92ca98650fbcc92e14864a8
09b5122715207bd30dd1027dcd11662b0dd1027b391170dd1027dfe9165426d4489c5481ef40374409f7fa45952c374409f52445a374409f7fa45950136a244e2a40f7a21ba204fbdc22cb161ba204fa9222d1ba204fbfd22ca83586e8813b8c88c06e8813eff48b2a186e8813ee688b32e8813eff8ab29f
0962a4a274f6ca43e9eefd8c4c90b23be9eefd88b090c29eefd8c8a70b11258a9289d3db2903a7bbf631f842c52fa7bbf62f2242d27bbf6323202c4212c54944e9ed9483d3ddfb18db216337d3ddfb158121713ddfb1919016211df4f77ec45848634f77ec643285891f4f77ec62648590f77ec646825883
293d2bf9f55ecd1016110e7f7d7b4f0416110e7f3b7b516110e7f7d7b4f024f4afe7ddbb3420584439fdf5ed3c10584439fceded4184439fdfa0d3bf127a57f3eedd9a102c221cfefaf69e082c221cfe76f6a2c221cfefaf69e0220b08873d8dbdb0b08873fbebda7820b08873f9dbda8308873fbf41a77e
03ab1d3df9cb6e80f22f098dfcfa9b14f22f098cb2faa322f098e095a9ad0eac74f7e72dba03c8bc2637f3ea6c13c8bc2636ebea708bc263831ca6b107563a7bf396dd01e45e131bf9f53629e45e131965f54245e131c16d53590a791784c6597d5391784c7029d4d72791784c6dd7d4e11784c706394d62
323cf385041f75f0ec2629b5eaa62000ec2629b5eaa622c2629b5f7061fd203b098a6b6aa993b098a6d7aa988003b098a6d7aa9883098a6d7e4587f2109c5f631fc28a51d84c536bd54c4001d84c536bd54c4184c536bf22c3f900761314daf5531361314daf9730ff0761314daf5531021314dafccd0fe3
20630d247b5ce871949ac2300164e91d949ac22e3364f149ac2301a24e8a176526b08a84d942526b08c04793a336526b08bced93b126b08c06cb3a2701c3cf84cef43be32935846002c9d23b2935845c66c9e293584603449d142eca4d611509b280a4d61180d127452ca4d6117dfb27524d61180d96744e
3ed64e93ecfd1ca318c4bdcbaecd1b1718c4bdca64cd218c4bdcbe04d1a425c6312f708933506312f72f8134691c6312f72db33472312f72f855468f29317d04e95e40c231897b979f9a352e31897b94c99a431897b97c09a3480b8c625ee5326690c625ee5f0268d238c625ee5b6668e0625ee5f0ec8d1d
0fc59dda1c472b932ca500d5550b94332ca500d23d0ba2ca500d5868b9342ccb2940327f42f0b29403561a2e4d0cb2940355542e532940356226e4ce0c28048e9ee1a542594a01aaec172726594a01a89a173194a01ab113726719965280691e85d1652806ac345c9a19652806aaa85ca252806ac48fc99b
17113d9f21cecb804408d8245cfd9c104408d82354fda0408d824611d9bf2411023606c53f711023609173f670011023609173f671023609184766fc37066ff51a16ef108811b048b9fb38208811b046a9fb40811b048c23b37e0822046c11aa7ed22046c122e7ece0022046c122e7ece2046c12308ecdf8
3f927727a9b416e1768d4111f301b725768d410fa101c368d411207a1b6b095da35043e84071da3504480e06db15da350446c406e1a3504482ae6da90920cc038d30cc42ed1a8223e6036e0aed1a8223620372d1a822413636d512bb46a087d080e3b46a08901c0db62bb46a088d880dc346a089055cdb52
37af5b04a67b4d618ef18b15a35eed0d8ef18b14dd5ef0ef18b15bc1eeca1363bc62c42f57c23bc62c56cf7bb3363bc62c53757bc3bc62c56f07bb2838e0433c2faf89b31de3162b46bdda1b1de31629babde1de3162b783dd9426c778c5885eaf80778c58ade0f7652c778c58ab0af77378c58ade51764f
10710317f3dc24e3f04d60dbc46e0c13f04d60dabc6e1304d60dc024e0b134fc135833971b93c135836fd7b82d0fc135836f11b830135837015982c13f3ed04587080553e09ac1b7cadc1727e09ac1b578dc2209ac1b808bc16129f826b06b4e3713826b06dff170591f826b06de23706026b06e02b30582
3fffe0001d67c713fe00000a4a7c713ffe0000255c7b93e000008995c7b93fff80001eff1e93f8000023bff1e93ff800003ed1f11380000220ed1f113fffc0001def8f13fc000012c6f8f13ffc00002dd8f813c00001115d8f813fff0000211e3d93f0000045b1e3d93ff0000060c3e313000004400c3e31
000000000000000000000000000000000000000000000000000000000000000000000000000000000000000000000000000000000000000000000000000000000000000000000000000000000000000000000000000000000000000000000000000000000000000000000000000000000000000000000000
276d93c7e589dcb3a592f5bdb599462ba592f5bb219951a5f4c352cbd1403ae964bd6bb06660697d30d4b2f4502e964bd6f4c6652297d30d4b7144ff1d74b25eb5d8333034be986a597a28174b25eb7a6332934be986a597a28035d2c97adb80ccb0d2fa61a965e8a01d2c97adedacca312fa61a972489fd
18924c3816566360586d0a420c6abb14586d0a40c26ac23a0b3cad326f0105161b4290309ab38e82cf2b1b1bc11161b4290729aaf0e82cf2b54dbc02228b0da146084d63c74167956c8de128b0da148184d5807416795aa6de010a2c3685206135631d059e5678378122c368520e5355e1d059e56a9b7804
296424a60dda4601419bff83e0ff6816424a6106e45f6019bff83f59f67b259092983fa917e1066ffe0fc5fd9f061b7955e49f65533824de1974b86b12c8494c1fd48bf28337ff07c1fed02c8494c20dc8bec0337ff07eb3ecf60b21253083722fb20cdffc1f8bfb3e0c36f2abc93ecaa27049bc332b70d5
137f26deb22615e2365245ef49e6e437f26deb32e15dc365245ef6ae6e380dfc9b7accb85770d94917bdab9b8e241ddd0c2c531591d9d3d1d0c692c926fe4dbd644c2bc06ca48bded5cdc72fe4dbd669e2bb72ca48bded9edc6f1bf936f59970aee1b2922f7b57371c083bba185cc62b13b3a7a3a18d2592
1926cbc11b95a5a028d7b71a55d076126cbc11d21a59a28d7b71a55d0760249b2f0472769670a35edc695741d8055ecae7f81bc7f1f0ab70a0b14396324d9782372b4b4051af6e34aba0ec24d97823a434b3411af6e34afc0ebf09365e08e90d2cd146bdb8d2ae83b00abd95cff0378fe3e156e14162872c
29f5a8ba1c2b80205b3a03725561571f5a8ba1ebf80161b3a0372598156f27d6a2e878ee00616ce80dc955855c1057deb5f3321dc3fd5bdf7a53774113eb51743c770030b67406e4aac2ae3eb51743d7f002c367406e4b302ade0fad45d0f5fc00b2d9d01b92ab0ab820afbd6be6643b83fab7bef4e8ee81
2568a765811da8a3791e0ef02934e70aee9fa7c7faa352d82383fefd50012ce9d90c5b43746358ebf32653a0b93cc577713757f210713d9d1e32164e36f3c724159eefc1b463a371caa3b51ee1965685b92e92408c786d98de8005f62a71ce0a873173ff6bde1f7b591c47cb156b56dcc189f9f249802857
3a8e06ad57b439109908b13a8dcfb6161d256ea559a6206456bd38665cbe00110cd404221ba3c1b1e6d38452521a652ad9dfbb6d71b06446d5fcc0483619c29687a2dd2141ecb6325d461d2343d199777f86003945e633997d18011fcee3dc5ea253933f21648c4b543ad981b65a004d03a204a65b1eca50
0389863e4ea2b8017c57109970af3b0cb9364357134511077e2f7f236ffc38930fd8e69fa110982bb0610808fb16bbfc4a3a62a5b25b6af1ca6f19073297ec59a46977a1b0fc1f03959eef21ac62924e4af9f2929bbfb84926f51caaff8edca349a3e8a55e9282527022311cf1fc9f20f291cc2dcc354e74
0f65caff6a085791df306f9f8bb48a1ae4292d6fb260503b7e8d66b617112b4bddd56983f2f2580cdbfa86fb721732df71ad9007f3a81de15940c4b10b685ed93a63fd42882d6ce57c9df6015bdfa75c6a07c13035ef94fa8295033484853d7b33f379e6459b732bc624bbf36b7fefa8212205efe8881920
0b5ef8d017cbe942b9a081d0ac5a691cebc7a0f230eb5209cbc7042ccbfd3547eef9da99b6836342c2daec0aba3d8da1591f09cc60c51749665991e51fa1e65706112a9201804f0f024a5223c4bf86a8493582b26a9254980de83373d2aa8fccc50354c4d12381aaf43acaf2e89c1722a068aaff57823167
0089ebd470a718d3e614494630c10b00019ebecd8906e1d772abe31b883f0d3b76034f344870498d903294827b11b0154f94db3000786454d2dd92420b0fb55d12d6d0406be66dcffe0bfe2d4a0503339a44128351d0200193e22472c9bacff12f8132d8fba8418ee023a29ca59cc2b463b574138678d5f7
166d1dffc02b4e20ac356a4c10e5f52e11718ca89f8df3374fbdcaa70a120e5ac84f22af5ae1fb3aae3221b9fb00d473821b5cbc616629cc222a1092365bc9325eef8b41f083a7c60b5ada2f989ecbdb463c03a5fb36bdee862626371dd123f7a4c08e8e2f926f02e51490105d302f0d72ca948778185c8f
156a7e0b25dfb993ae678a388a45e716c0038c633c4112e7fad12b4a68e808e1ff24ffc56e41ed1e986931801a147457ce2c56f933372fde776202ee0931c62bef2f2ea1429bb5cb8d87852efaf2808367f421e7a458d2a5c8ef3020c85f9eda9811c009d22c99fbec023402eb35aea6b0377baf28aa19af
3fffffffe41ffff3fffffe01ce08713ffffffe1ce00793ffffe001ce87b93fffffff9ce00193fffff801ce21e93ffffff81ce02113ffff8001d01f113fffffffcc6000d3fffffc01ce10f13ffffffc1ce01013ffffc001cf0f813fffffff1ce00393fffff001ce43d93ffffff01ce04313ffff0001d23e31
000000000000000000000000000000000000000000000000000000000000000000000000000000000000000000000000000000000000000000000000000000000000000000000000000000000000000000000000000000000000000000000000000000000000000000000000000000000000000000000000
0c461aa82b8998b061aa82c53b8acf0461aa82c4f98ad1676d93c7d0e9dd31186aa0ae2662c359db64f1c2ba781186aa0b13e62b419db64f1f85a773188c355057133161acedb278e15d3c08c3550589f315a2cedb278fa1d3ba2230d541606cc572b3b6c9e3c774ef230d541627cc56833b6c9e3f0b4ee6
33b9e557b05667639e557b3a8275323b9e557b36e6754298924c37ed16640ee7955ecdb99d50a624930dfb45992e7955ece7f9d4d2624930e038598e2773caaf64ccceb253124986dca2cd373caaf671ecea71312498701c2cc71dcf2abd9b733aa14c49261bf68b321cf2abd9d413a990c49261c0b2b31b
023b845522df5f12b796f0abb8910523b845522df5f103796f0abe1d104608ee11548b7d7c42de5bc2af6644123bf3651a80e5abd0b6e12815891f93047708aa45bebe216f2de157b3220907708aa4600be1f2f2de157c7c208b11dc22a916faf881bcb7855f0e882337e6ca3505eb57916dc2502b123f26
1650b0fb3433d2534ef40e12fbadd9250b0fb357dd24b0ef40e13314dd831942c3ecd4ef49313bd0384cb4b7611880642cbc2231600245dac1dc4ff72ca161f66867a4a29de81c26395bb10a161f66b3da4951de81c26629bb06328587d9a9de926277a07099696ec23100c859784462c0048bb583b89fee
3dc47baab900a10203d65116a985e41c47baabcdea0f103d65116ca85e383711eeaaf06283d00f59445b2a178e2ccac54fe75a9db0b051efbd5a9ef83b88f755762141f007aca22d950bc7388f75579bd41e207aca22d950bc702e23dd55e4e507901eb288b6542f1c19958a9fd2d53b5160a3df7ab53df0
29af4f04a7ac2dc3f59eac29dc3b591af4f04aa402db6359eac2a1a1b58126bd3c12a6f0b6e3d67ab0a836ed613ec17158cf3d85d296860d6afdf787135e9e0953785b73eb3d5853fa76b135e9e0954805b6c2b3d58543856b010d7a782552016db3acf56150afdac13d82e2b1a29b0b912d0c1ad63def0d
267fcb80e02a30b3c967e2bf61c930273ee97b956537a3dcc0c0f2c8949019ff2e0388e8c2a09a13426377f1dc2e069ec07542433083b290eda128890cff9701c474615254f74b103bcc47178229fe24ae572049c6f25571679d3ff15508ee14ad03f64e0a57e41da13eca19b3e30b7f133332e50a88c09e
3032c31227c04d503ff0428f4ea7041dc40cfff9967d72d2cfd283efd1a000cb0c48ab6135125d502c2687af8a3900c91f30aecab36a489c04a693ce2065862453a09a908fbbd8dbdef4b93291a0bc1ff934a1163810caee66db0ea0fa908e14d870ca7bac0a9305c43810be41000707733583f83337bebd
13d071efe03ac5f32354a538056efd066033d7f62c04d377577969fb6c160f41c7bf850b17b3342202db9d08023d57f29cb2a5a4c01ad0197695096c27a0e3dfc0758be0fef74841011e7214fa5dbb8c7c7973724e538e3b1f2839d15549a39c1b412092038830507c2f690996f1451f03813278c565b032
24d3711a3be8d7e13973dc36f3384a1a3e6c9a0719e411dfb556dc685314134dc468f7e35f63c11a8e57e30a73149bed240b2e16f238f907308db4bb09a6e2347bf1afb13cb446144ba576001066808b390f4078a38280a0fa9a2d0e11b9c895de124c01aa566d49c71f8e0ed03b2bc623d75556e36862fa
1485bf07e39009d007ebdc0cb8a4f81e3a12fb2dfb35e2ee816ac21b74f81216fc1f926027309c702bca9934f802c6cec21252f69057edd85e5635d0290b7e0fc72013a09e170386d8df712661563b1fddcaa07bd5d9d0b75fdd1dbb6f5743b12f31c71fa30299ff71053d4dba7e897710aad6b4224aa43f
1b35562e792566f1fcc147baeacf3e32184bbd3ee915234242932cac6b772cd558b9e8b59bb0a4418a04f8bb491a0ac94966bb68d223a3f1f9631f21366aac5cf24acde099406ab930286511775f001e9a607158f19eb3655a513e5ceba92fa54ba1e840ef4d0a007c34580499408326004b6f045a390387
0760b89983a21c91b38c7c71adc0b13f18c89ecd3468b3acc0e0257cb5ce1d82e2660e8872421896f6c8d724ea04f1cfcab1d027533bee558d80bf820ec1713307443923ff31cc1145105211a74cf0288ff17090dd7b73dbdd9d2dfae2ccdd7e7650c946c0bfd9d8c31ccac8ee5d15e353a64f40aadad84e
24386b396f3a57128c502108c3b34f359dec233165ae80c6843e2dd93f6c10e1ace5c5295c2164c0f3a9d535bb0febfa296d3caed2b1559281195d000870d672e294ae12fe6ce36bbe62562cb6c3ae23dacef1a4b732d78175f815d060c9a5cf90a0af4e88ade1672e392347a1b35a1202f76059f002c545
000c7fffffffe000c7fffffffe000000c7fffffffe000080000000a5fffd0031ffffffff80031ffffffff80000031ffffffff800020000000297fff40018ffffffffc0018ffffffffc0000018ffffffffc0001000000014bfffa0063ffffffff00024000000031ffff063ffffffff000000000000151fff7
000000000000000000000000000000000000000000000000000000000000000000000000000000000000000000000000000000000000000000000000000000000000000000000000000000000000000000000000000000000000000000000000000000000000000000000000000000000000000000000000
199d4c46190188f1d4c461aa648e9a19d4c461a8d88ea14c461aa816e99926753118682623b3531186a9d43a6727531186a7823a7131186aa09da663333a988c320311e3a988c354c91d3433a988c351b11d42988c35502dd3320cea6230d46c4752a6230d53ea74cd0ea6230d532474d26230d5413b4cc6
2662b3b9e2de57222b3b9e55577167262b3b9e53057172b3b9e557871668198acee793b95c60acee7955e1c59a18acee795455c5a2cee7955ea0599e0cc56773c9dcae3056773caaf0e2cd0c56773caa2ae2d16773caaf502ccf33159dcf2772b8c159dcf2abc38b343159dcf2a8ab8b419dcf2abd82b33b
0283c23b842ba5003c23b8454e4ff6283c23b842ba5003c23b8454e4ff600a0f08ee10ae9400f08ee115393fd820f08ee113293fe308ee115459fd7d0507847708574a007847708a9c9fec1078477089949ff3847708aa0bfebf141e11dc215d2801e11dc22a727fb001e11dc22a727fb211dc22a8f5faf9
30b6d650add76ce36d650b0f7acd3e0b6d650b0ef6cd42d650b0fb06d3d302db5942c3bdb351b5942c3eb134f52db5942c3bdb35035942c3ec9f4f4a216daca15fced9b2daca161f379a7b16daca161ded9a81aca161f64fa7a505b6b285877b66a36b28587d6269ea1b6b28587bd669f2b28587d9809e93
3d7c3dc477b43b13c3dc47ba6db00b17c3dc47b923b0103dc47baab900a135f0f711eb30ec130f711eea7cc0291f0f711ee8aec030f711eeaae402843af87b88f388761387b88f751d60152f87b88f724760207b88f7557201422be1ee23da81d8121ee23dd53b80513e1ee23dd15d8061ee23dd55c80508
0f4929af4e087330929af4f04132c334929af4ece732d129af4f04972c2e3d24a6bd3821ccc24a6bd3c104cb0c124a6bd3bffccb10a6bd3c129eb0b71e92535e9c10e6612535e9e0826586292535e9ddee6592535e9e092e585c3a494d7a7463997094d7a7824b96172494d7a77ff996214d7a78253d616e
173d667fca016d93d667fcb7ced8a433d667fcb4b6d8b1667fcb80cb8a311cf599ff2c25b633599ff2e001628d0f599ff2df3b629199ff2e037028c32e7accff9402db23accff96fdfb14727accff96d8db152ccff970197146239eb33fe584b6c62b33fe5c044c5191eb33fe5be76c52333fe5c06e05186
3ecaf032bf061670af032c311766052caf032c2e416612f032c311fa604e3b2bc0cb08785992bc0cb0c45d981432bc0cb0c1459823c0cb0c486d81363d95e065822c2cd15e0658622ecc0a195e065860a2cc11e065862436c09b365781961510b31178196188fd30272578196186ab3033819618911d026b
14e853d07096e822853d071ed481ad0e853d071e0e81b053d071efdc1ac613a14f41c67ba07214f41c7bd606b23a14f41c783a06c14f41c7bf706b1829d0a7a0e12dd0410a7a0e3deb03591d0a7a0e3c1d0360a7a0e3dfb8358c27429e838cf740e029e838f7ee0d633429e838f4940d729e838f7ee0d630
1ca0a4d36f41e3b20a4d3711823a8e0a0a4d3710fe3a90a4d3711a33a8d83282934dc1278eb02934dc468cea36282934dc43f8ea42934dc468cea360394149a6de83c760149a6e2346751b14149a6e21fc752149a6e2346751b02505269b866f1d505269b88d19d46c105269b88c11d471269b88d1df46bf
3fd8d485baea6b418d485bf064b3013d8d485bec86b310d485bf07d7300a3f635216f809acd235216fc1d4cc033635216fbe7acc135216fc1f5cc0283fb1a90b79f4d6731a90b7e0c966023b1a90b7dd2d6611a90b7e0fae60143ec6a42df43359906a42df83eb98052c6a42df81159812a42df83efb804f
2a645b355373031245b35562c230572645b355607030605b35562e75056729916cd5560c0c2116cd558b8cc15a1916cd558a00c1616cd558b9d4159c14c8b66aab0606108b66aac5c660ad0c8b66aac50060b0b66aac5cea0ace1322d9aab03818322d9aab171982b4322d9aab140182c2d9aab173a82b38
378dc760b504e0d0dc760b898a0c2238dc760b85ee0c31c760b89966c21d1e371d82e073831371d82e262830882371d82e241830931d82e265dd08732f1b8ec16e29c191b8ec171314184431b8ec170ffc18538ec17132cd843a3c6e3b05c0e70622e3b05c4c92610f06e3b05c4c5061123b05c4cbfc10e5
16a3e43869c3e1623e4386b37215a62a3e4386b0de15b3e4386b39315a581a8f90e1ab2f8570f90e1ace4c569628f90e1acbb856a390e1ace58b695d2d47c870d387c2c07c870d67262b4b147c870d65dc2b53c870d672a4b4af351f21c3565f0ae1f21c359c98ad2c11f21c359b90ad3321c359cb58d2b9
27f0000c883fff630000c801cdfff13f0000c8251ffef0000c800107ffdc1fc00032293ffee000032001cdfff13c0003201cdfff100031ffffffff800fe00019149fff3200019001cdfff13e0001900c5fff500018ffffffffc03f800064107fff40000640018bffea380006401cdfff100063ffffffff00
00800000000000000000000083fffe08000000000000000000000000000002000000000000000000000000000020000000000000000000000000000001000000000000000000000107fffc10000000000000000000000000000004000000000000000000000000000000000000041ffff000000000000000
11b389238b037203389238c2431fba1b389238c0b71fc283abfea89b8c8406ce248e302dc7f0a0eaffaa26e3212ce248e306fc7ef166753118538624236712471606e402c541d64c27956036712471816e3f80b33a988c29c3120d9c491c605b8fe141d5ff544dc64219c491c61218fdd2ccea6230a70c48
2d3c76dc70dc8e13c76dc73c30e04c13c76dc73b28e0517c5401561a736134f1db71cbb238235f150055551cd90f1db71cf0c38132998acee76a795d1a78edb8e5d91c133abe29b3546aa2278edb8e7651c0a34cc56773943caf29e3b6e39b847032be2a00aaec39b11e3b6e39e187026133159dcf16f2b9
155d1e29e8b195c361c04eb23cb50c15d1e29e9fb95bb00283c23b842ba5157478a7a6e656f087a22b58aa5f1617478a7a83056eb00a0f08ee10ae942aba3c53d1632b8043d115ac552f8b2ba3c53d3f72b7600507847708574a2ae8f14f4dccade10f4456b154be2c2e8f14f5060add60141e11dc215d28
071bcf8efd278653d8fddb00d5b59731bcf8efd69864f0b0b6d650a5976d1c6f3e3bf49e19429025219856bc3406f3e3bf66c19392c2db5942965db40e379f1dfa4f0ca1481290cc2b5e1a2379f1dfb150c9d1616daca14b2eda38de7c77e93c3281204a4330ef78670de7c77ecd83272185b6b2856ebb67
39d43070feb879c3270224fea64a6b1d43071025479b23fd7c3dc439d43c2750c1c40741e6d19b67a36c6d9eb8350c1c40993e6c73f5f0f711ad50ed33a860e20190f370cdb3d1b636cf5c3a860e204a8f3643faf87b88b5a8770ea1838812a3cd9336cf46d8db3d702a183881369cd8d3ebe1ee239ca1d9
2b92e1d6132e6a539e3fb14d3f4af6392e1d615c26a4634f4929af1868742e4b875854f9a9234cd10fa18945f224b875857cfa91513d24a6bd27a1cd1725c3ac2a7cd491a66887d0c4a2f9325c3ac2bc6d48b29e92535e72d0e71c970eb0ae13523299a21f43548be30970eb0afe1522927a494d7a4f439a
3ff127a98f8d7b3237899a664876f40eb24d6f7695fed1d73d667fad216e0fb1626ac03bfbe0de266999a5dbce2adc71f968d1ebe35cf599fef685b71210c15b169296706f1334ccd2ede70b3628d6fdf45d73ae7accff5a42dc319136dd6faf97f0eb9eb33fd690b71bf45cf8e8b85022b9eb33fe2f0b6d
08ce97cd114c38e07fd2a106de04b13e62859bb62956e27ecaf03299e61739ec2dc32fcba551ff4a841b7812c422d847dffa6a9981fb2bc0caeb985a260d4fe58f81a2c0ffa5420dbc09622854eaec03897cb0fd95e06575cc2d08487bd1d4c07b833f6578192bf30c0d15ce0c2e8bf5a3f6578195d730b4
3e7153587aa1fe238633970c7f6bae27c33fe722fc6e8394e853d036d6e91381b5db6b94149218ce5c32c3aeb50550972323a59d9253a14f41a15ba13d751c57f7be93330c672e1940d75b0ef40a274bbe45f329d0a7a0afadd12795e15dd582c023ca7429e7fa6b752fe5de22a7ffe650a7429e8384b741
3a88da1a893af4704c6595e268b5f62fc671b33ec504415ca0a4d35aa1e43861f86c47235e0131965789a2d7d830db36caed7c84717282934dac878f1c7a3709a2befa8098cb2bc4d16bec38246091f580f6c2b94149a6b543c8182c73ad1e8fcda0ae505269ad50f202ac67829272fb32e505269b590f1e
26175d01df73f242fd6201b2e38ad03da3ff7812a080e33fd8d485896a6c2acd17198349a863f58806cc122b3e24205ace59a823d0ff635216eba9ad05746a434e103ea1fac4036609159f02024eb0a278a7727fb1a90b54d4d70edfde7295bbaae19fec6a42c4b53607f8eec42387c0f1fec6a42dd7535a
2bbdc697231bcaf0b1c133e386faf21e955e778bb73c73ea645b3515930435e8e4f737347b42c704cf8e1bebc83363af439077a213a9916cd51c4c0d37974a9b5f0e6ac1638267c70df5e41d0eff8202b7a3f3d4c8b66a6d26070bed875b8b5fcb51f5322d9a8ac9822230e1bedfac04b35322d9aa7a9819
045943e8afbb1710b792ea723523ff30b4365bf6d48dc0f78dc760a8a4e11a050dffbd202ed2de4ba9c8d48ffc3a30db12e55e6453de371d82a2938413943471db5b91816f25d4e46a47fe1686c01775e3b811ef1b8ec15149c23eebc89ff625c1027bc6e3b03352710c4e44c58e749a13bc6e3b05872707
23d7ab94bf092ff10f547a44f463620a73e7116e3d976296a3e4384083e21ec3b77a7bad44a03d51e914138d871a6a931e41add8825a8f90e1860f8614d2b20d7bc954021ea8f489e8c6c407c4733ee2e43a912d47c870c307c30aaac9d8f5117d614b51f21c2041f10deb7a226595ccc0b51f21c34e1f0b
0000a7f0000c7f800a7f0000c7fff8000a7f0000c7ff80a7f0000c7ffff800029fc00031ff8029fc00031ffff80029fc00031fff829fc00031fffff800014fe00018ff8014fe00018ffff80014fe00018fff814fe00018fffff800053f800063ff8053f800063ffff80053f800063fff813f80006441fff7
000000800000000000080000000000000008000000000000800000000000000002000000000000200000000000000020000000000002000000000000000001000000000000100000000000000010000000000001000000000000000004000000000000400000000000000040000000000004000000000000
323811b385e6ef13811b3891fef03823811b388feef04011b389238b037208e046ce23fbbc12046ce248c1c0dd0e046ce247fbc0e046ce248e2c0dc8247023670fedde13023671243fe06f0702367123fde070236712471606e411c08d9c47f7782008d9c491c581b91c08d9c48ff781c08d9c491c581b90
0dc7ed3c75f911007ed3c76dbf0fc91c7ed3c76bf10fd3ed3c76dc32fc8f371fb4f1d7e44401fb4f1db6fc3f2431fb4f1db3e43f33b4f1db7191f2391b8fda78ebf22200fda78edb7e1f9238fda78ed7e21fa3da78edb8a7f91d2e3f69e3b3e887f3f69e3b6df87e4823f69e3b6be87e5369e3b6e365e471
39a9155d1a7284429155d1e274431a1a9155d1e0e84321155d1e29d8319626a45574762a10d24557478a550c662a45574787c10c70557478a7a2c65733522aba3905087122aba3c52a86333522aba3c1d086422aba3c53b0632c0d48aae8f07421908aae8f14ec18cb148aae8f13a218d0aae8f14f458cae
21e6c71bcd5f9dd26c71bcf8c7dc791e6c71bcf6f9dc82c71bcf8ecfc787079b1c6f3dbe7721b1c6f3e3a371e239b1c6f3e00771f31c6f3e3bc31e1a03cd8e379edf3b90d8e379f1d1b8f13cd8e379edf3b9018e379f1de18f0d0f3638de7b7cee43638de7c746e3c433638de7c42ee3d238de7c77c83c33
1e1939d42e806241939d4306f6238821939d4304e6239139d43070ee387a3864e750be2188f24e750c1c1a8e1f064e750c1bd88e20e750c1c3fae1e73c3273a85d00c483273a860dec471003273a860dec471273a860e1dc70f430c9cea1806311d09cea1838771c3d0c9cea1837b11c41cea18387f5c3ce
0656eb92e16d7bd16eb92e1d49bce7256eb92e1af7bcf2eb92e1d5e5ce6b195bae4b85b5ef41bae4b87568f39b15bae4b8741ef3a3ae4b87581b39aa0cadd725c2daf7a2dd725c3a9379ce0add725c3a0f79d1d725c3ac0d9cd532b75c970b6bde8375c970ead1e7362b75c970e83de7435c970eb0787353
3cb01953e97d6fa39b654276bd2aa71aa16815117545e2b05154d32a8f2f02ad291427fbcda36c614622d30b8f3a726418bb7b26d3c0118f94469db00b8ea4afca727f5059b1a56cf1cf4f0771423216422be28389ca258a98601788c4303f2f3b73fba9acc4db912007133a396e6dedb0a30a3fa804b561
3934362f8a471b43d3fc50254bd89f04bc6bc37b777c1057558f026fe6703b82a74d20172ea0bb0e2984e10e9529a37d9cd878b212c87324f86945dd06d88caa89b76760eefaa501ea444c1de8f7d263d82921f5ad22bbae5ff00b756ee5b5578e22bd1e57c090b03a27b71b8521fa9512d7e84ea7e31ec9
1f4de4324e1589e1972e2a303ef3ca358c4d8439352b017dc348f92b057116f3f942b12243b3f87f30584690ec2fed9e8a61c0c82392d3ab7bf6d7883f2e3e0b9a85aac33783aed06391042bab10af74e4ecf304adec623bb4522e7a682c609f1e63fa25bb20b4cb47206db2bbc5fc27332eceb16815587f
1ab3b9f25621cd92e7fc30965ff29632746f2fec3296c2f3500a0fea8537390d77cb727ec2a083d9c27ba3431c18104cc1d301e740b1292861cd8da01ccff6b9386cacd046808e75c476460c51613468ae3f205d284168d99b881983726b754696e37e3bb23fc7175417891c58322ce033d8da7e0c1bac5c
1ce7f5e13cb23d90707063807f4bcc2aad8d6dde453600c9e92da7dcd295060f7a96f842d5a2e8bbbf21d0cd283d25d8c97e8eb7604e9ee7bf88e84b33159c02046cd550753bcaf9af1d3b0ea0cb1b4bb2c621282d5f486a2acd0564a56d7b8e057165d2823c941ff2339161d28c45c8e03198d377c25639
1cc455302748131129d75813dd67862efe4807bdfbbeb0c904d191ea213d3a031f5b43c59bd1167a09f9dff31102eaeab9a6d44a33932feff1d0d9ee19a467cd6766fb00556a86f9483c5a3e184d7c94ce524393c579f51fafc91421fc23a4820c702eafeac54d537025f192e0625f6951281bb6b5712129
0bab07c4edb11e2082739cf079306325d0741fde74fea2d9394c178737fb374c1d70b4f84b1293ce5991c7feb51fe1cedc8047ccf3eee5162e841d132237bc2a57479fa1b30203e8b0b6fc168294e03cef6092608d62370ec62b3979e781e9f5f971d5b77d2b90539f0aa54a598094fd308be4f6654a905a
0ac2bb4185d8d9b1f474ba177cdd513924e1ddbe5833d016de7dcf667e973a6ff62d8eabebc0c8237ad5ebfd9233f8909e7d09541151ca89b50e82ac22a8d1670548a790bb1f226ed529e43f6d1e9f7a675bc0fff2a9de666c710203473f1f2ecb92627ca3eb716a6735147c20f7c99c4375cac1a9b6749b
27f00000b02fffe300000a80ce00b93f00000aa41fff700000a7f1080c741fc00002c8ffff60000029fdce03113c00002a18e0029000029fc00031f80fe00001647fffb2000014ffce01813e0000150a6000d000014fe00018f83f8000054fffffc0000053f98c06323800005414e0059000053f800063f8
00800000008000000000000883fffe08000000080000000000008000000002000000020000000000002000000020000000200000000000020000000001000000010000000000001107fffc10000000100000000000010000000004000000040000000000004000000000000000441ffff000000400000000
35f77b5b9a609a1377b5b9dd77a0291f77b5b9dba9a0321c46c41610b1ea17dded6e75e268128711b105632c7b3dded6e772c680b3c8e046cde61bbd2beef6b738e134134388d88290963e3eef6b73b7534063e4702366d20ddf2fbbdadcebc4d0210e23620b0858f53bbdadcee9ad015391c08d9c0e3779
08f884a4606f6603884a460ffc5fdd0f884a460f365fe1e3b93ad8a54e1b23e2129181bd980178ee4eb618d3873e2129183cd97f80371fb4f1d7e44411f10948c0decc02bc77275aeb69c41f10948c1e6cbfc01b8fda78ebf22207c42523079b2ff2f1dc9d6c31a70e3c4252307dd2fef06e3f69e3afc888
0b4c57d2feb4c8b2555ae0081fe43434c57d2ff38c8ae339a9155ce8f2852d315f4bfad322c1556b80210390ce1315f4bfda922b50e6a4557469ca111698afa5fd699160aab5c01081c867298afa5feb3915b273522aba13e5091a62be97f9c64572aad7004207219c262be97fb52456a1cd48aae8d39422
08a4b175c42a0350671c4772cb85900a4b175c4ae034e0e1e6c71bc0ff9e2292c5d710a80d419c711dcb2e1640292c5d712b80d383879b1c6f03fe78114962eb885406a0ce388ee5970b2014962eb895c069c1c3cd8e3781ff3c05258bae25701a7338e23b965c2c801258bae25b21a6f30f3638de49fcef
384b4e8a38a5fcc298e3b89bf27a7104b4e8a3c41fcb231e1939d3fd0063212d3a28eef7f2d2638ee2704de9c212d3a28f107f2c807864e750ba018930969d14756bf97131c7713826f4e10969d147883f96423c3273a83c00c5025a7451e20fe590c71dc4e0ddd38325a7451e20fe5900f0c9cea1740312
35a3a82cfe1b3760aaa520069e1bcd1a3a82d017537530c656eb92d50d7c168ea0b404ccdd52aa94801a786f3428ea0b40616dd4b3195bae4b5435f02b47505a00566eb1554a400d3c379a347505a02ea6ea618cadd725aa1af82d1d41680999baa15529003532de6711d41680c6fba95232b75c96ea6bdf
2920d53bcbebff708ef49cad7f9164120d53bce7fff660ed10467da15f23248354ef37effda163e812874c52fe08354ef3a41fd970b30d563ddfdd811241aa779bf7fed34fcb4e7c971e32241aa779cfffecc2fd07ad7a3638490906a9de73fffb331a09259a16f91a0477a4e56bfc8b228901ccfab33505
351546ae14fba973b30ea19f36486311546ae1855a963307bb2d64bfa15314551ab8604ea592c6bf592c46968c0551ab86198a58b18a099e826e31662a2a8d5c2e1752d005602b396573d922a8d5c30ab52c6356785f808fd5b528aa3570c09d4b22155126f1d98dab3d98750cf7a243205b1541bbecf5db
253d29f5c15ab0c068e6a2e8a24df013d29f5c3acb0b725e9fd9d2edf8fd14f4a7d70daac2e2644a9bcd9ec6c90f4a7d70ef4c2db31645eee344a5b70a7a53eb86d56173067be2e7b4955d27a53eb8759616e0c6670e16039b6929e94fae1b5585c06a94038dd8450c0347351745126f8235b33836b0f4dd
3e483eae94a282e3b599cc8efe491e2483eae988082d12537ae9e7bfac103920faba5eea0b503652a8c6753c31120faba62860b42231d4a7c0e029053c907d5d2d6505b17bc751fd1572aa0907d5d314305a131d7e011841e93b3241f574c1f416912e51222bd2aac01dacce6477f248f2da317cca82e325
00a7c151662d7d334a66335f7db6e40a7c151662d7d30380b9c6870cb0e1029f054598b5f4c2bc01b7048e955d29f054598b5f4c0329e14b3ccc6179014f82a2cc5afa608438ade0a88d5914f82a2cc5afa60295ce91070be764053e0a8b316be982c13aceac2c0f181a53319afbedb721e81d9a728b4894
19b2d60a39754f5297195d061bb2111b2d60a3b014f4a03a0b602af68d8526cb5828e9f53d32bf276660f9952a2cb5828ec473d271574a2a56028b0e3365ac1472ea9ea2f9841cf5c76aa7365ac1476029e94275d297273888590d96b051d80a7a53e733321191899534b8cae82ecd9090b0502b7d92836a
09dab951e5d456a34cf15e4f45b79f1dab951e658569e2a08b0ff3c94e02276ae54797515a83260b0279a3eafa36ae54799a35a7730c2c259f8c752f13b572a3cba8ad41fa9fd4a4588c2a3b572a3ccb0ad3c1ef30e9ef92f2390ed5ca8f32c2b4f3b9605f19905ea33a678af2781dbd02c6731547194093
15cf2ac42ee400a2710b63413e6e9d1cf2ac4302e009b0fdc98d7c1cce41173cab10bfb0027099872ec71cfe0b33cab10c0fa026b0ed76c86829c1532b9e55885dc80142b034b160e4e1d239e5588605c01362cdc8c937d30bc52e7956217f6004e2d5f22bc1cc923c33885b1a07e374f2ad233f0fecf1e9
3800a7f035a0a6b00a7f00000a7f00000a7f0018ca7ea0a7f00000a7f00020029fc01ce29f1029fc000029fc000029fc000029fc029fc000029fc00030014fe02d614ed014fe000014fe000014fe001094fdc14fe000014fe00000053f801ce53f1053f8000053f8000053f8000053f8013f800005817fff
000000800000008000080000000800000008000000080000800000008000000002000000020000200000002000000020000000200002000000020000000001000000010000100000001000000010000000100001000000010000000004000000040000400000004000000040000000400004000000040000
1a802eaa87ee37417f5f77b5a1280a0acfd50aca5a7fe3f5f77b5b5c809b2a00baaa23d8dcf1fd7dded6c6a02725fd7dded474a033d7dded6e38026935005d550fdc6e82febeef6b425014159faa1594b4ffc3ebeef6b6fb01350567ea85652d3ff3fafbbdad8d404e0bfafbbdad094053afbbdadcb204d1
1d7fd04573f1c7d2808f884a1cc6f7353019f529456f5008f884a4606f6635ff4115d3e71f32023e2128f71bda1a023e21276b1be023e2129181bd983affa08ae7e38fa1011f10947b8ded2a6033ea56aade9011f10948c0decc3a980cfa9292b7b0047c42523037b334047c424ed637c047c42523037b30
36b361e9e4f1de81d4b4c57d11c14d19e5892133076c314b4c57d2ea14c9167962484bb9db1352d315f48905333752d315f12f05412d315f4bea53232d66c3d3ce03bcf3a9698afa23829a1ba9698af89782a29698afa5d429922cf2c4909773b622a5a62be9540a652ea5a62be67e0a725a62be97d4a646
00a05e05c98b09132c8a4b1727eca115bca1158918f172c8a4b17596ca04156f2845613e3c60b2292c5d65b2813cb2292c5987b2932292c5d6df280e0140bc0b931612225914962e91d9413e5914962ab3d951914962eb6f94072ade508ac27c78c1645258bacb650239645258b72f651245258bae00501b
3c0797111dc22da0d384b4e896226034c2b059257a77b1384b4e8a2825fd1d30ac1648569df34e12d3a2588980034e12d3a2588980e12d3a28e297f3380f2e223fa45b31a70969d12c44c001a70969d12c44c270969d14504bfa3a61582c90ad3be29c25a744f312ff069c25a744b11301c25a7451c52fe6
3ca4aadf2760ed022b5a3a82ac4db41b9b437005a54912b5a3a82cd4db3836e6d0dbfe515250ad68ea0b3536ce08ad68ea0ab136d2d68ea0b3d76cde394955be52e1d9f056b475059a9b672456b47503489b716b475059ebb66f2dcda1b800c2a4915ad1d4166a6d9c115ad1d415626da1ad1d4167f0d9bb
01085d49d24a9ca026920d53ba6cc00026920d53ba6cc26920d53ba6cc0030391827f66e0ff09a48354ee9b300009a48354ee9b301a48354ef1f2ffe381c8c13f92708004d241aa774d980004d241aa774d980d241aa778f97ff2c652951cd3f479134906a9dd366000134906a9dd366034906a9de3e5ffc
2d4008007cc884a1a751546ac63dbb15a75154697c3dc2751546adefdbaa2ec3dd5dc442a5329d4551ab5af6eb169d4551aa10f6f1d4551ab8436ea63761eeaee01152a34ea2a8d58c7b762b4ea2a8d2f87b80ea2a8d5c21b7532a929cbac3f7b8a13a8aa356f7edd52d3a8aa35421ede3a8aa357086dd4c
2d2c31b67edc5c03d253d29f1d2dac13d253d29e152db1253d29f5b0dab1329e4fbe2cf561f3494f4a7d3ab6ad0f494f4a7c74b6b094f4a7d7056ac3394f27df146ab103a4a7a53e7c5b5727a4a7a53c2a5b624a7a53eb61b562008a6546fbb0afa2929e94fab76d591e929e94f8e96d6129e94fae0ad586
0ec9bd81901957e34be483eab326291f4be483e8e52630be483eae8c6283349122636e462ff12f920fab9298a13d2f920fa7b498b2f920faba318a0c3a489131b513180297c907d5a84c513e97c907d1ca4c617c907d5d18c5062f94cdaeb97b7f225f241f572531423a5f241f53893151f241f574a51417
2307e9973c503730b40a7c150ac8d820b40a7c12fac8e340a7c151308d7e12b579ffcba00bf2d029f0542b236002d029f0542b2361029f05458835f5295abcffe3c006016814f82a1591b0016814f82a1591b2814f82a2a31afb1ef86b17b630f8b1a053e0a89846bf05a053e0a85646c2053e0a8b106bea
3a520d5e83547e502d9b2d60a0c1552c2d9b2d5dcac162d9b2d60a0c15502b5aac95f06e06c0b66cb58283055430b66cb57f6b056366cb5828b4553e15ad564af83703605b365ac14182aa185b365abfb582b1b365ac145a2a9f3b6793613f1621c16cd96b05060aa8216cd96b02f60ab2cd96b051aaaa7b
0c85a54141a935e2589dab94f7b1462a589dab9263b15189dab951cd14573852d7a93dc444716276ae5462c516296276ae51cec522276ae54776515b3c296bd49cd22240b13b572a31628b14b13b5728e7629313b572a39a28ae239acd5340161aa2c4ed5ca8c58a2c12c4ed5ca7bd8a304ed5ca8f2ea2b5
0be20b0694493bb3d95cf2ac0382413fd95cf2a825825195cf2ac416240103708919a3e151136573cab0d409013f6573caacf60912573cab109a900321b8448ccfe0a893b2b9e5584904813fb2b9e5546b04932b9e55882c48023aee19315f1f7a92cae79561ea12013ecae7955e0c1210ae795621772005
0f877800a7f0000077800a829bfff23877800a8b5fffd37800a7f25200973e1de0029fc00001de0029fe10001821de002a39dfff11e0029fc3de02891f0ef0014fe00000ef00150118000430ef00151adfff92f0014fe2d6013d3c3bc005439ffff3bc0053fa10004803bc005435dfff13c0053f839c052a
000000000080000000000008000000000000000800000000000080000000000000000200000000000020000000000000002000000000000200000000000000000100000000000010000000000000001000000000000100000000000000000400000000000040000000000000004000000000000400000000
14f9125470e4020391254723a61fad0f91254722e01fb11254723dfdfac213e44951c7b007f244951c8f5e7eb13e44951c8b807ec3f5346432a8951329f224a8e1c80403224a8e478e3f591f224a8e45c03f6224a8e47bfbf58427c892a38f600fe0892a391efefd613c892a391b20fd70d40175543f71ba
2afee5ab89ebfe13ee5ab8cad5e0552fee5ab8c7ffe062e5ab8cb13c05412bfb96ae2feff823b96ae32c1d81513fb96ae3283f8163eacb978cd36aef15fdcb5717f7fc13dcb57195edc0a91fdcb571941fc0b1cb571962ba0a8117f72d5c63fff03372d5c6587d02a13f72d5c6549f02b2ebfe822b7e8e3f
2c4d437765835700d4377685d76f4f04d4377685956f514377685e3cf4ed31350ddd9e4d5be350ddda175dbd3c1350ddda1655bd40dacd87a793c77a189a86eecf26adf1a86eed0baede9e09a86eed0b2adea104d44545a2747e226a1bbb40bab7b2a1bbb42efd7a7726a1bbb42cab7a81b59b0f4f278ef4
2c95185132500cf151851352e4ce4e095185135260ce511851352f96e4db32546144d18033a146144d4bd539372546144d4983394302817816f4ac25192a30a268c019d2a30a26a5c99c9c12a30a26a4c19ca35e9f9110b5e91d24a8c289a72067328c289a97aa726e0a8c289a972672720502f02e2b5849
08110c4ae64d5f0110c4ae6d15efe00110c4ae6d15efe10c4ae6d266fdfc2044312b99357c004312b9b499bf7f044312b9b457bf82f01e5c445608b710221895cc9abe0221895cda2bdfc00221895cda2bdfc39ab0591cad715000886257368af7f086257369337efe0886257368af7f01e03cb888ee116d
1efc87ec7b7f3d33c87ec7d7a9d2852fc87ec7d4d3d29087ec7d7e7b28413bf21fb1f21cf4b321fb1f5f6d4a113f21fb1f5b8f4a20f292ab7c9d83b43df90fd8f6fe7a6390fd8faf95a5091f90fd8fadc7a513e1dbd44c34311837e43f63e859e95243f63ebf1c94213e43f63ebb3e9431e52556f93b0768
2a06a5d64e4e69706a5d6510369658206a5d650e26966299f967da858852281a97594179a5a1a9759440da596001a9759440da596204217527282a73140d4baca0bcd2d0d4baca206d2cb000d4baca206d2cb30210ba9373153a10352eb287134b30121ab89fbae53b0352eb2881b4b2c00842ea4e9254e5
020e5363be06f660e5363be27f65f820e5363be06f6603fce17bfd7d7a1008394d8ef81bd98394d8ef89fd97e00394d8ef89fd97e2b5002001d22213041ca6c77c0decc1ca6c77c4fecbf001ca6c77c4fecbf35a801000c8110a10729b1df037b303fa5fff07b256a40729b1df13fb2fc16a004003e64425
051eb1f2324f69e1eb1f232a1e9dec11eb1f2329169df34783804195d91b147ac7c8c93da783ac7c8ca8bc77af07ac7c8ca87a77b0b4b0c6d9fb71700a3d63e4649ed3c3d63e46543d3bd823d63e46522d3be05a58636cfdb8b828f58f91927b4f010dd575fb954e1a0f58f91950f4ef6169618db3f6e2e0
3368c69de73e67928c69dea8c07833368c69dea5667841971399f0d249900da31a77a9599e1231a77aa385e0ca1a31a77aa1f9e0d23b26f6061f656026d18d3bd29ccf1118d3bd51c2f0652d18d3bd4eecf0711d937b030fb2b01b4634ef52b33c20ca7783c4dab38834634ef543f3c1a0764dec0c80cabf
2648fcdbe2e212a08fcdbe55932967248fcdbe534129725abe0d27bc40011923f36f93c84a623f36f9564ca59c123f36f95544a5a18c1fa65ce0c0dd0c91f9b7c9e425311f9b7cab2652ce091f9b7caaa252d2c60fd32e4f606f3247e6df279094c01745642eca5944247e6df2aa894b43183f4cb9c181ba
0a9bf3cc30caf3d1bf3cc317833cd629bf3cc314ef3ce3dffabed2fcf7c22a6fcf30c32bcf42fcf30c5e4ef35726fcf30c5bfcf363e9483579dbd1fa1537e7986195e7a37e79862f0679ac137e79862dfe79b1f4a41abcede8fd14df9e618a779e704509bc12c387f10df9e618bc19e6b3d2906af3f9a3f3
093dac10404290d3dac1040d710cdc13dac1040c690ce23ce43143ddf7ad24f6b041010a43436b0410368a336d0f6b041035c4337232169504e5a4d8127b5820808521a3b582081b2419b727b5820818d219c1190b4a8272d26c09ed608206348672055a00795d3ff61ed608206b8866e0642d2a0a0d49af
2161117d758d37b21117d77b1d7a7b161117d779d37a8032f10075b3ab88058445f5de74dea0445f5decf9e9ea18445f5deb6de9f12f882c1a40a4ef02c222faef3a6f50222faef67cf4f52c222faef3a6f50297c4160cff52780b088bebbce9bd43c98f2bbb69a15b3088bebbd6dbd3e25f1058348149de
38000f87ada0a6b000f877800a7f000000f87798ca7ea00f877800a7f00020003e1dfce29f1003e1de0029fc000003e1de0029fc003e1de0029fc00030001f0f1d614ed001f0ef0014fe000001f0ef1094fdc01f0ef0014fe00000007c3bdce53f1007c3bc0053f8000007c3bc0053f8007c3bc0053f8000
000000000000008000000000000800000000000000080000000000008000000000000000020000000000002000000000000000200000000000020000000000000000010000000000001000000000000000100000000000010000000000000000040000000000004000000000000000400000000000040000
0ce04dac1fc7d9a3814f91250d4e4130d1c5243774a62014f9125470e402338136b07f1f6682053e4494fb39013e053e44911d391053e44951c3900819c09b583f8fb343029f224a5c9c8121a38a4873094c3029f224a8e1c8041868e2921bba53100a7c892a3872013c0a7c89265a7210a7c892a3872010
2b1fb24bd41825707eafee5ab0a0c00f2e3a5b3c2b4913eafee5ab4c0bff2c7ec92f58a095a1fabfb96ac2830001fabfb96ac28303abfb96adf62ff9163f6497ac504ad0fd5fdcb56141801e5c74b678569223d5fdcb56da17fd27971d2d9c05a493f57f72d585060003f57f72d585060357f72d5c2e5ff1
3c7a42ead036f5f242c4d4375138363653992feb78e3202c4d43776583572d94e64bf8ce38d10b1350ddc8e0d6290b1350db34e0e0b1350ddd960d5c38f485d5a48debd08589a86ee4706b148589a86d9a7070589a86eecb06ae1b29cc97f5bc71921626a1bb91c1ac121626a1ba89c1b1626a1bbb2c1ab8
287a01f62dd4f280c6c951850683011356e01bf6f787d06c9518512e300d34d5b806faa5e2031b2546141a0c04331b254611020c11b2546144b8c03410f403ec5fc9e4f18d92a30a0d0602398d92a306710610d92a30a25c601a29ab700df96bc3f2364a8c2876180726364a8c2624181364a8c289718068
1e7e66d6dd6a2fc0408110c4aa44d61c2facb5031a9a2008110c4ae64d5f270beb2d3eb6a69102044312a9135821020443109913602044312b99357c3cfccdadbad45f80810221895489ac10810221884c89b010221895cc9abe0e17d65a818d4d12040886255226b002040886255226b040886257326af8
2c8d54380829ea00b5efc87ebc1df41a25d8fe01b519535efc87ec45df3e3689763f7d554662d7bf21faf077d002d7bf21faf077d17bf21fb1dd7cf5191aa8701473d3f16bdf90fd783be8216bdf90fb683bf2bdf90fd8cdbe7b2d12ec7efeca8cb1af7e43f622ef9f05af7e43f5e0efa2f7e43f63baf9ea
37605e2f9f647311a6a06a5d49d2e725a6a06a5af7d2f26a06a5d6292e6a09991bbf3b5569729a81a975694b9b169a81a9741f4ba1a81a975928b9a624cc8ddf9b9ab4c34d40d4ba93a5ce0b4d40d4ba0fa5d0d40d4bac945cd31f25308052edfaa1350352eb1497352d350352e83e974350352eb251734c
000c14f98c6803826820e536142c70026820e536142c72820e536394c6f739f41141f660a0e1a08394d8d4b1be09a08394d850b1c208394d8ed71bda1cfa08a0fb305070d041ca6c6a58df04d041ca6c2858e1041ca6c76b8ded00f304832c53aff3410729b1a9637c13410729b0a1638010729b1df037b3
1a479198081087318851eb1f09e0f7258851eb1cb7e100851eb1f22a0f6a270bcf444da60ec22147ac7c6983db162147ac7b1f83e2147ac7c8a83da81385e7a226d3076310a3d63e13c1ee0b10a3d63d8fc1f10a3d63e4541ed42965645338f20950428f58f91507b52c428f58f63f07c028f58f91927b4f
1f36f2a216f99fe21f368c69bba5e7261f368c6769a5f1f368c69dca5e683645f6e58de74fe07cda31a772979a187cda31a5e697a3cda31a776b799f1b22fb72c6f3a7f03e6d18d3b94bcd0c3e6d18d2f34bd3e6d18d3b94bcd032fe76b2f8bdbf00f9b4634ee52f3430f9b4634bcd2f439b4634ef18f33d
10b24f3879093ac35a648fcd8702223b5a648fc9eb0231a648fcdbca2213095f1084ba641a4169923f36e208852d69923f340c08929923f36f6a884b04af88425d320d22b4c91f9b50044336b4c91f97f604534c91f9b79444260c4b982193b91552d3247e6dc4110a1ad3247e6c3811113247e6df171095
23bffe47a28adea30ca9bf3c90c6b0030ca9bf3c90c6b0ca9bf3cc246af41112703a6927881032a6fcf3091abd0c32a6fcf2431ac32a6fcf3091abd02889381d3283c41219537e79638d5f0619537e79218d619537e79848d5e806d71aaa30892460654df9e612357a18654df9e486358254df9e6165579f
139ce4a433f290b3cc93dac0c55e2a1bcc93dabf395e30c93dac1033e29114afd5350b09afa3324f6b03db78a52f324f6b010578b324f6b040cf8a440a57ea9a8584d7d39927b581ccbc53379927b57e72bc61927b582067c5221c54c86ad680f112649ed607f8f1491e649ed6062af15249ed6081e11487
2705d6987942b48216161117b50ed432161611149d0ee16161117d60ed382fffb7613be734405858445f583b4e085858445ed43b51858445f5c5b4df17ffdbb09df39a202c2c222fac1da7242c2c222d5a1db2c2c222fac1da70140c75c0976b40d0b0b088beb0769c10b0b088bda876a30b088beb8b69be
0f8778000f877800778000fc137ff23877800104d77fd378000f89ca00973e1de0003e1de001de0003e3ee001821de00041fbdff11e0003e21be02891f0ef0001f0ef000ef0001f407000430ef00020dceff92f0001f11c6013d3c3bc000805bbff3bc0007c5cc004803bc0008019bff13c0007c3f5c052a
000000000000000000000000000000000000000000000000000000000000000000000000000000000000000000000000000000000000000000000000000000000000000000000000000000000000000000000000000000000000000000000000000000000000000000000000000000000000000000000000
2e6f84b48e4176a2f84b4913c9694726f84b491177695384b4913f6c946539be12d24145da63e12d244fa9a51a1be12d244e1da521beb4e03928fb9c1cdf096920a2ed31f0969227d4d28d0df09692270ed2930969227f1b28c9337c25a486abb4b3c25a489f954a3337c25a489c3b4a4067026d60fe3ecd
1188734b6d9681708734b6eb7416ba188734b6e9e816c0734b6eb7c56b9e0621cd2dba7a05b21cd2dbadd05ae8221cd2dbabc05af2214b1fa67504652310e696db2d02e10e696dd6e82d74310e696dd3d02d80e696dd6f8ad73c0c439a5b74f40b6039a5b75be2b5cf0439a5b75ba0b5d358fd925e7fc12c
17ef893e47d44d22f893e495c2d1a13ef893e491e4d1b3893e495f031a051fbe24f923713473e24f92578f46823be24f9253f34691f1e90bab305bd82fdf127c8fa89a41f127c92bc7a3413df127c927e9a3519062074770bead3f7c49f246e268e3c49f24af608d0337c49f24ac068d13e3d2175660b7b0
04ef802ad8cea012f802ad91d000ed0ef802ad910a00f3802ad91fd60ec513be00ab633a8043e00ab647c403b23be00ab6442803c0a1e807d8b753ca09df0055b19d4021f0055b23e201d91df0055b221401e02e52d8f1b83cef277c0156c6750083c0156c8fca076337c0156c8c70077143d00fb16ea794
28086ec1b403aaf086ec1b697aae600086ec1b697aae606ec1b6982ee5fe2021bb06d84eaba21bb06da5eab980021bb06da5eab98079f99b5b75a8bf1010dd836c2755d10dd836d2f55cc0010dd836d2f55cc25f9df8a83d41540043760db4bd57303760db4c1772ff043760db4bd57300f3f336b6eb517e
3b0877d523095800877d526d6d7f1430877d526a557f2077d526d75bf13e2c21df5498855fd21df549b5b5fc50021df549b5b5fc50b23550e020a7a83610efaa4a32aff10efaa4dadafe28210efaa4d8cafe33c1ad26fdf5c3121843bea9352abf903bea936badf89f043bea936b6bf8a1646aa1c0414f50
02ad1c2e51bd7f62d1c2e51e6bf5f62ad1c2e51bd7f601105168c06f82280ab470b946f5fd83470b947a33d7d62b470b94779fd7e3dd8178be4c11cd055a385ca37afec1a385ca3d19ebeb15a385ca3bcfebf3eec0bc5f0508e71568e1728debfb034d46b9126de227168e1728f35fafb3bb02f17cda2399
0412a62fcadebbc12a62fcb20bbbf0012a62fcb20bbbf04fad88f6c6d98e104a98bf2b7aef00a98bf2c870efbf04a98bf2c82eefc0003053e631a00e08254c5f95bd778254c5f9641777e00254c5f9641777e0001829f318d0072095317e56f5de0223c60584570663095317e5905ddf800060a7cc63401c
3471df0d8f2415831df0d92823572f071df0d927e15732749ee0232b6d4611c77c3648f055d077c364a1535cb91c77c3649f855cc1691e46600fc21d28e3be1b22682af23be1b25088ae5d0e3be1b24fc2ae62b48f232fe6e10f238ef86c91e0aba2a46325ec3f183038ef86c93f0ab982d23c8cc01f843a
3248d70b1c717e708d70b1fae9e637248d70b1f897e641a780cf115929d809235c2c7e25f99235c2c7eba798dc1235c2c7ea9f98e27cdbca883ae6802491ae163d02fcd11ae163f5d3cc6e091ae163f54fcc713e6de5441d73401246b858fc4bf320d2ae1e551e23ac246b858fd53f31c0f9b79510b7ccff
023aaa864ad63a73aaa864af73a6f823aaa864ad63a700086872c91e190408eaaa192b58e9c2aaa192be949bdd0eaaa192bdce9be042c93ce1e424eb0475550c95ac74e35550c95f294def075550c95ee74df221649e70d1127611d5543256b1d380ee1a96ff5a45c61d5543257b9d37c0859279c3c849d6
311a9d3a1f38e7b1a9d3a226167a3c11a9d3a2250e7a428968afbc30ce22046a74e889439e92a74e88989be8ef06a74e889859e8f28efff91e692b7b22353a744291cf5353a7444c2cf4782353a7444a1cf483477ffc8f1395be08d4e9d112873d2399c0b4871b73220d4e9d1130b3d1e11dfff23d1456f5
23d273277deeecc127327803cccb713d273277ffeecb8303fb70a6c3e1080f49cc9dfffbb2e09cc9e00f752dc3349cc9e00c1b2dd14e739290bf4a4307a4e64efffdd9724e64f0079996e23a4e64f003fd96f2a739c9483ea5221e93993bfff765c068e5a02af134a3293993c01c565b929ce725217e9486
3b7deca13f704253deca14341e241337deca1430c424210e14cc078c45012df7b2850a2109137b2850d13e90491f7b2850cf7090509c175a61e50ad236fbd94283008493bd9428687e48252fbd942865a848304e0bad30f285691bef650a186212123721118476ee173ef650a19ee120a1382eb4c3ca15a4
3ffc0f8794e00e93c0f87781cef8693fc0f8779ce0f7100f877801dd87713ff03e1dfce03d1303e1de01d1e1d13f03e1de1ce3e0903e1de001461ddc3ff81f0f0ce01e1381f0ef01cff0e13f81f0ef1ce1ef901f0ef001ab0eea3fe07c3bdce07b1207c3bc01d5c3b13e07c3bc1ce7c2907c3bc0007c3bc0
000000000000000000000000000000000000000000000000000000000000000000000000000000000000000000000000000000000000000000000000000000000000000000000000000000000000000000000000000000000000000000000000000000000000000000000000000000000000000000000000
399dbb38c8fe60a34228bde3858f3e0b4228bde3018f4338f3314d06ac362676ece33059825108a2f78edc3cf52d08a2f78c063d00e3ccc534e0b0d5333b7671961cc13284517bc74d1e7b1684517bc6031e8271e6629a4f586b0cedd9c664d304921145ef1db879ea1a1145ef1c2c79f1737c25a4720bb5
065e44bf2ae19f707dd6c19c387043347dd6c198de7050c704c6b2754bc4197912fcab867dc1f75b0670e1c10c11f75b066fd9c1131c131ac9d52f100cbc897e55c33ee0fbad833870e08628fbad8335dce0918e098d64ea978832f225f9570cfb83eeb60ce1c3821823eeb60cdfb382228c439a5b4bb40c
09a696f1950ee8618fe85d0036b4701c701e598a489de11ef0c40808e87a04da0d13e1e69650239c88d9f7810c10002ab3baed6c425fbe24f8fe5135134d2de32a1dd0c31fd0ba006d68e038e03cb314913bc23de1881011d0f421b921ac394983f1c78989fb46c78d2000556775dad880bf7c49f23ea269
29459b67e4c86e40c202b0bb83df3f04e57485d943f41328e6ec2ef9c4f90c18929e87cc22d1782d12dcd6239b3a97f7164d5a3a4313be00ab31ba81128b36cfcdb0dc718405617707be7e09cae90bb287e82251cdd85e3589f1319292e9af57748086710083ea3a23352fee2c9ed47472277c0156a57501
2dd6d93e36e97d73be1401e27088392f9aa22cbe807381041102bd0f0d5410593ffa0c1b8b60882db79d0b7a3d176863b42a7763a1a021bb06bf8eac1badb27c71f2fad37c2803c52310711f3544598120e6f20822057a1e1aa808ad786fa2babf33900af6f27d2f022ed0c76854eec7434043760d7f1d58
38d4f4582ebf2c336fffef60cce31c088fc9f2d192f9c2b4073d0ae6352d051420134e51bb73dc04a8ac26dd1c03ff767dcd40f1e0ec21df548c256031a9e8b0619e5852dfffdec1dbc637111f93e5a325f381680e7a160e6a5930c6d279f8c447d221f2768e93c74507feecfb9a81e3c1d843bea9184ac0
1fe49acba7857ad392de76950df89b0016692e9a3826b2bf41567f1e3b1322eeb69779a75d50813e90e274f98b31349626275136120ab470b925f5fe1b54cf9f4df2f9d0de768daa4c7178389a4b1311989b11055a385c92faff200b34974b0c13635fa0ab3f6e1d8a3c96f3b4a65fc4e01568e1728debfb
2562bd4f0c4d31925f4a23423f41831283dcee27f4f7a3d580e17236498320d7b396789164c231f472ad72cff415b3e4e7f8992ce0104a98bf2b7aef3a8be1b56c4b3ba3bafab7f9b9908e0ad9f273fc4c967208254c5f74bd780941ee7713fa7bd3eac070b8fa24c232fa511a0fea0c202095317e56f5de
03b98acf26766981b494d82edb80cb1e885a43c3de425333d1e93d0ab6b31b1929b35fedef63958348281147c13a49668328546200d1c77c363c90560ad1fe29c05a17339f183914edd5d91d24b341942a310068e3be1b1e482b2f442d21dfdf213399e8f49e645b5a2da4a6c174cc0661a38ef86c7920ac
2067b73cc6f03d4134196d10b2ff8515bf8621e07456503ad7a4e4186b922579e0e57b3bebd30e15f36881ad8224da651145ead451c9235c2c6145fa28c6d04c5b4b3f00e7a8f74e3cab52326d3288a0e56a30e491ae1630a2fd2adfc310ee2a2b301d6bd2720c35c929a0cb688387fc339246b858c28bf4
33ed3b92b13d83f17e0fb1fd938aa630aa4a466092c94142daa05647239f28b37f6f2a3653838827da3c1e2ed602812ba58a6fcbc108eaaa191ad8ea26bd3cdd791f5472ea4bbf7c4f5a16014095d2c537e5e08475550c8d6c7518552523304964a2a16d502b0291d00bf07d8fec9c553211d5543235b1d4
15ea6bcdbcdfaca099716ffec6c5fa000e04bb2aa36f43a88bcf60a77ed60ff981d1c8920591eac2e9a82a4d1a325bc662f6f441b1c46a74e86c639f019bc7853b0303e28f51de995fc69f392de331796a20e2e2353a741531d00007025d9551b7a1d445e7b053bf6b04cb8b7ff6362fd388d4e9d0d8c73e
059935a309450112e0f2b81c443fb31e5d6800127611b0e73e38d635b15b04ae3db4339430c2686152f27d0192089aae94a007ab208f49cc9df7bbb308d0c410923383319bcafce0c51776044d574a5003d59247a4e64edaddda2f2eb400072b08e2739f1c6af9d8ae370795c0e011fda11e93993bef7766
39d688f5ea847bb12cb748ce33b7481508247de31401402a0fb15e54257d090b4cc48c40d972cdefb2062bcbce087c20c84c4ab643edf7b284cc410a2abcb8021b869981ca68f3008d48b3043e106426255b21f6fbd9426620850a84123ef18a00a21507d8af0912bf0965ba46719dba43dbef6509da8213
0087fffc0f8778007fffc0f8fb7ffe087fffc0f8778003fffc0f87b9ffff021ffff03e1de001ffff03e3edfff821ffff03e1de0003fff03e1fae0029010ffff81f0ef000ffff81f1f6fffc10ffff81f0ef0003fff81f0fb6000d043fffe07c3bc003fffe07c3bc000003fffe07c7dbfff3ffe07c3d8e0069
000000000000000000000000000000000000000000000000000000000000000000000000000000000000000000000000000000000000000000000000000000000000000000000000000000000000000000000000000000000000000000000000000000000000000000000000000000000000000000000000
067db99dbacdb243db99dbb34d23e727db99dbb0fb23f1b99dbb38b03e6119f6e676eb36c9036e676ecdfa8f991f6e676ecc2c8fa2e676ece302f9830cfb733b759b6483b733b766dc47cd0fb733b7661647d3733b7671607cc233edccedd66d9202dccedd9c371f313edccedd98591f41ccedd9c647f305
3982465e410a45d02465e44bf05c1a182465e44a645c22465e44bf05c1a026091979108917109197912fc17068209197912db17071197912fc9b067e33048cbc86348b9048cbc897e0b8343048cbc894c8b8408cbc897e4d833f0c1232f225322e11232f225f82e0d001232f225f82e0d232f225f9360cfc
1ab6b0a8ba37ba236b0a8bbecfa1962b6b0a8bbc3ba1a2b0a8bbf05419532adac2a2ecfee871ac2a2efc0486552dac2a2ef92e8662c2a2efc1d4654a356d6151746f7442d615177de1432b16d615177c974331615177e0ea32a515b58545de1dd0d358545df8090caa1b58545df67d0cb18545df83eaca93
3273c7854974fca33c7854cb21c937273c7854c8cfc943c7854cb534936409cf1e153233f250f1e1532d4d24d91cf1e1532b7f24e31e1532d5984d8d24e78f0a9709f93278f0a99685926d0e78f0a995bf92738f0a996aab26c7139e3c2a6467e4a1e3c2a65a9a49b239e3c2a656fe49c23c2a65ab729b19
05decf97278fe281ecf9727eec27e91decf9727d1e27f2cf9727f0907e89177b3e5c9e3f8a03b3e5c9fbf29fa337b3e5c9f8989fb33e5c9fc2c5fa220bbd9f2e4f1fc503d9f2e4fdd84fd23bd9f2e4fa3c4fe19f2e4fe162fd112ef67cb93c7f140367cb93f8273f452f67cb93f5513f527cb93f85cdf443
2cf851d2cc7356e3851d2cf55b6d4d0f851d2cf4956d5051d2cf5952d4c233e1474b3a0d5b621474b3d633b5313e1474b3d255b541474b3d654b530819f0a3a59d06adb30a3a59eaf8da991f0a3a59e92adaa0a3a59eb2a5a98427c28e96783ab6b028e967aca96a613c28e967a8cb6a728e967aca96a610
0352c7fea89119a12c7fea8c6b99f3352c7fea89119a02c7fea8c7c19f2c0d4b1ffaa2446680b1ffaa31f067cb14b1ffaa30a667d31ffaa31f8a7cae06a58ffd5122334258ffd518d733e62a58ffd5164333f18ffd518fc53e571a963ff54488cd0163ff5463e0cf962963ff54614ccfa2ff24d65d1b2bd7
1eac4b4cf7568392c4b4cf94dc38862ac4b4cf924838904b4cf9509988553ab12d33e17a0e3312d33e53f4e2162b12d33e5160e2212d33e5426621543d589699eead072189699f29fa710b1589699f28b071109699f2a13310aa35625a67c7141c5225a67ca82bc42b1625a67ca6e1c4332b15ea7841698d
15b8cd1dfdd386f38cd1dff3646eaa1b8cd1dff1d86eb0cd1dff39e2ea9216e33477fb6e1bb233477fce57baa52e33477fcb81bab33477fce78baa482b719a3bfba70de319a3bfe70add533719a3bfe3b0dd619a3bfe73c5d5242dc668eff6dc3760668eff9cf175491c668eff9b2375501dcc567933b34c
38059382a1d0baa059382a56cba9200059382a56cba9219382a56cfc91ff20164e0a93a2ea5164e0a95b2ea4800164e0a95b2ea4824e0a95b43447fb300b270547c17530b27054ad97524000b27054ad97524327054ad9f923fe002c9c152b65d492c9c152b65d490002c9c152b65d4901033db9e63781ea
10f700d24c4a8c03700d24d5eebfbd0f700d24d528bfc300d24d6245fbc303dc0349354a2ff1c034935880fef13dc0349354a2ff0003493589ddef0921ee01a498951802e01a49ac1f7f791ee01a49aa517f8201a49ac4cdf78507b806926a945fe3806926b101fde23b806926ad65fdf39f69dc9568ec20
11efcc85f63b10b2fcc85f75ff0ab91efcc85f74310ac3cc85f762c6ab8507bf3217dd0c42b3f3217dd8802ae23bf3217dd4e42af33217dd8be0ae1123df990bec762161f990beec4015713df990bee8621583990beec5cf57090f7e642fba188563e642fbb14255c337e642fbade855d0af535e6de6fd65
188a5faef80c9f50a5faef9a0df49e08a5faef9989f4a25faef9a16349de22297ebbe4527d3297ebbe6837d2782297ebbe6627d2817ebbe6861127763114bf5df0193ea14bf5df341be93c114bf5df3313e940bf5df3430893bb0452fd77ccc4fa512fd77cd0b1a4ef052fd77cd06fa4f22cc9ad18292809
14d491bc79a20571491bc7af8656ad0d491bc7aec056b091bc7af9af6acb135246f1eaa815b1246f1ebe5b5ab335246f1ebb015ac246f1ebe6bdab2c29a92378f3440ae292378f5f0cad5a1a92378f5d80ad612378f5f35ed59626a48de3d5502b6248de3d7cb6b5662a48de3d7a22b573ceb447af3323de
3ffc00881cdc0e93c00880018ef8693fc008801ca0f7100087fffddd87713ff002201cd03d1300220000d1e1d13f0022001be3e090021ffff1461ddc3ff801101cd81e13801100014ff0e13f8011001c61ef90010ffff9ab0eea3fe004401cc07b120043ffffd5c3b13e0044001ae7c290043fffe07c3bc0
000000000000000000000000000000000000000000000000000000000000000000000000000000000000000000000000000000000000000000000000000000000000000000000000000000000000000000000000000000000000000000000000000000000000000000000000000000000000000000000000
08af1347010eec6057a9a132484c013c57a9a12e6a4c10910166365c787122bc4d1c043bb1815ea684c9213004315ea684c6093012440598d971e1c4115e268e021dd8c0af53426490980238af534260f498112202cc6cb8f0e205789a380c9762f2bd4d099242600822bd4d099032601033edccedd66d92
374cecb8facd13b368565ecd35b3800368565ecd35b3836efe99c51f7f891d33b2e3f7944e91a1597b359ccdfd0da1597b34d6ce01bbfa671543fe212e99d971f9ba2752d0acbd9aad66ff06d0acbd9a6b6702ddfd338a80ff113a6765c7ef289d2342b2f66b399bfa1b42b2f669ad9c03cc1232f1e7522f
3bf299b8b93b74d25014cf76d17aa701304acc02b1641121b7eb727b4be70e0a18307ef8c7e3244e52b46299e82300dc7d945085226adac2a2c7dee937e533717696e990a0299eede4f54d026095980562c822436fd6e4f697ce341937e5736de713c8ed1db05ef9440601b8fb2cc10a30d5b58545d1bdd1
0fd388ec2dc6bc01a0daf5311cbba52dc44cca4c48d081166b33898f8b55265048afa38559f0f38e24b37b95321e13582825cdabd2c9cf1e1504d3f31fa711d85b8d780341b5ea6239774a1b8899949cb1a0f22cd667131f16aa2601ff0beae9e2b37d332430f31d523c26b0504b9b57a1939e3c2a4ba7e5
3cf8771496c54421d7f167efe6f2fc21b47f92ccbcde42a1e7639265b98c0cdfb7538faaa610efa34fd261254b1fcfd94c5f490eb0177b3e5c9e3f8a39f0ee2931aa8833afe2cfdfcde5f80368ff259d99bc7143cec7250d731701ba6722a9d8f4905ef6275d6a851d3f9fb298be921d602ef67cb93c7f14
10d966480b508b53b71eed00a2d5bc08d6e8f07168ec6325f71708875f2c2525e7d2b4373820f8809f2bc0a79b051bf2744c98bc62b3e1474b10cd5c21b2cc9016a116a36e3dda0187ab7711add1e0e2d1d8c24bee2e1150be5730ea61f8c8af41205aea638d855c440a37e4e8993178c167c28e96639ab7
117b9b715443962102e8d1523dadd4198673895599dbf1bfe7024f858ead294ab92e287fcaa24167fbd66dce7216f4bf911d180af20d4b1ffa8144673e82d0eaa34f3083be8b432427dbec2b7a5fc88c7c058306a58ffd1fa2342cc339c4a8bcee02dff38127a1c7570817468a91ed6ea01a963ff54488cd
064397e8b36be1a06cf3bd943242ff2091868878dff920b01a868f98614a245b1dfd0ccc2522689adbf4bad5e60dea8b51406532d37ab12d33abda0f3c4d96e8b6689bd3d64dec9d5d938726f545a89e229973bd589699b4ed081048c3443c6ffc90580d4347cc30a523679dec9f821802f5625a6799b41d
05f3ac161462171156a9470fe859c2022a6eb2a6b91b415518d74d9646242401aecf179ca5a21dd503ac44ab9d08d1b83eaf9fc5d156e33477e6ce1c0f4640b79c317252e34116d70787c72468dc1f55bfe2f0ab719a3bf3670e01153759535c8da0aa8c6ba6cb23120ab54a387f42ce12adc668efcd9c38
2376fcf983354702287538d81b9b7906b3e1eda8e4f2438094615b682acf31b6f7d86c5012d2df852286661d5128abd440638d4422e0164e0a6642eb2ee55bc5d3d55282d0608edd0de33a1455ea2031c6a213700b27051221760359f0f6d4727923c04a30ad9315683143a9c6beccdbd1c02c9c150e85d5
22a70a4f08a68c811afb77625a13eb1c47360bc6a352831196f6a22bb7f1239aba6083ba75d1fbd6efcf3853ea30f4dabb1a71f0e043dc0349312a300430da5627f1659224234a45dc6ca0187a6d5d8d38f87021ee01a49895180e239b05e351a94388cb7b50f4dbf928d7dbbb10c09f6087b80692625460
0d464ca2ecba15a2577ec2f367561d35cc120e1be9ff738960feac7e80ff2d69052683dba9a0e2f8357b308da40953fbaecc8e823147bf3217c86c433053892f9697d5f20b6c8482e2e6e424a9fdd764374122a3df990bc336223ae609070be4ffc3c4b07f561e408032bbf617992ab0f28f7e642f90d886
0eceea5af53484523c3e36e4c6738e31b8b37ed9ae45929bf6255d92ef0e29851093e3523dc3d58f4e1443d0ff1607dc8fc1087a9362297ebbaeb27e1b3c2d806a1289b05261fa71c97f2c2b03ee47de743d51b114bf5dd7593f38dc59bf6ac722d14dfb12aec9778711e1f1b726339c72c452fd779f64fb
32c9e24c90140420624cb31ff43e64243db9e833cc8863836656795497412cd8b21f1e5efb43a4455b4cebe83f05527671934cd2b1535246f1d608161ca36aaf66a5aa603593c7a40e56eb22a93b38c7966960a9a92378eb040b121edcf419e64433c1b32b3c894ba103126598ffa1f322a6a48de3ac102c
3e87fffc04a7ff707fffc00903ffbe287fffc0255fff13fffc008841fbff3a1ffff01effff11ffff00240ffef821ffff003abffea3fff00221cdf0293d0ffff80d6fff50ffff801207ff7c10ffff802ddfff13fff80110c5f80d343fffe0211fff13fffe0043fffe0003fffe00589ffdb3ffe00441cde069
000000000000000000000000000000000000000000000000000000000000000000000000000000000000000000000000000000000000000000000000000000000000000000000000000000000000000000000000000000000000000000000000000000000000000000000000000000000000000000000000
0b8896dbd61aab00e88af134611cef38896dbd69eaafe288af1346d7ceed2e225b6f586aac03a22bc4d18473bc04f2a157e6c1cb9222bc4d1be33bb217112db7ac355601d115e268c239de227950abf150e5d1115e268df19dd91c44b6deb4f557f3445789a34ae77709e542afcd83972045789a38087763
3277692025c555131774cecb5ce2d2277692028dd55041774cecb8e62d1409dda480a37554105dd33b2e398b453b0d5da80cde33a1dd33b2e3dab44f24eed2404faaaa122ee99d96fbc5a31d86aed4066f19d2ee99d971cc5a2813bb490146eaa820bba6765c73168a361abb501ddc6733ba6765c7b5689e
2fb614a7aee061d0522f4beb75325e2b566462d6901d2122f4beb79525df2beaa27088af6f0148bd2fadd4c9782d59918b628074608bd2fade96977b1f6c294f61e0c390a45e97d6ea64bc16acc8c5b1403a3245e97d6f2a4bbe17d544e1157eddf2917a5f5ba992f002917a5f5ba992f117a5f5bd2d2ef6
32530a13a7d60403cae133a35d111c096ee6e63fc8d250ae133a39af11b10da04dae0025ae932b84ce8e3a446d25bb9b98ff234942b84ce8e6bc46c424a6142753cc07f395c26746fc223712ddcdcc7f91a4a15c2674735e23621b409b5c004b5d2257099d1cb688d91e57099d1ae888e17099d1cdba8d87
2cd7bfc20cd6164041eb8c5c6dbba5293db67569d8d1001eb8c5c71dba4f2f0ad9a8e72aba6107ae3171b6ee9424f6d9d5afa343e07ae3171c76e93c19af7f841dcc2c7083d718b8db774a127b6cead7d1a1f03d718b8e3b749e1e15b351d27574b20f5c62e36ddd28220f5c62e15ddd30f5c62e38edd278
2d20bb1a90151da3ba9d7414559a63221697c17387d943a9d74148f5a62207709c9887c68eb2ea75d0521c6989085a5f05d65f64e2a75d05249c98851a417635244a3b33753ae828ed34c5042d2f82eb2fb27353ae82922d4c430ee139310f8d1d61d4eba0a47ad3113dd4eba0a09cd3214eba0a497b3109
152077e005b7d1c257995a96b30fd52885ca7d0039db617995a96d82fd471ea4cd0da7dd55115e656a5b503f52395e656a57b43f61e656a5b64df51b2f526686d1deaa90af32b52da81fa93d2e0d5313d75542f32b52db05fa8e27f104f3589adc92bccad4b6a07ea432bccad4b3887eb08bdcdb8aa21cb1
3f4ea55d5f3cd692bec2dd3e76ec711948865597749e93ec2dd3ea02c7062a6f5d29539a0e72fb0b74fa5fb1c23afb0b74f6c3b1d3b0b74fa8d11c153537ae94a7bd07417d85ba7d2fd8e1338ec1e70303a833d85ba7d4478e0b0ce54f1a3a70b591f616e9f501638335f616e9f1a76390321cbf459b5f0d
29eb2e634dc57c9028f582080b3f64358db7ca18e60f328f582080b3f6403b1f90e8bc4e8660a3d608202cfd9000a3d608202cfd923d60820353d8fe1d8fc8745e27433051eb0410167ec816a04f71413025e11eb04101a9ec7f2425a0875fcceed147ac104059fb200147ac104059fb222f9d60b08210b9
1226e9c3f6c74631e9691eb27da571327c3ca8bf4f00529691eb29a857091b043010d868b4b3a5a47aca3895c337a5a47ac6de95d25a47aca7255c222d8218086a245a63d2d23d64fb4ae21195422be9114eb12d23d65392ae11394f42e7967e94334b48f594b32b852f4b48f591dd2b911bb7e7cc19aa38
30169febf065f8c14af8c1c1d7884d0b57f5d3623703f0af8c1c1ec284cb2ce7a8544cdf4e612be30707a02133352be30704462142be30707b0a132c1673d42a266fa73295f18383af109a1f93e05d9ae75ff15f18383d850996170d95100257edc257c60e0f4042662a57c60e0cac427115385278453464
00dcf30a61ab0db0bc3e1d8377285f31f74c711cf72f23c3e1d837f685ee310b432889609a92f0f8760ddca17c12f0f8760cd4a1830f8760e0a017b53885a19442a04d51787c3b06ee50be2dea76966f96fcd387c3b0702f0bdb33aae06dfa2ad691e1f0ec1bfb42f725e1f0ec19a943006a32651765d0ad
0b97ab7276107213d68e4ae5581b971aacfa36dc95930168e4ae595fb961243bc03c4b63b9e35a392b96266e591f5a392b94586e61a392b965c0e583121de01e25b1dcf3ad1c95caf2372d3edb81a097c41502d1c95cb2bf72c21ee7fe9df5568792b472572c8edcb13eb4725728b0dcc2767752d788a423
1af6bee27de04fb32caafd44d17da63e5ea93f282bdbb2caafd4502fda543ea633d6315a8a10b2abf5140bf6952cb2abf51135f6a32abf514143694e3f5319eb169d45125955fa89e4fb4b1b1a1c93f7e772d1955fa8a0a1b4a7042de9e7890934716557ea2817ed2a196557ea268bed31964f126480a021
3e0c7e88041bfff0c7e87fffc0087820c7e8801ca007907e87fffcc687f53831fa201cd001931fa1ffff0021f8031fa20017c02121fa1ffff31a1fec3c18fd100c5800d18fd0ffff8010f8018fd1001c601010fd0ffff98d0ff23063f4401cc003923f43fffe4243f7063f44000e804343f43fffe2143ff0
000000000000000000000000000000000000000000000000000000000000000000000000000000000000000000000000000000000000000000000000000000000000000000000000000000000000000000000000000000000000000000000000000000000000000000000000000000000000000000000000
18194d5ee1a3818140b8896da8c1ab0194d5ee32f817a00b8896dbd61aab2065357b8aae05f102e225b6e506ab065357b8cbe05e802e225b6f586aac30329abdc3470302817112db5183560329abdc65f02f4017112db7ac355600ca6af7197c0bd205c44b6dca0d560ca6af7197c0bd005c44b6deb0d558
25e6b0a11a387e92bf277691d53e561e6b0a11c8a7e873f277691fe7e556179ac2847121fa22fc9dda47d8f95639ac284726bfa1b3c9dda4806595550bcd61423890fd117e4eed23ec7cab3cd61423914fd0e3e4eed24011caab2f358508e243f441f93bb48ff3f2ab3358508e519f435393bb49010d2aa9
3c318ea6df870dd31406f5c41291660318ea6e3650dc103fc0fabff3b66130c63a9b8a7c37132140d42d1d24143975f98a9a115833d028e81bdbb80338631d4dc32e1b92280deb886722cb0631d4dc6ca1b8207f81f57fe76cc2218c753719186e124281a85a7c48271aca4a5dcacb5a93a051d037f97005
2eb84c45e4e9b7d024a3069af044442b84c45e7bfb7c508e14c46812cd713ae131179be6df20d7ce706107eafc326736d94c9b8fe27d956795920fb01d70988bcdf36f9049460d35e08888170988bcfc16f8911c2988d0259ae235c2622f3bedbe31af9ce0c20fd5f837ae401db5d91620fb2acf2b661f5f
033c0fee9c814550814fa60260b67d33c0fee9c8145501d116056d80dea90cf03fba72051541bffc42143c000c0aafd647d843b552ff15bfc0fea0bb06781fdd39028aa1029f4c04c16cfa2781fdd39448a9f3a22c0adb01bd5219e07f74e40a2a837ff884287800182d8155472e7ec021fe2b7f823f4175
0dda11263065f53045c67737da73f21da1126312bf52d15d15d502369f1e37684498c197d4c245f4dfc31af14e0971f9ba8e4f6382a33256eccd9dfd1bb4224c60cbea608b8cee6fb4e7e43b4224c6257ea5a2ba2baa046d3e3c2ed08931874fa9708be9bf8677e29b0004210a149cd0514664add9dd3bf9
31b5663d044714f2485e64e86e9c1a1c143263084f2110d077666266a95606d598f41d7c53907f4abac9708f840dd447a6af28c3529faec0b0ccc476236acc7a0cae29d03fa55d64b847c20768fe7141a197314fd7605866623b01b838e65eb57f60683bb3313354ab1242f3274374e0d0a903bf002dbe8e
3a332a95b6aea153ad501eab49b25e089acd7e58986af029fed69ef7599a28ccaa56e71a8513e1f3ff71485e2f0c2c851749ef45f1d4aedf3f38fb223466552b717d4293f0f9ffb8832f181c277eb82c997240ea576f9f9c7d91048e72ae9b029bc014ff6b4f7baccd1d6a80f55a4d92f3fa752aead8e6b5
13bcf915db425a13ddb7b499c3b07932767c83e6c5faa2254e02d02b9c320ef3e457712968323fb15cb005389d3adcbc9225abdaf35e0a958920e7832779f22bb684b4231fd8ae57e19c4f33bcc2b643ef9493af054ac46f73c2029a02e448cce48112a7016815ce193eedbda4cc0d83d34f59731a4d2be5
2889d17f36bfe510beb4b00f251bae3b95bcfd6db1e9d08856366c5a5d22222745fce33f9421d44a302d01b4f81e1e1ce95b4649b0fad049a1d6bac81113a2fe719fca10ea25181680da7c04d17e63334528a07d6824d0eb5d643ddc0311edb008f0442b1b362d2e9105f5a5807928dd7291374e1f953a32
31b9a2e4d9fcf57203e8684acf843f05bc0bd0f0f4bd13f4b3cb7eb3af4406e68b937453d59146cf16e3919a421ca9c3e16880f81109fca3b3a64654237345c9b819ead0a3678b71c8cd213352d0cacaf4cb6084fe51d9d3232a143fa00ec9b6ca51fa59e5bf59d7a2301f4342546c220180b4ff5f832fc6
0e45515154bedd217a7b8dbd9bcf7725922c3fc47b2b530aada661c455323915454552fb74831076c70643f79f1ac6a40dd4a56301513f29976a0e891c8aa2a2a97dba43883b638300fbd031d54c62537f5d92a89f94cb9407450d7850554ffcd4a18556d330e22a992bd3dc6deace7bc206e79852ec586e
24fa6bbcabf39de3f5ad1d4c52426b06997cc455673db31040bcefd73eee13e9aef2b80e776078e34e0b1eea8e3b23e66220c2b6e0e331cc98f0dc9b09f4d7795c073bb03c71a7058f75470cc0583be21939327198e64c576e4e34de3fe4afaf5cf188205e77eb9f773fad68ea608213625cbd5b938f8391
1ad72ca876689a81f8543798574f753b5b91fb628969a230468da0c4c38c2b5cb2a1ddc269f2b49d599e43a91d1a6a0c41c38cc1739466b1bff9797935ae5950ecd135035a4eaccf00d48f31f5ccba4f02d843ca3358dfdbbcbd22ac5e45a427fb71182346d06261c62fc2a1bcc0aa7bb2d7b5f713ce027e
3e0c7e0c82a7ff70c7e0c7e87fffc020c7e0c8055fff107e0c7e88c5fbfd3831f83216ffff131f831fa1ffff00031f831fbabffea1f831fa2317eff43c18fc19096fff518fc18fd0ffff80018fc18feddfff10fc18fd118bf7fa3063f064111fff123f063f4441fdff063f063f547ffdc3f063f4420fdff8
000000000000000000000000000000000000000000000000000000000000000000000000000000000000000000000000000000000000000000000000000000000000000000000000000000000000000000000000000000000000000000000000000000000000000000000000000000000000000000000000
393426460d40fde3a18194d5b24a39134264610dcfdd2218194d5ec0a38224d099184163f752860653578f28e12fd67be669f680c06065357b868e0632684c8c1ea1fbb3430329aba6947117eb3df334fb406030329abdc3470309a1323086e7ee910c0ca6af6051c11facf7ccd80d0170c0ca6af70d1c0c
04cbd7b9ec9f02305e5e6b0a0bb5880cbd7b9ece1022f1e5e6b0a0fd587f132f5ee7b27c08c17979ac282ed6201029041909a97e73979ac2843761fb0997af73d93e0460bcbcd614176b102814820c82c4bf43cbcd6141fab0fe265ebdcf64f81182f2f358505dac40205208321352fce32f358508b0c3f5
2af9ede47f1dbdd08fc318ea64f2711f93f82fd645dd30fc318ea6d3270e18fa0763c9a4df023f0c63a993c9c43e4fe0bf5d3774b3f0c63a9b4c9c3815f3dbc9025b7b911f8631d4c9e4e23f27f05fac8bba61f8631d4da64e1c31f40ec79349be007e18c753699387247e18c751179393e18c7536db386f
12374ab8bbf3fb720eeb84c43c889c07b2f13760a849d0eeb84c45d889b80d315042485d8c703bae131176226e1ecbc4dd82a12743bae131176226e0246e957177e7f6e01dd70988bb11370f65e26ec15093a1dd70988bb113701a62a08490bb18e0775c2622ec44dc10775c2621e444e375c2622f064dbf
10fe644558c915a2ac33c0febdb2152ba7feaa0c28c772c33c0fee6f21463fa56bb60eb6b802b0cf03fb7ac8522e9ffaa838e31da30cf03fba40851621fcc88ab1922b41586781fdbd6429174ffd541c718ed186781fdd20428b3f4ad76c218d6ff1619e07f73790a335619e07f3dd90b219e07f74c30a2b
2dd05f1d5fe6cac2b4dda112366c602d10d7ee70a2ab434dda1125fac5f60a2f2ca3c70d4332d37684495db17e34435fb9cacaace137684498b117d51ba0be3ac3ed957169bb4224aed8bf1a21afdce56556729bb4224c378beb145e59478e1a8661a6ed0892fd62fb15a6ed0891b363026ed08931622faa
2de76fffc0ee6af2c71b5663a2a27234f54c78cc636e0071b5663d00271501c0ad8c9cf7b9b31c6d598f0e89c62b1c6d598c7a89d1c6d598f4009c5420e056c64c6bdce18e36acc78744e3160d114ab04a7a70e36acc7a004e2a2e28c5f13eafa5e238dab31e5f138b1638dab31d1513938dab31e80138a8
20ddb362b7de9513afa332a91ed4eb323966ab00908712fa332a95894ea230ab953eade10892be8ccaa54153a91ebe8ccaa37353b3e8ccaa56a93a863855ca9f54e084535f4665527fa9d525708291d95b7921f466552b549d43195dbf44eefea9d17d19954ac4a7513d7d199546e6a763d19954ad94750b
398072c825595c017d3bcf914536262ee1fe17a2a405f3d3bcf9159d625b3974a27c1ebe0411f4ef3e4556d89725f4ef3e4304d8a34ef3e4573b89693cba513e0d4f0212fa779f228a6c4c0948dc0c54ac1363a779f22b7cc4b520cfc3ae24abea33e9de7c8aadb12e0be9de7c8a29b1329de7c8aeb912d1
2eb43bbbdb4590c2be889d17c64dff3b515c272413a8e3e889d17ef8dfe60d3977f072a1ded2fa22745f9d37fa1afa22745e113803a22745fca97f95269cbbf83740ef717d113a2fce9bfd233f8128b29a9fd3d113a2fe33bfcb1db9d2a6caf0e871f444e8bf7c6ff335f444e8bc227003444e8bf994ff29
0f6c621979470112a71b9a2e220dd000b418abcf47897271b9a2e4b4dcf62a3eb10a68236fc29c6e68b90c373e0a9c6e68b8883741c6e68b935773d6151f58853411b7e14e37345c861b9f0a4c260e75086af0e37345c9abb9eb11bba67c38e0308138dcd1725a6e7b1538dcd171106e838dcd1726aee7ac
1d1cbd6dd8f21230b8e45515096fee35f3f2a8ae4776b38e4551511afede220a6cb66ebcac72e391545425bfb822e391545215bfc23915454531fb753105365b354e564171c8aa2a12dfdc35e3c30592378bf31c8aa2a277fdbb15a93389c4e2fa51c722a8a88d7f6f05c722a8a84b7f70722a8a8aa5f6e9
22a2e78831f770108a4fa6bbc1fb3a0b60bb92b3c572a0a4fa6bbca3b39e0068b093433fb1c2293e9aef07ece822293e9aecf7ecf293e9aef28ece7800345849a19fd8e1149f4d7783f674204304584623d44149f4d77947673c1741df4be0ee7760527d35de51d9cf04527d35de0fd9d127d35de55f9cef
21da0f09d5c6c34161ad72ca70b68a2c93abb4aed314921ad72ca855689b1a3374739514584186b5cb2a04da272586b5cb27b2da306b5cb2a1d9a26a0d19ba39ca8a2c22c35ae594e16d143784217f0115e4a035ae5950ecd1353b486b22483cd0f30d6b965409b44e0b0d6b965385b450d6b96543b344d4
3e0c7e0c92ac7db0c7e0c7e0c7e87820c7e0c7fda7e7907e0c7e0d4487f53831f8321511f9931f831f831fa1f8031f831f9bdfa121f831f835121fec3c18fc190878fcd18fc18fc18fd0f8018fc18fde6fd010fc18fc1a890ff23063f0640d43f3923f063f068143f7063f063f16bf4343f063f066043ff0
000000000000000000000000000000000000000000000000000000000000000000000000000000000000000000000000000000000000000000000000000000000000000000000000000000000000000000000000000000000000000000000000000000000000000000000000000000000000000000000000
216ee6309b19c6108b9342645810102cdfb0a726d16610b93426460500fe3b37ec29c69c59922e4d0991604040337ec29ca3859822e4d099181403f83d9bf614e13e2cd1172684c8b0202019bf614e51c2cc1172684c8c0a01fc366fd8539158b3105c9a132302807f26fd85394b2b3031c9a132306a07ef
1c9117cf4e463843744cbd7b65cff133202f58b0ee7a1344cbd7b9b6ff033cc80bd629239e91d132f5ee5d3fc10c80bd62d019e811132f5ee7a1fc093e6405eb1281cf52e8997af70d9fe126405eb165fcf4128997af73affe05399017ac56673d13a265ebdcba7f8219017ac5a033d022265ebdcf43f812
06c189eabc35960013bb335811153b2c189eabc7795ff03b04d3fcc3f3bd1b0627aaf0d658032011ca7c51336b1d74ca80eb136783bd384d0f1cad730d8313d5786b2c00277666b0222a7618313d579312bfd07609a7f987e77a360c4f55e1acb002402394f8e466d522c7ec4a68af79437a709a1e7b5ae5
36da6c2a250896d246a14aa51e34242da6c2a286296c32adf9050d01cb691b69b0a8a0825b115fc7808a43aa7a3aef2fe975534f62fd266a29d2078e2db4d8544e312d908d42954a7e68471b4d85451072d8515bf20a1a4596d136d361514104b622bf8f01148754f408be323e0b689511fa4cd453e60f1b
373e74153daa6810a792104a92e1ad33e7415410468030353ca9f0e591a81cf9d0550309a0125905eb3504accc0b48dff0f90c62108fb051ce4f6cb82e7ce82a7f74d0114f24209525c35a27ce82a824ad00506a7953e1cb235039f3a0aa06134020b20bd66a4b59972eb36899701019a11f60a39c9ed970
072591d5d4d76740fdd17177fb950d32591d5d519673f0ddc579050eb0cb1c964757535d9d012620c8c3e175b91c5225a38dcbe7f0a5f0e6f82de4b10e4b23aba9aece81fba2e2eff72a1a24b23abaa74ce7d1bb8af20a1d6196392c8eaea6bb3a024c419187c2eb7225c478dc1395d9314be1cdf05bc962
1750bf03fe1a4e83fdead46a4e358435c9bed288a2ba80293e5e822e3fef1d42fc0ffc8939f3557c78d130f52b34aa7964b497290002caa12feb1eda2ea17e07fc349d03aabe3c68777a963ad417504248ca1001655097f58f6d2e92ff1e1ccf4c22149f2f40f61ff81fef56a35271ac236f3b7ffde67358
33390c24c52716f00b690f8bdb0c7918f8e66f37dfc5120b8de4a42efb590ce4309320fc5b915a57c2f2c7c69e0da4e8dacb2cae615aeb17549b821c267218498e6e2dd0ad2be17963e34f3ce3b099eb282680ad758baa4dc10e0cbd7f270aa648d305c6f251f67dad205b487c5cc863d306ed9b159df4a9
043f48ab20a6cc8002b108e050d7b63a9b75d82c8d21e074e3473520101110fd22ac829b3202d396adc931d5951b70a1e340e877e09c5fa71cb0b700087e9156414d990369cb56e477eacb0406b55ed39de3004e2fd38e585b8006ac7f8e6bb078223a71a39a6f0809001588470286bdb1cc0396412acae0
2f5fae0c884702b21c7d852e8cf59328f385d28e63c3b264e3886421fb6d3d7eb832295c0aa34b6d84aae31c8b1395403dd9edb1406d0591817933f21ebf5c1914ae0553a5b6c255508e461f8d100d7088dc703682c8c0bc99f9348ae77c7e08f5e33271c431effdb730e3ec297257aca175a1dddeda2c86
2d98423a9c6ea2f3edddc46d885c5003a6012d13ef952294098dac51304c366108ea79fa8ba0eea4876ef8fa8414519951f46c58538753ac69984a761b3084753cfd45d0775243b77c7d422f26bb8310ea7b81c3a9d634cc253b33349abcd92436614a04c6d62898261f6eee236c42e2827b6310cba93809
32336d911cd17d705c3f8a63e5d3e72473f03c6ac52fc126ed70c55c9c3608cdb6447fa5f5929786b99f2a0960164db4006dcd74c1c23e5325472a9b2466db223dc2fad14bc35ccf9504b02f98d45ba0136672e11f299282954e2ce93253a111d6e09376b862ae4e1b22e1fc531d1e9f42e8e5eb6ea69092
090282c7e9d6d5c0771dd10de7c0da071aed7816babc23274bf9059325ec240a0b1fa75b57027ea61d106ce44e3d29a9312610b0a13f5ebcefe078931205058fd3adab813f530e883672270dc339a364c036129faf5e77cf3c4a151ef83e92691c2193a5fc82c992f603b8ee886f3e06d315173c416ebb81
0108f38bc839bd8114c26c9adb7fdc1e78003066db9a03f729ddc7ffca000423ce2f20e6f60326562da8126aba26dbc515cc958312aff3f25d6993470211e71790737b01932b16d409355d382ea9245387391357f9f92e93c9a4143a9560265113a1fb94eee3ffe50008a61364d6dbfee10ed0784eae361a
27ff7e0c96cc7da3f7e0c7e295e0b93ff7e0c805e7df737e0c7e0e4c0c711ffdf8322171f763df831f84ed83113fdf831f9fff8291f831f833c631f10ffefc1910b8fbb3efc18fc35dc1813fefc18fcdefc0d2fc18fc1aca18f13ffbf06400e3efc3bf063f080d06313fbf063f231f0593f063f0657c63ea
00580000000000018000000041ffff0580000000000003ffffffff3a00030160000000000001ffffffff3a000316000000000000000000000000000000b00000000000030000000083fffe0b000000000000000000000107fffc02c000000000000000000000c5fffd2c0000000000000000000000000000
364da7e65ecd6f32cbcc037a47f7b23acbcc0376abf7c21bd5116c18cbae0eb2f300ddaafdf286f5445ae532ec2b2f300de70fded385bb98c23ae719275979806cc57f01437aa22d72997635979806f177ef7037aa22d873975b1d65e601bb55fbe10dea88b60c65d7165e601bd23fbd930b773184b7ce31
0ab156198a928f212413fc667de84b152413fc6533e850e22aec93a33453354904ff1634fa21388abb24d84d1514904ff198efa13072445f3d3918e11aa4827f8b1a7d129c455d924b268b2a4827f8ca67d0a1c455d9274668a62a9209fe3089f43271157649b09a2a29209fe331df4260e488be7a7231c2
20e4e6fdfbe09d13de4d8ff10929de0e4e6fdfdf09d081e4d8ff14709dd103939bf7f7c2742379363fc4eaa7753939bf7f7c2742029404ece0f6022c01c9cdfbfbe13a13bc9b1fe25453bb1c9cdfbfbe13a1014a0276707b0116072737efef84e842f26c7f8a174ee932737efefc6e83f12809d9c22e0457
0676928270e4e1f1852d123c276f9927692827126e1ef052d123c402f98a19da4a09c39387c214b448f0dfbe631da4a09c51f87ba0777244a445cc030ced2504e1c9c3e30a5a24784edf320ed2504e28fc3dd23bb9225201e60233b4941387270f80296891e2017cc53b494138a3f0f740eee489488b9806
097950b33d22cf71790648b389a62c17950b33da6cf6e390648b39e462bb25e542ccf48b3dc1e41922ce6898af1e542ccf6dd3db7340f13c5965fff812f2a1667a459ee2f20c9167134c582f2a1667b4d9edc1a0789e2cb2fffc0bca8599ed367b73c832459cd1315e3ca8599edba7b6e281e278b30dffef
112d31cc4df7ada1433f14dec1805f12d31cc4effad9c033f14ded6205eb04b4c7313bfeb6710cfc537b48017b0b4c7313c40b66f1a39782214e31c9225a63989bef5b42867e29bd8300be25a63989dff5b382d1cbc1108618e509698e6277fd6ce219f8a6f69002f61698e6278816cde3472f04429c6392
151438d338ed88c2c1ec53e008f0a411438d33a3788bb07d3afb058735721450e34ce7d622f3df9bafaf59b520050e34ce92022eb1f4ebec161cd5c82a2871a671db118351f6929e79e5de22871a6746f11760fa75f60b0e6ae428a1c699cfac45e0e21e7fde2ae441160f629f00478520ba85f81ff0d274
0f8ac4857c7c24d24da497bea89a8c38ac4857d4224cd25b531a20e780c83e2b1215f1f093413c0d8c4c7ef52b22b1215f5ce933116d4c688422031e1f15890af8f849a3fc064782dc5203315890afac649990b6a6344211018f3c56242be8012673bf1d1d4fcc7d66126d24bdf544d46399c861260838b8
131742c8597f4270dde53efefee42f31742c85a87426c0775a36db66c88e0c5d0b216a1d09b2b6e4ebd0e601b305d0b216ae309ad1dd68db6d9b2238262e8590b2fe84e3871be0e74bcee222e8590b55084d70eeb46db6cd911c18ba1642d43a136176f13211f3acd526ef29f7f5e7218021fa4559053664
3517ef77295d95d24d488fc79b4016117ef772cb795c3038c42277511b2b145fbddcb1d65713d536c8953ae89a05fbddcb320570b0e31089dd446cac2a2fdeee56db2b9289fd66b0a19fbc22fdeee596f2b860718844eea2365628bf7bb963acae2220f5be737a624e126a447e3cda00b37afd7064213816
3788abef0ef65273bc6dd42c3d423d388abef125052632a433cdcfbada7b1e22afbc483949915f4e672be94f21222afbc4a074989290cf373f6f69ea2f1157de220ca4d1896f61379364e631157de24e2a4c5148679b9fb7b4f53c455f789072932252f7d2508323e53de36ea15fda11f36cc211d4c27518
28b0b68f317e9553a1b039ed3296e70b0b68f341295460ff187f60d28fbc22c2da3cce3a552223fef56d898eb12c2da3cd04a55183fc61fd834a3ef011616d1e671d2a91780f10f15927471616d1e68252a8c1fe30fec1a51f780585b479a094aa3249b9c1aca08ab03d0d81cf6784b743919b6c88c58bec
06a175c2b1fed0b075ffeb3eaebd202a175c2b240d0af020e874cbb2dd251a85d70ac7fb42c3e5ba23beb1e800285d70ac98742ba083a1d32ecb74940d42eb8563fda1618b42be77d25d53142eb8564c3a15d041d0e99765ba4a350bae158ff68580798f1185a6263403afff59f575e9004814163f4eb6ae
305ae026acc5aa002fa34ac18c3a4b05ae026afdda9f409b1eb78a3f1e9a016b809abf76a7d1e933894491a59316b809abf76a7d026c7ade28fc7a6820b5c04d5dab53f29128aaa4b06ffe0b5c04d5fbb53e81363d6f147e3d3402d701357eed4fa0a49cc0c8feba68217d1a560a51d26008479c5e41cdec
27ffa7ff96cc7da3fa7ff7e295e0b93ffa7ff805e7df73a7ff7e0e4c0c711ffe9ffe2171f763e9ffdf84ed83113fe9ffdf9fff82929ffdf833c631f10fff4fff10b8fbb3f4ffefc35dc1813ff4ffefcdefc0d34ffefc1aca18f13ffd3ffc00e3efc3d3ffbf080d06313fd3ffbf231f05913ffbf065be63e9
00580058000000018005800041ffff05800580000000000057ffff7c000201600160000000020015ffff3a000316001600000000000160000000000000b000b000000003000b000083fffe0b000b000000000000b0000107fffc02c002c000000000002c0000c5fffd2c002c000000000002c00000000000
27a93cc52174cd208519ef95c9d6ec108519ef94c1d6f1b0b3d321e4bf571421467be42875c16c2cf4c868afd6021467be57275bb1d9369f996ab5bd0a10a33df2143ae0b6167a643457eb210a33df2983ade36167a643c97eae28428cf7c850eb82d859e990d15fac0428cf7cae4eb763b26d3f32d56b7a
1955c439c7eb31336af6004afc09113f6af600471e0921504b2addd740aa2fdabd800fb782525412cab754d02b3dabd80128d824522ac55866094a3d37ed5ec005cbc1332a09655b8968163ed5ec00925c1232a09655bbae81541fb57b00238f0490a825956eeba0553b57b00255d04890558ab0cc549479
0c6f84a1f7aa58408827cf98c2dd2f06f84a1f870583d0827cf98cb1d2ee31be1287dea96102209f3e630b74bc1be1287e1c160f410a94d6c1b8d6a118df0943ef54b081104f9f3185ba5e0df0943f0e0b07a2854a6b60bb6b51237c250fc172c1f0413e7cc658e97737c250fc382c1e821529ad8371ad42
2899941a4b0c1383b5469001aa8811099941a4da0137635469001e4481022266506934704de2d51a4007702041266506936804dd807dd1b60e11e9e0113328349a3826f36a8d200397102113328349b4026ec03ee8db0708f4f004cca0d26d009bb1aa34800f2240810cca0d26d429baf0fba36c1c23d3c0
1489f0f26307ee42830a3b1d339300089f0f26451ee3b030a3b1d5cd2ff61227c3c9903fb8f20c28ec75524bfe227c3c99147b8ec1c1edd6c84334e72913e1e4c60fdc810614763aa925ff113e1e4c8a3dc762e0f6eb64009a74244f8793207f71e01851d8eae697fb04f879322d171d7383dbad908669ce
386af8534e01a2211fa78507dac7c206af853519da2121fa78507eb47c1c21abe14d446688507e9e141fad1f071abe14d467688480bdb38c671c0a8b30d5f0a6a02344323f4f0a0fb58f840d5f0a6a33b442425ed9c6336d05460357c29a8ced1090fd3c283f5a3e0e357c29a8ced109017b6718ce381516
21466ac239f067e1e50b43fcd8e2731466ac23c0067d82af29fcd17e52660519ab08f0019f606c177022997c5c119ab08f0439f5f2bca7f3467d4996028cd5847800cfb1983472d819c97c28cd5847800cfb015e53f9a33ea4cb0a335611e0033ec1fb1600c42672bb2f285a1fe4b713a0a8a1c699c76c46
08d750a31952def3166671851e3ca70d750a319d6deee2e770b68907a275235d428c654b7bc05f14f366977d9635d428c675b7bb839dc2da24a289d211aea14632a5bde18d89fb100996381aea14633adbddc1cee16d125144e906ba8518ceb6f772052beb83fd8e3c38b3338c26e1e5427c56242bc2e127
3f4aab6a746290f0146f60dad5cb7e34aab6a784090e13dffc5497cd3d823d2aada9ddea4393910d733fff9ef012aada9e1c8438137ff1525ffaf6053e9556d4ece521d1f430249ef99d8029556d4f0c321c13bff8a92fdc7b033a555b53bff487132b4240f026e74f00a37b06d6ae5bf298ba1642aafa14
3c0de266817fca41ac778550f686fa00de266855dca3122bb37b0c3f896e3037899a125f28d151f29ebaa8042a037899a157728c40aecdec318225b6381bc4cd071f9471485b51c3582d8401bc4cd0abb946205766f618c112db206f133428de51911a6d6abe12996f0d63bc2a87b437d3a8bf7bb929ecaf
378648a861805ee396396954de093d38648a864da5ed3040ed2059c74a7b1e1922a192617b50c67cbbce6c6b2121922a1942f7b49103b481671d29ec2f0c9150c720bdb13d068b88d4f2e630c9150c9f6bda5081da40b38e94f63c32454324c2f6a121547b95895be53cb1cb4aa4e049f3bc455f7856b294
2644134257052400d77b6c434981f02441342595723f705bcba4bf6b405719104d0964548fe2fb2bbec51f3ad81104d0965e08fda16f2e92fdad015c0c882684b22a47f3e3a5759d02fd5b0882684b2f047ed0b797497ed680ae32209a12c8a91fc3f813545bcbe2fe06bbdb621a4c0f834585b4796af4ab
192f8395bfbfdbb156dd1c2dd36cd612f8395c14bdbaa22ebb83bec3d88224be0e57031f6eb3692ee77b86a6d70be0e5705716ea70baee0efb936206325f072b7f7fb7634cfd20561bbcbf25f072b8297b75405d77077dc9b103097c1cae0a5edd53807898ff0da3e30ab6e8e16e9b66b2350bae156ef686
278bdb4d11f4e7c33f55b10b38166f38bdb4d1446e7b7196451c2814e0ce1e2f6d3450139ee227fd226c07162022f6d3451e19ed92591470a09583370f17b69a2809cf70b08d77388c2844317b69a28cfcf6d32c8a385029c19c3c5eda68a0273dc1222ff317e99b8239faad8857b0b38182d70135662d50
27ffa7ffc0bf7da3fa7ffa81c5e0b93ffa7ffaa517df73a7ffa8014c0c711ffe9ffec93df763e9ffea01ad83113fe9ffea1cbf82929ffe9fffc631f10fff4fff649efbb3f4fff501bdc1813ff4fff50c4fc0d34fff5000ca18f13ffd3ffd507befc3d3ffd4018d06313fd3ffd41c9f05913ffd3ffdbe63e9
005800580058000180058005c1ffff0580058005800000005800577c00020160016001600002001600153a000316001600160000000160016000000000b000b000b00003000b000b83fffe0b000b000b00000000b000b107fffc02c002c002c00000002c002cc5fffd2c002c002c00000002c002c0000000
0a316e20b839c7a1082fa8e3ad7f6239082fa8e0117f71e20f6800a346b51e420bea36fc5fe37883d9fff751ae2420bea38ca5fd929ea4f31464d3350f2105f51b7e2ff1bc41ecfffba8d732105f51c442fed3c41ed001468d6a3c8417d46df8bfc2f107b40030a35b08417d471d6bfb113d49e6290ba669
36cd92de342536b2e7e0472d08609b16e7e0472bbe60a11eef98fe18b94c25b9f811c8df983047bbe63f862e531b9f811cb3198271655710e70f2cc532dcfc08e25fcc2223ddf31fa2172a2dcfc08e577cc1423ddf31fc3172980b73f02395df30508f77cc7f0c5ca6373f0239663304e2caae21ce1e598a
2582b02c93b09671bae07972eebfcb182b02c960296673ae07973077fcaa160ac0b2570259a2eb81e5cbfcff2b20ac0b2584c599b1b8bf4d51977d8e0b0560592b812cd375c0f2e5dd7f9630560592c052cce0dc5fa6a8cbbec72c158164ae04b341d703cb983bfe550158164b0dab3353717e9aa32efb1c
0bd3763d4e7eb4c35368c01b2e9c843d3763d4f02b4be1368c01b643c8332f4dd8f539fad3014da3006d80720d34dd8f53cd0d2f50065dbc6d8b06a617a6ec7a9cfd6982a6d180369f39073a6ec7a9e47697b0032ede36c583531e9bb1ea7815a5f29b4600db00e41a29bb1ea79e3a5e900cbb78db160d4c
000ebc03049905c2cfbb4521210b5200ebc03049905c00fbb45214e6b515003af00c126417033eed1485082d4603af00c126417000ee3057c4eb4962001d780609320b819f768a428416a301d780609320b80077182be275a4b10075e01824c82e027dda290a525a8b075e01824c82e001dc60af89d692c4
10991f911719ab20021b61705d58610991f911821ab1c021b61705d5861002647e446086ac70086d85c17561842647e446086ac7015aaaa6831c325d21323f222e3356400436c2e0bab0c21323f22304356382ad5553416d192f04c8fc88c10d58e010db0b82eac3080c8fc88c14f58df2b5554d063864ba
15c9f6f46c9cef221dce671bc556a11c9f6f46de6ef1b23b5c2ec08795451727dbd1b693bc714f23fc9e4b4d14327dbd1b7ddbc6b0ed70bb02a255122b93ede8d939de4209bab915f2b1d8393ede8dbcdde36076b85d81512a892e4fb7a36d2778e3c12f19bb8a142b30ee7338dc1ab5110a335611cf833f
2deec9efa30c78108dfb3a4721ce121eec9efa5e27805260bd42a6acb92f37bb27be9471e0223d68166ddfc3453bb27be97cbe013182f50a9b36e4ba1bdd93df4a38f0107cb38c93ceb90f3dd93df4bc4f00a0c17a854d9b725d2f764f7d2d03c031c1d23192d01999046fd9d2390e709246ba8518a996f8
3210d79ddddee8d077329764f149b3210d79de0f6e8c420c2fbd3a0920d008435e7783dba3111c1a4d68af97c30435e77845fa30e030bef4e8a8833e2421af3bbfddd192b9b691b33099ea021af3bc22fd1870185f7a7454419f1086bcef07b74622415bf54144d8f623b994bb257a4da3fa555b53821488
333c295c7500a74090e6e47ffe571d33c295c7818a734072a96dfbb48ba20cf0a571e0629cd0e3b01b768544b70f0a571e1289ccd1caa5b7eed22e88267852b8ee214e73113a102125cdcb27852b8f0734e670e552dbf769174419e14ae3c0c539a03de86435cd1a8924873723fde2b8f1e06f13340bfe52
0f5488a600d0e6407a394320a67fdd35488a60196e63d280eabd12f4b4883d52229803439900567c22fcc845a41522298072198f1203aaf44c56d21e1ea9114c01a1cc8305063f1fe1e0282a9114c036fcc79101d57a262b690f3aa445300aa731f0415349f24110eb23d1ca190323fef1bc3245430c02f7
0c0950d5b56912e12b54a20e76705900950d5b62f12dd1995f01727c26e630254356d5a44b804a9095f214f47b0254356d8bc4b742657c05ca329b971812a1ab6ad225c08b57e1339eda2c012a1ab6c5e25ba332be02e4f84dcc204a86adaf6896f296dd02b5755645295aa51071a382d132209a12b82920
15039623cdd7bf729805fd0aefa8e71039623cf21bf6b241499191d1998d140e588f3b7efdb06dd26af07b971900e588f3cc8fdab105264647ca66322a072c479baf7ee1cf4ee2109634e02072c479e437ed6082932323e53319281cb11e76fdfb6189bf9fe8b5846834c02fe8556d4742c97c1caddcfede
2a94d27e0ce93873cec8c0bd952163294d27e0f7d386628d76174e69900c2a5349f83be4e1a065c96135bd41ef25349f83e78e196235d85d3a2a402e1529a4fc1df270d1cf73969d463e2c129a4fc1f3c70cb11aec2e9d15201714a693f07be9c3319dc870ab13f3213e764605ea990b213c5eda688fa73e
3bffa7ffc4dfa713fa7ffa81c87fe93ffa7ffa98ba7f23a7ffa80175ff712ffe9ffebcde9f13e9ffea01b7ffd13fe9ffea0c49ff529ffea0006dfdf137ff4fff6cdf4f13f4fff501c2ffe13ff4fff51494ff334fff50011dfef11ffd3ffd5cdd3f13d3ffd401a1ffb13fd3ffd41cb3ff113ffd3fff0dfbe9
3fd80057fc380091800580053e05813d80058001600590005800577c58023f60015ffd400192001600153a16033600160011e01610016001600160003fb000affc900093000b000a7c0b023b000b0006e00b1000b000b108affc3ec002bffea00290002c002cc62bfd2c002c0027e02c1002c002c002c000
272ccb36811a7a135150d2c767e63707d40c998ebd1da3c497995c190bb021f50326619f4770f125e6570642ec249208b28fe9d5d228c5b882bfe71f0e59966d0654f412a2a1a58f11cc6d0fa819331d7a3b43892f32b874175f03ea064cc75e8ed1e24bccae0c85d83a8a8696392f31c0518b7105c1ce3d
215235c8840486e09ebf1d48ca29b8001c03568972f2433c6767a263f352000700d5a25cbc92cf19d9e877fcd53b2e370dabb66a41db364b78c014db02a46b910c290db13d7e3a91945370003806ad12e5e48278cecf4509e6a3000e01ab44b979219e33b3d131f9a904f5f8ea46514dc3b66c96f18029b6
09157081c83d6ef36882d422d3597f12644dd804319cb3071ac2bb2062e81499137600046730c1c6b0aec818ba1da20b508a4566031d0bfb7bf716872a4c89bafdf233a060e35857640c5d0ca6f2f89aebe3a38e85fdbdda8b44293226ec0008ce61838d615d9031743b4416a1148acc023a17f6f8302d0d
2023db01758cd923f399e8a9b053552b3f1cbea95dde3019c5e3d957bad41acfc72fa94f7790067178f655eeb53fce67a2a3a94d63934544f956d12c2d67e397d297bbd20338bc7b09f75b295e0be86f5db2c1c9a2a27cab6896359f8e5f529eef200ce2f1ecabdd6a3f9ccf454b729ab3268a89f2efa257
1283d7b5c00c0383fc7607663fbcbb273035a015258bf2e7391d2567462d19cc0d6804416303b9ce474928518c1ff1d81d97f6f2f09c438407718dc00ce606b40220b181dce723a49428c6268213f7ac626d504e21c203b8c6e033981ad00882c603739c8e9292a3173fe3b03b2fede5e13887080ee31b80
3540dec50c67b650878d1bed5eb6902b0c7fa9446b1993f9e43e435c9e1a3ac31fea4e02c672fe790f90b62787021e346fb57ada40bb63437a4092813d618ff524f163437f3c87c83a13c403392ce784f43c625db1a1bcff494135863fd4a0258cd1fcf21f21ae4f0d043c68df6af5b48176c686f4812502
1f60a1d35c65aad04d169fdf0669692693cfcfeac51e512fdfbaf2cac1cc3d82874d75b6ab320c44dfaacb98362e379c3f01f0dbc0bf7eebcb6d072f3ec143a6b8cb55a2684b2a9c32d769171bce1f80f86de25fbf75e595839806f8079ccff07e013b70dfd4ccaa6e1c6f387e0801b770ae4fb7a364e779
23a54e1c922eefc2484cb1dbce0dac13e88de8d9470b8205d4bbf33eb2c80e95387250fbbee126adf4c114c1ab15de7a47a05b9b201752efcd7ecb1e074a9c39287ddf73f1567bbd2738430aef3d23d02dcd900ba977e6bf658f2a3552e3d949ec13945dee38f816662bbcf48f40b736436f764f7cf763c1
02066e285f804f227e5efa28065d790444e4d6887cfb427ef5e96d6a5d280819b8a17e013c8138cbd87587e6d913260a75f8affaf1fbd7a5b62d749e040cdc50bf009e42c80f57399cc1752993053afa47fd80fdebd2db16ba4f2b81370d958864e27abf0b5af57722264c14ebf15ff5e39086bceecdf747
12a80f3a869505b15059c8ef512f2b3743bc51b9a0716069d7b4f1a80c7f0aa03cea1e7416b3e17bad33d0a4ef23a4c4e9c500f4e1a75ed3c6a031fc25501e750d2a0b60901fd9000d7de611d26274e2807a70d3af69e35018fe1bb302bc15b74cb2397f87b0a5daf8074989d38e21e9b199e14ae3a8053a
1c05499ba9e06b529fb627205ce0e610ac539e522f9eb0d8b8fd10acc50f3015266eaba1ad30ec6fb2fc25c9c63c1b7ad6769f4b7362e3f442b3143c380a933753c0d6a35000071f90a2393e0dbd6b393fa5c1b171fa21598a1e19b7c3f57a543b216d3a69f0fc192f3836f5acf15e96d07aa44530068732
36fa52b1970dd6b171b0f5e7a7b29803ab2b19877314c1ff243f05d24ad51be94ac668975a916401e556d9fd770c9a354a47104553fc90fc178b2b532df4a563323bad51181088e6015eaa264d1aa5217822b3fe487e0ba495aa1c84cfc22f68c960c9bfa17f41683c19346a948e208aa0604a86adab4897
03140490ac3e55d1a7c33e33e0026534078207328904933d1da41fcf31710c501242b0f95740acc76f93fafd1209e1c5789f64a520f476908002c5c106280921587caba3eec9646234e7dd04f0e2bc4fb252927a3b483fe062e10b9542862260405207a9a92fb4505a13c38af13ec94a42a81cb11e4dbdfc
3433f5cb39e57cf3a2f95030a7a6a8215c4020210af1c3d07f0e7f4fe45d10cfd72cf3f5f393b68b9f01c557043188a38139af649341fc39fe0591712867eb9677eaf9d177d4b5836b48b638c451c09ac7b253a0fe1cfee1c8b915acb5580368bf803f4cec43a81d4923114702777ec91354a693f04649c4
3ffffbffc4dfa713ffbffa81c87fe93fffbffa9cda7f13fbffa80175ff993fffeffebcde9f13feffea01b7ffd93ffeffea1cc9ff13effea0006dfe913ffff7ff6cdf4f13ff7ff501c2ffe93fff7ff51cd4ff13f7ff50011dff413fffdffd5cdd3f13fdffd401a1ffc93ffdffd41cb3ff13dffd3fff0dfd31
3fffffd7fc380093fffd80053e05813ffffd8001600593ffd80057be58013fffff5ffd400193fff60015be16013ffff60011e01613ff60015fbf60013fffffaffc900093fffb000abe0b013ffffb0006e00b13ffb000afbeb0013ffffebffea00293ffec002bbe2c013fffec0027e02c13fec002bfc0c001
1c48550c49e1f40109ee2f48c98562198ca9f60ed4bcd1ef5887a2ddadf036632a7d809d2f407bd621e8b76b7c2b747e2494685280117f83514a0db33890aa1893c3e80213dc5e91930ac4331953ec1da979a3deb10f45bb5be02cc654fb055a5e70f7ac43d16ed6f8084f717a464c2b13396659b3e7d3d1
2c403372bb3d0cf37e99c0c7688a8d2efbddfa053b53229926795c65510f2bbef77e7f3ed4d1a6499e5708d44436ada19ba737ed92107c80aab9ee4d188066e57a9a19d2fd33818f1315191df7bbf40e96a631324cf2b90ca21d177deefd029da9934c933cae11a8883bf4ce06393454710a91ae44202437
3e2d31de961dbd02dc2ea8fc4cc00523e063a517d67ce1d3beeb7f23ab2228f818e943e59f4274efbadfa7eac93b70baa3ee1b00212455c2071075bc147c0c74a1f2cfa33a77dd6fb2f5651fe27001a1444f712998627560cb9f11f031d28beb3e70e9df75bf91d59136e17547e056003248ab840e20eb78
189ec6c3398ce6b2395bb0e678421532edd8dae11eb75225d1d8dccf26123cbb7636b52fade28974763712c98538e56ec396c90862808f6c05b533651e5dbb1b5a97d6f344ba3b1b6864c312fbdf4aaddb78231da68b08162cbd3976ec6d6e7f5bb112e8ec6e67930931cadd8731b210b1011ed80bac66c9
37848e183fcade026f5b60eac5027f373b9bc836333362e4e1b2eee07d2a2dcee6f20b7ccce2b9386cbb971f4b19bd6d83aa0c0a004a0f5ed700300e16e7737905be66735c9c365daa8fa616558ed8f28f113047a8da662384fb1b9dcde41b1999b17270d977703e95337adb0754181400941ebdae00601c
02c06a43fac880318a2a2552da1b4503053797f8f7b852128b8ab3b2afa030c14de5fb25ee2084a2e2acecabe83628a89548506d23d5037b14001eda1860a6f2fd92f710425171567655f418ea419af9f1675153143c18277eaa21829bcbfa6bdc310945c559d957d02c51512a94c0da33aa06f628423db3
21aa00911ee1dac26f9d4df84442d01b5dd7a4a17b7e5305b1c8afbc0a2406a8024483c76ae1be7537e1950b3e198f01933b7196907a8b4d03281f600354012241e3b570df3a9bf0ca859f2cc780c99ba8cb503d45a681940fb0015d0b872b4bae02bdbadfa565e400272b0a249aa0056035e709e88c0c44
1798debdb5548dc3bd81973cda3c9b1ef60ffe1dd732822e9bb5fc7eaf0f1e637af6d97236f2f6065cf42ef269359bfd54445d5cc1f8f4a7e76882642f31bd7b6aa91b837b032e79f679351acdfeaa222eae60fc7a53f3b441322fbc13ee7b91ff911b5e99f52abdec1e2d18a955884b23213b2fdb5bdde3
0ac3bad86884cf21c8699821304dda22e298acb2ad4bc3f1083476b2e3382b0eeb61a2133c8321a660850337670977eb96fc3920f02d7e0c08f57fd5158775b0d1099e4390d33042609bb424bbf5cb7c0c908216bf060459bfeb3ad010f8aaa08d208e706460b0100f37a211635acc5612a61fbb6810a0ed
26fe7c341e52d6906a7db3d2326f7a22e0684be6e101d1d7658dc13231351bf9f0d0818b5a21a9f6cf48c9bde804ebcd8cd1a4d7937ebda8c27685b20dfcf86840c5ad10d4fb67a464def42275e6c666c26bd1bf5ed4613b42d9318158b92a4794f2ecc510140689db03651231ca7a8fd29652c307a2196e
3262010b2cca7ed08980f70557754d1041ee361dcd53133a2d4887b3ab3c0988042cbf89fb122603dc155dd534079d8c7b4d747b80c78db06228ec1224c402165db4fd911301ee0aaeea9a03cec63da6ba3dc063c6d8311476091982914160231550b33046a90e9c5a15ada1de7bf81631f643ef4262ca17
025923dcd6b91e4367c4317683167b26cf54f7d7bf3d8290148a124e3d3b09648f735ae479019f10c5dad259e91d4fcafb3df90391d6f4ee1c9b01f504b247b9ad723c82cf8862ed482cf52ea7e57d9cec81d2eb7a770e2c80fb2e16e4b1578eddc0f2fde86003128d15ed5bc121d7f2d162c638e39462a5
2e959cbb83a6bde14ac96a7fc1eec8204c8cb1d8d93d901bc2b79479c27f3a5672ee16daf7612b25a9ff49bb1f076e756ba2c4631330850e5cbb43d71d2b39770b6d7bb29592d4ff83dd9023b73ab5cf5231939842872e3ca1ec01b7c7db75885cd326f973f28c9d211be7ccd6851b345331b83cadb1ae90
0f8889fd11439b204a0afc1a9a88750671674507f973c17f3c38e81e836f3e2227f4450e6c81282bf06a6a21d42dadfa136e823161992cb95d4a16ec1f1113fa228736409415f8353510ea16d6fd09b74118b0cc965caea50b76083748ea76e000830f8770f31c7622274eed28c5a78a53f18902d8dc6052
000000001cffa703ffffffc1c87fe93fffffffdcda7f13fffffc0175ff990000000010fe9f03ffffff01b7ffd93fffffff1cc9ff13fffff0006dfe910000000018ff4f03ffffff81c2ffe93fffffff9cd4ff13fffff8011dff410000000000fd3f03fffffe01a1ffc93ffffffe1cb3ff13ffffdfff0dfd31
3ffffffffbb80093fffffffd3e05813ffffffff9600593ffffffd7be58013ffffffffb400193fffffff5be16013ffffffff1e01613ffffff5fbf60013ffffffffb900093fffffffabe0b013ffffffff6e00b13ffffffafbeb0013ffffffffaa00293ffffffebbe2c013fffffffe7e02c13fffffebfc0c001
3e608a27d1852cb28d3fe7e60d0fda3b0ffbaeaa08475224741178a2556a3ec3feeba76a11e2891d045e07955b3181c50709767c60e5edaaa85cab9b3cc1144fa72a59511a7fcfcc5c1fb3361ff75d58308e9048e822f186aad33d87fdd752f423b1123a08bc512ab51469ff3f30687ed0e242a8624f0fa0
0a27fe60bb19d441fb48a0a22500150d788cd9e207c8a264147706a0a995235e23367671f23399051dc176aa6630a05d1b1229c3b13c347753a75065144ffcc17633a883f69141444a002a1af119b3c40f9140c828ee0d83532906bc466cf103e453320a3b832f54cb2fda45050f1800b362019b95b8e868
3cf526f6578eab035b80251211a00a105fb5212ee55ce1c8d6acdbf5ab702417ed4849a957407235ab36fd6adc2d6e009446368030f8b4c77a5876f4120bf6a424d4aba0391ad59b7eb56e38e112f9cb420f8113c7e52f04cc3b082fda909772ae70e46b566dfad5b81adc0128908d0051f1698ef4b0ede8
18687f3e255229d2d4e35fa28a74162f8960899d72e953de4cc49e7646203be258226444ba60f79331279d91882b538d7e8819d061627b1b0cd5b39b1df12c1132225d307bc99893cec8c40c32eea82683dc228e9c628ba66cd837c4b044cca974b1ef26624f3b231016a71afd1453a0b2c4f63619ab6736
3c1ab318f5e1b2c3d1ab6c50d64e6d009debd39fe07f4109e26951813c0400277af4e7f81fd042789a54604f013f46adb1404139c0de123860ff2b782013bd7a71ec0ff2213c4d2a0f2781291a2eefbda9a91091aa472b2302b0004ef5e9cff03fa084f134a8c09e023e8d5b6284a27371bc2470c1fe56f0
3f98b7c3825b7a630f021e0aafbd52108a0f90b0075a62600b163298d06a242283e429f1d6a29802c58c85341b2c3c087828aef5510b01a90fdaa201121141f214f8eb534c0162c6219a0e33f3f18c6810ab71ee135315f3c03e084507c85803ad3130058b194c6835187810f0557dea921603521fb54402
30ea42da7ca3f92273c1e3e42028930f61fc3a8e1d641347fb276d7a665403a90b69feefe451cf078f9104a24a299f93eae9d92da183b0c7fa21902021d485b4fd67f230e783c7c882512514cfc9f574ec96d0c1d863fd10c8103b5f1dd21d7ca0f2dedf8f04451218074c2ed3fb8f33724831ffd67eedc4
0120d2b147686ce03cc0d047262ef437754f37265524e2228f469da1d4ad04834ac51da1b380f303411c98bbd01798fa386e952621c8c2ea6bf518dc0241a5628ed0d9c07981a08e4c5de80bcc7d1c374a9310e4617535fa8c6e3bfbb38affd0f8c115586245bc50bb22271271a5d7ddf2c0d7b4e4750ad3
38c3c395b23dd831c8f56cec30de2202e324817fbddc03f9c58126bbe7b8230f0e56d557609323d5b3b1057887097a1aea283b621050733ec91991d53187872b689bb05391ead9d861bc4424bd0d75120db11228399f646bc8eb2ad056e31128d54092cf0ab8b4924f37a67009b2d0d852ec0a20e858c4ed
2fbb108a8abc481033c31aa1cf87572ea9adb2b5b819b26bbbfabac1af063eec422a33312020cf0c6a873e1d5c3410e3280d013711d0175ca8f67cf51f76211519989010678635439f0eae3a08719404709b92e80bae545a3e7b3765fb6c91b320e136f04690ef48c321af3d6845534ec339062ad46007f5
0a141767e6d308b3aae6c27c1c13ef0b6354019515f1b15089fff757954f28505d9f9b4c22c2ab9b09f1364fb9342323a92676f61121008e2034946014282ecfcda6116355cd84f87a27dd3a1191d4912b7b10908047101a4a30171344271bc764a1be5ea260bf91642eb8d03a321d0b42a929aabe7a1ab3
153aaf3ba6acd111807a1e8956432f14e80ae4eb9a6a301b735b3db3088214eabcee9ed3443201e87a259b0cbb15b2a2af8945b660047032c9aa2f132a755e774d59a22300f43d12ac865e0ad95157c4a2db3202381964b4178a05233fa7e38c7411b8ad50f594783106b30b29b8715871bdbcc23d70bce2
0cf5883d1dfc6963498184024ea74f064b44cb5d33f61007444fbf554ae733d620f477f1a5812606100a009d391f6955d1abef4532de8b6f0829657719eb107a3bf8d2c293030804df4e9d2fb4aae8d3e7a2a36f45b783f3b2bc34b723e83395b9231cba4007fa61550bdd8da29b90f8828dc4fe048df1d0
170fa551a4f93ae0bbc0455db084573ee31c8e47736fb09a90cd1a02418d1c3e95469804eb72ef011576c2115c0f74cf387cea20e2067f0a24970f652e1f4aa349f275c177808abb6108ae07ba679c3e751073033f85122a87b30470238f18acfe729d31bb0c0e55312adc9772de576960cc2da467b85143
0000000020fffb00000000020fbfe80000000020ffbf00000000020bff980000000020ffef00000000020effd80000000020feff0000000001fffe900000000020fff700000000020f7fe80000000020ff7f000000000207ff400000000020ffdf00000000020dffc80000000020fdff0000000001effd30
0000000000000003ffffffffbdfd813ffffffffbdffd93ffffffffbdd8013ffffffffbdfff93ffffffffbdf6013ffffffffbdff613ffffffffbd60013ffffffffbdfff93ffffffffbdfb013ffffffffbdffb13ffffffffbdb0013ffffffffbdffe93ffffffffbdec013ffffffffbdfec13ffffffffbcc001
22ce61d31dbaa98063616b37e9600d2ce61d31fcaa9783868c46941558a30b39874c7f2aa5e1e1a311a4f4d62938da4b144fdfbd326e4e7f166ab87e059cc3a63f9552f0c6c2d66fd2c01a19cc3a63fd752ef30d188d286cb14516730e98fe554bc3c3462349e9ac52231b0b59bd3b0073f304513e6b2966
25ba26b566addf1025271d512327e11ba26b568ffdf07101fc41f4b5265c16e89ad5a2f77c20407f107d2d49972947d70dce2262e3b3d3a30b7543830b744d6ad17bbe104a4e3aa2464fc23744d6ad1ffbe0e203f883e96a4cb82dd135ab45eef84080fe20fa5a932e212938ea87093f10513ff305d8cea2
3f458fec28419de3db6ca46385771914dfa1a0801733f1c79ea1f3b71c5e1537e8681efdcd0271e7a87cccc7183f6db2918afddc70f3d49bd95e3aac3e8b1fd854a33bb138f3d43e66638c01e0ebf871c5bd911157cf5e87ae172a6fd0d03dfb9a00e3cf50f9db8e2f3edb65231a1bb8d1e7a937b2bc7558
2ea40a6d15efe6420cdffb2a46146a1ec15d25263689a35e167d196a4b6327b05749477da271d7859f464a12d928337feca70851b361a1fcf863c8a81d4814da2fffcc72ebc2cfa304096d2aa2e7df33eb1cd18e2fd3818e775e0f60ae92931b44d3af0b3e8c9425b21066ffd95230a352c343f9f109914f
1abf4d813d276cf2a1f4cea0f547da0b6e3535ef3978b20e788e5226d2d912db8d4d7ac65e33839e23945834b72a87d33a81c51f70f06acc63d786cb357e9b027a4ed9e3c1cf11ca0b1a5c3ebac1b45c5b9bf29ad6912c6e305a25b71a9af58cbc63073c4728f2696d150fa67507aa3ed1e0d598c7af0d96
0868293695b7fff086cfa2e2d23c811201dd1587e7d991dce363b22cc364348077455ee1f6707738d8ec8b30d9321b3e8b8830f212fe62df0de86dea10d0526d2b6fffe23b9c6c7624986d36e38c9617d1a9d0e7c3ee151ba6322900ee8ac1e3ecd0ee71b1d91661b224367d171481e411fcc5be1c12dbd3
35e64b9c676660a2dcb5e808af50b507caf03eb3308c31d73b69b6f0e87208e0af9e43e1c6e372d7a0234142d20b4363fb7e25ce23c0b1d11f77989a047057cf21f0e371b96bd011a0a16905a1b1fdbf12e711e058e88fbbcc4d379397d430063502267fb0290053270a93cef520087482c23412216cfeb7
09363cd20672940073594f865bb4323fabe7b66506aa218c173a913c288c23d4c38a5ef0b6e1cd653e196ed0c838735c35695b3b236ee2ba3a1c685911ea61c52f785b70e6b29f0cb768641c39ae1ab4ad9d93b7715d1ced342d0016ffcaa349bb52ca1c5c3f687aab23dbd66b9f8407e20d17548105a9cc
31b6f8b61fed0a1387d56d77e8dbb300a204820bb7d993e7c589e409c0c12160d04f3a8c8b421f55b5e0696ec900759aec58235850087361be50f5f910b068279d4645a30faadaf013b765203acd762a01ac320439b0df077afd09afc6e35935d40289cf0f173a7ed4259d700e12a0c4d25c0a66d2c78d35
25356ce61c357203d44ee3e6fa7def124a397bfcf3104074788f114f18771491214b957977e3513b8f9caff7b90293124d25cd1161f309ae02a822bb0a4890a5cabcbbf3a89dc7ce36fbdd0149892692e688b2f984d70133115e0936415137609c223b4e90bc14fd7c3eb39bb26eab03837eeacd87c35381
2afa1f25e4a135e13061e3e210707728e8cf22f8fa4e41a83c1654095dd9266213fe51b32850c1878f8883c1db2a39102ebe4868327fc8e792fbb688333109ff26c9943260c3c7c420e0ee351c88175d1434213fe473c97ddb4405d601b7cfc992e1ea37ad8f1875a91ae4a94561bfef8166ba5da44a5f02
008af4e3357d6ca0cda8373f4edc6a283538fda0490370ee54e69c769c35176eeab71ef8b6a336a0dcfd3b71a822e75b1260201b534ff66044b87ddf0bb7755b8f7c5b519b506e7e9db8d43173ad892e000db3a7fb30223b3ef00ec9d6b43de3c0b0221e16a517420a211c7bef6626225054c91d34115a78
06348b726e769b70676782ba97bca91b692aca13f10b71e5a43b40cea093128c27bf998b75919d9e0aea5ef2a433e0edcc8b039aa2580b1d0e92bc25294613dfcab5bad0cecf05752f795219f076e64581cd532c058e87285e133f4616e78ef443d00bea35c8f90c2a34ccbd9859b9a36180c45a11609f2c
161b5057ab4db360cc38b712f8b7b116f394ffff4fa301a217e86e85772d0472ec3ee5c9b2f330e2dc4be2dec42fb6b0ff4ffaee52249b7776e5e5e42239761f70d4d98198716e25f16f6237db587fa5ed7731124dbbbb72f2f210785fc7f28b182320f548b64ff0012b605b008899043108667f0c55fe41
0f7bffffffffff83c000000359ffeb37c000000c5fff5000000001cdfff13defffffffffff8300000001cdfff11f0000003ddffe900000000107ffe41ef7ffffffffff8380000002d5ffed2f8000001cdfff10000000018bffea3be00000041fff7200000001cdfff13e00000039bffea0000000020fffd0
000000000000000000000000000000000000000000000000000000000000000000000000000000000000000000000000000000000000000000000000000000000000000000000000000000000000000000000000000000000000000000000000000000000000000000000000000000000000000000000000
1668809027af91720b2c7e6801d821352193d1763d90919c60937097c9a619a20240a2de45b02cb1f9a08b608214864f45e5564212c59fb287f07c8c2cd101204f5f22e01658fcd045b0412a4327a2f09b211338c126e12f934c3344048145bc8b605963f34116c104290c9e8bcaac84218b3f651022f917
299f87f85cb8f722755c0a2044b0680b5ef4b70e2af8026c27f51832bee1267e1fe17b23dc61d570288196c19e2d7bd2dc38abe0015c826f99efa595133f0ff0bd91ee30eab81440cb60cf16bde96e1c55f000d84fea30a77dc10cfc3fc2fa67b8b3aae051032d833c1af7a5b87577bff2b904df33df4b2a
1fd4ce724fc03b0242372b9fbf76040d42d81c2deb00f32413aa8cf8eb213f5339c94320ebf108dcae7f81d80e350b6070b7ac03c39483c1225897393fa99ce49f807600846e573fc0ec071a85b0385bd601e3ca41e0910b4b9d26a16c0e14e580839209d5465b75911211b95cfdfbb021fa2c7f61420cef
225b815d88ab2e03c90cc9d6f29be932f53a7f681481d3bcfa5306ffa45d096e05762aecb7e32433275c906fa10bd4e9fdacb2071097eefeb9b452a304b702bb15765bf3921993ae2737d125ea74fed44903924bf77f5cb92952397a9d3fb1fa40f3de7d29835ed22f3e48664eb584df5175205368af7f32
20337a1634a84d9242515ce88712853341b06c567d87a12474ddfbd19d5600cde858dae13621094573a2a04a120d06c1b166561e518d9e60ff878aa80066f42c6d709b1084a2b9d1502509268360d8b11b0f30c6cf307fc3c55419a0d8362b3ec3d0923a6efde8ceab32128ae742289432d5fa6c09c83b68
1dacc72afbbd5a90bb7bbeb153eca00d8f4e091c5406c08b8e3581cae41a36b31cabf3156a32edeefac54fb280363d382471501b008a3323686dcf3d3b598e55f77ab52176f77d62a7d9401b1e9c1238a80d82451991b415e79f06c7a7048e2a036045c71ac0e5720d05dbddf58a9f6502434149b48cc000
239d0ae1f9e3a2632aefac2db6942c2fcb462b6fd6c9f03560bf55d56aae1bf2d18adaedb2824b31656d3630e50cabbeb0b6da50b307651278eda622241bf471da478e2087c16d7d8923c03c786b04c62ddd406ac17eabaad55c37e5a315b5db650155925af872944519577d616db4a1620eca24f21d4c43
14fcbf99d2d8022140b1a6dead0ce0112ac4f19842e0f3ae7064d262ac3e144ab13c6508b843854d68b6224ad00502c69b7ab4338359047b44c5940a200550b3fe61d2f320a635b7cefcd518615b63893790935ce0c9a507587b28956278ca117083db48f15ffbbc840a058d36f5686702b208f689cd2813
08b966141835e5e0679cf617505f861b6a5d36c21a9bb0ffd9173b08d49716da974daf7ea6f1b07e3c8c6fd501219e73d85b317e223412fa02d54bd82e27e256c54c340303e8894510b8891389d09c1d359f91ffb22e7611a92e2db52e9b5efd4de115d8d5c2ba08bf033ce7b0ba82fc306825f405ec97af
2cbdba808ee88cb2611c8c93a87c3133e0ca66b6a2db3267830796226c761cf83299aca0b6d066d59f40895ac3398472324b89f0d3ae9fd737a292463872397334831262d2ccd20627d8d106b8593f8817af50cf060f2c86d8eb39f0653359416da134d3ccfe9fa77b3308e4649b33e1935d3fae6f87248b
101473f0925f8b42636101a3cd589b1cad04a7b9ca3fe3e8ac8475732a33272b4129ec629003b8cc398ece26e5198d84068e2d6271921e58f7fdc85b0132236f122d1d52b62e4a6905d0c81a6344dd61028693d15908eb2854650e568253dce51ff30a6fe49fcd5bd6331b080d1c5ac4e3243cb1effb90b6
3fb140401f06d750d87fa70e8f0668226387702c9a3a11f268d65e16f5e03898e1dc080e8e922c823597f166ce0361fe9c3a3c19a194f4bc622dde0422ad6a51ad4d46337c50b1066c13562811f8b1c4540bc3e4d1acbc2debc03131c3b8143d1d12a4280e85c66ee006c3fd387478334329e978c45bbc08
20a35952b4be5b71db1cb78408645b0da432dc72e2966020fa6371cc1cf223690cb71aa8a5a2fd21b4ea86f89f176c72de0f199173e4a6a5cc7990b60b3ae12514eae80316f6870d9be5a3253c94388d135df041f4c6e39839e406d2196e39714b31299549e156ca5a2ed8e5bc1e3322e3c94d4b9935216b
21e4e549f35f0931a285a7ef989dc128f7ec2ef33fac3196a0dc9e1c49661a3dfb0bbbc7eb12ed34a9762145cc368a169fbb4a771028a15d571b2a2f26e7ebe6045dc8d113293abd99401a350df9b0041f0ed32d41b93c3892cc347bf617778fd6211b39c2ce3c591d2d142d3f7ab4ee105142baae36545e
00000f7bffffff8000f7bffffffff80000f7bfffffff800f7bfffffffff800003defffffff8003defffffffff80003deffffffff803deffffffffff800001ef7ffffff8001ef7ffffffff80001ef7fffffff801ef7fffffffff800007bdfffffff8007bdfffffffff80007bdffffffff807bdffffffffff8
000000000000000000000000000000000000000000000000000000000000000000000000000000000000000000000000000000000000000000000000000000000000000000000000000000000000000000000000000000000000000000000000000000000000000000000000000000000000000000000000
10a0abfe8a5f81d18de3648d12de3818a44ab79d1c96a1c7cef5c1242b180282affa2d9e0732378d92348d78df22912ade78925a731f3bd704d2ac5f214157fd14bf03a31bc6c91a25bc703148956f3a392d438f9deb8248563005055ff45b3c0e606f1b24695cf1bd052255bcf544b4d23e77ae09e758bd
2f5f54097a0906c2721d1bfb33aa51275bb5c8e74bf1f2383912c7225d713d7d5025f0641ae1c8746fed52a9421d6ed723a56fc7a0e0e44b1d0d75c21ebea812f8320d70e43a37f6a954a10eb76b91d2b7e3d07072258e86bae13afaa04be4e835b390e8dfdaa552843addae474adf8f41c1c8963a1aeb84
11657b7f64ba3d234d07fce06b983e264da8ed6d0b2331cfdedd7b21f8ea0595edfd9708f471341ff3827460f51936a3b5bc6c8ca33f7b75ecc9e3a722caf6fec9747a429a0ff9c119307b0c9b51dade3646539fbdbaf643f1d43326d476b47591a0e7ef6ebd90fc751a683fe7035cc1f0fea673927e01d8
1ec371dcfdbe63d24814c12489f8f739744276b527dee1551e5cb6b7a98c3b0dc773fb198f3120530492abe3da25d109dae0ff7b51547972db20a62f3d86e3b9fb7cc7a09029824955f1ed32e884ed6e6fbdb2aa3cb96d6f53181cba213b5a93ef70aa8f2e5b5bd4c63240a609223fc7c112dc0aec455970
2e9a8488dfae4b70b2f887a7daf04b19b25797175d656230296b0d248f9f3a6a122386f92da2cbe21e9f6bc12c26c95e5c61959570c0a5ac35163e7a1d350911c37c96d165f10f4fb5e0963364af2e2ebacac06052d61a8b1f3d0cd92bcb8baeb2b31814b5867147d02597c43d3cc78263019bd0b184426d
213c8e2b46aa24c1b7ebc363bc8f92068bbe0dcf40a9b2aae9ebd18edefd04f238ad22e892e2dfaf0d8f343e471a2ef8373d02a6c2aba7af46bf7bf202791c56917449736fd786c7791f240d177c1b9e81536155d3d7a35fbdf92345df06e59054e35574f5e8a66f7f0dbf5e1b1de47c92ed663957bcead5
3b8f69e02795228250df8f218e95cc2ef1360e63aecb906da272d64526fe3bbc4d8395d3b2f21b689cb57049c009437e3c863a57328e742b87c68e8a1400b26e39ca8e526fdd092185302e3ac44acaaddde082a962d08ab0529337789b072fc765d036d1396b22937f1286fc790c74ae611ce8570fcf1d13
27ad3230a2b7a1a047db13effd04953c31ee5ea6bcd8b0939df4457475431f0c7b97a8a7363124e77d114c9d51311f6c4fbcdc126253f2fe672a6009056635e1a24111e3f0733fe54326162e6fae3daa4b800087f900907407713e18f72f514e6c6249cefa22993aa2223ed89f7dd824b0a7e5fcce96c011
1305a7ea60e1f4012bba5aaca3415d002e7a9b593b7d83b8e56a1ea3d9a9000b9ea6d64edf63ee395a8777766b34aee96aaf75058222e598503fd79802c066035ac4503022c61842d6893d1d120b65475763413d1c372719b9d400173d4dac9dbec3dc72b50f30ecd5295dd2d5630a0af045cb30a0c1af2f
031ded1e3aa37d10644667248b82d719e3f4414911e1d0c4b89822e7ce7c3678fd104f2c7880312e2608b9f39f1191199c91260b61b2f6ea022b223325329eae87d8f332b7f9156a40253f12beacf4a8d5bca378dd7766f8bc892cf1fa20a278f0f0625c4c1173e73e23223339224c16c365edd404564466
21b7fc32cb66f1f09be5254691c35436e588cb5ac0aaa374aeae51d54e002db96232d4a02ab0dd2bab94755380026f94951a470d504051cfc2497e2d247933f3843beab3485e036bb867160ed44d24a70f5c00f9f11582c37c6c1b72c465ad605551ba575728eaa70004df292a348e1aa080a39f8492fc5a
22e05baf35ead973ca36985ee728dc15553e617dfa5c831861bcd1f35a1205554f985f7e9722c6186f345bd6850f28da617b9ca373fec501004a9b5e290ba12fd6f54a81c91bcdd4c24b310df56694671450a0657216badaad9d0aaa9f30befd2e418c30de68f9ad091e51b4c2f73946e3fd8a0200d736bb
294f4dd21c7e23409a64ae090ae13818637ad2f71f1341dd34bba191e17c0618deb4bdc7c4d0774d2ee864785f026992b8242b84e1828d654ac2796e1c92ca23e46a77a1d40c440c8aa5833abb2425958c57b059ac5f3ddaa60a0c31bd697b8f89a0ee9a5dd0c8f0be04d32570485709c3051aca9584f2dc
18b8299149bbba72d6ca1d4bd9b1e6162c30a450cac052173b4dba360ff0358b0c29111ab02085ced36e8d83fc2b5b28752d56c7a187939527bcfc25148e7474b1172b53df764fb98d5f330f76829abf3537126058b096461b472b161852265560310b9da6dd1b07f816b650ea5ecd8f330f272a4f79f84a
000000000f7bff80000000f7bffff800000000f7bfff8000000f7bfffff8000000003defff80000003defffff800000003deffff8000003deffffff8000000001ef7ff80000001ef7ffff800000001ef7fff8000001ef7fffff8000000007bdfff80000007bdfffff800000007bdffff8000007bdffffff8
000000000000000000000000000000000000000000000000000000000000000000000000000000000000000000000000000000000000000000000000000000000000000000000000000000000000000000000000000000000000000000000000000000000000000000000000000000000000000000000000
10df2636b5c9dd417586e743fa95371c8bee3a53c24da04207212f9f9b08037c98dadb4774f1d61b9d102c54db322fb8e953293671081c84be7e6c2021be4c6d6b93ba82eb0dce87f52a6e3917dc74a7849b40840e425f3f361006f931b5b68ee9e3ac373a2058a9b6245f71d2aa726cd21039097cfcd840
2f20d9c9461e2b528a7918bc43f352237411c5a89e3af3bdf8ded826ed813c83672520b8ad2229e462f193cd460dd04716aab8eba2f7e37b6161b6011e41b392905c569114f23178c9e6a306e8238b555c75d37bf1bdb08fdb013906ce4a45915a3053c8c5e3699a8b1ba08e2d5571d741efc6f6c3056c01
295ced10103bde62c42107b145abde25c4c1f83de536d1416f8a883f32ec2573b440492f796310841ec59aaf76171307e0ffd4db2105be2a213ecbaf12b9da202497bcb188420f62cd57bb0b8983f07fea6d9282df15107e65d832e260fc1ce29b70a0b7c5441f99761621083d8a2d5ef08b2bdbfb25d1e9
11ec2e44ef11b880d3db402c99442a2c0008f5bdfd2a1211864d36205cc207b0b913c066e1f34f6d00b26510a8300023d70034a820461934d905730623d85c89de237101a7b68059328854180011eb801a5410230c9a6c82b9833600047adcee951108c3269b102e61069eda0164ca2152f61b8ee7ccf31f
16a312efebac6a313bdef84efcdcab1a3b3e07be7f51c2be90757fc7559d1a8c4bbfb2d1a8b0ef7be13c3572ab28ecf81efe1d46f2fa41d5ffa156722d4625dfd758d46277bdf09df9b95634767c0f7cfea3817d20eaffd0ab390d1d9f03df3fa8e35f483abfc2aacf29def7c275d6e56374d42446dc725c
2e13d1bb0cd690132c24bfd3a9445f13fff70a3e675e81ee79b2d1e62bc7384f46ec3b9a4020b092ff4f6b11790fffdc28fdbd79f3b9e6cb47daaf1b1c27a3761dcd201258497fa79488bd27ffee147ccebd03dcf365a3cc578e09fffb851f33af42f73cd968d215e4396125fe9b3a230109e4715a355126
358f01d286f658724a5eb51171f4e40eeab53455a22aa00594d1d47b187e23baad4d13588ab201653474fdc62009297ad445c7d390ee3da7809e548a07ffe252f88cfa3262db55014bee5e3ab749168da49eb1d9478e871c359307755a9a2ad1155002ca68ea3d8c3f1252f5a88b8fa721dc7b4f013ca914
292f44e11535908069061b1967f28f14531965d2bbc6a2a64e66dc2354e32514c659729ef1b1a99399b6f8553911a4186c6497ca429eb4c8c269de87086a5b42873cefa032c94e385b02091eb2044bfe295bf0ad59e5be13c6b00a298cb2e95de3535327336df0aa72234830d8c92f94813d69918515bd0d
22cd3236a1b3e0f1a45f1eca00101e3ca71f5f72ba4c534331abf4f4c5b73f29c7d7d9969321d0cc6afd2cb16e26917c7b25f040804c169fa98387d0224f7a9bdc682a11140fa07d9026bf160354ed829500c051b4bad3bb91f03e538fafb74d2633a198d5fa5962dc0d22f8f6500080f0982d3f53070fa0
175c437e6bf3219049ac6a4e67ca861dc95a4472ac29831b18cac06a496d077256911cab0a63c6c632afe9125c2126b1a9378f2a230c77b478b90df50daf4b6eee983c2282c51bbdf8b49d1a8978fafc0a4c00259ddca281b2690ee4ad22395614c38d8c65601424b7024d6352733e543218ef68f1b41be9
041d4dd65591a452f0ff5dca8ee9cb1d3aa303e08bd110c65236943bb566374ea8c0f50af45231948da4eded5a1bc3fd772933a73186dff0cb1d1bc82943d73a94714f83f2927473f4b4031b7e8195ae85a8f39d3826070c4b3a2e9d5181ee35e89063291b4a1ddab33787faee52674e630dbfe1963a3790
12d7bede52627c9340698a15e15b1c14cb715334f48ec27b90d841127e140532dc54cd3d23b09ee43610449f850d01a62857856c718b816ebcc72b6608fa678e0fe490c0b581b142b6afb10ce1cc77d508b5232bd04d98d6f5a20a65b8a99a7a47613dc86c20893f0a1a034c50af0ad8e31702dd798e56cc
2a30167e10ef0ea2a6ef6d50df9735267005923e2dc942a5e0b020ed4144099c01648f8b7250a9782c083b50513a9bbdb540665ce0a53d374871f88d1e545b7bcd4c4e61ed21c29c76117c16d439a427c9c3a1eb04483c91659a133802c91f16e4a152f0581076a0a235377b6a84ecb9b14a7a6e90e3f11a
25f320648d28c35286375190543fb129db9dd893fb4e210e0e92019ceca12a76e77622eed3934383a48035bb293a18dd463e38fed162e0a645166eea2f04621b37f13d133e50b842827ac936d55d03459652b04dff392513d4a914edceec49fda71287074900ad76513431ba8c8091fd92c5c14c8a2cddd4
3fe000001ce00e9200000001cef7b13e0000001ce0f710000000000f7bf83f8000001ce03d10000000018fdef2380000001ce3de10000000003deff83fc000001ce01e1000000001cfef713c0000001ce1ee90000000001ef7f83f0000001ce07b10000000010fbdf4300000001ce7bd10000000007bdff8
000000000000000000000000000000000000000000000000000000000000000000000000000000000000000000000000000000000000000000000000000000000000000000000000000000000000000000000000000000000000000000000000000000000000000000000000000000000000000000000000
282c541d622e79615ecca533d40f3c115ecca532cc0f4282459b67a5e56420b1507590f9e5617b3294cf923cef057b3294cf503cf209166d9f1b958e1058a83ac87cf2b2bd994a67a81e7822bd994a65981e81048b36cf8dcac70162a0eb2613cab2f665299f2479de0af665299ea079e0122cdb3e792b1b
17b3abe299b186b0a1335acbe9f1452ca1335ac913f1517dba64981822a51eceaf8a6ae61ab284cd6b2fa7c5143284cd6b2c8fc521f6e99260a28a932f6757c533630d614266b597d3e28a194266b59647e292fb74c93030454a3d9d5f14d5cc3561099ad65f918a2725099ad65d3f8a33edd324c1451526
2d9317e1b11e61c0a5e3d039517aa3222634487e9940205966fc18fb348d148c10d45a647bb2978f40e545ea8c0898d12202a50061659bf063ecd2341b262fc3665cc3714bc7a072a2f546044c689101528030b2cdf831f6691a11131a243f4ca0122cb37e0c5c9a471131a244054a00c14ae7688081def3
31751ac5f4b93953014e271cc0eb7300976501e6fede6344af099dfd10172cd69016c78f4f1005389c73c9adc9025d94079bfb798112bc2678ba405922ea358bed927292029c4e39c3d6e5012eca03cdfdbcc2895e133c3c202d004bb280f37f6f33a25784cedd880c04bb280f37f6f3008f617227788dc4
347d850a9c417bb15a1c2fc66c85e21bd9cbb77d46c073a69903e6c2d3bc2af3ef2ba17b84616870bf19f417872f672eddf93b01b29a640f9bd14eed28fb0a153ca2f752b4385f8cd90bc437b3976efa8d80e34d3207cdc7a7772dece5dbbc936041d34c81f36169de1ece5dbbf6960352b518977f3c6352
2c3a484da946e992feb1d8e2bb15133d689afe14e12230bb50f661c0f83212a96fe93450b103fac7638b70544a35a26bf85fe48892ed43d98703e0c81874909b56add311fd63b1c5b82a253ad135fc2de2445176a1ecc381f0643eb44d7f086091205da87b30e07c192b44d7f0c3e91113709e8dd845b481
3fc21f40251826a12f64fff055bfc20322351963b373403f9469c6d659b409da99b7c0cf39000fe51a71b5966d00b1ee89c3dae861d63c074a0b59621b0fd8884d3851617208f1de48a9dd3266e28bd6aa85124d46be6bd2b7ff2de2fad7d53bcad01fca34e36b2cda28fc4d619690c893ac780e9416b2c4
12f5703a1447b1625545e0fd92a5340e31a2209df254d327d0798c8d92d23fa29eeb5ca588f2c9f41e630264b504ab4c21696c5980a4bd138454d64215b1478b7c403b40240d5356fb26bb1d60f97d0fff14b1b05e0b1ee8428e06d7c520e042c42193e83cc646c9691c98f2db62e35a61497a2708a9ac84
30ee0ab4f240593357850ff6a9c92a18e476e65ac3031392f936413177a40500ce8add022bf0e4be4d904c5de92ab3e8a7b44135718b34c8da764f84253afdf55c0df68202eed89a31976e1d4dcda9c0ca0db0f143cf6c34f5ca031376d0da079a51c97c9b2098bbd2246dc4128224a243166991b4ec9f08
35b4bce069507bf1223187e21746860b50271c807afa212f572120bc991112d576da87d20ac34bd5c847fda64539ec12bbd5e076435d710df97e4c871360db93a42bbc51a173e5725d1ece033d1713674942604e1a8962e451b20596eefb0756691297ab90903d4c89334f1c5089083072bae21bf33e990d
0c66b029801ed8638e0abddc2202b9013c9a5e20e3931328b788379ca01914274661f1ac5013ca2de20db5a8072dc7b0bfe84664a31075375924c69217b0260b12c1fd630ebe0c4a05d64e0b5d297318407e306202c94e52209e2f3cb308bb155dd3945bc41bad500d37726714c63bc68220ea6eb28b8d23
076aabbebca11bc0af135811fbd22f2760e1fb5518f111eb883b703735b73c769c071a3fc6917ae20edbfd4d6e0be23870545b40f34b5efb791809f3249c47673665e2316aa0435f46d16618bda1aadfda80b20bbf13f72064e8190136c83ccd3992f5c41db7fa9adc0106a06524a1e57296bdf6f27213e5
2d1f28929faa6353749162ce92ab7d2179ed663efa5e1126c178ccfa722f3cac9e4c770f64e149b05e332e1c8c04823468c959cbc2a8c059f822bc3b17dca9efc31e47a330242c5ee9f5760c7567ff60adab12ecc5d99469c7711f2b7530966171029360bc665c39180c76260ba4ed7e215180b3f0877875
2c3524756da4fbf04fef0e7c2210e7286021036a055ea19b4988d4d819aa2b620141f27b8d8266d2623515066b37d6ac582dfbb8f397cc819203230e0f79ef0121c79a031c0480b3e6e7e22f1d0c1c777a78c1687526cb8a2ebb0f317b39c21f68b0cda4c46a6c0cd51dbeb1da6fb40fc32f99032448461b
0087ffe0000000007ffe000083fffe087ffe0000000003ffe0000041ffff021fff8000000001fff800020ffff821fff80000000003ff800001ce0029010fffc000000000fffc000107fffc10fffc0000000003ffc00000c6000d043fff0000000003fff0000000000003fff000041ffff3ff000001ce0069
000000000000000000000000000000000000000000000000000000000000000000000000000000000000000000000000000000000000000000000000000000000000000000000000000000000000000000000000000000000000000000000000000000000000000000000000000000000000000000000000
061aa82c53b8acf1aa82c541bacee821aa82c53faacef2a82c541d38ee7a186aa0b14ee2b3c2aa0b15072d3b9f06aa0b1506eb3ba2a0b1507567b9e60c355058a77159e355058a83759dd00355058a83759dd15058a83ab3dcf330d541629dc5678154162a0e9c773d0d54162a0dd677414162a0eb1173cb
39e557b3a8275322557b3abe0331191e557b3abc35312157b3abe285118727955eceacfd4c5155eceaf890c4623955eceaf4f4c4715eceaf8a56461b33caaf67546ea630aaf6757c4862313caaf675786a6242af6757c50a230e0f2abd9d5e1a9892abd9d5f12188c432abd9d5ee0988d2bd9d5f14ac8c36
30210690efc8a86210690f2e0a85400210690f2e0a85410690f2e2b853f800841a43cb82a15041a43cb8ae14fe0841a43cb82a15001a43cb8b234fdf20420d21e3b150b020d21e5c570a7f0420d21e5c150a820d21e5c570a7f001083487970542a0834879715c29fc1083487970542a0034879716469fbe
06ee533569061012e53356975700e52ee53356948100f253356978460e451bb94cd5a418404394cd5a5de003923b94cd5a5a4403a14cd5a5e19c39120ddca66ad20c2021ca66ad2ef001c91dca66ad2d2201d0a66ad2f0ce1c89377299ab48308083299ab4bc02072337299ab4b8a8073299ab4bc3387224
0e3d12bd356d2af3d12bd36542aec823d12bd36332aed112bd365808ec7138f44af4d5b4abc344af4d95d0bb1d0f44af4d950abb204af4d96065b1c31c7a257a6ada55e3a257a6cac75d8f07a257a6ca855d92257a6cb011d8e231e895e9af895772895e9b2be376391e895e9b2a15764095e9b2c0cb6386
3ab1133c69841cc31133c6d495cb162b1133c6d201cb21133c6d4c74b1542ac44cf1b27072d044cf1b531d2c552c44cf1b50472c604cf1b53214c54f35622678d728397222678da96d962b1622678da82396322678da98e962a8158899e36900e590899e36a63a58aa18899e36a4ae58b099e36a64298a9e
38a3a7dc2995e2e23a7dc2d3a22d1e0a3a7dc2d31e2d23a7dc2d3c32d1d8228e9f70b2b78b50e9f70b4f0cb47628e9f70b4c78b4829f70b4f191475d31474fb8574bc5b074fb85a7865a3b1474fb85a63c5a434fb85a78a7a3af051d3ee1698f1691d3ee169e1968ec11d3ee169d1168f1fe10fa0128c135
34acf8dfa8d67f32cf8dfac38bf22e0acf8dfac307f230f8dfac3b9522d512b3e37eafb9fc933e37eb0eb3c8b62b3e37eb0c1fc8c3e37eb0ee548b542959f1bf55ccfe519f1bf58759e45b159f1bf5860fe461f1bf58772a45aa2567c6fd5f73f9227c6fd61da9916b167c6fd61c5f917097ab81d0a23d8b
2dfa3a527c291e23a3a527f1bfe1491fa3a527eff1e1523a527f1f9a148237e8e949f8e478628e949fc7c585213e8e949fc3e78530e949fc7eec52061bf474a4fc723c33474a4fe3c1c2913f474a4fdfe3c2a074a4fe3f7629032fd1d293f5e8f0b11d293f8fcd0a413d1d293f8bef0a53877055a77102ca
370ae8cfa7848660ae8cfab100652430ae8cfaade86532e8cfab108a523e1c2ba33eaa721952ba33eac401949002ba33eac4019493a33eac42ad48f62e15d19f53290cb15d19f56200ca48215d19f55ff0ca51d19f562156a47b3857467d54e432a17467d58845291f057467d588032923ada5e7032983e0
0ba5194bc1391fc25194bc1f6dfbd23a5194bc1bd1fbe1194bc1f931bd172e94652f04e47f014652f07e3bef46294652f07ba7ef50652f07e508f45b174a329782723f80a329783f1df7a334a329783bc3f7b2329783f2637a2e1d28ca5e0de8fdf28ca5e0fc77de8c128ca5e0fb6fde906335814c00f6c3
0c333e06368ab6b333e063750b6ad00333e063750b6ad33e063753ceacf430ccf818da2adac0cf818dd4f3ab3d0ccf818dd42dab40f818dd5000b3cd18667c0c6d156d6267c0c6ea58d59f0667c0c6ea16d5a27c0c6ea7df59e72199f031b875b5719f031ba9e7567a199f031ba85b56803b555df5e508de
03018734ec5f8a3018734ec910a2f43018734ec5f8a3018734ec910a2f400c061cd3b17e28c061cd3b24428bd00061cd3b24428bd21cd3b2446abcff06030e69d8bf146030e69d922145e82030e69d901145f30e69d922145e80180c39a762fc5180c39a76488517a000c39a76488517a368f94494dc531b
12d3841b154299113841b1677f90b52d3841b164a990c3841b1679010b4c0b4e106c592a6430e106c59e4042d334e106c59ae642e2106c59e4ca2d2d25a708362a853222708362ceff216a1a708362cd73217308362cf2441697169c20d8b254c861c20d8b3c8085a629c20d8b39ec85b361a923ab4c27e0
00000087ffe0000000087ffe0000000000087ffe0000000087ffe00000000000021fff8000000021fff8000000000021fff8000000021fff800000000000010fffc000000010fffc000000000010fffc000000010fffc00000000000043fff0000000043fff0000000000043fff0000000043fff00000000
000000000000000000000000000000000000000000000000000000000000000000000000000000000000000000000000000000000000000000000000000000000000000000000000000000000000000000000000000000000000000000000000000000000000000000000000000000000000000000000000
1d4c461aa648e9a0c461aa82b8998b14c461aa816e9990461aa82c4f98ad3531186a9d43a6731186aa0ae2662c131186aa09da6631186aa0b13e62b43a988c354c91d34188c355057133162988c35502dd33208c3550589f315a2a6230d53ea74cd2230d541606cc5726230d5413b4cc6230d541627cc568
22b3b9e5557716733b9e557b0566762b3b9e5578716683b9e557b36e67540acee7955e1c59a0ee7955ecdb99d52cee7955ea0599e2e7955ece7f9d4d056773caaf0e2cd2773caaf64ccceb16773caaf502ccf373caaf671ecea7159dcf2abc38b341dcf2abd9b733aa19dcf2abd82b33b1cf2abd9d413a99
1d5eb02104ac5891eb021068ef888b15eb021067a58892b0210690c688a9357ac08416d16233ac0841a400222b17ac0841a2b62232c0841a439e22a23abd60420958b123d60420d1df11162bd60420cf4b112160420d21cf11512af5810831c2c453581083484244552f581083456c4461810834877e4543
27bfc6ee50a58d33fc6ee53314d2623bfc6ee52f78d273c6ee53352b26111eff1bb94ad634a3f1bb94cd1949852ff1bb94ca4349931bb94cd57298410f7f8ddca56b1a53f8ddca666ba4c337f8ddca6311a4d38ddca66a984c213dfe377295ac6943e377299a7493091fe3772998a69312377299ab273081
0b544e3d1202475144e3d12bbe74d33544e3d1286474e04e3d12bd314d2b2d5138f448091d41138f44af3bd34b15138f44adf1d35138f44af4c534ac16a89c7a24048ea289c7a2577ce9a62a89c7a254e8e9b09c7a257a629a561aa271e894323a72271e895e77a6962a271e895be3a6a271e895e98a6958
2f8d3ab1102bd310d3ab1133b9304238d3ab11301d30513ab1133c59041d3e34eac448ef4c234eac44cee4c108234eac44ccd4c110eac44cf1a610731f1a75622477a611a756226772608431a75622645a609275622678b2083a3c69d58895fe98329d58899e0b820f069d58899dc98211d58899e34c20e6
2874b8a3a540a7634b8a3a7d8c755f074b8a3a7d4a7560b8a3a7dc2155e321d2e28e9d429d612e28e9f6f7d5791d2e28e9f529d582e28e9f7085578c10e971474ea14eb2971474fb5aeabd0e971474fa94eac171474fb842abc603a5c51d3ea53ab25c51d3edefaaf23a5c51d3ea53ab01c51d3ee14caf17
260374acf66c7340374acf8df7336820374acf8be7337374acf8df733680180dd2b3e1f1cce0dd2b3e37dccda000dd2b3e37dccda1d2b3e37e92d9fd0c06e959f0f8e6706e959f1bee66d0006e959f1bee66d2e959f1bf286cff301ba567c3e399c1ba567c6fb99b4001ba567c6fb99b43a567c6fd25b3fa
1b87adfa388c40707adfa3a5200692387adfa3a18406a3adfa3a5242691f2e1eb7e8e65101b1eb7e8e94801a4821eb7e8e92701a52b7e8e949cfa479370f5bf4711880e0f5bf474a400d2430f5bf4747280d335bf474a4c6d23d1c3d6fd1d0c20353d6fd1d2900349003d6fd1d290034916fd1d293e148f1
2de6b70ae5da4c526b70ae8cd2c4491e6b70ae8b04c452b70ae8cf7e4487379adc2b9fa93121adc2ba33cf112239adc2ba30331132dc2ba33e7d121a1bcd6e15cfd49890d6e15d19e788913cd6e15d160988a16e15d19f3e890d2f35b857437262335b8574679e2244335b857464862251b857467d3c2433
1b810ba51785f0c010ba5194bb0b923810ba51911f0ba10ba5194bb0b9202e042e946237c2f042e94652ec2e482042e94650dc2e502e94652f04e47f3702174a2f0be1802174a329761724302174a3265e1732174a32976172401c085d28c88f85d085d28ca5d85c900085d28ca5d85c905d28ca5e09c8fe
15254c333ca94ff254c333e03cfeac1254c333df34feb14c333e0621eab7149530ccf6c53fb1530ccf8177faae09530ccf80f3fab130ccf818c9aadb2a4a986679529fe0a98667c0bbfd5724a98667be69fd6298667c0c43d56e292a6199ed8a7f62a6199f02eff55c12a6199f01e7f5626199f0319355b6
01d7430187168cc17430187336cbf91d7430187168cc0343018734b6bf8b075d0c061c5a3301d0c061cd1d2fe335d0c061c9c32ff10c061cd3a0fe2903ae86030e2d1982e86030e66d97f23ae86030e2d1980286030e69af7f150eba180c38b46603a180c39a3a5fc62ba180c397a65fd2180c39a741fc52
359bd2d380a68b71bd2d384194b62a19bd2d384008b633d2d3841ad7629a166f4b4e0efa2d92f4b4e10694d8a726f4b4e10442d8b34b4e106c238a652b37a5a7056d16d37a5a7083296c54337a5a7080116c63a5a70835f0c5332cde969c1df45b21e969c20d6bb14d0de969c20ca5b152969c20d88914c9
300000001d67ff10000000087ffe000000000018fffdc000000087ffe000000000001effff1000000021fff8000000000021fff8000000021fff8000200000001defff1000000010fffc000000000010fffc000000010fffc000000000001cfffea000000043fff0000000000043fff0000000043fff0000
00000000083fffe00000000000000000000000000000000000000000000000000000000000000000000000000000000000000000000000000000000000000000107fffc000000000000000000000000000000000000000000000000000000000000000000000000000000000000000000000000000000000
3389238c2431fba199d4c46190188f283abfea89b8c8419d4c461a8d88ea0a0eaffaa26e32126753118682623b16675311853862427531186a7823a72c541d64c279560333a988c320311e0b33a988c29c31233a988c351b11d4141d5ff544dc6420cea6230d46c4752ccea6230a70c480ea6230d532474d
3c76dc73c30e04c2662b3b9e2de57217c5401561a7361262b3b9e530571735f150055551cd9198acee793b95c62998acee76a795d18acee795455c5a33abe29b3546aa20cc56773c9dcae334cc56773943caf0c56773caa2ae2d2be2a00aaec39b133159dcf2772b8c133159dcf16f2b93159dcf2a8ab8b4
18b75e879a4cfee1ddd5eb01f19cc629ddd5eaff5d9cd1dd5eb020e7cc5912e789275c6caa037757ac08087317277757ac05b67323757ac083e131630973c493ae365503bbabd603e3398c13bbabd602db3993babd6041cf98b225cf124eb8d95402eeaf581052e62d0eeeaf580f8ce632eaf581080462c5
1aaa8e9985d87900b67bfc6ed970591cb67bfc6d0b706367bfc6ee1b058e1d6d15bf5f2041a2d9eff1bb65c16432d9eff1b84dc1719eff1bb93216350eb68adfaf9020d16cf7f8ddb2e0b2396cf7f8da16e0c2cf7f8ddc780b1b3ada2b7ebe408341b3dfe3770d82c725b3dfe374bb82d33dfe3772642c6a
15557166760647122cb544e3ad4a252e2cb544e0d74a32cb544e3ce4a248254bb690ed206d20b2d5138f39289238b2d5138b9d28a32d5138f416891e12a5db4876903690596a89c79c94491c596a89c5ce945196a89c7a0b448f0a976d21de60da3165aa271e7251243165aa271b5a51325aa271e86f123b
1748a1786191c1333ef8d3aadba4be0b3ef8d3aa57a4c3ef8d3ab0d24bd42a5faa8846c8a680fbe34eac3492f52cfbe34ea95e9303be34eac40f2f4d152fd544236453427df1a755f9497b167df1a754af4983df1a7561e697a714bf551091b14cf1f7c69d586925ea19f7c69d56dd25f37c69d588605e99
170404b49e2d19d22a874b8a16c00b162a874b88ccc012a874b8a37c00a81c1012d27cd46730aa1d2e28df002a18aa1d2e27530032a1d2e28e74029e2e0809693c5a33a0550e97146f80152c550e971199802150e971473a014f2b1543a5c2566011543a5c51be005431543a5c4ea6006143a5c51d2a053b
2fb18523ad3b11f33260374a9acec823326037488aced3260374acc4ec743ec6148ebd2c47a0c980dd2b313b1d0cc980dd2a6b3b20980dd2b3d9b1cd1f630a475e9623d264c06e95779d8f0664c06e95359d924c06e959cbd8e73199301ba23567719301ba5662763a199301ba54d67641301ba567b3639a
27ccaca4a690b963e5b87adf6356c52fe5b87adc8d56d25b87adfa136c411f32b292a282e56396e1eb7e535b113f96e1eb7a755b216e1eb7e8d1b1020f995949514172b3cb70f5bf08ad891fcb70f5bd3aad90b70f5bf468d88137f2dc3d6c36ab732dc3d6fce8b6213f2dc3d6f90ab632dc3d6fd1a36204
2a38a6a007bb5000eede6b709f27a52ceede6b6dc927b2ede6b70ab87a4d28e29a80272d3fe3bb79adc27c9e9433bb79adbf649ea3b79adc2b65e93214714d4013969ff1ddbcd6e13e4f4a19ddbcd6dfb24f51dbcd6e15b2f49936776f35b4d493e376f35b853b3d272776f35b82e93d336f35b8570dd263
04d362c7b6e46b93d1b810ba12906003d1b810ba1290611b810ba50705f1134d8b1edb91ae4346e042e910417d0f46e042e84a41806e042e945e17c309a6c58f6dc8d723a37021746720bf07a37021742520c23702174a0e0be201e8dc085d0948328dc085d26282f91e8dc085d0948300dc085d28bc2f86
31f204084ccbf4b0055254c33388952c055254c05d88a055254c3338895007c810213f8fd2901549530cce22543015495309b62261549530cce2254023e408109db7e9500aa4a98667112a180aa4a984db1130aa4a98667112a01602a92a602ec4502a92a6199c44a8202a92a6178c44b2a92a6199c44a80
344ea2b702f96bb0d01d74300b09691cd01d742e3d097101d7430176968d113a8adc1845ae934075d0c02c25a4334075d0bd1425b0075d0c061c5a33289d456e0a12d751a03ae8601612d239a03ae85c7a12e203ae8602ed2d1a2e680eba150e84c280eba1809a4b472680eba17e484b500eba180c38b466
3c31195be6e525d12759bd2d2538691d2759bd2b573872759bd2d35b868c30c4656fa7f497109d66f4b4d6e1a3349d66f4b17ce1b1d66f4b4df21a2e386232b7d1ea4b924eb37a5a4a70d23a4eb37a56ae70e0eb37a5a6f90d172e93acde939b9c413acde969adc346293acde96719c353acde969be4345c
3ff7f000041ffff37f000001ce08713f7f00001ce00793f00000014a87f33fdfc0001ce00191fc000001ce21f13dfc00001ce02113c0000001d01ff13fefe0000c6000d2fe000001ce10f13efe00001ce01013e0000000c70ff53fbf80001ce00393f80000018c43f23bf800001ce0431380000001d23ff1
00008000000000000800000000000000080000000000008000000000000000020000000000002000000000000000200000000000020000000000000000010000000000001000000000000000100000000000010000000000000000040000000000004000000000000000400000000000000000000041ffff
23fb897a6ed7c6d3b897a7125a6c713fb897a70e7c6c83897a712942c7020fee25e9c39f1b22e25e9c4a2fb1c13ee25e9c4651b1d2ce248e306fc7ef07f712f4e1cf8d93712f4e24f6d8e13f712f4e2118d8f36712471816e3f81fdc4bd3873e3641c4bd3894a163813dc4bd3890c363919c491c61218fdd
1c1366858d083941366858ed63939001366858ed63939366858ed74138fc304d9a163840e4f0d9a163b5d04e3f04d9a163b58e4e40f1db71cf0c38133826cd0b1a1072826cd0b1dac72720026cd0b1dac7272278edb8e7651c0a209b342c74a1c9d1b342c76ba09c7e09b342c76b1c9c81e3b6e39e187026
25d7228a21ceafc2e41d40efa7bccd1d7228a2420afb70bfb983867a5769175c8a288f7abee3907503bf22f33208b652b74b7e05c2fee60e19e95da40bae451447bd5f71c83a81df9179993ae451448415f6e17f73070cf4aed22eb914511ef57dc320ea077e87e663394afcb72564b5d1fdcc1c3414bb47
17bc2e2d9090ed8238aed19332d0413bc2e2d91daed7b0b8ea3fe707236e1ef0b8b64663b5f0e2bb464d4f41022ab766052eadbfd2e3a8ff9c1c8db82f785c5b2121db00715da326a7a0813785c5b23f7daf5171d47fce0e46dc3de1716c8cc76be1c5768c9a9e8204284e9e7579fd7601c751ff387b1b6f
1a680ec474d7ba616b4fb349f8d6602680ec47663ba5a03715c018f8db5229a03b11d77ee971ad3ecd2825597f1e57d67cf59c34e0dc570063e36d4834d01d88e9af74c2d69f6693f1acc00d01d88ed0974b306e2b8031f1b6a413407623b31dd2d35a7d9a504ab2fe14d155b16d4fbf31b8ae00c7c6da90
23e68083d088a88395e43a32669c6d3e68083d298a878030467c7985a7570f9a020f4a62a1e25790e8ca6071b126b270c677780570c119f1e6169d5c07cd0107a53150f32bc874650f38d93cd0107a57350ef0608cf8f30b4eae1f34041e94c543c0af21d19502e3613a850f21e6ee14318233e3cc2d3ab8
30734adb02de756319d248a024ea7a16aafb1657dce3829eb0420586259801cd2b6c17d9d550600b5790fa9dd007a5890fa3f153017bf4cbcf84356820e695b609dceab36cc92e38d326a724519f25b9f5df101a79638c5ad12c37a75dd64f5082f1f2d9235e2a5c5405e575f92d0600335ba1280037b257
16057db83d4199405fd454342ce4d806c42f64578183a08ddcb4cedbb0341815f6e0f92664f1679c302f60e41200db37bff529fc70cc55ea4cc514b32c0afb707a8332814de0ecdc30c744167ed80c8236cd83d4b764e6a6cd5923210bc2bafa5b92d861eaa6c6951c06c7e646b0c2fff20effb95ce39591
3a68057e7ea13fd0f3934f8ba96cf802a25597977bf2d06b9d71a62f60e629a015fa06e4ff134f0f73b0658d580d78a16cb7539d8012af3f01b4c1d334d00afd01627f901fb74ff0ffd8673d0ab5238ab375e0ce1388dc79185c37f26629744412417112cf7757f90124258759eb3d090279a97bc974ce59
327e2bf749967821ad658f65f629281b1ff6cb8b176aa0a1d96875f6c03409f8afdd32b9e05193551b2cbbb19f29d3e0b8336f1481a37ca1b67d880924fc57ee974cf032c562445d0612f02aac604a9d498e12cd2aa3a32aef4d0d7ed6d28ca4a15055806172ee34d21d612d1e297a73115658e23830af38
2af8b1b37aa6e1a22866d07352d2801f3361543c652f416f3d3a2dd7d3cc2be2c6cdf2db8663c231d4a1b2c8811ef74713407d608095fab797cdb13715f16366f96dc332c03116f865dc2b14799263b902ff934a1f7062ff21f51e381683cae62be3b87c887f70a08e34ba49a60464f2e1277901a65cda04
08405719891d4ca3eaa346e0744a0f2fff7198b91f1f53d02bd842b2f00d21015c6624753283912425ef3d5c051c8c42a0e112b882d192b761696b371080ae33123a994112a38f1b7e091f32b81babd9b608519e9bd9b45c72ca1d507e96eed050b1b2436e1db1bad82f5f199403a926c159bda23ebea277
30305f4b18f0a7c1bc3b51ef30bef9003ebbb551e6d3b03418d9cf7e700700c17d2c70229ed2f79fec52aa4edc3bb2ad5a943d52f04663816e1682f32060be9636014f71975ddff9e6f6a32d07bbb819c68743ba16e996fc89d90e8ddc581fd7abd0832744078befa500caf6db4b974b720b8fecd7e482ff
30f35ddebe1363e1d21b1af7dcbf333118fa7fc18319c2127a42ce66d86603cd777b04ad8f51fafe027ea6cc8e37ec85fcb5d493e3539878c268d94721e6bbbd8046c7b26e09ca8faf4b3720b70997ca36c17352bed75d344189138de7f7edde4641604a866b12974e2ac79532a95a208038962fe3375449
000c7ff7f0000000c7ff7f0000000000c7ff7f000000007ff7f000c5fffd0031ffdfc00000031ffdfc00000000031ffdfc00000001ffdfc00317fff40018ffefe00000018ffefe00000000018ffefe00000000ffefe0018bfffa0063ffbf800000023ffbf80041ffff063ffbf800000003ffbf80020ffff8
000000008000000000000800000000000000080000000000008000000000000000020000000000002000000000000000200000000000020000000000000000010000000000001000000000000000100000000000010000000000000000040000000000004000000000000000400000000000040000000000
20e4e3fb875bb0824e3fb89781077d0e4e3fb896bb0780e3fb897a6277c703938fee25aec1e138fee25e881df23938fee25aec1e038fee25e989df1c01c9c7f712d760f09c7f712f440ef91c9c7f712d760f01c7f712f4c4ef8e07271fdc4b5d83c271fdc4bd103be43271fdc4b9f83bf31fdc4bd355be37
1f1b1c1364844f91b1c136683cf88431b1c1366524f8931c1366855b883a3c6c704d96313e32c704d9a135e20f06c704d9a0f3e210704d9a163420e53e363826c9089f2363826cd079f1082363826cce69f1123826cd0af9107338d8e09b30827c518e09b342adc41d0d8e09b341e7c420e09b342c6841ca
054125d722337150125d7228a114eb14125d72275714f125d7228a114eb01504975c88cdc5404975c8a28453ac104975c8a17c53b0975c8a28873abf0a824bae4466e2a024bae4514229d62824bae44eae29e24bae4514229d602a092eb9119b8a8092eb914508a7582092eb9142f8a7612eb914510e757e
3c4a17bc2a4acba0a17bc2e2ceb90f04a17bc2e28cb91217bc2e2d6f90ee31285ef0b58b2e5285ef0b8b3ae43c1285ef0b8a32e4405ef0b8b64243b638942f7858b5973142f785c59d721e0942f785c51972202f785c5b2121db2250bde16f365c910bde1716b7c877250bde171465c880bde1716c84876c
21169a680ca281a169a680ec30197c1169a680eb2819829a680ec44b97bb045a69a03aca0661a69a03b10265ef05a69a03b0c065f269a03b11b25eea022d34d01d650332d34d01d86032f822d34d01d650330134d01d88d92f7508b4d34075940cc34d34076204cbde0b4d34076180cbe0d3407623a6bdd3
1d5e23e67e9f4191e23e68081e188b15e23e6806d4189223e68083af88a935788f99fe9d063388f9a020ba622b1788f9a01f7062308f9a020f4222a23abc47ccfd3e8323c47cd0103c31162bc47cd00da8312047cd0107a111512af11f34015a0c5311f34041b6c4552f11f3403ee0c4611f34041e844544
062ab0734a7545a2ab0734ad8459e822ab0734ab7459f2b0734adad99e7618aac1cd29d51682ac1cd2b695679e0aac1cd2b61167a2c1cd2b6bea79d60c5560e694ea8b41560e695b4ab3cf05560e695b08b3d160e695b5f53ceb3155839a53aa2d015839a56d6ccf3b155839a56c22cf41839a56d816f3ab
399b16057a01bfd1b16057db67fc1a19b16057d9dbfc2316057db80bc19a266c5815f466ff12c5815f6de1f06726c5815f6b8ff0705815f6e0f5066533362c0af8237f9362c0afb6cff8343362c0afb3b7f8422c0afb705983330cd8b02becedfe118b02bedc05e0cd0d8b02bedb3fe0d0b02bedc1ea0cca
3b00fa6801b0f2500fa68057e72414300fa68054cf2420fa68057e7241402c03e9a01323c9103e9a015f9c9050003e9a015f9c9053e9a015f9c905003601f4d00781e4901f4d00afce4828201f4d00adbe4831f4d00afce482801807d3402a6792107d3402bf3920a0007d3402bf3920a3d3402bf3d409ff
261fb27e298241e1fb27e2bf541d6821fb27e2bd441d73b27e2bf70fd679187ec9f8ae490763ec9f8afd92759f07ec9f8afd5075a2c9f8afdd0559e10c3f64fc572483b3f64fc57ea83ad003f64fc57ea83ad364fc57ee61acf130fd93f15c920ec3d93f15fb66eb3d0fd93f15faa0eb4193f15fba4cb3c1
2479aaf8af59a5f39aaf8b1afc5e6f079aaf8b1aba5e71aaf8b1b361e6e211e6abe2c5a697a26abe2c6cb779b91e6abe2c6ae979c2abe2c6cdc99b8708f355f162d34bd3355f16363abcdd0f355f163574bce355f16366c3cdc423cd57c58b4d2f40d57c58d9b0f3713cd57c58d5d2f38157c58d9bd5370d
0acd884056674a60d88405718aa5d52cd884056eb4a5e188405719705d4d2b362101599d2983621015c62a975433621015c312976221015c66037533159b1080acce94c1b1080ae3154baa19b1080ae1894bb31080ae32e0ba9a166c4202b75a52f2c4202b8c972ea726c4202b8a452eb04202b8cc48ea65
3d6130305b565882130305f48f870b16130305f345871130305f4b0870a83584c0c179b961d04c0c17d2c21c2a184c0c17d1361c30c0c17d2c63c29f3ac26060baccb0f026060be9610e152c26060be68b0e226060be9610e1502b098182f792c39098182fa58438543098182fa26c38618182fa58c7853e
3270b0f35a9e7de30b0f35ddb9dd37270b0f35db67dd40b0f35ddeb5d36409c2c3cd76d9f7502c3cd777ad74d91c2c3cd775df74e2c3cd777ad74d9024e161e6b95cfbb2161e6bbbb5ba6d0e161e6bbaefba7161e6bbbd6ba6c81385879aedb3eea05879aeef5ae9b2385879aeebbee9c1879aeef5f09b1f
0000000c7ff7f0000000c7ff7f0000000000c7ff7f0000000c7ff7f0000000000031ffdfc00000031ffdfc00000000031ffdfc00000031ffdfc0000000000018ffefe00000018ffefe00000000018ffefe00000018ffefe0000000000063ffbf800000063ffbf800000000063ffbf800000063ffbf800000
000000000000800000000000080000000000000008000000000000800000000000000002000000000000200000000000000020000000000002000000000000000001000000000000100000000000000010000000000001000000000000000004000000000000400000000000000040000000000004000000
113e20e4e2df0863e20e4e3f7885bc13e20e4e3e7085c220e4e3fb665bb104f883938f9c2173883938fea816ed0f883938fde216f083938fee1d6ec2227c41c9c5be10c3c41c9c7f330b7727c41c9c7ce10b8041c9c7f70eb76109f107271f3842e3107271fd922dd91f107271fbc42de107271fdc3add84
2ec1df1b190fe7b01df1b1c1347a452c1df1b1be5e7a51df1b1c1347a4503b077c6c6c7f9ea077c6c704d1e9143077c6c701b9e9237c6c704d60913f1d83be36363fcf503be3638268f48a183be36380dcf493be3638268f48a0360ef8d8dd1f3d30ef8d8e09a3d22820ef8d8e0793d232f8d8e09b03227d
323ac541229a58e3ac54125d358d3823ac54125b258d42c54125d6f4d37208eb150496c96352b15049759c34dd0eb1504974d634e31504975c574dc624758a824954b1b358a824baad1a6f0758a824ba6b1a718a824bae2ba6e311d62a092d92c6a162a092eb7a69b91d62a092e9ac69c22a092eb8f09b8b
14d1bc4a1664a9911bc4a17bb098ad0d1bc4a17aea98b1bc4a17bc118acc1346f1285db2a6306f1285ef0462b3346f1285ebaa62c2f1285ef0882b2f29a378942cc95322378942f761315a1a378942f5d5316378942f78231598268de250bb654c60de250bde08c56628de250bdb74c571e250bde152565d
35f9a11696ed77f39a1169a6457e291f9a1169a4777e31a1169a67f3e28217e6845a6815df926845a699dbf8a13e6845a695fdf8b2845a69a0118a072bf3422d31faefd33422d34cccfc513f3422d348eefc63422d34cfe7c5042fcd08b4d02bbf20d08b4d33f9f1413cd08b4d301bf15108b4d34065140d
02f9dd5e23b565c39dd5e23e2c5bf52f9dd5e23b565c01dd5e23e661bf420be775788ed59702775788f9776fd13e775788f5996fe375788f99c8fd0705f3babc476acb833babc47c9ab7e91f3babc47accb7f3babc47ccc37e8417ceeaf11dab2e00eeaf11f330dfa13ceeaf11ef52dfb2eaf11f33d3fa0d
2ae9862aadaf3dc29862ab0709db552e9862ab0433db61862ab07331b5462ba618aabefcf6e2618aac1cab6d523a618aac190f6d6218aac1cd08d51715d30c555f7e7b7130c5560e55b6a91d30c5560c87b6b30c5560e6636a8c174c31558219edb0c315583998daa334c31558363edab03155839a53aa2d
3900f99b1258edb00f99b16056da1c100f99b15f4eda20f99b16056da1c02403e66c55c3b6903e66c5815b6870003e66c5815b6873e66c5815b687003201f33628d1db501f3362c0adb438201f3362be9db441f3362c0adb43800807ccd8afa76d107ccd8b02b6d0e0007ccd8b02b6d0e3ccd8b02baf0dff
3c36fb00f6867a636fb00fa647a510036fb00fa647a512fb00fa67d450f330dbec03e679e951bec03e99e4943d0dbec03e991e9443ec03e99fd543ca386df601f12cf4b2df601f4cd14a1f06df601f4c8f4a21f601f4cfeaa1e521b7d807d113d2937d807d33c9287a1b7d807d323d2883d807d33fec8793
36f8a61faef325538a61fb27a854252f8a61fb24d25430a61fb27e2142421be2987ec82c95122987ec9f6750913e2987ec9b8950a2987ec9f88509082df14c3f62064a9314c3f64f92a8491f14c3f64dc4a8514c3f64fc42848437c530fd90592a20530fd93f10a1213c530fd93b32a13130fd93f14c120f
19686479a955774286479aaf61739b1686479aae1773a06479aaf8ab39a625a191e6a975dcf2191e6abe09ce6a1a191e6abc7dce7191e6abe2ace69832d0c8f352aaee810c8f355f04e7352d0c8f355c2ee740c8f355f156734c0b4323cd570bb9d0323cd57c559cd334323cd578fb9ce323cd57c559cd30
22d68acd8601833168acd883ee32752d68acd8811832828acd88402d274b0b5a2b3620460ca1a2b3620ffac9d335a2b3620ca0c9e22b362101389d2a05ad159b10230652d159b107dc64ea1ad159b1065064f1159b10809c4e9516b4566c408c19434566c41ff593a62b4566c41d6193b0566c4202b33a53
269e3d612db32c61e3d61302e6c56629e3d6130052c5723d6130303a56591a78f584bf0cb1638f584c0bdd1597278f584c098b15a0f584c0c16d59620d3c7ac25f8658b3c7ac2605cd8acc13c7ac2604c58ad07ac26060b6acb134f1eb097e1962c31eb09817fc2b2d0f1eb09817362b31eb098182dab2c4
0608b270b08fce608b270b0f2ce5e8208b270b0d1ce5f0b270b0f3525e7e1822c9c2c23f39822c9c2c3cb397a0022c9c2c3cb397a2c9c2c3cd4979f80c1164e1611f9cc1164e161e59cbd001164e161e59cbd164e161e6a4bcfc30459385847e730059385879a92f3f0459385879672f419385879ad4f3ef
3f7800001cec7f138000000421ff6b378000001da7fe900000000e0bf7ea3de000001d11ff1200000004edfdf11e00000040fffc9000000031ffdfc03ef000001cf8ff130000000465feed2f0000001e6ffe100000001a07efdc3bc000001d43ff10000000080dfbf13c0000003ffffaa000000063ffbf80
00000000083fffe00000000000000800000000000000000000000000008000000000000000000000000000002000000000000000000000000000020000000000107fffc000000000000010000000000000000000000000000100000000000000000000000000000040000000000000000000000000000400
1d9438937ecd99f3b7976d3ef5683d208551398acd88c1a6457a161df48600d48ee6ef612542de5db4fc9ba0f13791984d856b645244f883936a7c22006a477377b092a36f2eda7e2cd0793bc8cc26c0a5b2334c8af42c3be90c1042a89cc566c460d322bd0b0efa433dbcbb69f59b41f089f1072716f843
1263c76c6c926663c86892c08698b51efaaec66092789259ba85e91c1a6d3f0b7119085edae321a24b02e062d1066e67b276749fc1bb077c6c53bf9f1f85b88c842f6d7390d125814f3169033733d93b3a4fe0b3750bd27a34d92f7d57632e393c532cdd42f46d0d373e4344960224c5b3760ef8d8a77f3e
0b8d021c248a52c26885162cf4f7cc3723f121b8a17de173480afc86150706390ff50bc5a2415cd202bf11054209a21458b3d3df32c8eb1504696964171a04384914a580d10a2c5a2bef972e47e2437562fbb164758a8234b4b20c721fea178b4482b9a4057e220a84134428b167a7be6191d62a0914d2c7
0768b416888fc520282671d620deef03131d1a00c377433dd328f11474f737043e06c1fe4361cf74ca3c349d3e10a099c7577b7bc35346f1282812a70ed1682d111f8a40504ce3ac41bdde06263a340186ee83a9a37893f309542e087c0d881c86b39ee99478693a7c2141338eaef6f782a68de25092254d
1cf7251eedc5a2a34705866e64f98f085c0ede433e6133b4ec5b5a6112cd1bd78cf745ba32e3ed3b16d666c4b41d1c1619b88be641d7e6845a4b35e039ee4a3ddb8b45428e0b0cdd0bf31d10b81dbc867cc260ebf3422d259af037af19ee8b7465c3da762dad0f89673a382c337117cc83afcd08b4966bc0
300324ae5ce041a1284ef18e00edd83c6ce2e5fb1c67d399f870b632451c26ab250cdc01d740e67e1c2d8c914704a13bc63803b7600be775788ed5972006495cbde08332509de31c01dbb038d9c5cbfa58cf9205f3babc266acc0d564a19bc23ae71ccfc385b19228e0942778c70076ec017ceeaf11dab2e
283c6e026d560333a30ddaf24102520d321e83ff84dda12ae9862a9d2f3e09d1f8a09b8a6e914db19bd4e0431b2e8c376bc6f40950aba618aab6bcf724e8fc504bb53752a6d8cdea4f218e37461bb5e16a04b255d30c553a5e7c06990f41ffc26ed35a92c7c784b8b21d186ed792081291574c31556d79ee
281c262422ed18f255e93e4d1b279b3b50007e1d6840517900f99afdb8ee04cd7ca07683a3f0f3e0cef17ea7971957a4f933649e71e403e66c38e3b72266be503931d20279f067789e53cc2cabd27c97a24f42f201f335fb71dc3da8003f0ca42032b86fbdd672761332af49f266c93ce3c807ccd871c76e
0de31244b49b6022eab437455c84fa0c90291ff96050e2bc36fb00cd467b065d4ebbeabfa3e389a96b588a53072baad0dd136213f2f0dbec03b919ea032ea75df55fd1f3c4d4b5ac24298435d5686e87a10a01786df601dc8cf50648148ffcb02870c82f335b3104ca1755a1ba2ae427d1e1b7d807b433d3
11ac93ba21e0f4d03cbf7df71d298a28c15d44ea382d12f6f8a61f81932607d73a368859013089a0bdaf52b32f20f2fdf7da64a633dbe2987e8a4c9623eb9d1b421c80a244d05ed788599830797efbeb225321edf14c3f45264b3460aea2730c16917a6a09dc32585301e5fbefb8e94c53b7c530fd56992b
073c34c5044eb443c161153f30c6022b3cc34e46edc2a31968647977d5781d284dee3ec87ad36ee18f2aab0afa2f058454fab3181065a191e6a555dd2e9426f71d543d71b770c79555857d3782c22a7b498c1232d0c8f331aaef159e61a72376e152769a8fd78724001e0b08a9f9863010cb4323cd4aabba
20b7717ee79cb6802f20a367e6433b2289abbab10c777362d68acd5061843569267ab8a38e50dda9ff5d04cdc710bc828d9e910cf18b5a2b3607860d3ab4933d5a41c7326ed4ffae6166e4285e4146cd388682c5ad159ae2c3073144d5dd56763bc00677a20fed3cd22179051b3d2219e316b4566c0f0c1a
15ccd8b36b6226e2c86b9a3e7776e01dce545a68c05e52a69e3d6104732d317a1895a4d683d38572933dd3d24d0b21ae68f9dddb829a78f58495ccb238bd0c4ad05b41f3c2b9499ec8e9270590d7347ceeedc14d3c7ac24ae6592ee72a2d32502f323a370687f07db616435cd1f3bbb70134f1eb096d9963
127746e33172851226a7de9d8c2336189797358e3848028608b270874fcf1fa074cdc1b4daf1d9254a6b9e52fc289a9f7a74208ce21822c9c2a13f3a2fd03a66deca6d80ec92a535cf297e144d4fbd3a1046710c1164e1509f9d0c4bcb9ac71c2402f31b04b8f4737e11353ef4ec6119b030459385847e73
27ffff78083fffe3fff78001ce00b93ffff780251fff73ff780001ce0c711ffffde0293fff63ffde0001ce03113fffde001ce00293fde00001ce31f10ffffef0149fffb3ffef0001ce01813fffef000c6000d3fef00001ce18f13ffffbc0107fffc3ffbc0001ce06313fffbc001ce00593fbc00001ce63f1
3f407ffffbe0001007ffffff3a00033407fffffbe00010800000000000003d01fffffbe000101ffffffef80004101ffffffbe00012000000000000003e80fffffbe000100ffffffe740006280ffffffbe00011000000000000003a03fffffbe0001040000000000000203ffffff7c000200000000041ffff
36061386b48497c061386b7ff97b282061386b7de97b33729b91c49d031818184e1ade725ed0dca6e4712740c60184e1adffe5eca17650e24deab6682c0c270d6d292f706e53723893a06300c270d6fff2f652e53723897c062f30309c35bce4bda1b94dc8e24e818c0309c35bffcbd942eca1c49bd56cd0
0af0dc71475b68530dc71480cc84d52f0dc7147df684e37d5c6e3a5afcec2bc371c51d6da140df571b8e96bf3b3c371c52001a1362498f1db191499a15e1b8e28eb6d0a26fab8dc72a5f9e1e1b8e29000d09b2fab8dc74f7f9d71786e38a3efb4271beae371d2d7e76386e38a4045426b0931e3b63649333
0134623f76650561b64647561efc9b134623f766505603646475637bc9aa04d188fdd9941582d9191d58bdf26b0d188fdd9d6157f0ca3c9c6c3352f30268c47eecca0ac36c8c8eac3df936268c47eecca0ac02651e4e35f8a97a09a311fbb3282b01b2323ab1bde4d51a311fbb3ac2afe1947938d866a5e6
011652fcd258f183492ae1ff2fc74a11652fcd258f180092ae1ff656749304594bf34963c60124ab87fd851d250594bf349a5c5ff096a19590486ae8022ca5f9a4b1e3029255c3fea18e9322ca5f9a4b1e30004b50cac824357408b297e692c78c0249570ffb0a3a4a0b297e6934b8bfe12d432b2090d5d0
033dc67fd543dd41f86ce87fc524a233dc67fd543dd40386ce87fe204a190cf719ff550f7503e1b3a1ff5692870f719ff55d574fd3faddcf4590eab7067b8cffaa87ba83f0d9d0ff8a494427b8cffaac9ba7f3fd6ee7a2a7755c19ee33feaa1eea03c36743feef250d1ee33feabaae9fa3f5bb9e8b63d56d
38896433ddde2bf22620ee2a68177b0896433e17a2be22620ee2a89177a8222590cf83d8af909883b8aa245dea22590cf85e8af8822403febdf3575e3112c867bfdc57d04c41dc55122ef5112c867c2f457c411201ff5ef9abaf044b219f0bd15f113107715448bbd404b219f0c135f0f04807fd7c28aebb
14e0678f7501859384d817a106bda50e0678f764b858b172384194bfab6a13819e3dd826163073eda9cf4b16593819e3dd92e162c219f872bfa79e1829c0cf1eea030b20d7ce1a20b77fdf1c0cf1eec970b162e47083297f56d427033c7bb04c2c63c4f4331f60b2b03c26c0bd0625ed30b06fdfd3f0f318
2e0ccf4a085698126e50e09bc3ce1220ccf4a0b2c980506ad81ac6c3b13738333d28299a602336bcb5342520f60333d282d36601211506a8b960fa7f1c199e9414cd30103d5ed93d54b90e0199e94169b30090d5b0358d87626e30667a505754c031267765b1bdaedb13728704de1e70929d602ec58f1f40
1c8f448e3e90aaf05e019d59e16c0908f448e405eaae92a7f0d43b848efb323d1238fe62abb165fc113857593b23d1239017aaba433b5a0bca7e008c391e891c7d2155e287549d9d10de9611e891c80bd55d214fe1a8774b1df5247a247200e55752c2d0c800c9090622f00ceaccfb60506a84e4edb20649
09b789c0866a43a046ed256bcc1dc31b789c086ee439e23a30914cb509c626de270219a90e82395128bdcd0d0b2de27021bfb0e7717c068d3b2183f6136f13810cd487427d4691f8c15b1736f13810ddc873c074612299ac138b0dbc4e0437721cf1fc1a24331988fa2237692b5c50ee215220872cadbf19
3519263147415c60c411f7ae9be14611926314a9b5c5301e692cd51ce89a146498c529657150e4ffabbb5ac09d06498c52aaf714b3de0df87849ddc52a324c6292a2b8b398b7a83bcca2fa2324c629536b8a603cd259aa39d13428c9318a52cae2a235a4537e04fb9706208fbd74df0a326fb4242ba932d1
31243e993abd52b2da30da89e26cc51243e993dd552a434855200cf1293f0490fa64f7554a909e3fd0ca9a65e3090fa64f7974a8f08e10382cc1481722487d32799aa553e910522a76d3042487d327baaa548290aa401a24527d0921f4c9eeaa95233ac3cac3a75e7836d186d44d03663204dda08e762f0d
3d2332efb67f0c2091d2bbbee6734612332efba5d0c1116b34ae558fae59348ccbbee65c3052b69c18217665e408ccbbee9b6304315bbb4cea19c8f03a4665df711e1831c2e85f7841c99f24665df74ba18222d6695cab1f5cb22919977dd0d86090bf1d663b707591048e95ddf7339a30575960977be61c
3747233d708f38f2f3d4b7051b2930347233d73e938e302efb42e39d49f81d1c8cf5ce9ce3936c34d25d73d5f511c8cf5d06ae38915246cdf022f23b2e8e467ae53e71d0198b832c524dc628e467ae81471c505df685c73a93f03a3919eb9d39c7220633f67b903ca6179ea5b828d949802a9f5ff9bedc87
0000a7ffff7800000a7ffff7800000000a7ffff7800000a7ffff7800000000029ffffde0000029ffffde0000000029ffffde0000029ffffde000000000014ffffef0000014ffffef0000000014ffffef0000014ffffef000000000053ffffbc0000053ffffbc0000000053ffffbc0000013ffffbc041ffff
3fffff407be00013fff407ffbe00013ffff407fbe00013ff407fffbe00013ffffd01fbe00013ffd01fffbe00013fffd01ffbe00013fd01ffffbe00013ffffe80fbe00013ffe80fffbe00013fffe80ffbe00013fe80ffffbe00013ffffa03fbe00013ffa03fffbe00013fffa03ffbe00013fa03ffffbe0001
2da136061095d4121360613849404a1a13606136bd405136061386a404983684d8184a9750204d8184e1a90126284d8184df150130d8184e1ad2125f1b426c0c254ba81026c0c270d480933426c0c26d7a80a26c0c270d4809302d09b030994ea0309b0309c352024c109b0309c24a0251b0309c35a424be
125ecaf0db422c01ecaf0dc6f4bfb725ecaf0dc4a2bfc2caf0dc7119fb69097b2bc37128aff3b2bc371c14fedb17b2bc371acafee32bc371c4ebeda224bd95e1b6845803d95e1b8de97f6e0bd95e1b8d657f7195e1b8e275f6d112f65786e2515fe365786e386bfdb52f65786e3595fdc25786e38a19db43
2bea81345f6ad932a8134623cb92513ea813461fed92628134623f4d25062faa04d185eb64a2a04d188fb249423aa04d188c16495204d188fdb8941617d50268c2f5b25150268c47d924a13d50268c43fb24b10268c47edc4a0b1f5409a30ff6c931409a311fa6928335409a311c4c929009a311fbb3282b
1c3a0116512b1563a011652f91559003a011652f915592011652fcb158f230e8045948cc5572804594bf0b563d0e804594be45564004594bf34963c63874022ca2562ac34022ca5f64ab1f074022ca5f22ab20022ca5f9a4b1e321d008b295b8aad1008b297e58ac791d008b297c8aac8008b297e692c78c
308b033dc35edfd0b033dc67f1fc3e08b033dc676dfc43033dc67fa3c3de022c0cf719db7f12c0cf719fc7f0f822c0cf719db7f1000cf719ff550f752116067b8addbf916067b8cfe3f87c116067b8cedbf882067b8cff8987bb045819ee33b6fe21819ee33fd1e1ef05819ee33f8fe1f019ee33feaa1eea
0750788963bb31c1078896432d1be3350788963fd31bf078896433d9be2c1d41e2258eecc7001e22590cf66f8b141e22590bac6f91e22590cf66f8b00ea0f112c77663820f112c865a37c62a0f112c83c637d0f112c867b37c583a83c44b1dd98e003c44b219ecdf16283c44b21758df23c44b219ecdf160
39e9d4e063d3e4329d4e0678cc42191e9d4e0676fe4221d4e0678f58218627a753819baf9092753819e3b508623a753819e019087353819e3da2861733d3a9c0cbc7c8513a9c0cf1da84313d3a9c0cedfc8443a9c0cf1eb0430c0f4ea7033b7f2110ea7033c7ac10c334ea7033c45210d2a7033c7b870c2d
259fee0cccdd3c81fee0ccf47fc76a19fee0ccf2f3c773ee0ccf49ca7699167fb8333bb4f1e3fb8333d2411da727fb8333cfef1db3b8333d27efda610b3fdc199dda78f3fdc199e8ff8ed433fdc199e5e78ee3dc199e93d6ed312cff70667769e3c3f70667a4c43b4d0ff70667a3fe3b5370667a5021b4c1
3d545c8f409a508145c8f448cf070b1545c8f4478507105c8f448e3a70ab3551723d0ec941d11723d1237e1c2b151723d122341c31723d1238e9c2ac3aa8b91e8554a0f28b91e8919e0e162a8b91e88f0a0e20b91e891c74e1562aa2e47a21b283922e47a246fc38562a2e47a244683862e47a2471d38558
16f189b78845f5b3189b789bd55aa52f189b7898ff5ab189b789c06daa441bc626de2537d6b0626de2701b6a913c626de26c3d6aa226de2701f8a90f2de3136f108beb623136f137ecb5491e3136f1361eb553136f1380db5488378c4dbc4a6fad60c4dbc4e036d52238c4dbc4dc9ad5304dbc4e0433521d
3a8eb519226b1810eb51926305801628eb519260718022b51926311e015d2a3ad464960c6013ad46498c16005823ad46498a060062d46498c4fc0572351d6a3248f63011d6a324c60b002c11d6a324c50300316a324c627e02b91475a8c93038c0135a8c93186e00af075a8c93182c00b1a8c9318a3a0ae3
0ab571243de88c23571243e95cc1d62b571243e6c8c1e171243e99261d532ad5c490f7a230815c490fa63907552d5c490fa3630761c490fa64da754b156ae2487bd11842ae2487d2fb83ab16ae2487d1b183b2e2487d324c3aa615ab8921f36460f2b8921f4c720eaa1ab8921f4ae60eb38921f4c9b4ea96
03cfbd2332b0d6c0fbd2332eeb6bf13cfbd2332b0d6c03bd2332ef7cbf0d0f3ef48ccac35b03ef48ccbbadafc433ef48ccb895afd2f48ccbbeb8fc31079f7a466561ad81f7a4665dd6d7e239f7a4665a3ad7f37a4665df3b7e191e7de9199586b603de9199779d5f8727de9199754b5f91e919977db3f861
031c7747230a1e71c7747233b9e6f431c7747230a1e7007747233d6c6f390c71dd1c8c2879c31dd1c8cf299bcf071dd1c8cee79bd1dd1c8cf5b1bce40638ee8e46143ce38ee8e46773cde8238ee8e46563cdf0ee8e467ad8de7218e3ba391850f3823ba3919e95379d0e3ba3919dcf37a3ba3919eb6379c8
3c000000c4dffe9000000a7ffff7800000000a9cdff7100000a7ffff780030000002bcdffd10000029ffffde000000002a107fddc000029ffffde000380000016cdffe10000014ffffef000000001518bfeea000014ffffef000200000055cdffb10000053ffffbc0000000053ffffbc0000053ffffbc000
3ffffffffb208013fffffff3c600013fffffffefe80013ffffff403e00013ffffffff8e20013ffffffcfde00013fffffffcc000013fffffd01be00013ffffffffa610013ffffffe7ce00013fffffffe3f00013fffffe80be00013ffffffff5e40013ffffff9ffe00013fffffff9c200013fffffa03be0001
372409fab99c2f22feda13602fcb5e23a714dce8be7753eda13605d2b5d51c9027eaf2d0bc53fb684d81432d760e9c5373ab39dd23b684d81810d7512e4813f577585e31fdb426c0a196bb074e29b9d59cee93db426c0be76ba939204fd5e5a178a3f6d09b02c85aeb17f6d09b017e5af36d09b03063aea1
04dbf605433ac0f10125ecaefd34231c58eb231e708850125ecaf0db422c136fd8150ceb03c00497b2bc36d08b3163ac8c7de22130497b2bc36d08b009b7ec0a867581e2024bd95dfa684638b1d6463ce110a024bd95e1b6845826dfb02a19d60780092f65786da11628092f6575d9a12092f65786da1160
2202023145c19081b6bea81329dcae2226d254ae331f836bea813429cada2647ba12a8d136c2dafaa04ce972b726dafaa04a9772c1afaa04d16d2b65040404628fa320f36d7d502653b95c044da4a960863ef2d7d502689595b324947ba9cb3ec4c1b5f5409a14e56d0db5f540994ee5735f5409a2da56ca
2005d7c58d32d942a9c3a011393eb230e93a60538aa4429c3a011627eb16271984152555cee2a70e804568fac62aa70e8042d4fad270e8045923ac56000baf8b1e85b27153874022b47d6321d274c0ab3548713874022c91d62b279475d6ee8acc914e1d008b13f58b154e1d0089c9f590e1d008b28958ab
2bfa283a699616e00f08b033db6fee11cf91efe94a0a80f08b033db6fee008e67bead6cdf1203c22c0cf6dbfb8203c22c0cd5dbfc3c22c0cf6dbfb8017f45074d74c2db01e116067b6dfdc239f23dfd2941501e116067b6dfdc039c7f05133ff8ac07845819edb7f70007845819edb7f73845819edf9f6ff
29fdfdceb1075fa3907507885b73b41b20615ae596310107507889533b3209b845ed5352894241d41e2233cecd0e41d41e216dced01d41e2258eecc713fbfb9d662ebf3320ea0f10f8e7673640c2b5cb2c62020ea0f112a676643a0f1e2e02c5e37083a83c44a99d991c83a83c42db9da03a83c44b1dd98e
271ab436f8984462f79e9d4dd5833f0ac0e2425cef5c7379e9d4e02e33e53fc71c44bdf28393de7a7537da0cfa1bde7a75364e0d01e7a753817ecf9129c10275f0188cf1ef3d3a9bed067d0def3d3a9b270682f3d3a9c09e67c9256071212c67ae43bcf4ea6ff619f337bcf4ea6c9c1a03cf4ea702fd9f22
1ffeb52de2981f50e259fee0be5dd41df93db309850a42259fee0cabdd3d0b479311d1bd1bc38967fb82f97750038967fb82f97750967fb8333374f22fc3d17318e11721c4b3fdc17cbba821c4b3fdbf6cbbb04b3fdc1999ba790efc9ed984c2852312cff70634ee9f0712cff705f2eea12cff706666e9e4
07d318f83df5ea33e3d545c8b419a63bd9d5e8bfe943823d545c8f1f9a512b7f6257bdebf2238f5517239666952f8f551720c066a0f551723d02694213051a7bef591893c7aa8b91aa334b17c7aa8b906033507aa8b91e8134a11deceaf45ff4a1c31eaa2e476ecd291f1eaa2e45a0cd31eaa2e47a04d284
34f8a4eb879b8682956f189b4dfa601f1e5bf6293f9ba156f189b773a5f637bd97a0820910c255bc626dbbe97e0a55bc626d37e9815bc626de1097d711e8aba9e0c1d1712ade3136ddf4bf052ade31369bf4c2ade3136ee74bec0f8f2dfb149fcdd0ab78c4dbb9d2fb14ab78c4da6fd302b78c4dbc212fae
153ebb0408324ab1ffa8eb517168b22a09a8484fec3f03fa8eb518e48b192df97d347dc96ea3fea3ad4607a2c727fea3ad43b5a2d3ea3ad464582c6129603bc022e8e203ff51d6a2e2d16433ff51d69fcad173f51d6a320b16311504d42427f61f83fd475a8c51458d0ffd475a8b8b4593d475a8c8f258c1
05f5871823aa24e0f8ab571233e289006fbe797e5441638ab5712404288d1025eefb5f9be6a3e2ad5c48cf8a2433e2ad5c45b78a322ad5c490d6a23121b1fe1a0477f471f156ae2467c51239f156ae20cbc523156ae2484a51190037df3cbf2a20b3c55ab891e1144727c55ab88f8f145055ab8921ef4461
1d905cde5af71c72503cfbd20d030e0686f956be0d29f103cfbd232230d7248adaa17e7c9e3140f3ef48b80c362940f3ef46240c400f3ef48ccac35b38bf12873597b9f0a079f7a45c061b14a079f7a3120622079f7a464461ae23437cab5cf6950281e7de9170186c1281e7de906818701e7de9199586b6
335639bcb72660306431c7746bbea20b4d4e1344f11252431c7746fdea1f2f0a0fdfbaa86b8190c71dd1aefa882190c71dcf9efa910c71dd1c7ba87a1dbc198fb4ca6280c8638ee8d77d4430c8638ee5bf7d508638ee8e3dd43d25a6a709a0688933218e3ba35df51003218e3ba35df51218e3ba38f750f4
037ffc002100a703ffc00003647feb37ffc000210a7f03fc00000275ffe90dfff00021029f03ff000001f7fff11fff00002d89fed3f00000046dffe906fff80021014f03ff800002eaffed2fff80002534fef3f80000031dffe91bffe00021053f03fe00000221fff13ffe00003a13fea3e00000070dffe9
3ffffffffbdfff93ffffffffbdf4093ffffffffbdff413ffffffffbd40813ffffffffbdffd13ffffffffbdd0213ffffffffbdfd013ffffffffbb02013ffffffffbdffe93ffffffffbde8113ffffffffbdfe813ffffffffbc81013ffffffffbdffa13ffffffffbda0413ffffffffbdfa013ffffffffb80401
0aa2814774591eb209f5cbd06eac0f1b8e89a8672d7102cc2b632be431ad2a8a051dd1647ac027d72f423eb03a2e3a26a1a0d5c3f2dc9027eac570bd1545028ee8b23d6013eb97a11f581d371d1350ce5ae2019856c6580a635915140a3ba6e8f5736615b195d118d7304fae5e81656081b9204fd5cce179
39557ab88786e26175ca342f4f636223f1365798d29e812fd49cd356c5462555eae22a7b8951d728d0bd7f8d870fc4d95e6b8a79e1136fd814fc6b0432aaf571132dc4b2eb94685e9ec6c407e26caf35c53cf25fa939a6ad8a8c0aabd5c45917129097ea4e69ab62a30bae51a17a7b1b1226dfb029f8d608
0cc88866e7e7d85201f1ac4bec62e6272d716475ba2bc30a116ceb78c6a91161d2e92d4a5613c2845b3aacb1ab2807c6b12da18ba124109cc0b82fea199110cdcfcfb0a003e358981ac5cb0e5ae2c8ef94577092084e605c17f52717cb31af024ae38508b6759b6355100f8d625f63173248213981705fd4
1d843a8c54d3d32306bdaea281b68230312b170fb7b4612746f5ba39ee1b1d130f3043d9b66149d1bd6e7dfb872c1af6ba87f6da12f916244c39f7393b087518a9a7a6420d7b5d45456d032062562e238f68b37c8b1225fbfb9d27386e324ca154a293a37adcfbf70e1835ed75140db411f22c4898b5ee71
17f93967cb4ad930d08193cbf30d6927a6142b55330fa04cad3130f0507638e2c0a05560fa82132b4c4c1b141e3342064f2cb435b036e9dbb3c22c872ff272cf9695b261a1032797e61ad20f4c2856ae861f321b74edd9c0164404b3316eee140d402656989878283b26840c9e5d886b506dd3b76784590e
15ab9ba4eb997991404f11451aba510014cf5914daf18119fa6c28110cab386ebd46355af121467e9b09f3c32b35013c451152e9520bef633f43f3d62b573749d732f322809e228a3574a200299eb229b5e30105f7b19fa1f9eb2c89552d1a6843b28cfd3613e786562a02788a26c5d29017dec67ec9e7ab
2c021f5e0ee9d582091e72ba58991c276172c0d56c4da08f34c23337d1f516ef40645f29bfd2e5f3faf4ba9e45082479cae96264723cd308ccdf47d41071b772033bf89372f9fd7a3c4f2324123ce572a132411e6984666fa3ea13b0b9606ab626d10cb865cbf30a0d1048f395d2c4c8e138d5a1b7c4c223
25b63ad58f30476046e345c363aaf92e57de39bf0b701145e8f12f5f53433f5f3b337c06b540b7c8ecca1cb511311b8d170a76abf117a3c4bdbf4d0b313eae42cac335f25be47664ed5a89388dc68b832b56028bd1e25ebea686372bef1cdd75b8109ee3b9a0c4433d22371a2e190d57d2fff5a96ef3c0fb
3ae915cc0a2b45934d3b5795e424e338e8b0e341e31aa211378d62e5ca130ac31916607a67e113c5ec9aead2aa1d34ed5e5688939044de358c1b284a15e62a5224e4377089e2f64d7569552e9a76af293449d0226f1ac60d94251c745871a0f18d5072af7c8c3d46963a69dabcad1127223e98c7c1ceaf52
31d519d9f4545a82b19b50661be8aa07bf25f4eb488d60a813931bcdbd4831e5ca20328b4d325d10076bd1afad2ac66d41965fa2b2a04e4c6f36f5202a9859f8ccc572832e8803b5c7d7d7356336a0c91fd161502726379b7a9003df92fa75a446b052f7805a586d64158cda8330df4551a7c5275c3cdc34
3cb0a1f520e8ae823422a82566933609b9843e30426613e223ccd38c708a15e57431f6e6f86139e7dac3403fcb28d08aa0938a4ce3888f334ef7c225194d453045e3b0629cf3ed617f1fe61468455049c52673c44799a75ae11324dcc21f16113312daf8440491718911a115412b3499b2a9f5d820209256
016bd64d18950e31778534bb4124d42349236e7087b7e2bc9112ad3df5fd18dc48389c28c441ff3c44aab2542a05de14d2ed049352f2444ab57bd7f23be98655554d5ec0ff9e2255592a1522ef0a69747249b17922255abdebf911a491b73843dbf1b354e5ffc3070f0bbc29a5da0926a02fac38c11d5127
08c4da74122d3b327950907935c1b409b5f5ab910ad000f7a620dccdbbf9155699b6b44407b249066c28ccfd9d09e54241e4d706d3de98837336efe4191c3c324b5228a324833614457ecf24f2a120f05b8371ef4c41b99b77f204dafad5c885680162baf845d5221c13ca8483c9ae0da2ec82e6f2b6b8e4
2a4ad36fee7b4fd3b72f322ada72662d113ad4eb87eae28b3c2bc05b0cb0277b0b10255621a01b4298a15b8fba2edcbcc8a959c9a22cf0af01f032be2ec36e483cf3f8400da14c50adc7dd176e5e6454ace4d116785780f8195f16889d6a75c3f570f5b4c160ff51ee1db9799156d393339ab1cde5983302
0f80037ffc0000000037ffc39bfff2380037ffcc5fffd0037ffc021000983e000dfff000000000dfff021000182000dfff3ddfff100dfff0021002901f0006fff8000000006fff8318000430006fff9cdfff9006fff8021001403c001bffe41ffff001bffe021000480001bffe3ddfff101bffe002100530
000000000000000000000000000000000000000000000000000000000000000000000000000000000000000000000000000000000000000000000000000000000000000000000000000000000000000000000000000000000000000000000000000000000000000000000000000000000000000000000000
21c57cdcede95ee057cdcf0163ed791c57cdceff95ed817cdcf01680d78f0715f373bfe57b615f373c058fb5e4315f373c0277b5f19f565b94f60846038af9b9dff2bdb0af9b9e02c7daf238af9b9dff2bdb02f9b9e02d01af1e0e2be6e77fcaf6c2be6e780b1f6bc822be6e78090f6bd255140a3b81c8f6
1e32871b09f6a1332871b0be5a1288232871b0bc4a1292871b0be8b9287438ca1c6c2bfa84b0a1c6c2fa2e4a1d0ca1c6c2f9684a227089946ac7f7bb3c650e3613ed426250e3617cf6250f0650e3617cb425110e3617d1b450e7319438d85c150951438d85f45c943a19438d85f2d09441caabd5c43c3713
2dc169212f756350169213268434491c16921324b63451692132684344903705a484c6158d205a484c9a10d124305a484c96f8d133cf2ab5970f490a1b82d242630ac6902d24264d086892382d2426496c68a15027d959af13c42e0b4909904b1a30b490993421a24820b490993211a2539e556b2e609213
29c1b615eb4d6b101b615edfe4b0591c1b615ede16b061b615edfe4b05902706d857b575ac206d857b7f92c164306d857b7c7ac170ef0faf67797b2013836c2bdabad61036c2bdbfc960b23836c2bdbc2d60c09a2902ae602a860e0db0af6f0b5830db0af6ff2582c820db0af6fd1582d1de1f5ecef2f640
0506e75bac8e10f06e75bace090eec106e75bacd010ef2e75bace0d2eebf141b9d6eb23843c1b9d6eb38243bb001b9d6eb38243bb2e6e62069177f910a0dceb7591c21e0dceb759c121dd820dceb759a021de350d1e539c752d528373add6470878373add6704877600373add670487761cdcc40d270ff21
2367915ec86f20d27915ecab4c0c73367915eca7f20c83915ecab712c7270d9e457b29fc8321e457b2adb431ca19e457b2ac2831d2baa5da981dbc3e06cf22bd94fe4190f22bd956da18e52cf22bd9540418f1f4c06ebde76ee21b3c8af653f90643c8af655b68639433c8af65585063a1754bb5307d787b
0c4a03c64b9f1d10a03c64c693d0cf04a03c64c651d0d2fb2b22c94865d231280f192e7c744280f1931a4f433c1280f193194743405070b569598e181894078c973e3a214078c98d27a19e094078c98ca3a1a028385ab4acc70c22501e326118e87042b396171c53fb2501e326328e86816010faf0774eac
147c5539c3810c23c5539c4cf2c1af07c5539c4cb0c1b2bbff02d9b499e111f154e712243073154e71349106b91f154e7132c306c02e81db5c822dab28f8aa73870218438aa7389a27835d0f8aa738996183621740edae2016d623e2a9ce244860e159eec275eee68c3e2a9ce265860d812db1d6ac79823b
32efe7d65d6c0152fe7d660b1614352efe7d6608401441a9f63bab71c2b00bbf9f5982100513f9f5982cdc50d23bf9f598294050e3113628db2afdb825dfcfacbef80291fcfacc166e28691dfcfacc14a02871889b146d957edc177f3eb304200a223f0ed3b06242e537f3eb3056a0a1b3d748ae60305a2d
22c868d2b3f10910868d2b62e690752c868d2b601090839ca62b9aae05e50b21a34ad80424221a34ad8b9a41d4321a34ad888241e293c02028e9d8700590d1a56c0212110d1a56c5cd20ea190d1a56c44120f149e0101474ec3816434695b0084843cd40cc99a791b32434695b152483b18ea8cecfa2a2d4
28ead75b2bcaa5d2ad75b2e6b05c5d0ead75b2e5ea5c61d1df903425372423ab5d6cb76a9722b5d6cb9b4571723ab5d6cb97a971832656cf136b1bb411d5aeb65bb54b915aeb65cda2b8b91d5aeb65cbd4b8c1932b6789b58dda0756bad972f52e31d2d625b4ddd4d6356bad973372e2f1e5850fa9074574
1ecdd2beae6f47e0dd2beb06aa7d852cdd2beb03d47d90925eb06da07da33b374afabddd1f7374afac1aa9f6143374afac1791f621e01d87896003973d9ba57d5cde8fc1ba57d60d54fb0a19ba57d60bc8fb12f00ec3c48f01cc366e95f57fda3ed09e3bb4dff44ae226e95f583343ec320b5eb268a3a872
07985eefa1b96e2185eefa2352e1e23985eefa1fb6e1f0327c126fcfe3a11e617bbe86e5b88217bbe88d8d87872617bbe88b3b87938b6a79ca13c85f0f30bddf4372dc430bddf446a5c3c4330bddf4438dc3d3c5b53ce4e8e4303cc2f77d0dcb71010025f10f5635f00c2f77d11a970f124626d3a07069da
39d2fcf0030f70e12fcf006c850d191d2fcf006ab70d211b21d004879f53274bf3c0189dc350bf3c01b256346334bf3c01aefc347008c315ceee867c33a5f9e00a3ee1b25f9e00d90a1a323a5f9e00d56e1a4004618ae777433e0e97e780355b86923da79382f49b40297e7803621868d352569b7f52da7f
00000f80037ffc0000f80037ffc0000000f80037ffc0000f80037ffc000000003e000dfff00003e000dfff00000003e000dfff00003e000dfff0000000001f0006fff80001f0006fff80000001f0006fff80001f0006fff8000000007c001bffe00007c001bffe00000007c001bffe00007c001bffe00000
000000000000000000000000000000000000000000000000000000000000000000000000000000000000000000000000000000000000000000000000000000000000000000000000000000000000000000000000000000000000000000000000000000000000000000000000000000000000000000000000
1a84a1c57b2763b04a1c57cdca3a96284a1c57cb363aa0a1c57cdce5a95f2a128715f0bd8eb128715f3728ea582128715f3518ea628715f37396a57c3509438af64ec7609438af9b94752c109438af9a8c7531438af9b9cb52be14250e2be59b1d5250e2be6e51d4b00250e2be6e51d4b10e2be6e76f4af7
257b5e3284b09863b5e3287173856b17b5e328702985735e32871ad456a215ed78ca1b026162d78ca1c69415a91ed78ca1c4c615b178ca1c6c175a850af6bc650d8130b36bc650e3290ad52f6bc650e0530ae2bc650e35eaad432bdaf1943604c2c1af19438d6a2b513daf1943898c2b62f19438d82eb50a
2a72edc16664ca232edc1691dea157272edc168f8ca162edc1692102156429cbb705a1d32860bb705a484085591cbb705a46728563b705a4848c558e14e5db82d0e994325db82d23ff42ad0e5db82d233942b1db82d242462ac713976e0b47c650b176e0b490810ab23976e0b48ce50ac36e0b49095aab1b
0a53e9c1b56b85713e9c1b614a56d7253e9c1b5ef856e3e9c1b615ad6d6c294fa706d5ae15c0fa706d856b5b5b14fa706d84215b63a706d8577bb5ad14a7d3836ad70ae27d3836c294adae0a7d3836c210adb3d3836c2b9cdad7129f4e0daf7c2b71f4e0db0ad6b6b629f4e0db0842b6c34e0db0af396b59
07bc4506e6dc0a73c4506e757ca6e23bc4506e71e0a6f04506e75ba86e111ef1141b9b7029c31141b9d6b89b852f1141b9d3e29b91141b9d6ea1b8440f788a0dcdb814e388a0dceb3b4dc33788a0dce7e14dd08a0dceb750dc223de2283736e05382228373adb337091e228373abe5371228373add437088
037ce36791253e13ce367915ade0f337ce36791253e100e367915ebc0f210df38d9e4494f84338d9e4577d83c91f38d9e455af83d38d9e457af03c8406f9c6cf224a7c239c6cf22b9dc1e52f9c6cf228c7c1f1c6cf22bd781e421be71b3c8929f08271b3c8af3d07913e71b3c8ab5f07a31b3c8af6227907
038bcc4a038bc9c0bcc4a03c589bf238bcc4a038bc9c03cc4a03c60dbf1e0e2f31280e2f2702f31280f1626fc822f31280ef526fd331280f18fcfc75071798940717938179894078b137e431798940759937f39894078c5d7e3b1c5e62501c5e4e01e62501e306df8f05e62501e2c4df9262501e323bf8e9
3bcf947c515ee3d0f947c5538c3c113cf947c54fae3c23947c553989c10d2f3e51f151db8f13e51f154e30f04433e51f154b18f05251f154e6ed0431379f28f8a6ddc791f28f8aa718782239f28f8aa37c783328f8aa735582191e7ca3e2a7d71e13ca3e2a9ca3e08727ca3e2a9a51e090a3e2a9ce1c0861
0ffaf2efe6ceb413af2efe7d2940c13faf2efe794b40d2f2efe7d6300c023febcbbf9b3ad042bcbbf9f56b03013ebcbbf9f18d0313cbbf9f594430061ff5e5dfcd9d68235e5dfcfa9481813f5e5dfcf6b68191e5dfcfaca218033fd7977f3a95a0717977f3eb1806013d7977f3e73a0613977f3eb2ca600b
3bdbe2c864f70a21be2c868d0ea1113dbe2c868930a123e2c868d276110a2f6f8b21a03c2852f8b21a347c844336f8b21a312284538b21a34a9e442537b7c590ce0e14337c590d1a1d42223b7c590d16814233c590d1a52e22131edf164344985091f16434693b08852df1643466650893164346957e8849
1568e8ead5f9eb728e8ead7588b6ab168e8ead743eb6b0e8ead75b1f6aa615a3a3ab5c07adb23a3ab5d6a6daaa1a3a3ab5d51adab3a3ab5d6c7daa982ad1d1d5abf3d6e11d1d5aeb536d552d1d1d5ae87d6d61d1d5aeb63ed54c2b474756b80f5b6074756bad8fb5533474756baa35b5634756bad93d552f
02e09ecdd28f363209ecdd2bc962f52e09ecdd28f363009ecdd2bea62f480b827b374a3cd8c027b374afa98bd23827b374ac0d8be27b374afa98bd2005c13d9ba51e6c6013d9ba57d4c5e91c13d9ba5606c5f13d9ba57d4c5e901704f66e9479b1804f66e95f5317a4304f66e95c3b17b0f66e95f5737a3f
1a4787985d3e0600787985eef25f9724787985eca05fa387985eef67f96f291e1e61791817f1e1e617bbc97e5c11e1e617bac17e621e617bbe65e5b9348f0f30ba7c0c00f0f30bdde4bf2e08f0f30bdd60bf330f30bddf11f2dd123c3cc2f6502fd3c3cc2f7792fcb823c3cc2f7582fcc03cc2f77d0dcb71
023cb9d2fccb1cd3cb9d2fcec1ccf823cb9d2fccb1cd00b9d2fceffacf7108f2e74bf32c73432e74bf3bcd33dd0f2e74bf3b0733e2e74bf3bfeb3dc4047973a5f99639a3973a5f9dc599ef07973a5f9d8399f173a5f9dff59ee211e5ce97e658e6825ce97e77dc67b91e5ce97e760e67c1ce97e780187b87
3e7e00002c600293e00000f84237f727e0000114e0371200000f81d17ff139f800005ae00d13800003e1cedff11f800003f8c0df2000003e0199ffea3cfc00003be00613c00001f0c66ff50fc000020ce06f1000001f01d4fff133f0000098e01b13000007c1cfbff13f000007d081bf4000007c0123ffdc
000000000000000000000000000000000000000000000000000000000000000000000000000000000000000000000000000000000000000000000000000000000000000000000000000000000000000000000000000000000000000000000000000000000000000000000000000000000000000000000000
1c852632f980077389492ce856940a2f352bc820313e209492ce89054092321498cbea201db22524b3a22050253cd4af208904f8607f19e04740730c390a4c65f3000ee3129259d0ef28131e6a579044827c303f8cf023a039861ee75b4b836adc004a49674482a04939a95e411629f0b0fe33c08e80e618
2578d9ccfe37fcb056b6d316e7ab7730aad437db2f01716b6d316ebcb76f15e36734011ff2a15adb4c5b9eaddc02ab50df791c059380e61f98096ce70af1b39a008ff950ad6da62dcf56ee2155a86fba7e02d3c0730fcbe3b6743108a4b478354412b5b698b73d5bb80556a1bef2380b2301cc3f3054d9cd
0d92e99158c75f11edb64a0b2a7f3702376d54b65a72c1dab63f30289376148b5792f0c8711287fe25493adb5927ebbb26c582df036ad8fcc0e44dd71b25d322b18ebe23db6c941654fe6e1d6cb5aa804a7b93b56c7e605126ec011bb6aa5b2d39610ffc4a92b7b6b13197c500017ac92153976e0b332651
0b126d49593e8c92360afea3048fe73ff243ea8930ce71a49444eb678799134bda2451649c311d6e5081dd1986079dd26e727aee92925113ade01e631624da92b27d19206c15fd464b1fcd21a4d6878cf6a7f3492889d6cf0f323ff921f5428867423adca103ba330c28397fddf88b7332529f4e0d8a5c2c
1611c1fed45bdff2c5b5d4e4dfe56915097ce903dba6c21778f397c5cd603144e2fc79a51582d194fd9ebcbbba0c5130dfb556e6a05de3ce5f9b357e2c2383fda8b7bfe18b6ba9ca01cad10852ab1f84e242902ef1e72fcd9abf0a84be7481edd361a329fb3dbb77733fa486be427837823de2283715e054
2544e7266d2fcca0d688e26b868a93288cd1d7c81296e2693c883d7c092c36d3eb4c3fd43d5088fe8c920d4bd10325418b1b714821a4f220f67424ae0a89ce4cde7f9931ad11c4d70d1526381bc8ae6c0f97f0d279107b3a1257144668ebe4094b7111fd19241a97a2248a3463afed85621be71b3c6829f1
2781a0dcfc1eec0233e8a16a5650c907b62d4fa755f6d0a66ede70b8d88234ea49945dce47b171d15e82ab24041d827098b5bf96100e2f31280e2f272452991dc0066f00b8e8af41559202328a7bf1682ba4400f054272a7eaec29d49328bfbc8f518e196a85e44b2f319f450b50a286501c5e62501c5e4e
0f0cfe4de51ac6a0c5e88c40af046a31b5144da6096122a46bcc01d0ba061faffd93364ef3e1eaeeac3f607cee008ee6cd9f848e23ef3e51f113fb9039f806b3cb2a0330f577561fb03e772d5e571af780f38158b2ebc1251abc3f5ffb266c9de7c35646a4f7b2c368062f446205782353de7ca3e269f71f
1c38af57e92340632b899fe1c9b375245a8c7898c5c2c0264717712a1bb02fea1490ca82ebb1e553f53fbc57153814043f45c3e6e33febcbbf69bad1353a739873949562f2a9fa9fbd2b8b2c0002c29cab1d4304dc2cb2c677da1fd429219925d752a90fd5dda9ac4c395c4cff0c3d9bb27fd7977f1575a1
31c8320205e46e006042f14d4ce82e14e8ee2366432c1305091b69362cb826d6ddc2cdb492e2a7945544c65a781ca455ee53e57bb2ef6f8b2172dc2909754ebb0697928153ca2aa2632d3c0adb17d4b9f45f10d3dec479138e510dadbb859f8925b18396d6e829879c0302178a6a674171dedf164327b851
178091541f76dc815975948c0d3ba233099b9a0ebe64023638ba04c331a63b25c4ac8853d1402ea8dc78a7653f29fff8926c6fd5a155a3a3ab4767ae2ff65f7c282e135217546e3c32b2a00509fba6384ec110fab0bf772ff8cc364b895914c7a2703135ff67965f8f0acbaca46069dd12ab4747568ecf5c
21b59bf9f7b8b3d3fd40fc75336aa70c956cec1737ef32169184077b0fa20c51e9c85c5480e2ce7b61c600f0d524d1b9c8b303cfc10b827b3739bcd91fc7fb8082d44193673db0e2df786b35dff006c35046c0cce0e35250a92d18a3d390b8a901c2b63c655a787bc13fea07e3a78b55421704f66e7379b2
37e08a3efae1aba19348a155f354e6237c0a89da70ec4347ae4657b4357d359c4a22a39f9f91aaf3ac7f4172b1019a54724a5f00c0691e1e6174f8180147ca47cc493a92d579d63f7fb9593d03e6940d93a75327755fdd93f9e92b3894454b5f3f10bcef3b546bd69f0c9a450aaf9aa730d23c3cc2e9f030
2241c7edf83013a110630ec7d30e2f28b630b6949b7431f55c9df14f50fd3730cded28ee13316e3fbfe2e9cd7136ca479e7f6bbc6308f2e74bc1ac7401cf78966dfd3652b71fdff153e6b92e4e401b0fb731e1d085dd3cd59db22e619bda55fc26534a97a377b4dce9288318763c88718211e5ce97c558e7
3e7ffe7e1ce00e93ffe7e00042f7f727ffe7e01ce0f713fe7e0001dd7ff139fff9f81ce03d13ff9f8001d1dff11fff9f8018c3df23f9f800020bfff93cfffcfc1ce01e13ffcfc000c7eff50fffcfc01ce1ef13fcfc0001ecfff133fff3f01ce07b13ff3f0001d5bff13fff3f001087bf43f3f000024a0009
000000000000000000000000000000000000000000000000000000000000000000000000000000000000000000000000000000000000000000000000000000000000000000000000000000000000000000000000000000000000000000000000000000000000000000000000000000000000000000000000
2dea7958f993af71de7b8cfb9d13c4058a5e28360bbdd1e7b8cfbb9f3c3937a9e563ee8ebda379ee33eeb64f0f162978a0d82ef741721498cbd5801e1bd4f2b1f7475ed3bcf719f73a27880b14bc506c177ba0b90a4c65eac00f2a11f47b8c481be2f3dc67ddae9e1d2c52f141b05dee82e4293197ab003c
141548a4fe2c50b21da4530420ebbd1a71c1b7c9f441b1da4530441ebbc810552293fcd142b076914c1107aef229c706df2bf106b195e36733e85ff3282a9149fc58a1603b48a60883d77934e3836f93e88362caf1b399d32ffa25ec1b746f97e430ed2298220f5de4138e0dbe5c020d532bc6ce67d0bfe6
05c6898e313e040127b6178a96ce5605716d223584c1e17ab317262785693559d7864e8304e36ffd5b46aa17d634d3ba5cc22c1b81eacc5c98e015a30b8d131c627c08024f6c2f152d9cac23e0b5457e9f19d2f5662e4c4f0ad202b8b6911ac260f2dffab68d962fab0b67c36bfeed4213d598b931c02b46
11ebabe929e2d263c9f4fbb43eeccc2d862de79bb52b52e33416009955e32eb0d4a393f5b3736d1644c7088d193ded7a62b44c62338cd05802e9578a23d757d253c5a4c393e9f768bfd9973cccaa81addf61c1c6682c0174abc536c316f3cbca95b2da2c898e531a3114d8cfc6846e5a5319a0b00614af13
14355377754c8bc0fecd5ef21ca270374294730ec663d1a8f19469c39dd729d328defd67c4c3b5f325d32bafd815358f07e941dac2a3c651a750775b286aa6eeea991781fd9abde43944e00cc4da339ed7bca351e328d3873bae3ba14a39855331f36be64ba6995faf116d430eae6e1fb1478ca34ee2eeb5
28160b0d23329e11e8c74dce89a188159f10432c5fadd38d233e6eb5787802187ae71bff8300d1f83a1e5ba7a4376e3b38a465a402348cf9bb9be1dd102c161a4a853c13d18e9b9d1343101240458534a9c5d31a467cddacf0ef2acf8821941fd6f1a3f0743cb74f480d1c27beca163d006919f37779c3b9
25c1a0598109a91233e069b73421d02bb62517f1e1c7e3a2a9a3b5a6b2e22dea478671793bf171b07fb62268202d824fb9e82eda33ff1a463c4998a520d29816c9dbe920b8d83fdb1134103a8a6b8201634652077accfcc59fab1bd48f0ce71277d30c36cd285b385f119f034db9a10e813c0d06e7e0f760
3a75d0ce36c9b3e35310918837d7bd28423c52ee583472b9a4a04b088abf0d534794896aa8b01f8ec15e49ca371ac386e2bc9fdb704421a316353e7310c9abb476c7dd920fc760af03e51c1a78a725881e9a218324945394bc2e1aa68f2912d5516160e30f1c6fabc43a98848c3faebdf07867f26f28d635
15a3ff2df30b1aa1e087007993578f3b0f89d92f0366e2498e93931dd84c159753e8f22254b0b949779ea0e77e12e7f9c1a6fa7743cd09bc47bcad3f28111344876449e05ca4bbcf5073bf1969fd83cd4665734b6b24f6eff1112b2ea7d1e444a963bab393eea38a9a2f043803ca8abc80e1c57abf491a03
0115e485b00008013b6b2bbcc088f109c4165dd67cccd2542efc57ac00b8240da7d169c2fb1214353f02d6dd833010f6d810abfec02c070edb4a2c292810b3c2528ec6a30a1a9f814a6ec2349168499647a0a3722a8655bd3652081b4fa2d7a5f6112b29c75f64719c29db595de3f447918e4190102f2370
39cd81d5e9103d22287db148f5451917d8a3b6cd746d718a184bdbc60147045986b3bb1953936ac94f6c478b1b3d3c19055f07fb82a521eb0710a6333490407fbf80d483b564a7b602c58e0ea80bdfb19ad403a26fe324f3980f08b30d677632a721db25c852f6c7603143ed8a459a28d0bc048aa0fbb6e4
0b112238246bbb41b5a4df292fe201224dd0cec9a86692c95e3c9bfb0a5d31c002c106e09ec1b00aec956ece3f3bb3495380e5ad33d6b55d8939a7c5327f07fcd81a5082d805764a9667202150b7cc2c513572327a547b509ea32380058211e13d710fa2c1a4d9791e2dad26f9476f10130dacdfcf9cc59f
33a57d939803f251e27deb23b5bff71fcb3fd3a8755750f84a6364384b0024b017751828ba52e7c8d3b64b1ef532d729997e50ad132b8e9292bf4e2738d1b0f1026dc80373e469db048f7b35a25127a99c7d7288ad99f65a24f009602eea34717491953d49da8ce1612f13ef591b9dffc1bf0451f7d70d5d
28ed616ada819653c9fadcf39f3915136fc884c1f39f12921b403785356b11df33e0b6541de0549ef892e0790621b0a6d730ac67f17bed7064db3e2b0f26ab9032a03bb02a4f7c49703c8303c16fb76a6787a30a0321c941668e23be67c16ca83bc398f6f49acfcf203e4fd6e79ae9c8b1120e3f6fc1809d
0087fe7ffe7e00007fe7ffe863fffe087fe7ffe7e00003fe7ffe7e41ffff021ff9fff9f80001ff9fffa18ffff821ff9fff9f800003f9fff9f9ce0029010ffcfffcfc0000ffcfffd0c7fffc10ffcfffcfc00003fcfffcfcc6000d043ff3fff3f00003ff3fff3f00000003ff3fff431ffff3f3fff3f1ce0069
000000000000000000000000000000000000000000000000000000000000000000000000000000000000000000000000000000000000000000000000000000000000000000000000000000000000000000000000000000000000000000000000000000000000000000000000000000000000000000000000
31426dea762c348026dea7958d473b1426dea7944347426dea7958d473b00509b7a9e510d1d09b7a9e56351cec109b7a9e552d1cf1b7a9e563d5cebe2284dbd4f07868f04dbd4f2b1a8e76284dbd4f28868e80dbd4f2b1eae75f0a136f53ca21a3a136f53cac6a39d82136f53caa5a39e36f53cac7ab9d7c
0ebd541547b1cb93d541548a10b8c62bd54154877cb8d1541548a4e98c513af550551ec72e435505522908e3152f5505522632e32150552293e831431d7aa82a8f639723aa82a91463718b17aa82a913197192a82a9149d318a235eaa0aa41ae5c72aa0aa45253c6291eaa0aa45085c632a0aa4527d06286
3197dec4615cfd017dec4648dbcf3a197dec46474fcf43dec4648f06f39b065f7b1191d3f3d1f7b11923b13ce725f7b119215f3cf37b11923ce1ce69232fbd88c6d9f9f2fbd88c91b79e7432fbd88c8e9f9e83bd88c91e4fe7350cbef62323a7e7a3ef6232476279ce0bef623246de79d2f623247a059cd1
2089f3abf882bb609f3abfa9afb57e089f3abfa92bb581f3abfa9b7f57de0227ceafea4aed627ceafea6bed5f8227ceafea4aed603ceafea6e3f5f770113e757f52576b13e757f535f6afc113e757f52576b03e757f536feafbc044f9d5fd495dac0f9d5fd4dbfabef04f9d5fd4d7dabf39d5fd4dcc0beed
21fcb27502942823cb27504c1081791fcb27504a428180b27504c4e6178107f2c9d41290a0632c9d41310805e13f2c9d412d2a05f2c9d41313985e0403f964ea09485033964ea0986302f13f964ea09485030164ea0989cc2f020fe593a8252140c2593a8262520bc13e593a825e740bd193a8262772bc07
0bdf0f182f481fa1f0f183009ff9d13df0f182fcc1f9e30f18300bcd9d092f7c3c60bd207e83c3c60c02c1e74337c3c60bff67e7503c60c02ffc742117be1e305e903f43e1e306013ff3a23be1e305fda3f3b21e306017dd3a111ef878c17e60fcf3878c1805c5ce852f878c1802efce9078c1805ff8e842
001dfda7925b4eb1dfda7925b4eb0001dfda7925b4eb01fda7925d1caff90077f69e496d3ac37f69e49715abff077f69e496d3ac03f69e4974b4bfe3003bfb4f24b69d63bfb4f24b69d60003bfb4f24b69d603fb4f24ba395ff200efed3c92da7582fed3c92e6d57fd0efed3c92da758032e0d02cbe74d49
05be548b946de673e548b94c8a66ea1be548b94afe66f2548b94cc846e9116f9522e51b799c39522e532ef9ba52f9522e530199bb1522e533295ba420b7ca91728dbcce3ca91729956cdd337ca917295fccde0a91729994add212df2a45ca36f33832a45ca662137491f2a45ca64533751d3ae8671b64d9f
2436cc3f886da2e36cc3f8abfa2d70036cc3f8abfa2d72cc3f8ac2fcd6f310db30fe29f68b61b30fe2b0aeb5bd0db30fe2afe8b5c330fe2b0c775bca086d987f14fb45b2d987f158365adf06d987f157f45ae1987f15863bade521b661fc53ed16c3661fc5615d6b7a1b661fc55fd16b80ad1ff96f9858d5
06e58dfaf5e396e258dfaf652f6de52e58dfaf62596df18dfaf65548de471b9637ebd78e5b81637ebd9541b79239637ebd91a5b7a237ebd95565791b0dcb1bf5ebc72dc0b1bf5ecaa0dbc91cb1bf5ec8d2dbd31bf5ecaa91bc8e372c6fd7af1cb702c6fd7b2a836f2432c6fd7b276b6f3008af242d800040
38052ce86c69d48052ce87005d47200052ce87005d47212ce870061671ff2014b3a1be0751d14b3a1c01751c80014b3a1c01751c80b3a1c0189bc7fb300a59d0dcf3a8f0a59d0e00ba8e4000a59d0e00ba8e4259d0e00c2ce3fe00296743802ea39296743802ea39000296743802ea3901ce6c0eaf4881e9
0070d475969b98630d475969fb85ff070d475969b98600d47596a2d05fe401c351d65a6e6180351d65a8b417f91c351d65a6e6180351d65a8b417f9000e1a8eb2d3730c21a8eb2d4390bfd0e1a8eb2d3730c01a8eb2d45a0bfc80386a3acb4dcc3006a3acb51682ff2386a3acb4dcc3000588911c1235dda
03a8598fb958c0c28598fb99280bf23a8598fb958c0c00598fb99514bf160ea1663ee56303021663ee65242fc62a1663ee62902fd1663ee65452fc580750b31f72b181810b31f7329217e3350b31f72f3817f0b31f732a297e2c1d42cc7dcac606002cc7dcca8a5f8b142cc7dcc9405f939d2bec9c9f1f93
12e3d1076e2f63a23d1076f64c39b52e3d1076f37639c3d1076f66d39b480b8f441dbcdd8e70f441dbd9b4e6d238f441dbd618e6e3441dbd9c146d1d25c7a20edc5ec7407a20edecda73691c7a20edeb0c7373a20edecde9368f171e883b79bb1ce1e883b7b369cda431e883b7b051cdb3476b0b56b30cb3
3f0000881b5ffd9000087fe907e7dc3000088004dfe7100087fe7ffe7e003c00022016dff9100021ff9fff9f80000021ffbcdf9f10021ff9fff9f8003e00011019dffc100010ffcfffcfc0200010ffecdfcf10010ffcfffcfc003800044010dff3100043ff3fff3f00000043ff58bf3ea0043ff3fff3f000
18000000149fffb0000000000000003ffffffff3a00030000000000000001ffffffff3a000300000000000000000000000000000000000000000000030000000083fffe00000000000000000000000107fffc000000000000000000000000c5fffd000000000000000000000000000000000000000000000
32cb3858cc6d5bd10d22d941409dbe2cb3858cf855bc4231426dea552c350b2ce1633e156f138c509b7a63cb0e24348b6502f27700c509b7a9d8b0d2259670b19cfab791c6284dbd31e58719670b19f4cb78706284dbd4ec58691659c2c67c2ade2318a136f509961b086916ca0a04edf18a136f53b161a4
0c34c7a6f1726642f2dd22dd718227034c7a6f238663d1cebd54152ad1cc30d31e9bc5c9990073af55054ab4731bcb748b74be08a33af55054ed472f18698f4de2e4cc8239d7aa82845a3a0698f4de470cc7a39d7aa82a55a39821a63d378fb331f0e75eaa0a9568e63796e916e97c114275eaa0aa1c8e5d
08adc9aa6cf16db0c3197dec39b5d00adc9aa6d756dae03197dec4615cfd22b726a9b3c5b6c30c65f7b0e6d7401b7c79a44c741a10c65f7b118573f4115b9354d9e2db618632fbd8736ba02dbe3cd2242a0d10632fbd88c2b9fa056e4d536bab6d7218cbef620fae7f36f8f34898e834218cbef6230ae7e8
382092f78c1803712a089f3aac742c02092f78fb403622a089f3abcf42bc20824bde3cc00d90a8227ceaf3d0af3ae7993d2c7f36428227ceafc10aee304125ef1c5006d254113e7558e8581d73cc9e963f9b214113e757e08577010497bc7da01b115044f9d5e7a15e35cf327a5d1e6c71044f9d5fc415db
1546cc5dd3a88801fa1fcb272fad43146cc5dd4f287fb3a1fcb274c8d429151b317752c21ff3e87f2c9d00b50b21a9086c51a94fa287f2c9d3e950a12a8d98bba7511003f43f964e5f5a8610d4843628d4a7d343f964e9d3a8512a3662eea5843fe3d0fe593a436a15035210d8a7729f310fe593a814a141
27ead6fdbf0b9b0018bdf0f18168823ead6fdc15d9af718bdf0f181688201fab5bf7046e6be062f7c3c605a20807f2e41724485f522f7c3c609c207f0fd5adfb823735f0317be1e302d10423f9720b90142fb317be1e302d10403f56b7ee08dcd7c0c5ef878c0b44100fe5c82e4890bea05ef878c17a40fd
1400e024f8a595605401dfda73bbb505f55e1fc11c0981401dfda77dbb4f1d822696d1d57e9150077f69ceeed417d5787f047026010077f69e38ed3b04e39ef7d7cb7420a803bfb4e7776a0beabc3f82381302803bfb4efb769e0d32bf3597029d42a00efed39ddda822a00efed18dddb200efed3c71da76
0cfd2212234aab92645be54891d4df27e2bb0581c839e245be548b6f4de7344c3b1da2b35e11916f9522cb537a1f8aec160f60e76116f9522e41379a100615a49f4725d0c8b7ca9165a9bd0fc5760b07b073b08b7ca917209bcd3d089686b66fed1322df2a4596a6f43322df2a427ea7022df2a45c826f34
14688301b005ded34a436cc3c262db30189489bc0646d0a436cc3f802da305970b0412de8aa1290db30fcf8b6900625226fc791b1290db30fe00b68c05861c31f90c25d29486d987c6c5b5203129137c2c8d91486d987f005b460bc08baf2417ac42521b661f9f16d23a521b661c0316e121b661fc436d17
2376e74b25a74db2486e58df89ba3a2db22712302677c086e58dfaeda39737dce5c4037bbae121b9637eaae8e636c89c48c8d9dee21b9637ebb68e5c25e493086200946090dcb1bf5574731b644e24646cef710dcb1bf5db472e17224e5c974087624372c6fd55d1cc124372c6fc4dd1d0372c6fd7af1cb7
1b9a45ee8da1f2e2e38052ce57569e2779c799778a993238052ce84b69d515428921dd8c2e738e014b39e15a761de71e65e66a64a0e014b3a1b1a752183dc76b08b1ec91c700a59cf0ad3b0ef38f32f3353250700a59d0d8d3a923cac2834620b7131c02967404b4eb171c029672bab4f1c0296743634ea4
342d867e775adfd1e8070d4739f5ba3119b5f0480011e28070d4756d5b990a89fad5695eb093a01c351d29d6e70466d7c12c60475201c351d6396e620ba5f6ce5df55733d00e1a8e73eb7422336be0942023b100e1a8eb1cb731352fb317e774361340386a3a95adcd0f40386a39cfadd00386a3acb4dcc3
352433f57208d973d03a8598bcad8d1e51db655a5e48a103a8598fa8d8c1356c774213f29d9340ea1663b8b63139476d956d9922700ea1663ee56303343c966a8f7fe403a0750b31bb5b193ca3b6cab4bc91420750b31f51b18235ba9b24a7ea9e7281d42cc7b36c613e81d42cc3d56c701d42cc7dcac606
1e3693145f3fbeb3192e3d1043d6f73d77d1fd2473894192e3d107556f640b84b2356b4ac11064b8f441d55bd935df47f49e2e24d24b8f441d97bd8f1f8b477adc1f33d2325c7a20c9aded3aefa3fa4d07127325c7a20eaadec8242cbf4ed02c7650c971e883aab7b238c971e8800eb7c0971e883b717b1d
3fffff001d67fd93fff0000a4de7f13ffff000255fe713ff000089cc7ff13ffffc001efff913ffc00023cd9ff13fffc0003edf9f13fc000221c7fff13ffffe001deffc13ffe00012cdcff13fffe0002ddfcf13fe000111cafff13ffff800211ff313ff800045cd3ff13fff800060df3f13f8000441c1ffe9
0181580018bfffa0158000018bfffa18158000000000015800000000000006056000000000005600000000000020560000041ffff16000000041ffff0302b000107fffc02b00000107fffc302b000000000002b00000000000000c0ac00000000000ac00000000000000ac00000c5fffd2c000000083fffe
04358895fe21b2f3aca6c4ad9a84dd0358895fe63b2ef37da6e3696e10d410d62257f886cbc0df69b8da5b84350d62257f98ecbbc2e0343a94e88aeb086b112bfc4365e26fb4dc6d0cc21b06b112bfcc765de2fb4dc6d31e21a721ac44aff10d9781bed371b4b7086a1ac44aff31d97781c068752a1315d5
39cc7669fdbe0f2073493b521f9b241cc766a015a0f12281591c9611eeed2731d9a803583c53a056472552fbbc331d9a805aa3c4711bcbc56a61741c3398ecd3ff9c1e31d02b2392a97dde398ecd402b41e24102b2392c65ddd90e63b3500ad0789340ac8e4ae7f777263b3500b96788d237978ad4c2e838
3859384c1c477ef202982494b71eb7059384c1fe37ee21cbcc4385dda8652164e1307d7dfb900a609253607ada2faf80b4989ee763b9b5ba0246556b30b270983caefdd005304929b03d6d0b270983fc6fdc43dcdadd01022ab602c9c260ff1bf712e5e621c2cdd433323ed3d44ddfc522456e4d53468b6e
0e39964944eae523c54c6170c19e65239964945b0e51d0df4ac2fa859a1938e6592513ab9483153185c3cc7991266a99d5e9f59e711f750622b425601c732c9289d5ca438a98c2e1c53cc90732c928ba3ca3908fba83115a12b031ccb24a2b7728f26fa5617d21cd0d34b38af46673e723c10497bc3fc01c
18ff95aa073842d21629e51fe5007b0ff95aa08c442ca0d819a615d253d823fe56a821010b3058a794801801ea2683fcd591518361be1c9e1eed926b31ff2b540e7085a02c53ca400c00f51ff2b54118885942df0e4f0f55c93607fcad50462216506c0cd30ae929ec3a2827401aa11010aa3662ee9d4440
1c7199c08f52ed4061d194d9f7824307199c09120ed3907acf53675e673a31c66702416bb4f187465367de090c0461689fd2bef6b160b8a1b2ebe91838e333811ea5da80c3a329b3ef04860e333812241da720b05c50d975f48c238cce0486f769d03d67a9b3af339d20e479f7237542e13f56b7edf85cd8
0dc62d8d141adb1309fc901affc47f2ec425a0795d7740eb64a89f43aa74110fe17fade96fb1f6102b4aeb169000dac0537a7564e250038093c196563eaa7c6c41b56cc213f920364188fd0a5c23fd3388e331c6edfd8145ae3701591706867cedd0bcce76898d5404384fe480d5ee2400a0070127c52cab
220181b91e950db3461eb2c8ebb17116adcedd39f39d922a1a0feb409df4302e73b83555abb07937e329ffe2ac1a8fbf67bf6f424333f488485baaaf0df731f1e8984ca28c3d65921962e12cc90515f39a6ba1920c9a458d01ff00c000bdbc17b001b19f5671c3f7d43a30f596454d8b9267e91090f9555d
028d925fa6fae0118fa3bc74f5072e141f8275d35c3e218b3b4a6098b0320b56efc18ed0eed009e054bda6233a21a46cb1937935c351a20c068e977c28660e90b4f557f31f4778e9ea0e5c3b0fc66a420a97204caa071b0e2b811db2de11f4cb93f07ae937f8d938690c7d1de3a7a83972a344180d5f2ef7
0c9e9b6adff4837101e519dc9db9d11a1a36c65419e9b10d2ac2c9d1da5220a0a47a9608add1f700ae93e206d42f2ade909020c2418ddb9d2c861d373a467263a9370de203ca33b93b73a221470adb14e6ba13620787c2ef742b03f7919455e05921a2ddb9d19e6c65280f28cee2ddce931bb73a590c3a6e
131ac84b842ce7b122cb037e753f250db11d5fb5ec1f51c7e960b4a741882f1fa45e061fe6629bbfc6d8abdd0139254e4e3507e3b26e6917ba1587cc052c55091f0bc882459606fcea7e4a1820accbaf4745d2f014e62635f9263c373330f5823b3382a331073b5b462916581bf199f930dcd22f746d0f97
2f07f2128c62f520b7e57d41730d853feff497dfa285b1135db56458a32628c801e01520a7411444921c7e2f8e37bc4bcbe1f25b43d0b619f9abeb803ac4fa53b1c652916fcafa82e61b0a16e0370bd834de51987c1f5b49b0cb2b39384562090431c16095baeb6d2925bf2bea09886c33a16c33f399d6ff
04d600aa039a34c330d2b64c646a882c42f73fdd71299142044fd6ee02fa0c62f015b09f4641628dc12ccc8d3028107cc622135751d490cfd5b7a3663fb7d2d45bc6386261a56c990ad50f2f4777c99fad34309e3bfe53e70a3b17b493c9f8a0c84205ebf23b50e7e6198695b263235443a9219fab6f46cc
122b63e729f17a539298afbcda981313f0090e99267bb230cfd454b1a8490edf703823b2d5c07c44d4160a5bb000d31e2257a9e3e178da4c516c7efb0138a67c3a633e2325315f79f73025113b2a065a1d1433c986d57b79c1a21dd75955016a318027db88381b907d3c94c57de4c4c0a2f1b498a2d8fdf6
00000000073fffe3fffffff1ce08710000000011000783ffffff01ce87f1000000001d000183ffffffc1ce21f13fffffffdce02113fffffc01d01ff1000000000e8000c3ffffffe1ce10f10000000001001003fffffe01cf0ff10000000019000383ffffff81ce43f13fffffff9ce04313fffff801d23fe9
00818181580000001818158083fffe08181815800000018181580000000002060605600000006060560000000020606056000000020605600041ffff01030302b000000030302b0107fffc1030302b000000030302b000000000040c0c0ac0000000c0c0ac0000000000c0c0ac041ffff00c0ac000c5fffd
24f7323e125aebd37323e14b94bc6d0f7323e14acebc71448d870dd4da6d13dcc8f851abaf23512361c343b69c3dcc8f852b3af1c1fbcec925ffb15109ee647c28d5d791a891b0e1a1db4e1ee647c2959d78e2891b0e1ba9b4da27b991f0a3575e42a246c386c96d373b991f0a5a95e373f79d924bff62a2
1c06cbc3e88514406cbc3ea5314390006cbc3ea5314390b97477f1e92554301b2f0fa63450f02e5d1dfc7a495501b2f0fa94c50e41fc3932d93a4dba380d9787d10a2882172e8efe1c24ab00d9787d4a62872172e8efe3d24aa820365e1f5088a1d05cba3bf8f492aa0365e1f5298a1c83f87265b2749b74
39e7cb40a5d1319020dae6e42ae39a1e7cb40a96d31823aff8687b09f69d279f2d02a3a4c610836b9b90ab8e680ce080589e9e78834a664dd77b8e4933cf96814fc2631041b5cdc855c7343cf968152da63043a53326eb9cc7250f3e5a054b698c13d7fc343d63fb4f19c100b13d3cf103c2c9c260c13bf8
03b04ff3c38821b19cb65bd3dc5f683b04ff3c38821b0255ea6929dfaa520ec13fcf0e2086c272d96f4fb37d9f27bfd79199facd12f9f39ee05e664307609fe787104363396cb7a7b8bed03609fe78752435f37cf9cf700e33221d827f9e1c410d812af53494efd5290f7faf2338159a1071ccb24a275729
2edfeec37de61060b71d664f812bf42dfeec380bc10552e751b90e090b6e3b7fbb0dffd84162dc75993e04afd03c4fd63f8bb1b3a1fafcea004c70c11dbfdd86ffec20b16e3acc9f0257e81bfdd8701ba20a92fd7e750005386136ff761c03d082b173a8dc870485b7389fac7f1b836732c7fcad5018c217
1183f20c0e809c814b1196d83590e3183f20c0f889c7c30ecf734c055137060fc8303e2271f12c465b6118438b0e0ed2d5ab350693b0b921460b910a2307e4181d01390296232db06b21c6307e4181f1138f81d85c90a305c8850c1f90607c44e3e38767b9a5e1a89c1c1da5ab566a0d20e38cce047a976a
053a4a2ff5770ce19d98e4f198f1d3042e5599631b3fb22529f6074a7fba14e928bfd5dc338044817ea50dcbe1313a6dd35a6be9833718b6341eeb6d0a74945feaee19c33b31c9e331e3a6391c118795332a503a7898519558c235c54a8187fb8ec159b11d3d90bea72cecc7278ab78ea26e316c687fd6d9
28d2ada9baadcbd2bf6ef8c3642a1726be86bb6554cc71bf1e6f92442856234ab6a6f2f72f225e78fb139fc54518f3db1d935e5a61880606e469d43711a55b53797b97917eddf1870a542d028b29bb5360fc70bc1559939416c313a04f4d2160cc817c21864545bd0535fb77c6191150c3100c0dc8d3a86e
17c39ae36283e0013e860d6ad99e7e2017b086cd5608f0796059bea025331f0e6b8d8e2f7ff2c5699894f6807b362265e3ee9d96d30a36497e6a6b812f8735c6c507c0027d0c1ad5b33cfc315f975f2868728228f425d6db1584196a9ce5ba04ebb1f1fbbfa7bbf2ea09f4306b56ccf3f2146c92fd16d701
010de54bcdc6d8d39077951e6f16a51da11d661c3da3a1f65276e97ba7880437952f371b6340314a9b9bed7a212fb38ceaca8fdca1327a6dab6f520e021bca979b8db1a320ef2a3d202d492d9c3663e8d9f2213456f002850e960ee1b3464705e5d2177193e17353003c83bca8f168b53264f4db56dea41c
10045e450685d4d3ee430ba41681d5109d9e34102636e27f69e311916c7d001179141e375331c99fe76ff6e7be28c528ca38d99a714c6b212e00339f2008bc8a0d0ba9a3dc8617486f03a93960833f33211c905f15eae04c4f0f39b06940573f8741de637235d170c03f72185d1ea40eb298d6425c00673e
3eb65b36f3454153639323fa8848073f6bb36f4f09beb3ce3820f8404b3c3ad96cdbd9750513c2fb2d015719942768f140e11b9492bc1fc84a108bd53d6cb66deaaa8292c72647f552900d182672fbdbca76530e30f6835b00f61a6513ed15441e531ecdcb84df41343b1c991fd2324041783f90946317a9
3f8f3f4d703ef5e059cdd317dc2d9d3bbb2dd3b07304a3d1b61c8b5234563e3cfd35cd5bd752067a3459e5998711752fd2c046db20135802a80e68d33f1e7e9ae49debb0b39ba62fb85b3a37e8fcf42dbb4b61bd9f97bcf16cf22f6f186c5f4540634dc4d89583009422ce6e98bcd16cf026b005501cd1a6
2eefa745a52662b0a9d7fcca37372e0d1757c6d0f94dd3a4c4a527639a053bbe9d169cd98aa0d942084ab6d81f345e806159ac3e2348ad8f9c7645ea1ddf4e8b4e6cc55153aff9946e6e5c1ef006ca1c229692b17077211fa5192b8a412b594fed90e1d5f0a174895b054ebfe651b9b972915b1f392e8bd3
000c800018bffea0c7fffffffff00000c7fffffffff00080000000c4fffd0031fffffffffc031fffffffffc000031fffffffffc0020000000313fff400190000107ffdc18fffffffffe000018fffffffffe0010000000189fffa0063fffffffff80240000000417fff063fffffffff80000000000249fff7
000000818181580000081818158000000008181815800000818181580000000002060605600000206060560000000020606056000002060605600000000001030302b000001030302b000000001030302b000001030302b000000000040c0c0ac0000040c0c0ac0000000040c0c0ac0000040c0c0ac00000
05a15a8a473435d10e4f7323cfdfaf050e4f73238ddfb0e4f7323e05faec114393dcc7db77f0393dcc8f817ebb14393dcc8e377ec393dcc8f817ebb00b42b5148e686ba21c9ee6479fbf5e0a1c9ee6471bbf61c9ee647c0bf5d8228727b98fb6efe0727b991f02fd7628727b991c6efd8327b991f071d75f
3a5ea673aa6dc962f1c06cbc0e10523af1c06cb87210631c06cbc3b705152ebc701b2c0c8423c701b2f0bc41462bc701b2ee284150701b2f0fa2145134bd4ce758fb92b1e380d9785e20a335e380d9750420b2380d9787b00a291d78e0365c3908338e0365e1ba828b178e0365e0708290e0365e1f4428a2
074ace43824b17d39f9e7cb3cecf14339f9e7cb0b6cf21f9e7cb4088f1322ce7e79f2a1db3d27e79f2d0013c4d0e7e79f2cf3b3c53e79f2d0265c4c73673f3cf92fed9f33f3cf967df9e27273f3cf9658d9e33f3cf968111e26419cfcf3e585b6790fcf3e5a04478991cfcf3e59e7678a3cf3e5a050d898d
36095a7abf9b77c3943b04ff012e8337943b04fba72e9143b04ff3aee8223de50ec13bd1cbb250ec13fccaba091e50ec13fafcba110ec13fcefda0873ef287609bd8e5e3287609fe445d052f287609fb6e5d1287609fe75dd0443bca1d827bc39750a1d827f9d774113ca1d827f5f974221d827f9dfb410e
1badda842d380bf3eaedfeebf76a623beaedfee85b6a72aedfeec354a6111efabb7fb90edaa3abb7fbb0a3a9852fabb7fbadcda992bb7fbb0dd698420f7d5dbfdc876d53d5dbfdd830d4c337d5dbfdd4d6d4d15dbfdd86eb4c213df576ff721db543576ff7618953091f576ff75fbb531176ff761bef3083
26fdfab9742562e0e1183f20b2780a18e1183f1f2678121183f20bed809d3638460fc4b19e138460fc82c9e028238460fc80b9e030460fc8303a02723b1c2307e048cf11c2307e4164f01431c2307e3e4cf0202307e4181d01392c708c1f8d833c1308c1f905d5c04f0708c1f90593c0508c1f90607404e4
23cc853a47e14740c853a4a2f273713cc853a49f147380853a4a2fed370d0f3214e927c51ce3214e928bc9cdc433214e9288b1cdd214e928bfb4dc3407990a7493e28e7190a74945e4e6e23990a7494248e6f10a74945fda6e1a1e6429d24f8a39c2429d2517d59b8726429d2515839b9029d2517fabb867
08d0e8d2ad1846510e8d2ada8a64dd0d0e8d2ad9c464e0e8d2ada9ae4dcc2343a34ab46119403a34ab6a6b9373343a34ab67119383a34ab6a6b9373011a1d1a55a308ca21d1a55b514c9ba1a1d1a55b388c9c1d1a55b535c9b98068746956ce23270746956d4d726e628746956d24326f346956d4db46e5f
308017c397c32290017c39ae36283e08017c39adb2284017c39ae36283e002005f0e6b6c8a1005f0e6b8d8a0f82005f0e6b6c8a1005f0e6b8d8a0f8021002f8733a6451002f8735c6c507c1002f8735b6450802f8735c6c507c00400be1cd6d914200be1cd71b141f0000be1cd71b141f0be1cd71b141f00
249cc10de2efb371cc10de549f366e09cc10de541b3670c10de54bc166d91273043793fecda330437952bed9b727304379506cd9c30437952f059b640939821bc9ff66d39821bca93e6cdc139821bca8366ce1821bca9782cdb224e6086f27fd9b426086f2a5bfb36d0e6086f2a4f9b372086f2a5e4d36c7
28acd0045ba5e432cd0045e422425e0acd0045e39e4260d0045e44fa25d522b3401176d790a3340117910d09762b3401178e79098340117913e897541159a008bb6bc8519a008bc88684bb159a008bc73c84c1a008bc89f44baa05668022f1cf213268022f225c12eb1668022f211212f28022f228132ea7
2afafeb65871c9f3afeb65b3329e552fafeb65b05c9e62feb65b36c5e5422bebfad96a0727a2bfad96cd9079513ebfad96c9b27963fad96cdb9b950615f5fd6cb50393d35fd6cb66a73ca91f5fd6cb64d93cb1fd6cb66dcdca8317d7f5b2d82e4f317f5b2d9b62f2a13d7f5b2d9784f2b3f5b2d9b7792a0b
0428bf8f3f08d4028bf8f3f4ad3ff0028bf8f3f4ad3ff0bf8f3f4d67fef610a2fe3cfc2350022fe3cfd338ffbe0a2fe3cfd2b4ffc2fe3cfd359ffbd808517f1e7e11a80117f1e7e99c7fdf0517f1e7e95a7fe17f1e7e9acffdec2145fc79f846a0005fc79fa6b3ff7b145fc79fa569ff81fc79fa6b81f7af
26756eefa4cb169356eefa742368672756eefa71d168716eefa74590866319d5bbbe9b6c5a215bbbe9d153a1991d5bbbe9cf85a1a1bbbe9d1684198b0ceadddf4db62d12adddf4e888d0cd0eadddf4e7c2d0d2dddf4e8b210cc633ab777d36d8b442b777d3a2a743323ab777d39f0b4343777d3a2d083316
007f800ca0ffff03f800c80251ffef07f800c820ffff03800c8001cdfff101fe003220ffff03e0032001cdfff11fe0032020ffff0200320001cdfff100ff001920ffff03f0019002d5ffed0ff0019020ffff0300190001cdfff103fc006420ffff03c0064001cdfff13fc0064020ffff0000640001cdfff1
1800000015218130000000081818183ffffffffbb81830000000818181581ffffffff5a606300000002060605800000000206060000000020606056030000000094302e0000000103030280000000020b02fc0000001030302b000000000106c0bd000000040c0c0a80000000040c0c0800000040c0c0ac0
0a26930d2bc2f482c2ce1f0c942981226930d2c46f47e2cdcd16f69347ad289a4c34af0bd203b37345bd7351ec3b0b387c2f38a6138b51c0a02074a7144d261a5785e901d9b9a2deb9a8f604d261a58cfe8fb19b9a2ded688f59113498696237a3f366e68b7b28a3d7361670f862914c122d0ad45218a1af
36e0ecf2d11b0991b531e10411b69c2e0ecf2d47509830b232ea07acba521b83b3cb50cc26122c8cba81ca2e9506d4c7841046da7274ae435753935b2dc1d9e5a656131316465d40c4174b1c1d9e5a92c130516465d40f5974a437076796a1984c2059197503d65d290da98f08208db4e1d2f5339d536e4b
35d562accd23aa62c178e1e0285e6f1d562acd07daa530178e1e055be6e517558ab340eea95305e387812579ba0295cfdae40c36f31d2b390dd7ac602baac5599e6754b182f1c3c092bcdd214ae7ed6ff61b81b136c7818f43262eab156681dd52a20bc70f028cf373052b9fb5c8186de23a56721bf158bf
23bcabb24d700a11581512d193ce2d3bcabb24f800a08181512d1a86e2cb0ef2aec93e00282160544b469138b33f20dd8afd49d340d82569eafe6ddf077957649f001412b02a25a3279c5a1f906ec57ea4e9a1d4a5338385a62f1de55d927c005042c0a8968d2271663e41bb15feb3a671b04ad3d5fcdbbe
1fa95adf7b095441b6871e0f7581b23a95adf7cd7543936871e0f8e41b1a3ea56b7df04550f2da1c783e1806c71d19933885d36c416eb76a10a460303f52b5bef612a8836d0e3c1eeb03640e8cc99c42e9b6214ec9367a2ac0db3d4ad6fbe4aaa1d1b438f07c720d8d3a3326710ba6d882dd6ed42148c060
08d396c1601ef3731feaed1e0a11f40d396c160a2f36e1feaed1e3b91f34234e5b05807bcdc07fabb478ee47cd24efbf6117d58a929bf7eae5af958c11a72d82c03de6e23fd5da3c5623e73277dfb089dac5512b5aca78345dd2069cb60b05179b70ff5768f1dc8f9a09df7ec233cb151137efd5cba12b17
22091c291223b5322284ede9ec1f38088128ae027dd172342bc7c9f7d0a507ccbdcf3b4624d08a13b7a8347cde2204a2b809f745c392294f33377c690e0666d1cfb59ba04509dbd41a3e6f1102515c04fba2e3c914a7997abe353b295b53058318b054f7df32a4c7401114276f4f60f9c3e3822e84752b4d
0eb4c072d2d6a552e30a7d558205ef2564ab5d17a7a100872a17863544522d545bc8603b6c238c29f5568c17ba1592ad7466de83e1b8e433d5631a750087a237c34d0131c614faab460bdd0ac956ba336f41f2dc7219ea908d3b087a4588d55f380247a5cab9e5088e371853eaaa002f804276879e7d5bce
317f5b165554e6d2805022cf46b2e221b1ff05d21ccf036f70df58df33b51bfc23c1f8f516e201408b3d9ecb8606c7fc1750b33be19c9c0ba6d70df20407f1ba9c37d48100a0459ecf65c30363fe0ba8599df0ce4e05d36b86f9108fc4af69e11c024da4b9d1a5384e140281167a359710ee1473f7887aa1
3f8f2d1db55166c2cc26264026ce680f626d6cebee10f3f1ecb4a2ca200c0a47b579971e8b53309899011f399e3d89b5b3afb843c35e55985ecc8d342269440cd9e26531984c4c808f9ccf1ec4dad9d7dc21e1af2acc2f66469a13fcf54c2fe27fa1fa08a384f38146166131320136734323d3bf3b680c5c
189906c5a4765733e565986c649f831b4f1e51bf535d00f8775efc224e8e28903a3b16662b33959661b2587e092d3c7947016d73f04b3ab61ded2d2c0de723b9e1ed16b3cacb30d90b3f05369e3ca37ea6ba00259d5b0ef696963104b70918158173925551e303ee043f2b2cc36114fc202f4cddbdc96865
3c178bb99ae61142d501cc6c7bc39613a352e96795a78163ee3971550eed0984bd7ed933e1c3540731b2730e560e8d4ba5a2769df1b0e0578301fc8e1725dbe5509e1b91aa0398d939872b2746a5d2cf2b4f00d8702bc180fe4719c3cabe275f69505ceac00f867b6616a80e6363de1cb1ace4525be79a60
0ec742fbda8bdc00e72fe665fdbc2812658f06a1862121e22a75f7b298812872a60b8423a9939cbf9997f6f0a009963c1a8a388473ec6e02227e58d23a7064a597780191ce5fcccbfb785024cb1e0d430c4241f63701113f2c6903c1f13312d05ee00a2d53246b082107397f332fede143082de451458ac0
3e9dc5b525ef2bd02c6304b27dbbd31dcdbf4498a209a3a4bcc2660fb950199b6f6864ad7710b18c12c9f6ef4c3736fd1266a82673d178d98deeab6333475ceaa8b0266058c60964fb77a63b9b7e8931441343e8bc6cc6d655b2285532304d758ac22247b5b23611122163182591dddea2e3c222fdd7244b
0000007fa10c7f000007f802d7fff0000007f821c7ff00007f800e8ffff0000001fe2131ff00001fe0052ffff000001fe0241fff0001fe00340ffff0000000ff2118ff00000ff0039ffff000000ff0228fff0000ff001b0ffff0000003fc2163ff00003fc0084ffff000003fc0273fff0003fc00660ffff0
3fff580004200073f5800001ce08113ff580001ce0079358000001ce81793ffd60001ce00193d6000001ce20593fd600001ce01f9160000001d005f93ffeb0000c6000d3eb000001ce10293feb00001ce00f92b0000001cf02f93ffac0001ce00393ac000001ce40b93fac00001ce04012c0000001900c02
02d9df28499735003cfc067d14f31118969952c19dd4c3cfc067d14f31100625a654b0677530f3f019f453cc4430f3f019f13bcc50289a4c34af0bd205b3be50932e6a0079f80cfa29e622312d32a5833ba9839f80cfa2e0621f0c4b4ca960ceea61e7e033e8a7988821e7e033e6979890513498695e17a4
3d2621df3a88cbf3c3147182a91cd0276977253a423b503147182e6fccf139da5dc94b788ee30c51c60b6a733d0f0c51c60aa47343db83b3cb12ec273a4c43be793197d38628e30594399f0ed2ee4a78a47690628e305cdf99e233b4bb929b111db218a38c1716e6791e18a38c1548e683b707679667d84d
1bd6c8921b4e0fb31eac9f5448dea4266df5c901514741eac9f547a5ea34099b7d72405451d07ab27d51e97a8d0c7ab27d51237a92d7558ab3138eaa24cdbeb91e1a28f23d593ea8d3bd47263d593ea681bd516baac55989c7551336fae480a8a3a0f564faa3d2f51a18f564faa246f521aeab1566691d53
27f026fc91c09720123946f8e84ad5000fb584bd641f3123946f8e84ad501003ed612e5107d048e51be3a12b543048e51be0892b638ef2aec90440292801f6b0951883f024728df1d095aa1824728df04495b3c77957646120152007dac25ca20fa091ca37c74256a82091ca37c53256b31de55d924a8051
28270ceca61c61b0beab4c843c382d196f6222d355cfc3eab4c8444782ce065bd888b4d573f2faad3210f0e0b432faad320dd8e0c07ea56b7dec2551232dec44585aba017d56990878705a197d569906ec70623f52b5bed512a90cb7b11169aae7e1f55a642223c16725f55a641fd1c170fd4ad6fbd84aa2
14120593b514f560108fbd2e507e1b0013137f69d4a9e108fbd2e507e1b02004c4dfd8652a80423ef4b941f86c10423ef4b839f871234e5b056ffbce1002626fec329540211f7a5ca0fc3628211f7a5a0cfc4091a72d82b7fde7000989bfb4ea54f0847de97283f0d820847de97073f0e2469cb60adff79c
0e69ecb0ed940e728e312ba5a965bd0e8e312ba4e365c362091c28dc83b6394fffeea0c789f233498145d10bf53a38c4ae938d9701882470a4380ed526c807e182764e31bba53f4609ae8e1d1c625749c6cb82c4123851fb076b1e2fdf91d8c5e2d31f90fdd4d384da3471895d2b3b2df31048e148701daa
04d5a2e77f4d78e372d2a7d716da1f0772d2a7d6d4da22ceb4c072a576a605d7e59b1216ba60f3603f2e6f75e71dcb4a9f5b5368833ad301cb19da962cc96721181aa861178764d049afa60ee5a54fada9b4419d6980e58ced4b3981592e30d5d4a0c3d95dddeb71cb3b96953eb6a6d10275a6039675b52b
347890e078f0e3f1455ba81104a0ec11455ba80ffca0f0f17f5b1648f4e727e0faea87650b62755a16cdc89b6c05156ea0441283b3c5fd6c5923d39c09fa5d4ee36fcec09b4b0900e02247228ab7501ff941e1e2feb62c91e9ce2859730086c10502742c005310a5bc0a2add40882507638bfad8b289a737
1e78dedc5caced01fd8957406475713dfd89573c8675813f8f2d1da4d16705ee7c742c4ca470b6d56d2d2b64cb37f6255cfe79d5d0fe3cb476d5459b203ca78a247971c22fc14b977ae45e3bfb12ae7d2ceaf27f1e5a3b49a2ce0b4a83415a3eb1e164837fea7120262fec4aba0113ab91fc7968edaa8b36
381e518e6dac8163a3cade74bdff7c13a3cade73b5ff83589906c56ed65826a5655e437ed3d2f1ed6c1bc4cad50e8f2b79d2f7fdf162641b1681595d0cf1b94b78796b0112e71fd34e057c274795bce76bff02b1320d8b1facaf2d2f0d4f7246d2b3e21f01663e285b1d1e56f3a5effbe2c4c8362d02b2ba
27b36ff91c6ac0e16196e16c06a1cd0d6196e16b40a1d33c178bb969661237f44e7cd706a06318c46f362e410335865b85ad028740f05e2ee66b98452e5da4644f877ae0b29a09f978632c1ac32dc2d68143a2782f177314cc2336a2ecba2724e6829d2dda73edfc622b0cb70b5e250e71e0bc5dccd7308a
3e8699bcbbb9dc025afb14e6ac205d0e5afb14e5e620600ec742fbda8bdc2770010f153ba9604145f55cd3c50b396bec53979881803b1d0bef6a2f7019ef122762140172841414abc045521cb5f629cbcc40c01d8e85f7b517b801bca73a35005e83b0563c79cc1ad432d7d8a7335102f0763a17ded45ee0
3b76a948630fcdd35bf878692029a62b5bf878668c29b0fe9dc5b5198f2c0cfefdb5592fff1362276ae10db3162d6fe1e1a270a6a3fa7716d4663cb02cf9241122f16a6218ae08d80d703816b7f0f0d1385351fd3b8b6a331e580f1c4eca367a9ac216340bba9f0ff51adfc3c349014d33f4ee2da90e795f
2800000008bf7fe00000000a0800b8000000003137ff6000000081900c70200000002b3dff6000000021f003100000000040e00280000002001031f010000000159effb00000001200018000000000207000c0000001011018f000000000189bffb000000041d006300000000060c00580000003fe1063f0
3f807fff53e0001007fff57f7c00023807fff57be000107fff58000000003e01fffd5be000101fffd600000000201fffd5fbe00011fffd60000000003f00fffeabe000100fffeafef80004300fffeafbe00010fffeb0000000003c03fffabbe000103fffac00000000003fffabfbe00013fffac000000000
12eb6a1a7420ed62b6a1a75564d5b52eb6a1a7528ed5c20b059b941e0aad0bada869d4a3b57382c166e4d602ac3ada869d527b56e08033d3185b809f25d6d434e841dac1c160b3726b01561d6d434ea93dab70160b37287e1559175b50d3a9476ae30582cdc9ee055735b50d3aa916adb016cef9424cb9a8
2c0d15e588c692b0d15e58b9c92a5000d15e58b9c92a5274fa65729bf556303457962b5a4aa29d3e995c85fd5603457962e724a9417fcc3105a47f61181a2bcb15ad25514e9f4cae42feab01a2bcb1739254a0e9f4cae579eaab2068af2c5ad495313a7d32b94dfaab068af2c5ce495283e9310ef9b34660
21555d2d7d75fb43c5f527e82e5a1b1555d2d7f85fb3805f527e86c3a1a1055574b5fe17ece317d49fa17f686915574b5fe59ecdf16f5b22485cb83f02aaba5aff0bf6738bea4fd09eb4352aaba5aff0bf6701eca223bf0f62a90aaae96bfc2fd9c22fa93f4340d0d12aae96bfcb3d9be2deb64490b9707e
2bc2c937fe48a462108e94ea40f49f3c2c93800dca456108e94ea61f49e82f0b24e001629160423a53a987d27a30b24e00438915529fc09bf226025d1785927000b148b0211d29d4c3e93d385927001fb48ab08fb811d5671e741e1649c006e522b08474a7530fa4f421649c008b322a913f8137e48e04b9
0850a45ca3e94383264ab56f43888e050a45ca46d437e264ab56f75088d4214291728fa50e00992ad5bdd42235142917291b50df81a09c33b287f18710a148b947d287024c956adec9111b0a148b948da86fc39b59873e20f23d028522e5236a1bf13255ab7ba8446a28522e5236a1bf03413867650fe30e
2888353dda271d0213318dde7728bb088353ddcbb1cf613318dde9828ba82220d4f770dc73e04cc6377a60a2ea220d4f772ec73d825048164eb353d611106a7bb86e39f026631bbd3051751106a7bb97639ec3e84c474ae48ca80441a9eee5d8e7b0998c6ef4c145d4041a9eee61ae7af0a0902c9da8a7ab
08a385ef110296e0b9ffd0dd6508e60a385ef118696de03a7558cdbba2b9228e17bc440a5b808771f82b6c03cf28e17bc461a5b782a4072238c596df11470bde22052dc3a5e1b6dc620d361470bde230d2dbc35203911c41cb70051c2f788c34b6f0bcaaefcb59b48005cffe86eb2847307760247e5806d8
28ac3009b0aa376121a45b4d7d27940ac3009b33e375606798d6b058592e22b0c026cae8dd6309183a7162b5a02b0c026ccf8dd583105f5153823e991158601365746eb2e28b9e956f323d1586013667c6eac3882fa8a9a01f4d0561804d99f1bab18a5e0049fd0aab090d22da6be93ca1618f1289824ab5
117611d6cf2e7bf3f764b3b13f014017611d6d0367bec20613990e72520305d8475b40d9efb3ef9d32f4f05be61d8475b411befaf005ffaf5a81f52a22ec23ad9e5cf7e22378047971fbfb2ec23ada06cf7d8002ffd7ad40fa950bb08eb681b3df603d3b99f80c004f1fbb259d89f80a03a4d6d03734f860
0c0a9f408ce46283dba2ebdf4a43e700a9f408daa627d0e3160a5a831521302a7d0233918a0250ef1c6f52799a02a7d0236a989f429f47ced8c9324d18153e8119c8c501c7d9909dad683c0153e811b54c4fa34fa3e76c4399272054fa046b4313f3e032683fbcc0d63edd175ef8421f4389b34107fa05dc
00822d1f7201a480f123141cc02be40822d1f7201a4802810ebc603081fa0208b47dc8069201efd4837257740a208b47dc80692002db84e98fe4fca001045a3ee4034903d1b26f5aa9775b1045a3ee403490016dc274c7f27e50041168fb900d24029671a641e203b5078918a0e6015f236be62fca2857fb
25f372c60a7c5652a0e51a232e21e01f372c60cce56472fe6f7dde859c0217cdcb18323159214e1801eaf1d4ac3cdcb18337b591b3f64649d7c195690be6e58c1918ac930d1b972fec4a453e6e58c199cac8e3fb2324ebbfcab52f9b96306462b240334b9e86874a16150728d119710f0053b5222e181cc3
309b3c2393cef753551e7956e5c20409b3c2396e6f744087ab374cb7a535026cf08e5b9bdd10e528bc36806f4126cf08e5b9bdd100c277492361e868213678472bbdee920afa0ab398a0f413678472dcdee880613ba491b0f43404d9e11cb737ba205d071e46fa55d21aa8f3cab72e1022441e22650c034a
163cbce6c97561614a2d8cead87a9b23cbce6cabf615b06d9ebf6ec2da0f18f2f39b29f585718bd43d6320b9340f2f39b2b81856a0120fa13bd889b62c7979cd92eac2c0627904b418f9ce07979cd95c0c2b500907d09dec44db31e5e73653eb0ae174c4ac92aedc422a516c6754b3d4e0f4cd626baa3a4f
07c0a8001cdfff900a800001ce07f13c0a800004200770a8000000007f801f02a000108001402a000001081fdc302a00001ce01f12a000000001fe000f81500018c00020150000018c0fea381500000c600f515000000000ff003e0540000000038054000000003fc0205400001ce03f114000000045fbff
3fffff807bdf5813fff807ffb380013ffff807fbd58013ff807fff1600013ffffe01fbdd6013ffe01fff9400013fffe01ffbb60013fe01fffd1e00013fffff00fbdeb013fff00fffa900013ffff00ffbcb0013ff00fffe6e00013ffffc03fbdac013ffc03fff6a00013fffc03ffb8c0013fc03fffa7e0001
03a0013a892e0a8233b2633a2d98ce131d4b10278fe07292eb6a1a4ae0ee0e8004ea24b82a00cec98ce93a63360c752c40a25f81b24bada869af83b607400275125c15006764c6749d319b263a96204f1fc0e125d6d434d7c1db2241e0209e65b3514975b50d25707718ea588144bf0360975b50d3a1076b
3c1ffdbdf6d1f681cc3d24c54e77ac28e2a477d45030216c0d15e5742693307ff6f7e7a7d9d330f493157bdeaf238a91df5980c061b0345796129a4b383ffb7bf1c3ecf3987a498a9cef5811c548efacc06032d81a2bcae84d261bbe17a35d7a54c2b6068af299134a071523beb72180b36068af2c253496
106b949d695ae352b916909c7d138d362897eff8f82f5321555d2d4bf5fc298ca9be37f43780c855574b52fd7f18a25fbff040bd10855574b5f5d7ed20d7293ad2b5c6a1722d21393c27192c512fdff6105e9242aaba5ad9ebf73b144bf7fa6c17b190aaae96a5fafe0949c7045a1dd1610aaae96bebafda
2944a12a48db01524eb39897aec6e32d0680f7d9799062abc2c937d508a537f25714442dfb93aaf0b24dc3c22a341a03df6e264162af0b24dfd822921289425495d602909d67312f9f8dc51a0d01efb71320b15785926fec11491683407becbcc83355e1649bc984530195756b844bb1815e1649bff24523
07c488193043aaf3bc8d9e40f5d83e0cd93379f790b3e20850a45c82e9443733c91c3f0601408214291720ba513364cde7de42cf80214291728fa50e0f891032608755e3791b3c822db07b19b266f3ef2167c010a148b947d287066c99bcfbc859f10428522e4174a20ec4944b4b294760428522e51f4a1c
000b4010112672a33b874889946e4727f792ae2dbdad902888353dda271d2d4d2dd53877d3e30a220d4f4509c81fde4ab8bf36b620a220d4f7689c7400168020224ce542770e91136adc8d0fef255c5f9b5b1051106a7bb44e3a33fbc95714ced6d214441a9ecc138f265b27c4deae3d214441a9eed138e8
0a28693ba4fefc72851e72afc129bd13632713a54b590088a385ef08c29704d8c9c4e952d6412228e17bb1b0a6000df64bae2e3ad2228e17bc230a5c188ef08ee17a2000911470bdd8d85309e46f796836689111470bde11852e09b19389d2a5ac824451c2f763614c3428f3957bf94df0451c2f788814b7
25d43b7a806c8b80fbf8fe4335616a22b341f36d71db32a8ac3009876a3818acd07cda5476d0aa2b0c0261da8e0a7554f8a87ebcd2a2b0c026a1a8de023660543b17b2305515860130ed470f5ab2668651e7a15158601350d46f3159a0f9b4a8eda154561804c3b51c07dfc7f219ab0b514561804d8551bb
128ab29c96a1294204776b4cf8c3850e6b6fe3f30d44e0517611d6cb0e7c239adbf8fab35140145d8475b2c39f05b8c09281ae040145d8475b2c39f0148804ac6cf689220a2ec23ab861d00021c999513a2180a2ec23ad961cf80735b7f1f986a27028bb08eb65873e3023bb5a65b61c328bb08eb65873e0
21360872953f06d1294f77ccf2385a3c77f2ba9e1bbd620c0a9f406be4632f1dfcaea576ef618302a7d00a791907de825320307110302a7d0233918a21851e7db2fe2ea2c18153e7e43c8d19f921032dc581a018153e8119c8c51e3bf95d4f0ddeb306054fa014f232094a7bbe6791c2d06054fa04672314
3e5494b51a31a0b1e0a818a1e91d7f16c8b3558cb2526200822d1f5101a525b22cd5611c94a380208b47a2c06a34495bee9404e6700208b47dc8069200759944cc8a1fa1c01045a3d160350c882b1d30169de001045a3ee403490b6459aac65929330041168f8780d32f0540c50d38ec00041168fb900d24
3fd6de921c978f20a5d069531797b30fb10fe6dd79a6a2e5f372c5dd1c5723ec43f9b54e69b1b97cdcb166c71604f05ebffa7368f397cdcb17f8715a18571b6083ed33c0dcbe6e58b3638b3c1735fc4fd3b5a1cbe6e58bfc38ad07d887f36ebcd35372f9b962cd8e2c252e834a96acbda32f9b963032e2b3
00c014d3b0f7e691f2757970dda95e2888031496b729a2f09b3c23666ef82a2200c5239dca70bc26cf08d99bbe014464e623ad6e63c26cf08e1dbbde2e975b2c17557a705e1367846ccddf071bd7a98a402201e13678470eddef1444018a4b5b94d1784d9e11b3377c0f93abcb86ed4af384d9e11c7d77bb
1857143da5f33620d7f5908b72589120042fe94696e542963cbce6a0356208010bfa51a5b952a58f2f39870d592d6659c1386fce8258f2f39b04d5861dc9745d4f4caff352c7979ca286ad1cea3e8073ae14012c7979cd826ac3100217f4a34b72a14b1e5e73501ab126bfac845982c490b1e5e7364bab0b
0f83c7c0a7ffff803c7c0a839bffea383c7c0a8c5fff53c7c0a8020ffff03e0f1f029fffff80f1f02a020ffff020f1f02a3ddffe931f02a002d5ffed1f078f814fffff8078f8150317ffec3078f8151cdfff138f81500251ffef3c1e3e05441fff71e3e054020ffff001e3e0543ddffe923e054001cdfff1
3ffffffffb607f93fffffff7c5fff93ffffffff3e7ff93ffffff803dff593ffffffff9e1ff93ffffffdfddffd93fffffffdbffff93fffffe01bdfd613ffffffffae0ff93ffffffefcdffe93fffffffebefff93ffffff00bdfeb13ffffffff7e3ff93ffffffbffdffa93fffffffbc1fff93fffffc03bdfac1
0199d1659250fb119d1659269bb0fa199d1659250fb101d165926b470f9a066745964943ec427459649ab0c3e726745964985ec3f399b3ae72ad945c0333a2cb24a1f6233a2cb24d3761f4333a2cb24a1f6203a2cb24d68e1f340cce8b2c9287d880e8b2c935a387cd0ce8b2c934dd87d01d0009d4497054
3e6e6e5a68878502e6e5a6c8aa4f0726e6e5a6c6584f126e5a6c8d7af06539b9b969ae7e13d39b969b232d3c1a1b9b969b21a13c21654c4d6f106ba53cdcdcb4d52f09f1cdcb4d91969e0d0dcdcb4d90d09e10dcb4d91b37e0c9337372d3611c2793372d36469c783337372d3643427841e0ffedefb68fb4
1915fe0db7c6b4915fe0db9633489c115fe0db952b48a1fe0db9647e89bb2457f836e33ad2317f836e590f226f057f836e58cd227341ae527573eb8e322bfc1b6f8d6922bfc1b72c66913822bfc1b72a5691417e35fe401688d108aff06dca95a452ff06dcb21e44de0aff06dcb19a44e2835ca4eb29d71b
33abcbf9f1e777e2bcbf9f53937d323abcbf9f4ff77d43cbf9f53bcbd3160eaf2fe7d3fddf52f2fe7d4ed1f4c62af2fe7d4c3df4d3a51284a8f1ec06275797f3e7eeefb1797f3ea768fa6335797f3ea40efa7269f6c3c65186c41d5e5fcfa7fbbea1e5fcfa9de5e98b15e5fcfa9c9be9934a25095225d80b
282abd1b0a857aa2abd1b0d197a96002abd1b0d197a962bd1b0d1c0e95f620aaf46c3255ea62af46c346e2a57e0aaf46c3465ea5811f122064b08eac10557a36192af53157a361a37152bf0557a361a32f52c3f81b8ec03db6940155e8d868cbd4b15e8d868e074afb155e8d868cbd4b023e2440c9611d58
0b22fa5d417d59122fa5d4232d90d4322fa5d4201590e2fa5d4234e90d382c8be97505f56440be97508d3a434e08be97508cb64352002d00402399cb1645f4ba82fab2205f4ba8469d21a7245f4ba8444b21b322b7ab1a9439da1917d2ea100ac8717d2ea11a74869c117d2ea1196c86a0005a0080893395
3347e5f8cf4dfe107e5f8d29b9e033347e5f8d265fe042ee93fc3c58aa4b0d1f97e34997f811f97e34a6e780cc11f97e34a5df80d0f8d5c0e7126f53268fcbf1a2bbfc10fcbf1a5373c06628fcbf1a50dfc0727c6ae0736837aa1a3f2fc6932ff020b22bf96bd5341323f2fc694bbf01a1f1ab81ce24dea6
1260a69d8bc204020a69d8cef23fb7260a69d8cca03fc23fd84eea477c6909829a7633280ff029a7633c4cfeda1829a7633ac0fee1632565ed13e87524c14d3b1784080014d3b19e267f6d0c14d3b19d607f72b192b2f668f43b130534ec66501fe123fce66c0f249930534ec67581fdc2c64acbda27d0ea
163b3112e9eae5f3b3112eb55e5ea823b3112eb34e5eb16ef31062896b0618ecc44babcb97b2cc44bad63f7a9d0ecc44bad5797aa1dcf3b347d36cf62c766225d3d5cbe366225d6afebd4f0766225d6abcbd50ee79d9a3e9b67b31d9889757972f634d65d2565953f71d988975aaf2f543b9e7668fa6d9ec
3902343fa2bec5802343fa66b4571c102343fa65ac5723006c30ff42732a2408d0fe975b15d08d0fe99ad15c70008d0fe99ad15c706b0dfe2af1bf9e3204687f499d8af04687f4cd68ae38204687f4cb58ae403586ff1578dfcf0811a1fd32d62b91814861b32faad5011a1fd335a2b8e0d61bfc55e37f3c
0492d9a2cda34d712d9a2cded8d6ee092d9a2cde54d6f3df1e6c2809fd7e124b668b368d35c0b668b37ba55bb724b668b379535bc3131c7673cc03000925b3459b469ae25b3459bdb1addc125b3459bca9ade1898e3b39e601802496cd166d1a6b8105a8d87939c57b096cd166f6c6b7722638ece7da05ff
33e0a30e7d7643420a30e80cc233313e0a30e808e43341e36e80cc008db20f828c3a02390cd028c3a0338cccc23828c3a02ff0ccd36c929172d875ec27c1461cff0c86701461d019c666613c1461d015e86671b64948b96c3af61f051874047219a29caae3bcbb3ac93051874064019992d92522e5f2ebd7
09c1fa4870fbe1d01fa48719cc1cd91c1fa48717fe1ce226bc0163ac08092707e921c3ef87407e921c67307364307e921c64187370372bdb4bc229531383f490e1f7c3a03f490e339839b2383f490e2ffc39c21b95eda5c014aa0e0fd2438bff0e702c7618da67bfe520fd2438cc50e6d06e57b6978452a6
2945921d47cee0405921d4a778035b145921d4a62e036373eb813c9367e825164875277b80e16487529de00d6c116487529cd80d70912834fe29d977128b243a93bdc070b243a94ef006b628b243a94c5c06c248941a7ef3ecbc0a2c90ea531701b209df151d77e85e22c90ea539b01ae1225069fc53b2ee
07c00f83e4a0a71000f83c7dd87ff13c00f83c802a7f700f83c7c0a7fff81f003e0f2f829f4003e0f1f131fff43003e0f20d09ff103e0f1f029ffff80f801f07a8414f2001f078f9a0fff23801f0790474ff501f078f814ffff83e007c1e3e053f8007c1e3e053fff82007c1e3fd33ff107c1e3e053ffff8
3ffffffffbdfff93ffffffffbdf8013ffffffffbdff813ffffffffbd80793ffffffffbdffe13ffffffffbde0193ffffffffbdfe013ffffffffbc01f93ffffffffbdfff13ffffffffbdf0093ffffffffbdff013ffffffffbd00f93ffffffffbdffc13ffffffffbdc0393ffffffffbdfc013ffffffffba03f9
25692fe8ee4bb022c69d49aed5f1cf2fb035f69a6a3973c199d1655470fc15a4bfa3c16ec0631a7526bbdbc73a3ec0d7da71e8e5a30667459617c3ed0ad25fd1e0b760318d3a935dede39d1f606bed38f472d38333a2caeae1f7308b5593d7d2e011e0cce8b2aa387e3d81afb4e7f1cb320cce8b2c7187d9
1a56d01f51744ee139633a4ca5fdbb0c4fca8d5d75b6203e6e6e5a688785295b407d49f13b70e58ce932d9f6eb313f2a3575d6d880f9b9b969a21e1434ada03ea2e89dc272c674994bfb76189f951abaeb6c407cdcdcb4d10f0a0d74aaae220d18021f37372d1343c3227e546aefcdb0f1f37372d3443c28
2e3c4aa24772aa9064929aaaa722983600e2a02a0baf21d915fe0d9ae6b520cf81d1b893546376457f833539ae18038a80b48ebc536457f836ad9ad31c78954493055510c92535554e45302c01c54058375e33b22bfc1b35cd6a1b0071501505d792ec8aff06ac735b16a5a754c95e49c2c8aff06d9d35a5
0eaca7578c7742316f3228c3dc70d02653ce2e2914ab10b3abcbf9e9a7780d926fc94e7eff202ceaf2fe7a69de194f38b8ac92ac22ceaf2fe7a69de01d594eaf18ee8462de645187b8e1a00ca79c5c56495611675797f3d34ef03329e717127a559059d5e5fcf4d3bc1a9969ece3a900f19d5e5fcf8f3bbf
3a3229af069e81a1f68b3fccf9a60110e66275602710d1a82abd1af1c57b00ea4f73a8f15bc16a0aaf46abf15f039989d584bc4332a0aaf46c0915eb3464535e115d0333ed167f99f34c0221ccc4eac04e21a350557a35e38af62873313aae038872d4155e8d57e2be20948157a937b5814155e8d8542bd5
0a64e46696778fe035b0f4dbbca5aa2ac4edb45c787423cb22fa5d039d5a16b3bf2f51dc48d2f2c8be971fe7572b13b6d17a21d0632c8be974d4756514c9c8cd2cef1fc06b61e9b7794b541589db68bd10e8339645f4ba493ab3156276da2e3c3a11e5917d2e81cead2e2c75276ddff8425917d2e9eaeac9
3eca10b2a2012c00bbc8b8b07ab47326243b23a44eed83f347e5f8916dff09890ec8e913bb61fcd1f97e13db8018e89f63af0465b3cd1f97e30bb7f92ee48f4ea48c66f0fe68fcbf09edc0025447c7a56fa9a3e68fcbf164dbfd13121d91d22776c3f9a3f2fc27b70025de45c581c5a3a39a3f2fc6596ff1
28dfe201972afeb1d29445ac6526e71c144704d6b9aa701260a69d8bc204170511c134a66aa0049829a762f0813dcfc2164a25d2d049829a762f0810355ffd3429628082024c14d3907841150a6cb793f39e4024c14d3b1784082e0a2382694cd5400930534ec5e1022e94a22d61193740930534ec5e1020
32e870288e3f66a384c3bd40a1af4c1c6e2a50b89acbc0563b3112e5cae6071b8a942e26b2f2158ecc449872ba1bb9f1da4f49b32158ecc44b972b981997a523b4c0a2910ac766224c395d17d3191387e79080ac766225cb95cc0e3715285c4d65e02b1d988972e5731c261dea050d7a62b1d988972e5730
09afee31063a71406c1ef11ceff6000c3d304ec3dc16123902343f81bec6330f4c13addf05928e408d0fbf6fb224e9c0385e1767b0e408d0fe8afb1636cd0f59e542a25147204687dfb7d9352f76cc1c9894607204687f457d8b261e98275fde0b111c811a1fc0df630360f788e77fb001c811a1fd15f62c
3859780d82b29103a4e9236a01b59a34619fcf8ae305624492d9a2a8834e2d1867f3e0a8c1629124b6688920d40b5a6019b77f46d1124b668b260d36302b3a9644fe61d148925b3444906a0c0e29708505a2508925b34593069b1a30cfe7c57182b122496cd15441a71d27491b500dacd22496cd164c1a6c
18cbcbc70aff1ec16aaf3c579225521c4a9a2919144f2333e0a30e4bf6442712a68a443513d0ccf828c392fd911803da0c0b559f70cf828c39f5d90d05ecd06b082eb492667c1461a87ec9199e6fe01f96a51267c1461cd9ec870e254d148c8a279199f0518725fb220b5579e2bc912a919f051873ebb21a
1029591937ae8c635007e55314cc2d1104122c70558cd0c9c1fa48649be23441048b18fd634232707e91f826f916baae95ab81f9a32707e921926f88205793e563f4de6319383f48db137d052645aafe4ad0119383f490c937c428820916361ac67064e0fd24324df13a803f2a969661724e0fd24366df0f
356f126542d9bde121261dded59a29236bdd228f9367432945921d164ee108daf748a3e4d9d3ca5164871413b92e8b1bf685fcd4e0a51648751f3b812ae720dac84bd7c3e528b2436909dd10cbe8c4ca94ffa2528b243a6e9dc111b5ee9147c9b3a394a2c90e6a2771290930eef49cd1514a2c90ea3e7702
2f83c7c02c63c7103c7c00fbd87bf2383c7c01049c7bd3c7c00f85d7c0983e0f1f0056cf1ea0f1f003e301f01820f1f0041ed1ef131f003e11f5028d1f078f803be78f1078f801f390f8043078f8020d58f7938f801f09e1813f3c1e3e0090be3db1e3e007c3f3e04801e3e007ffc3df123e007c200c0531
000000000000000000000000000000000000000000000000000000000000000000000000000000000000000000000000000000000000000000000000000000000000000000000000000000000000000000000000000000000000000000000000000000000000000000000000000000000000000000000000
3ea055faf62fe863f732ec115b56d52ff732ec0e8556e3732ec119936d411d4e424e17d6ad93dccbb046335b513fdccbb042555b6220d8692c630af62ea7212709db56d3ee65d822f8ada91fee65d8212aadb2e65d823368da813a9c849c2fad5b23b997608ca8b6a13fb9976088cab6b12b497f47725d81
2167e9c5019857c08cc913eee6a52c108cc913eddea530cc913eeeee52be22d2bcb1dbea51a233244fbb9a94b00233244fbb9a94b2de2796f459f50b11695e58edf528d1199227ddcd4a5821199227dbbd4a6199227ddddca57c05a57963bbf4a33066489f7777295f0466489f77352960d2b680fa8ba277
2493168f2fb31650ee178442ceb8fa18ee17844142b902e178442db18f9d124c5a3cc70c5923b85e110b3ae3e823b85e11092ae3f3b8f12a88ec4aab09262d1e63862c91dc2f08859d71f431dc2f0882857203450b13d27c94950c770bc220a15c8370bc2216b7c7cf0770bc221675c7d371e255121a9555
3fe1fcae68d870e3df6fbd029af9d823df6fbd008af9e1f6fbd02d8d9d713f87f2b9afc1c3537dbef40b31e75d0f7dbef40a6be7613ab29d5e215d093fc3f95cd5d0e1b3bedf7a0577f3af07bedf7a0535f3b2bffa79a9931b7b11efb7de80457cf2fb7de816a5ceb91efb7de814d7cec275653abc42ba12
322e34d7e6c10943269eed9ea73e2c13269eed9d9f3e3269eed9ed8be2b408b8d35fa76424d09a7bb67b62f8ad0c9a7bb67a9cf8b2e8c8a6bbf97a07245c69afd1a212724d3ddb3d907c57264d3ddb3b3e7c6351c3286338501029934f76ccbf9f2134f76cf6c5f15a1934f76cf539f161d1914d7834f40d
296c396a7042f15103f1d11c6327043103f1d1194b27103f1d11c73a703c25b0e5a9c94bc5200fc74471ce9c0f040fc744718c9c122993919a38de4012d872d4e4a5e29207e3a238c64e082207e3a236b64e11ac374a3ef4ffe33881f8e88a9593901f8e88e39d381e081f8e88e319382053272334b3bc7f
27bb744f620e6f20d432cf8a06394a18d432cf887a39504bc82241a23bb936350cb3df068e6350cb3e2818e5282350cb3e2608e530cb5c5ec316f8113b9960f7d7807cc1a8659f140c729431a8659f10f472a265ae2f616a7c092c6a1967c22d1cb360c60c6e37fccb06a1967c5031ca5196b8bd862df022
362115b408fae4b17523bb204f2892397523bb1cb328a0eb7673ff920a1b2e5d48eec51cca31d48eec817ea24725d48eec7f2ca2526f5400095e62422d3fe0a3ea303462ea4776409e512432ea47763d86513137aa0004af31211cba91dd8e59945079cbf8f6b46b720ba91dd902794490dea80012fec483
2ed2b659e5278f82df411d3dd5fb5b16df411d3c8bfb6031f1f8e93d363925b7d0474d12fee37d0474f7dbed6a1b7d0474f64fed705e6aa977d2e5eb092a4c90d9b32681be823a7bedf6b52dbe823a7917f6c22f3554bbc872f60b6fa08e9e45fdb0aee54699d4399036fa08e9ec9fdae0bcd552efa5cbd6
0c1352e4c650119007f5ab72476ba23807f5ab6eab6bb14b8741b873bb8a1e01fd6adaa2daf01fd6adc91dae88201fd6adc70dae910cf59524a52d4804c36ea3f2f371400feb56e48ed744300feb56e176d750867aca925296a43c03fad5b545b5e0a6d5ea0fc84f05003fad5b923b5d1219eb2a494a5a90
32ae6e18240d9ad217106864a5f22e0a1710686421f23276822485e3b17a1285c41a18007c905c41a1931bc8b6285c41a19087c8c1fb3003d57e86c12e40d0e722b48da02e20d0c98de45b142e20d0c843e462fd9801ea9e4361250b88343000f920515ab4a8269f7910b88343252f9173f66007aafd0d82
36ace7b5dc2eb4331d96243054d6db171d96242f0ad6e319c2430632c84e25c7658909b2b5c0765890c2195b691c765890c04b5b70d0664646b3142a3755ad1fee0606f23b2c4860ebadb52e3b2c485e15adc068332323598a150b8ecb1217856b7337d4c4d9d4581738ecb1218096b6e1a0cc8c8d662854
1ef5cd0b2e0bbe21f611f375246b5001f611f375246b538d92c71afeef72307d847cda311ae3d847cdd4d3ad3f07d847cdd491ad4374d0ec61ab83eb076d27493ed06b33ec23e6ea48d6a003ec23e6ea48d6a3ba687630b4c1f620fb08f9b88235b2dfe17bb5f0339a0fb08f9ba9235a82e9a1d8c39907d5
1f4d44e4af37f931b46a2ca0f9b2d001b46a2ca0f9b2d1287100d63a5f32306d1a8b25266cc2d1a8b28428cb3f06d1a8b283e6cb4105882d9c9d73961cf753df01dfade368d45941f365a00368d45941f365a082c416ce4eb9cb20da35164e6cd970e421d4ea4b64030da3516507cd96820b105b393ae72c
3fffef83e4a00e93fef83c7dcef8313ffef83c98e0f713ef83c7c1dd83b93fffbe0f3be03d13fbe0f1f1d1e0e93ffbe0f20ce3e013be0f1f020c0f113fffdf07ac601e13fdf078f9cff0713ffdf07914e1ef93df078f81ed07813fff7c1e5ae07b13f7c1e3e1d5c1d93ff7c1e3fce7c1137c1e3e024a1e31
000000000000000000000000000000000000000000000000000000000000000000000000000000000000000000000000000000000000000000000000000000000000000000000000000000000000000000000000000000000000000000000000000000000000000000000000000000000000000000000000
2b2dd92dfd456521771daee85acb3001771daee85acb32bea055faccefe92cb764b7fd559463afa8157e81bbfb05dc76bba16b2cc2fa8157ebb7bfa2165bb25bfeaaca33d7d40abf1fddfe02ee3b5dd0b596617d40abf5dbdfd1196ec96ffecb28b35f502afd4577f50bb8ed7742d65981f502afd7b17f43
14d206da3e5a9af286e2d5136335513e86e2d50f8535612167e9c4f1185813481b68fd8a6bb04859fa713c46163a1b8b544a74d550859fa71406615f29a40db47cb535e0242cfd389e230b3d0dc5aa232a6ab242cfd389e230b0269036d1fb14d76090b3f4e2788c2c343716a89909aa910b3f4e280cc2be
062621f4b463e773db5b07c18e4be22b56d57889b19bc2349dfca753891636d839205b1a92a28d277f29b3e2462d5b55e22f066ee3a39cefb9df02d50c4c43e968c7cee14693bf94d9f12316adaaf117833770693bf94ee9122b15ab6abc44d8cde11a4efe53a9c48b32d8547bcfa433734739df740005a9
28503e295e3a3d3183b7c5dc70d0a52e499b3872af1c911ba3b702cb8fde08431da46d935e9246e8edc091e3f839266ce1d2fc7220b3d13200b7196310a07c52c0947a51237476e048f1fc1c933670e97e391237476e05971fbc3724cd9c37478e508dd1db8165c7ef1f6d07589196edc167a264016e32c6
088ae73bee6187f02b693d3c5cd4f11cafeecc71e78521d66c7a835ac99c3b2977f0dd9bb590759b1ea0d6b26732bfbb31cbbe1473146f9418664c871115ce77dcc30fe23acd8f504a5934395fdd98e3cf0a43acd8f506b593380e57f76638f3c290eb363d41ad64ce0d5dcdac1da4d35228df28310e990d
0dfe78b5742053a27184ed3e280f7e19aba17aa597c3a299615352022cf219ba318857765962a65854d45f8b3d26ae85ea9a7f0e739460502c3dd54c1bfcf16ae840a743532c2a6a0ec59f335742f54b2f874132c2a6a44659e30cd5d0bd52cbe1d14cb0a9a9011679203cde404120138328c0a058bdaa97
10af32c1926282130126226e72ecbe293c4f8eb023c7e20da204c9679efa0d8ee7bd6998a6f38b7015186437d01f569b0334fba7f14737a0479952333ce9ff8b1f8d0862024c44dd27d97b3e9b177673ab2e40ab897a026d7c7200f008127f93f5130ebeac4333a2d62af24d5f47b8b99335edf89c4ea021
126a64368a87eb011b33612a3bd8692736c4bf82f725637a14c5c7c27abb3d766edd35a66f72c9f10e23b58c173ca8339c503bfe52075c6914333839149b2f8468c0ae823666c25477b0d20f6b3ebade28b5c264c1f75293b911335a567050b52c731e1e25ac5b5a52251057644072ea204ff4ead7cdba31
3b4d9e8eafab9a62440909b34c8e941a964d95bdca0c21777a9745135a6f2e7f1df1d2af30b31164126e3b151538111708127c89401b5c90e270c2d239fa25a8d6e478e088121366db1d2720b17b0886d81fd372948f4428fbdb23ec6228897b1ee220a392759b47a935975b700852d37211af6bfbf6a20b
318f8aca8060e14178c41d79d5faae094d00a616d800d037cc4271601ff70240ae82e413a00251f2da3599b69033f1effe06109ef39954b583e8e8490b167767d24c86f2f1883af3abf55c3f36ca268fe34fd128d159aa4e946124955bbfd074ec73780d2020c830393bd02048d0c6abb10473983dd86050
1a1e3a97864fd1d2835f50e99bf6fa00fca82b31603320e568f77d43aacc0b05701a0e9035c00c3d5806f3011d2ab570d8537cd730338c0b4a730d22331f3ae71f23f04106bea1d379edf30add450d3939be5069a4f346c5cb860f1cb9ef4563add0c29369602e1a5b30a3e764def159034594831f7327e2
2efc12b23e924f81b30bc82a7be82c2027564b94f57a508e8d1c7162a2dc1abc37d52e6495625d4cbc5cb5d4d42866360e7d8e36b354ce170b75fcb833bf154e3e6849a366179054f7d0580a4a8a4b5f939333f186b13c4dc91d156470f05cbb7e328e6633ef441c2f1d8e5ee451c86b216e4797f82daae1
2ffac31d7510308355f66509af5fb637eab3b50d0c93b01e962fd1601a82081b0877d0c69991d10208c9f2f9f90a5cf0a4b7263fd10343943c4852551d93df056de9e202abecca13a0bf6b3956f49cfcd2165174881acb1ea7072a63d857fd6a8bd302316895898b1e07c696dc7d79aa0204c817ac54e015
209aafa84ad6c623027de6cadb78d10d02f159d0c0cac1b6d712f81a64bc3cf82e0d6322b651acd411b1f1b8cc0425ab0d8da9fc9272a0e5aa5ff23f38450566d80b2e7204fbcd95f8f1a13862acc940d15113855cdc6c03c0980182e364f57d1ec12777f31301f9d63bdd32db68479fb2ae5dbd8e63f852
208800000c63c7107ffffef8c07bfe087ffffef83c7c03ffffef8409bfff021fffffd6cf1ea1fffffbe301eff821fffffbe0f1f003ffffbe10ed0029010ffffffbe78f10fffffdf180f7fc10fffffdf078f803ffffdf0855800d043fffff8c9e3dc3fffff7c1e3e00003fffff7c603dff3ffff7c200c0069
000000000000000000000000000000000000000000000000000000000000000000000000000000000000000000000000000000000000000000000000000000000000000000000000000000000000000000000000000000000000000000000000000000000000000000000000000000000000000000000000
1e0c8dfa105da272bab2dd92b2f85726bab2dd9060f863ab2dd92dc385661aff224a784d95f2eacb764b4fe15a1aeacb7649c3e162acb764b7d415952d7f91253a16cb017565bb25a7f0ad0d7565bb24e1f0b3565bb25bc90acb35fe4494f09b2be1d596ec96e1c2b335d596ec9387c2c1596ec96fea2b29
01f37205cb8a9da1454d206d8f03aa19454d206c0303b054d206da3a3a9b2500ddb4fb736941153481b67e0ea725153481b42c0eb153481b68e8ea6c12806eda7db9b4a28a9a40db1e0754328a9a40d8060760a9a40db47475360a01bb69fb06d2722a69036cfc1d4e0a2a69036c781d52a69036d1d1d4d8
3d0e543ae6e70dc0a1f23fcf522f9820a1f23fcd422fa21f23fcf5a6f97e343950eba7fc36d287c8ff3d48be600287c8ff3d48be607c8ff3d71fe5f63a1ca875d1ee1b7143e47f9ea45f300143e47f9ea45f303e47f9eb8ff2fb1050f91fe6a117d10f91fe7ad37cbf050f91fe7a917cc0f91fe7ae3fcbec
3882cfc326003a91eca108cd9d94f52deca108cac79502ca108cdba74f49220b3f0ca460ea13b2842336b853d337b28423335e53e32842336f213d2231059f8650207513d942119b3b29ea1bd9421199af29f1942119b7909e9116f650846563ca836508466db2a7a52f6508466adca7b2508466de847a43
0b07b1b3a7e2bae0be6ca9888a58c820be6ca9867a58d3e6ca9889298c7e2c1ec6ce9f8aeb82f9b2a62229632002f9b2a6222963239b2a62256c31f5160f63674fc575c17cd9531114b190017cd9531114b193cd9531129518fb305f3654c12d2c71f3654c4494c63f05f3654c4452c6433654c44b1a63e9
3f64af4dfac57e908b5009db3bfaac108b5009da33fab0b5009db443aabe3d92bd37f775fa122d40276cefeab0022d40276cefeab2d40276d10eaaf83ec95e9bf9aafd1116a013b677f5582116a013b467f5616a013b6887557c2845a804eb09fd605a804eda21d55f045a804ed9dfd561a804eda25f55ef
0963e9ebac1fae835b8c940ba62fc4335b8c94088e2fd1b8c940bdbcfc333cd6e324ff0b8c016e32502f5ebf0d0d6e32502e98bf12e32502f735f0cb3eea4c306782fb92b71928178e5f8726b71928153c5f937192817b79f86639adc64a023717f2dc64a05ebd7e1a1adc64a05d317e228579960c721411
0e503bccf9bd82c067854a037b0a313c678549ff9d0a427854a037f2a30f0f19e1527fe742919e15280dec28c4319e15280ad428d1e15280e04e8c3a1d9e2cd5c7957090cf0a9406f6146238cf0a94035a1470f0a9407027461d1e33c2a4ffce85233c2a501bd85188233c2a5019c85190935321b4543f58
065a46fa26dc79a3584b212f609dfd0f584b212e9a9e0184b212f963dfc303d612c84ba6a781612c84be4877f13d612c84ba6a780212c84be5d17f0b38396dd154dcfae2b096425f033bf91eb096425d353c03096425f2c7bf8607ac2590974d4f02c259097c90efe23ac2590978f4eff1da6cf4757d5cd3
2a087834863816e35a4aa78f75c02b175a4aa78e2bc031a4aa78fab602a315d692a9e282f011692a9e3e9d00a91d692a9e3ccf00b292a9e3eb1a0a8b00adb94376e37bd2b4954f1f2d80552eb4954f1c5780634954f1f56c05462bad2553c505e022d2553c7d3a01523ad2553c799e01618c7c565403070a
05cc6414ed0cf073f67034c6334ce23bf67034c2974cf367034c6712ce111efd9c0d2f9dd343d9c0d3199333852fd9c0d316bd33919c0d319d113841147cbce0b09338f3ece0698ca899c337ece069894e99d2ce0698ce679c213dfb381a5f3ba683b381a6336867091fb381a6319a6712d0f1d4bc117e8f
349f73eb378f96e2465979e45301e336465979e0f901f065979e47821e271d91965e773640811965e791d0078a191965e790440791965e791e08789c333ac58aa4c7cc508cb2f3c8e803c52c8cb2f3c61203d0cb2f3c8f043c4e3b232cbcee6c810232cbcf23a00f143232cbcf20880f2177e09591f4927c
1ea335fc7dd8bd60cca10871b25f513ccca1086dd45f60ca10871bebf50d2f332842196517e3328421c6c97d4433328421c3b17d5328421c6fafd43406c7f92bde6a69b1994210e364bea239994210dfc8beb194210e37d7ea1a1e66508436ea2fb26508438dd4fa87266508438b82fa917fd618eba88184
1edcb6c286d9f4a2ab880a1a9569d23aab880a16f969e2b880a1abea9d162eaae20283ae5a82ae20286ad9a7462aae20286845a752e20286b02e74561c16379ab123a4c1571014356cd3a3355710143212d3b171014358173a2b1d55c4050b7cb4f15c4050d5f54e8b155c4050d4ab4e9104d57d4256b631
3fffe0881cdfee93fe088001ccf8313ffe08801cdef713e0880001bd83b93fff82201cdfbd13f8220001c9e0e93ff822001cdbe013822000018c0f113fffc1101cdfde13fc110001cbf0713ffc11001cddef93c1100001ad07813fff04401cdf7b13f0440001c5c1d93ff044001cd7c113044000014a1e31
000000000000000000000000000000000000000000000000000000000000000000000000000000000000000000000000000000000000000000000000000000000000000000000000000000000000000000000000000000000000000000000000000000000000000000000000000000000000000000000000
3445789a34ae7772f114726833f00c12f11472672bf0125e0c8df9eb3da31115e268df19dd919783237e6a4f690bc451c9a0cfc031783237e830f68a288af1346d7ceed2cbc191bf1427b525e228e4ce57e020bc191bf4187b45222bc4d1be33bb232f0646fcd49ed21788a393419f8062f0646fd061ed14
0bba6765c73168a10ceb8d978810752d0ceb8d94b2108181f37205b2ca9e2ee99d971cc5a282607cdc814bb2a83433ae365b0841e207cdc8170d2a771774cecb8e62d141303e6e40a5d9541a19d71b2d8420f303e6e40b65953c1dd33b2e3dab44f0c0f9b902d9654f28675c6cba3083b00f9b902e5c54ed
36487a6feef5699200e2bb9c686d212d7c5d2c6449bd008d193a53279d0d37619b0d51c09af323464e9498674435f174b19966f3e10589e668ed52b22c90f4dfe20ad31191a3274a4c33a21af8ba58ccb379f11a3274a64f3a1a16be2e963224de82468c9d2972ce870404921aa8853d620b13ccd1daa564
092976ca3350f9b31741d30da299223bdd2545a31ae51254448a177417a80ba80027b9ae50b095112285dd05ea2f74951698cb941196547e539b388a1252ed9466a1f3604a889142ee82f537ba4a8b4a55ca10a889142f2a2f4f3dee92a2cf7d72912a22450bba0bd40c0957c21d3531a32ca8fca7367114
01c440156bad1453c0f6d509dd9b0d30457c643e604b432f45f75f032b4e200edb56d2c9e712cbd17dd79fcad40115f19105e12cd077d587878bd34d0388802ad75a28a165e8beebcfe56a208af8c880e096725e8beebe48569b1822be321f3025a197a2fbaf8195a72a0a3a6a89ab0430efab0f0f17a69a
03c98eadeaac48a322e4749c555fa7365d010201f713d1af59c9359d2f7f30e6896a2d862d716bd6724d56cbe019740408143c4f13ec4227ba67df8107931d5bd5589140b5eb3926ab65f02cba0204080e27935eb3926b3a5efe3b2e8080feeb89f2d7ace49aad97c005c7da7b349a94c3d8844f7511bf01
0bb1946a085122e32740a9c834f9d219626a160aedd4f06f4a7a65ca703939986e5f3d332a4023da327fae6c1f1fef05209c03dc42cdd976b8a0973132eec2dc0b6a4a024e815390abf3a31ee74c85293f48616eda653af11ef1190315562ae8fba03f92e711860b752c23219a15c922324331a57e9f2a1c
07f1fc65b14d9be194b6538bc2e6933fb047b1e2f233931243ebe0b75d591394cf99d0bd32f0affcd7aa13c4be1e8e3f65d86836f06819017806c2b13faa5fe2b22c1053296ca71785cd26005e449fa23ed211952043847d7e4d1f9717e982c2b382ea35b8b8d5cba128dc6ef74cab5b71116e1b9f32cf22
27a4f61641903853b98182bd386de3200bc60ec773eb70cf0227e55d4f591fdc7c101621a880e745f6966e924f0de6f8ec3d440671797ad36356967b12a8d4b7faadb4c37303057ab2dbc52b9c6bfa9a2bde7221a3b084bce5af06a71e6510600e81cc675ac5c0421e21431f3859c1cde0cdebf0fe04495c
117a68bfa7c1ffc026a36fcee7e32e07fadff86be9e95315c167c0f2a7fd01ec265779581a21097023899f58912ea96d475a5840f311294ac2f9085e0aec33521ceec4004d46df9dcfc65c3c9288cb3a0720d2e4bba449b5a46c23ec4b68fafde0b0e707b2c8d3743b313f1adb7955efb3f41cc2bbb6a07b
1cc78db57c20ae11189130497fbaef2b91da0a8e6df7223886ed79f3ea2215aabc91e5d3a6c26104d585fe10f3150a3855d413e7018003e33d760a793871e1230ac5a8c231226092ff75de2007a8cbf77546430fe0df40264a32246752def3ea8fd16c22645e863a06054d765fe01f78a1de843305bb228f
2b7150a4cb021c4106eaf0eddcb43a277b357457d24661cc7fa8a6a963bf0c912f9f6023c863acc95f69f7050d05b5b2b18d2166e04c9847e11500422ca991335747e3220dd5e1dbb9687418f2489ce54d2b526d6bc9a71d4ae2390e6084bc19e4412d5f7a0a087ca0182d582a6ccecb935ddbf9a2e7b1f7
3bfdc2cadd3b4ed385f13b98c14486381aae8b9c1e78831e4398c27e67823827072d717312d290ed63063a8d390b1cdbfef36dd31101f938018786523599de603e401ea30be27731c4890b39b6ea4a1af5dff373e2ecad9d41060a7bd5c347037e3082081d0e5ab19d09466d90f608d08202335f36d3480f
18acef37bd3770a02676dde8e820f00e26ea50ee8b72e3f66684d5cce6b81d412c4b2ca560523cb7ee295e594b08b58eea04d49d1370dead21adfa2d28698485bccc83704cedbbd1d041e03aaa9eb77c66a150047bc027ecc48e0214dfe0846272d2473fac01db3ad404fcfa945abce0a0aad94c7d42082d
07f800000187ff037ffffe0a4dfff13f7ffffe2d9ffef3ffffe08949ffdb1fdfffffa31fff01fffff823cdfff13dfffff83edfff13ffff8221cdffa90fefffffe20fff02fffffc12cdfff13efffffc1d5fff53ffffc110c5ffcd3fbfffff253fff03fffff0458bffea3bfffff060dfff13ffff0441cdff69
00800000000000000000000083fffe08000000000000000000000000000002000000000000000000000000000020000000000000000000000000000001000000000000000000000107fffc10000000000000000000000000000004000000000000000000000000000000000000041ffff000000000000000
0a4dc1307d2660a39a3cbb877eaa891f9a3cbb85b0aa909e542afcd83972293704c1f499828227950abf150e5d3e68f2ee1ae2aa31d115e268c239de149b8260fa4cc1438896dbd69eaafe3f3479770b615520e88af134611cef126e0983ed5304f04f2a157e6c1cb93cd1e5dc39e55453a22bc4d18473bc
14a23ecf5eb99f7365c34276f5557d0f65c342762f558361abb501ddc6731288fb3d7f067db1d86aed4066f19d3d970d09d8bd56022ee99d96fbc5a329447d9ebd733ee277692028dd55041ecb8684ec5eab031774cecb5ce2d22511f67afe0cfb63b0d5da80cde33a3b2e1a13b59aabf05dd33b2e398b45
34eeb5d58bfd86b0be8c77e5c06f013f2eaec7d06715b1cf465570e9cb0013bad7563c561a91fad2d025f346ed3cbabb1f4dfc56933d1955c3e92bff29dd6bab1c1b0d52fd696812d8a3773e5d5d8fa4ee2b539e8caae1d396003f975763e6238ae3f5a5a04be68dda3975763ea018ad127a32ab881457fd
1717c40f4e82ecf1d8a109f3b632800bbc9c1ecbcae1d0aae9c57c9d66051c5f103d3e2bb3b28eb1dd6354afda2ef2707b2f2b8742aba715f27598142e2f881e9d05d9e14758eeb1aa57ed1779383d9795c3a155d38af93acc0a25de4e0f63d570f11d63bac6eb5fb31de4e0f662770e71574e2be52d3027
2d9ec80fa31106338d2aa0388666a829a92f8b5e61b7626003f162bf980a367b203e948418a334099053ee0fac26a4be2d81c6dd61800fc58b8260261b3d901f4a420c519a04c829f707d613525f16c0e36eb0c007e2c5c1301314d497c5af30dbb2681320a81e1f570d497c5b07adbab3001f8b1704c04c
0838430b3e4c0b43b3f7d9ed1547da2943d589fd04a140aacbb3acba36b320e10c2cf9302d03a3b1b220e13982250f5627fc5284e2ab2eceb2e8dacc107086167c981681d1d8d910709cc11287ab13fe29427155976759746d6614a1eac4fe8250a3476364420473030a1eac4ffcc509b1565d9d6613b597
01cbe3bb811c56518d26f627db03d11a07eacb37628bb273cba266268ad43286c9c1ae5f1f22349bd89fae0f431832e76870241f51cf2e89991e2b4e03fa4fa479c15d931a4dec4fb607a221e1638e7f8d7730e79744cc8f15a7373c058b5015de6139e5d13313456a36a147d6f33cb7105d8ca350428917
20cc696a974a50d216f7d182978c3d0ff9aacc34fade62eddc38671128c02e51f70f4f8007305bdf460ae230f22934dca1e950b7b3b770e19cc8a2fe165170b8290da2f02defa3057118790b83354cfd0c8bc1dbb870ce64517f31140e6a10093f5176ee1c3388946019cef7900c5832003f8fe32d8a6cdf
3781f0194c339f524e2b84d8385c083e8b37d4ed295ee1b1096a80f1a4613933b3d6dc0f50b138ae136165701e207076da50795f02c425aa04089183069c7fc2e745d8409c5709b0b2b80f3c83fa02e01826b36212d501e348c232f9dd54ba993852d884b54057d23126259d9105c769233d27b0b1eb81c3
29edda420ec904e281adc9d99f7a6535fbb9e735b9c8b3849556efbc63c209ef4a7947f88f1206b7276701e99209b0579acd6f962212555bbfb78f053b034ffea4ab96e1035b93b380f4c9048ef0f9e78a7f93092aaddfbac7833b4717c717fa2fe1c24aab77de31e13456a9224a191eb08bd345fd3e0ffe
296a28dc2ce6bd131d36558d67bdc721c3d3cbeef2b3d269ac9f85191eed33d50c2e7956352074d9563664f719349fac1dc2b0efb1a6b27e14e87bb20ef653a7e1dad4523a6cab1b117b8d0a41f75856fd0d60d3593f0a743dd920efc89c81d4c46334d64fc26b8f7728f79162f59958b2e63c6dabc00571
2bb24ac620f6b5b1a305df93493f1e2f86a3233a7180a1620cdc39fe0df40a25362225fb0c428c177e4d66fc773728c1f24f80b2c1883370e83a37cf06276d8c43be5f43460bbf26927e3c3ef188d9602c2c52c419b873fc1be8346629b160aced70b1066e1cff06fa29bb071c5dbe26115b8a85265810e2
21a30fc90cdfd85051472a705b7252244dea9bf5c0dc13961386c926c02c06eb7b0fbde34261451ca9c16dc9480897ac12e10f9d92584e1b256100ad1935d004ab64f910a28e54e0b6e4a43dba28976f9c54c32c270d928f805718b8a2bff7abe821cb09c364936016291be6c57d970cb3dfee1656c8da77
017b0eb9a9a21342a51ef2120dc4b93009b1893904f8c0b092e13b7dfdc008292a18706f1cf2947bc848bb12e230c1bcfd750b5de2c24b84edf7f7002e4631f5e366b7b14a3de4245d897112f0082e7c92fd416125c276fbfb801d75af14da752e105849709dbefee03a99cde0cc50d780c56779bde9bb85
000007f8083fdfe0007f80020e087000007f8020fe078007f80001f087f000001fe020ff818001fe00020821f00001fe0020f821001fe00001921ff000000ff0107fc0c000ff00020c10f00000ff0020fc10000ff00001d10ff000003fc020ff038003fc00020043f00003fc0020f043003fc00001143ff0
000000800000000000080000000000000008000000000000800000000000000002000000000000200000000000000020000000000002000000000000000001000000000000100000000000000010000000000001000000000000000004000000000000400000000000000040000000000004000000000000
267d8a4dbeb56673d8a4dc12c8666727d8a4dc107666718a4dc13064666119f62937031599a36293704be799991f6293704a1999a2293704c1d399830cfb149b818accd3b149b825d2cccd0fb149b8250cccd3149b8260c8ccc233ec526e062b3342c526e0981133313ec526e094333340526e0983e93305
198254a23d2a79a0254a23ecf3999a18254a23eb6799a254a23ecf3999a026095288f8c9e67095288fb3ce66682095288fb1be66715288fb3d6a667e3304a9447a54f3404a9447d9e73334304a9447d6cf3340a9447d9eb5333f0c12a511f5b3ccd12a511f679cccd0012a511f679cccd2a511f67ad4ccfc
278e10ffd4b1cfc05b6ec9fb89923438e10ffd703cfb735af2525588e4721e3843ff5b073ee16dbb27ee2648d03671f024086605b26b2858c7f806dc0f1c21ffad839f70b6dd93f713246831c21ffae499f6d135942c63fc036e3c7087feb60e7dc1ad79292ac47239050588ff86836103a775aeac3eec36
276837cff28795f041545cfc78d96736837cff4d995e73197ae6b57e81271da0df3fd25e57a1055173f1e3659c15b9ce9dee57dad139bde542861ebe0ed06f9fe92f2bd082a8b9f8f1b2ce2d06f9fe9f52bcd09cdef2a1430f5f3b41be7fa4bcaf438cbd735a9e40941893cad0c42dbf32b8be207a531768
2fec3a90a61b3783a5a248945ad2ac3ec3a90a8f137750b61ed6aa8b69873fb0ea42a0acdde296892252314aad3f62c9899d1b7b91d91c4b391f310d1fd8752150566ef34b449128f7a5573d8752152246ee92ec8e259c6e98873f61d4854579bbb25b0f6b5524b4c426a3ea5bc05fa1936cf6407cf78832
055dbe7d0f6b22f3c1b868c35cc19215dbe7d0fad22ef117517549a92e621576f9f43dac8bc306e1a30e3906450481ef15b456a35389738abade9f6b0abb7cfa1ed645e38370d186fb83232bb7cfa1f5a45de3c4b9c55d4e4fb62aedf3e87b5917808ba8baa4d497311be3b09670af3d5041c21859f2605a
3f4b96ca6ee832a3e44a2c7aac6958042fba0d28f8b743bec62a590651fc3d2e5b29c800ca50ce4898acf65b0b3db884eae020a22289e2ed5f8917393e972d94e1f06531a3e7cec6f205443f5b1d13580d86a3756ad6c477d72e2e69bd51b7de6cd2bf7851d8e03019320b6dafa9849e62519e552e1df489
0fd2cefded397f022739987110373d239943bf4ebfdfc0776950dbd7e7523f4b3bf7b4e5fc022bca379c790431342f892bd6436ce2c64f930975b2061fa59dfbda72fe03aff7f0929bd754102900c274d385b2790eab1c5e10c9318b95f0369989a19e9673f0029b712d70891e7715e0c17cc3d255ebbd5a
353e0240d6ca9d51759aac6cd5ad5b300221bd11d1caf2b325bdcc74223414f80903678a7513c587d2a4f7a16b02f7d202ad0afdd362ea89e1cdca4a2a7c0481b1b53a925af37f6b27e27117ca4d6e879f26016426e9320d61e70ea24c3c358efe439436ffba16ec450f23e885d6abc9a00d8715f36b5419
1f39364a69509eb15b8aea0c72dce826d09bfd7219d3f3b6b9fc0731151a3ce4d929a9627ab298fba5e5d3f41f1896757fd398b9b137a481b0363d3e3e726c94d2a13d63483589b9923430020daaae6f6e60a2419b63c438ed4c3357296b7e15d603a87f79146a79593ae656ad65adbd83a57c75ba07459a
14bb86b8eca3d4f3337bf017279f8f3b60b1ab437464a12667e486b86bde12ee1ae3b6af53b1802b67c1a8ea2c0fac886f64fa35e1e9a9e458831a7329770d71d947a9e39f2de0883fed010cd43311cb416a42f6e8825fb8efdd2c4ebeaf4e6dc69294b1d37c0259fb1624cc5e4d5e9da345147d439e9f65
19a2f3ed97c0d14216f05f1cfc495a06293ed9b7f76903d557e063be1fca268bcfb6632344f1f54766c1b3e5ab353377a4d013df7301fdf4958f2b953345e7db2f81a28044b52f84b94df21f0bb62dd3469bc17e7c7bfd96b21a286565376c2c7591ec4aa454f538a420ad839be5cb7491643e0de847cd3f
2acf6ca30abb22406757e3fab0bbf92a2f9134664e7bd281fa65ad84bc912b3db28c332c88e05fb482cecc811123760356f23bf343338f0fcc0e1555159ed946199644724b682b37d70fbe00e966b64ad5d7606422225cef104d23864717aa0b7fe16d83cfa55758581051a2d403748c21cf054c6a749bb9
0ea2f6a56589ca53d9569c06d030750c1286ea17e981405e794a053b49d63a8bda959627294071531041f1baff23d2b7a6072e3203e71231e30ede8b1d45ed4acb1394a3a934517133c27016aa226c72e390828ac263b9531beb010aae2d19117a01b4dbcec37ce5410293f8854c0d5cc1e857c26c6ac15c
07fc800028f7ff03c80000814dfff13fc80000a49ffef0800007f9cdffd91ff2000040dfff03200001ffcdfff13f2000021adfff1200001fe317ff740ff9000030efff0390000100cdfff13f9000010b5fff5100000ff18bffba3fe4000060bfff02400003fdcdffe93e40000418dfff1000003fc251fef7
00800000008000000000000883fffe08000000080000000000008000000002000000020000000000002000000020000000200000000000020000000001000000010000000000001107fffc10000000100000000000010000000004000000040000000000004000000000000000441ffff000000400000000
2e91b3688c8388b3d9603ca2b32af823d9603ca0a32b00908c3cb06240613a46cda23a4e22a324230f2be710190f6580f28accabe199f62936ea559a1d2366d11d27115006ddde0d49abdb07b2c079456655f0ccfb149b752acd348d9b4478bc453248461e581020311ecb01e5159957c333ec526dd4ab34
305e4c974a2c7773269fc14ac0d50e0b269fc14a3cd5136f73a23e53bf840179325d3511dd90dbdce88f94efe12c9a7f0528f3544266095288d3a9e720bc992e9878eed1f9221dd0745426164d3f829479aa233304a94448d4f402f264ba6a23bb21b7b9d11f29dfc21934fe0a5606a870cc12a511e953cd
19ae0e1d494e0110b410f39eae156e0b2433438caebc11278e10ffc431d026b8387529580431d0e4bf09a9e0a12c90cd0e32baf0409e3843ff52c73f335c1c3a929c0222e8725f84b3f05116486687195d78224f1c21ff8863a0259219a1c4475e13a1c97e1353c14219219a1c6995e0713c7087fea58e7e
10d3808dc13d9ff19468f118ef629927786405ef3611f0676837cfee6796034e023709167fb17dd179f839703e1de19017c51847a19da0df3fb99e5821a7011b827b3fe0bee8bcfc1cb81f0ef0c80be28c23d0ced06f9fdccf2c33bc3202f58b0902fba2f3f072e07c3bc3202f8a308f433b41be7f733cb0
20e697f7ed10a7b00a2924cb9c7eda1e262e0ff1fbcf922fec3a90851b38039a5fdfbc829ea12803a29f8070773898b83fcc0f3e30bfb0ea42986cde01cd2fefde414f529401d14f9f383c3c4c5c1fe3f79f205fd875214c366f2f131707f6ede7d25007453f00e0ee3131707f9c3e7c517f61d48530d9bc
3677dd9d46213c63ada0fa9a1a59210d3d7eaaabd7b280455dbe7d0b4b2319df767524e4f1538a5634d4f57e9e34f5faaaaf5eca011576f9f42d2c8c2cefbb3a906278b1c52b1a6a7abf4f1a7afd5557af65008abb7cfa169646069ebf5555ebd94314ac69aa2cfd3b29ebf55562dd93f22aedf3e85a5918
1e0271f3f37d0090f60a7d6b07a7601d70ce527a4d2f41bf4b96ca562833236102a38021c803d829f5ac1e9d8025d675857bcead92fd2e5b299aa0cb3c676c155e82b211ec14fad60f4ec028b32a9d0562be537e972d94ac506618f0774ef39b3022dfa5cb650a141a11e864110eb1d381fa5cb653774195
3610881f6cf95bb258e31ef37239e8243b9619a48b8c100fd2cefded397f036271e2ae7c3291638c7bce4ce79e3a3c89d7abb36e603f4b3bf7b4e5fc00d9ae21d88bb8a0b1c63de72673cf34070be7dc2de7201fa59dfbda72fe1b350410c9e1962207e9677ed59cc03bde51fb911d9f607e9677ef69cbf8
3f40d0f01d69ece23c38f1f39b34e93a79454208ce37c2f53e0240a96a9e182f3732250886e0f0e3c7cef0d3a21028ac8ebf0cc283d4f8090329aa76161a417089b273607871e3e77869d1346014dd1761d871ea7c048194d53b30f0e40b486ba4c17a9f012054b54f059608f9e2ee3023a9f012069554eb
0a9e885762cee8a18c8f1ef9c3b6e201069b3c593805215f39364a54b09f0cb202ce8fd01e32323c7be750db8735dbdcef4ae888217ce4d92994c27b3c64ac2948975e73191e3df3876dc41aa4b3a42646f892be726c94a9613e00cc8871abc94e12af9c9b250958500cadb3cb4d4b0292f9c9b2532984f6
01814079a4040af08eb02cd63e9c6623354da33787927054bb86b8e883d514316aa44d8b6cc23ac0b358fa71983a65937ae5046a3152ee1ae3a20f543f2482e2c7d570311d6059ac7d38cc0d24eb06e826caa0a9770d71d107aa21a88588261f33b22a5dc35c5341eb3483601d3a404db2a5dc35c7441ea8
3f6a65b9fd6c7e2124b51d6f03c5cf2b085261166e075319a2f3ed6640d21905a1f19bf22df092d475bc51173b252f7ee9bf72cd80668bcfb65f03452d97a373fca9f022496a3ade078b9e35f4e755182539b23345e7db0e81a31227015050bb30c18cd179f6b3206905c8810b3da25b90cd179f6cbe068a
1d63a7c6b28648005ac704c6606d6320576a764c07d7232acf6ca2d93b2335eddb06505d01316b1c131981b58c38bdab7c360b89e0ab3db28c2aec8910b6fffff6b1d870b58e098cc0dac635cd284c1c2a4ae2559ed945f4764536bd62ad20bf65b39567b6514b9d920967e5982fcee531567b651855d912
3f7dea113b3ca6e2d2d46b6ba6fdc11037670294ae31c2cea2f6a53829cb00349776c7596b334b51adaf1ff702317892e2db7042033a8bda9564a72a2a4be8a50edbded1a5a8d6d78ffb81134b73212fc56f519d45ed4ab253950d8c89d18849ca9367517b527b14e63c0779ab991a9fc27517b52b0b4e53
200007fcb9c006a0007fc802107f7000007fc821007e8007fc800217f7f000001ff229401ee001ff200211fdf00001ff202101fd001ff200022fdff000000ff935a00eb000ff900210fef00000ff902100fe000ff900021feff000003fe410803f4003fe400213fbf00003fe402103fb003fe400024fbff0
000000800000008000080000000800000008000000080000800000008000000002000000020000200000002000000020000000200002000000020000000001000000010000100000001000000010000000100001000000010000000004000000040000400000004000000040000000400004000000040000
03b09feb901e5921d6e91b366a9e391dd6e91b349c9e416e91b36877e3890ec27fae407964835ba46cd9ec78e3375ba46cd69278f1ba46cda2218e2307613fd7203cb243add2366cd53c723badd23669393c82dd2366d0efc7120eeb748d9a4e4f22b748d9b41af1c52eb748d9b144f1d3748d9b44431c46
3c4f3f046bc185f22705e4c95150c8222705e4c74150d2705e4c97250c78313cfc11bb6617909c179325c9431e089c179325454321c179325d1831de389e7e08dba30bd04e0bc992e4a18f044e0bc992a2a190e0bc992e8c18ef311382f26190a871382f264b92863c11382f264a8a864382f264ba3063bc
26b97f1702348181c1babf7fee333c1a475bf2f6b19c71bfb1aa9d5ef4ec1691d6fcbca4672306eafdfffaccef3c0b1ffa19f889d3fe25b9e6cc48c60d72fe2e088902f383757effdc6678348eb7e5ed6338e1ff12dcf36624632d23adf97948ce40dfd8d54eaf7a761037e8aba9a86942cd7070ea297009
17e0c58020f3a8a380f018c42a651309c318bb1862ea131336a333f13bda3270c62ec300ba9203c063116f944922b83d8d0d1e098120acd73c51098a2fc18b0041e7514301e0318896ca251386317630c5d42090566b9e2884c524e18c5d8a217511899b5199f89ded3290a8af01ba1c92869c046de8ed00
162199e406bfaa9344d6c592e5a2a61662dd8790324742a966a692b469290598b761e40c91d1135b164c5c8a951ddf9b7d9956bb71a63b8ada472f932c4333c80d7f552289ad8b260d454b2cc5bb0f20648e82d31dc56d0297ca0b316ec3c81923a354b35349393495239d8e43b4b621630734bfbf47853e
2f846364d2186d737c9c626c81e2e50996cbcaa4bd5040c5910fdbb943930265b2f2a92f5411f27189b2cd8b91136d7efc57e328a24271f5031ef42f1f08c6c9a850dad2f938c4d945c5c9132d9795497aa0832138fa816e7a1804cb65e5525ea82262c887edbba1ca39bad063b7c847f1b3beecea3109e3
2dfd1cca3a14ece1560d955e5dd7622f7340a10d4057c2dafcb8918932a60bdcd028435015f295563c3af61336137f928e70f65a42fabd26415299e225ee68141f980b00876ea08e12e1593611a9925bdd3e51add7f3357d988217b9a05086a02be24d9398f521a06e1d9988f6c7100eb33352c6f1b0f9db
0e2ceffc405bc493708dda5c486e2e3bc00a54ee99fd910cad6f90a5565d3ef00295388e7f73511b3f499bdff42954da33842c48a11b600ddced6e313f78014a9a373fc242a074694e45353469612a514fbe13a396e885f8eedf3de0052a753cfed3e938834a4852f717bb2b2dd2e7984226e4c7fc9935b1
1dc629faaad95c4212169a7a38b2c024ac7c1a2565fb507ae49ea36a7881392b1f0686417ee237778adac5b6fe3569c1badf7f137281e60d3d2323801c958f834320bf7393eb5b85eded3b11561c3b1c65a280f3a4aadfb80e8232563e0d10a2fdb078167025b3176b3407c7f63fb3f4d24b7e1ca9d40686
115886e42d4ff2b06995f4edd795462fdfbcce2dfbe900976aaa1cb69afd0bf7ef338b7efa42d127d16b24d59834cea1ab571b9b30ba673a058654cd05fbf799c5bf7d21644b9f7c5ba4ec3a562c427096b9a002fcbfef01f91317efde6716fdf48018d7d01f4e3c4a3356af0470d38072ab01e664a774b8
21f627e58564d373b8fd6190f64d64050b2fcd2ed079417e7efc2427492c0142cbf34bb41e5396312da8e3a18001c28e354d3ced334a0642ce3e8fab20a165f9a3ca0f30aa30c37c1f48aa2f7facf451420ae3a716b19a96aa79028597e697683ca2c0bd5f4ab9c8a23a50d7ea19c40c5205cd3a2f5789d4
24a22eac2c5fafb3fc2be0cc1adeb701d90e53902ac3b2290ffb57b7759210764394e302b0f18a356d7eb23b1d2cc865ab8d9634e050de60653282b6283b21ca6f7158800f2c32e33878ab3bb4f8a056fbdb8225ecb1e5475dab20ec8729c60561e11626b1cef1e3880fd75fa960d01f7001fee5874c7b82
25b8e2ceee3dbc407b13ed7a89cc60029d225e2c7e0fb3bdbafdab15c30110a748978a1783f0aea4a8ce30c2ad33c4f37cf09834e022916fc2d62f132853a44bc2fbc20272e03e3789308c0850f83bf1405c62dba35258111d2d214e912f142f07e20b641ba41fdb9030ef8320002d0f63ad0a0c5780cf37
13cc84b9884a3c82f536c9bc583e1e2d26d79b56923e521c7c255cb4246a3b49b5e6d28c8fa0e0d3c717cff1a41042385cde5668a2df1d9f417648d91da4daf3694647d1e0f4acdc43ddc2032286e67c47edb206c81a6886d11236936bcda9391f3293dd3c6f39528b1b72f9f2f63dca13d86e9d28f795f9
3ffba0003d9c7eb3ba00008195fff13fba00009ca7ff13a00007fe0bfffa3fee80003cd1ff12e8000200edfff13ee800021bffff1280001ff2c600153ff740003d58fed3740001015dfff13f7400011c6fff1340000ffa4a00033fdd00005cc3ff11d00004000dfff93dd000041b1fff1100003fe5ce0031
3fbffffffc60001000000007be00013c00000003e00010000000800000003efffffffde000100000002107fffc300000001be00010000002000000003f7ffffffce000100000000f7c0002380000000be00010000001000000003dffffffffe0001000000040000000200000003be0001000000400000000
280cca2bec347f437c2d2bd7089b8d00cca2beec87f3617b84e37efdeae4203328afb911fce05ee138dfbf7ab93df0b4af590a6e4199f62936ea559a10199457dc88fe72a43cf2e6f3e12c0199457dd90fe6c2f709c6fdfbd5c80066515f7643f9b0bdc271bf7ef5723be1695eb634dc701d84ff5c80f2c9
10eb35d3ee9b80d003d2d218bd64700eb35d3efa380cc2847afb703c14ff03acd74fbe8e0331a11ebedbfe8540000f4b4862f591c266095288d3a9e721d66ba7dd3701a05bc308f6ca1ed51d66ba7df470198108f5f6e0ba29fd0759ae9f7d1c0663423d7db7fd0a80001e9690c5eb2383e279f8233d0c30
28482a620b5478b3f82f6779b0650f397738bbd00e13a38072b56360253c2e5dce2ef1f384f0e01cad58d8094f1620345e2ba6f9c09ae5fc5c08d206372ee71776e9c282700e56ac4b04a80b101a2f15d37ce0e4e07f9fdcf9c41cbb9c5de80709d1c0395ab1b0129e2c4068bc574df38135cbf8b811a40c
2cd041da223f60314ff35de5acfc150cdbe17e991348004e7f080b7429de0336f85fa644d202139fc202bc0a780dafe124334933225f83160062cea3019b7c2fd322690109cfe1015e053c06d7f09219a499930d2060056cfa5c066df0bf4c89a400273f8405ba14ef1b5fc24866926640bf062c01079d45
38e9b3204a37c7e3b1cff9518d9bdc19a69f69e795f5f31f835757f9e9771669a7da78dd7d81c7e0d5d5edfa5e36572c38a2692cc35886678fe97eab0b34d3ed3c6ebec0e3f06aeaf6fd2f1b2b961c51349663cee45ec2772c4a2cd34fb4f1bafb038fc1ababdbf4bc2cae587148f25972b10ccf2014fd55
3fede4e3bdb463720651456c4f47033f068a5fd168f26115cb2d17aa07b52fc1a297f24a3ca34572cb45b901ee21d9ce556627b6a1be118d9337e1b617e0d14bf9251e51a2b965a2dc80f710ece72ab313db50479b4557c360181f83452fe8b479328ae5968bb403db03b39caad06f6d337c231b266fc36c
179f7a32e0e24e326979c474c20f9937e77f590b28cd91c6ee275afdd2a215184ca56ccc92e1a5e711d38c3e620fb1399fc77d26b2b7f47328c753b42f3ef465c1c49c60d2f388e9c61f311da08caa2b39fae15bfa399463a9da327db01d617b10734bce23a7187cc43d83de495a7515516fe8e651d0a767
04bf43c1842fcb014dcfdf415f91fd1bedca5a24e648901dce63f97eed4f180e85ccd72e3311373f7d05c047f319055ad9ad1e606338b3bff0cfef13097e8783085f96029b9fbe82bf23fa236b7468dce360239c59dff846f78a36cd124199488e226e7efa0b808fe61385b7fe0298600271677fe1e1de25
3bfe182fa4c7c3c029f4607035f48131938f3ddf077c62381d7885d2561b392ca53f1c14dcd0a7d181c0d7d2042c91d47e13d1d5107718a7eaab657137fc305f4daf877053e8c0e06be9022294a8d4c3d461b23b8c53f534b2b9031f4466e23e5fd14fa30381afa4083503e46dc3a42cf0ee314fd556cae2
20d383c2848d266200e7ebffb2d7ef1bde51cf67255e6259a2635363202b0d077ab7d8f0e380039fafff4f5fba213ab73b8added0145621b90a4bfcb01a707850d3a4cb001cfd7ffa7afdd105420ca4641ab02a2b10dc8315fe60e273f27f9d8e6b0073f5ffe9ebf7430507a337ab40b028ac43721497f96
302c5fb906187693ba4cfeec81b75f13fd8caf4758753159ac4b7615d49d377d3a63a40c0c02e933fbb2ccdd793d868fab2027f54187d89f9605134e2058bf721050ed137499fdd9456ebd2eb5691f03a89030c3ec4fcb0289a728ab0ae7dabb3951d267f765dbbaf12de046adee6925730fb13f2c0a269c
1d778ab3a1f271d01e32251a2add102cd540db6a4899824a4ae020bec2f32c24bf20cd6d7cf078c89468ab74402c6338d30edd16419288bab0a0febf3aef156743e4e3a03c644a3455ba20398ec449bfda5e12c9445d582f7f60185e3e580ce93ae0f19128d156e8801d94694894cb15a32511756141fd7e
06278a737d89e291c16e7deb18d19c1100ca6f41eed6e0d6176ed1a34c332203c5f411042ff305b9f7aca5466f3b632b60098788f096e38b3bb8f6f10c4f14e6fb13c52382dcfbd631a338171fe83e07f84a624b71c59dbb7b791d80912714a727820b73ef598c8cdd349d2161538207012dc7167771ede2
16e41c9fb323bd9282a2d5a320e25b0ae3f3ad45cce040fadb7a289b4c89167efbb80a3fef020a8b568d07896a1c2ac58d9feafc004f3212e62128f22dc8393f66477b210545ab4683c4b508a48c769202cc502799097310947905e43adeedf5db301516ad1a5112d33985ecfd54e9c4909e6425cc4251e4
00077ffbd9c006a077ffba02107fb80077ffba21007e837ffba00259fc6f001dffeea1001f01dffee80211ff1001dffee82101fe81ffee8003fdf1e9000efff771800ec0efff740210ff8000efff742100fe82fff74002e5f8ed003bffdd21003f03bffdd00213fe3003bffdd02103fd83ffdd0003dbe3ea
3fbfffbffbe00093fffbffff7c08023bfffbfffbe00813ffbfffffbe80013efffefffbe00213fff00000c61ffd2fffeffffbe02013feffffffc000013f7fff7ffbe00113fff7ffff3a100337fff7fffbe01013ff7fffffbf00013dfffdfffbe00413ffdfffffbe40011fffdffffbe04013fdffffffc20001
375916b2544f08830ddff499543b97185e5587ad4793723d14235d1f09fd1d645ac95d9c21d38f4508d71642801c377fd26448ee60a03328afb0d1fd2eb22d64acbe10f1c7a2846b8b214030bcab0f5a8f26e07a2846ba8013f92c2f2ac3d493c9c31e8a11ae6e84ff386effa4c891dcc14066515f61a3fa
019ee245a790d69071af8b676fb366372139f846565bc1bbe3dca1f9e606067b89169e435a426ef8f7285d798221c6be2d9baecda343acd74f88ee04033dc48b4f21ad21377c7b942ebcc12e4273f090ccb77377c7b943f3cc0c1b909cfc232b2de0ddf1ee50fcf303038d7c5b3b7d9b328759ae9f53dc07
21fc305ff4b2f1e0f3672dc186f3f90e7270821a78a2833672dc19353f8d039c9c20869e28a3cd9cb7061bcfe42a0d137748f13571a120a9881cd1e303f860bfed85e3b1e6ce5b830de7f2350689bba2689ac2d09054c3ed68f2073938410d3c51439b396e0c799fc7141a26ee96026ad34241531039a3c6
0b2052a102bff7022ffca8745984593dbbeac924a7d052ffca8747a845883f6efab24611f420bff2a1d1ea11621130064e6dfb5431b3410768787d811640a542057fee005ff950e8f508b12898032734edaa22d9a083b41b3ec13eddf5649043e8317fe543a3d422c422600c9cdbf6a86366820ed0f0fb02
3fa5e9d53362fb30b30d29ef2af6862ea7dc9a83a750a330d29ef333685e2ba9f7269ed9d432cc34a7bcabda180a5c20fb1aee9762e3a6cc8107df203f4bd3aa6ae5f651661a53de55ed0c052e107d8d774bb171d3664083ef901753ee4d41d3a85198694f7999b42f14b841f635dd2ec1c74d990251be3f
212da119d12a5e132a6e001e74af2a242aa71a855c5a82a6e001ea62f294090aa9c6a15716a0a9b8007a98bca5366a41402db55741ffb7938ee6518e025b4233a674bc1254dc003d2b5e531b3520a016daaba0ffdbc9c77328c71215538d42ae2d41537000f531794a2cd482805f8aae73ff6f271dcca31c
10131a01ba159bd284d8a4a7462588010679846bbdc091724111f7ae299e2c640b0799ba0ca073efdde806b5e60419e611aef7024177ecdb7293b60616320583ccdd0652d7cf342cf44fa6020cf308d77b8122e48223ef5c533c0cd51d0d5b50f173c4f89b50d7f1ca1426c5253a312c402b8841578d5570
1a98d215891519f0a9c6e822c2279c37086aa8383bd9e022389334db49de242705b1f154fa802494d34fdc871f1c21aaa0ed4f67511f3c0f351af1d5121382d8f8aa7d40b44ae84b0f6c232e10d5507497b3b044712669b693bc3b432964ab5786b30227a1e8a87b2f054e374116113ce382791bb07834d1
0fde87c515c7d1c12a564ad60f983711c09d918194dac36d3babff2d51d83d67a7f880633910974ec7295209f2070276460a736af11957f5219382bb3eb3d3fc3e219c901ffdf895af36f123813b230329b582da7757fe9ca3af1f818a266b608631257633e2be6a742952b256ae6cc1c1db5d1445336966
229db717cfb928938fab658f5f978a02c15a489445b3a2c614938946a62903e108bc750572935c4a294ce0f4240b0569225116ce82850e061dd53bc221f0845e3872b9510ec312406c4ea30582b491288b67418c292712cf4c51014f8891113bc5d0420c255183572b1c7d5b2c7afcbc53cb58076fa220a6
25be54f0ac76f891169295a3f377a125e4e3b29dc35b9146730c2ad84e491d8f27658c3b11722f022390b91a0917938eca7f4d6e21b562eb878afdc72ec793b2c40d88c03db8e426bdcfaf0bc9c7653fa6b7128ce61855b09c920190d7b2fda54200c9a9432903ae6e28b494ad1d8bbd11b7357bcbd880e3
2d58aa8bc3ec7ac264cc72964b79f709ce852bea423773f20ea0d2fdfc613775214aeeadf892c8ae30fbfc9aac273a14afa908ddc05b7ecb54c94e623bba90a57546fc52fe47824348ed68139d0a57d4846ee3e41d41a63df8c10a3808608761dcc38fa08b26adc80933266394b04bcfc3eade6a3427dce8
364637bb2f842a50ebf107b766628c3a8d4d479bbcb0630d196dddd0a2b81f552191019016001f154803b822fb2a35351e7b52c150857d23e46f7b500faa90c880c80b027724f76941a82b351a9a8f3b9960b21a32dbbbe3456f0bb5252146d29a23900fc5ff6fefc1075f883dbb331461da2eee97ec23fa
3d5a41b40a132eb1aa4cb19442eafb0728abd1d0914ff3967aebd48d66ae095163cf87691ce24614bc99d0dd221ca2af4742453fc1c391ecf14dd05a04a8b1e7c3b48e71867b784a5fd15d0e5157a3a1229fe32cf5d7a95ccd5b1e95c0a0f3556163b9f3caf4084b012d52658ca00757e04e060dddcc664b
00078007b9bb9ea078007801c9fff00078007820b9ff0380077ffdf1fff7001e001e20ee7f01e001e000f7fff001e001e01fe7ff02001dfff25e0009000f000f31773ec0f000f00183fff000f000f02073ff03000efffa15fffd003c003c20dcff03c003bfffdffff803c003c01ecfff00003bffe0de0029
3fbfffbffba00013fffbfffb7c00023bfffbfff7e00013ffbfffbfbe00013efffefffae00013ffeffff0c5fffd2fffefffebe00013fefffeffbe00013f7fff7ffb600013fff7fff73a000337fff7fff3e00013ff7fff7fbe00013dfffdfff9e00013ffdfffdfbe00011fffdfffdbe00013fdfffdffbe0001
254f7dd463287a33a767b343724a9814f7dd4657a7a2702f2d5a45dadb93153df75194e1e8a10bcb56916636e50e9d9ecd0dc92a60689804521c18570a9efba8ca70f452fab201bfc73f4229efba8caf4f44e05e5ab48bb5b7262a7beea329c3d1421796ad22cc6dca1d3b3d9a1b9254c1bac8b592a27844
13a87b2391af85e3d827cc4c91b5663a87b2392b785dc3c9ca9eb15f24500ea1ec8e4ade1770f272a7ac57c9142f609f313036d5a37b47df8da1e72a2750f647235f0bc0046cfd5ef6c0bf350f64725b10bb7393953d6300489f1d43d91c95bc2ee1e4e54f58af92281ec13e62648dab320cf7122d1b86b5
2e86a5a4bc3663f3dfe3928e4118f61d5eece6e66cc781fbb566ac6b63ac0757bb39b99b31e07eed59ab1ad8eb25bf050a7ce1c96287f0c17fb1cbc803abdd9cdccd98f23f76acd56c6c7612df82853e70e4b1db65e231b176a50eaf7673733663c0fddab35635b1d60b7e0a14fde392b10fe182ffa5978f
3b96b519ae6c76c1b72756b7b464da394315776844b0d2c1be952c2cb62d3e50c55dd6f92c43b06fa54ad9ad8c3f4cb107784ed6402c814a840affdc1f2862aeeb7c9621d837d2a56cd6c61fa65883bc276b23f39f7a472012f93ca18abbb212587360df4a95f55b173e99620ef4bdac705902950815ffb8
2ba75ca49b03bdc38c683e50a2fa11058137aee7f55420c907a7494fccc721604debb7ed55113241e9d243733225c18d4c9fc6a591fe97a754bd0bed30b026f5d9e6aa909920f4e921b99932e0c6a64dd352d321ecfea4e0f2eb02c09bd773faaa126483d3a486e6640b831a9943ad4b13fd2f4ea97a17da
382b568cfbe96bc1dd6bd947a1cc2202dda4f3b099777287746acc9059a610b7693ceb1e5de2a1dd1ab303166a313638a4d269cb2384b68467132979085bb49e758f2ef150ee8d59818b35189b1c526934e5932aedc0c19003fa216ed279d63cbbc143ba3566482cd3226c7149a8f39633096d08ce6852f1
14e39c48de46e812ab9b244835ada40c29a0b8e1726b91e904249279b3510a28d4fd625efa62ae6c91215ab68e20b9bf1f14439ee3404c6806b6d67029c73891bc8dd02157364890ad5b470624cf69d3ad36f1a02634035b6b381c9ec0cd4c9fdf715cd92242f76d1b1f94e947f82205a28098d00dafacdf
1f69d02d64911683f6969d62c849930696911847db0022aa3a46129e66a502b8b77c60f360f3da5a758be7264903a875d234d13eb16a63485613d4683ed3a05ac9222d03ed2d3ac5d2932538bd01e51eaccf50b531a42b09ea340c2175a0acd2e9e3b4b4eb18104c9128cbedef0dde1cb2d4c690ac27a8d0
02280a48064c79a2c915e64cb153691432b0c3bd92db402a35d6505e449011d46da095c7b48324579933494da2370e5a9585bf50b03f7a1f14571f47045014900c98f341922bcc99a4a6d127d2ebe07ccb1f821fbd0f8a0a8fa4346ed529cd640f5248af3266d49b4309fcf09cab9f24207ef43e28ae3e8e
3bfc1507b300ac9089fc3f03053a820e6766226b3dc0f2eae79386fd496139a9bfcc96defc3227f0fc0c14ea082b5f0887971f77538a76dc5f0d64a337f82a0f6a21591113f87e060a7504356649704a527033c53b6e2f65b252276bc95179d518004fe1f8186bd40f04991ccb97571f9314edb8be5cc945
2797e38133b12fe2728981bd494c810ab5c93218a40a50dd7478814526c2152b49845a6ef141ca2606f5a93202186781b6655649c396f953c2805be30f2fc7026b825fb0e513037ad499011c25e224a63fba73cb7ca9e11f2df224072929436103e3944c0deb52640423a22ac474a5ce832df2a78542b7c5
2a4b536a1cfe63815abd8cd80ff7dd3a11cc432767b45213015c005a6fbe1f73e1fabdbd43a16af6336081df732155667207798170b562aa2f0fb1eb1496a6d43e1cc6f2b57b19b01fefba1407db193e3893a25ab1551766d8f63efc840be968c852d5ec66c103bee60778c4868603ec016ac5545e1f63d6
2c6f5b00cffe84023e775339d4e803357dd3448e58ed50a6a4c3bde8b2a13b2308296316b590f9dd4ce7d7a00a0d574eb5478fe283d918deec8c90aa18deb601a41d07f07ceea673ebd0052019f9e8a4ec7731ec8c6f764648550fbf1591bcec32b1f3ba99cfaf40141885680bcb72ba33b231bdd95b2153
331b862d6e4cafc1f93bb172d204ea0e5a8c89153c02d06469372329757b075ca1eeff23b7a3e4eec5cb8a13a72a0528fcdda78641f56906d017ccbb26370c5ae0b95f73f27762e5a409d40f91be2e30e11172fab48367eae65e279f874cd39d6c83c9dd8b9756274d153ab3dbd482d903ead20da02f9976
02038007a1077f003800780287ffa8203800782177ff03800780098ffb90080e001e211dff00e001e003effed800e001e02b1ffd62001e0020d5ee6d0407000f210eff007000f002ffff68007000f0260ffe73000f001151f72f101c003c213bff01c003c005cffdc001c003c0353ffc40003c003fdddce9
3fffffbffb9fff93fffbfffbbdfc013ffffbfff7dffc13ffbfffbfbdc0013ffffefffadfff13ffefffefbdf0013fffefffebdff013fefffeffbd00013fffff7ffb5fff93fff7fff7bdf8013ffff7fff3dff813ff7fff7fbd80013ffffdfff9dffe13ffdfffdfbde0013fffdfffdbdfe013fdfffdffbc0001
3eddbc5bc9a8dae11dacbd13a945dc29c5e7869bb3f1d1dacbd13b9c5dbc3b76f16f33036b5076b2f44ee7176f27179e1a770fc7236b2f44eeb376ef3dbb78b79771b5b23b597a27528bb8138bcf0d3b87e393b597a27738bb783c2fb92abf1c35e0ed65e89dce2ede08ed65e89d4a2ee32a7beea2f843d2
3d263c9c2b2f1e3321e2c27b9449a51679a7f8eb8b9dd21e2c27bc5c9a443498f270b91c7890878b09ef17269119e69fe3b24e773078b09ef1f6690e3a4c79385a7e3c5243c584f76a93492cf34ff1d7173ba03c584f78fb348723f00e95006392410f1613de2e4d22390f1613da924d309d43d91c8d7c2f
3c9cc64e6c35a0b21ceac44e9523c0082554f229f2f9338f3584a5f8d676143367ec33ab8db2e3cd61295d359e0873ab113a548f01ba1a9692e0599039398c9cdc8b415039d5889d6c477f104aa9e453e5f2619e1a9104dbe7762412aa7912e97ca1c79ac252fc6b3b10e7562274a91e0374352d25c0b320
3aa07f26c86b6f5092b36856edfa0e33dabecd8d317c80bb22d8d24a5e14037fd79c45c353102ec8b634929785224acda159a7e840ee5ad466b9b1db3540fe4d94f6de912566d0addbf41c27b57d9b1e82f8f3e02ed6da56c93b19ed5f66c698be405d916c69252f0a04959b42b76fd071dcb5a8cd7363b6
1c7641080223bbb399ae4d0fdf08103d91441f2c4132c20af87da2c5c3ac18db291ee89958e082be1f68b170eb0e66b9343f7c2040ae9d72926c0ef738ec821004477763335c9a2000101f3b22883e5ca265719641738d254cd01ec8a20f96209961057c3ed162e1d61ccd72687ef840815d3ae524d81dee
23c48772d30b42613792872896b9263def8721e6fb36e1b89f32d3fcf7ce2d51cf18cd77fe826e27ccb4de3df424de4a1ca04ae4a0e0ad5a33efa5af07890ee5aa3684b26f250e512d724c3bdf0e43d2166db10755407237e28d1ef7c390f37d9b70dc4f9969fe7be709bc943944b5c931c15ab467df4b5e
15962d9faf2742e26b339a65b034473a19534f3bdc2333f772ddec2321911b89969356de3ee32b2d89d2cd361219acce6995b8d1236cfd63ca68486e32bee2897d0638219596c4e9669b090cd66734cadc6893df0a681b469c7037132d26adbc7dc09da173262febdf33599cd32b71a24015a95207787a3f
10bcd257183827818cb17b99786bb11dcdbd6b0660d2019df6e26935c81e1430b6daf2bb98f3d4222e4d0dfc8d3632c5ee62c9aed189e640e49c77033ba76c16840da7d3ea11172665fe473b1962f72f54d77079c63f4177565328616db5e57731e0abddeb2564eb902c658bdcc9b35d9057cd7f0fbd3f2c
390ee645c55d6ee218817cd72b72a12777461f28b759e3184be4eab930ff030a601523cc5b83cbbeacb06287fe386205f35995ca9231ffbd82f895931209cdd1868d3141e5df56583143ff3c3102f9aabae55366cb3c2f4f2d1b0614c02a4798b703618ed0a9d03bb830c40be6b74b95100caca5083f8f15
0c6ce771f95921509302079a19d48e08a4269ad27ce8937d6423b6ba99ec008c676cbe6b72531a593b63813622224c081e66575243f1b04b327e89db11eba89f12b585118d2c9db1c09b111126040f332ba920427a499d44f35d0118ced97cd6e4a3b53c599a6dbffb0498103cd0cea472a49c919936bcd7
31458e1118a163e2505b193efa75261bb1f53f8fb2e0f04dbd7d94a6cbf728891f89da208010731b48004bf0b029416c64f9d9d4a09310faa851e0ac029f1adc39907430398da40025f85814a0b6327cecea53fbbd1fe5f30e0511123f13b8610010f80a347f6f9c961282d8c9f7d3a93372919a0d2446ae
1827b3d122ac3b90145d70a1f096be22c397a60d1bd5c386020f403933130f84575c2bb87060e7bd0933479d81205175c285b25b018ecdee2ea4fe29373d8de71d1534d273de849982cec11028bae142d92d827dc4d3134cd0a41f08aeb85770e0c0730b13cabd005700a2eb850f84b5f2517cafe8213c75
227f90139eefcbc140e8af7d4bd72a2ad26a3202cb954066478f185b75351df7530c4f8f80e362467e0d3d0ee22503a2bdf31f5cb21e9c6619a8cdd63d6c98dd16e7e541b1233f069e87713281d15ef77fae62e6c27cd67feeb23beea6189f1f01c2eaa76f72c185b20a07457bea5eb9510c6d7302a0c905
1994043b47ac3e32b134266fd973c923afc96e60eeba733ebebef949b7183be8b09c0e44789146717983596a2e3ac4d099bc4dcf33346f932829f42318fa410e337b23b0a338bcc1acb5173d62684cdc16e7a1e564aac4ebdf3f37d1613820a8f1131be891a28cfa393589a1337cbb9e532fc15a4b84addd
00000203a1077f0000203802880068000020382177ff00020380099007700000080e211dff000080e003f001d0000080e022e00080080e0020101df000000407210eff00004070030000e00000407021efff8004070011100ef00000101c213bff000101c005d003b0000101c024c00280101c003e103bf0
3ffffffffb9fff93fffffffbbdfc013ffffffff7dffc13ffffffbfbdc0013ffffffffadfff13ffffffefbdf0013fffffffebdff013fffffeffbd00013ffffffffb5fff93fffffff7bdf8013ffffffff3dff813ffffff7fbd80013ffffffff9dffe13ffffffdfbde0013fffffffdbdfe013fffffdffbc0001
0c3d415ac0cba6b2b6de4486ff32562ab6de44846b3261dc10d1f97e31ce30f5056b032e9ac2db79121c80c9562adb791219ecc963704347e63ac737187a82b581974d616dbc890e4064ab156dbc890cf664b3b821a3f2fc639c1ca83489b587d62162d4bf73f43cb615b6f22437f992b1f6ede2de4d46d7
3382faa92fec52714ce1fb07fc5d2c114ce1fb06f45d325ff326fe38c62b0e0beaa4cc1149913387ec203374af053387ec1ff174b17fcc9bf96718aa2705f55263f8a4d299c3f60ff8ba582299c3f60de8ba60bfe64dfcb38c552159ab960e17f1f2bb2d3d07c63f4b0a670fd83fe2e963e931e4e13878f2
3321f074f061ce30dfaf7c7652a2853077f75a6055d1636a6a837417e02e2e481086403c43c19ac2dd00b1dac629be34b21c1fefa1566a853dff2cdb2643e0e9e4e39c51bf5ef8eca5450a20efeeb4c4cba2b2d4d506e871c05b183bfbad302ae8b1b53541ba0bf017137c69643c5fdf32acd50a7bfe59b6
13a7232806ec9922e0ee90ef6146f80444fee150241a11223219aa19ef1c279a67a13367fa811397f3cf84753e23f3cdf059125eb171833764eb01ea274e46500dd93241c1dd21df048def0889fdc2a04834224464335433de3822227f70a6020d1091190cd50cf78e07e79be0b644bd52e3066ec9d603d4
3652ad8906a717437c7b489b1211571b580c2f9156eb5088deb9fa253ae1004cdb2302e6c700620f725accebfc0581d975cb9302a3ead7c955bb3ac42ca55b12116e2e72f8f691366622ad36b0185f22add6a111bd73f44a75c22dac0617c69b75b2446f5cfcf19d710b03b2eb97260543d5af92abb87587
395ab6520bda8f802a5e2ade3ae42c175275158cb0088161fcb6d6aee5e903aa8a95b8f532e28d73c0507c40020a6a01eb2ede2b432b1ab1c68a56b332b56ca41bd51ef054bc55bc75c8582ea4ea2b19601102c3f96dad5dcbd20ba93a8ac6580442b0fe5b6b3672f514d403d65dbc56825635638d56ad65
2457fd749183c1729eb76543884fa92636509d72240bf3f61eb6919f85531690d5e6e4703911cdbbc99ce654b62791c14936e7eb1127c6f1c15987d21042823345df353384b52a07641f0e33c8e0a49963f59093e378e0acc3e92d21abcdc8e072239b779339cca96c34f5bb2a1a327d50acb16cfd793a17
2795f98912537842aeeb90ec394d9a0b60308ac0d5dda2cc2fadf6fe4f9e2f9553a2df48dbe37ee06380b0ca2f2e84f1e8be310fa07f8783ad569e312959ba7a7c6449426170b063798dab174278f45f1887d23fc3c1d68a4f191f2aa745c2b1b7b2fdc0c701a3945d15775c8761ca6cd085e692b8c1c13c
3901c188b5cdb070e183b9222cf1be26a4fa4e2fbb72e37aef010b4548c302d5cd20e58d61c37184a91839ba82000efbc218b56830acca66f0158fcf11ef8457676db4618d18e98d230f3920077de10a4ab42256653377e9c7e805ab9a41cb1ac382e3095230b57503070c1dc911678df1c877322e2aeb77
0e810722b075c001f9c610c10d9d1329e621a64446d39102e8c45aeabc5108dce62f9added1026f00d7757729727dd18e5fcf79e203113a7f79277221613e80080eec27174160455868ddd13ee8c72fe7bcf101889d3fbc93b9111b9cc5f35bbda204de01aeeaee52e2fce3086065ce8a263673b8fa9c90b
27386d0356d9160363b9c121b6d7203adfe46366ce0321315214a4ee445a00549b52d2ff4893661ea8c88e4d943105fa26f0a9bb60fc876a6b206b7d2e84d8c0b1dfd882d94726c28769751882fd137854ddb27e43b5356f35bf00a936a5a5fe9122cc3d51915e9b271b1dce090db6b9018a2c7088c50b1f
0c111e3bdbda210006f8afc2e3b650215a3e51939a2cf307b35c796a30631f2a01070c5006322f23ee48d123c83025e21c0985af92613ec5147a9e531f1062bc8f70ffb2b18260e9b331f63812f10e02b2d7d3309f628a1c4f2a3e54020e18a00c605e47dc91e4478f0037c57e171db282c13d9e88f461dd
19af772403723322a815a7d851747a1dd0db3842b20b63a4ad5d1766aac43ab6ef4ddd791e721d56df42c7746a3d8972eb2f3725a1b890050b7bd46a2bcc66fddfecb4017645c308ea50e21ec4b975979b92d0dc480285bdea35356dde9bbf123cd03aadbe85d0e8d31540ad3ec28ba3d113fc809cf77e5e
2ca36f43639f8fc29760216e12100214a679f034c3d3221376abb882e62408265cbc8651beb2b4a98ef591c62826943ce0a2bc66f129bbd69bd673673f19171e6b61c6d1bdc5e1784045e0334a1e704f4e338294ddeb4dca39b4104cb9790ca37d6169531deb658c4f14bb010b70908012cca021da1c61f2
0000000023037f0000000022480068000000004137ff000000020590077000000000290dff0000000082f001d000000000a1e0008000000810101df0000000002506ff00000000428000e000000000616fff8000000409100ef000000000311bff0000000103d003b00000000122c002800000101e103bf0
3ffffffffbdfff93ffffffffbdfc013ffffffffbdffc13ffffffffbdc0013ffffffffbdfff13ffffffffbdf0013ffffffffbdff013ffffffffbd00013ffffffffbdfff93ffffffffbdf8013ffffffffbdff813ffffffffbd80013ffffffffbdffe13ffffffffbde0013ffffffffbdfe013ffffffffbc0001
010dceba46832973bfb43cd6dd5e8337bfb43cd3835e92697056f868f49a04373ae91a0ca5c2fed0f35c3b7a091efed0f35a6d7a11a5c15be227d266021b9d748d0652e37f6879adfcbd052f7f6879ab26bd10d2e0adf113e933032c9f85df23ec31a98481f3699e1c3dfda1e6b4daf42261ea0ad5e55d36
3eb1f105ed40cfb03c47c6e8de30ff043c47c6e89c3101564fe50b4e035f3ac7c417c1633e90f11f1ba378c3fc10f11f1ba270c401593f942d7a0d7b3d63e20bdea19f50788f8dd1bc61fe08788f8dd1386202ac9fca169c06be3ad15e7bfcdbdbe2365b9c0e50dde521e23e3744e188039c17d5495e6294
026be6fa1dac0d517f17cf18b0954825175fad0379c42160efad9abd0c5b2b6fea9ae90540701864278a6ba5d13c3bd5fca48fbab1307f2dd80fdd9104d7cdf43b581aa2fe2f9e31612a900a2ebf5a0b138832c1df5b357a18b6128bafd681bce212b077d6cd3d862e3877abf94d3f755260fe5bb01fbb22
0effbc2eab3a9f406a7efb2f9da90a39ce8f4b8cc47c31bb38bdab4c104614fccbbbc4a0130339d99ccfaffd893a1a0f9957f3e703d59dc769b386921dff785d56753e80d4fdf65f3b5214339d1e971da8f85376717b5698208c3ce747a5c4523e20dd9c5ed5a6082334341f32b407cdf3ab3b8ed3a90d23
28e487657405b6e09a190f63520b8c0475a9f65ae0e58262bb267b0cde3d0a944294b4414590d8868d7b06d4d329f85090e97aeb8352497b59ddc83211c90ecaec2b6db134321ec6a4171808eb53ecb5c1cb00c5764cf65bbc79023ad4fb2d7072c3315d933d656f1f13f0a121d715d6f2a492f6b3fd9063
3c264be83a8baa90e3b78dcc229521040bce787be1b970f792e5b5eff5360ed8e0ee73b99f2172d94c085d03d53d4f6776e364ef2181736d438e93e7384c97d079375511c76f1b98452a4208179cf0f7c372e1ef25cb6bdfea6c2205e73c3be0dcc07bc972daf7fa9b3a9eceedcae9de3302e6da871d27ce
325dcc36607144f2fba38240d0877106933cba717c43b1c4e08666a701d10ea810ee24464703416c3d920733d6290571bd2c08ca3062ce3114f379cc2c4e1fb6e3ba3c303e8d6402368e9d3482b8de93f465203167188a79bce61d5021dc488c8e0282d87b245067ab37dd1c1204743b9322bfeba46b1e0c
3a531062385043e28059235f5c074f37319e1d31229763e308d528e7eaef3a89af077b5c0a52c496ad4d3bb1031dcaa8328bc3f670daec20753f0b740ed3e82ccc7de072044bd549bf01152ee5541943d1fb406d76103a9f85ba35135e0efad81491892d5a9ab962053402c91af8d03a813cafcc48929bc2
37fb817b912188007d82e6d6626ac21640f97be4f8ebe13ae1dc4e5ad9043ebcccec4ebcc011e1815fe90f9e923e7ef878e56b4c53ac95d3fba5d0d60fe3043d1e156380c51744f58e01413f3f7c3c70a5a631d64ae9fdd2e86b3d7999d8a1998013c302bfd21f3d2403ec1736b3135613c80e0c458d6d84
1c064936cf4760824de752bc13a4dd023a42e841e0db5244fce40b8d38f03ef1ee8016246f11777515636f91bf092d9dedeb1fbd41396426ba5e699d311e6c28be9203721c58884b929d710496cef6f58fdea29cb2135d0e34cf3de3dd003068de12eeea2ac6df237e326f3a95de8d26f07408391583ae00
086fe2f637c74072db18ef10e37e9b0e57439158d0aa90a744f39734bc0c0532731e4e77f271439b608540eb803ee376deac545952d452e633f84a4630f3c4a66f9c2d71c80582a0e0b86b3f71bb6f541a2cb16a297319fc25230a64e63c9cefe4e28736c10a81d70036d8c778850bf4e139c3681ab6c8b0
147b522545ba0112aa37466963b72f27fd7ce839d82dd13b9cc6e4403e4800d2d0acb7ef8660bc1e48e39727410ab2dc76a69db30330e46ebf4ed5e92fe4ca8f6330bfd3f7ff8e36f533b305596e3b534ed9839872375f866af501a5a1596fdf0cc1783c91c72e4e823551ba33490db9806088f1deded108
1011ee53eb213e60cf88a6497628a003f84e36b562bf821bdd4427e3ed2b1440cc0d7c354b72bb22d906d6450416273ee4f5d9f633954fa14cecde081891555daf4aca81c52bbfeaf1b92f2b139f7278dcfb21caa7d0a6766f042881981af86a96e17645b20dee8a07067c45324bb14500cd7bb9201b9199
1f5d4252cf82b2d23491181e9a41370043aae6e6960453e68616c081f976130da8fa31be4b01296d69b7b28afc150900bb65e52bc075f982bc56c0ad248cbd3d43280cf0f827ced950a84a0a84805db2f295e23afcc15e0a6057261b51f4637c960252dad36f6515f831a488c0f2c209c1651b7a1b1cfc7e
0000000021000100000000021020280000000021001f00000000021203700000000021000700000000021080d00000000021007f8000000002180df00000000021000300000000021040600000000021003f00000000021406f00000000021000f00000000021101b0000000002101008000000002201bf0
000000000000000000000000000000000000000000000000000000000000000000000000000000000000000000000000000000000000000000000000000000000000000000000000000000000000000000000000000000000000000000000000000000000000000000000000000000000000000000000000
232632704502f8530f0145ace111fb32632704712f84835e40e457de2c1d0c98c9c11c4be1203c0516b44a47e91c3c0516b27c47f1790391603eb071064c64e08e25f0921e028b5a0423f52e1e028b572e2402bc81c8affe5839193193823897c24023ecc8a34539dd38780a2d64f88fe2086e75d213194c
2c998d4f769d43c0ecfab64e9eae470998d4f797343b50617edb681bd7dc3266353de2b50ee3b3ead93a7ab91c13b3ead93972b92185fb6da06f5f7019331a9ef15a8771d9f56c9d3d5c8e09d9f56c9cb95c90c2fdb6d037afb824cc6a7bc98a1db3bbf3173c96c8242767d5b272e57243f58f882f49067e
1667da7fa8486c11b40c6e80ffcdec2c860f47cca1ae90b039a41ff2969a3b5fb8b11796bb60ec36a52ba8886132183d1f3ac6ba226da707eca4068e2ccfb4ff5090d8236818dd01ff9bd8190c1e8f9d635d116073483fe52d3436bf7162334d76b0581cd20ff94b4d24307a3e79ad7430db4e0fd98a0d1b
24ccbc4118f642c2e23484bfdf31eb28644f103464a751369156b1f89e4c2c30cc057faea0f118afc3117c210a21913c40d9d29d21c3002b8465beaa09997882360c8571c46909800063d510c89e206ce94e926d22ad63f13c981861980b037d41d09b48ab58fc4f2603227881b7c53a3386005708cb7d54
1581b642a2457190b1422d011755763ddf3f53adb974f3d54d0057617cdd3d08fe0965003071352b03f21bfc7b377cfd4ec345d3911c90e2cbb442b02b036c85448ae32162845a022eaaec3bbe7ea75f92e9d3aa9a00af04f9b93a11fc12ce2060d3eaa6802b8fbe6f2ef9fa9d8aaba7123921c597688560
0dc0297312f257221fe44725712233149dc9bbac47ace0ba5e7b4c22c65115405719c8f45192638c316dd9381c127726eeb53eb3708ca1c39c59d8531b8052e625e4ae403fc88e4b244465293b9377588f59c174bcf698458ca22a80ae3391e8a3225d2f3da5f0632924ee4ddd6a7d66e119438738b3b0a6
0ddc96df72d0ef121c83df2cfbe649194ef9631dd8e853d2e6552854ef552da2b232a6b17f03c4edb14272af371831038d443132e09ae56c1c2f2fda2cb1512f1f363652804e1dda4b4c4e329df2c63bb1d0a04d72b60e1797ed2ca77cb18cdc743389db6285275e6d30e41ef965cf325392ee61b2e28a28
26d5e864302a76839984f4ccdc5b1c31aabb480ab5a96175c5ec023727ba194b2b7b09a513a32945f3037f00363ab7f41e56d37da325e07bd9b5fea322c82169f1a33eb036a3782501a8ae23557690198b52b392f03decb9ff5218d55da4055ad4b2528be60740006b1ccc27a666e2d8e1d2988311c2821f
10f199fbe8419882997282d56d52003431cb97fa4f54e2f9db9c41194cdc1d49a12dd299ff52513fcfe5bf3b880a54a5781cce3402a87cd3c723a034389af0bd477fb6a0fcf67cf3e5cfbc2863972ff8bea9b1543e69e391d01a1a18e5cbfd27aa70a27f9fcbc0770f14cb9416ab6a9001bfdc0bdc890c40
15eb8b2df3b6dba22ebfa6dd57a1f702aa7ff0ef24a3205282261fcd0a9030e9db72b2af9e20fad665e87f86272f5c39f91eeca0b16f792f0ad9b01f1b2f846948f4af91de09308e1a97a50554ffe1de494642b7bc97854bd81001553ff877925191f5accbd0ff0c4e3175fd36e8ad0fc0e03249b67a3b04
3f59765135bb49903d2c66703c9b7d3ebdec6667f950e2c87c6989f08a3703346cf292481d82cbe93e01df5f0b16457764522b2f035930bdff6b82f027fb2fdcf05a0db08c2c715f50f2303d7bd8ccd412a1b1ac985effb5c1781f5ef63333fca87197d27c0400be1521e963337fd4dbf2437f17b19d3a04
35b0c9a5519482e2a6bde9a7fa972d00b1b5261b25b4710406facdae3e281cd944c64b4c7080ae38d5ddf2a73909395d804da5f0f2528d3e6506d5693c09253d3d820da3f10cd4b422f3af01636a4c364b68e329469f32626ab52058da930b82da415c71abbbe54e723535ef4d3dc4b972a3da912a0cd009
235b640b5b42e011feeecdbc610b9139c28b3b42a97011123fbb57dc1c3637eb6c8c9c6f29d378bb76d2c3d0c732fd25eefb88e7b36ed97e0c8b9a3535bea4a674b1683023f80ed1097f10338516768972e013b76cbf0624cd1b3ce1459d9f44b812f176eda5c9a18d2ff7766de0f85c90808f729f5909f3
0117c49da766aae16fbcb54f9da16915c8a3d4dc281663993fe9cff1fc992719bba05f70de32161bde7b7e0bc5242d7152b452c7a340e0cef9d4cd3a2d133899b53f04536e7f093b1568af2b9147a9b8502cc1a070677cea669d0ae451ea6e140b302c37bcf73e17892b7de5aa7add0b52faea12965b1597
0000000020ffff00000000020ffff00000000020ffff00000000020ffff00000000020ffff00000000020ffff00000000020ffff00000000020ffff80000000020ffff00000000020ffff00000000020ffff00000000020ffff00000000020ffff00000000020ffff00000000020ffff0000000002100000
000000000000000000000000000000000000000000000000000000000000000000000000000000000000000000000000000000000000000000000000000000000000000000000000000000000000000000000000000000000000000000000000000000000000000000000000000000000000000000000000
304178cf5bacda334b367eafafd35d0f4b367eaee9d36357f288e74cc6c823d2cd9fa9aa74e3000b549c59dcad3d2cd9fabba74d838c98c9c0e28be211e966cfd4d53a738005aa4e0bee571e966cfd5dd3a6c1c64c64e07145f107a59b3f5774e9b1abf94473a663643a59b3f57b6e9af3193193820717c3
0f7e96f05ff2e5e0b5c57d4bc828a52cb5c57d48f228b0b7cd36d830f9791b2d715f51348a3103e49b524c136832d715f52c08a2a0b266353dda750f2d96b8afa68a452081f24da92609b4196b8afa9604515259331a9ecc3a88365ae2bea26914625be69b6bf77cbd25ae2bea5c31453164cc6a7bb4ea1e
0816b452c3c239f26da9ecd470235e2b6cece7fbe15fa0cb02f22e073e153e9a82989893dca3d2ac9e7969de291ee1151bc0828b51a9f13d414582f8102d68a5878473e0db53d9a92246bb16d9d9cffbe2bf319605e45c0e7c2a3d3505313547b933a5593cf315bc513dc22a37810516a353e27a828b05f0
22c4f74e623b26b0da653ae3150ce90379c54108704c517be149417c26fd32160238797704a0f9729b9dcf8d04309514a3b59dfc831d824bb7babb5a0589ee9cc8964d51b4ca75c62a19d206f38a8210e098a2f7c29282f84dfa242c0470f70e0931f2e5373b9f1a08212a29476f5bf8f23b04976fb776b3
15267ad13794fcc33922e75455ffa83c99c2e125f4c073d2673cb796cf892d97c646068988c354aded3f9aa5410fb90be520d635d0cbb77e5742b3782a4cf5a26f29f9827245cea8edff4f393385c2500980d3a4ce796f6f9f111b2f8c8c11331172a95bda7f774a811f7217ca41ac6ba1976efcae8566f0
167838040c84195124b5585b8c37793c25725d2880fb70452afe4e9641e03ba12ec2b905702276d07646038d353f6867f8f626e023e6aed28996e8162cf07008190832a2496ab0b7186ef2384ae4ba5521f6d08a55fc9d2c83c037425d85762ae030eda0ec8c491a693ed0cff1f06dc033cd5da5136fd02b
2946c95d2a82b751dd10a2b823d4bd31369e4ca88a40d19862ca1cdb17e3391438328e5b2f02987589468244a83fd8582bf9d7ac834d1315aa0fdb420afb0b703a6dbc303349ba1275249f1fec2c15fcebd641a6898ad507eda1389b4f26523520726c999cff6a72b42ee88515bf0ea5f26ee4b6fb758779
3c63ff566a246583e93184f40dbf670347630e493995e17fb7bdd99ff84b07289d08b505158389c1e8d6278bc705f6c51c43d25a520f21f3426f7abd1e9a374484cb7221753f806dd9545922fb628e1fd92d330790f9a116bd5f01a3b187249ccaf05784cef31568b33f498c279e5dfb4136af43218153b4
0033f98e7a3f6d42b735a00b7e76720e194433999c9d41424bc8bd839d712442cd7f64b8a5a10f054603e41db50bffe59dfc46620360e04b8b26ef91207bf1d6fccc86f36d2b547678121d05fff2cefe233103b07025c57277c9070ca219ccce4ea1c6b7b609d49f5a15b9ad005bf3b390878ccfdf420cc4
1ac52b5dfb244d1275e1282601cddc0f995963ecf25bd212eec8528244e719fa358f9e18b6430a5390db20802c1eaa3b1a710e865050044618c6d89a3c787d00d64557b07cdfebfe45cfde2f551d8d367743302802230c636c4d27ccacb1f4692df0d5e31cea7aa97913af0941300e6ee0af5c596f9db6dd
076aebe6ea7493119a40ec9fb2a89e36383259084c82019d75fe7e1ff7203c7a7699b828ec605aefd0e0bb779a0545f494ac5e1a42ce3e838d52f7702ec1d913d0bb79a135c1c4dfa82c0402a2fa4a562f0d21671f41c6a97bb81b1c192c84264103024f467df7748a0cd20764fd9544f3facbb2898cda4d
331791cfdf9f68d3ab9ed03fc622a00688269472a594d2112afc7d2ac46a1b3710e47044901157916c846628b839dbc4c71dd13bb2f07a7f505ce1651f40fd5aeba213e3c62004cd4a111a3cede2638cd89de3783d3fa80d70b32344134a3742ca71e303ac93a391931d5cf681fe311501ad864d2a8ca417
26afdc762d2760f0d8b1b4f058eafb317f240af49a7f20128737b2e47e131ff051ed637eb6f1d13302820fd2910afeb1329fdb5270ae7d3f6d96e7cf14f2403685667411383af53e425ad2257f58994ddda942573e9fb6aa73e818bf92057a4d3f90719aabd36ed27b26c58da780b757e31adb205ab91701
0b3e6d3feee6d98039666f234d422510db34e5c7f16bd2868fc156d0e1133e37227e59d660e36dfeba5f9d62180a939ab41579abe359e457588055f230aaa1e839ab0bb2cff067c09aaec00549cd5a0abcd5f1acf22bac402af9286d9a72e1e8b5f3a2dfa8ba6b89c721cb3379185a113008be24ed3b3557
0000000020ffff00000000020ffff00000000020ffff00000000020ffff00000000020ffff00000000020ffff00000000020ffff00000000020ffff00000000020ffff00000000020ffff00000000020ffff00000000020ffff00000000020ffff00000000020ffff00000000020ffff00000000020ffff0
000000000000000000000000000000000000000000000000000000000000000000000000000000000000000000000000000000000000000000000000000000000000000000000000000000000000000000000000000000000000000000000000000000000000000000000000000000000000000000000000
202b826e51fb0b41ebd06e0412e49d0debd06e034ce4a3704178cf260cdb237af41b7ec33931dc105e33b9033737af41b80d339281c105e33d5e336931bd7a0dbd519ca2ee082f19bb819c1bd7a0dc0699c942e082f19e8e19b506f5e83701a67253b820bc6772066e2f5e83701e8724f3820bc67abc66d2
1fd47d51b9a4b4d2142b92f7a7176432142b92f48f17708f7e96f057b2e61c850ae4bc1bc5e223dfa5bbf4ecba0850ae4bde9c5d923dfa5bc15ecb980e4285725e0de2f111efd2ddfa765d24285725ed3e2ed11efd2de0af65cc390a15c978378bc047bf4b782bd97310a15c97bd38bb207bf4b782ff972f
14a5e3f2a5c6b042805f4b24503aed345fe6e62888c472a60f2e030f8ad230d7411824c5b5d3e578416a5d9b0002acfd1477401e81ab12cfc94dfc15294bc7e54b8d608100be9648e275d928bfcdcc553188d14c1e5c066115a321ae82304dab6b93caf082d4fd35ff0559fa28ee803d0356259f929bf82a
1a8f66f2a44726b1b9695549dfae6f0020bf8520f04c71093a5a4bc2c507113fc0c981a704a155c7a51687605a2330fdb4179dfd024fc963288ae0cf351ecde5488e4d6372d2aa93bf5cde00417f0a41e098e21274b497858a0e227f8193034e0942ab8f4a2d0ec0b40661fb68335bf9f09f92c65157c19d
386b34cfe00a4c034cb8fbaf6851be30e562cbd269b3e36eb117d35f6b1f3aaaae40b09ec5a2c2c19ed0a8a05220e78b8fce8a03a38fe46555cbdfbe30d6699fc43497f29971f75f12a37b21cac597a8f367b2dd622fa700d63d35555c81655d8b3185833da19340a301cf171fa13407331fc8caabd9bf7b
31f916c523de53d212e609c8c72c5234335e6ebb04a302787fbe533cbb8429a4a9c71eae5a02679d124bce01f51fa0183f40357e62cf28e191f31d3723f22d8a4bdca79025cc1391d058a32866bcdd7a2945f0f0ff7ca6bb77071349538e417cb3f0cf3a2497de03e93f40307e806afcc19e51c324283a6d
07c82abd5e8f81a07e987febcfd075194cb44fc856e651b628865af2f4153319bdb3564e586339f32b8d0046f22030b03874ea42928880090104bae907fdce309e6750e084088b35b425c43018581c3865215344400480615d752ca65a27e21b7332db14432d587a0b23f4c3ff5c6e83b34a364ae93315bb
3f6d25a7127d4cb260386204a41ef233d9c818cec808e1d3fcfac3252304134d364b5668b242da6b8302d3b3c208405946666c2622dd87793ec54c3c24ac83e5d57d40831d944d840e685704202ca3333613116ec3bc9f62a61e19ece40c67640470e9fe7d619291821301c3102520f791e31ffab351232c
22b2e34051e8cb50ea472c71a927843607df5135327dc3520d7bdab2d4d12e3e7446cb9e1dc1e04b261ea24d192bba521472dde3e281e33c64ac92122579c53ab03f4303d5ce4483d729cf15dd290a396ef1f140f19e325649091b03efa89a993ee3a906bded386a69075239638d493c20019fcc73d1fb6a
1e751628d26eed916f8e271bf26ab30a98061165bc63c12d4caa028f83de28b9e0bafb433840ac911deae222ec0aa4edd05436a612b98000b61260e903d8529688fa98a34dfeb285e4a13f255276e8280b53135cc0005ae83075054c0308b2de31e096a6550147c1ef2b7c7138dd8355a2d6295aefb82269
21330c3936621b63d7cfa2af085ca312ba377de40506917591699a31ff32239af7e2f01f0d814c2afa9e0edc8a374e09280ee02cb09c985970f6bdee225219b86cb68a31ae5f59be51de7c3ba70494056016604e4c2cb87b5ef7295d1bbeeff28350bac8b4cd18ff993ebe7d157632e5223b575f3732a499
261cd7876e33af8004f9f79c6bf8f536dc820d4b6a0011a090132af07fda274c27c2a675aae1017478c00652a43b2d32aa8d42e8807df2f40179aded054b88ca08caa1439b118aeb1a26101d96995546a174423ef97a009bd6f73b6e4106a3a50010d0480995783fed2027cfbce14fc7b398bc8e7edbfb47
1ee23a30d5102e11731b854f6c66f034a4ffb56ae7514399ce1f77e0b60600b9c8d80321eb721f7c16885daef417961fdc790e9af2b75a8e4c59ed770556fbabd5380e535f5f7f414849042bcb0fee3a774d835bad47260bf6bc1a527fdab573a8a1cce70fbbf05b030b98dc2a7b633783357ee3b1483b08
04a3c55589228d50aa45f6365492b02730b63f636ca8f073a571d2e1683d23cc82d4c2c53023bceeb0c335fa6e23e9a01a8786a0524102391a9ee0bf237552136e227352f76862f266faeb31f4d00d41b3503320811c8d2e706033985b1fafa6548239d2b8e94fb41f05522fb1b2a4958059f369ff7736cc
0000000020ffff00000000020ffff00000000020ffff00000000020ffff00000000020ffff00000000020ffff00000000020ffff00000000020ffff00000000020ffff00000000020ffff00000000020ffff00000000020ffff00000000020ffff00000000020ffff00000000020ffff00000000020ffff0
000000000000000000000000000000000000000000000000000000000000000000000000000000000000000000000000000000000000000000000000000000000000000000000000000000000000000000000000000000000000000000000000000000000000000000000000000000000000000000000000
276732585b22a7b1a6cf0e9e06ab8001a6cf0e9e06ab83202b826e207b0c0069b3c3a781aae0c80ae09b881ec3069b3c3a781aae0080ae09b947ec2d0034d9e1d3c0d5726405704da30f62034d9e1d3c0d5702405704dc82f61700d367874f0355c19015c137103d860d367874f0355c01015c13728fd85a
1898cda7a07d68625930f15db850813e5930f159da5090dfd47d51ad44b53f964c3c535e943337f51f5439d12e3964c3c573c942137f51f546b512d43fcb261e279f4a219bfa8faa1ce8973cb261e2b7d4a111bfa8faa35a896a3f2c9878aadd28526fea3ea8b5a25b32c9878aebb28412fea3ea8dac25a7
02ccb081d68d12e0ed283e1e68653416ccafd9246eeeb1729e5da3062f4829727354e3bf4061989c0d527c441d0c6020e05e98c7a0dd4f8e48e68dee05996103ad1a25c1da507c3cd0ca682d995fb248dddd62e53cbb460c5e9012e4e6a9cb9e80b331381aa4f8883a18c041c0bd318f41ba9f1c91cd1bdc
2a8f5ebd12e368c1b8e5fc4423cf2f00203c2c1b346d310104c9f004d107113f9ff340380cd153ba40ff97e35a232ef05000ae80022ef321b99310cf151ebd7a29e6d17371cbf888479e5e004078583668da62020993e009a20e227f3fe6807019a2a77481ff2fc6b4065de0a0057cfff05de6437368219d
232e58149b6762f37eed474f4fc1131d179717739b233291f5d1d218606e25b73b5399f321738b92cd50465da611b05cbe4f2fc0f01cf74d50afb4fa065cb0293aeec5d2fdda8e9ee182253a2f2e2ee736466123eba3a472c0db0b6e76a7380642d317259aa0cebb4b2360b97c9e5f81e039ee9aa15f69f4
090f324605428023749e17b4c1f1f62595167ca80768a094009d147515be05fd17ca9bff0b63ee7d49fbfb18842526f876f02094f33d2c5c96508621121e648c0a850042e93c2f69c5e3eb0b2a2cf9542ed13128013a28ea2b7c0bfa2f9537fe16c3dcfa93f83831070a4df0ede46129d27a58b92ce30c41
375af69949593c51e8809601bb9b4226b69c65dd7cb12054a9e7bb3ba0df267437b8dc9fcb10e19383e533722415d85090cda16dc102858e81e56e1221ab0b335f800a4357d8b7618bbb5e0aec284866d0b6e08142c740f2b709135b4e32eebe58922a54f3dd7cd0700f4404b00ddcda103e4155eaf47c0d
34b3017cfd5c76e09468f469cc4a803a0df8ab336c347117062113d9dbeb04da426ff099bd23ab2dcc96f061fc21111b8ff8fcd463e9ac1281562fd91d7309f82295c5f385f5724e1cbf7410888dc7fc7e6a33f4d609408a17ed3d06fc5597a61a428b831089cbedf604a347a34e625403fb692d3872ea66
107e09902e9348f1686f1b0cbea41a1e86073fd1d3fa53348c658c8e9e2f185dfe4273ce7ce3d8eae08af83f710db2f1cee143d6320bdee32c1bb78a1a898a3884577290d21e21ba4422fa26d978e76e91eb2105ef71960ddbc52f43039fe6d9fd339a4632c6264f180b4378d865f520d315971a026e465b
25110fe07aa87a914fc925c8a1ef5d2278411010dfe87330fc94cd45ce7f3eb1ef7aa50419702d7d189da035942a25d9cb04e4b8c2c83fabe16f8b6b2ed459f65bcb09430e74afdf43aa931512ece582725c63641fd5f096c5b6313c2088065ff443987e4a6681e7402a7e492e42ff7af2f3a8b14672776d
2d6103bf0317bfd1c56c24b44f657b30a7d3ffe73c0f704f5989ec928cba0b165f0372fccfb1029d02b2a6ffec2f047b3023fc501003b8daba36f40f360fcd48ac156b5189985dc89df02d37823d980fee281201dc6d5cfa7a083853e9fff18e07c027acc4f649465d2e2b6125a06b2be1099861c9b310db
0e51b2f6589f8902582a4bf7be783a252fb261a8067f52d39558e26a742122e0f3d7bd9ccab24e35ca2dd44fb63479f3fbfb94e5914a080adfa37f082315eed4924e3130417233a24324983a3cf9fdfbba72d0a504056fd1bf843297d930d1f33fb369caac71143a1112c1525fbdf3c1d130e6bc3b719d7c
397d79875229fd922a9eab2b0b097d015c82db49dff3c312007d3290ded333e7a9a176c01420fd88adf71a39270a742c73e8912520982405371a90ab3eedec108cf722b0ce65caf8c78e1d053a1639f44892924c12029b6c485600ae416da4eff9e389003e99276f6a3154f55956484bf2f711d186878171
1c65f16f6e41f873b5dc4bb77bf06c3a3c4c94e38c06b12d0ac9e86f43f1288f686a22cd0793eb4806c899715b3017f9708c24174126979971184f8e05d6c4de20365f010e950df539b661180bfcb846120ba0934bccb88c27c73d1e264a6fb60362968564f416a1f91daee25dbbdf8362251e2aac28146b
3e0000001cdfff10000000020ffff0200000001cdfff10000000020ffff0380000001cdfff10000000020ffff00000000018bfff20000000020ffff03c0000001cdfff10000000020ffff0000000001cdfff10000000020ffff0300000001cdfff10000000020ffff000000000107fff40000000020ffff0
00020000000000002000000000000000200000000000020000000000000000080000000000008000000000000000800000000000000000000083fffe00040000000000004000000000000000400000000000000000000041ffff00100000000000010000000000000001000000000000000000000107fffc
1a940e30438cf9f3cc51c38ca523ca34748c8d142bcfc2f1eadef119ad660d1d2323450af3f331470e335a8f2511d232345d0f3ed3c7ab7bc4eab596268e9191a0757a0398a387198c479328e9191a2c779f71e3d5bde2755acb1a3a46468a15e7e178f56f788cd6b31e628e1c65291e533b3992c2b8153e
216ff1cfb853062073ae3c7318d8370bcb7372e3942c610e15210ee612aa22f2dcdcb6d50b21ceb8f1cc6360dc2f2dcdcb8e50b1803854843bda4aa711796e6e5b6a8590e75c78e631b06e1796e6e5c72858c21c2a421dcc255405e5b9b971ca1630870a9087730955239d71e396b6c1c0c4c66d3d03eb43
2e071f77ec9269e18d61d87bcf6f190a739f3ab2245e01b4fb686b8b8c61165c2f2d48349c30f44014e4ac374535207e0a170a54c1f9e22c89e77dd11c0e3eefdd44d3b31ac3b0f79ede3214e73e756448bc0369f6d0d71718c22cb85e5a90693861e88029c9586e8a2a40fc143234a973f3c45913cefba2
287cfabc17e971d0a0b3b11585dee41ef9fc1c6774fe43d667b60f646ff808f60fef545031105991598837f256273e3acfe2cc01a2f5f43bad16d60410f9f57833f2e3914167622b0bbdc83df3f838cee9fc83accf6c1f0adfef11ec1fdea8a06220b322b3106fe4ac0e7c759fc9b80331ebe8775a6fac07
23b6d210aca35993f87f43e189ac80259f36d8875a8d31bcc79962de463327d92343dee2fbf20b3a7a54063b362b269103f5522bf341029f994fd52b076da4215d66b313f0fe87c35558ff0b3e6db112d51a53798f32c5bc8c660fb24687c1e5f7d01674f4a84e766b164d2207eec457d282053f32e1aa55
1e2cad54d7fa61805304cc26ba6d2b376cc769e8257e50516ee1bbc837d41a730405eafe90d28d5a7da4b539ca12611c886efd1c52358d5e9545c07b3c595aa9aff4c300a609984d74da562ed98ed3d46afc90a2ddc377906fa834e6080bd5fd21a11ab4fb49ac739324c23910ddfa38a06b1abd2acd80f5
0662004ea2f784b0a02b89296f9e8b1a32efc2b821b432d7fe7832bd134b2d8113f867ee64a0a13c1dba56c0052dcde01195382751923ef9343dffc30531795327375702509e0edd0a600336e6f008c88c13b2c91f7c99fdffe22d1977e15a00da21bba0b01698fb3025015c49496cf463bad7b4ca29c9e3
0d15e590d48bd721432c7aa1c1058e301ba98c3f31e73319416e9470eccb09f035f25242dc31815aa5aad4cf4707956d4dea3b99c0fb57bc2a28ea143ffe03b9515a5582c0ad52d54967a403cab6a6f51dcce07dabde1514750a380dd4c61d88f3a0a591c1db25741a0a1963d50e082c71a5980be7eae3b7
3acccb2475f19b7151b8e31f58c089135ef6a7129275918c135e03fe8d8a0ea613d764015e21e7c9bb88e748e239e105ccb895e9318b9a4a448e7b9415ad9502fc70e330f3e4ddc473a4713cf082e65a3af4a0c5cd2522473dca29af7b5387393ad1ce538b7149b6fd2a8dc718f8b6045283f04c81539a48
32ac278df6822a5110b4737f3012030e59174be506e111cc3a866c8e05a43996264f8fb02b3237ab7b07aee5b5191f87a4daf66d23e20f9cefad043c2c467560d12112231bd5bd83b672db0c8fc3d26d7b3691f107ce77d6821e272c8ba5f0737090007491c19fff902885a39bf770902328887f03b443d5
002da99c3e5a85a0b8b25ed22e697d26ab749adf78b461ac5a16aa1692231f856d6f07c0b6a0dd4ae894c838c62e48a73b0756bef36be1eaf7f6308f2047547e78875ec06ea5744a641c633724539d819b5f83b5f0f57bda18481355ba4d6fbc5a33bbd5bcc9914c5525c592f68f634bf36b081df7f7bdff
3af0fd4ada2b4b711746347debdbbd03cee35c1b2d0c9221b6a3c91c57043a9cbed05a741a93ccd78893a1f7b92f8062fb155949e3eb7b6e6b2c9bd32ef3d450e0b9d923e66bc449affbdd17c0317d8aaca4f3f5bdb735754dea21e771ae0b8686500891757543bb4b28ba31a3ed4eddf0728d97b2c4fc48
023d38fe979224609ece6c7b442f0e130c0a32eddc19521e4b908dfb3b500e25c40f04e9c4d037ae992c508d8c072e07c4fa7f0f123122c74e0f0d240c0cf947561bfb001bd74c962846c6239703e27b2f8791189163a70786922986051974de0cb3f634bdb5ef9ff504f67363da217873cbebcc3a704fed
12e27abb7e2416803ea6d8fee0e660296629c75fe404b3fd491cf7f25d061cc7586c9aeb54d0a8efc8824ec9421e71e000963c15f3490c0f87540fa93ff2bcdf582585b05477e4412764a12f38f000490e0b03a48607c38907d534b314e3ade20263af031a7e9dbcfa01f536c7f7073302e32f8b7b510fc4
0087fdffffffff807fe0000083fff6087fdfffffffff83fe00000041fff7021ff7ffffffff81ff8000020ffff021ff7fffffffff83f8000001cdfff1010ffbffffffff80ffc0000107fff410ffbfffffffff83fc000000c5fff5043fefffffffff83fefffffffffff803ff0000041fff73f0000001cdfff1
000000020000000000002000000000000000200000000000020000000000000000080000000000008000000000000000800000000000080000000000000000040000000000004000000000000000400000000000040000000000000000100000000000010000000000000001000000000000100000000000
0c185a940d68b37185a940e2eb36d00185a940e2eb36d05a940e303f6cfa30616a5035a2cdc216a5038beedb3f0616a5038bacdb416a5038c0fdb3e81830b5281ad166e30b5281c5d66da0030b5281c5d66da0b5281c607ed9f420c2d4a06f659b702d4a07181fb67d0c2d4a071759b682d4a07181fb67d0
33e7a16fee774ca27a16ff1cd2c9313e7a16ff18f4c943a16ff1cf7e93070f9e85bfc63d3251e85bfc73cf24c239e85bfc703324d285bfc73ec04c1927cf42dfe10e9930f42dfe39e792613cf42dfe3609927342dfe39f3f260d1f3d0b7f8c7a64a3d0b7f8e79e498433d0b7f8e48649910b7f8e7dc29831
1d333ef45aa4eec2285acbfe0b8c6d0329092d8258ec6184fe5e5e7b66d521df4ba333a1a2d372902d14bf103139b67487ca31997342d47c5de0bcd53a667de8b549dd8050b597fc5918d90652125b04b1d8c309fcbcbcf6cdaa03be97466b634592e5205a29c02061336ce90f988332d285a8f8bc0379a9
02f6c476324a5391ee71696fa4553d13aa8d0eb58dcc112afaf1b521dcfa102f37381d96ed03ff07fbb41a2edf12fe599a2ec4cef066a970df8299fb05ed88ec6494a723dce2d2df48aa7a27551a1d6b1b982255f5e36a43b9f4205e6e703b2dda03fe0ff768765dbd25fcb3345d899de0cd52e1bf0533f6
3d0a07bd966279421e51d35ce677902c62362e131f00c3a138db1768efd32fd3f997117c46503404f77ed704562d34b359004e6462ca25c253b099313a140f7b30e4f2703ca3a6ba0eef1f18c46c5c2a5e01734271b62f13dfa51fa7f32e27188c906809eefdae08ac1a6966b204bcc8b1944b84a7a33261
22cd8d3f6e07de11e46870ce7f40603ce3ba0f4653e07347356e6e0f65f81e23e52bfb719080c07cc61e322304067c986b64e199e3edfab6d5107658059b1a7ee02fbc13c8d0e19cfe80c039c7741e90c7c0d28e6adcdc60cbef3c47ca57f6e3210180f98c3c6446080cf930d6c9c333c3dbf56daa62ecaf
0ba7ee6ab06c48437289407ebbe7803f27f828a1b2ffd373251fc8435fb2247ccc1d34d312e127f62922e7bd1b327cf315064df0f26ec357faa15fa7123e660e9a69897293fb149152de8e393e798a8116f8833761abfd2fafd43f93fc144ec97ff1b9928fe421afd91b944a03f5df3c0233100274f6bc26
3b1c26985b9d78c0673530469cfb67071238445f9ac7a3c84ff0508fea383f3bd2adb08f2e72c98845ddcf82562f14195db4246a21f48c3c7faa14233f9de956d637974164c422eee7c12b178a0caeda123512fa461e3fb40a1203891c222fcd63d1e427f82847f51c2339a98232d7db4068af2c86a45eb9
067a4f16ee6e7f008befbb1f19cfa62c421d01ec313b0108ce6b22338f0f067665003cc167c0f89176c497b5541d959cac3c0c57a15a672240dfc57f033b32801e60b3e07c48bb624bdaaa0ecace561e062bd2ad3391204ee2c016210e80f6189d8284673590f8c788045f7dd8f8ce7d33d66659238e8cdc
356cb6a3bf4980113928c939b4c6bd209c1d93be6224802f97c915d90e10034a518e105a6413be1a94d74061343007ed4e047cf5f1e4e7b466f6f20021a528c7061d3211df0d4a6ba0309a3803f6a7002e7b00f273da337b7900104e0ec9df31124017cbe48aec870829c94649cb9635f395613c6f931153
3294022d08df5940592484908bb44224a2f73dbe4c48f148758fd8eaaf7a1dc2e00facd5f9529bbf87f9fe5a5025feb4527e69b823eaa8c9abdb34a02ee17007d45afcb14ddfc3fcff2d2812ff5a293f34dc11f55464d5ed9a5032517b9edd162480a43ac7ec7557bd02c92424845da210016d4ce1f2d42d
118660afdac24151f84c70affd4ef40e9557a62879f132e7bbd588604d0018820bc06854a17107ba52d00bf5920cbde7999f3360f27866c612727a3a2c4105e0321a50c083dd296805fac9265ef3cccd89b0813c336309393d1d274aabd3122cf8a173ddeac43026800fc263857fea77a3d787ea56b05a5c
06ad5c6459ad3a41e223b0356c4104262cb4c80c4528c1d7a9eb7f67288624d85f1ef392f7602abd99af02e4f422d5c0adc632b142bc78d52510c131126c2f8f79c97bb0155eccd781727a116ae056e31958a35e3c6a9267609913165a6406229460ebd4f5bfb394430f111d81ab62082011e9c7f4bc9123
328ff7302ba29e625aa7589e5075af13afa44483c6a97055789e00db272a3774a47481112e003de9ddb66a42043bf358c5d9615a628295fcc6c8315e1bba523a408897001ef4eedb3521021df9ac62ecb0ad31414afe636418af29d7d2223fd354c02abc4f006d939532d53ac4f073ad809713d5dbf120b4
00000087fdffff8000087fdffffff80000087fdfffff800087fdfffffff80000021ff7ffff800021ff7ffffff8000021ff7fffff80021ff7fffffff80000010ffbffff800010ffbffffff8000010ffbfffff80010ffbfffffff80000043fefffff800043fefffffff8000043feffffff80043feffffffff8
000000000002000000000000200000000000000020000000000002000000000000000008000000000000800000000000000080000000000008000000000000000004000000000000400000000000000040000000000004000000000000000010000000000001000000000000000100000000000010000000
1d324c1858b2505324c185a90d048c1324c185a80504924c185a93e848b434c9306166e94130930616a4fa122d0c930616a434123130616a502522ce3a649830b164a0a249830b525c09172649830b500a09209830b528129167299260c2d1f28251260c2d49f4245a19260c2d4868246260c2d4a04a459c
22cdb3e79f31afc0db3e7a16f0fb752cdb3e7a141afb81b3e7a16fd5b74d0b36cf9e8506bee36cf9e85bc3edd4336cf9e858abede2cf9e85bf98dd33059b67cf42835f71b67cf42de1f6ea19b67cf42c55f6f367cf42dfab6e9a166d9f3d0a0d7dc2d9f3d0b7c9dba726d9f3d0b577dbb19f3d0b7f73ba65
0cce2734226180b3d6dec868d0abaf3cd78d29e9820bb06d3e250c9b5aee204aeca24e73eaa22ca01ec0578d372070847977561670861d914ebc4a36199c4e6844c30163adbd90d1e3575d39af1a53d7241750da7c4a1936b5dc0095d944a107d53059403d80f11a6d00e108f2f2cc2cd10c3b229d78946c
2fdbb833bc7b00203dad4241171d8921f9c8e785f894621eb87eca8061c103c3062e52b99f113bf75ef9a350100c3b48fd748ff020c024511fcc60ee1fb770677d1600307b5a84822e3b1203f391cf101128b03d70fd9542c38107860c5ca5733e2277eebdf346a020187691fae91fe0418048a23f98c1dc
102447cd0b98ccb3c252ca81e3af441e06372539243871e1484d690a6b0c3c3cf9d4d9f59442c408d4130de32533c4b735944343333fdedfaf24d24720488f9a1731996384a59504095e873c0c6e4a724870e3c2909ad214d6183879f3a9b80b28718811a8265dc64927896e6b2ca686527fbdbf5e8ba48d
3331d8cca5b24c202921445a2a211e032872e2d59ac12392c2a726ef71df1fb51360de3b48b1d360144c59a5fe1f8f7bb9917d1ce379e59f8034e8ff2663b1994f849830524288b454423c0650e5c5ab35824325854e4e20e3bd3f6a26c1bc769163a6c02898b34bfc3f1ef77322fa39c2f3cb3f00abd1fd
133b42446d13eb40a7c6dc51341761385d35c4746d2fb2c6fedcecf05dcd02ca1b842b919ed1fcec986c027ca21751e9845136b07279cc9adb77965021650dc213b8cf70fe764c36013e512ba8f4c2268b58413ce64d6dbbcb283c2e9ae2382697e3637f6e76572ee7253e36e28790bb105d3f7355836242
3b07c414c327f0f3210cf6bf027e6805cc100ad8424aa365cc57d9be1a3d3eea489f4eb90f31b0e75fc02b8e5729fb787796c27622c3e4e42b19fdab3f75244fa54c87a2d873afdff4c72c14fdbc3bcb613b1361f272156bfed602e608056c212553b2e62becbe0d1f190867b5f813f341d8e134c2dcebc6
2de58825a445bea33f80a6a507c90922f5aded72e5346041dd2383e925342423493b1c5e6623c6d524dcd39ade3863e05a52bc3d33d0471857930b8d1211a49d8e2f3311e36a926e69cd6f3c31f02d274e1ea3e8238c2ba885c7117ad6f6b9729a3020ee91c1f4929a39fc0535262e485033d278b77373f8
303db2a7f9d559a248e90cdd085fd20dabddd762ffbd912b9c034c1a9f5c2e8e419ef669ca63fd1ba364d0c5872446ee5c92d35a4387e77d20d7c3b0174720cf7b34e533fe8dd1b24762c41223772e4969ad21c3f3be906be1d826d5eeebaf6fded095ce01a60d4fae12474866e842fe93ab65b51dd94c01
0decb0e8a9232fb1e4103e6ee31bd51a2de2f79d69b081f7312dbfed28a40b259afe25a55330c76e6f73dff89a3c2a6339f6bf567113f22cb8082bd62592cd7f10c2a9a063b737b9effc4d3e15319cf94fab4089f9165c0415eb0d16f17bceb4d840fb9896dff694522f2081f37508deb194a0116846faca
13f0144b191951b0938624980254ea3530915a0deaf7309b57140766ac652228da2d61b0e2f374a1226f9c0d6c272ace693d3778d393e4e02d2d6b5831146d16aec87181ba509137ce06b6339567349c8bbc71c9f2701696b5ac3a9848ad04e57ba24dab8a03925633049c3124c012a7528c33057eb5120b
39edd010d8c1fa61e95e785b9242371a33ef90333129f24b566de1c73bb631da2dd0fc45f7b047a8ba479ae9c032f2abce5dc2b611cf8890606ecfbc38ed16e87c12fbe023d45d23cd74e0397955e72cd15b10e7c448303767de2d19f7c81788950125ab36f0e39ddb2f4af3c2da8211c0356ae322cd69d2
37cf29975339c3224dcdcb1d2cc19a27a2cab70158f56387dfc5ee5de5db0c716e11238dc0f00a83a7b1db71b00bbff28fd7ea8a00f2cb92f6e202b32638b7088fb6e0800541d3d8edb8d805dff947ebf545027965c97b50015a13d1655b80ac7ab3c3efe2f70df2ee126e6e58e9660cd1947fb9815d14f3
3f8000001d67fd100000000a0bdff238000000255fdf1000000087fdfff83e0000001efff71000000021ff7ff8200000003edf7f100000021ff7fff83f0000001deffb100000001207bff4300000002ddfbf100000010ffbfff83c000000211fef1000000043fefff80000000060deff100000043feffff8
000000000000000000000000000020000000000000000000000000000200000000000000000000000000000080000000000000008000000000000800000000000000000000000000000040000000000000000000000000000400000000000000000000000000000100000000000000010000000000001000
2f7f7d120cb2693302da7df2a92aa30cff2a52507c0f82dd324c182b5251033fca94941f03e3b74c9305d954951c0b69f7c99caa9374c930613149421efefa241d84d25205b4fbe59455450b64c9d5ba53a5a1ba64983098a4a1067f9529283e07c36e99260bf4a9293816d3ef93395522e99260c2a49283
180082edf76d92c0fd25820c9095a02b00d5adb3a3b07122cdb3e78eb1b01ac0356b6be0ec2048b36cf9e3ac6c03f49608324256808b36cf9e7cc6bf300105dbeedb2581fa4b0419212b40249b362a520bdab2459b67cf1d636035806ad6d7c1d8409166d9f3c758d807e92c106484ad01166d9f3cf98d7e
2138053a6dafdf501ae5bca882e025304f53b6e3300f409cd90d4c5ef78030cf40f9458089e03886d8d069745b3180a04a740ee8514489324dcabc7e1a91b32c4cf71452b3b0edd9ec4aef38c0502537f7743139b21a98bdef00219e81f28f2113b0710db1a0d2e8b623014094ec3dd0928912649b9578fc
0f5ba38714554112857cfe23fc82e12ec68b30ca3a5ca00b9d72882fb26d2a9c99745b632f80b7309be90f243b155a87ed0025858073b8201605a3a00bd774a310288bb238f722f9c325280aad43f68012c2c0173ae5105f64da153932e8bae65ef16e6137d21e48762ab50fda004b0b00e770402c0b4740
0147a525bab5cee2227728c6f975fd036226876a6c4243f4628d785a816001ed92f9afb6783348cf6416e1e8ba1d4548aea9a25e138c47dfece92b952a6da193f3544851c708dd061461512ea2a45752c12f13e8c51af0f702bf03db25f35f6cf062919ec82e05d1733a8a915d5344bc23188fbfda145729
1d24b218cfa6a9133d261c6b14ad7b0d87fa90f082d8436326f2b42b3c4d1ea69298ab4c3003c779272f87989a1bdf8f19d62f4e52bb76cdb52412b70d29369cab6f48c14c4f1225eb3b8a2defc78ce907a732c64de5689878993d4d2531569860038ef24e5f51313337bf1e33ac5e9ca176ed9b6a8a256d
0a3250579a6ced63e840118e9a41dc3932a2caa94fe542ce9230c6ad05703b9479aa9f6d0122fed16d6261268b24ca8b2ab19f94d29819ea426a34dc1dca3cd54fb680937f68b6b10f93463265459556bfca714c0cf521351a6e3047711a2d25e181674918635682b80b93e0d79c54200099da1223689f5a
1d9be1c7ca1dcc71150bb096eabd0f03cf521d05599952a5b7f5563204b52c4c99919fb9239180e2471f4888f50f3d487415666543c3935a1ca7a78c36264cc8cdcc91d2c071238f83447b079ea43a0ab332a1e1c9ad0e53d3c60228b4fdf16332f352dbfaaaf8025b08675195489f8233d83e20a5f83f88
0da6def009148e3359f75a35f19a7d1ae58d7e53f36101e9485c92863c742432f2bf2b269cc030aff320bce0ad2b9635f953ed83f26df3fc928b688b1219795f95934e621857f9903d705735cb1afca7e6c20336f9fe4924b44636d18b617b4397c0f4a42e49431e3a1170f62f5c32ecb16f2c412d222df5
14fe7ad0a757dc33e4961c9d317a90077d7da767daa722e66cff50384b36008713e72486dc726bcfe265f9307d1df5f69d9f6a9c82732b6d31d27316204389f390336e4335e7f132db983f0efafb4ecfb54e413995b698e9398b03cfe366ecd4679173367fa81c259b1f138c51b0a4c08181ed953fceaacd
2f62d5c3ba528cf045c5c95ab7ae12167e86675e0411901289dc7baa4c7a0ff3e00feed5cfd24e449b22ae419019fa199d7c3046318154e7a678bb3027f9f007f55ae7f127224d915720c82cfd0ccebc082320c0aa73d33c5d981ca0dd5a003e74900944ee3dd5263d10cc9424827104d26f65874528197e
063ce6b2949dacc07bacbfd1b7c65b206e56c0b8fedb231dc0c7a27bc3762c667225cf6f4783153b8f5671d33001b95b02ec3b6c619d8bae9a47c79916333912e7b7a3c18a9dc7ab38e99800dcad81761db632cec5d74d02e3cd2ae66595c82eac918ee063d13de1bb092e2bc91ffef3e29f80a258a7ca8e
2ff4d0829b15f731e4927f965ab78320effa64e7e996c1fe96e18e4e90762d0809be3ede91403478d732bcbef003bfe993a7e65ae09c8a5f128c22bc168404df1f6f48a01a3c6b995e5f7801dff4c9d3f32d704e452f8946115e22097eb4fb008970ff4b70c727483b1d93127a29b9fe11cf6e8086c60fd3
31f7e726f0857c311e21be43b2d30c28be28658a6909108d1ef855b6fcff12028a295b53fef34bd3744b6fb77a22f8a19631e4242107c85c93805f4629014514ab99ff81a5e9ba25b7dbbd117c50cb18f2121083e42e49c02fa3395da97ab607cb32468f7c2aba7e8003f278aa2ab351c1be794cba99ce19
017fff80083fffe3fff800035a086b17fff80021000783ff800001ce87f105fffe0021000183ffe00001ce21f11fffe000252020f3fe000001d01fe902ffff00108000c3fff00002d610ed2ffff00021001003ff000001cf0ff10bfffc0021000383ffc00001ce43f13fffc000294042e3fc000001d23fe1
000000000000000000000000000000000000000000000000000000000000000000000000000000000000000000000000000000000000000000000000000000000000000000000000000000000000000000000000000000000000000000000000000000000000000000000000000000000000000000000000
3a4f8d6e2a408a914cf447a569fe0c24f8d6e2ddc8a820cf447a57e9e0bb293e35b8b5622a1133d11e95e9f82f13e35b8b7f62a061bdfdf4482249a5349f1adc58a1151299e88f4ad3fc1809f1adc5bfb15030b4f047c16979d8127c6b716ee4541267a23d2bd3f05e27c6b716fec540c37bfbe89044934a
07b8fa11d19f75833b83b85a5401f53b8fa11d1e1757f3b83b85a8581f441ee3e847467dd600ee0ee16a1607d12e3e847484bd5f9060020bb7ddb64b0f71f423a33eeb02770770b4ea03e9371f423a404eafd05a0fb83f9e861c3dc7d08e8cfbac01dc1dc2d42c0fa21c7d08e90d9abf10c004176fbb6c96
142e7b5b794c66a0eb3c6d1309f47402e7b5b7a96669b1b3186fad17e74a10b9ed6de9519a727e16b16876b04e38b126b066678eb1d096d5a29287de285cf6b6f298cd41d678da2613e8e805cf6b6f52ccd360e84b6ad14943ef2173dadbd2a334e0fc2d62d12f609b0983f61842867303a12dab45250fbc
20709f80df54ae72f1e21b6c4930e30709f80e164ae6816206118077975601c27e038592b9a00ccac3a7319d75207c0597ad9938c32c1df89ece1e8a00e13f01c2c95cd1e3c436d8d461c50e13f01c2c95cd01960efc4f670f450384fc070b2573401995874e633aea2e1838c442b07b12583bf13dde3d13
2dda0c248293997058a8d6af9a22741da0c2485699965346a91040d59e1a37683092128e65a11d6104c921afe8322ee3c20a18bab2166f2a141b8db61bb41849094732d0b151ad5f3444e83b418490ad332ca10b37950a0dc6db2ed06124293ccb323ac20992435fd00c3c1ecc9a5a1fd02cde5428791b6b
2197e7ff1c8b51a0db28a0d0d0b84e197e7ff1e9b51982b3386e921ee4dc065f9ffc7a6d46609b7d86273602bd38e7aff5e6067e5128dc07aa41d243032fcffe3d36a331b65141a1a1709c32fcffe3d36a3302946e03d4ffe9220cbf3ff8f4da8cc136fb0c4e6c057a04af3256dc4ef33251b80f5483a486
0f13a24325ca17e02c1ec6dd0acba431f7f2c4fb5f50a283383f20a7afae3c4e890c97285f8152a9f44cf90f722563492e7f8981820ce0fc8322beb61e2744864b942fc0a954fa267c87b933307f3527c1f65106707e41915f5b2caa1917562d97327c7e1adddbb6c50160f636e8565d218c747e0a5b4659
0bbf7859d955eb00722c60a60c4e17215fa9c0518d06b0244b60a5c793132efde1676557ac009bfdfdd4d5a3a22f3ff61f31e1b4e0912d82971e4c4c177ef0b3b2abd6004dfefeea6ad1d10db1373c22a2a9b04896c14b8f262610f0e0cf977ce9a016366f49cf2fee239163052e5270c0f0efcd353c54c8
21610d68b7b623f21efce26f2e4e420cb7c1b1be829861106a2027045505058435a2e7188fa1b320ff750cc24a23e1d1497c5e521041a8809c53541302c21ad1738c47d0d9907fba866125283f4d11ef48d02220d4404e08aa0a2fbaa57b308b33711e215a38b7c8f610f7e71379727211032341a57e42e5
106ff3a87ae1008320d7443834d30f39f7df919703a1309ff35eaaebc83501bfcea1efa401f1a9e5a0f12c05f917a6a73a008d27327fcd7aabaf20d420dfe750f5c20102d4f2d0787502fd0195c38b85e897613fe6bd55d7906a3d0d145c0258e4a2510bf888e3555b3906ba21bf969882a9061fb8a83022
08d37fc135eb3943a1b62ddf6bc1e33759d9968278fac107536f5c650934234dff04d7ace5014fab41c6a57e412320faf7baf1eea01d4dbd71d624cf11a6ff826bd67282a7d5a0e331bf21168e6c55f63d46a20ea6deb8ca12680d0e86f19488e92399c35a13254b573d0db16ef94e0f2291305082e65b24
0d26c4517400fc6391ab8fb073c37c13a95c41b89d1f51cb95a32addaf83349b1145d003f1812025aeb302542913236415a10d33132e568cabb8be0b1a4d88a2e801f8c29012d759602a150e03ac663bc34593972b4655bb5f060483e8564a0dcea090be74ec4acbb11c8d5c7d839e1be1dcdad8eb5fe156
227264181c6c6f437532d4514b58751e19027b58d453c30cea6c884b44fa09c9906079f1bce1329c786d2580eb1921fd3e36b70f0033a9b221f313e504e4c8303cf8de72994e3c3671c0763bbf63a9e8f3655219d4d910d889f3209e02c03375e7f29f8d4e6c965e5e3ba996a2884ac3b098be9c3d6a6b9a
22cd1e26fb903401576c1ff310e7553abaa9e3bd430183aa4b62570aa5280b34789bf680cfe28a64048fe1320917e66be32e7320f2a92d895cf0949d059a3c4dfb4067f345320247cf990530b3fc8b047608035496c4ae574a4f225bea39d184c762250f05aab386fe2abb60ff96773ab3dfa88db691604c
000c817fff800000c817fff800000000c817fff8000000817fff80c5fffd003205fffe000003205fffe000000003205fffe000000205fffe0317fff4001902ffff000001902ffff000000001902ffff000000102ffff018bfffa00640bfffc00000240bfffc041ffff0640bfffc00000000bfffc0251fff7
000000000000000000000000000000000000000000000000000000000000000000000000000000000000000000000000000000000000000000000000000000000000000000000000000000000000000000000000000000000000000000000000000000000000000000000000000000000000000000000000
3dd5fa4f8971e3715fa4f8d6cc36091d5fa4f8d4fe3611fa4f8d6e0d608b3757e93e32278d917e93e35b72d823357e93e35818d833e93e35b877822b3babf49f1703c6d2bf49f1ad986c123abf49f1a9fc6c23f49f1adc1ac1162eafd27c686f1b12fd27c6b6e5b0462afd27c6b451b053d27c6b71310455
022a07b8f9ee1ca2a07b8fa0f1c9f822a07b8f9ee1ca0207b8fa11b09f7608a81ee3e7b8728281ee3e844b27de0a81ee3e83c727e01ee3e847467dd604540f71f3dc394140f71f422593ef0540f71f41e393f00f71f423a33eeb11503dc7cf70e50103dc7d08d84fbb1503dc7d078e4fc03dc7d08e8cfbac
0e65942e7a6dee925942e7b590e8c7265942e7b33ee8d1942e7b5b608c67399650b9e9b7ba41650b9ed6c7a31a19650b9ed53ba32250b9ed6dc4319b1ccb285cf4dbdd20b285cf6b63d18d0cb285cf6a9dd193285cf6b6c118ce332ca173d78f7472ca173dad8f463432ca173daa774640a173dadbca6335
2d4660709c95d840660709f807834b14660709f6bd835260709f80ba34af351981c27a9760e1981c27e01e0d2c11981c27df160d3181c27e036cd2ba1a8cc0e13d4bb070cc0e13f00f069628cc0e13ed7b06a0c0e13f01b6695d2a330384f94ec1b330384fc03c1a582330384fbe2c1a630384fc06d9a574
319a6dda08f21181a6dda0c22d173a19a6dda0c0a117426dda0c245d739a0669b768302845d29b768308f65ce7269b768306a45cf1b7683091f9ce662334dbb4160422f34dbb41845a2e74334dbb4181422e80dbb41848fce7330cd36ed060508ba136ed06122eb9cd0d36ed061168b9d36ed06123f39ccc
12b9a197e6ca27d39a197e7fb67cb62b9a197e7d227cc1a197e7ff03cb520ae6865f9f489f326865f9ff9ff2d52e6865f9fcc9f2e2865f9ffc512d472573432fcd944fa33432fcffaef96b173432fcfe64f973432fcffe0796a415cd0cbf3e913e60d0cbf3ff81e5a91cd0cbf3fdb3e5b10cbf3ff8e45a8d
17a08f13a0bd4d9208f13a2410d8a23a08f13a2074d8b08f13a2431d8a181e823c4e8715363023c4e890c762862823c4e88e3362923c4e890c7628602f411e27417a9b2011e2744863b1433411e2744509b1511e2744863b14303d04789d0e2a6c604789d1218ec50c104789d12086c510789d12192e50bf
28540bbf75c06f6140bbf78588f55f0540bbf78546f5600bbf7859d955eb21502efddf41bd6102efde1665d57b1502efde151bd5802efde1676557ac10a8177eefa0deb28177ef0b11eabe0a8177ef0a8deac0177ef0b3b2abd602a05dfbc2a37ab205dfbc2ccbaaf62a05dfbc2a37ab005dfbc2cecaaf58
277061610addfba3061610d659b96337061610d2ffb97061610d68b396241dc1858433b7ee601858435a2ce5891c185843585ee591858435a2ce58900ee0c2c219dbf7320c2c21acf572c52e0c2c21aa1f72d0c2c21ad1672c483b830b08676fdcc030b086b459cb123830b086b0bdcb230b086b459cb120
3bfe106fefca9bf3e106ff3a47be113fe106ff3669be22106ff3a859e1012ff841bfcb8a6f93841bfce9e4f8413f841bfce606f85041bfcea1eb840237fc20dfe3b537d3c20dfe74d17c213fc20dfe70f37c3020dfe750f5c2011ff0837f9b34df130837f9d40bf0813f0837f9d02df090837f9d43d70804
131b08d37e85f871b08d37fbf786b431b08d37f8df86c308d37fc1046b3a0c6c234dfe37e1b2c234dff0201acf06c234dfefde1ad0234dff04d7ace5263611a6fd0bf0e3611a6ff7ef0d6823611a6ff5df0d7211a6ff824ad67318d8469bfc6fc3618469bfe082359d0d8469bfdfbc35a0469bfe09af59ca
3c0e8d26c07284d0e8d26c45084c1000e8d26c45084c128d26c4514ac0fd303a349b0e2a1313a349b11421304003a349b114213042349b1145af03f2381d1a4d85050991d1a4d88a10982001d1a4d88a1098211a4d88a2d781f920746936207426134693622884607f07469362284260806936228ba007e3
0e432272632ccaf0322726417eaec7243227263f2caed322726417eaec70390c89c98cb32bc0c89c9905fabb1c10c89c9904f2bb2089c9906071b1bd1c8644e4c65995e0644e4c82fd5d8e08644e4c82795d9244e4c83017d8df321913931d8657719139320bf576382191393209e57641139320c0e3637a
3f3022cd1a1463a3022cd1e23e390433022cd1df26391022cd1e26fb90343cc08b3474b18e5008b34789bee40d0c08b34788f8e4108b34789bee40d03e60459a3848c7320459a3c4be7207260459a3c26c7210459a3c4df7206839811668ed831c9011668f137dc81a1811668f11f1c8211668f137dc81a0
0000000c9e5fff100000c817fff800000000c817fff800000c817fff800000000032167ffdc00003205fffe000000003205fffe000003205fffe0000000000191bbffea00001902ffff000000001902ffff000001902ffff0000000000640bfffc00000640bfffc00000000640bfffc00000640bfffc0000
000000000000000000000000000000000000000000000000000000000000000000000000000000000000000000000000000000000000000000000000000000000000000000000000000000000000000000000000000000000000000000000000000000000000000000000000000000000000000000000000
111ab89f83ded84327dd5fa4c4c51f0727dd5fa482c5227dd5fa4f6451e4046ae27e139b60f09f757e93d914791c9f757e920b1481f757e93e15478e2235713f07bdb0824fbabf49cb8a3d0e4fbabf49058a40fbabf49f0aa3c70393eeafd24162913eeafd27b228f2393eeafd24162903eeafd27c2a8f1c
2ee5476075e9af60d822a07b81b2e238d822a077e5b2f1822a07b8e12e1d3b951d81dfe6bd63608a81ee06cb8823608a81ebf6cb9208a81ee3c6b8731dca8ec0eff35eb1b04540f70365c431b04540f3eb65d304540f71c25c3a3c6c115039e2d982c11503dc4f970f06c11503dc0d971011503dc7cf70e5
20b5e2122f333e605ce65942e1b8df045ce659429fb8e1ce65942e5d8def211739964e97ee417399650b86e37c117399650a7ee383399650b9b837bb016bc42462867cb0b9ccb285c371be08b9ccb2853f71c39ccb285cbb1bde022e732ca14fdc72e732ca170dc6f822e732ca14fdc702732ca173b26f75
1edea406a3bfc2a1f2d46606e9d15e09f2d4660665d1632d4660706b15d9227cb5197f897463cb51981be9457727cb519819974580b51981c27257613dbd480d477f8543e5a8cc0dd3a2bc13e5a8cc0ccba2c25a8cc0e1182bb104f96a330332e8b396a33038148aed0f96a330374e8af16a330384e4aec2
017abada24552683a319a6dd64bf223ba319a6d9c8bf32319a6dd9e7f2121ee8c669b56a2fd28c669b7658fc852e8c669b7382fc90c669b76823c84602f575b448aa4d0346334dbb0b7e433746334db7b17e506334dbb411e4233dd18cd36ad45fa118cd36ecf3f9091d18cd36eb25f9118cd36ed047908c
3ef0bf0cfc48e7c20d2b9a195ca6a3360d2b9a1602a6b0d2b9a197da6a281d834ae68478a9b034ae6865f69a8a1834ae68646a9a934ae6865f69a8a03de17e19fcb1cf701a573432fb4d452c1a573430254d51a573432fb4d4503b0695cd08f15360695cd0cbed351430695cd0c8d5352295cd0cbf15513f
0e931b459dbd79109d7a08f12ffdd52c9d7a08ee59fde1d7a08f1383dd4e2b275e8239867f8275e823c4bff7543275e823c1a7f7635e823c4e5175371593af411cc33fc13af411e25ffbaa193af411e0d3fbb3af411e2707ba9c164ebd04772cfef0ebd04789c1eea724ebd047876feeb2bd04789ce4ea6d
2b598c08339ad8f02a8540bbf4c807242a8540b9a2c812a8540bbf4c8070390aa1502b50b210aa1502efd3201c10aa1502eecb2022a1502efdb601be3c8550a813985910550a8177e9900e08550a817765901150a8177edb00df321542a05ac16411542a05dfa6403821542a05dd96404142a05dfbae037b
1807a8135aa513f11a770615fea1e0011a770615fea1e1a7706160f21dfc20469dc1836fa88069dc18583c877f0469dc1857fa87829dc185840a77ef10234ee0c1b7d44234ee0c2bfd43c00234ee0c2bfd43c34ee0c2c1e43bf8008d3b830aff50f0d3b830b0790efe08d3b830aff50f013b830b0856efdd
321968db9cfdc4f107bfe106ee3aaa1907bfe105623ab07bfe106febaa9c1641eff840508eb01eff841bfaeaa7241eff8419a8eab1eff841bfaeaa702b20f7fc1e1847620f7fc20ddc7554320f7fc20ac47560f7fc20dfd755382c83dff080a11d603dff0837f5d54e083dff083771d553dff0837f5d54e0
18285278085461b1e531b08d18b66001e531b08d18b662531b08d35965f920794c6c21362da394c6c234a4d97f0794c6c23462d9814c6c234de997e2103ca636109b16d3ca63611a316cc003ca63611a316cc0a63611a6f4cbf100f298d8468c5b33298d84698bb2fd0f298d8468c5b30298d8469bd32fc4
19640f30f79b5cf2cfc0e8d23de1291ecfc0e8d06fe130fc0e8d26b4128517b3f03a3313f8533f03a3497b84a23b3f03a345df84b3f03a349ad04a142bd9f81d1779fc319f81d1a4bdc2513d9f81d1a0dfc261f81d1a4d68250a2f67e0746627f0a27e074693390943367e07468fdf0953e0746935e29427
090b0a9e0e22dbf144e432271150cd0d44e432264b50d04e4322725f0ccb3351390c867ad4411390c89c874333351390c8992d4341390c89c97c332c19a89c86433d6a2289c8644e22a19a1a89c8644c96a1a09c8644e4be199626a272191115a872272191390e86662a272191367a867272191392f86658
015adb7bf3f01d031bf3022c9e9547271bf3022a4c9551bf3022cd01546439c6fcc0877b25606fcc08b34055191c6fcc08b1725522fcc08b3447518f1ce37e6043bd92b237e604597f2a8d0e37e60458b92a937e60459a02a8c8338df98113164ab0df98116680aa3238df981162e4aa41f9811668d0a31d
0087c0001cec80907c0000014c17f6087c000000c81783c000000cc37ff7021f000010b20541f0000005305ff021f0000003205f8300000033d3fff1010f800018d90220f8000002982ff410f8000001902f8380000019c8fff5043e000000640b83e000000640bff803e000000a60bf7200000065d9fff1
000000000000000000000000000000000000000000000000000000000000000000000000000000000000000000000000000000000000000000000000000000000000000000000000000000000000000000000000000000000000000000000000000000000000000000000000000000000000000000000000
085ebead633e7052eb61b967cf07bc0a01c90c78e0c0239fb4436e30c353217afab58cf9c143ad86e59fc01eee28072431e38300827ed10db9890d4910bd7d5ac67ce0a1d6c372cfe00f7714039218f1c180433f6886dca386a53db41f1ec4fe23335b0dcb3fc23ddb100e4863cb2600f0fda21b73541a91
37a10152948191d1109e4697ef18cd35fa36f382ff6070204bbc918f45361e84054a5e66471042791a5ffe633317e8dbce185d8190812ef2463d14d82f4202a52d232392213c8d2fde319a2bf46de70a1ec0d0409779231e8a6c0249e0e136e1ece084f234bffcc6662fd1b79c30bb0321025de48c7a29b0
3994d6fb19d09a034184ee893b38ff224225df161cc3f117adf8081c04fa04930d3a014d5ca10613ba25b2e3f90908977c60b30fa05eb7e020b213e73329adf637c133f28309dd12b871fd04844bbe305987d22f5bf0103809f4312112ef88fe62008bd6fc040e027d3a0c277447c9c8023dc03888bbed43
09ca9dda61a90af2c36892f8c4132405ef96488cbbf9010a5b79fadd4c5a0e2c9c68730e95b30da24be3944c8e17be592232efe400296de7ebb7316713953bb4c35215e186d125f1ca26470bdf2c911977f20214b6f3f5ba98b402f7cb24465dfc80852dbcfd6ea62d161b4497c6209921e8f2aaa16a55bc
2b52f0e444003ab0312a4280683b7f09308951f0f2b092134518957542e106499e9240768060c4a90a01a0edfc24c22547c3cac2404d146256590b8216a5e1c88c20755062548500d076fe126112a3e1e56120268a312b2c85c1249844a8f669585309a28c4a99a171218952140131dc0319d84c6518518c
114f1a46300624a1e1e83bfd14b9700eb5ba866814d3914ab17567537cdc26fcb7cb470d9d6387a0eff494e5bf3ad6ea19a0534e412ac5d59d8ff36f229e348c600c4943c3d077fa2972e01d6b750cd029a7229562eacea6f9b8275add4331fa69d0a558bab3a9be6e0f0f41dfe8a5cb80bf74d07123f3ec
3c5889b0f61bb9628bcca249769163132c23218d64c7201c73a55506e06d24cb08c8614931d3071ce95510381c1a2f328924d2459399e43525278f23088810109f854dc2e5b72f7155275c033a24f10149d7a26ac95fcba5bc4409961190c6b263920e39d2aa627037345e651249a48b227498da2cccebc9
38df21e1b7359113cf0e16611abd692fb9216118e2918106ce1b5aec02750bee48584638a46341b386d689809e3f3c38598152f5b015bd401a997ed61bd71c41eef9c902fed944c80297bc157e14428e96f1a2acdf1eb04ce7ff17dc90b08c7148c283670dad55013b3e7870b306c5eb535acc60417bd6c8
283991f0119fc500d61377049756951fd8d3b7af1f92c25e772f9da32d2a07f634edebc7e4b2979dcbe747cb4b33584ddc0f455a623a8ccea22643af26b5b126e370d2e3777850f27cb3ae1c66bd9df73f8db2f19cfc51f853d00fec69dbd78fc9612f3b97ced1969526b09bb822aab4b2c03d409ab428a0
3262b24e8a21c172426b1772cc695133c218f195c6c852a7039d08c436153cf0863c6259b223a9c0e741ff8d863909ac5dc819a553fbf9eaad08f00f286e6344916f90027442760703f232067af655465f89935e9af2f05f4c9939e10c78c8d364335381ce84411b0b321358bb94534a9390cb46dcc6ee28
2d500b47d0d82b308b04cac5deb4ef0ad4a870dce39c3266a90646a467b012b52a1c3630e71099aa4191a919ec122c132b1672d3c32d0d02a0e7588e16f717e8350448e3269d4e6a524a4c36b28c6fa3153f42bcbe53aeb3eef2256a54386c61ce21335483235233d8245826562ce5a782c14293c021a30e
36be08f18e1dd7c13951fd028a06ff06c459c622633aa20a1807098d3c4c21b116718688ceb0828601c2634f1314e547f409201c008b220e6ebfbe161739849c6c8a6640a752971bc6077830d39d5dabc60cf1df8170fcaa7f1d03622ce311319d51050c0384c69e2629ca8fe812403802cb2079879bdae8
3dc62680513735739fb7a093c740cf3f68cdc57f8972e23263e4506fdae02fda33715dd25cc08c98f9141bf6b81e7ede824e150342bbd51a7e0a77ff11737482367fc393deb229224564b008c5ca0aaea116d3c584e0a66ad2ad1fb466e2bfc4b9711931f22837ed703cfdbd049c2a0682485854f05016e0
0e52d574dd7fdf60d8985080d17275182dfed7858080e2341e8107a218e8260b7fb5df5020408d07a041e8863a33626142002dc9e3a5d3a5e069a7380cceae3b1831e363e312b6233ae052137a1f0128a0b832365aecedac36680c16ff6bc2c040711a0f4083d10c7426c4c284047b93b00ad6dbdf9f80e8
27ffc087c83fffe3fc087c01ce00b93ffc087c251fff73c087c001ce0c711fff021f293fff63f021f001ce03113ff021f01ce00293021f0001ce31f10fff810f949fffb3f810f801ce01813ff810f80c6000d3810f8001ce18f13ffe043e107fffc3e043e001ce06313fe043e01ce00592043e0001ce63f9
00d600000000000160000000c5fffd0d60000000000001ffffffff3a000303580000000000018000000149fffb3580000000000003ffffffff3a000301ac000000000002c00000018bfffa1ac000000000000000000000c5fffd06b00000000000030000000083fffe2b000000041ffff00000000107fffc
103f2ee3b8a0d903f2ee3b9a8d8fc003f2ee3b9a8d8fc08df89371bc4c8900fcbb8ee6a363f3237e24dc3d93230fcbb8ee6a363f03217afab55b79c2207e5dc77141b20391bf126dfdc99207e5dc77351b1f811bf126e378991201f9771dcd46c7e246fc49b8bd26451f9771dcd46c7e0242f5f56af8f383
30c0911c033f27100911c06638703d0c0911c06572704332072c8e01b37803024470195c9c10cc81cb23806cde3024470195c9c103de84054a208648218122380a9e4e106640e591c0366f18122380cae4e082640e591c4566ef060488e032b938219903964700d9bc20488e032fb381f3bd080a94830c8f
0ad5fbe21156d922ef9bd131bceb362d5fbe211dad91e2f9bd131ea4b3552b57ef88455b6483be6f44c777acd6357ef8847ef64760e6535bec67426815abf7c422adb241df37a263bbd66b1abf7c423f7b23b07329adf633a13416afdf108ed6c8f37cde898f3159ab2afdf109020c8eb1cca6b7d8ce84d0
2297548756902a83914d60b3bbf829297548758a02a78114d60b3f5b82820a5d521d6280a9e2453582cfb5e0a125d521d6304a9de1272a776976242c052ea90eb14054f3229ac167b9f05112ea90eb18254ef093953bb4bb121614baa43ac50153c08a6b059fadc1410baa43ac64b53bb24e54eed2ec4858
1e686b79654fd5906ab2ab4c0207d82686b79671dd5892ab2ab4c0627d7f39a1ade5995f5631aacaad30081f601a1ade59cfb56221ad4bc390ff80eb3cd0d6f2ca9fab20d5655698040fb00d0d6f2ce7dab112d6a5e1c85ec07633435bcb36deac5355955a60103ec03435bcb39f6ac4435a978721ff01d6
3629c41eaa8926f10c643ace0114cb229c41eade326e30c643ace1194cac18a7107ab6849b903190eb3846532b0a7107ab8109b8a2453c69189f18932c53883d59324dd218c8759c022996053883d5c084dc53229e348c2e8c4a314e20f56d0937206321d6708ca65614e20f57021371408a78d231803125
3bf677f0c5175e70e5de2ccade4b083f677f0c8b35e622bc5889b0ccdbba2fd9dfc320bd79906f63135a6d1eb13d9dfc3239379852f16226c3b76ee637ecefe18e4ebcd399da4473e29aa73ecefe191a8bcc3178b11361dbb7731fb3bf86459af31201ad4733cdb765072ef16656f25841e2c44d87b0ddcb
3c6462118158cab3e77d583a98f7d906462118536caa13f8df21e17955923191884611c32a93a3708e3c826a5e191884614db2a843e37c8786ab564538c8c42306d195532fb7c87aff0c9c0c8c4230a6d95423f1be43c334ab232323108c27a655108de321305767ca3f3beac1d2b7bed3c6f90f0d98ac89
363af3a7b2501b5318f334b02471a323af3a7b5aa1b430283991f0119fc518ebce9ed5a06d13a31cc2960037810ebce9ed72c6d0a0a0e647c0467f142c75e74f68c03693fd37cc49d8e9c9075e74f6b9636850507323e0233f8a31d79d3dab40da234f60df9c28187138c799a57f138d2141cc8f808cfe28
1abe2915bae797b0b0e278c5295e7f2be2915bc7397aa27262b24e6501c22af8a456efbe5eb1639e6c8b31623f2f8a456f2525ea61c98ac93a180706357c522b75cf2f63513138ab7bdc8f17c522b79292f530e4c5649d0c038315f148ade39cbd513dc5065f255599258713c6273af40393159274300e0c
00c5750b4ff5d4c388ff9803bf68180c5750b4ff5d4c036d500b479b382c0315d42d3fd7530091957689f1e68d315d42d3fd753001b5402d1f32e0ad018aea169feba9812292e8e697b09c18aea169feba9802daa0168f787057062ba85a7faea600b785f10c9452bd1c47fcc01dfb40c36a805a3e65c15a
3040ee34ba927860a52a92866ec7c8040ee34bdaa7854136be08f17d9dd80103b8d2f6a9e15231e857d1b45238103b8d2f6a9e1500daf823c638775f2081dc697944f0b37f03c2234d890b081dc697b54f0a826d7c11e2fb3bb0020771a5ed53c2a2658c8674f611be0529549433763e41b5f0478c70eebe
1e5fd2a0622babf05bcdc659fa70c125fd2a063f9abe927dc626802c1736397f4a818cceafb37cf1902be0b68417f4a81906aafa21f7189a01345cd63cbfa540c45757e156de74ae69c4950bfa540c83557d10fb8c4d009a2e6b32fe95031dbd5f53a7fdea5fc1c33d22de6e32cdc38613ee31340268b9ac
2b44d35acb042b22ced68ca00a4c60344d35acd982b1628e52d574b43fe02d134d6b3450ac60660090bf4fede41134d6b3726ac552394b55d354ff7e1689a6b59a285633cf8f2e61ee9427289a6b59b72562b11ca5aae9aa7fbf1a269ad66cc158b19e36cfbe394b0b1676b465005263007296aba6ebfefb
0000a7ffc087c0000a7ffc087c0000000a7ffc087c0000a7ffc087c0000000029fff021f000029fff021f000000029fff021f000029fff021f00000000014fff810f800014fff810f800000014fff810f800014fff810f80000000053ffe043e000053ffe043e000000053ffe043e000013ffe043e41ffff
000000d600000000000d600000000000000d600000000000d60000000000000003580000000000358000000000000035800000000003580000000000000001ac00000000001ac00000000000001ac00000000001ac0000000000000006b000000000006b000000000000006b000000000006b00000000000
3c9c103f2afbaab1c103f2ee1eaa0e09c103f2ed9aaa10103f2ee3b8a0d9327040fcb84eaa93040fcbb8bca83727040fcbb66aa84040fcbb8ee283643938207e5a1755538207e5dc3d541c138207e5db355420207e5dc77141b224e081f974bd5512081f9771bb506d0e081f9770f5507081f9771dc506c8
0363f0c090e415623f0c09119b55f3363f0c090e415603f0c0911bc55f280d8fc30243905580fc302446f157ca18fc3024456557d3c302446fdb7c9d06c7e18121c82ac07e18122378abe52c7e181220a2abf3e1812237ccbe4f1b1f86048720ab01f860488de2af9431f860488acaafa3860488dff8f939
249b8ad5f9860ba1b8ad5fbe04b96e09b8ad5fbd80b9738ad5fbe1d796da126e2b57ee582e62e2b57ef854e5b726e2b57ef602e5c22b57ef88245b65093715abf72c1733715abf7c0972dc13715abf7b0172e315abf7c3f12db324dc56afdcb05cc1c56afdf0ebcb6d0dc56afdf025cb7056afdf108ab6c9
3f56229750724ba1622975485eb903356229754504b9122297548735902b3d588a5d4e292e5188a5d521bce40b1588a5d52072e4108a5d521d5a40aa3eac452ea5049732c452ea90bd72062ac452ea8e297210452ea90ead20553ab114baa0725c93114baa4379c8162b114baa40e5c82114baa43ab48154
00a9de686b6e74729de686b76b46fe0a9de686b6e74701de686b79486fd602a779a1adb9d1c2779a1ade311bf62a779a1adb9d1c0379a1ade563bf570153bcd0d6dce8e13bcd0d6f188dfb153bcd0d6dce8e03bcd0d6f290dfac054ef3435b73a380ef3435bca437eb14ef3435bb5a37f2f3435bcb097ead
1b647629c25ab47247629c41c546933647629c3e6b46a07629c41ea669272d91d8a70d8ad1b11d8a7107991a4a191d8a71060d1a51d8a7107a99a49c36c8ec5384b568e08ec53883cc8d252c8ec53880f68d30ec53883d4cd24e1b23b14e1f35a3523b14e20f323494323b14e20c1a34a3b14e20f5334938
22867bf675b71e0067bf677f05df762867bf677c71df827bf677f09ff75f0a19efd9df1c77e19efd9dfc177dd8219efd9dfa077de1efd9dfc303dd7a050cf7ecef8e3bf0cf7ecefe0bbeec10cf7ecefd03bef0f7ecefe181eebd1433dfb3be38efc33dfb3bf82efbb0033dfb3bf82efbb3dfb3bf8607baf4
1cd57c646035c2c157c64621022b8d0d57c646203c2b917c6462116cb8cb3355f19184f70af15f1918844aae33355f191880f0ae41f1918845f4e32b39aaf8c8c06b8582af8c8c4204571a1aaf8c8c40785722f8c8c422d9719626abe3230e0e15d2be323108955c662abe323106015c73e323108be9c656
3f92f63aef8ebd012f63af3a67cf02392f63af36cbcf12f63af3a784f01c3e4bd8ebca9af3d0bd8ebce9e13c0724bd8ebce78f3c13d8ebce9e97c06e3f25ec75e33d79f25ec75e74cf9e04325ec75e71b79e11ec75e74f4be0373c97b1d79955e7917b1d79d3c2780e097b1d79d33e7813b1d79d3d7180db
21a15abe26ead65215abe29139647a1a15abe28fad64815abe2915a6479806856af8a3eb592056af8a456991e62856af8a42d591f16af8a456db1e5f0342b57c51f5ac902b57c522b4c8f3342b57c51f5ac902b57c522b4c8f300d0ad5f147d6b240ad5f148ad323cc10ad5f1489cb23d2d5f148adb63cbe
28ad00c5726c2982d00c575086975e0ad00c575002976100c5750b3f75d522b40315d1f0a5e340315d429e5d762b40315d400a5d800315d42d3fd753115a018ae8f852f1a018aea14f2ebb15a018aea0052ec2018aea167eebaa0568062ba8014bb28062ba857ebaeb168062ba8434baf0062ba85a7faea6
361eb040eab7c361eb040ee32c352821eb040ee11c3532b040ee34915279187ac103b73f0d53ac103b8cf2d49f07ac103b8cb0d4a2c103b8d2c949e22c3d6081d98f86b3d6081dc6586a5003d6081dc6586a516081dc6964a4f130f582076e7e1aa35820771a27a93d0f5820771961a941820771a5d493c3
11505e5fd182b61105e5fd29f560bb1505e5fd28ab60c05e5fd2a05e0bac0541797f4a2ad8301797f4a81782eb141797f4a6cd82f1797f4a81782eb022a0bcbfa3056c220bcbfa53eac1762a0bcbfa5156c180bcbfa540bc17580a82f2fe9455b0602f2fe9502f05d6282f2fe94d9b05e2f2fe9502f05d60
2f53ab44d04de9513ab44d35989443353ab44d323e9453ab44d35a91442c3d4ead134977a520ead134d6a4510b14ead134d55a5112ad134d6b0b10ad1ea75689a4bbd29275689a6b3128862a75689a689d28935689a6b56488573a9d5a26970f4a31d5a269ad48a21629d5a269aab4a2215a269ad6582159
3fe00000ac1fbff200000a81ca08713e00000a9cdc07900000a7ffc087c03f800002bcdf019000002a017c21ea3800002a1cd0211000029fff021f003fc000015c5f80d000001501c610f13c0000151cd8101000014fff810f803f0000055cde039000005400e843dc300000541cc0431000053ffe043e00
0000000000d600000000000d600000000000000d600000000000d60000000000000003580000000000358000000000000035800000000003580000000000000001ac00000000001ac00000000000001ac00000000001ac0000000000000006b000000000006b000000000000006b000000000006b0000000
05c91d7edc18d7f091d7edc77b7ee91c91d7edc5ad7ef17c9c103f165bab172475fb70635fc0742e5d41196c6832475fb71ad5fbb1f27040fc9b6eab0b923afdb831afe03a172ea08cb6343923afdb8b5afde2f938207e2cb7562e48ebf6e0c6bf80e85cba8232d8d0248ebf6e39cbf753e4e081f936dd56
3a16e28120c6e8216e2812483e8118216e2812462e81228363f0c067a416285b8a048f7ba0538bd1a2fe10938b05b8a04920fa04620d8fc302229056342dc50245add033c5e8d17ee749c602dc5024907d023106c7e18111482b10b714092317409317a345fc6327150b71409241f408c01b1f86048720ab
0044b3b6ba054db34a8d0a1c077b0d044b3b6ba054db01a49b8ad5e0c60c0112cedae81536c12a342870e3ec313e3f3d80422153f2926e2b57c5182f0089676d740a9b62951a143850f619089676d740a9b603493715abc18c1802259db5d02a6d80d24dc56af063063c7e7b008862a7d124dc56afcc305d
3e632516259f9af07635bd533a37382632516297d9ae11bf56229737b24c398c9458a2de6b91d8d6f54ce8dce01d1d6ae9bc1456e2fd588a5d20c92f3cc64a2c4f5f35d0ec6b7aa6746e700c64a2c533d35c137eac452e6f6498331928b149dcd710dfab114b9bd9263a3ad5d37828adc1fab114ba83925d
278f7aba707ada02b3c74c775b163d38f7aba72ccd9f7240a9de68464e751e3deae9ca2b67e2cf1d31ddf058f21f8a893d6b28df1102a779a19d39d20f1ef574e515b3f1678e98eef82c7931ef574e5dbb3ed08153bcd0ce9ce93c7bd5d39456cfc32054ef3402273b3f15127ad651be22054ef3433a73a4
1988ac78a99fbd818b75ec38953799188ac78ab2bbd7a25b6476299d3ab52622b1e2aa9ef5f22dd7b0e296de633518ce590a2176d16d91d8a6f8ead2331158f1533f7b0316ebd8712a6f3231158f156577af40b6c8ec537c75690c4563c5595debd32db23b14ad9d5b2a319cb21862ed92db23b14df1d5a4
17f414314022bc40250b79e624e82a3e837481846df0e022867bf675b71e1fd050c504aaf0f208a19efd7c6dc80b18cad839a528108a19efd9d6dc782fe82862804578830c3e795d3e0a3d060b400a06dfc990450cf7eceb6e3c0b939a8be9b9099011433dfb3adb8f20a98131450a0bd11433dfb3adb8f0
14ea1c8b327896b0fa698f4bdd167e2939a490883b13e11cd57c644fb5c313a8722cce025ab147355f19036d7126d727616f6124607355f19180d70b29d4391664f12d6204ae7254fbd3ad097ccfdd4162617239aaf8c89f6b86345bc658d35723b28e6abe3206dae211c2104dd536e4b0e6abe32301ae16
10c4bae88a9654e11a4553e4e1c5e815a4c36297c4f3e03f92f63aef8ebd0312eba22e7953730fe4bd8e8a63b03a6a30c73d2960f0fe4bd8ebbe3af4218975d1152ca9c0ecd8a59a77cc4933837cd0cfae57907f25ec75df1d7a21739d0ef67892c21fc97b1d56c75f1283c631f3e48831fc97b1d77c75e8
3af6b7b50b59a071b7474e4cc56e5b3c72d64712c66cc2e1a15abdf98ad72bdaded439c68191b86856af6de2b61d6d93d84220399386856af86a2b5a35ed6f6a1ad340d2385b2a3ff01198047939daa6b22091c342b57c3515ad1e284690507c226370d0ad5edbc56c17f7ca83e0896f130d0ad5f11656b3
276d0e0ba6eade91835aa1264eae7d0caf03377848819228ad00c5516c2a1db4382ea3eb7a228a2b4031335b0b3c9a8fb333482570a2b40315c9b0a60eda1c1751f5bd1394f48dba04f27b034b36b3b4786200515a018ae4d85334f5e77566c7d51114568062a8b615271ce62f17a124a14568062b93614c
074ba2d465b57541ff12d03db8b7e8337d161bf349fa72b61eb040c177c41d2e8b5196d5d500ad87ac10305df11f9df2c4383efe12d87ac10389df0e0e9745a8cb6aea809de37bbecbf9b91440f3bd875c2b116c3d6081c4ef871f0f50d88be5be415b0f582060bbe22b869c2680791341b0f5820755be1b
3789742ea3fdb5f1aa7bc4a56d11a201a481f1088dfde3d1505e5f93a2b71e25d0ba9c56d791f4541797d468ae0f20b5138eb67c534541797f148ad92f12e85d4c1b6bd3ed105c78c3b23416bebf9497031bf3a2a0bcbf69456d2f40bf75f91b40f3e8a82f2fa8d15c1e25791a59b0af528a82f2fe6b15b1
07a437973e75ae32e2151ed29054bf2c5ab200083b20f2ef53ab44a2edea1e90de5cf9d6b8c2bbd4ead107bb7b2adf119cc47278a3bd4ead130fb7a60f486f2e7ceb5c63a9f6deff57a5361a304f67d185b3d1dea7568987dbd3312ec3b80f2a49e177a9d5a25176f5324fe25d23262e837a9d5a26616f4b
1fec7fe02520a6f2c7fe0001d87ff13ec7fe001cea7f107fe000016dffbd3fb1ff8035a29eb31ff80001b5ffea3b1ff8001d09ff11ff800005b7fef43fd8ffc029414ee18ffc0001e2fff13d8ffc001cf4ff10ffc00002dbff7a3f63ff002d653ed23ff000019dffdb363ff0001d33ff13ff0000074ffdf8
000000000000008000000000000d600000000000000d800000000000d600000000000000038000000000003580000000000000358000000000035800000000000000018000000000001ac00000000000001a800000000001ac00000000000000068000000000006b000000000000006b000000000006b000
1cfe2f42863146613e6abe9b6b38bc24ea4d59d3c9e2d045c91d7ed7f8d8393a935671da78c32679a090d853b413a9356757678b21172475fb5fe36039fc5e850c628cc1933cd0486c29da09d49ab3abb3c5908b923afdaff1b0327526ace7d4f1724cf34121f2a76727526aceaecf16422e48ebf6bfc6c0
24e1d09d7deeba90c193416452d7453915b0a628162d43ba16e280e706e90e456c298a058b50d97e5f6e61ec3f2456c298acb8b4d2e85b8a04621ba109c3a13afffd75126cbf2fb70ff620322b614c544c5a73742dc502100dd11c8ad853140b16a1b2fcbedcc3d87e08ad85315d916991d0b71409063741
26af80f2011a3472c4479caa1c05012c0554dbaeddf4414044b3b6a5654e0b015536ebb77d13111e72a8f414023015536ec3b7d0e10112cedad795372580aa9b73cbbe91888f39547a0a01180aa9b761dbe8728089676d4aca9c1602aa6dd76efa20a02259db52b2a7384c4f94f906f77202259db5af2a6e
134cdd930b485850a2268d7b24b40d1dcf45d7f8b5d1607e632516217f9b2773d175fc1d7462889a35ec92d034373d175fe6f74571f98c945885fe6c13b9e8bafe0eba31444d1af649681a3b9e8baff16ba2c0fcc64a2c42ff360ee7a2ebfc5ae8b23f31928aefbfce1b9a5c54b98c9463f31928b10bfcd8
3e2928b7bcc6f1215235a63c925903218545c00e346540278f7aba707ada08615170038d195148d698f28b640b06151700411194e09e3deae9c1eb682430a8b7ffb68cb2a46b4c7924b206030a8b802088ca704f1ef574e0f5b410c2a2e0071a32a013c7bd5d383d6d34088549000bd4513c7bd5d383d6d0
0b9a78833f16840347582f9d670dea10a61b8c4617f5321988ac78889fbe142986e3107dfd511d60be766237a502986e311c7fd4b06622b1e2a67ef62a14c371862efeb28eb05f3b101bd3214c37188c2fea60331158f1533f7b28530dc620fbfaa10cc4563c444fdf1810aecd4101a010cc4563c54cfdec
04d0388a6d8cad33f4767b8d1c81780d0388a6dcead2f317f414310ea2bd1340e229b632b4c3c5fd050c1228b034cbf12e06091e905fd050c5008af109a07114db195a60a81c873881356a0e14184bdd927e222fe828625f45792681c4536c6569838bfa0a1866515f1fa3b3dc68e40bc0bfa0a18a0115e2
3f7f4aa53a8eb590eaef32536cf6e537f4aa53e6cb581154ea1c8b1dd8973dfd2a94f69ad611553a8722b6f626053acd725b7bb6e153a8722cb9625b3efe954a793d6b12a68c849a4f14af22de72a89a6441c2a9d439163bb12e3bfa5529f155ac12aa750e456dec4c275779929957b732a750e45972c4b6
3331b14a0474ff20a3a7f8470446cd331b14a078cff14090c4bae88256550cc6c5281e33fc5324312eb9ef159603133da811c01eb24312eba2095954266362940d09fe32fc2c4d37a0ec580ae863765c39f691218975d104acaa198d8a503c67f8a248625d74202b2b251d3fc2361236708625d74454b2a7
1815ec5f74022df1b391ffa2a3d200015ec5f758e2dea27af6b7b4e639a12057b17dd428b7b39ebdaded080e693873bce73bff13f1ebdaded41ce682302bd8bee8045be3ce4c8dc2d495f53c4b0306d4d69e00f5ed6f6a0e734100af62fbac716f533d7b5bda521cd10d9c8ffd151e9003d7b5bda839cd04
1841529abdf784a306fe46ed01964a041529abf83849a1e76d0e0b8a0adf21054a6afbfe127179db4382d202b83a768432fc668d639db4382e6a2b7b3082a5357bef0941a6d3ff5c343aa00e9cdc3fd17fb273ceda1c171415be020a94d5fc1c24d2f3b68705a405701837f237680cb2533b68705d1656f5
1f644fbda5e19a22b56916d6cab8be3644fbda7af9a193074ba2d43435763d913ef69ba66872c1d2e8b4ec0d5e1a5106946473df901d2e8b5196d5d53ec89f7b4bc33443b5f5d1037912c007d7bd7f9ff92ec20e9745a8aa6aeb3b227ded3b6cd0d183a5d16a1a1abb15ab48b6b655c5f03a5d16a32dabaa
20c42cf32674ba5263439b2884f35d0c42cf32884ba4807789742e9fddb60310b3cca212e9221de25d0b86f76e27fdfdc3923bf241de25d0ba7f76d8018859e651097493f5d9165d10bfd7259080645029b730ef12e85d3fbb6c062167994425d2403bc4ba174feedb331a1cd942179af3bc4ba174feedb0
107f365b449f9b60ac1d6148f96c6307f365b45a79b5c347a4379708d5af01fcd96d169e6d71d1e90de5b1b56c2db65e454d2699011e90de5ce956b920fe6cb6893f36c0990b3273aaa64c1bd9c46a997693228f486f2e53ab5d03f9b2da2d3cdae3a3d21bcb636ad82560eb0a45bb63223d21bcb9d2ad72
0f805fec7fe0000005fec8019bfff23805fec80a5fffd05fec7fe21000983e017fb1ff80000017fb1ffa1000182017fb2035dfff117fb1ff821002901f00bfd8ffc000000bfd8fff180004300bfd9018dfff90bfd8ffc21001403c02ff64031ffff02ff63ff2100048002ff6402ddfff12ff63ff02100530
000000000000000000000000000000000000000000000000000000000000000000000000000000000000000000000000000000000000000000000000000000000000000000000000000000000000000000000000000000000000000000000000000000000000000000000000000000000000000000000000
2d10a529e8c76f710a529ebadef64c110a529eb9d6f650a529ebaef764bc344294a7ab5dbda0294a7aebbdd92f04294a7aeb7bd932e8c513812ce8e51a214a53d5aeded214a53d75bdec982214a53d73adeca14a53d75deec9782885294f5adb7b305294f5d77bb25e085294f5d6f7b260e7f17a14318a33
12f7dcb612f890a37dcb6142df09b52f7dcb61400909c3dcb614314a9b430bdf72d850024271f72d850c4226d13df72d85086426e31ebaebfe91171c25efb96c25f12142fb96c2860013691efb96c284321373b96c2862d7368517bee5b0a00484e3ee5b0a18844da23bee5b0a14e84db3270e84ebce75d5
2063f158f9d90b923f158fbed2b87f063f158fbe90b883f158fbef3b87e8018fc563efa42e20fc563efbcee1fa18fc563efa42e2019abe03c7f3e8d200c7e2b1f7d217107e2b1f7de770fd0c7e2b1f7d21710164cc8355d2852a031f8ac7df485c41f8ac7df79dc3f431f8ac7df485c403357c078fe7d1a4
39bd58fad7b5d353d58fadb6a9341a1bd58fadb51d342158fadb6e71419126f563eb6b374d13563eb6db6ad0652f563eb6d894d0734d33764bfba162337ab1f5b38ba693ab1f5b6d94683337ab1f5b6a3a684183f8902b5a63bb0deac7d6da8e9a12ac7d6db717a0c91eac7d6db549a0d29a66ec983942c3
1fa4908701e6f4824908703eeb47823a4908703b4f4790908703f10678173e92421c0bbbd1f12421c0fc311e06292421c0f99d1e12f8a4a2ded21bc53f49210e03cde9009210e07e188f03349210e07abe8f139ef37c69eb7ad73d2484381b97a3d2484381f8623c0c12484381f75a3c11f14945bde63789
064b28e5240a2cc0b28e524714cbe724b28e5244c2cbf328e52471d0be6e192ca3949028b302ca39491c532f9c12ca39491b4b2fa02e69e20cfc5a100c9651ca48145981651ca48e2997ce09651ca48da597d37fc76f94639c46325947292051660194729238e85f372594729236965f405cd3c419f8b420
0186e0c01349ca106e0c013628a0fa186e0c01349ca102ec9cfc8bf1eccc061b83004d272841b83004d8a283e821b83004d69283f016381c73ffaa00030dc18026939420dc18026c5141f430dc1802693942000b1c0e39ffd5000c3706009a4e5082b130799380d55403706009b14507d0eb9fc905c3867c
27adfec3b610d6f2dfec3b89c96e623adfec3b862d6e705545facaabcb821eb7fb0ee0835ba37fb0ee27a9b9862b7fb0ee2515b992939dbb1f98f4320f5bfd877041add1bfd87713d4dcc335bfd877107adcd149cedd8fcc7a193d6ff61dc106b7422eb3bc5c204c2616ff61dc4e4b7311f7e99632e90f48
340da5129827e5a0da5129b81e593000da5129b81e59310f814de4cd989b1036944a6cff96536944a6e07964c0036944a6e07964c0a76271c09a5564281b4a25346fcb31b4a253703cb26001b4a253703cb26053b138e04d2ab2206d2894d9ff2ca11dacf1179c6ac106d2894dc0f2c98303a1402acd0986
101a933a63528391a933a645a838c001a933a645a838c1c2c4b4f9d8c590006a4ce9916a0e32a4ce9916e2e2ff06a4ce9916a0e3032c3a45a510d71e20352674c6a5072352674c8b5071800352674c8b507181961d22d2886b8f00d499d322d41c60e274a3b07ad4080d499d322d41c602bf9d19c7f0a030
252ca88f31f5f4a2ca88f34587496c12ca88f3447f49734aad0c8d02ed2314b2a23cd017d2632a23cd16a125ae0b2a23cd161d25b1098cc07765f3ae0a59511e680be9319511e68b5092d7259511e688fe92e084c6603bb2f9d729654479a02fa4c2bb7028ab953d4e1654479a2c3a4b61abf0f270baf569
279ca727403f0181ca72742cac176239ca727429101770baf8b573524bb11e729c9d093c05e329c9d0b2f25d872729c9d0b0a05d9282859ba0273bcf0f394e4e849e02f394e4e859582ec43394e4e856402ed34142cdcff29de83ce5393a12780bc0086ffe108519c80e5393a16560bb13502eda963218e2
0980b82c51b605400b82c5252c53da180b82c523a053e0275861e9d613a42602e0b146d815002e0b1494b14f68202e0b1492a14f735edbb7b22c886b13017058a36c0a8017058a4a58a7b43017058a4740a7c3af6ddbd8f544360c05c16291d029f12cc4491d5bc5b3005c162929629ed1ed094f70a1e9f2
3c3ad8cc8d3ffab3ad8cc911dfaa1003ad8cc911dfaa13b759085fca9d1230eb6332415fea92b633244844a83d0eb63324477ea842799ff73c7e7d763875b1991e9ff5535b19922401541f075b199223bf54213ccffb9e3f3ebb21d6c66486dfd5122b95d8af1382f31d6c66488efd508034105e5af6c871
30000f807ccc7f1000f805fec7fe000000f8060f47fdc00f805fec7fe00000003e019c91ff1003e017fb1ff8000003e017fb1ff8003e017fb1ff800020001f00dcb8ff1001f00bfd8ffc000001f00bfd8ffc001f00bfd8ffc00000007c031823fea007c02ff63ff0000007c02ff63ff0007c02ff63ff0000
00000000083fffe00000000000000000000000000000000000000000000000000000000000000000000000000000000000000000000000000000000000000000107fffc000000000000000000000000000000000000000000000000000000000000000000000000000000000000000000000000000000000
3971f35082dfbdc026d10a529c3a7706c7bc307cd4ea226d10a529c3a77021b1ef0c1d253a909b44294a70e9dc109b44294968e9e1b44294a7929dbe3825bced7fd4da404da214a53874ee084da214a4b474f0da214a53c94edf0363de183e6a751136885294e1d3b82136885292d1d3c36885294f253b7c
368e0cb7e64042a3d92f7dcb21c38a393844578c8b143192f7dcb5fa38911e4e1115e21ac51364bdf72d4d0e252f64bdf72a770e324bdf72d82ae24327da43237bab25e3b25efb9685871337b25efb932b872325efb96bf471223c9c222bc4358a22c97bee5adc1c491ec97bee590e1c5097bee5b097c485
25eb618cdaab1a111e063f157d4f913d1e063f119f4fa1e063f158dcf90c07b7953c620516b07818fc56373e43347818fc52dd3e53818fc563b5e42f23dbca9e2ef28b623c0c7e2afa9f223a3c0c7e275e9f33c0c7e2b1b9f2180f6f2a78c40a2d60f031f8ac6e7c8628f031f8a9da7c93031f8ac7adc85d
1992209717f714532f9bd58f79255e0b2f9bd58ef52562f9bd58faaa55d4190b5db5a79aaee0be6f563eaa95752cbe6f563bd49583e6f563eb2d574e0c85aedad3cd57725f37ab1f344abb165f37ab1dea4ac1f37ab1f596aba73216bb6b4f355dc17cdeac7d552aea197cdeac7bc92af3cdeac7d69cae9b
02a0c5b6b984dd52e1fa490840ae7002e1fa490840ae721fa49086e0e6f51a7907d1f6fac63387e9242186b9be0b87e9242102b9c07e92421c079bd22d3c83e8f96d6321c3f49210c35cdf05c3f49210815ce03f49210e03cde934f20fa3edf58c630fd248434f737b170fd24842057380fd2484380f37a4
1de1b8364f58f470d064b28e44d8a334d064b28aead8b1064b28e5138a2d04c40580020573734192ca3913628c134192ca380b6290192ca3949028b3226202bffef2b9c1a0c9651c89b14629a0c96519f5b1520c9651ca27145a09880b00040ae6e28325947268c517268325947016c52032594729205166
32791dc6c48479417c186e0be8b69d0d7c186e0b22b6a3c186e0bfd569cb09e4771b1e71e4d1f061b82fe4da7335f061b82c8ada83061b83001ba72924f23b8d8d28f272f830dc17d16d3a1af830dc16456d43830dc17fecd39506be0c3705915b53e0c3705fc9b4e62be0c3705d35b4f20c370600794e51
1e22c6ce387384f2467adfec15ff0e0a467adfeb91ff1067adfec3b1f0d7388b1b38e5ee13b119eb7fb0dbfc362919eb7fae47fc419eb7fb0ec7c35c3c458d9c70e709e08cf5bfd86dfe1b148cf5bfd723fe20cf5bfd8763e1ae25233d6ff3b8ff9233d6ff61b7f86c1233d6ff60aff8733d6ff61d8f86b8
3938052a9c89af629b40da50feb67f069b40da50bcb681b40da5127f67e624e014aa7e86bd526d0369447ed9fa1a6d036942f2da02d036944a3f9f9732700a553d335eb13681b4a23f6cfd0d3681b4a1796d03681b4a24fecfcc034da06d285e5b40da06d2893fb3f334da06d285e5b401a06d2894c13f2d
095b88d3e6090bf31d01a93372e7291f1d01a931a4e731d01a933a467284256e234f98242fc07406a4ce919ca13c7406a4cab39cb3406a4ce95bca0f12b711a7cc1217e23a03526727ce513e3a03526349ce63a03526748ce5082f8e80d496c273a0e80d499d23394238e80d499987395280d499d2f9941d
04c3ec7353cf85c2da52ca88c4336002da52ca88c43361a52ca88f1935f5130fb1cd4f3e1703694b2a2394cd7e0b694b2a2310cd8294b2a23ca6d7d30987d8e6a79f0b81b4a59511ca66bf05b4a595118866c34a59511e326bea016d2965446219b2d29654476b9afb16d2965446219b01296544798fafa5
1b2bd67fa937bf63a279ca723833f13fa279ca6e5a3402279ca7271f3f022caf59fea8fefd7289e729c9a6cfc13e89e729c5c8cfd09e729c9d00fc063657acff526f7ec344f394e4b267e13f44f394e0d467f04f394e4e807e031fd13ce5372d1a0113ce53938f9f813d13ce538fb19f913ce5393a01f80c
366caa6078014752b0980b8298c3613eb0980b7ebac3730980b82c20360619b2a981ec651d12c2602e0ae70d823ac2602e074b0d902602e0b146d8152cd954c0f4228e91613017057386c13d613017019586d213017058826c0b3f584c05bd4d61c184c05c16101b033584c05c12b61b104c05c1628db02a
16741ffaef4ce0e157c3ad8cb2ea000157c3ad8cb2ea017c3ad8cc789ffb19d07febc15383715f0eb6330da7ff055f0eb632cba801f0eb6332247feb2ce83ff5de99c1c2af875b1965d40002af875b1965d402f875b198f13ff600abe1d6c6597502be1d6c661b4ffe0abe1d6c65975003e1d6c66448ffd6
37f7f0002c605f137f0000f9d3feb93f7f00010ca5fdb3f0000f81a9ec731fdfc0005ae17f11fc0003e1e5fb113dfc0003fcf7fa93c0003e034db1f12fefe0003be0bf12fe0001f1d9fd813efe0001fc6bfcd3e0001f0185d8f53fbf800094c2fea3f80007c1bbf6323bf80007dd0ff59380007c04cd63f1
00808000000000000800000083fffe08080000000000008000000000000002020000000000002000000000000020200000000000020000000000000001010000000000001000000107fffc10100000000000010000000000000004040000000000004000000000000000400000041ffff00000000041ffff
380cc2796e50da9106e781ab1a70560665fc5b801bc0b30f6340eda9b4c411997f16defef030c3d8d03b6a6d31241b9e06aa59c160e5c7cd420b7ef7301984f2e0c1b51261ec681d943699120dcf03552ce0b272e3e6a0e4bf7c2332fe2dbdfde06187b1a076d4da6208373c0d58d382b1cb8f9a8416fdee
17022d868d97a783e8187e5423adaf2a8903a48ccc5d23e09cbf1b5c2b3a2aa240e921231752f8272fc6b60acf1fa061f94f86b6c2da3832df78010b2e045b0d1b2f4f037c1397e33a05680fd030fca7c35b636d1c196f9b0086154481d246662e91f04e5f8dae159d3f40c3f29f0d6d81b47065bf320215
1327358015d92462628f271b09a66434d2b17706764d100ced868bc7158415a4c00a5e32d6118a3c9c6caa998e134ac5dc2639341033b61a2f1c56103e537284a12ea010c51e4e36554cc729a562ee110c9a1019db0d178e2b082b498014bc65ac23147938d955331c26958bb84c726820676c345e38ac20
17665a8df1810561907af81f45b3b72f74760cf508631377d1d1e46be20a321c944380177e5241ebe07d58cedb3dd1d833dc618c21df474792758825082e22c886e1399320f5f03e8b676e1ee8ec19ee30c612efa3a3c919c41324392887044efc9083d7c0faf39db53ba3b067bce31833be8e8f24eb104a
09160e90e0afabb1194836455c180923354d216b7968c3246114690ad9e9128ddc8810d0f4c06520d915b260230cd53485b625a2e0918451a4f167a13a27159d47c2ffe232906c8ab83012066a9a42db12d17248c228d257b3d1251bb91021a1e980ca41b22b64c04619aa690b6c4b45c12308a349e2cf42
2e3e416118072e9111adaa80e0c9de16a18b5a91d8234336df933741ee8b2d384f2a00a8c62046b6aa03c527771a862d6a4b808cf0db7e4cddcdba29031b1515946f2df2235b5501c193bc2d4316b523b046826dbf266ec5dd151a709e5405718c308d6d54078a4eee350c5ad4970119e1b6fc99bb9b7452
1524cb300c9f70605b9a65fa44c78801d9f98635cd2c80fa255b17c95cf73cad3abc79f77200967f37ba612b8e0767e618d734b202e9c930180d12e61e569d5e3cfbb902e916e116218a7a03b3f30c6b9a5900d16395b09f3feb00ecfcc31ae696432093afe72af80402dcd32fd2263c423749f0918b6d52
0abf769531be93f25a8bea2920303937fbe82a0cb07e107c4df67966e8a710e816565855732164b47b53ac35e51fefa0a83f21f810861af0f6f1f67f08740b2b2c2ab991545abc4cf743862ff7d0541d80fc13b199e83bbd3e3f3bfdf41504483f10cf9a8b7c2d315532d45f5146f181d18289c6b13d5929
1ab70e79075b35d171030e4ebde78110dabbc7a128a5007d08ca2c2559dc3440ae4eea60ff8284bc49664f2d0c036aef1e88c293f0585ca1198ca5ab1a20572775307fc116b4b9b42dc87e21b5778f42514a00f0ea39e8650a48086d5de3d094528179c87bba52f57c2b88187273df3c1305043ff9249609
3eb6e1fb0b612a012f3acb70da458c29fd8be869602980c0fc4aa9d0edf02df6761c884669321cd6a44d1f2dec27f62fa1adc0a5e220082a85e63ef936fb3b0e421334a06f094fc08b6b8713fb17d0d6e052f30b70680adf4ac514fec5f434b014c06511d28cdb4bb00979d65b86d22c624f6ff3d7021d18
3d9bfeeba13a48024a848a5f40b5730d7c336d6258d190af2dc3d9811ee603550d7e57875e22bc7b1303588f9a35f0cdb58963464195bcde4630dda001aa86bf2bc3af1284755bdfec8a781af866dac4b1a321ca0083ba51b82926be19b6af1c68d35874cd5545461b32542452f7f5aba326fd4f032332d6
0ab88a58d22a07b33cd9254e8c117313d3206bf9095400f965aaba3cbbd7217db4f89053f63156268782fd12b10f4c81afe8454ff3767a013eca9a6230beda7c4619fb204503ad86ea296a27a640d7f212a803f10f7ea2ec0a6009e99035fc84aa0046e0575976a0bd39e6c92a72508ba2a38c35f98100cd
3525aba599c21a112e17ff6f4dfadb2b8cbbbf8485ad21b636e178dab7e32eac7294f28d4472aaa586f940f7ec2e32eefe1a56b4624edba013c9a2623756394a7736a241bced16e42712a31719777f0d2b5a32be52f8e9f7199015c65ddfc242d691443647dc3a13932970bffb785fd6e21c802a238cc1dc
056f58dc84c12b13b02626fd41a1740231c706c0b13c81acbd496d7360212da35575dc0afb8195f23db76bc96608c71c1b02c4f201bca4933e9af83316d1aabaee057dc12e6a38d92d477f04638e0d816279028744e49b4d50ff0118e38360589e432d6c09ba77db2c1d813137ea0d0ba10aae64db599222
27f1f7f80ce00e931f7f7f01cef7f13f1f7f7f2520f6f1f7f7f0011780541fc7dfdfd8c03d207dfdfc01d1e0093c7dfdfc1ce3df13dfdfc0008001770fe3efeffce01e123efefe01cfeff93e3efefe0c61ef53efefe0001f00b83f8fbfbf90807b40fbfbf80193c02238fbfbf81ce7bf13bfbf80014202f5
00800080800000000008080083fffe08000808000000000080800000000002000202000000000020200000000020002020000000000202000000000001000101000000000010100107fffc10001010000000000101000000000004000404000000000040400000000000004040041ffff004040000000000
339a85ab73421e93af2acbe9c3684a12c5921efa5120b19397e4db0f33f90e6a16add9687a1364e5f936924cff0b16487bed6482b3e03309e587c36b27350b56eaa43d13b272fc9b282680258b243df4a241637b4d2e7b6dbde7221603a807c65372c9cbf26d6699fd162c90f7dac90563c06613cb5186d5
0b7589637cbde17151c62314f298431e3b5ed0018edfe27b770b25b6d4842dd6258df2f785c09eddc2c96db52138ed7b400a5b7f705c08b61a365e9e16eb12c6f97bc2e24f6ee16495da913c76bda0031dbfc0a2d0b18450531a166a74cf7419aca13dbb8592db6a4231daf68018d6fed0b8116c346cbd3c
1f0330258ea5d3a3b6f545cc742cca3927b88646905e61534f71a3b97bdf1a4c71e3cc624342dbd5173296b325249ee21926a179524c9cd6003664923e06604b1d4ba7436dea8b992a5993324f710c9140bcb1264e6b001b32491c93dc4323482f31b7aa2e656f66493138bcadd7c69b509939ac00aec923
2fc99951f536d050cf24f78037b93e25df4dc1eab84e736271c7f2c63a7d26288a46c985ab133c93de00dee4f8177d3707b32139a25d996a37a504161f9332a3ee8da0919e49ef006f727c0bbe9b83d9909cd12eccb51bd2820b32efa6e0f34c27427927bc01ffc9ef15990062c6834460bb32d46f8c082b
1126979ef2892fd34f910225763d3a266af4fcbca2030288edd26cff2cf01d98397cf25a55013e4408969ef4e519abd3f2fac80be124583a43723eaf224d2f3de5125fa29f22044b2e7a730cd5e9f97d6405f2922c1d21981f5813357a7e5e5101827c88112d3de9ca0b5caf6a6f2c6f4248b07486e47d5e
21ed00cb591a2c823072de8d17ddd1189422d909d551512332d3fbfd2db6297451dfef7dbcd0c1cb7a34e3774222508b642b754533b8f905842e9cbb03da0196b65458f060e5bd1a71bba1312845b213aaa2a3dc7c82c1f64e5e2c4a116c82daa8b18396f469c6ee841e028474fac9b97371f20b089f3975
297266c3b2444503aec1550e77319e108cc9f6044360e222a37132d6be9a2423327d7f00d842bb05543aa2c67534b481d525ee5a608a8dc4cbdefa66283424eb2c5121035d82aa1d30633b0437b53e262678504546e265ef7d33084664fb0221b072737a7360386a9b1d760aa873b98cf346fd9eb955f036
08a2ef8953cfacb0683fb1c5424a143a1f88a6edf2c3e10b17296a36c7442e87e229b96cb101a0fec71509285028266fc6aea25f802c5ca5a91d1d0f2d23e92aa893cf50d07f638a8494283e333fcd8753b902162e52d46d8e881d0fc45376f961f1e38b1611d93b0f0341fd8e2a1250a0f7fc334caf1d33
181fce186ad5140209dad3a9a85f541270d34c4f7ae0b30eac0d76248246149c34d312d6b830276b4ea7257d4e15ce4e33f36473403ab035d95809152d08b11976f83ca013b5a75392bea7082c906a0a1559221d581aec8b048b293869a625ad7061b2ff71ba0c0f2b104ed69d4d42faa2aa0f08c9200ba7
00a5b7483da80bd28325c5a6cd354f29d1c9087940ba5368b82a923e7faf3a7472421b382ea20c97169bb8d53a3d45db8a848464f1a2e0aa49bffeb9273059476ddece41064b8b4ddc6a9d34accd9edfef7b92d1705524beff5d34e8e4843a905d3053be17af446b4634192e2d3459aa8156550d7256dde1
135470dc86c613f324d25a081831b1100cdd96f365669024757053441eab34033765b9c159b09349682126c6c1195a04f42ed1373091d5c14d107aac279e1e8cf6cc823249a4b4107263613f107f9ff95cc65048eae0a6883d5628066ecb77a2b350ec02e5cb40ccab392692d03eb18d931317c9bb4a14eb
11c5a7e0a45ccc712d8fd407ef90640c38cf5192939f53448c6b341c1d3a330e33d4618ce7e0b63f502000418f370f5c6acabb4bc11231acd13674e53fe8134dd7fc72e25b1fa80fdf20c83526b4d1ba07a7028918d6687a3a73261c67a8c739cfb00855cbd4c36e8b096c7ea03f7c8323efb4bc8bbaf050
026db5414a50c2e0489e7bc10d1f8e26de2c16e6e69fd016015311dd515239b78b05b6a1a8012279ef04347e383a9d08ef604b473058054c477545481662204c62e76930913cf7821a3f1c03c829ae2a9f0e602c02a623baa2a4336f160b71634ff3a36656212611fd0244f3de0868fc7010c7b09475a77d
095c928f833b4ba2b4c17209720c2d31e0fbcac38e98e21819bec049ccf22c783ef2aed3a642d305c8264c30b234d98947306e9cf06066fb01ab33c610050dd97ff3a6616982e41326185900a3d64371bd7b3030337d80d599e318f07de561c74c70a89bc562ad83ad35a60b90498061728eebe0e17c6c25
0087e7f1f7f7f0007e7f1f8002fffe087e7f1f7f7f0003e7f1f7f831ffff021f9fc7dfdfc001f9fc7e000bfff821f9fc7dfdfc00039fc7dfe18e0029010fcfe3efefe000fcfe3f0005fffc10fcfe3efefe0003cfe3eff0a6000d043f3f8fbfbf8003f3f8fbfbf8000003f3f8fc0017fff33f8fbfc14e0069
000000800080800000080008080000000008000808000000800080800000000002000202000000200020200000000020002020000002000202000000000001000101000000100010100000000010001010000001000101000000000004000404000000400040400000000040004040000004000404000000
3785f39a821754705f39a85ab14622385f39a857154631f39a85ab56621f1e17ce6a14bd51917ce6a16ac51888217ce6a168b51893ce6a16ad9b887b2f0be735084ea8d0be7350b5628c4430be7350b24a8c53e7350b56acc43e3c2f9cd4297aa322f9cd42d58a311002f9cd42d58a31139cd42d5b7910f5
087a4b7588d79ba3a4b75895fbb9df07a4b75895b9b9e24b758963579de221e92dd6235e6e8292dd6258b4e7791e92dd6256e6e7812dd6258de2778610f496eb11af3743496eb12c3973bd0f496eb12b7373c096eb12c6f13bc303d25bac4adcdcf125bac4b1abcef13d25bac4adcdcf025bac4b1bc4ef0c
3f09c60551145a409c6055523da304309c60554f25a311c60555245e303e3c27181550b168d271815548f68c100271815548f68c1318155491bac0f73e138c0aa648b47138c0aaa47b46082138c0aaa26b46138c0aaa48bc607c384e302aa582d190e302aa922f181f04e302aa91ed1822302aa923b781ed
38eb8e0946f45532b8e094a9cb521d0eb8e094a90552238e094a9f4921c623ae382528315492e38252a7b148723ae38252a415488238252a7dea871531d71c129208aa5171c12953d8a4391d71c129520aa4431c12953ed4438b075c704a5482a911c704a54fa490e335c704a54c4a90f0704a54fc170e29
071532e6e5dc9ae1532e6e6501ade431532e6e61e9adf132e6e65164de3b1c54cb9b97726b814cb9b99448b78f054cb9b99406b790cb9b9945d578eb0e2a65cdcbb935c2a65cdcca035bc822a65cdcc7f35bd265cdcca2c9bc7638a997372ee4d70299737328916f1e0a997373280d6f219737328baaf1d6
00f6faeadbbc95d36faeadbc8f5cfd0f6faeadbbc95d02faeadbcc4fcfc303dbebab6ef25741bebab6f30373f13dbebab6ef257403ebab6f31c33f0a01edf5d5b7792ba2df5d5b7960b9f91edf5d5b7792ba01f5d5b798e19f8507b7d756dde4ae837d756de606e7e23b7d756de26ae7f3d756de63c87e13
15ae41585761b3d2e415858c473caa1ae415858abb3cb2415858c749ca9516b9056161a6cf3390561631a0f2a62b9056162f0cf2b10561631dab2a522b5c82b0aec367a1c82b0b18d0795335c82b0b1576796082b0b18ed595292d720ac2c34d9e6320ac2c6383e54b1720ac2c6239e5514b93361d922228
2ddae2b8b0932921ae2b8b386091491dae2b8b36929152e2b8b38795148a376b8ae2ca8ca462b8ae2ce1c4452336b8ae2cde6a45338ae2ce1ed852261bb5c571654652335c571670c122923b5c57166d2522a1c571670f6c29132ed715c5993948b1715c59c3ca8a452d715c59c0f48a5245177c4a7d7d66
3c514ebb55ca657114ebb59ac8560f0514ebb59a8656114ebb59ad8d60ec31453aed6389959053aed66b63583b1453aed66a1958413aed66b67783af38a29d76afb4cad229d76b3590ac1e0a29d76b350cac229d76b35b1ac1d8228a75dacb332b10a75dacd6c6b07628a75dacd432b080c0fe70c356a8a0
26d64d8ac697203164d8ac916802652d64d8ac8e9202724d8ac917ca264b1b59362b229c80a19362b245e20993359362b2428809a1362b245fac992a0dac9b15914e4052c9b15922d004ca1ac9b159214404d09b15922fd64c9536b26c564539014326c5648bc413262b26c56489301332052dba41cc405f
20a9c66f5cf1d3d29c66f5f0a13c7e0a9c66f5f01d3c81c66f5f0ca7c7d602a719bd7c074f22719bd7c308f1f62a719bd7c074f20319bd7c32e11f5701538cdebe03a79138cdebe18478fb1538cdebe03a79038cdebe194f8fac054e337af80e9e40e337af8653e3eb14e337af8509e3f29aa386e41530a0
3c2c1b2a186a86c2c1b2a1c4886b1002c1b2a1c4886b101b2a1c4b5cb0f530b06ca86e0a1ad306ca8712a5ac3e0b06ca871221ac406ca8712d72c3d43858365434f50d718365438952d61f058365438910d62036543896b961ea2160d950e03435920d950e258d587b160d950e244358828e2d3f0501e664
1065e857f03438325e857f140582bf065e857f13c382c1e857f142aa2be70197a15fc4f0e0b17a15fc509a0afa197a15fc4f0e0b03a15fc50aeaaf9b20cbd0afe0687060bd0afe284d057d0cbd0afe27870583d0afe2855457ce032f42bf89e1c162f42bf8a13415f432f42bf89e1c1600136daa0a528617
2c0e71769db4cb00e7176a08acaf5000e7176a08acaf527176a08b90f4fd3039c5da7f132be39c5da822b2bd40039c5da822b2bd41c5da822ec7d3f2181ce2ed3f8995f1ce2ed411595ea001ce2ed411595ea0e2ed411763e9f920738bb5024657b338bb5045a77a7f0738bb5045657a804ae4947c19da5d
0f780087e7f1f78380087e82797f6b3780087e8b7f7ed00087e7f383f7ea3de0021f9fc7df820021f9fe4bfdf11e0021fa3a5dfc90021f9fc7dfdfc01ef0010fcfe3ef830010fd0114feed2f0010fd1b1efe10010fcfe4f7efdc3bc0043f43afbf700043f3fac9fbf13c0043f432bbfaa0043f3f8fbfbf80
000000000080008000000008000808000000000800080000000080008080000000000200020000000020002020000000002000200000000200020200000000000100010000000010001010000000001000100000000100010100000000000400040000000040004040000000004000400000000400040400
08dafb4f2b54d9b0b5fbea6a811dc12ae2ca908ad68ea18c8d4ccbc14cd2236bed3cad5366c2d7efa9aa0477042b8b2a42339a3a61de17ce69f7dd5211b5f69e56a9b3616bf7d4d5023b8215c5952119cd1d33191a99978299a415716548456b4750c646a665e0a66925afdf5351f8ee13bc2f9cd3efbaa4
371d04b10f9b3562ca0419863dd330149d3573620a62727372f24387c2211c7412c44accd553281066197b4cbe1274d5cd8c4989b221e92dd6025e6f2e3a096223566ab19408330cbda65f293a6ae6c414c4e0e6e5e4875184412a4e9ab9aef5314339b97921a2e111165020cc31ee998043d25bac46bcdd
2481d538ef5a08d2115206393d8b6c36ccbe11c4ea118000170bc0cd4f080db32f84713a84600005c2f03353c208454818e4f62db0fc2718154451690903aa71e2d4119022a40c72bd16d72d997c238df422f27e138c0a8128b51b665f08e27508c0000b85e066a784108a9031c9ec5b61f84e302a88a2d2
0cc769dfe1e9214142680ef201dbea182d5eb71b5a7440e1ecfab06e44a2060b57adc6d69d12387b3eabfa91292509a03bc5f76fb1e3ae38250b5155198ed3bfc3d2428284d01de403b7d4305abd6e36b4e882f1d71c1264a8ab0c16af5b8dad3a2070f67d583722510a134077900edf53c75c704a16a2aa
1cb53e150345bd0288173f8b7606813f9d20975cb36e33c607ed2aabe1f01fe74825d624db90f181fb4aaaf87c3a205cfe2ac01a121c54cb9b76726c396a7c2a068b7a01102e7f172e0d013f3a412ebd86dc510e2a65cdbb39363fce904bac49b721e303f69555f0f83440b9fc59a0341038a997372ee4d7
31f182d3a5177b11242ec366ccb04b3068c2b7d4ae2a4357f58e42ee6c4c0c1a30adf52b8a90d5fd6390bb9b131490bb0d9a2ac13303dbebab3d725823e305a74e4ef612485d86cd99609620d1856fad7c547181edf5d59eb92c1834615bea571521abfac7217736262921761b3455826207b7d756bce4af
2a00b56d24854f121dba26a5349f792faccacfb0267ad0d5ae41584b01b43beb32b3e8f19ec33862caa02ab7b93876e89a91ba7df356b905612c06d01df59959f478cf639c31654ff45bdd3c3b744d46cd3f01ab5c82b096036837d66567d6033d732ff5255e5ba1ed30edd1352794fbd2ad720ac29a0d9f
35382438b9e199e37936dcdee2393f2c734e1cb03751f3addae2b876d32a1b1cd3872b05d48181174938dcee261de4db737a80e502b76b8ae2a14ca50d8e69c39582ea40c08ba49c6e77130ef26db9bd4072835bb5c5712fa6533639a70e560ba903d2dcb2652f03313bc9b6e6f501ca016ed715c5849949
289824e55b07fb0026b5dc81301b3811cc2ac534afe7227c514ebb30aa6624730ab14b1bf9d079b0004754ac01009ad77204c06ce1f1453aed46a99632398558a37dfcf23cd80023895601004d6bb902603670f8a29d76a354cb08e615629a57f392a83c5d3841b6c00135aee40980d9c3e28a75da8d532c
3cfb10c93da77c6183bd586db97fca2a085b1f60d4835366d64d8a90f7213a8216c7d51d20e1a598278a060c2e260ef561b4d5ff319b59362b09dc811d410b63ea8e9070d2cc13c503061733077ab0d85affa2cdac9b1563ee4135042d8fae5a41b3b258dd91990a510c1deac36dcbfe5336b26c5613b902
1ae7085ef97838c09dd52b5ebfd1c71419376467c6ce60e0a9c66f5091d425064dd917e1b3a2e0b1e7a8213a11127754ad79f7472382a719bd424750128326ec8bf0d9d37058f3d3ef9d09093baa56bcfba391c1538cdea123a80a0c9bb233e367315a3b40d273822e24eea95af3ee8e43054e337ac68e9f
129f11d8301548734cb5fc6d7c1bcc21a74113b6e450013c2c1b2a07ea870869d044edb9140153ff63742230080d32d7f1b5f06f30f0b06ca861aa1b0434e82276dc8a00a9ffb1ba11180426996bf8d8e837a2785836540fd50e10d3a089db722800f3226a3e2801541a65afe36be0de61e160d950c35436
3b3c9fb65bb1af53d30814edd258f11ad8f0d5185d40635065e857ba943926b63c3544075023afe47dfb815a903f4c2053b43163d14197a15fb050e1135b1e1aa203a811d7f23efdc0ad483fa61029d808b1f2a0cbd0afb728710d6c786a8c2ea0328f1adc034b8e3c3e9840a76c82c792832f42bf60a1c2
129136b8eac9ab8301083a8ddd09861971f7917e892e502c0e71769db4cb365c7de45c8a4ba142a6ba2d23ec3b2c0420ea35642620b039c5da76d32c1b2e3ef22e4525d2a1535d1670f61e160210751ab21310581ce2ed3b69962cb8fbc8bd349731c61de43bffa5fc180841d46ee84c3160738bb4eda658
3fe00f7804a7e77200f7800a4c7f113e00f780255e7e900f780087e7f1f03f803de01eff9f1003de002385fc723803de003ed9fb903de0021f9fc7d83fc01ef00d6fcf5001ef0012cafe313c01ef002ddcfd901ef0010fcfe3e83f007bc0211f3f1007bc0044fbf8f43007bc0060d3f8107bc0043f3f8fb8
000000000000008000000000000800000000000000080000000000008000000000000000020000000000002000000000000000200000000000020000000000000000010000000000001000000000000000100000000000010000000000000000040000000000004000000000000000400000000000040000
23ab7b3a115a8583eac93f095b4b2b17eac93f08114b302ba7e5b159ebe70eadece84daa15e3ab24fc26332ca91fab24fc24652cb0ae9f96c567af9c0756f67426d50af3d5927e12f896552fd5927e10229660574fcb62b3d7ce2bf5649f81f8a5a03fe2a53b54a0ee3f5649f848ca596246d7da7939a6ce
1c3484bdea85b992153640f624a5d726153640f3d2a5e3d4501a4ea3242a30d212f7ae36e63054d903d916975a1854d903d78a97635140693b5290a53869097bd50b73202a6c81ec8b4bad0c2a6c81ebc54bb3a8a0349d884853130a9b2079e952f3c0195ac380e71f30a9b207af152ec1b8e825887cd9ab
0d67407f07415663f497704b0dc94e052372732ebeead3303895f1ae426a3148dc9cc897bac38d1b6b37b64b49148dc9ccbafbab43920754e38be8241ace80fe0e82acc3e92ee0965d929b0a46e4e65d7dd5a260712be39e84d32291b939954f7571981c4af8d72135291b939975f75683240ea9c759d047
1ef823df8b09f8537e4107b6cabede3b38feb1bde7e502fb76d4625eb2a70ece3fac6f79f94327df21bfa21cf72ce3fac703ff93d0331da77f87a4853df047bf1613f0a2fc820f6dd77dbb3671fd637fefc9f1f6eda8c4ff654d1d9c7f58def3f2837dbb6a310e595419c7f58e0c1f2790663b4eff0f490a
0c45a56db5ce4c505e53cc8311897a38a3962274bc63702e05d39254fc371e28e5889c2718e04a742f28950462228e5889df518d9072d4f8540d16f4188b4adb6b9c98a0bca799062312f431472c44ed98c6d05c0ba724a9f86e3c51cb11384e31c21702e9c9097e1c051cb113c2c31b10e5a9f0a81a2de8
071af623b3c7e7102ed2bb7a680c6502fff7b89674eae1a63ac21a9bef1a20bffdee238d3ac1008d43dee70b7c0bffdee259d3ab83c7c60b4e62dded0e35ec47678fce205da576f4d018ca05ffef712ce9d5c34c75843537de34017ffbdc4b3a7570d31d610d4df78d17ffbdc4b3a757038f8c169d07bbd9
258cd90e0b57e9f067e54cf5bdb1ba086e4e5109af413102f1bffdf4a304024b0738e703450040bc6fff7d28c1390074ba7549d6c3a802d5b460953d0125839c7381a280284be1de5f67b93cff14fb22a220f3d4016ada0f4a9f10890773aa49b1c08178dffefa518222c04fc9c1d058535005ab69032a79
09a407ca4fe701c2c175873f0f848d1be74df17644105304d99835cb13252053dc85087c99d3c136660d4144ca057629e4762178c2d4e090e2c686683029ee42822e4cf141aef5cf3bbf5938cc511ec0a28bb16a7048716343340db29b094c6ba1e3826ccc1ac489933ffa700d6cba5531a9c121c5cf0ccf
381b9d3c53bbcdd2541d3fbc123bb802c90c2ff86c4a8342ef73707204ba1e5bfdd584932922d0bbdcdbfb812f3591279f8dc5eb10a26093956c1fec0f2dfeeac2499492cd4435410f5b093116f83cf7fc9ca0513049cab60ff61805c175a6cc3e11a177b9b839025d1c528590ad6836b144c1272ad83fd8
3b372869314c1032934ce4e257657a262292fe2970aa83c544ed385ed7b52646ce01ff711103f1513b4de635ee063efdd06f653e92f3ec4324d59df213236700ffb8888354cf9c8f2c3b3438e1eed6b934a32179f621926acef9130024ebdbd14143e2a2769c0e6bdb3ed7f7388b092811e7d88649ed3be3
2f54b7cd2f3b4d8318577fd4edd1ca2580eddb4e0c2db0129d2bef9e880203e8b2d79b6c652204a74afbc6a2011dcfc326bbdac8206b9c217be5e0e301f4596bcdb632935232931f4e95f613e5d06d76b1b36235ce10bdd1f072015edcc755c9ab10094e95f7cf440113c4cd248eaa3f00d73842f7cbc1c6
2262f9243764b933b96a040062dda32d3c5788860e6fc33847c34cb1f88c0b9e5bacbc8ef250ce11f0d32c7e23000524d3b131a4014a7c4760afd52225cf2dd65c377930ae289e204a09d224748cc541c57e10a53e23b057ea913beef18ed337f8f19c23e1a658fc46195955c497da411294f88ec15faa44
1b2e74edc27da6b0034d52abf8eaa614e59873b02abe10ab9b2bb914e02632f6165b453607a22ae6caee24380a083cb21ee2ad1aa3ecf27ed93d46be197b0b2da29b03d00859b6242d99e1334cbe1a3eee6b21f6793f6c9ea35f18e14ab74ef9a10055cd95dc8a701310ec058a8e0f7773d9e4fdb2bc8d7b
171633c2e61685311a2e30aaab4a66331be8b7d15a1a20f9a02c27fdcbf830412c0aeb1677103e680b09ff72fe3fa7a9d7b1cef0704a44dae3ab26ae38209605737b3b906b406f1bf480f704949b854a43efb025226d71d59357148f5f13f5c9c6707cd01613fee5fc0410aaebe60ddbb09489b5c7564d5c
00047fe017b7ffe047fe00f99008700047fe01188007807fe00f7a5287d70011ff805ee001811ff803e01021e8011ff803ff002101ff803de31a1f8c0008ffc02f7000c08ffc01f11010f0008ffc0210001000ffc01ef2950fbe0023ff009cc003823ff007be1043e8023ff007dd004303ff007bc2143f30
000000000000000000000000000000000000000000000000000000000000000000000000000000000000000000000000000000000000000000000000000000000000000000000000000000000000000000000000000000000000000000000000000000000000000000000000000000000000000000000000
1778ceba55d685b38ceba575625aa3378ceba572085ab01b7fbecd97e7101de33ae95b7a16b006dfefb365f9c41e33ae95d4816a9019e1967110464b2ef19d74abad0b60036ff7d9b2fce22f19d74ae830b55036ff7d9b2fce203bc675d2b6f42d600dbfdf66cbf3883c675d2ba902d5211d5bd9d08ad42c
287f3125a6017a63f3125a8999a55f07f3125a8957a563e4604129a2193321fcc496a045e961f918104a58064d1fcc496a255e9583e59e696eadbab610fe624b5022f4b2fc8c08250b03270fe624b512af4ac3c8c0825386326503f9892d44abd2b3f2302094b00c9a3f9892d44abd2b02e1a425ef332dcd
31bda5115c049712d9a2b46f0810471bda5115f1c970419a2b46f357046506f694457c725c13668ad1bca4411a1c7b94299033a8d2359d01fbfc055a237b4a22bc292e11b34568de52208d37b4a22be392e081b23c026fd6936e0ded288af8e4b822cd15a3798a823338f72853206751a06b3a03f83a0ab3
3d33f8634b887461836a8fb07dce3d133f8634f667451036a8fb0968e3ca34cfe18d3a81d1520daa3ec23938f311523e33322ab2f37be08f7dfaa7e23a67f0c69b30e8b306d51f60fb9c7a267f0c69ecce8a219b4f1cc459e6fb299fc31a7923a2901b547d84b471e522a47c66645565e2f7c11efc374fc3
0e3a5ace9fd3690161c88f52da06a223a5acea09968fd21c88f52eea6a1b38e96b3a7f4da40187223d4baa1a870a428e48da2ca0a3311695b6a5b9321c74b59d3fa6d202c3911ea5b40d44074b59d4174d1f91bb2c75d5f6498d31d2d67502bb47f30e447a9754350e14851c91b4594142622d2b6d8d7263
02c4077cb04f8bb141262c8c1c1af42c4077cb04f8bb001262c8c30baf3b0b101df2c13e2ec10498b230b26bcf03ef8f5a5b5504331c6bd88e9d9f9d05880ef9609f1762824c59183835e81880ef960e1175f2f6c86ad5553f0c16203be5827c5d820931646164d79e07df1eb4b6aa086238d7b11d7d3f39
3e4d10dbbc755fc09dbd909cd4b9d024133f2972d828417e7de39ed3359f3934436efe357ed102828b0e6a1a202157f577eb0e05b1963364381cdfa83c9a21b77d0abf7279539ba87339b8112ad559df943860cb19b21c0e6fd43e5b7fdfdcce2550c72c9bae0a6e28256cc722cea304132c66c87039bf50
254a3600e102d8f1b71f2e181f61302f3b3beb815f37a359457bc758d88d1528d8038c4b63a17eed96777271453edd84cd53f1b36026901f293f9c070a946c01c625b1d35e630872fd1baf157ffe9333aaa8f213480f947ece04375c92064fe935930db680ac26893b03ca359d4aacd8c04d203e527f380e
1fea4386c1a7f140c06e135b7a23cc07fd4d46195eb9a01272ebc7a0588c3fa90e1b0abfc4f05ae8df7327431f03cc5855439077f3e06e74f11d6f383fd4870d834fe282c88e28e640071f18349097d2e1e311f0373a788eb79c1a9fe200b74575a36e1fbcb6c0c6b83c51d5080adac583c0dce9e27cde6f
1698ef3ed6afc0f1915625d4afc98336964ee3a3087550838104d8881c481a63bcfb5edf03b36a0d79d6eafcc005fb764a83285bd1ecdca1a4b4b0412d31de7dad5f81e058dfbe033c5e2338c02b13c31631c2f66e50d23958213b3a02de968d26b19de781547d2e61024d211d2b204fe3d9b94349696082
190bdd97309ee53069d4d0e24a5ae6269bfbf00308ebd1270adb5dc3cb17242f765cc69b94b12a9287f172ca80244e72956689ce50bd52df34bced363217bb2e613dca60456a56572d204b37252824c9f936805ea96f9a5e769b01ec63d1b0480a22e3645b504d2a81084c95612b1726817aa5be6979da6c
1ec3e5dae91d6b42e5bc0ebe0714302b01468442895a10480baa98eac7fc3b0f976ba895acf2e5b3cfdfd6d26b3daeb465711c7ca1898be490cd12e53d87cbb5d23ad6812bba4239379e750349548e25daea52c4c5f2484589731ad1690cb3856e126b257b03082ebf3b9fdad159654d931317c9219a25ca
293a6a8dca4cf3634eabc0ff292d2a1cb3e7e35d01d5230b8d00f0526c1e24e9aa373173cd61f049fefb8c927e3b5e4cdce4a5d9416cb9d3b6f9769b1274d51b98b9e6b2053eaed0aacb630cdd8b79440aca62b65ce9db5bbb4e3cc8726f23552c9078acd12544b3eb09a3c312cb014712d973a76df2ed36
2e7b7eddd5c6d192bd8a677c1d5b2619cf2669a68d56523e252931e478d239edfb775f5b4623c2a92e6ab7041520b0e343399b4e315c58cf0b87da151cf6fdbbafada31395482d9e45ba933519383b0a0a1ea2ae2c6785a2ed0b27e8fdecde5364916b1efe2fe703e11aad19d5503750b2b8b19e170fb42a
3c0c80049cc00e90c80047fe00f78000c800481ae0f71080047fe0d577fd303200121c603d1320011ff803de00032001200883ddc20011ff8355dff4381900091ca01e1190008ffc01ef000190009014c1eea10008ffc1aaeffa206400241be07b1240023ff049bbff0640023ff007bc000023ff02cdbff7
000000000000000000000000000000000000000000000000000000000000000000000000000000000000000000000000000000000000000000000000000000000000000000000000000000000000000000000000000000000000000000000000000000000000000000000000000000000000000000000000
345d73d2527e3fa295778ceb7ad369373db25672bf7f615778ceba4136861175cf495658fe5255de33ae6f4da21cf6c959d75dfd515de33ae946da1728bae7a4a91c7f312aef19d737a6d12e7b64ace99efeb2aef19d74826d0c22eb9e92acb1fca0abbc675d209b4334abbc6759c69b52bbc675d28db42e
07a28c25a941c0716a87f312432c1808c24d2983008042a87f31257cc17b1e8a3096a50701c1aa1fcc494eb05f230934a60c020102a1fcc4967705ea0f45184b528380e2d50fe62486583011849a530601008150fe624b3b82f53d14612d4a0e0383543f98929d60be0b543f98921960c143f9892d300bd3
3b0a8804680180e23f1bda50f0e24a32af2f86eaf22523f1bda5111e24980a69d15f3a10f820fc6f694447892628fc6f6941b38933c6f694453e925d36151008d42301b07e37b4a223c493255e5f0dda044a33e37b4a227e492f2cd8aa42e99e4791f8ded2888f124c11f8ded2878712538ded288abf24b9
2a89f8bf83d251a2ebd33f8604c488192b49ffc9e22a12bd33f863224875112a07fd03f3b053af4cfe1897121e0baf4cfe18131222f4cfe18d0d21d21513f17f0bc4a331d7a67f0c4b890f325693ff93c454217a67f0c68690e93bb57da6a7a68f835e99fc3170243b175e99fc30262441e99fc31a5c43a3
19d545e9c25251b1c0e3a5accd1d372f816ce5606db7d00e3a5ace9fd3690052f2a8359edc73038e96b37674db17038e96b22c74e038e96b3a7f4da433aa8bd384a4a36381c74b599a3a6e1f02d9cac4fb6f901c74b59d3fa6d228a0ddcbf1a16162071d2d672ee9b52e071d2d6458e9c071d2d674fe9b48
189639424119dc11142c4077b93af904a41893d63df84142c4077c9baf8c041933bb8f7c7b1050b101df26ebe33450b101dbccebf10b101df2b0be2f312c72848233b822285880ef7275f209483127ac7bf08285880ef9375f182ed0f9ca7b19c710a16203be4dd7c628a16203bbb9d7d216203be5617c5e
212c789a34f5782013e4d10dbabf562bdd28761a8298913e4d10dbabf560280e2dd1af6752904f934436eafd58204f934434dafd60f934436ef1d57f1de48b3c68d2f47027c9a21b757eac1027c9a21a6d7eb27c9a21b757eac035ee943b0b314c509f26886dd5fab0009f26886dd5fab1f26886dde3aafe
098cf4d82bfe8851c654a35ff0ee2e36dd3857872b9aa0654a3600dce2d9318091baef16bfe319528d8005b8b72719528d7db3b8c19528d803738b6402e050c7abade9238ca946bfe1dc5c138ca946bed9dc60ca946c01b9c5b21b6e9c2bc395cd5232a51b004d716d0e32a51aff8771732a51b006e716c8
114ffb8e2450dcc3b1fea4382f428013a7ff4731f86c531fea43869027f21172ecaf5b77bc52c7fa90e18309fd0ec7fa90e0bd0a007fa90e1b069fc525fedfa7bc0efdb363fd4870a084ff0763fd48705e85023fd4870d624fe329d3ffa396ec36318ff521c34813f91d8ff521c17a1400ff521c360d3f8a
0dcba492efa93b63c5698ef3af48fd2c4e566c80daea405698ef3ed28fc11b09963e19ffe46315a63bcf8323f13f15a63bcba524015a63bcfb4a3f04038eaaf8acbd3b438ad31de7a091f91f8ad31de5d29200ad31de7da51f8216272b36406d75222b4c779f4847e13e2b4c779b6a47f2b4c779f6947e08
060a198131ab3b22b590bdd9466fef36bf901ad6fb4643590bdd96fafee63126f7291f8d3072d642f7659dbfba1ad642f76411bfc1642f765cb1fb950af6f8ba75dac2e16b217bb2cedfdd0d6b217bb208dfe2b217bb2e37fdcb1b5fc80d6b7da321ac85eecb7d7f7335ac85eec8237f82c85eecb963f72a
32791b269582566131ec3e5d9af9d708a8ff60c93758b31ec3e5dab79d6c02343f35335cac70c7b0f976ade75b14c7b0f97563e7607b0f976ba475ad3ab92636ec48576263d87cbb35f3ae0a63d87cbab1f3b23d87cbb5b13ad724547fb0628bac618f61f2ed5bceb6298f61f2eac7cec0f61f2ed748eb5a
2d1e0249076115532a93a6a8a890d03f615001910cb7c2a93a6a8da10cf422c1704c344481a0aa4e9aa368433d0caa4e9aa2a24342a4e9aa370833ce17da5d5c928baba255274d5193219f0655274d515121a15274d51b8419e71fb0a800c8865be1549d3546d0867a19549d354544868149d3546e52679b
0089e51bc20341239ee7b7eda1ce6e1e880403bd1f2221ee7b7eddb8e6d223d8bd5bd9bbef727b9edfb74d39b52e7b9edfb47739c3b9edfb77259b473823704dc24424833dcf6fdb859cdb173dcf6fda3b9ce3dcf6fdbb71cda40f440201de8f9110f73dbf6edc73691cf73dbf6d0e737373dbf6ee8d368d
3087fc0c9ce47f107fc0c800cbfdfe087fc0c810c7fdc3fc0c8004c1dfff021ff0321cf1ff11ff0320032ff7f821ff0320011ff803f0320013cd8029210ff8191ce8ff10ff81900197fbfc10ff8190008ffc03f8190009c5c00d043fe06418e3fea3fe0640023ff00003fe0640065feff3e0640025cd0069
00000000083fffe00000000000000000000000000000000000000000000000000000000000000000000000000000000000000000000000000000000000000000107fffc000000000000000000000000000000000000000000000000000000000000000000000000000000000000000000000000000000000
1e313a9d5349d3d01b45d73d239be412bc30fd66964b91b45d73d239be4034af0c3f568d92f06d175cf48e6f90006d175cf48e6f92d175cf4928f8ff01a44b8720a90660368bae7a4737c820368bae783737d368bae7a4737c80295e187eb13b25d0da2eb9e91cdf2000da2eb9e91cdf21a2eb9e9293f1fd
11cec162980e2c83e47a28c21a621d2d438f028449b2c247a28c258421c10b50e3c0a1126cb391e8a3092f88713f91e8a3055188811e8a30969487021e5bac78db26f9b3c8f4518476c4391fc8f45182a8c4408f45184b4a438116a1c7814224d96323d14612a110e13f23d1460ec310f23d14612d290e04
1a6e6335971303214e20cad01fe0bf054e20cacfdde0c0e20cad03480beb19c39bdf4f84bb0138832b40c182fb1538832b3f7783038832b40d202fac0ce1cdefa7c25d829c4195a03fc17e0a9c41959fbbc181c4195a069017d6338737be9f097602710656818305f62a7106567eef06031065681a825f57
3bc56fa366d4fc62648c9aa0a9a5d52e648c9a9dd3a5e248c9aa0cec5d4721d899e6eb524f0192326a832a97523992326a7f8e97612326a83435751a10ec4cf375a92780c9193541954ba91cc919353fc74bb09193541a1aba8d03b133cddac49df32464d506552ea4332464d5033d2eb2464d50686aea34
010061a7bdb4f8d0dbb95949b6667628dbb95947226681bb95949c2c675d13f7779607bb34336ee56526d999d8236ee56524c999e2ee565270f39d7329fbbbcb01cd9a21b772b2936cccec11b772b29264ccf3772b293858ceba27eeef2c0f766862ddcaca4df533af06ddcaca4db333b1dcaca4e2293ae5
08cd637f3c1307d38b194143fc0ef8238b194141ec0f00b19414435cef723072b2a3acadc1122c650510b63bdd0e2c65050ff03be2c650510d73bdc838395951d446e093163282883a1def0716328287f81df163282886b9dee420e565475d7b821058ca0a21ae77b91c58ca0a1fe077c18ca0a21b297b8f
1cfee5866bbd4381d8946869495af335d8946865ef5b018946869663af2933fb9619b3150df36251a1a5676bcb176251a1a41d6bd2251a1a59d0bca339fdcb0cd77a8703b128d0d292b5e62bb128d0cffeb5f3128d0d2cc75e521aec4a3432f7ad82c4a3434b10d7952ec4a343483ad7a10963c4d1a7abc1
3acf8e9768b065c112f7730d8a0b9b1512f7730c400ba12f7730d9a8b9ac2b3e3a5daf2196d04bddcc366a2e6b144bddcc35202e70bddcc366e4e6af359f1d2ed580cb7225eee61b1417362a25eee6188017425eee61b35173580a897bb9862005d097bb986cd45cd62897bb986a405ce24c67a6c13ef443
04ba2bd16ad21f32bdab46ff61b4513ebdab46fb83b463dab46ff8af450612e8af45ab487cc2f6ad1bfe0ad1423af6ad1bfa6ed1536ad1bfe3831415097457a2d5a43e617b568dff0568a13d7b568dfb2768b3b568dff1a08a0b1f5ed5a37dc1da31ed5a37fc57a28335ed5a37f8fda2908a7fdc712286e6
2776b99fe3a12510d00e692c2678b000d00e692c2678b100e692c32d8afd1ddae67f96c494234039a4b099e2c0034039a4b099e2c0039a4b0cf82bf30eed733fcb624a11a01cd2584cf16001a01cd2584cf16201cd25865b15fa2068073494033c628073496175c57f068073496133c5806e5d24977d49db
36b05a35d3598961a12ef2b4f46c9821a12ef2b2e46ca212ef2b50d2c97a1ac168d759c6255284bbcad413b25f0684bbcad3d1b2604bbcad43cf25e62d60b46baad312b3425de569e8d93003425de569e8d93025de56a1e792f310d0977959723651097795a86964bd0d097795a7a364c03050cc098d59d9
1e7a97f7a895c8f08e914a6bb4cce3348e914a685accf0e914a6bbd0ce2e39ea5fdea67723b23a4529aed3338c123a4529adcb3393a4529aef4338b83cf52fef512b91e11d2294d76999c6291d2294d4d599d1d2294d77a19c5c3a4748a5321d6680748a535de8671724748a535b96672193c8d934ac12b3
36bb28138617710398733c643d5e600398733c643d5e618733c64771e5f21aeca04e24bdc3d261ccf191bb797d0e61ccf190f579821ccf191e0997c72d765027104ee1f330e678c8bcbcbf0730e678c87abcc30e678c8ee3cbe401cc399e321eaf30c399e323b8f2f91cc399e321eaf30368f012481a08ab
301d3c2febf87613e986fd71b83c9a1be986fd702c3ca2986fd71f61c9910074f0bfbc41d813a61bf5c7a6f2652fa61bf5c4d0f27261bf5c7e0b2642203a785fdc10ec13d30dfae3b2793337d30dfae058794130dfae3f0593210df4c37eb8161e534c37eb8f8fe4c91f4c37eb8dc1e4d0044f28de101a09
3ff7f08818ec7f137f087fc29600393f7f087fdda7ff13f087fc0dca04733fdfc2200d11ff11fc21ff04ee01113dfc21ff20000093c21ff033ce11f13fefe11014f8ff12fe10ff835e00813efe10ff9e6fff93e10ff819c608f53fbf843ffd43ff13f843fe07cc02323bf843fe23200193843fe065ce23f1
20808000000000000800000083fffe08080000000000008000000000000002020000083fffe02000000000000020200000000000020000000000000001010000041ffff01000000107fffc10100000000000010000000000000004040000107fffc04000000000000000400000041ffff00000000041ffff
23c9e6addcf3db138133761fbe78f8238133761dae7902b422883a7e3eda0f279ab77c0f6c22ad08a20e7e8fb70e04cdd87ef9e3e378c4ea751ba7500793cd5bbe07b613568451071e47dc070266ec3f7cf1f1bc62753a8dd3a8190d5f22822979715a11441d3f1f6d1c099bb0fdf3c7c2f189d4ea794e9f
1b4509521f0c24f16dcc899ef7868d0d6dcc899e3186903bdd73c647b9232d142548805093b10ef75cf1816e4935b7322678c61a40473b058a6038b2368a12a43e1849e2877bae789fb7251adb99133c630d20239d82c5301c591f6a20dd59b686a21deeb9e302dc922b6e644cf5ac34708e760b14c07164
1befc924661e1b201dd75735bacee212fe0d53c050b853c1708834459d6e08bcff92b44e0270775d5cd6eb3b882a37e69c8eedd61305c220d1dc75b537df9248cc3c36403baeae6b759dc425fc1aa780a170a382e11068cd3adb297f06a9de185c30eebab9add67710146fcd3921fbac120b8441a3faeb69
3b1edf9dedc656f38e9e2d0fe9e3962bb210022b57f8735a0520f0bedff20e3bcd2a39ee66b23a78b4406d8e5515ca6507a20a4b91681483c3c17fc5363dbf3bdfacadd31d3c5a2015c72b176420045acff0d2b40a41e1bfbfe335d90801139bfc4074f168811d1ca92b94ca0f44149722d029078782ff8a
01d21062de39a912392e300459cb0b2615bc5ae0edb65122c0b05a300a042587f2d8f1f19960e4b8c011eb2c2a3154cc6cb00c6ef08b02c16902280f03a420c5bc735220725c6008f596150c2b78b5c5fb6c92458160b4601408330ade2d6e66db31c9718023d6585422a998d96438ddd1160582d204501e
210126dc65e1e4e0385c65357d817f39582668a2e99831a1cb3e8047689e2b06c0707791fda0e17194d5f605fc0720e8551efb6b72872cfa015fa27702024db8cfe3c9b070b8ca6afb02fe32b04cd149f3305343967d008ed13c3cac13344f64cc21c2e329abec0bf80e41d0aa3df6d6e10e59f4030144ed
2026f43ace1c0f81ca42c276278315228a8aafe29ff713e4ab22d73f15c238a2a2abf58ffdd25120a9aa2e19c1243feebe0164b8c293e04f16a9f60f0689617bb34c9761c6679a0e290193121ff75f00b25c62a66f252fccb18031454557ef3ffb9295d693c706d4692e521613af2c18b18b782e8ec533a4
13eb100dcf7ba5c22856b6a5b68e0731212b1ef811f08158fabe428ac5880c484ac7be047c209bdfad4605ad1d1c6a9e7fa52e1153f8ce101b816a032f3b5e67d48e0e30eff0554623ff222e354f3fd08708b16af377ce46f8001890958f7c08f8433df0ef609e1fc63142b5b52ba4704067f004fae0402f
2b8df3e63151dcd179bb30b92a06080562b1f4303edeb1088af0d2e7424c1158ac7d0b07b7b2a79cd30fffa728226fd9a07299b96286653bb494476b3c6097a8c77864c12824fe8906058c1137ecd0394cdcb207ee8735e8db2822b158fa160f6f61bf898f0db3e9b40bcdd985c95030436115752f75d988
2abd9c0f8316be12e91c7e7d7dc30e313fb9c1eb9117a05f177b75d6c6092c4fee7078d445f1045d70803123f23b9a729cedb036109874edb5fd9f5d3671320bb9876e83e2ccb5d9d2668b3dcd394e74c81b1247a6c9a2eafaf7189fdce0f5c88bd2341f6af2bd37bd1748e3f3ebee187340497a36eedde1
2ee977777f283b9165a3513b77a2132bea4aff25842fb2611a319be7e8ea1afa92bfc8590bf328f62e73f2421b390da06756a4e7305d6e95505005ae1d8b28166e87f070bab2e9985a63b83c86d033a94273a12dd95f3f614c3035f5257f90b217e0316b0436baab1c2b2d1a89d9ad10a0b660bd176182f2
31ddf799cbbb2230d90e11663379531414d25c95f6be82bcb46c321f39e105053497257dafa3c6fa37e0d4b234036e37a299dcbb9283b5071ed892881f25726b563304f37d6d85b5b4f92c21b71bd14ade5dd377ad0192f306730a0a692e4afb5f412887b81567dfc226c8708b2f8bcaa0be0241b99cf119
29a9ed70d0838002c21ce74a64d23e2575e07b2f1abb02f6855f2bd42e0d095d781ecbc6aec0fab926662055763df18fe8f7849cb3501596dff17b092b406981609ed180e4f6e69a96c1683ef8c7f479b24e613eeff4502c05e312baf03d978d5d81e45d86b5b6cea81610e73a532691f01ef417bc1e7329
376ccf421d78fc3265c0b8c0a6d22d13f8e0cf1acb1301066665a27c6bb604fe3833c6b2c4c06c5c84c4be8c4b35cdbf3dec076fa3234904127d268807eff26a214c1412999f5c5fb5a8f21ae6df9ef603b7d13a971d055f682909fc70678d658980da4097d51d60f6332e05c603269173d7f746831deecc
27f9fff7f8c7fbe39fff7f0a4dc0b93f9fff7f2d9fbf71fff7f089880c721fe7ffdfeb5fef627ffdfc23cd03113e7ffdfc3edf0293ffdfc2224231ef0ff3ffeff5aff7b33ffefe12cd81813f3ffefe1d5f80d3ffefe1110018f43fcfffbf94bfdfc0fffbf845cc06313cfffbf860de0593ffbf8440a663f5
00802080800000000208080083fffe08020808000000002080800000000002008202000000000820200000000020082020000000008202000000000001004101000000000410100107fffc10041010000000004101000000000004010404000000001040400000000000104040041ffff104040000000000
1a1b18d00c614fc1b18d00e0e4fb9821b18d00ded4fba1b9bb344b1868e1286c634035a53ef36e6ecd12949a3906c634038393ee638f279ab7424f6d343631a018c29f83b7376689294d1d03631a01c1c9f733c793cd5b8027b710d8c6806f6a7dd2dcdd9a256b34710d8c68070727dcc31e4f356ec69ed9
24f5263edf7eac535263ee1dd0c46d0f5263ee1d0ac4728553bbb5a9971c13d498fb863ab120a154eeed6a65c73d498fb8742b11c16d1425486bb09409ea4c7dc31d589250aa77769432e41ea4c7dc3a1588e0b68a12a435d84a27a931f70c75624142a9dddad4cb8e3a931f70ec762372da284a90d76128
1cf0ba19b158fa209b7f4b44b0faed0f0ba19b326fa1939befc9242c5e1c33c2e866c983e8726dfd2d12c3ebb43c2e866cc9be86426fbf249177786d39e1743362b1f44136fe968961f5da1e17433664df432337df92489abc372785d0cd9727d0d0dbfa5a25c9d767385d0cd9979d0c70df7e492330f0d9
2dc04aadda47de0220afc8fad12ffc1c04aaddd1dddf507b1edf9de9a65737012ab7715f77e082bf23ebc8bfee3012ab774b977d31ec7b7e77a6995c1b80955bb8afbbf0415f91f5e45ff7380955bba3bbbea0f63dbf3bd34cae2e02556ee6deefb1057e47d7917fdc202556ee9b4efa53d8f6fcef4d32b8
132ff2431198ee10e31f4604f9900532ff24312a0ee0c3c1d21062a059aa0cbfc90c4a83b8338c7d1813e640140bfc90c4b49b82d30748418b4766a5265fe4862331dc21c63e8c09f3200a25fe4862583dc17383a420c582b353197f92189507706318fa30280e802717f92189693705a20e908316d0cd49
23ff82d73a87d1f2684fc3bb19c5143ff82d73c97d1e80a10126dc5da1e50ffe0b5cf25f47a1a13f0eeceb144e3fe0b5cf325479d284049b7176879407ff05ae792fa3d0d09f8776758a273ff05ae7971a3cf142024db8bb43ca1ffc16b9e4be8f43427e1dd9d6289c3fc16b9e68c8f391080936e32f0f27
3e26588c2d00ec60e729a2d4766010226588c30deec5127060a8ed5049e238996230c063b152c4bc2b23278dae0996230c3ffb1422c04edffcdd887c3c4cb1185e21d8b000355acac6bb8904cb11861ffd8a1203a87259d60dc63132c46184e76291dbb156d20f6e7907394d16a3b300805db69f7b0996f4
0cdccec88e8f68102b90490f3233030dccec88f55680d28fd5a460e24b6133733b223a3da040a8c5f6eb70410f3733b223d55a0343aa737a72b6d99f19b99d911d1ed020f6637a18d9491b1b99d911eaad01a266ad4d78d529d126e67644789b4071d95e626feae2b2215c8248778198220de4f02ee1202d
130f29aea32d703188e230f2fc453930f29aea435702c05e58ba79d76d880c3ca6ba90d5c0b2e438d3f748a3ec03ca6ba919bc0ad31529717e6677e5261e535d465ae0614672fefcaa83ee21e535d48ace0570c5d8cf6394848018794d7521ab81616a7073e12bff522c47118795d229d2212b888d294659
2e22eb3597ce464160623cb13a7f5e222eb359aa4463510001ec09311019388bacd6677918e2e174694ea0153408bacd66b1518d20e3f0b04663b92a1c45d66b33bc8c70d15832414bdf2b045d66b358a8c690768c055b24b14d311759acd31231b28494a33c6a5cc50b0311e589d3faf35159334404e139
19b3f8322c4a74200dd43fdb57257f1b3f8322dd6741a3b79a8e41499a9e26cfe0c8b549d071c9b9e8f32e4fcc2cfe0c8b79bd067005646a2602086c3367f0645894e8420b14c6d7d76a91367f0645bace83430390207b85bade0d9fc1916eb3a0d0dcab32896b83f6206ea1fed8a92c00766dd053538b35
22f97907707b2d93014930800395ec2f97907728b2d882dd0897c9b6cb340be5e41dca2cb62067e6b448db24953e5e41dcab0b61e3e33f08d18781c805f2f20ee5165b13cde3c3e997325d1f2f20ee5585b0f3bbcd0664fb03b617cbc83b94596c4338b1cde112a86c180a4984001caf61c4c23ad2059640
21bee890c6b003e18fe54c75c08b3f1bee890c8c003d82cfc9f259a8880906fba24323000f6031dabb134d397b2fba24323420f5f3c927af37095d4b037dd121918007b28087b0f10c336b37dd121918007b024daeaebb5166470df7448646001ec1d0ffd04ca0fba62c7f2a63abf45a02e434946696645f
111d76385580ffd355c2a5a62861b011d76385688ffcc3493db3cb81ff6e0475d8e15a23ff302c64385b06ca56075d8e15a65ff2f21b4761a6428605223aec70ab01ffa079a3362afac7f723aec70ad11ff98364b115d6df6e1e08ebb1c2b447fe61fbac3ee9a02ad21aae152d31430d836459150ceb9cc7
3e7ea7fa0417eff3ea7f9fffc1087727ea7fa01c5f0792a7f9fff9be87f139fa9fe81cbfc193a9fe7fffca21f11fa9fe8016bc21229fe7ffe14e1fea3cfd4ff40c4fe0d3d4ff3fffc410f50fd4ff401bde10114ff3fff1af0ff133f53fd01c9f839353fcfffdc643f13f53fd000c7843413fcfffc0ce3fdb
000000802080800000080208080000000008020808000000802080800000000002008202000000200820200000000020082020000002008202000000000001004101000000100410100000000010041010000001004101000000000004010404000000401040400000000040104040000004010404000000
13431252f8008140854294593169a83431252f908813c0542945939a9a7e0d0c494be42204f2150a5164c5a6a010c494be4e804ed37d73bc7153dabd268624a5f00102810a8528b262d35028624a5f25302773beb9de3888ed5f1a189297c84409e02a14a2c9cd4d3f2189297c9d009da2fae778e2e9b579
2ebaecbd42ee6ed35aae6f977b96592baecbd45c46ec51aae6f97b1365833aebb2f513f9bb216ab9be5eb459612ebb2f51795bb1207ecd3fc9a625361d75d97a89fcdd92b55cdf2f392cb1175d97a8bcadd8903f669fe4d3129b35d765ea2c137632d5737cbd68b2c21d765ea2f6d76230fd9a7f934c4a6c
12be9577153f7a41ecde26d0af2e7a2be957716477a3c1cd340b887387a60afa55dc591de8f2849d985f4d98651cb7ad975f0c76c334d02e22101e97257d2aee2a7ef483d9bc4da15e5cf417d2aee2cd0f47739a681710e70f4c15f4abb8b23bd1e1093b30bedd30c9119103e62fb04330e785d0cd8ac7d1
2e02c57b72cbde601441c4b1ea2fac202c57b75a1de5538800a5d76f83f2380b15edd36f7960964968bcef989c0505843cc52533e22002975e840fc51c058af6e9b7bcb028838963d45f580058af6eb85bca9310014baf2107e330162bdbaafef2b12c92d179df3138372b360e6da871616e02556ed23ef0
3d32686812296fa1de6d0fb8b18537132686816076f913a2eca0d3d7ca4434c9a1a05505be533471e8edc13af30845f4a6318e45b28bb2835025290d3a64d0d02872df33bcda1f71630a6e264d0d02c0edf22345d941a7f1948729934340ae2b7c9268e3d1dbc475e5386a4094e10535f2997f92186bc771
06083e85d76d17e3e0910c624f1cbd2083e85d7af17df309bf27ad1d2bc01820fa175db45f80b11f346df5947614fd51a42f18100026fc9eb53aaefd0c107d0baeda2fc3c12218c4e039790107d0bafa02fbd2137e4f5a7c577f3041f42ebb68bf01623e68dbeb28ec3cda75b3663216b31ffc16b9b33e90
3169d97b58ac86f18f924a2e83bc1b175b66484ea6411261096ab2c98da505a765ed6f121b92e07801931ed14d3af1173bc4654362f89962309303b222d3b2f6b5790dd3703c00c96e68a73df7663bca2fd743843a5af6c955323f5bd2d8fdc10f706b66b0a70da5c02c7c9251720de0e1f132c461680763
34f38529caa4cc23b2f95fe5425f7334a076bf8fbb18117579064e1e6a8a13ce14a736f330519f31fad273e90f3c432a1c2eb9fa5333733b2208bda129e70a5399699832cf98fd6918f4883432d13a9efecc72facd60597e7bc51a91474f3693f252becd421dd99baa3d97caff2802fba266e67644537b41
19c15948c61d76e023bae34de77d6012bc7fb29cb7c783a95b4e2facba6d270565231c95db71c61902ef6d7ec43bf4c94cf5330e914c3ca6ba7c35c13382b2918c3aedc0e30c8177b6bf623448c913abb32e620b049a304fb55232bd047b9fa5cb026a99f13d0bfbaa011dd71a6f3beb0298794d74f86b82
2b935caa52dd14f1576761d41019a22c2e6faf33a4e7c2775023d67143f42e4d72a953b453a2842617601520472080e7b06ef24180b88bacd65f39191726b954a9da29d342130bafe990242602e3c6bb0b2493b86cd55347bcca16285c6ad2b987e13cba5b1ec7133a0abb3b0ea080cd11711759acbe7232
16cc4002af13c4932dba45806476ab16e5ddae2581af837a83c94c04e22f1b31000ac06f12337fbba04a46516221510b563ed4c1c266cfe0c89029d12d9880055e278921bfddd0252328b115a67485382eb0338346de05b359de3cd488fd61ed4392d35b870b1637d4396dd22c0113b560cd9fc1916253a1
12901dc11a2dbb8227428a18ebb5662a3ef33c1f891140b6aa5e4131bb990a4077046cd6edf3768198545e1bd32d79bfff40dcfac38be5e41d906cb725203b82345b7703bb40cc2a0e0dea3b2eda5b099b29720d1297c57c011c2fceb3d37b73c7a00648d27774d1bc113a1450c75dab3317cbc83b62d96d
3e1cccec4be4ec421bc0176571280618bf8fbe6d3c2353cf25a75015677b387333b13bf3b0d3ccd184bd38bf3103bc324a88564d4286fba242f9c0103c3999d89be9d873e668c25e7b5f99310c7e3011c30470366421ce985de43df14961bb99cfc100aaebd09c6f9e10de00bb2b8940310df7448635801f
14bcbc76a629752051511a8e34f98d19b48ede5a7713b2043d5a56a806e012f2f1da9cc5d47271f7eefc2f7aea13cdffcd9b0369d34475d8e1248400297978ed4c52ea4138fbf77e17bd752ea7c6803abe2c71ee47560787097831d8dcb71e0ed081520801aa8237da228a88d46f97cc7288ebb1c28b07ff
0f847e7ea7f9ff8047e7ea833bff6a3847e7ea8bfffed07e7ea7fc51f7e73e11f9fa9fe7ff811f9faa008ffdf0211f9faa3c5ffc91f9fa9feb17dfb41f08fcfd4ff3ff808fcfd50257feec308fcfd51c1ffe10fcfd4ff693efd63c23f3f543efff723f3f53ff0ffbf0023f3f543adffa93f3f53fd20fbf78
000000000080208000000008020808000000000802080000000080208080000000000200820000000020082020000000002008200000000200820200000000000100410000000010041010000000001004100000000100410100000000000401040000000040104040000000004010400000000401040400
2427970c484add417fb7bc55fb56541fac86627716c732284a6b842ad5ff109e5c31296b74e1fedef1582f594f3eb21989e07b1cb04d0c494be00205084f2e1894b5ba72ff6f78abf6aca83f590cc4ee2d8e605094d70897abfd2fd64331397b63a3142535c1f46b000bfdbde2afdab2a09a189297c0040a
1bd06af1b2a561d20068239ac69a9d1fd3997d75cd29e1d9b3938b4e38f42f41abc6ceb5873001a08e6b9e6a723f4e65f5db54a773baebb2f4da39bc37a0d5e3654ac3a000d04735cf35393fa732faeb9a53c3b36727169c71e80fe9ccbebae694f0ecd9c9c5a71c7a3003411cd424d4f375d765e9f67377
3801a8edbd8a0d020e8d533059ce1e2ec9f95ebc8a5433d3cbdb324f7a291bb27e57ae1a9513f4f2f6cc625e8b283a354cbf5738804afa55dc54fde9300351db7f3419f01d1aa660f59c3b1d93f2bd7d34a852257d2aee097ef53764fcaf5c352a23e9e5ed9906bd1510746a9982ce70f095f4abb8a9fbd2
2ea29ef7172cab82f5b98269087f6335e0b02a909317c017043222a67c2b0d782c0aa424c5f105c10c88991f0b1bd6e609a319fd92b80b15edaa2f7a1d453dee327956f1eb7304d252fec52bc1605525462f715c058af6d517bd1af0581548498be20b821911323e1637adcc134633fb2170162bdb965ef3
2962743237f5c2d15b7912e39c634e0a70826ab833caf0fc2522ac09aec4129c209aad04f2c03f0948ab026bb1256de44b8c618d42f4c9a1a027a5bf12c4e864740b8592b6f225c738c69c14e104d5706795e37a64d0cff2d2e0253841355a09e5807e12915604d7620adbc8971ce31a71e9934340914b7d
2fe947e4e8d3fee0a07fd7a084ed530fe513cc107667431d06d1ddee3cce03f944f3041d99d2c741b4775a8f341281ff5e810bb5521820fa173cb4601fd28fc9d5c7fdb140ffaf4109daa61fca279820ecce810c107d0b9e5a3007f289e6083b33a18e8368eef71e672503febd02176aa03041f42ebb68bf
3eb45128bb52bea15775e0277198263ae68689319d73807169d97b548c870eb9a1a24c675ce01f51b0a91e9a6d255dd7809bb660a1c5a765ed52321c075cd0d12633ae720fa8d8546e4d3712aeebc04ddb3050e2d3b2f6a9190e1d73434498ceb9c0fdd2f1700167560abbaf013b8cc1338b4ecbdaa46438
2eac2b515cbeb9f2b9a86706003a5903b3bfa6d9e95303b4f3852990e4cd00ecefe9b67a54c282dd71d512f28f3ae6a19c14e8e972d3ce14a7099331007677f4db3d2a63416eb8ea6879483d7350ce086474c369e70a5363c99901d9dfd36cf4a981d669039ddd0c0235cd43382df1d2d1a79c294e552661
1c524255665fea33c88cdd29cb0e6a0d6e01c5ddceda5099c15948bddd77335b8071745bb6a3010c02ea8678c62f223374a51c39b267056522f775dc19adc038ba2ddb5180860175433c63379119ba507e1ce13382b2917bbaee26b700e2ecd76d33b6f4627ee750491e4466e94e587350ce0aca4630ebb7
252815864e5022205409295fc5dc292cd8a6f0529edfb06b935caa4ebd151b3629bc139fb7f0e6c76b51f57dab315024a57bff70b1ae4d72a93af4542d9b14de07bfdc027363b5a8d9bed638a81252bbefb860d726b9549d7a2a366c5378273f6fe234b7652177ed4b22a0494afc1ee1535c9ae55275e8a8
1323fe81738b9c606d3752f7f80be617e8998c00bd0881d6cc40029233c505fa2663002f42221e3a860d02228d21b4dd4bddd02fa35b31000a8acf1302fd13318017a1130f1d430660114710da6ea5eee817d3ad98800524678a0bf44cc6005e8443d54c7d9bf353270369ba97bfc05f32b6620015579e25
05cbe83c337fe3b21a1c3c96ffcfff1474a753e12e043212901dc0f92dbc151d29d4f743811089986419ef00d5186870f25af740004a40770468b6ee2a8e94ea7991c09244cc320cd6806b0c3438792d7ba00025203b82345b772a3a53a9ee8702235e546b897fa2ef30d0e1e4b5ee80009480ee08d16ddc
386c8d6d40747722d1e3833728d5fc2dd7cc436069bd733e1cccec1a64ed1b75f310d7126f63ab523720994ebd0b478e0cdca357f0f87333b12f93b10dbaf9886b8937b3d5a91b902ba75f25a3c7066c41ac027c3999d876c9d936ebe621ae24dec285f64e4d7b7696168f1c19b946afe1f0e667625f2762
3fe89f6732dd904077931f3e0754d02ee882762d2779a394bcbc766c69762bba209d8939de731cd24ced07196601de4c7cf81d534252f2f1da77a5d535dd104ec28cef418e692676838cb300ef263e7c0ea9a3297978ed1ad2eb1774413b1693bcd17a7509bc08005103bc98f9f03aa680a5e5e3b5314ba9
3e7e0f84829ea773e0f847e82c7f9727e0f84804ca7e920f847e8075f9f139f83e1216da9f1383e11fa177fe711f83e11fb869fda03e11f9fc2be7f23cfc1f09095d4f53c1f08fd09aff350fc1f08fecb4fe901f08fcff1df3f133f07c2410d53f1307c23f4121fcf13f07c23f4fd3fc407c23f3f647cff4
000000000000008000000000000800000000000000080000000000008020000000000000020000000000002008000000000000200000000000020080000000000000010000000000001000000000000000100000000000010040000000000000040000000000004010000000000000400000000000040100
1b87a5cb94206542018fbbf2c89d4015ad72572c2f4750cc3657bac3974a2e1e972e54a194f2330d95ee8fe5d316b5c95cb4dd1d3330d95eeb0e5d28370f4b972840ca831986caf726f2ea2b5ae4ae585e8ea1986caf75872e942ad6b92b9407a3b0661b2bdd61cba52d6b92b969ba3a634b4b6ac4c901e5
26765a2c69bd99d1de6fc42cd553c10a328d28f3b0a9b133c1aa42f978f719d968b1af3667214cf06a90adde3e28ca34a3cec2a6c0cf06a90c27e3db0cecb458d79b3390a678354856ef1f14651a51e761536267835485f2f1ee2519469477c854e299e0d5215bbc7c11946947a1a54d70b474a529e58018
2264acf4a35ee0c2cf93e1107f59b114fa39cd05379080b3fbbb1584c119053e8e73414de4233e4f84428166c213e8e73418fe41f1a113e97261e2e204c959e94addc1719f27c22140b36129f4739a0a6f210167f7762b0982320a7d1ce6829bc8427c9f088544cd833ff3771f9f73d9a1c00d476dec5068
1fde482b477e1ee3848b761bc2e90d099b436d894a4df1779264a37bb2441266d0db614a9382122dd86fd1a431266d0db6252937c2238be88377a2fb3fbc90568efc3dc30916ec37c7d219133686db12949be2ef24c946f7648824cda1b6c2952700245bb0dfe5486139fa490131d079117514f7b8b9655c
0291fccd186044e21f94abb22227f21d690c18959bec90ca6fb840815d92375a4306224efb307e52aec90c9fc635a430625a8fb232e47c8b0cbe9c600523f99a30c089c03f295764864fe33ad218312b37d92194df708102bb242eb4860c48bdf650fca55d92193f8c1326b80d3b480ed34b13a1919eae17
3f270e02f87ebda34c4afd6095b35b03c175ad1ba2530109f22c01fc0f8b00f05d6b46e894c1312bf5831ccd690f05d6b46e894c0156a3b2ebe35fb13e4e1c05f51d7b329895fac16d66b50782eb5a3744a60213e45803f81f1601e0bad68dd129826257eb06399ad230eb7fd3e5148eb17f4a3f27469ff7
3439485466675bf21eea8f3f8f443f34b0dfdbebc206a3390bad1913e73f3cfcc45253410d007baa3cfec110fa2a0abae609f4ec52fad144a2cc4afb1e7e622929a086803dd51e7f60887d15843810ef07abb185564c3006f8d62e068fa2ce5ef230d767d1da32d28d30f75479fa6a2201f5a28945da95f5
2b4ebb2a3c83ccd19a82ed7979f62d0162cc35c8ed6e7062754407dc3f0a26feaa04c32fc5f26a0bb5e629d8b31b6422f5b886f161bab0ad45627ae8337f55025f87e3033505daf2f3ec5a03c34da765f547f03e6c196b4c5a6800f2720a532d1d82354b60fab885ea2cd4176bc9bfb17375615a8ac4f5d0
0ad6ea499c4cca51fd93ce547204421bcbb350943cc70364d309687c0a962949320a9a771b53f64f39520a1107199bc4220547dcf17149095588ffa934a499054b2b8db3fb279ca8e40884231c467e33bd95921d8acb7dd61a4637449e4a9b684ac04855ced994a3be0fec9e72a3902212e29212ab11ff52
32c036136fd055c3f0bcb9f5471aae04a4b7b5c29c3662a4b32a233ad760046b04aaf9822743c2f2e7d5e26ab5004790aecbd36e3294a05619184089023582557cc113a3e17973ead0355b35e63845e76bbaf0a67729f4e640810263806e1a352f31536bde452bdcf01f85e5cfaa38d5712940ac32728111
0997b397a6193390088fe8f04ba2231df46588d1f55cf2c1bf2d095085a92cf4a2016a83fd90223fa3c12e888c3f9da1dcc75f85324c8ffa05ad2e72367a5100b331fed0111fd1e097444604ccbfc87e8411e17626eaa462dc2e205bcceaba371a4276f938e9bc099120447f47804d1120991ff40b9c5ce3
37691c4ce77ad8e347074f08d309a10018b868788b1d60631ef179e1aec01fb6e84f810771011c1d3c241226810b76a8536ec45ab1172fa0f0bd7f8f0fdb7427c083b8828e0e9e11e813410a2d4e85229ed960d2b7762f128a881abb9669a7f4cdb1dc831c13abcb503a383a7844884d122e5f41e17aff1e
1bd544a03696a323a02f71d0bb94500d38158dd3d545910e5f0262f42427359155251599f96280bdc743b4513d2986a6876d3738b2e1b235b4e0d1dd1ac8aa928accfcb3405ee3a1b9289f23f1b84e86437a2263bf6b876ae6cb382d8c496ee660e3a0479959c9cdf51d017b8e85dca281c3646b6a03a3b9
2df2c7bf601503f1e87d4fb09922853cb6b767508189c227dba254aa5e430bb37bfcdb5071f3a1f53ec2a68a132612e495b28caee0ffa27d9ccb764125d9bdfe6b983903d0fa9f6132450a17ca38e44892cef2cbdda8653982992359f0fb9b240b8363d725a962638c2f43ea7d82b91431ff44fb3996ec82
00847e7e30847d8047e7e0fadbe7d60847e7e11947e7007e7e0f86d07e970211f9f85f11f9011f9f83e32f9f98211f9f84021f9f01f9f83e1511fa8c0108fcfc4008fc008fcfc1f3a7cfc4108fcfc2118fcf00fcfc1f0b90fd3e0423f3f09d23f3023f3f07c44f3f48023f3f07e75f3e73f3f07c2603f530
18000000149fffb0000000000000003ffffffff3a00030000000000000001ffffffff3a000300000000000000000000000000000000000000000000030000000083fffe00000000000000000000000107fffc000000000000000000000000c5fffd000000000000000000000000000000000000000000000
2d18d89bfbeab171e7270c3327f7d5118d89bfec0b1651135be95f0a2cf03463626ff7eac5a044d6fa57c28b3c379c9c30c987df63f95240b6d95dcb1a31b137fbf562d0226b7d2be1459e231b137fd8162ca226b7d2be1459e028c6c4dff3f58b3089adf4af8516782f393861972fbeb0dc3d2e5ca1032a
13df2961ffed50a198f8d3cd1e28083df296200f5509c2eea2169831d1130f7ca58803d54271bba885a5fbf4450663e34f3478a0200ea5bf28ec9a3627be52c3ffdaa142ddd442d2dcfa233be52c4022ca1371dd442d30a5a2251ef94b1007aa84e377510b4bf7e88a0cc7c69e68f1404333b2d1632ceccf
0e22469ddc53122042f28b368c9e1f222469ddd19121d02f28b3690be1ef38891a77714c48810bca2cda32787c389bb680397d35c08992b3d28d7b831c448d3bb8a6244085e5166d193c3e1c4ddb401cbe9ae2dc36db5afe4e83311234eee6b890f2179459b464f0f831376d00771a6b71132567a51af706
1399ee46b7f17b73df78f1f512a780399ee46b8f97b6c1f78f1f550877f10e67b91ae3e5edb37de3c7d5109dfd193e6d078e5d38827f7920acfcf87c2733dc8d6fe2f6e3bef1e3ea674eff0c9f3683c72e9c411d1b655bdb0f481ccf7235c7cbdb62fbc78faa633bf9327cda0f1cba7100fef2415a3bf0f7
074cf8ec70f3f0733d2d54c8b181c234cf8ec7135f06f3d2d54c8e301c141d33e3b1c3cfc1c0f4b553238c070523342c136ac36c820a47f3344081140e99f1d8e1e7e0e27a5aa991a50383119a1609b561b64127c52494c3ad7e3a67c763879f8381e96aa647180e0a06685826d9a6d8f0148fe668c30227
18e6d62af6978613a0a6ee09e978620e6d62af823860a20a6ee0a2338612239b58abde7e1832829bb8286be18506f2af64c9632442fc9c380bc0faf731cdac55ed2f0c23414ddc1414f0c3037957b264b19222e6e09a93e6ecb90736b157c11c30510537705119c3090de55ec992c64881f9387017c3f5ed
1d110d8639964010999073c0dd022416f83433d866b4618d2a52e52e451101c2dc1bd9b829426641cf037408901be0d0cf65bad171d0e52151891d701703f9ba59acc9813320e781ba04482df06867b0cd68c0e87290a8c48eb815b42a3fa2a7f2b18bb32e24ee439b04cc839e06e81123a1ca42a3123ae0
1554a1e23813f422d9172714fb27ad2d5ab806d69cc2c33af02f2749955815aa3a5df9f88043645c9c54709eb2356ae01b62b30ae3ad3aeca8c08f3420b51544c8d9b6f1b22e4e2a384f591ab5700db1598571d69d765460479a3fc4950760da31839967589c98644836c8b938a5c93d735a75d951c31e67
033f644430b3941254f9ceb3497ef31d86a8b1b6619b11e52e38d4c7e98900f2900e11755fb153e73acda9fbca361aa2c6dda66c332b5ba9263fb32a2333deb6f6479060a9f39d66d4fde53b0d51636cc3362195add4931fd995027795c3214556605caad2452e565132a7ce75983bf7a256b7524cc16653
06d693e2d238155316a94631d5afa323acf08cdc52f2323b0a1282a9c08e055b9822b19ed9705aa518c81cbe890eb3c233798bc8a0cb00d84dbf41572ca3ec37b70223b22d528c63ed5f450759e119bcc5e45265806c26bea0ac321fb319eb46c4a11c72c00dc66f0738b54a318c9d7d219601b09b7e82ae
09b0a86c3bc962417636baf58ad1f708dfef7449818f70c14dd7283ec8fd0d9c13189209ec01d8daebd66d47db237fbdd126063dc3265ece5e66e4cf346a8c6660e0cb62ec6d75eb15a3ee11bfdee893031ee3932f672f127268147dd670af1c32334a8d492ec99dc32bb1b5d7aa468fc24cbd9cbd0fc99d
20da811484126e031b0e340653113c3be95f50fed8f5319d11cdc1863e1c3d3de52d93fce9706c38d01a1244ed2fa57d4407c3d492dda471337ceb6424ffebfa734473a2361c680ce8227737d2bea201d1ea516ed23899be75b21a9787c844f0a7b323954389c62b1f18d871a0329889e1bb48e2673bd6c7
31dfb791007e2b708bb5fe039703b22a0a151e3d9368b14c33d0a2e3651a285a85b04dc7e5922ed7f80e5c0ec828285478fe8da2a26f551280b95a8d2db39da1ac6a8801176bfc072e076414142a3c7f46d15337aa89403bad471b96b8011b952e738d01d028bef6ad045daff01cb81d90deaa2501b4b519
2b395f46bed00ef00338e346cc3f370da495232df88d035501bd2e4df7513f8fe2fee98c02100ce38d1b30fcdc3692548cb7e23401b7cb1efd6fd4103990dfdf9b3fd4500671c68d987e6e1b492a465bf11a00dbe58f7eb7ea080c4320e1d4eef8335a978a17d7c73f2019c71a3451f9c36f963dfadfa820
000000849f7e0e80000847e9f0f8380000084808e0f70000847e801f8470000002121af83d0000211fa193e1100000211fc083e0800211f9fa4e11f0000001091dfc1e0000108fd1d1f0800000108ff0c1ef800108fcfe2f08f00000042414f07b0000423f4117c2300000423f6007c1800423f3f28c23e8
00ff580000000003f5800000c5fffd0ff580000000000358000001cdfff903fd600000000003d6000001cdfff93fd600000000000160000001cdfff901feb00000000003eb000001cdfff91feb000000000002b0000001cdfff907fac00000000003ac000001cdfff93fac0000041ffff2c00000018bfffa
28246c4abf7e8393ad39dd397bbe8433ad39dd3663be9032b2ad605d38ca2091b12b063a0e220cacab57f64e330eb4e774e5eefa11b463626fdf2ac61048d895831d0713065655abda271a275a73ba70e77d1065655ac0ba71940123625610941c30195956b02e9c651d69cee9cbddf42368c6c4dfbe558c
18db94ad3e5f7c8052d5a2e72a40f91c52d5a2e55c4103ce45549d60bf37236e52b4fd9df1f1f391552747afce314b568b999103f24f7ca587deb54331b7295a7cbef900f9c8aa93a3d7e738a5ab45cab882039c8aa93b037e6d06dca569ff5be3d3e722aa4e8f5f9c2296ad17374207d09ef94b0fff6a85
0e5be6b6477dc690e4e4a82c0a975d27c51aa4b55680d24e4a82c16f75cd17af4c26aba20f139392a0b02a5d743d541be06724f80238891a77504c491cb7cd6c8efb8d21c9c95058152eba0f8a35496ecd01931c448d3b87262507639fd1d0e075632725416096bae73aa837c0d269eff0711234eee29891
0d3099e2368a871371ea55ba836cb003955c2ad88581831ea55bab90caf31bc48c87c6948631c7a956ead3b2bd355795aa4a6070014e67b91acf45ee1a6133c46d150e22e3d4ab7548d95f072ab855b10b0300a733dc8d67a2f710ea86bc31083b338f52add5a7657a2aaf2b5498e0dff29ccf72359e8bdc
370a7f22d4ef7de2f8724bcc5a8f1402d50076ab407a538724bcc87ef1353527d78c84338d23e1c92f31ee3c4e2451dcdbd1177f111d33e3b1b34fc22e14fe45adfefbb1f0e49798f71e2705aa00ed5680f4a08e99f1d8d9a7e1124aa794970ac2a3c3925e641e789b08a3b9b7a64efe123a67c763669f84
07690234a4a434b0b0ddb68c536be131d0a7b9fa4382930ddb68c5babe0e3f6457851565ddb2c376da314daf842902ed9a78431503639b58aba8de190ed204694948696161bb6d18a6d7c223a14f73f8a70513b1cdac55b36f0d2567415d8f2c8c3186edb462dd5f071205db34f4a629f2c736b15793bc31
31e5c30aeb98a1b337e9b5080c18b12028ed22ebea9473dd110d85fbb6412af357948e13f8c1b791344fa855530fc8c31ff559b66374443618b4d9013f57201dd61947903df154eec235f707e4618ffaacdb33ba221b0c396c813014769173e54a409209891e8624a839bf4da83e50c592e8886c31abb201
08cc00815857c2632144b03aada7bf09181012cbbe05139554a1e1fe53f52e7cc05fa07ba8208a8dee3cd529f618bbcf1bda52c5d255528788bf4fd1015e681a04605d41a346787b286c682c5de78deb1962f32aa943c43ea7e9248c080963cf02925c1de13078e6fc390a2581d35d3e00aaa50f11c09fa1
2494aba65f68549352a391d56284e02c3a67b773fcf2d3c33f6443f2d3951e85ad104bf59b8089de372b3a847430c1a169c37872530cfd9110914e510c883fd8365ded40709886949710423860d0b4dfac3933867ec88827a729361d33dbb7ee79711ce3c8c65ab2581a951c8eab14270219fb2221649ca1
24febaa5b18696e3b629b6de3bdbe51f2fbcb08df9f042c6d693e2a4d81637d5ee892595525178bb64f04157d42ee2a6387c0e45d31b5a4f8b17605631f4d71e3077f2415bbfb4de24d7593771531c3bf722f18dad27c58bb02b0f97de5846fcf82167fef7294540c33db14db6efcedf3236b49f1670c0ab
34b047060e984411c2c5a1d623392b3cdb017c363ecb4309b0a86c0a49632bbfad3c9fa1540178ad9dd2fd2adb33940364e99685e026c2a1b0ef2589284353c433d4d4b1961efc8b1d52c319ca01b274cb42f2136150d85692c51e6d80be1b1f65a285b63f9eaadb592e162d0eaf09c9604d854361de4b12
3ba32f180d8bd36313cc5a0875ef121b9a39605a85dab020da811484126e26dc8efb1382a073ec6f75da54ef5e3c45320b1db0e610836a04521049b80d0d4e19e07b51505c475127dfd79d3e2299058cc8731041b502290824dc2dcd1cb02b32ed61da9ac286794c09189e62d043af789106d408a4209370
1691ffe21f8dba92db0f5f6adc25312dea0bf18781a97271dfb790db5e2c089166b090d716b179f7f4702d884128832131d8574121c77ede43f178ae2ac2588ebec4f6325561a6d06f2d7414419098ec2ba090e3bf6f21f8bc5736f505f8c1b0d4c3a20ab2e81966b836d87afb54d129938efdbc87e2f15c
08d564473a76def2eca4f53d26936304f5d992b0ba36006b395f46bab00f0506ba09bfaa66a0dd3a3333c109f01f7bd77a070e26b1ace57d1aeac03c08ba6ea4b74b60100b2bff9c69222c2fbdebbd01771360d672be8d75601e027aecc9585d1b028caa14a71b8323376527a9e7249b2359cafa35d58078
3f8800001d647d9080000009d3e7da388000002527e71000000085027dfe3e2000001ef1f912000000232f9f78220000003dff9f100000021409f8283f1000001de8fc110000001197cfbc310000002d6fcf100000010a04fc0c3c4000002103f31000000042813eff040000005f1f3e900000042603f068
180000ff6c9fffb0000ff58000000000000ff577c0002000ff5800000000200003fd53a00030003fd60000000000003fd60000000003fd6000000000300001feb83fffe0001feb0000000000001feb107fffc001feb000000000000007facc5fffd0007fac0000000000007fac0000000007fac000000000
298eef3acb6607414890f9274154e318eef3acdfa07361e8246c4aa29e84263bbceb35d81ce07a091b12a8a7a1152243e49bfd5393a091b12acc7a0f131dde759aec0e723d048d893353d131dde759bf40e6c3d048d895453d080c7779d66fd039b0f4123625514f422a4487c937faa72341236255daf41d
157111c53171fad2b77f06e6f4cb0217111c532bbfacb218db94ad1d5f7d15c44714c9e7eb338636e52b15d7e02addfc1b99c32c10636e52b4f97df22ae2238a62e3f5a1c31b72958aebf02e2238a6577f596031b7295a7cbef92b888e2993cfd6630c6dca566dafbf15bbf83737a65810c6dca569f2fbe4
1bdf8d7098a58743df55e0bb134e843df8d709a31873a1f55e0bb512e8312f7e35c266b61cf37d5782ed133a0d27ed6b2f87da7ce3d5782ed48da0c337bf1ae1314b0e83beabc176689d0713f6b597c3ed3e73eabc176a25d0621efc6b84d18c39d2faaf05da6874190fdad65f13d4f9b3aaf05da95d4185
2d1e5ddde451702106b704b2eb3f5811e5ddde727701506b704b2fbbf57c347977779985c0601adc12cbeefd5f3a5a52d30d7a62f1adc12cbeefd5f01a3cbbbbccc2e0320d6e0965d67eb03d2d296984ad3180d6e0965f77eaf828f2eeef372b80b035b82597ddfabe34b4a5a61f14c5d35b82597ddfabe0
13c4432bef21ca91d18cacdd37d6493c4432bf029ca8c118cacdd54b64890f110cafc0a72a334632b3752159230106bbf32bd9f3b0632b37556f922327888657de439523a31959ba6fac9220835df993dcf9e231959baa96c9121e22195f814e54628c6566ea84b245020d77e657b3e760c6566eaadf2446
213f6b858d97423162066dd345db9d13f6b858fa7422822066dd35a7b9cb04fdae163e9d08a18819b74d596e731d18060aaa522bc0819b74d722e72a027ed70b1f4e8452c40cdba68bb73a0e8c0305552915e040cdba6b91739509fb5c2c7d3a114310336e9ab2dce63a300c1554a457810336e9ae45ce54
37f2fa06c9b41d23759ffd103a37260516fc3cf72484f359ffd106fd72532d4a8e1e1e4f9d71d67ff441aedc95145bf0f3dc9213c167ff441cbbc9490cc7d2bb7e088392eb3ffa20b66e4b0a2df879ee4909e2b3ffa20e3ce4a52cc38e442ff6db03acffe8835db92a1bacffe881d1b9338f2e18573bc50e
38ffcb0a086bd3828eeb63c804532f280d4a84013ab830eeb63c82d932e62456defd4397fda23bad8f20954cba20352a100d2ae0a3bad8f20b64cb98280b67946da975a11dd6c7904aa65d101a950806957051dd6c7905b265cc1d1dde45f8392c30775b1e416c997334775b1e3e1299804660040ac2be13
19008cc4038bb2a0cadf9201059fc8399930aef88383c0adf920111ffc7d17f7320d60f5d9e32b7e4804167f202664c2bbee6e0ed2b7e480447ff1f40eb62fb6a017cd7195bf24020b3f903332615df52707715bf240223ff8fa3080d9c1c0464ac256fc90086efe3f0656fc90082cfe4324a55d32da42a5
1071787f41bc3271f1819a8d4006863d5b3a53dcd4c4131819a8d5ce68592bc72a946faf4df3c6066a35421a17356ce94f7fb310106066a357ffa1613fd9b570960a5df3e303351a800d0c3ab674a7bdc98812303351abded0b13ef6d7fd6b87ad938c0cd46ac6342d0f8c0cd46a00343127f5d52d8c34b7
28e28f7eb8b42f136819558d2519693bfe609c350e5c02819558d5ab96830a63af628df51f21a06556355a65a12ff98270e0996fd206556357325a0a32ce5a8b5ed664f2d032ab1a8c32d137fcc1386e3cb7f1032ab1ab992d050e0d0f04a6f2987340caac6ab4cb423b40caac6718cb53a582383053c221
03e3f84c60af5f414f23ebaabfed7b2c80d2ceabc809a0f23ebaad48d7ab0963c20d0250ae813c8faeab41b5eb32034b3ab7602663c8faeab5235eac2b12da6a285e56329e47d7557fdaf61901a59d5bb01331e47d755a91af5632e34187195831f2791f5d56836bd62a791f5d53ef6be1dd1978c06c5e9b
0dcba0f4dee2f722470a7c3de4892a28c8ab5bfec0244070a7c3e09a9297180a2b3fbf1b14711c29f0f81624a62322ad70034090e1c29f0f826a4a5c258b706965141f708e14f87c0b1253119156b801a04870e14f87c135252e3af6031ffa1b8c423853e1f02c494c123853e1ef244952b48fff10db6dd5
270c60ebe3f18d20760bb564a8bdd30ad4af757bf0701360bb564acddd2f2edbe9937e11fad1d82ed592a2f74c2b52bdd5efc1c04182ed592bfd74b93136e329e582d0b0ec176ac9517ba615a95eeaf7e0e022c176ac95ddba5d2adb2e0af9dae9c3b05dab2545ee9823b05dab2335eea246ab2239b2b6f8
3fffff881cdfff93fff88001ce08393ffff8801ce00713ff880001ce84713ffffe201ce00113ffe20001ce21113fffe2001ce02093fe200001d011f13fffff101ce00013fff10001ce10813ffff1001ce00f93ff100001cf08f13ffffc401ce00313ffc40001ce42313fffc4001ce04193fc400001d223e9
00ff580000ff5803f5800010bb7ffd0ff580000ff580035800010125fff903fd600003fd6003d6000041a3fff93fd600003fd60001600003ff2dfff901feb00001feb003eb000021b8fff91feb00001feb0002b00002007dfff907fac00007fac003ac00008179fff93fac000083cbfff2c00007fc4bfffa
3acd28c0d4e972b239013ea380b0391e39013ea1b2b040ef28c3ff2054202b34a3036005ca903bca30ffc8150838e404fa8aeac0f0a63bbceb2d981d359a5181adf2e5501de5187fe40a843c72027d43656081de5187fe40a84016694606c42b9510779461ff902a1031c809f519f581d14c7779d65b303a
0632d63f27f68e61c6eec16d455f4431c6eec16a2d5f530fd73d009ea3e118cb58fc9fda3983c3f5cf3ff628f9071bbb05b5157d1355c447149447ec0c65ac7e4fed1cc3e1fae79fda147d238ddd82d87abe921fae7a017f47c13196b1f93fb4730387eb9e802e51f10e37760b6a2afa22ab888e296a8fd7
321fcaf4caa347d39dc07c990980850a7df679246569f1dc07c994340842305d831bc555c9627701f264ec021108378b321f409c906f7e35c262961d243f95e999668f933b80f93255010914fbecf248cad3e237bf1ae1104b0f38c00dbc0447ea00ee03e4ca1a0421106f16643e813920defc6b84c52c3a
0266880b9b18e5b247829cb40988af066af471d1c99d807829cb42ea8ae71c79f29984e58d311e0a72d0aa22ba00adf6c63390dff2b47977777045c104cd10173631cb608f05396855115d0cd5e8e3a3933b035a3cbbbb9722e1125552dfadaa49323c14e5a1544574015bed8c6721bfe168f2eeef228b81
2fd9182c8930c8607139c0707c35f10c4dc7eb4e9c2133139c0708055f0f17860969af1a76d1c4e701c1f0d7c40a34faae62a61a834f110caf8b072b1fb23059168190b0e27380e0f86be2189b8fd69d384263a7888657a4839617070b4ee8b8961389ce0383e1af881469f55cc54c35029e22195f580e55
35a092d49a930c61a9633fe1ecdfdd02c92d4352f4f6829633fe2059fdca03a278e76eaa3aa2a58cff87f57f732ce503bfcea8e4f184fdae1625dd092b4125a9394618b352c67fc3d9bfba05925a86a5e9ed02c27ed70af1ee852de38422397546314b19ff102cfee519ca077fa171c9d309fb5c2c4bba12
22fa3a92efb267e3f597d3d008fc8f28e69b41b3637853b7f2fa068ff41e0d22c31c420231b0ae49af6fdde4ca32bf7b9b133d45e2dfcbe81b05d075106ed5e1b2206401b94d927ebbfdb3195fbdcd899ea2f36fe5f40d61e83b34734da0d7a1bc327f7a7f5eaf43973facbe9e7e37e481bf97d0364da0e9
1bf6b488e6e216d34b7f62cd28193d11424ac55db4769238ffcb09e76bd430874f0c44f944813378b886beefee3964b9e6222c8bd0e3ff2c2821af4e0263af70569f2b71f7bbdda01d4f643cb25cf30f0645f071ff961410d7a728a12562acca3b53adf375c44c72ec3a5bfb166730c9f1c7fe5850435e9c
0ac5bc223accf783afffa45d59c4622497c3c9fc78325199008cc3eacbb31c9d0414ee146b61ff4e814b17827c123711b3e56570526402330fed2ecb0b93eb5a876d55312b50aba4858f46291b88d9f0a2b83332011987d59766324be1e4fc2c193007c45d0656ae671d7ffd22eace2310c80466201c5d95
37f032cfcc39d3706ec3652838f82617e8565ed8390c825071787f1c9c33360414f4b82519605b221e176fc8db11c50cf1a50ab6d141c5e1fcf670ca110bea53fbcfd5c2ccf311719b0fdd28e28678d0755b70a0e2f0fe7b38650bf42b2f6c1c86432ccc69776022d203761b2941c7c132838bc3f9ece194
28118cb4a3104c9290b8c0473de1d809a8f49aaab373e3e8e28f7e7ad4303ef32a043aae7e30b07a1797a9cd8e26cbcfdeaf092893a38a3dfab150bd11dd1228036b69c33205396d52a41d3365e7ef55749453d1c51efd37a85f04d47a4d5559b9f0f54f33280420bf1485c60239ef0ec347147bf5a4a179
09b7c4c9ae7c44a2c1fcf17bf8e0e11f4869f7cdc6cc8303e3f84c2f2f6017c81b20f15adce2a531d3a860b69a0afdf468eed4ad400f8fe13182bd7d2583142ccd576f93b8a8800ea3bb3c057efa34776a56a207c7f098a05ebf0fa434fbe6e366434c1f7e224eda82360fe78bddb707101f1fc263057afa
359addf0927e3773ecce1e0108417e3afbcab01ce7c5c38dcba0f4a522f83bd5d66033189dd1c0f2eec91ff9741cca1c2c320fb252372e83d35a8bdd046490669405b9b078df23fd09660d2e650e1616f7d9331b9741e98c45ef1d7de5580e73e2e03000a79a40491d1f6670f008420bf06e5d07a6f717b9
2af4ee867579f23360622557716b7b256996c2c8f50e23a70c60ebaa318e2d23a955c3a91cb2ac2ef39cec6a50214acc3a703987129c3183af6ec6353cc8e64ab73abb20f2a65fd0fed25c30a5661d360cc3934e18c1d796631b12b4cb61647a87122a939579b443e23b03112ab97b5be13863075f1f8c69
0f7c00001847ff23bffffffbd9ffeb37c0000004dfff53ffffff898bfff23deffffffe1fff82ffffffe3cdfff11f0000001fdffe93fffffe20c5fff51ef800000f8fff437ffffff3d5ffed2f8000000ddfff13ffffff1149fff33be00000005fff71ffffffc5cdfff13dfffffffdbffea3fffffc41cdfff1
000000ff58000080000ff580000ff800000ff580000f8000ff580000ff58000003fd60000380003fd600003fd800003fd600003f8003fd600003fd60000001feb0000180001feb00001fe800001feb00001f8001feb00001feb0000007fac0000780007fac00007fa800007fac00007f8007fac00007fac0
0549be25ceed7b0394892b9ee032b13f94892b9b0232c14892b9f19f2b020fe5224ae6c08cb25224ae7c46cac13e5224ae7868cad176684c8c0e01fc0a937c4b9ddaf6032912573e0265613f2912573a246572912573e33e56041fca4495cd811960a4495cf8cf95813ca4495cf4f19593d6694606864b96
3abe42da23b28630eb86d450dddd5000eb86d450dddd52b86d450ea3d4fd303ae1b5111f7763ae1b514377754003ae1b51437775428d97af73b3fe05357c85b44b850c51d70da8a1bbbaa001d70da8a1bbbaa170da8a1d89a9f92075c36a265eeeb35c36a28730ea7f075c36a286eeea803196b1f93fb473
0394f41da703a9b041fc1efbbbed223841fc1ef81fed301fc1efbc00d21f1e107f07bcfffb5107f07beeefb4882107f07becdfb493c87f2bd2f90d202f083f83dc6ffdb083f83df777da443083f83df45fda51c19e6aeed9199a3c20fe0f79fff6a20fe0f7dddf6910020fe0f7dddf691390fe57a6341a3f
12aa3be64e0cafa1a251bdc1baad1001a251bdc1baad12251bdc1d36d0fa3068946f6d56ab528946f7072cb43f068946f706eab441099a202e5be39738344a37b49b55b344a37b83755a200344a37b83755a231c3a9188e5828d20d128dedecd5691128dee0e9b687d0d128dee0dd568821334405cb7c72e
27a450d3dadebfb35252f9d2c2a6323b5252f9cf26a641252f9d2f8463130ed494be73c9a991494be74bd098c52d494be748fa98d2bf6460b203c322276a4a5f37d4d4d2a4a5f3a5c74c6336a4a5f3a26d4c70c844aee72950ce1da9297ce79353229297ce97a1318a1a9297ce961531917ec8c164498643
022c192819728153c2ff294f5c5f9e0bc2ff294ed85fa02ff294f9a3f9d122f0bfca51a617f30bfca53e377e752f0bfca53b617e82d6824b52494c3231785fe526c30c0385fe529efabf3b1785fe529db0bf418de250a3c8130d05e17f94a76c2fd217f94a7cb0fce91e17f94a7ae2fcf1ad0496a4d49863
259a3ecaa186fba1a3ecaa3f1bb96a19a3ecaa3d8fb9714765cd93c03db61668fb2a8e5bee628fb2a8fcb0e5a7268fb2a8fa5ee5b25c1d06442cbd010b347d95472df73347d9547e3772d43347d9547b1f72e32e0e8321f55e812cd1f6551cb7dcc1de94e21767fdc90d1f6551f8ddcb50b83a0c889b7a01
3c335cc0021e552335cc005fc551100335cc005fc55110f5fac7f8c291f430cd730014d95450d730017fdb443d0cd730017f1544403baf4a26be3ea23866b980085caa326b9800bfcca21f066b9800bf8aa2201dd7a5135f1f51219ae6002dd2a8927f0e22f32baf5f19ae6002fe2a8880775e944d7c7d44
2702294df25bb6a02294df4df36964302294df4adb6970672e19e83e16d41c08a537d1aeda608a537d37cda590008a537d37cda591bddfd95e641c2f0e04529be8d76d304529be9be6d2c8204529be99d6d2d2deefecaf110e1838114a6fa35db4c2c983571933a9de0114a6fa6f9b4b237bbfb2bcc8385e
0dcfcaf9cfe4bdb0fcaf9d0c79dac91cfcaf9d0aabdad097265b5ca2adf6373f2be73f92f6c3f2be7431e76b2433f2be742ecf6b32c5f6a79facaad11b9f95f39fc97b61f95f3a18f3b59239f95f3a1557b5a362fb53cfb555692e7e57ce8345ed704ca576e1dfc83b27e57ce861bed6518bed4f3f9b55a1
09e3435fc54b26123435fc5ec060d91e3435fc5cf260e048db6427cc9c29278d0d7f152c9840d0d7f17b85836238d0d7f177e98370ba105672107daf13c686bf8a964c20686bf8bdc2c1b13c686bf8b9e4c1c25d082b38e73ed80f1a1afe2e7930713a875478fa14d131a1afe2f3f306d17420ace420fb5e
210a6cef64e4a020a6cef67052017c10a6cef66f4a0183ad4f67037172680429b3bd9bd280629b3bd9c14805f0029b3bd9c14805f294162a512008c20214d9decde940314d9dece0a402f8214d9decde9403014a0b15289004610853677b37a500c3819b56d873ad24053677b382900be1282c54a2821183
307eaf2337999d23eaf233ab5bd13f07eaf233ab19d142db96ca80854e5a01fabc8ceac67453abc8ceae3544f91fabc8ceac6745030a96ffbf27429720fd5e4673533a33d5e46756f9a27d0fd5e4675633a283854b7fdf72a14c03f57919d58ce8a286e37d68b3630e3f57919d58ce8a02152dff7e90852d
0e5564bb23d42be1564bb24bf4bdc725564bb249a2bdd346895b85670ea4395592ec8f50af81592ec93014f71b15592ec92ecaf723db9f9e213674681caac97647a857c2ac976497e97b8e0aac976497657b91edcfcf109b3a3432ab25d922c15ef1f32e0241e1bbbc2ab25d925d95ee43b73f3c42aee8cf
011f8f7c20fffe81f8f7c00317f86c11f8f7c020fff7838f7c0001cd87f1047e3df020fffd83e3df000041e1f707e3df00251fe0f23df00001cc1ff1023f1ef820fffe83f1ef80020ff0f023f1ef8020fff0031ef80001cd0ff108fc7be020fffb83c7be0000c5c3f50fc7be00293fc2e07be00001ca3ff1
0000000000ff58000000000ff58000000000000ff58000000000ff5800000000000003fd60000000003fd60000000000003fd60000000003fd6000000000000001feb0000000001feb0000000000001feb0000000001feb000000000000007fac0000000007fac0000000000007fac0000000007fac00000
1a5ed9e633b8d4f09227cd3c307b6710e645320077d161227cd3c38bb66e2439914c7e0df462489f34f0c1ed9c039914c805ff457089f34f0e70d9b734bdb3cc6771a9e1244f9a7860f6ce21cc8a6400efa2c244f9a787176cdc08732299003be8b0913e69e1c5db37073229900bfe8ae02a4df12e776bd8
23a0a621c0e72a4365d8b2d38d749a0f11bb4e0b681eb25d8b2d3c31499313c46ed381d207b19762cb4efbd2653c46ed382da07ac1762cb4f149264a07414c4385ee5472cbb165a75ce9331e23769c16d03d60bb165a78a493252788dda703a40f632ec5969df7a4ca388dda705f60f573d5f216d0fc9432
319db28d51cef6a0c8ffa165a270c018cde319d654bb738f4bb4d65dac0b163378c6748d2ee1f52382b2d8a17e1049dc392260d5910e53d0768b8ea70b19bc633a46977191ff42cb44e180319bc633aca976e31e9769acfd58152c66f18ce91a5dc3ea470565b142fc08720fbad74a55621ca7a0ed171d4e
223956553adc156333d754bacbd0d13a93f8ac9b1108e18159a668e396352ea4fe2b24b44241149fa8e13c1d2d2ea40811cd11c2124aa8ef991732bf17527f15925a212267aea975d9a1a13527f1593a4211b302b34cd1c72c6a1d49fc564d888472293f51c2783a5a3027e28eb6c57a809551df3270657d
1ce6e371bbfa93b03bcd94109e47e60f7b7cd7d8a3e66178f4e65117f53a23dedf35f418f9a0a9f3fa4d3245b03999ce000e21fb019e91434f5afaff11ef6f9afa0c7cd0779b28213c8fcc1ef6f9afb147ccc2f1e9cca22fea7407bdbe6bec51f33153e7f49a648b600b5544b7a27b4b633d22869eb5f5fe
0b4113bb389a5eb3b75c6f6e6f56a31d12a85b499635807675586f20ca200744aa16d2658d600c4cc09e767c0e0738519b69aaee4308b064a0344a0603a2550b6932c6b36eb8dedd20ad453a2550b6932c6b00eceab0de4194400e89542da4cb1ac01899813cecf81c3b90d0cbc733e5e21160c940aa940b
107ef04615c205d2e0fef5ddd3aa9f08acd2f3fefe2f90b3e77f4034bb1701fbc1185b281732e1ccfe9f04c9980036c9ea85c4fd62394c0d512ae8a720fde08c2b840ba170e67f4f8264cc209a3f932adfb440578801f63e53413804892ed5ed06b259f3bf9ff95d8c3707f7aeec8d550334bfa0338c0b36
1f3d8a818c63f7e0534edbeb091bc91940cc3b970dd461458cf8e5b62e943cf62a0635afdf7279eef46f8003de0ec4800c47e4eba09969aa85b534763e7b150318c7efc13cf77a37c001ef3d737c32a984452250c59439a500a02ce1720d382d5080a2c67c72db174a229a76df5638de5142aea8c8ac0f9d
1709509ddb9ea3b0a33034a3244a6b273bf503f0aa94902fc4e343b5c7df1c254277729a8eb155935cd4c1a0680df29e924d3e42b2f254c9b8e79bd72e12a13bb73d4760aac9ae6a60d0341d47b3b657b8c8720f16af01a96c5f1cfcbf244baf318217e271a1b9e3f0251981a5171253609cf79142c57826
0a26555e96b73da286f2a5ef26a528155dfaf3504773429ddaa8fe5fe2342899557a5adcf680f54207ad8bdade053f14c0dd5c6f90806c64883a08a4144caabd2d6e7b407aa103d6c5ed6f3861fa4ef0303ba041487b77ab75920ac0220ce10acda14eed547f2ff11a1437952f79352943caa556b697462b
18462ce4542e7e52cc885fd39c12a52e84abc8772d4b82cbc4642baa09282118b39154d9f930694ef50705d3d93fcc43bf89a331b3085cde98f60453308c59c8a85cfca234a77a8361e9ed04e410b9dfa5e8229a4811b18ec8e608a3f00a8ee3118165e23215d50494366442fe9ad095329ef9089f959e26
09b7dfa8e8c87c80a36106f991c5891cbb11b900f52160076025903ec8e426df7ea3a321f203b40cabf5d9cfe8376a39f2c26d3b5157da98f750b2ec136fbf51d190f901da0655faece7f420271754cc7349b256e0efd2634d66290cc311ec29cfb003b012c81f6472251b0837ca7e2c534f730d31b9efc2
14012c649e59a83061b79c616ce7ae370587436727e3037781a4b6ec69c11004b1927d86a0b2290d4a5e817f9e3cd4105e74254bf1ef617b4c565deb280258c93cb350611486a52f40bfcf2d986d3a09ba83c010c8d5cebcead62d1445243a9faf93bbc0d25b5534e1030dbce30b673d7076dbc9c6d84ac5
210ea6ab57d37a316ff465b5774a5c1ed3322981776482eea72123dc33ca043a9aad678de8a0931e1212c394b928488cfa3704ad136c75770acd3690021d4d56b3c6f452498f090940ca5d38e50d1688bece120624100494cfb214682e5cb39ef8e177539091ee19e50b7fa32dabba52e0beb78f701368d7
0f80011fa83bff200011f8fb5bffea380011f9041fff50011f8f7e0ffff03e00047e3defff800047e3e10ffff0200047e41cdffe90047e3df20ffff01f00023f2f77ff400023f1f297ffec300023f20c5fff10023f1efa0ffff03c0008fc7fffff70008fc7c00ffff000008fc7fbdffe9008fc7be20ffff0
000000000000008000000000000ff80000000000000f800000000000ff58000000000000038000000000003fd80000000000003f800000000003fd60000000000000018000000000001fe80000000000001f800000000001feb0000000000000078000000000007fa80000000000007f800000000007fac0
0022d81daba377e12628a9651800c52d2628a9624200d2628a9652880c4c3b498a2a5578804098a2a594a203133498a2a591480321de47be0ff387230045b03b5746efc24c5152ca30018a1a4c5152c8a40190c5152ca552189736931454af11007131454b294406262931454b26b00632d2f6cf317cc6a8
3fe4a5e1c804895351b74e9b260f3c1351b74e9a1e0f411b74e9b5baf3b304d46dd3a68783d146dd3a6d5e3ced0d46dd3a6c983cf019b6420fce78de3fc94bc394291292a36e9d368e1e7726a36e9d343c1e8236e9d36b75e76609a8dba74d0f07a28dba74dabc79da1a8dba74d93079e11d05310e073952
2101d63cb7b151f3101e1024c070ad0f101e1023fa70b101e1024f1f0ac413c4078407f69c3040784093c7c2b13c4078408fe9c2c2c676ca35263bdb29e203c201eb4e22203c2049c2e1591e203c2047f4e16385dc9015158ae427880f080fed386080f081278f85623880f08123f385718ced946a8e77b5
08ef044b9b850031eed8128f31b63725eed8128cdfb642ed8128f4e96369097bb604a337ed93bb604a3d08d8db17bb604a3bbed8e288e55954ca705624bddb024f8bf6d3ddb0251e636c6e0bddb0251ddf6c70ad052b388ca76a12f76c09466fdb2376c0947a53b1b52f76c094777db1c111cab2a9d6e0ab
3d6b954f262e7bb3c69aae9e2c65db17c69aae9ce265e069aae9e6a45da125f1a6aba52899831a6aba797797691f1a6aba77a99771739b8dc6df6a4f12f8d355d2944cc38d355d3c9acbb52f8d355d39c4cbc3513b48552745eb0be34d574e7132f234d574f3312ed13e34d574ef532ee2e7371b8dbed49e
18b28c276deacc902a2f1eae571343342a2f1eaafd1352a2f1eae57134303d0a8bc7a7a744e0a8bc7ab95c4d0c10a8bc7ab8544d112d044eecd1e97b1e8545e3d3d3a270545e3d5cae268628545e3d5a1a269273e0fc7ba487ca3a15178f536e89b15178f572b89a18215178f570a89a225a089dd9a3d2f6
1dbe5385aa9cd903e5385ac8398f8a1be5385ac6ad8f925f6295b09cd5be36f94e16ae9363f394e16b21ac3e252f94e16b1ed63e303f0486ce0d90cc3b7ca70b5539b203ca70b590b51f1337ca70b58d5b1f201f82436706c8662df29c2d6146c7d26a934625d649cd1f29c2d641cc7c53bed97d7e14ef1d
085ebc442e3a7bb1ebc442ec29badf05ebc442ebe7bae112c670efa89356217af110b8e9eec3af110bb0e8eb7b17af110baf9eeb83e755997b30568510bd78885c74f763d78885d85375be0bd78885d7cf75c3f3aaccbd772b4302f5e22175f3dd728d73f76e9eb0102f5e22175f3dd702fdfd13032d8624
1c727e3d8daf9d9327e3d8f81bd88f0727e3d8f7d9d891e8ac41e6f78e8231c9f8f63ade76309f8f63e13562391c9f8f63df676243818995deb4792838e4fc7b1b5f3b224fc7b1f079b11d0e4fc7b1efb3b121c0c4caef5a3c942393f1ec79dcec538a426b189065b5393f1ec7becec4814e36cf14129391
24cf01faabe2f270f01faae415266d0cf01faae34f26723184fedfe1a063133c07eab7cbc9a3c07eab905499b433c07eab8d3c99c05cb6c152e88e91099e03f55be5e4d1e03f55c82a4cda19e03f55c69e4ce22e5b60a953474926780fd56f97934319d4c8a35e41722780fd571e9933705244f428442b2d
284c71af260b1c40c71af28a33c35f04c71af289f1c36313cd00d5ba8c5b2131c6bca06c70e31c6bca28cf0d7c131c6bca27c70d80b8913d84d2245e1098e35e503638718e35e5146786be098e35e513e386c05c489ec269122f02638d7944f8e1b2a00022cff10cea2638d7944f8e1b01d84b0987b53aaf
2aaeec5f76a81762eec5f7965575562aeec5f793c175630030ec0ef02aed2abbb17de2e05d63bb17de59d9d5562bbb17de5745d56021eb21f9f26c8c155dd8bef1702eb1dd8bef2ceceaab15dd8bef2ba2eab010f590fcf93646157762fbc9e0bab12b0c195e54096617762fbcb2abaab1f8b2a09e0137d4
1dbfd4f14f586c63fd4f1513f2c58a1bfd4f151266c593441d60da1b2e9536ff53c54181b173f53c54509116252ff53c544dbb16317439adaca4b1203b7fa9e29eb0d8c3fa9e2a28278b1337fa9e2a24cd8b20ba1cd6d65258902dfea78a872362d0bb26c8959f532b1fea78a89f962c53b9217b4d428923
27c424f7f16bcf90424f7f3fbaf8613c424f7f3bdcf87103846b3a25822f1f1093dfcdef3e21093dfcfeebe18431093dfcfbd3e1914c977cddc1cee10f8849efe6f79f10849efe7f75f0c238849efe7bd9f0d2a64bbe6ebfe7713e2127bf9bde7c42d1ab8a1c1ff58222127bf9fbc7c313585e89d9cbd03c
3fdf8f801dff8e91f8f80013c6f7b13df8f8002ed8f7138f8001215d7bf13f7e3e00215e3d13e3e000492ddef337e3e00064c3de123e0004800beff13fbf1f001f1f1e13f1f000257def723bf1f00040d1ee931f000240ecf7f13efc7c0025dc7b13c7c000908dbdf52fc7c000aca7bd107c0008fe49dff1
000000000000000000000000000000000000000000000000000000000000000000000000000000000000000000000000000000000000000000000000000000000000000000000000000000000000000000000000000000000000000000000000000000000000000000000000000000000000000000000000
15c4ace3c765a142e4590b74328d862ae4590b719e8d919d55edbb602c6b1712b38f21b684f391642dd14e36162b91642dceba36227557b6edc2b1ab2b8959c78ecb4281c8b216e8a71b0b15c8b216e75d1b133aabdb76c058d62e25671e436d09e2ceaaf6dd8f16361722c85ba1946c300116c0ed5d1bbf
29fad323b279ded113a76c6b4172fc1113a76c6a397301e2b19043dddb9627eb4c8ed2277b204e9db1ad47cbef044e9db1ad05cbf38ac6410fb96e5713f5a6476913bd92274ed8d682e5f822274ed8d472e603c5632087bbb72c0fd6991da86ef630f158c821eeedcb089d3b635a0b97e3ff252f0e1f244b
1b7eccbb5cbb7e5133d534bdbaaf6e00e181e327eb0962acb896f57ed9b30c3ae43b04b8ee01bc7ebb3aa0ece80386078c9fac2581840758f2ce454836fd9976b976fca267aa697b755edc01c303c64fd612c159712deb3fb3650070c0f193f584b378fd767541d9d0070c0f193f584b03080eb1e59c8a90
1c74d5a2c762d723ab44353cc423fe309312cef8d8bbc3379e6ece142e8618d57b8a0e15c6608230dafa98c341024c4b3befc2eed123bc112e5d940138e9ab458ec5ae4356886a79ca47fb2126259df5d177726f3cdd9c6a5d0b184989677c6c5de10461b5f531868204989677df85dda24778225cbb2802
3d0f1f9b82ff9f40a121745ce3533924f374c5f168f9518ebc2acc6344f60d3a596f40941290af65cb6c05199f13cdd317cde3e521f5ae553c8839ef3a1e3f370a1f3e714242e8b9c6a67209e6e98be6f1f2931d785598c689ec3279ba62f6a47cb15ecb96d80a333e279ba62f9bc7ca43eb5caa791073de
0d7c3e1544610b926fc611688dda531187f777a9a342a38cfbcb6e43c26c17b1470798793920d1ee5d5e3f3a21061fdddeaaad0a7362ca309d862b331af87c2a88c21720df8c22d15db4a5230feeef5346854319f796dcc984d708c3fbbbd4d1a151a3dcbabc7e74420c3fbbbd555a14e2c594613b4e5665
3cc667fa71c338134becfcd883aa6a04ae41eac42ccee32c0b93fb1490f53debbca0ef5b7ed17fd603cdddbf0f0d1e64737cdfc41019dc603d70401c151869fce68e7442bfeb01e6cddf88357efc2e979d3c5147d02b6c3ffefc160540aa3a9456539605c9fd69487b1a5f67e6c41d5352f5e0460bd4ba21
2f8b8a50f5b5d753daa356a06704c6168f13d116db1a42d1b85869c56abb31fb0746ea9e2093dcf9cc507352e83a096fe29babd1e2ca1728963425110edd7bb9433c8711ee7ce62839a9742e1bdcde01d09f91691c53420578ed2b8895d7f813f37368dc2c34c1b55e1ed51ab503382631a409a4e9ebf0d2
12ab26c4558706a1e7272fc25c0b0d0f3b255320c63db0653538334cfbc60bf53ec861dce1d262ef721096ed620aa475fd9e6d4f83c8161d77446b7328b536141e7b51713177b9084b76b109fb2a834cd082f279f758e0d7d42d10fc574be3bd0610329a9c19a67de32f39397e10d05872487a38bf7f175e
37b36a2bac5458d38fd3cb8626e2f82af66983cd1c7823b4d9dfff2b60691ad02c0793e17e403b01d56dcf3a6b3a979374e7627c10dc69408baa0177175e362a2a3376121d80eab6c69d3602899be204ac3e526f46e9794271fc158c59551f755013da6cefff74b0351c7e9e5c313717c0829f0ebdb937d0
3c0fb49a551fb0d241cefce88a3740364678d2553f6a522a2d927b17291e12cb5825520fb1a240e9409ac01bd73fdcb374ef59b3c0820197d6aa842b37022eecc0e3ae332074a04d3f0dec3570e65b85182ca1571a6e506908d22c84d68f7bdc20f11516c93d8b948f120e77e74451ba0192427b1abc9dd7
2cc5853085e3b2c09c8a1cc9d1e3d3125190425b8564931104a5001f0c5c11e201ce4baa22607675cbd213e0c5310f1de993addfc17e6c96b797c0c92f51fa4acd0b10223b3ae5e8e8f0632e9efe38e89367c06a29eeb2a7d45403d802569b81f141888252800f862e24e450e64c7f1ea39c9708b2480b7c
07badd436ed28540cd1fe90f83092d04ef3268ec0d857264c2ca8514a890271b710fab6fecc2e45d93d1fb0f523e6eeb7422aa0711a4661284b559280d1413515d4e8b91722ec9e8fd87a9135ff204b6b3f9e1eb4b216acb687534091ab6fb0280d1326165428a54482668ff487a084973e0e4f837544140
3db9659413cfa8e356f98cfc11449c2ca9ddce11a312e04815e160d72b6d317305bc8f464130e979c221f1d2a202c15cde99731cf0d23077fe35151e3282713e6e1cf3e074bce110f8e95137b085b1c6b5e140b901907e48bef91b53842efbb4d012240af0b04a95b71ab7cc67e08a24e38a2d91565f25f5
3fc7ffdfac6000907ffdf8f9ce11f13c7ffdf914e01113ffdf8f80431f7f3f1fff7e5ae00391fff7e3e10847dc31fff7e3fce04713ff7e3e01d27e293f8fffbf3be00190fffbf1f18c23ea38fffbf20ce02313ffbf1f00c83f0d3e3ffefc98e00813ffefc7c0008fc023ffefc7dce08f13fefc7c01d6fc69
1600000000000000000000000000001ffffffff3a000300000000000000018000000041ffff0000000000000003ffffffff3a00030000000000000002c0000000000000000000000000000000000000c5fffd00000000000000030000000083fffe00000000000000000000000107fffc000000000000000
0a5941de405f779226d89e356e739c1b10714b224cbb4315c4ace395e5a229650779017dde409b6278d63dce6e2c41c52c8d52ecf05712b38f1d968514b283bc80beef204db13c6b1ee7373620e296449976822b8959c76dcb430d8838a591265da18ae25671caf2d118838a591ec5d9d0ae25671e3b2d0a
35e6bde13fa80671d92359cb096c5c28ef8aacda0b24d0e9fad323a619df179af7850b001993648d672c67b16f23be2ab3706c9323a7eb4c8e98677c2bcd7bc283700cd3b246b39612d8b811df1559b8364991d3f5a6474c33be3477c5566af5927274fd6991b20cf0077c5566e4f926334fd6991d72cef7
3497a3c102bb40307249054591e53e2d71a814b3ca5a62b47ca7bc4711152b5c6a052ae296a3ad1f29eee0444635c6a052d7696962d1f29ef1a04452292f478209968050e4920a8b23ca7c1ae350296bb4b4b168f94f78d0222916b8d40a59e52d335a3e53de02888b0392482a2c8f29f1a3e53de38288a3
28ca6723eb963ea2d3dabe4979fbd713a7ad08b4381602fe3524550c57e304e9eb422d0e0581bf8d49153295f90e9eb422d50057f3f8d49154b55f8a1194ce47db4c7d31a7b57c9335f7ad274f5a1168702c01fc6a48aa5aafc509d3d6845a1c0b037f1a922a652bf2369ed5f249bfdec3f1a922a9acbf13
0798b993ba50cad389bd8109bef653328a5e7195988152db4ed0e8d2ca953ca2979c624e2063b6d3b43a0332a60a2979c662c205136d3b43a3cf2a520f31732774a195a3137b0213bfeca52514bce32f510291b69da1d1e7952939452f38c8bc40b36da7687448654b3c4dec084be7b2a2da768747e054a3
1a82be06576cb2610846ab671ce88c04347460fb14ce70f47e63140fcb76110d1d183dbd33a23d1f98c4e2f2de10d1d183ec5339c3d1f98c503f2dd835057c0caed964c2108d56ce39d1180868e8c1f6299ce1e8fcc6281f96ec221a3a307b7a67407a3f318a07e5bb0842355b38e74463a3f318a0c05baf
3f95e92e0648f07046a51759287941184b74263af8f571e4e075f69c5ce932b33388d0de732379381d7d75973b311a945d6189e5139381d7dab373a3195999c4686f3993bc9c0ebe99cb9e02c55a5469498b03c9c0ebed38b9d2024845bf8c5d2f92f2703afb2d2e75223528bac733ca13e6333fd36d19c1
3971c8e5a6e9bae1b4ef2473f4a04e14087b80b7c1efe15575c6527270fb34ec322ae5765011555d71948c1c3f26d3bc91cdc2814155d7194a0bc3eb3a76191570ab2812aaaeb8ca250e203c81174cdc6d10c2aaeb8ca4e4e1f61fe435d627be6ec2aabae32918387e0da779239fa502737c5c52878caebb
197866e4c3082d32795540f192fcae140a3b2293e3f5a05c0f9b2f1a3b2f18054f09504739911703e6cbb60ecc29e55503c43bf2c1703e6cbc68ecbc2c02a784a6139cd08b81f365db076628a6ebec26228240b81f365e34765e0cbfb441398edb522e07cd976c1d9813caaa078c97e57095593622ac3835
14160244c2bd6dd2511b13da73e0c12ac177135227fdb36ace585bc5161b10300b9efa5a5e61dab39616e0c58739446c4f66b78311ab39616fda5869081805cf7d2d2f32ed59cb0b4f62c43ceb70fb30790d12d59cb0b7cc2c353f56dbb00746b5d3b5672c2dc18b0e3288d89ed18f0613bd9b515d41a2c7
3587794caf7f92335e211e114dea8236c238598e6372b388f4c669e19df023fa31bc79d7c3f0e23d319a78677c2d7884784327aa1223d319a84c77bd31fd18de3adbe200711e98cd3c33be26ca20f2abef3f8311e98cd4053bdf28fd9f06e11d8eb1c47a6334f0cef81af108f08a6f5413e07da4d287fd87
2a712587768a97d342a1c9cd1b660021862f23226a1223636110c597ef8b29ec9391e6a5b831d8d84431557be30d0a8727346d98018d84431725be2934f649c8f142dc22ec6c221889bdf223281bb35daaf922c6c2218b71df15372410f5386b0803b1b08862aaf7c61a150e4e68db3001662c29842f1d96
059a519816a5a1333a854204bf7a3a291285aac29e85a1a1d0a141d53762220db78f9ebbd37268742850544dd92cea150810ede8f28742850796dd873106dbc7cd4de9c3343a14280926ed1d06b7f605426e9343a14283aa6ec40e0f9d9ee8e5d800d0e850a0ea9bb119d42a1025fbd1d03dd6ea1b76942a
32da59508c15d6939502e57f3fbdef03bbc09ba12b9cb3d59f5797a315f93c4456adeaa7f5a3f567d5e5b7457f1e540b95fbf6f7c3567d5e5f5257e11e222b56f553fad3fab3eaf2baa2c0149adc1b3bee2d93ab3eaf2f882bf11ba6ceadf70fa1a3eacfabcbb08afd3ca8172bf7edef81edcb2ca09e7d47
29ffffc81cbf8e93fffc7fffc6f7f11ffffc802738f6e3ffc7ffe15d7ff127ffff20183e3d23fff1fff9b1dff13ffff2001d03def3ff1fff800bfff113ffff901c9f1e13fff8fffdbfeff13ffff9000c71ef43ff8fffc0ecfff10ffffe40139c7b33ffe3fff195bff13fffe3fffc27bf53fe3ffefe49fff9
0038160000000003816000000000000381600000000000160000018bfffa00e058000000000205800000c5fffd0e058000000000005800000000000000702c000000000302c0000041ffff0702c000000000002c00000107fffc01c0b000000000000b000001cdfff91c0b000000000000b0000000000000
1238982c0d763332b5c84a3884a659279f60f7249cee0004bf6d19df115f08e260b039f8ccb2d72128e29699621e7d83dc9ab3b7e329650778cffddf247130581aec66616b9094714b4cb10f3ec1ee4d59dbf0097eda33be22be0c82eb141efc3a12025fb68cce88b03cfb07b935676fc252ca0ef1e1fbbd
2d87a813ea094cf14e3bb5c2ef5a211464a308d33b12903b8092a5a0f621361ea04fb06533a138eed70bff688311928c23510c4a31d79af784ee201a1b0f5027d83299d29c776b85deb44228c94611a67625207701254b41ec42317f16ebdadfc6021dc04952af7b1123251846a2189463af35ef09dc4034
0d868147183eca905d6b8f60a15881215cca9ecf9fcda0162fb64fc0ed911459b669eea61f13058bed93bebb6505732a7b46bf3663595fc9cdb3412e1b0d028e307d9520bad71ec142b10202b9953da35f9b31acafe4e6d9a09710ae654f67cfe6d20b17db27bf76c922eb5c7b02fac412b2bf939ba8825b
01e92843a8394853046a9281fbb4fa07d83cdced7fcf20b6bcd4bfec925e2ea6c60d892f8b422daf352fda24981f60f373b5ff3c8207210893ec2f5303d25087507290a208d525043969f30fb079b9daff9e4303908449d517aa03ec1e6e76bfe7905b5e6a5ff6492f182354940fdda7d00e4211281a5ea5
0fc31134f6f3fab131ed6c7565260b10328e5d034eb102aec31ab6211df2180a1fd504058082abb0c6ad67477d00ca3974115ac3f3ba6b7a4a16ecd51f862269ede7f56263dad8eaca4c1620651cba069d6203dd35bd24ea766b0819472e81a7588157618d5b108ef9298f6b63a919306374d6f4946fd9a9
214bc4bdbeb2f2a3543449cfedcd6a0e8061ff6361b35303cddcb8ad712126ef61a985e0d553c0f3772df9dc493a0187fd8d86cd40e309bd4f41de9e0297897b8185e532a86893a01d9ad31d00c3fec6c366a07184dea7a0ef4f274030ffafa0d9b381e6ee5c35b8911aa1a24e7f6e6b51c6137a9e83bd3c
1e522d1a2e3587d1e8d8de73cf58501e892f5db6f78e10e580252f8b441437a24bd76aa5e391f9acfa39fbb8c807a36379cf3d6143960094be2d105011f3b1982433a6a25eff37e3cae7b219f43d69546f6581cb004a5f1688282f4497aed96bc711164114f32ceb920f46c6f39e7ac283fcaf4970114784
292e3344c75713d2e9b11390eb614402d3c45e4b893552a18bd6e1c5236c30b4f1178fca4d614d9bbb7cb65dd40ba6c44e43ad8512862f5b87988dae2e3a70a193c29d8204cd5f1b1906573bb35a3ceba439614317adc3cc46d72169e22f23b49ab3e2397bb03b4eb8174d889c875b0a21cb8e472d374dd7
00a67991daf304c3d8caa28d8db0e71adb8ae33899ed11cc935514f489ef36b6e2b8cb0e7b520c33335f59f20b1f632a8a352ec3a3324d54541427bb3e16080c53141e3331c304ae85c70e126c2bf50a3442539926aa29e913de2d6dc5719a3cf690218dc12edb8d853ec655146a5d8742cbc33725f7416a
34f5959031b41b514fffadcc6552822ecfad87efa1b1839d7a76af51d1970bb3eb61fbe86c60ae645da37d1634253ffeb72f854a1275e9dabe0d46590fd015d75e36ed20f6943137c2b6893c961f81f5f55c033af4ed5ee5a32d1767d6c3f7d0d8c3d350e88f7abd840a7ffd6e632a9412a0b01225f4eb6f
159a454e669f194220810edc84d445346a24b4f0f5bb91ac2304e1de6b6a3d1a892d39256ef2214a34f061b35d3882043b6efb5122b08c1387bbada72c29c770b67e8cd1ea6d4819cf970409dd84f7d3797de3584609c3bcd6d43a35125a766addd3d6ef6dd973ec5d31040876e216a233ac3bca655afc92
07b9058c59ef1891e3a243c1d12dd62b6eaa0cdf586183775637570308d70adbaa8337d61863c20e636b052cf8278e890f0534b761dd58dd5cd223592bcecea543210b204716c7f037f66a3a283deb29d05aa2eeac6eae4811ad15b755066fac30c185d89da7d9c73d0f1d121e0e896eb353892c3b9354bf
13fc85e9abee20c002207825bc4b7e3fcb369d113c7d925d80439bba8bf13ff2cda741371f7074e01772f5d3b2200881e094e12e0176010e6f6e2fc2397fc19d262224f3d2d5b851b2532d098a9bb9d2072c30bb008737b717e13fe59b4e868e3ed197daf8eda9fd9a001103c12de25bf22cd28cc0942d0a
1298bebdd969f2324e58292cdff34a05a3beb032d901b08cf01d4f071ab31168efac0bae4070e5a7e2b5d42499293960a4b16fcd3233c0753c1c6acc227d66362c50f3820f62d75d51af812e659eb27f31b9e119e03a9e0e356622d1df58175c80e29d8573ab41b8751272c14966ff9a5396d2ca843faeb5
3fc7ea001ca7ff107e9ffffe4dfdf13c7ea000195ffd13e9ffffc841df7f3f1fa8001bfffe91fa7ffff307f7dc31fa80000edff713a7ffff21cd7e293f8fd4001c6fff10fd3ffffa8bfbea38fd400015dffb13d3ffff90c5bf0d3e3f50001b1ffe13f4ffffe3ffefc023f5000000dfef134ffffe41ccfc69
3600003811e00010000381600000002000038153a0003000381600000000180000e053e00010000e058000000000000e0577c0002000e058000000002c00007027e00010000702c000000000000702cc5fffd000702c00000000300001c0a7c00020001c0b0000000000001c0b107fffc001c0b000000000
030a2654d8864481aa9fdce9fad2a536943889d50b1a535238982bd7d6342ef583b590b01e52aa7f73a82d4a931a50e227608c691148e260b02558cd377ac1dac6480f33553fb9d3f5a54a2d287113ae363492a4713057f1ac671deb076b25803c91a91c4c15ebeb1a34a1c44ec118d22291c4c1604ab19a
1d35996b67b9bb82515c271a0529530d67c37a2ad4e1c06d87a813e5e94d12097b4b746fe0a145709c6898a54a359f0de8ab538701b61ea04f97a5340904bda5ba37f050a2b84e344c52a51acf86f455a9c380db0f5027cbd29a2412f696e8dfc14236c3d409d1f4a72b3e1bd15ac70df36c3d409f2f4a68
0016c686618e55106649c52e2baec02565a8d49ce823e1f488a645e3a9353cda7cb4994f3e037d222991476a4e1596a3527be08f63d2229917d0a4d31e6d3e5a4ca79f00cc938a5c575d800acb51a93df047b3e9114c8bc7526a12b2d46a4e7411f2fa445322d0d49b03324e29715d7603a445322fe349a5
1015c06e7b9310d019f9f99d66589c3cedcc44054e72d36028d990fc243e0e5b4bb7c7211722d80a36641e091033b731102199cb1180a36644b690f5072da5dbe3908b9033f3f33accb13839db98880ebce592c051b3223a487b3e76e62200973971b0146cc87e121f00cfcfcceb32c4e30146cc896d21ea
151c987164f70ed33720c9f9abfa3a1637c1ba87538531b1835fe7610906066e17c7e44766c26c60d7f9b7424218df06ea216e14b2c60d7f9dc6241703370be3f223b3626e4193f399f4732c6f83750ea70a636306bfcec2120c2b1be0dd4199c2a0d8c1aff3b0848319b9064fcd5fd1d18c1aff3bce482d
1a3861182ce50e1060a35f31d4265d3f8cd114c1ee0c527a499fbebda8892c6221c5c17e4e039e9267ef7dea233e33445314183111e9267efb7aa222163110e2e0bf2700c146be63a84cba3f19a22987fc1890f4933f7dbd51113fc6688a5ee706333d24cfdf3dd44523051af98c9132f3d24cfdf6f54444
3a666c5fc51901a097ba91eb9629301c9c89a0cd24a562f6381f1db95bd803c778e778815f10bd8e07c76e56f6025eea47ae58a4c3d8e07c77696f5e34ccd8bf8e5203305ec703e3b72b7b0b6785498da0eae1ec703e3bb4b7af2470d07cd36307917b1c0f8edcadec04bdd48f5cb14982f29168d150ac3f
2f7f9886604bb1e047cc07831746fd169b5863c6a296928343f74310dbf10590e963ac4679b3a0d0fdd092b6fd311f301e09451c020d0fdd0cc76fc21eff310cc4b763b3d0687ee8285b7f01a6d112fe4e5e110687ee8663b7e1012da447b13ec21341a1fba1676df9223e603c16aa37f349719a2619b89f
1906b885f4ebac931708679107e8e928a7ee49320ee1e237420526ecfedd1d2cbbd2f7d1f4a38dd0814989bfb83c5c219e4107a3b0dd08149c37fb72320d710be9d75921c6e840a4c4dfdc11e2523966985ab06e840a4e1bfdb9170e8dd488a451731ba10293557f6f38b8433c862f47500533cc8ed79826
0b1219a28fbe5ad2628bd8cab162851ad2e7d8436d7f7081daa75fdf325a0c3467d036abbed22076a9d7d6cc97398a2f6327ad8a22076a9d7f7cc968162433451f7cb5a3103b54ebca664c1d0e52851304109103b54ebfbe64b4375f94127fe976b040ed53afef992d33145ec6537b1433a7acac816ca0db
3b94029e523c12406e1d24e2c6f4b03bd234605f587ce088b5337e9c40db353e30be2d0d0681222d4cdf96903701b874938b1bd2c222d4cdfa71036c3728053ca89824729116a66faa481c30ea19004dd953e1116a66fd3881b60b859d0a4ba813c2445a99bf2d206e0370e9271637a580acd22a7334f8ca
139a52f261bc7181857d90604c4f3b33c90ae9b450fb63911d79f6d883422e7d4a838b1f7282e4475e7d9520d11615f64180293cf24475e7dc280d052734a5e4c378e3037223af3ea9906907add3408598cb93223af3edf3068300457ed8857e7c91c88ebcfb6c41a12c2bec83005279e23dc82c62ae78c5
2783b7d41dbbff628806a40f5ebf583060070cccb9cac279e6c1eb03894503e117e82352a4b39e79b07a8f62520a201a903d7afd61e79b07ac9225120f076fa83f97feb1cf3cd83d47b1292ba1baba1978f8d0f3cd83d649128911b65e4fedf37a933cf360f560c4a3144035207af5fac09fe42f4d5f7106
3a4a1c9176e02730db541cd18f90c9190211d2f1ef6f903ab2ccba0c43a32195eafbc0e8ea510eacb32e7290e9336d507343264330eacb32e8310e8c34943922f1e04e52875659971848753f277e89dd75d350756599741887462649f7499f718b121d59665ce521d226daa0e68a6c865294c5f5eeaa4f92
3fffffc806dfff13fffc7ea1cdfc713ffffc7ebcdffb93ffc7ea01cdc7f13fffff1fc4dffe93fff1fa81cdf1f13ffff1fa9cdff113ff1fa801cd1ff13fffff8ff0dfff13fff8fd41cdf8f13ffff8fd5cdff813ff8fd401cd8ff13ffffe3f6cdffd93ffe3f501cde3f13fffe3f51cdfe313fe3f5001cc3ff1
3ffff5fffc181613ff6000033f60013fff5fffff616013f6000037d400013fffd7fffcc05813fd80000dc380013ffd800009e58013d80000e01600013fffebfffc502c13fec00006c0c0013ffec00002e2c013ec00006fea00013fffaffffda0b013fb00001bc900013ffb000017eb0013b00001c06e0001
1fa13da2b08044a2e030a2651e18652ee030a262481872030a2654b786451bb80c28978a062380c28994fc61923b80c289916061a00c2899536219120ddc06144bc50311c06144ca7e30c91dc06144c8b030d006144ca9b10c89377018512f140c430185132a3ac3233701851326e0c330185132a6c43224
205ee29d0b1ffb7121d35996a3eb9c1121d359959beba21d35996b46b9bc244874d66356faf0874d665ad1ae6f04874d665a8fae7074d665ad9ee6ee32243a6b2f9b7d8243a6b32d47d7382243a6b32b37d7403a6b32d6cf73770890e9accacdf5d10e9accb5a35cde090e9accb51f5ce0e9accb5b3dcddc
136ea7be10b0ba705c707fcaf6681636ea7be11b8ba6c1c707fcafa8815f0dba9ef846e2e9b171c1ff2bd9a0582e979fb2b5a0b2f1860917f4e8128d26dd4f7c216174e0b8e0ff95ecd02c2dd4f7c23b374d738e0ff95f5102be1b753df08dc5d362e383fe57b340b0050d96ae01ea1011de1509384805b3
086e3614b597b381592d43d3e5307e06e3614b61bb37e192d43d3f9d07db21b8d852d65ece0164b50f4fd6c1f717395fce327f40c0cb007cb75e59f610dc6c296b2f6702b25a87a7ca60fc0dc6c296c3766fc325a87a7f3a0fb60371b0a5b0dd9bf2c96a1e9fad83ee0152920781a077e3181b84e5942948
211e90b2cc828500d36e98cb9b804511e90b2ce9284f8136e98cba7e044d047a42cb3a4a13e34dba632e6e01140bf85212fd2edc7271bd0db4360425023d21659d2509f1a6dd319737008a23d21659d2509f026dd31974fc089a08f48596749427c29b74c65d1e022730124cdd78550e62117742192e27b4
3f07d0fbe5738cb1aaebbb9d2edf00307d0fbe9518ca12aebbb9d479effa3c1f43efa22e3292abaeee74fd7bff2f068ecc21910fc03b3f5f9a05855e3e0fa1f7cf07195355d7773a5dbe0020fa1f7d2e5194115d7773a935dff3383e87df487c6511575ddcea3cf7fd0b2d4b2d3f4028c2f46433bbe99565
0b59e07a98f7282118b790aab940921964277157798e8288e0058324e9e42ca9b357d17ecdb0aa0d670c14c069128a3a7ba263ff028022b325a1a00f22a6b9f70e317800561bab845d4e8e29c3f7dbb92f3513defd96ca14b3142d30ee5693b9fcd286dd42545ea1861baed8d129eb5831969f28ad330a7a
39662558430684a131d802085ed0a112a3e228e71679206012aee04769370030713e68abbb735832d9c44a68a7305a02d2337dd2717dd2faae55b19d3fd72cafc17f7783022b44604238682e3e3d95a160b880b6fbd3788a05763f632d40f91d0be2b98f3dd0db9e4525c57c6b318aabe2aa8e88f04472c9
16ca0504825d4ab3d1940a9609c8440e5e1b1b3d57e5d106e9b4d7de4400248128ebeb74d0d2c7cf0508b4b6003c67b77b4ec369812e0d0103d993d408e1cfd3a26081303369ee9b1b08cb1482402ada8b5bd33adf819971a9ae1d7d71facfc59a006291f227f64a510203b377225ca0e1c8d5b9ffe9cac8
37252a61d0bdc2503c8f50999a23b921b1a063ff831ac28a6b0965d50f3f299c047d72c36fb15b065fff2a7829041a871a093dd4f295cc5d0b91ceb334bcddab7e6aa3e3e7feeb9245cd1337cfb37b8620ee53e5ffe7b2754ce9269b402083539133e4e2eb1789c1e711ee79e1d0f7f4009001ff3b7dd8c3
34e82901bbe140c20a1d326b5e5c1b0a3752ed9ac321213f9417a5cf0530297ec683dc3f9c0092b7b924882f790b070d78b5d52811245deb8d538b26235dc91b9ad36242dc04647d0e0a522a817596719ee3624b0f500fd4fad30a199850e625dfe159885184d96e7f0cd9d670ef148202dc001f2270732e
0d333bcb5a95c2615161722f370adf3163afecc75c2a91d9476fa094060d338fd802fe29b000eb7b94f6107f0a221d3bf11a06e582e4e55548029c7e3f18b1cc0f4599128bee7313ef5a7f35809853f6301ed12293bd0275094a1d23d251ceeac15066f24c2b1600e33a810c34759180c26561656c2efd9f
3a1bf2c543fd4d72cc0aa2ebb3fbbf149443f358ddbb9365cef84fb8b239317d0a1bab47d5519e073f275f7bac0d08ce52b858f2510785dda9e9b3f4272d038b4c882ca01b5ce295345fb115b2cc342bd456f037b6853e001282197887047c16bb91cff5e9b0b44946237738cb8b8e8a5178b1f8f2259d8d
3af3f22f62d7f50127b37aa642904b3160e3c8b4c7e12186090ecc799f9d1de70149b48011d35e6e8d278d3f6e390c2b2082e7b1612953d9b1177dc629f4eb5ce54cc25258dfdbe933bf0f2146dc29b0c05031a1c39c2b7041071d71387dc9b06810272b9bbd217d0d2d06df7a43805b82a3bf1fce95ebff
0000000020c7e903fffffffe4c9ff1000000001d7e9f03ffffffc9b7fff100000000201fa703fffffff3c87ff10000000012fa7f03ffffff2175fff100000000208fd303fffffffacb3ff10000000019fd3f03ffffff91a1fff1000000001f3f4f03ffffffe5c2fff10000000004f4ff03fffffe411dfff1
3ffffffff1e00013ffffff5fbe03813fffffff5be00393fffff5ffbe38193fffffffd3e00093fffffd7fbe0e093ffffffd7be00e13ffffd7ffbee0593fffffffe7e00013fffffebfbe07013ffffffebbe00713ffffebffbe70293fffffffabe00193fffffaffbe1c093ffffffafbe01c13ffffafffbfc0b1
073e9823a25b4590b5d8b169cc23c628b5d8b1673823d064e313ef0155a43a2d762c56b6090104316bca5bffec22d762c5a5208f21938c4fbc0556901d16bb162b5b04808218b5e52dfff6116bb162d2904790c9c627de02ab48345aec58b18c11f20862d794b7ffd805aec58b4e611e3327189f780aad20
38df67dc79c47a812a27509a2fd83a192a275098a3d8419b1d0c507c6a9d064a89d42628f6127bce9c45d5f02324a89d4266af60f26c74314233aa73232544ea11047b133de74e22c9f81232544ea13147b083363a18a0f8d53a0c9513a84c51ec20f79d388bede04509513a84d17ec1d0d8e86284a954e5
2a6ec216b0715f20a83d1079db682526ec216b3055f16188061e8c2b6d0529bb085aca057c62a0f441e76da094175c604d752a26a220187a30efb41314dd842d6502be31507a20f3b6d04a0dd842d664cbe2b3100c3d1856da0a137610b5982af8b2c4030f45f4b6832eb8c09aea544d42be1668eb07f2ca
3ac020d512643cd102bbb2e7272c082c020d516003cc21cfc0e1102881af2b00835455f0f3100aeecb9cdeb01f02f5e573c78148733f038440e406bb358041aa28e87992057765ce4e581018041aa2c42798339f81c22051035e160106a8b001e612e7e07087f340d805ebcae78f0290e3ac042f33922cdc
3dc992e41aac5d63987fe065e4750b1c992e41e8a5d51283c8ef71e265f337264b907711755261ff819857d4291f7708d96ba53bd20f23bdc80d97ca3b9325c83978bab330ffc0cc0aea1539325c83d14baa210791dee406cbe52e4c9720f242ea9341e477b8d032fa3eee11b2d74a77a1a06207083ca4eb
1d438633559f87627c479030eefeb11438633576d87592207350728429dc350e18cd5a9e1d71f11e40c43ffac21535b23533ef74b081cd41ca94a76e3a870c66ab3f0ec0f88f20621ffd612870c66aedb0eb2040e6a0e54a53b72a1c319ab95c3ad11039a8394214ee2a6b646a67dee963d59d5ce4672f72
34b799ce4a554e007ee19e0c32050c1fc99e10e00a65f21c4b032f7d1c40122098a6a35765008712c0cbdf47102a5610b92592cc407d08f5e79e4e2b35622c9e750dc3b23b9bb6872dd03035a9e2fa7ac69bb3796676413606041063a9a65a1268810e258197be8e20237832527572f2e05acf03d4c7b941
029b130be93ed770be03e5f167fda829e99252614553426a01d7718d8c972504280cf10d06f19a8075dc52e32603bb7e0c5d65f1a3fe899ff1b717c81241081709d01d316c2c78258e549f37eefb32b444c82003558eefe7f2480b060555ba5478e33500ebb8a5c64c0fdee303018e1e01cb312ac2183425
188526f06069bc936597e8770080841823b94d470f2223be40cf8796d7f22b6db09b63a69852ef9033e1c4b5fd0d0e5330a74d57626371f0814365630c5813ab5e7964f012e1d31dd0c08d3cd58e0582b052d1c7a54265d7512502604113d6b13821df2067c3cb6bf924de5ad684da5d12b6502823f1ea56
3c6c304ec543b631a5f04dfcb91f3c2895229ce12f9142f1d869dd074e8d3eb81c3144db3f33bc761a771053a4169f0fee20800922f6ebf8126a73c83f4ae98567768ba082140e534f09952111f7e593d208617c88453cc3ab242a0d013cf429cc7378ec34ee62a747376d12815e16f623b929530e64ee13
35a4efc6fd64fcb29b8cdcdaebe10e3993921d0ce44063c5cadf52358c772c71e198e24e8bc1f172b7d47ce31e2784808ae93be381b949557b96884624d756a61ddada20a8da6e48b22c9a18c02f1f8d624113f2be4d22be0ae021c7b7e89f366f83e2e56fa8f9c63c0fde780cbe9ab921a741480ddf0a06
294aba7cedb48f8180b1e14679a7da1acb11d6e06b7691462c6805be844f23edd2c952e4e461518b1a015f2114342d96f13ba9b1b12c8312bdfee6d33747af2f39a3334261a5e749dac5ca1e88c5d4091184e041352cb5db675911d78346db726752a3163402be4228279394aec68092d06999de5ad4ae13
1e72a80e2b90e760f81a8c041983100005cd4d33bb16f25814ac3b27a86002d7df3f45763d2096052b0ec9ea182e8142e0b18f1150cf7ec0843377822fda6e1d178f6091581c44da497730266f067b286f667180d7786a8a77a20f314bb1698569412c0a561d93d43018926f554f143ac3d0df9629feea6c
1bd1b36f06cef56023d6a3579361e938b0201958b6d5c16f6877606e7c8b215e06483c1c13715bda1dd80b1f2302102a5e84c57c829c2e54c02fee4b2bb06ddc291ac32261e0a554efc81a05c8dbc8b1af35c39e007edf252b902118d6a61ba7e262b7b43bb0163e461c5dee814b3e97d1d79f917b16bfa8
0000000020ffff00000000020ffc700000000020fffb80000000020fc7d80000000020fffe80000000020ff1e80000000020fff100000000020f1f980000000020ffff00000000020ff8f00000000020fff800000000020f8fc80000000020fffd80000000020fe3e80000000020ffe300000000020e3f40
3ffffffffbdff613ffffffffbd60013ffffffffbdf6013ffffffffb400013ffffffffbdfd813ffffffffbb80013ffffffffbdd8013ffffffff9600013ffffffffbdfec13ffffffffbcc0013ffffffffbdec013ffffffffaa00013ffffffffbdfb013ffffffffb900013ffffffffbdb0013ffffffff6e0001
1a3abfc0fba2f51078528711df1f7a1878528710531f808c806e6fef10a5061e14a1c414c7e00e18c26aa7eeac21e14a1c456c7df23201b9bfbc4294030f0a50e20a63f0070c613553f75630f0a50e20a63f011900dcdfde214a0c3c294388298fc01c3184d54fdd5803c294388ef8fbd06403737fba8527
25e3405d003d2b0167af58ee22e4862967af58eb8ee491739d918fef2f1c3a59ebd637cbb93371eebd95a22143259ebd63b67b9221ce76463ffebc6f3d2cf5eb19d5dca3b8f75ecab010a212cf5eb1db3dc912e73b231fde5e3834b3d7ac73b77252e3dd7b2b8642850b3d7ac7711724339cec8c7ffd78de
25a27450c29ed3112696aacc4bd0771a27450c4f0d30716d9fc3b3b5f2231689d14312bb4c209a5aab317141db15af64030542a991b67f0ecf19c88b0b44e8a1895da6124d2d559897a0ee344e8a189e1a60e2db3f87676be4462d13a28625769842b6cfe1d9b9f9122b5ec8060a855321eae392275c1bba
06616e60f80a5f005aca6a402679182616e60f84c5eff350ac569f5752b21985b983e0297c016b29a90099e4601cafbd9d6fc55e6142b15a7e234ac50cc2dcc1f014be00b594d4804cf2300c2dcc1f0dabdfd2a158ad3ef0a563330b7307c052f801a8562b4faba959395f7b3adf8abcc3b35fdbadceb4f1
1ea3d4552759f473f960f7dc04bd612a3d4552927f469091da66d46aeb513a8f5154a187d1b3e583df70d8f58124a0efeafdcf7ba247699b51abad443d47a8aa4eb3e8e3f2c1efb84b7ac1147a8aa5291e8d1123b4cda8d5d6a2351ea2a9472fa35248ed336a1475a90941dfd5ffbef73210edc21b78cfdf
3594493511c019224541b2d77af1291944935151a19132b0157adb01515d165124d4536064511506cb5e6fc4a237fffd7385b85d12c055eb6c8945722b28926a27a032308a8365af37e251328926a2a3432261602af5b644a2b92ca249a8a6c0c8a3580abd6d5fa8af2ffffae70f90ba1052aeb028d46b78
38d0a3d0b088f442fbd52fa70bc132215a3e374764c9e1eb841cdfacde962284c0b03c25fe027ae10737ca37a61673f1af3d408c33b9ed5ca81b57843d9440a3417510333582d9bd23487b0bb8d37588ad7ba317d8a9a1958ab0312bf9b98baf9a80f5c20e6fd66f4b375fcedf4c40d411a5bcce7252aa70
1dfffce582520873f8f4ead234657120382fec0f5862d219122581ae091a1297cf735d99cad2864489604a824702d154cf8bd66022bacad8323909d4090adbca40167f23e20e81e76924303779e6944b7cff6361762b0fe6eb4f262d54228f4e00b10c8912c0d7048d09b66b2a0a015c4214d8985f28f6bc
3cb065cdd36f3b524d2915e9e5df971ad7a7249c870d923753a6b4e4c9263c1aac1137fc93328dd4e9ad18324a0f35bfcf5451c7a047bd4d36392a3414ae916648a46261e2042e03597eb43de94454d9328af2b9caf0c031338e23ba37ff7f5d2de11ba9d35a7264933c1ae44219f555b2c4293782e24de5
3a8f72b81ebdcf600dba39afb825e70ac9493278d124416e77250b6bb943374525d6aac3a3f15b9dc942ca6e5116c75f85cdeb17c0e966e4cbba1ea13b916e581a6abe0151a7e5b90b16ec21261fb16a878fb275c5bb994a80911b271487bffa95f2b73b928594dca20aab61def81f2b73e3618276091db2
06c4736173c14c2060232df34f64fd0b8bcbc4454938100f2ff0d65dcb6f30eff002af5fc9b103cbfc3586f2dc380db1e6674aff72dedd9b8b2f842a07165ddb06737910320710793734790104c7cd4e79cf008588702acc88d12ac3d4bc3958eb620797f86b0de5b81e032a957fa6d8a3ad277e37ca27e6
0e2599721ab79ef2fafddddd652b7b2879012993bc6e00eaec317602be5937594e9dfeb122433abb0c5d4f2f97338d9efab5e8cc63bf82387ecdcefc00fd6d1993a95221563de077f3cd0b3e38c9d8c42112438ab4bf9621db6e38ae7af0330ae312757618bae05f2d1365f4937fecafd14a55d3e76da47c
095c6bc035122cb2a8024152c480072ea2086db30f6c5156900127a577c92e7eee07633b528355a40049b7ddf30316cf06451c35e0c96c1435e8b52705adf5812a91eb30b7ebaf77e1711d30b9cc8df025f8c37dce2243441675267f6941a92f93f2ab480093b1bbe50611acffc67c2270f39540715c873b
3921b3a8190760003786c965c4b3160db023aa9d3d7f42aa6ad843838f5b169e072c8d3dbdd1aa9ab610d063d73034d847103bf2038837d84cc6398a26506e4e51ab98528940f171526a741cdb32bcf76a7082140540a591512f0b98d86ebdeb372355356c21a0c7ae3cfb6fb1bab92140de8d9b783677ab
0000000020ffff00000000020ffff00000000020ffff00000000020ffff00000000020ffff00000000020ffff00000000020ffff00000000020ffff00000000020ffff00000000020ffff00000000020ffff00000000020ffff00000000020ffff00000000020ffff00000000020ffff00000000020ffff0
0000000000000000000000000000000000000000000003ffffffffbdfff90000000000000000000000000000000000000000000003ffffffffbdffd90000000000000000000000000000000000000000000003ffffffffbdffe90000000000000003ffffffffbdfff90000000000000003ffffffffbdffb1
16a2bb725da4c251245df49c60a76b15245df49b16a7729f7c960d2758551549177d25bda9e3a7df2583185616149177d2707a9db27df258352161522d4576e4bb4984a248bbe938c14ed62a48bbe9362d4ee13ef92c1a90b0a92a922efa4b7b53c34fbe4b0672ac2b2922efa4e0f53b60fbe4b06a84c2a3
295b44ab96193de2bba3eb653d58962abba3eb62a958a360a16a1054a7cd2aaee8fad69a5633d8285a83e3a9f42aee8fad92e562618285a842189f3112b6895730527bb17747d6cabcb12b157747d6c972b132c142d420eb4f99155dd1f5b154ac53b050b5080953e715dd1f5b29eac4b3050b5084313e62
05d7da5cc07b087030ef776c5fa31d1c70601093b5d9231a39eb1ec49b1e271c180422dd76526607d7e9da49713efea4e90f5906c068e7ac7bd86c75338e0c020f5ebb333303ebf4cc24b91f7f527487ac83623473d63dcb363b0e38300849daec90cc0fafd3f692e121877bbb60ed18f34fb4cd8097638f
0fff759ff38b5eb3ad19e905fff44716f5ed5815859e23cdb4195c49f45b25bd7b56035167933eec50035384f12bcda6576b1dc9e336d06571edd16932debdaaff98b3d39f76280188c27915e6d32bb58ee4f39b6832b8d5e8b50b7af6ac0ac2cf127dd8a006e909e13d68cf482defa2439b9df195a5c238
383625c13342f5c1c6d7b6e34e4620046fa1cf6a0a06f0c14e33145a1d62111be873d97a81c290da2fa2ed64af04816296ebc679f30538cc51687588088df439ecbd40e3486d17d155b2582240b14b73d33d01829c6628b43ac42237d0e7b2f5038121b45f461cc95d0e36bdb71a7231038c8c241af26067
2e0e8a7e00329f801b22a8adcfe2ad09ea1487e83a41f056ffc8abcd5668127a8521f9069082ca40a87ea1cdc017b261289001b6d15bff22af3559a0093d4290fc8348416520543f50e6e02bd9309445f0db70adff91579aacd024f50a43f20d2101948150fd859b7f20d915456c6f15718a011eadea93d5
2dae35301b3b6791f765ff3a7b46b03fe29c541f794d503b9839b978bf9431c7875f4257a04206f8648f9c5c8d2fad6788ae6032c332e4033fdb955c2fcc8aaba7800012648ff510484b3b13a2c04f33cefc02d453fced75a99c032bf5713fa2e7b01dcc1cdcbc5fca1f5acf1160e06571c6851e858447a2
3f570d241843ed1275ceb2db7ae62f2f2473caf92275f0e2d8d9561ca23b362938ebbce82561d7a2738cdb8b9b096275946ee25be290f0fe26c4c5d710dc8c5027ff7a30f3bee3a50e99261d4b325a224a80c14c893e0a4dc9500d191dd057663c32716c6caaed511e12c4eb28ddc4b7c2efffe72bf19044
023961eceb7dbdc3a412209736ec592f0779bc5fdf30025247cfd524149718490303c083b1722fabad2205eab52f4319dc926b9490fb0b73a6a8ad252bdb46ae5f048d4073fcd5795d1597328a139bb89a5861137203f889f5062ddbbd685b5865532923e7ea710a4c1e8633b928f72913e5832e6e7a79db
3adebdc4672e70f3726801cdff9c6e29a263ae1783da11810e752450883c1408653431f80343041c9e609901d31811b178d4087a220495196bb2f3fc364ff12fd0d778d2e6f496035e1b5b26a7fe81ccd465f1035cd5e967eb3e210bcbd98cc65030c0873a9228441e302362f1a810f441d47b95c0f5ee7b
344adada82e5f882e1a93f3f21f61e1358d59108695d8282aca317cc8b690aa89683d08de5d350cc3b24355de63ad3d3a2bfbff56300ba7efa55087408b1732222c2c5d3ef85c348ad79b41dcdb66b3a5962f09676e1e25f4af63ba7f882695415f34156518bc545b535a7a745839feab036239b0b9e0a61
18fa90ed9b39c4819956b8a945d20a33cfe3789d6ae2c2e22ce9d19162ee369161a29bce9b40716b94bdb08dfb3c1d497102dd3fd0304c89590fee452b3ad21ac17be3328894b800438bf31da3e93d0d6d26d3c319e80321eb130f2ad8d0569ac7f1711674e8c8b177383a92e209da7f92712ccb90b4bcf8
2f6e43d2f735e5f09c1868168296c3395984ad7f5f60a0be3df9ed46e5eb22e171b4584ae3523ca92dce25bb9f2aa092148e5f43200c80a46ff7caff2bffe289ec22c0036a61007de6a54829317c282445d2331f586a604ba16105aa6a83fab140925f1efcf68272f61541242920de86324ae35e01879166
1de793d7ed16e3b2ef9055dad5892103572c4970ce30119099c6971107a11a850384adfd4993181a080e9dfa710c33068e684f616294e55aa308abf706b0d4505a332ab27ef354b4497b1528518e7d3e2ca4a39a5c01d0918a66361b536ac4985762c84ce34b6783d118660d1cd09ec2c1c90d9d40c83b00
080000001cdfff10000000020ffff000000000083fff60000000020ffff020000000107fff40000000020ffff00000000020ffff00000000020ffff01000000018bfff20000000020ffff000000000107fff40000000020ffff000000000041fff70000000020ffff00000000020ffff00000000020ffff0
000000000000000000000000000000000000000000000000000000000000000000000000000000000000000000000000000000000000000000000000000000000000000000000000000000000000000000000000000000000000000000000000000000000000000000000000000000000000000000000000
28d78a4956ae9f82bc19b623e37ef512627c69dcc69d73c19b6240cbef4631f7b3f4499ef7c2f066d89011fbd23af066d88c75fbe35a8aedc945130a11af1492b17d3ef178336c4808fde924c4f8d3b98d3ae38336c481d9de8b29313e34ec534ec1e0cdb12065f7a335e0cdb11d0bf7b2b515db92cc2613
172ff5b4a96f6081bbe629ddba82ec2e15837620f964a3be629ddd342eba0e264c03c3390892ef98a7772c0baf06ef98a776ea0bb2a56d12ae3764f82e5feb6952dec10377cc53bb7505d81c2b06ec4612c9337cc53bbaaa5d73170ac1bb107cb251df314eee9a175d0ddf314eedd417614ada255cb0c9ef
2a31c19c5f29f8d26548eabddf77ae1bf2a2d89208a572c4a2587d62bda116fca8b6237a2963b128961f272f691fd49a6b3b5b4441175f6972f16c223c5e7bb448d79a50ca91d57c00ef5b0fea4d359dada2208bafb4b978b6112df9516c46f452c362512c3e905ed13fa934d676b688822ebed2e5e2d844
0123bef3bea28721cdc7bdb4c8e9c2233915d28938a3131bf29b9384019c38ce45749f3628d0c6fca6e4e100673fa732a36ca0e9e13ffdd67fbdad7b28e6103ad965df739b8f7b6991d3841fd39951b65074f29ffeeb3fbdd6be319c8ae9428c51918df94dc9c200ce3f4e6546dd61d3b27ffbacff7b5af6
00db664d541ea543ef8e267e648c5e31d60cfd8ea36780b96ba7a0df605e0c75833f63a8d9e22e5ae9e816d818174e24ed57d4eec0e0d89704cd0bd719bbd41f1db9a213df1c4cfd0b18bb0ba71276abea7762706c4b824585ec18eb067ec751b3c05cb5d3d06fb02f2e9c49daafa9dd81c1b12e099a17ae
125e153e81f0db00cd22f112b315f237edfc174d7b5430621b648abe1c631dfb7f05d256d5111886d9229f07192cf51503feaef260b83a29f800ca7e3e1d9829a3a0e5219a45e225662be4167a8a81ff5779305c1d14fc00653f3bf6fe0ba4adaa22310db2453e0e3219ea2a08017de4b1707453f00194fc
1ab53ac11a71a970e48c83c1d09f273c3e17c3b11c2cd2967da0fed2bf3e1bafdc70307740f0f7b2b29663ebd230f85f0ed0d0b31208df178f680c852dd7ee38162ba0811f5a5ba6993f71387c2f87665859912cfb41fde77e7b1441978e476ecb4329a1ce285888151101d8719fa4446216e0148ee7fd29
2702cb04a9dcc180b208efc6cbc3b51f1627dd2f2a00f0c86877c64c03f327af9d42045854525cf182391219cb3c589f74c0c803b3b7fba17addda2933d7cea1001c2a31bfec515c02c9e73e2c4fba5e5401e190d0ef8c9807e6056b0c0465827742f9b88b196a25600fb04f686870a6e15b4825bc463c45
0e9fb56775ad7942bab40e892252fd1e904b4508cc0682a6fb5516dd40743aa6d311eb713dd05f7980bb75b2693a412d14275019f200569980113d2c3d536988f3a89ef36b00d701da21c33d20968a11980d014df6aa2dfc80e71202bc527402e3c124ae0b5505873b331b09c45765b772a323ac547db7aa
030e17cf6ec04cc0823448dea138421253f7b558c93ca3dd76274e35fe231a14abc77afaae2034d4a5dd5c7daf094fded56744f272e2945531d49ba90d0a55e3bd7d57121efe002680139024a7ef6ab1927943baec4e9cadfc4513201c010ca75543f4610a127b450a3a1b822090a70b329cc420b2669c3a
25e46e8759189a41447bd9d29278190480640d48a0a233738b92f83cd7ba1769bca968670fd3e9fd5fc7e11d6012019035228288c269c506bda123892bb4de54b22387f0f5dc9b4cb745570900c81a91414462e71725f0bbaf730fdcb4e0be3c2673d0bd5749d7e9413c875bf47687eb82ee42f73cd2b3af
071c163f5cc689b11d1be384fbee64342412aa8e15df03f94cc4c53cc6630e940c73c3a0ab61ba61a5139ff10510904aaa44b77bd078775b1dc4766a074a0639e1d055b0a75e5486283b5428482555204bbdf3f299898abb8cc5007302b8f260ee6371c787b5b199f32287e5b87c89744371ea3f5ace0b6d
3552845d535c6d82e910dc3da05fcf32982792e6b3a120f33a8ff7c5ccb1246f2009a7c11a5083874563106d430a609e4ba72e84501e01ac4bc0233632379004d1d08d30aade79d154ee4325304f25d1874231e6751fef8b996212d26e92faf065c1fbd037442059db3dc22c18635c69503d7cd1bc6c3ff5
0f24a897d6a0e393ba2525d1fba32116632aa44be4c483414e2897a80b7830ee3130165e3f91505583b605acb0198caa9133b311f06ededffdb8638238771898091f1fd0ff3826dee201732cc6554897c98902829c512f9216ef04fa83b24e7c3582479dcdcee1654104083ace696345c0d60b1c1eca33e6
07c7c8001cdfff107c800001cdfff13c7c8000041fff73c800000041fff71f1f2000107fff41f200000107fff431f200001cdfff1320000001cdfff10f8f900018bfff20f90000018bfff238f900000c5fff5390000000c5fff53e3e3fffffffff83e3fffffffffff823e400001cdfff1240000001cdfff1
000000000000000000000000000000000000000000000000000000000000000000000000000000000000000000000000000000000000000000000000000000000000000000000000000000000000000000000000000000000000000000000000000000000000000000000000000000000000000000000000
1b15494ab60f4a929809cc0bc0302c363e6c7fc2514eb228d78a4935aea03aeeaff9c301a4126027302f84c0ae0a6027302f00c0b0a35e29255aba7e362a92956c1e952130139817c260572c7cd8ff88c29d5051af1492ad5d3f3b1f363fdf18a761146bc5249ad75014c04e605e01816146bc524ab574fc
252af6bcc9eeb5716bf6abf41fd1b40dc593f8396eb362172ff5b4886f610612502449565c41afdaafd0c146cf05afdaafd07f46d05cbfd6d2a5bd820a55ed7997fd6ad2d7ed57e83fa3681b8b27f072dd66c02e5feb6952dec106e2c9fc1cb759b30b97fada2337b10b5fb55fa0fe8da0b97fada54b7b04
2926f29f4468c480d814793378e5730b45b306e5f560711133e69b3b146312d16cc1b8755821444cf9a6be45191d20db2486ee305044cf9a6d2e518b3a48ddba135531b1b028f266f1cae62e906d92416718322267cd367628c625a2d98370eab0428899f34d7c8a323a41b6490ddc60a0899f34da5ca316
3ec9c0b4aaf87c1065eda30862d9303d9931e18c77f1201f637041482d7c2f664c78610dfc5007d8dc10520b5f2927a2df81de22007d8dc10520b5f0243213bcba51c930cbdb4610c5b2601493d16fc0ef11003ec6e082905af81ecc98f0c63bf8900fb1b820a416be124f45bf07dc43f0fb1b820a416be0
07e9112d45805c8092324f4b5d5ee422b0bafcacfedb63629bb4ffa153b128ac2ebf292fb6e3d8a6ed3fb6d4ed1ab8dce9cd22be518a6ed3ff4b4ec127d729df007d109124649e96babdc82d5c6e74e4815f32c53769ff84a76111585d7e567f6db3b14dda7fafa9d93571b9d39a457ca314dda7fe969d82
11a7ba0db6ba633247b48439c0e63c2c88490a9a13d730eb5bf03f99a6711b221242a57cf5d33ad6fc0fb4e99d3f5e48d12cf0fe73ad6fc0fe6699c43cb0e1c80d33f5808f690873c3cc773faf246894687f41d6b7e07f334ce2364424854af9eba275adf81fabd3393ebc91a25e01fcd35adf81fd0f3387
3df6cf5e5ac8fc52011817744d02ab30576197dbb15a41423aff9afe364628b62ee53a148c5010dbb0d4f97554015d865f7b2568d00a1fc225227821345b17729afa4630abeedac5e4043220aec32fbb82b471618edeb708f2892e4e3c785aa96201449e8228e664ab19e6350f338760823228d3ad4b43c4
1279c7e26af16330df1e4bf4db43741685f5b92bd41c43f29197cd77e768158b90b9048adb21a1dd2bb7a30ed31a17d6e4b37070f25f297647fbf1800ac5c85c82456d916262261b4b446b2d0beb7257a838829e212ae4633bbf2122f2f261c784f08abc5c2656b0b53118fa49d6dca4e2a6a2c7e5b4290b
34d3b246fd7253c327109485fc7f6e01d0193dae59ade285e94b5bbe95df1376c69016e4a7a23a88b0f10c7507074064f6b966b7807bdea5d87595b509bb63480b7253d058886f1ce7831103a0327b5cb35bc102ab3c47d9824d03a2a34ec6c9b7707e38bc5240937d167dedf440471af339b994972b233d
381deb3a536152c3e2c8bd68e3cf9b23512e63d8799bd2172bf9a970b44a2e53f97319dec5f14cd0be61f44ee10d44b98f6a266f2378c6e684a758603729fcb98adf6302aafc0c68cbfc2906a25cc7b5133791b7cfc60a60d7783b9eb7584a6f84e11029aa0cab2edd352025c4e4cbc5f013dd1143832dae
2e5b98f00f4faee253c49f370b89c30bf30a98b451ec12f52d8c115fdbba3946664c41436252738cd6bc420f712fcc2a62d147b042adbbff262fd0ee3ca333261e91b1323aa456c6c6be6017e6153168a3d8225600142a5131d0139608267414cb607b74b17176a4840501a21f9e7078c22e4588d2020e2b
2ec50c2749218e527febd51c5db2b42eb371297d062862b3397faf1875412d37e4137d4cbdc1910735812b88123acdc4a5fc58a1625dc95512bd8008169bf209bea65ee292b11cbccd06db1d66e252fe2c50b364b7288ce57d333dbab1f865b9132123ca41d3e47d722d9e6545379796c06eb32ffe8df17c
0ca5d2e12b295ad360b199608fd0fd27cd0fd03a4276c0865cb82fc71aae01bc5a18feb4cfb2ff173497c777621f343f40f149dae18f72faef392d8f20de2d0c7d4a67e3e8a6716b8f73530f9a1fa078a4ed705e9ea657cfdf260d6ce2b1a4b7d092ac4933378f44f9017f32017ef7f2b341794bcaad2bcb
13d25822c570081191dc153d36b4f5213e23533cf70c730437e45934a52e03a4ef5bd5bad1828379d4784f073804f88d4cfc1c31a31a8efeede20c6601d277adeadd68c198ca4f4006aeb7027c46a67e0e18d1363a1a7311db182a680009c4f55981d9295730797db232c5f249bf1bd4722217dfbab4dc02
3fc7c7c7e4dfff107c7c7c81cdfff13c7c7c7c9cdfff13c7c7c80041fff73f1f1f1f3cdfff11f1f1f20107fff431f1f1f21cdfff131f1f2001cdfff13f8f8f8facdfff10f8f8f9018bfff238f8f8f91cdfff138f8f9000c5fff53e3e3e3e5cdfff13e3e3e3fffffff823e3e3e41cdfff123e3e4001cdfff1
000000000000000000000000000000000000000000000000000000000000000000000000000000000000000000000000000000000000000000000000000000000000000000000000000000000000000000000000000000000000000000000000000000000000000000000000000000000000000000000000
1fcca05eeaa6e3f3d32da7fbc1c8373cca05eec74e3e91db15494a992f4b3f32817baebb8fb34cb69fefcd20d91f4cb69fedff20e36c55252aa6bd2b3f9940bdd54dc7e3a65b4ff7c5906d39940bdd92bc7d13b62a9295325e963e6502f761971f52ed8aa4a52b97a63e996d3fdbfe41c2d8aa4a558f7a55
18739fe151409c2030d65c04b637a90739fe152cc9c1a2652af6bca4ceb621ce7f8549227070c3597012d8dea430c359700fc0deb194abdaf3173ad630e73fc2a281384061acb8096c6f520e73fc2a59938340ca55ed798b9d6b039cff0a9664e0d132957b5e52675b2186b2e023a1bd532957b5e62e75ac
0fd7d59fda824c61ec03cc43956f60246a76b5ac0795425029179e0bb32f091a9dad6b01e551940a45e7726ccc11709870c868580140a45e78b2ccba1fafab3fb50498c3d80798872adec008b84c3864342c00a0522f3c59665d12353b5ad603caa328148bcee4d99822e130e190d0b0028148bcf1659974
2187f6dba2dce7d32dc8032443fc9016f1230c1e2819409d09720230637105bc48c3078a065327425c805a98dd34470c5ff162af827425c808c18dc4030fedb749d9cf925b900648c9f91f1a23862ff8b157c13a12e40460c6e20b7891860f140ca24e84b900f731b9288e18bfe6e55ef0e84b9011c51b87
12cb3a56e44bb282c2a329f9385d0028d0577b9ad62ec269a95fdfa335680a3415dee6b58bb09a6a57f7e8cd5a237aa054848eb6c1a6a57f7f10d59e259674adc8976501854653f2b2b9ff11bd502a42475b60d352bfbf886acf14682bbdcd6b176134d4afefd19ab406f540a90d3d6d734d4afefe21ab3c
2d567aaf1ce415503ba91e86d5f8d433ec26da6b29e5202aa5950edacff92cfb09b698ba79530aa965438533ff372e1b3a614548d0aa96543b6b3fe41aacf55e3de82a9077523d0dabf1a83b970d9d2e92a470554b2a1db59ff219f6136d3594f2921552ca874c67fd2e5c3674c6aa9191552ca876d67fc8
2aaadd236d7365114b4c30be2ce4201ba195b126db3bb1e57c9438364d9922b0c3b8d96f5ad139ac15fc36fb292e8656c49f8ceeb29726149a02d56d315861dc6aa7ad7340570d5961c71d37432b624db67762a81207f179212f304536d025b063e3963f4c776170553437d5d980766c334c3578974dfe5b
3186500d3ccfa2e071d5bbc2be4abe2e18ad28f82b23911e0894ab665c091ed1b31589687d43ecbaeaeeed2bfc3862b4a3e8ec8e230d0569beefc4070f68d98ac4b43ea087d105b71152ff1c315a51f4764710f50f249ffe25022cab42bad93ca2512077da952ceb062daeb5c845f4df30025aaed3ddce18
021f6dbdf71303308973d454204bbb0b327c7d7bb77a30ac1d483b675ab91726bf2cdbc2d763c415b028d5a63e2cc9f1f5eedde8c114ae995694a91f0b935f966de16bb31d4eeeb8ab1bad1664f8faf76ef4614f133606e90c023ef5104c55feb6739152bac1d2f5eb219107f2af557d606b597b93ab4a10
295eb750138022c26619ba9faad9ab21d47f610f40a5e24c3bcd1455555018c37c0492fc3dc35a14b33c8c77230751fd84454297604d0634307bdc770c61be02497e1ee3b19e06d618104a03a8fec222a14bb221ef6ce02a19841acf3b43aefbf5e12ab193c21d7f60293aadae9b041671bc5bac9aa835de
01f12a61f51df3b12c4c11ddaa013406cb920b5b3263807da4b67a3f52ce082421d60640d1a1d5aaa15679ed361b2e482d6cc98e00cf98a8c929ad40041210eb032068d3ebb33c13c1ad430d972416b664c70166ee68fbce1ff93fa0b1b972289b633fb046a5a4600f1bc5ddb4d154345271fedc17b3c6d0
355e33c670863b915a66647aef8c642d8debb8db9802105ae275972e104515e07c2294031dd0faf172fb30eed33637aee376a00820fc6d2cb28fec1a2af03e1147f18ef047a63b79f0ba3b1b1bd771bb500412b409145cceb33c0278b50aab62c0f3f79ebcc7ad4af5247239c02c266441abfadf3df0c9a1
265a0f9813611da00a26ce490437cb2c7685052232dd931db006b371879c2489e593fb02fa41a4ec0838d3129d31da1414910b7623ecc034fe66e1451244f2c9fd817d213b90db3c3640f018ed0a0a4885bb118d45435f66b9011e301bc98f9445f3f7f2da79647b7026cadba8be7b2933fc13bfe94a9336
35a23afbcec209e07226f035f831e7181e6e2e363c896108e593e444745237f0b65f83583cc204a5405b12fb012079b8b8dd1225732d45bd199d48f81bf85b2fc1ac1e635960053147a89c303cdc5c6c7912c13f957988ef796100d9902f50c4d150db802ef601654429c849218527bc0247855c122b5526
0dffffc7e8c7c703fffc7c7e4a7ff11ffffc7ca9dc7ed3ffc7c7c995fff137ffff1f401f1f03fff1f1f3bffff13ffff1f22791feb3ff1f1f20edfff11bffff8fb08f8f03fff8f8fac6fff13ffff8f911b8ff23ff8f8f915dfff12ffffe3e635e3ef3ffe3e3e5b1fff13fffe3e41143fed3fe3e3e400dfff1
000000000000000000000000000000000000000000000000000000000000000000000000000000000000000000000000000000000000000000000000000000000000000000000000000000000000000000000000000000000000000000000000000000000000000000000000000000000000000000000000
39dbeadbd209cd122cc992fff3a3092716623fec0beab374d3f99008dc62276fab6f54873410b3264c00528c221c5988ffb86faaa17f32817b9a1b9033b7d5b7a8339a10599326002946110e2cc47fdc37d552e9a7f32053b8c30edf56dead2e6811ba69fcc8046e3138b311ff70df5542fe6502f7343720
25dc0d6465f6731152ba71038c5d71146921c413d815e0836c46af712b2117703591a019cc214ae9c40e7375c311a487105380577261ce7f852402710bb81ac8d00ce612a574e20718bae228d2438827b02bc106d88d5ee256422ee06b234033984241b6235797959123490e20a700aee0c39cff0a8a04e1
08faa95df3ac49c30f626aa5301231240ec17a142e8752b6afea10afbd8215e65b79f9fc5312adabfa840aef61103b05e858fa1d21a356c283a7df8a2af32dbcfaee29921ec4d54aa22461081d82f42c7d0e90d1ab6141d3efc5320760bd080743b15b57f50857dec1387b13552770919346ad85074fbf14
345faf207cbd6ee26b03f5ccc5a2802f3ed64035b5bcb2402bb03192e52d14ff59e6e81fd1a3900aec0c33394c3cfb5900df16f2a10d21163854c7cc0a7facf3740fe8d0d607eb99cd44ff1e7dac806f8b795086908b1c2a63e6379f6b2018cade632015d818a8729713581fae662d14021a422c70a98f98
36810e4837720f1113930a31c8e8a03c1433fabcdc73a1a9444fbecfccb616839bbbe05e26426a5113ef92f32e3050cfeaffd1ce52c42bae91545a9f0b41cdddf02f13222726146391d140382867f57dd8e7336215d748892d501e0a19fd5e6e39d0d4a227df67e65b089c98518e47450188575d22eab53d
0b930abaddc5b6c0591ead73514ba327854c6304f73193d161977e9e1fa23c5074e92acbaf72f45865df8687e91e15318c1c1cc62051627eb7e339fe3e283a749355d7c0b23d5ae6a297460f0a98c60e0e631028b13f5bf19cff33c2a631806b98d1e8b0cbbf4f0fd122c8f56b987a5d20a2c4fd6fc673fc
1937cb9d592640a0099f00aeb79c0c2ca9f57ff0d7d1d3b823535a9525c73b2a7d5ff91df48005686e40d0f4f000267c02bade703331a4b9d781878a37810e0178bb8852a08b7c59596f2b3635c9adc82fed037046a6b56c4b8d3654fabff65be8f2e7e9bc026c6fde004cf80575bce061e6ca795ae5582a
1d7bcbe8df6d0150eeebc2bf65f89734d8ff0d76a9ccb2f9f73c9b4590b41d363fc35ca27332da847da95618d513bbaf0afc8fe2635183300bec78713191fbaba3fd5cd20f42bd77cc34fe1fbdcf9b4a256801f3ee7936cd21673a6c7f86b944e6606e06f69c1f9e9927775e15f91fc4c22fb382c54dc69f
38ad2d63074e530016b8c6a6e0f18c0319790753372db3da464e58c3dd1910c65e41d3c5cb73b2916fbf862cc3005ae31a9b83c63004aff43fff39023b13c673d138f013ad9f4ce0a8485a22e8083d3b4ec3a3b48c9cb1c9ba31218cbc83a78b96e35bfb850f68b01500b5c63537078c62158f1b278a6cd2
036bd1b543283712e7295e73a0c0bb0c66d738992f1fb3773895b93cc8e31319b5ce2543c7f1889329d8ff7cd21b9ca579cd7b02f270269eed828069100be7eb02e63c2024e792867b92fa37c472e344f03872ee712b72bb91c526336b9c4a878fe09a9e26697e688837394af39af605e28639d124dc49a4
3d2c65b71ccbda717d48a51c47101c17c6ec4b3285f760788f8fbfcc466025f1bb12ca917de2fb894475e5980f05f52294711c407146a784234954dc309f5fc07f3b6a90a3fc7499540eb2109714245279f590f11f1f7f988cc00be376259942fbb262b784f35caa7a0bea4528e23880e3d9b6d50bbf3270
1d7ff1fdf0b89b92118fe171fb26113f9c97aa8e3859c11762a93c0dc8250fe725eaa38e167212033316408d9d38463f85c4d49853ca465ce86dc3b231cb9f7b64db6900a2f203508be6e0228419268bb04b122ec552781b904a1fce4bd5471c2ce2224a8f5b35adeb308c7f0b8dc93092abcf899c29e884
13e1093de8317013d30e5fd61ab4a5279c2484c368e6b2f97df02be08d2619e709212fd239b21a2e68971b1d973f4c397f5552d2a394e054439f442322b09bb509f3d8f374b187b2f32579192c7789323ffe81f2fbe058031a4b33ce12425fa473638642072677e4f83e9872feaec5a53189dde1c47a3408
1f8aa369697b5352f15be0c2b41c241e46c267c7212a920df15dca66e56a3791b099eeb04ab1e3f25917473cd10bc56f830ad07090ce1f398bcd6001087ae2f8f1f34c43556a4688fa01351faba621abe20b901be2bb950fcad32f236133e1809552f5af03eef50a5f178adf0615a0e120162caefe63c7f0
00000e0020c7c70000dffffe8c7c700000e0001d7c7b800dffffc9d7c7b800003800201f1e80037ffff401f1e80003800012f1f10037ffff212f1f1000001c00208f8f0001bffffb08f8f00001c00019f8f8001bffff919f8f80000070001f3e3d8006ffffe5f3e3d80007000004e3e3006ffffe404e3e30
000000000000000000000000000000000000000000000000000000000000000000000000000000000000000000000000000000000000000000000000000000000000000000000000000000000000000000000000000000000000000000000000000000000000000000000000000000000000000000000000
0537e7af0f4741004ad168367bdece084ad16835f7ded3f9dbeadb9429ce3212b45a0a65f7c2fe76fab6c40a74212b45a0d7df7b43e76fab6f16a73519095a2d0532fbe17f3b7d5b62053a1095a2d06befbda3f3b7d5b76a539b242568b418ebef71fcedf56dca14e702568b41b3def673cedf56de6f4e69
3ac7f808e4d8ff13b32a174d46253337b32a1749ec2543e5dc0d642816740decca85d27b0950f97703590a059d1ecca85d341094d3977035916659cd26f66542e72d84b27cbb81ac6402cf2f66542e97f84a73cbb81ac8922ce71bd9950ba4f612a1f2ee06b2140b3a3d9950ba682129a32ee06b230eb399
2f77f41929eb2ff27e93314b1f9e50377f4192cc12fe53e93314b44be4f73ddfd064afecbfa1fa4cc52d02793e0b0f561d0199e0f0d3a755b5e8b55a1eefe83257f65fd0fd266296813c9f2efe83259c45fc93d2662968d9c9ed3bbfa0c963f97f33f4998a5a04f27c161eac3a0333c1e025341ff4f9f558
04077498a4244232bb2de4ff30ac220077498a466422f3b2de4ff59ec216101dd262909108c2ecb793fd46b08606314b886dfe2a828636e9e1fa2e69080ee93148488461765bc9fea3584300ee93148cc845e365bc9feb7f842b203ba4c521221181d96f27facf610b0c629710dbfc55023a6afa75be7c38
0b5d6045220146b3921ff7729fe1ae35d6045228546ae121ff772d9a1ad22d75811488051ac2487fddcb4586b51303ebe959440cd0cd4032abf1452f16bac08a44028d63243feee581c35b2bac08a454c8d5b243feee5b3435a41aeb0229142a357090ffbb96cd0d692607d7d2b28819a31c9af0cfc1ffb6
011ff6777d50c8c30015d95a61ebfb11ff6777d50c8c00015d95a936bfa4047fd9ddf54323000057656a4dafe91aeb4e0d93644852d69b53c0e7dd0b023feceefaa19182002bb2b505d7f523feceefaa19180002bb2b526d7f4808ffb3bbea86460000aecad49b5fd235d69c1b26c890a07f3980d1919aaa
21a0426c75f0c8b2f2ce7e397d35f60e685017110ca4636a8c624f2279521dc845282e8ff4a13fadb04ba3a4f50aac392e5fbff64382696ae5aaa9382f62fd31ff452fe0a7c4820472a5d325d4f73517dd30b3c9225f515527f527b302a9708387c3bd33db0611100238154e8fb3e6e5439b2c982d451ccc
111229eff0664830db3cda9ae2c25c3e5f5998031a98d0482c0448f0ec591a2199de5a8a5850ca828c551a1ce93b6dfb7f5eff3813bcc50301fa8b082322091bb4e6fb71c65508f3072b6933c839ec37216b513f7644499862783540e8f8892f1bb18529c4ecf293213ceb23015ca7e23328729997d0259e
062720147c4ff72355f47376d8a1313692d3a631e73713c01c6614e18d7003097731a1749d83fea13bd6e9d0d23e2271d5adf26d92109e407c7174c637d32005ffc3f5e16436e4bea782da355f9d580812dde06d3567116b54d43197ce404a0d42a144f479dda3612930fe0808e7deb0a38df838f1198cac
3b336e6116f07c72b9668a9b2c01db17be5f486b94ada2b7ae06882e18951a826b5c29848641c0e547e94a30b50a9bb7dd9d193d31db2aa95abe4c7c2303a59c985446f03c99a2dcff38973b104bdd500ea27249bc539598467b21a19f92b95c5aa0b7fe022c712c870b8da4435f0212a31abe97d994d456
0f90c2cd2ebc92b1d640534418f15820086772655b82419acbb0844fe4ed060f16ee3a7c5c33d5c208a85c66770a00209eefd42812c6c80bebcc73f028057a5133f27d703abff1f5db783029fdff298e9e6361b342f397727eed150222934b7210731d44c5e393376c13aff174398bda1220d45fdfa444c1
17762b827d77bba2aa0f2a2af2edaf2ec5999faf33339398294d21502add28ec74bb8696d3a3597913c519350d0cc000d327e3e292a8846571ae36cf38e834b92c7815e1f3dc2f994065470ad1fac4ff2e9d519b61d86f8ae6281bd4c72b42d645d213344c475be02f19c273acc2d41981ec9f85bf863241
362ad099f9eb1350875f0e08cb387629ec9b30659be0728986acde63f6630d5192b811ee6f8167e13d250b03ff30411a110b2e067031f9e88708358b35d72e66d68f1591a6d6ef3f7fffdc274ef213553ee1010be344f07e98a22424b2a30275ce0237a9a71c2c790e33695d7b13f1a183cd9a0eac20a0bc
18e6c728f724150372f967506bfcd90e8495697ba1f80399e61d40cbe92716d3239c44d6dc00ff660cc8b85be233869f4289cdd5013754ba46c6164b102a586791b7e580cbbf6ffb50f5691e84163ab4336202e7b6c6ba36d29e0c03114e2d1d738018ff78377bbc0b005891d3f4bc5e42bfc0e0f9f31d09
000000002effff00000000e20ffc700000000100fffb8000000e020fc7b80000000058fffe80000003820ff1e800000003a0fff100000038020f1f10000000003cffff00000001c20ff8f000000001e0fff80000001c020f8f800000000090fffd80000007020fe3d80000000720ffe300000070020e3e30
000000000000000000000000000000000000000000000000000000000000000000000000000000000000000000000000000000000000000000000000000000000000000000000000000000000000000000000000000000000000000000000000000000000000000000000000000000000000000000000000
0f67f30b0b7262234b8728037df0a62b4b872800e9f0b00537e7af0f47411ad2e1c9ff327c33014df9eb9251d12d2e1ca00be7c2a014df9ebc3d1d042d6970e4fd893e2380a6fcf5a828e916970e5005f3e1500a6fcf5e1e8e8235a5c393fe64f862029bf3d766a3a11a5c39401bef853029bf3d787a3a08
30980cf4d02595f0b478d5f7bf935b14b478d5f6759363fac7f808a6f900252d1e357b8d64e0feb1fe0229be4012d1e357ddf64d73eb1fe02361e3fd12968f1abdc6b2707f58ff0114df202968f1abeceb26c3f58ff0118ff1ff0a5a3c6afb3ac9b1fd63fc04537c8025a3c6afbbec9ae3d63fc04705c7f9
3e93ca68ee6ecb103bf82da3135013293ca68f24ccb013bf82da313501303a4f29a3c61b2c10efe0b68c4d404c1204ea0e6060a801cf3065e1e8e33b3d2794d1e0fd961077f05b4626a02612794d1e4db960137f05b462ac025f349e534790565811dfc16d189a80982409d41cc0c150039e60cbc3d1c676
1d9f6183817530f039fc92eecd97bb19f6183834330e939fc92eecd97bb0367d860e09f4c3b0e7f24bbb365eec2c2c86402959d8f2c46711a972c8a93b3ec30702ea61e073f925dd9b2f7633ec307068661d233f925dd9f4f75f2cfb0c1c18098751cfe497766cbdd818590c8056d3b1d188ce2353279151
0f402de150842d81bef9ba5eee4e9e3402de1514a2d7d3ef9ba5f070e9da3d00b7854210b602fbe6e97bfb3a770bb752f50a7dc093792c41cd42cd7d1e805bc2a1085b037df374bddc9d3c2805bc2a2d65af93df374be123d3b33a016f0a88416bf1f7cdd2f83874ed176ea5ea14fb8122f258839ac79af9
148ca62ef6c64821cb115105d5e1ad08ca62ef810481b0b115105f2c1ac9123298bbdf3920732c4544179986b336173bec3f241f23f32f4460618caa29194c5ded8c90439622a20babc35a1194c5df02090361622a20be58359224653177be7240e2588a882f750d652c2e77d882683e33e65e88c1051953
06ad683a5b138ad3c52b5c6fd158621f3aacf54658c6d398f85bf9c187b031fcdc5fbadafd4089212925362ea40df5aca739107ff37490fd0942f50a397d48cdc56ab4324c7e3e711aeaab0779b0f186957583c2362863214dde101c31188d3998f3d469d7db6097313ea835816687f8a114efbd4250599e
1ecbcbaa920c8570755884c374962519f975422dfe6c922953f5c690c3af110820c8e5434d4332f134f71f6c0e29d66a28024e8730c459290f2a5c0a3e954c90f83375f0fa8c5d442ad2fb2afc714088c912e3c340574fee4afa230df6cd9ea1059275bdbdabc27ecc19bc0052a3468071e9a51247fd4f36
1e2778b530acb7f35b7e7ed564add136985db1907343b2f9f51340315955230ad9b47707a0b014c969515c03513e389a032822a012254680cf2abe6927d3d1476c9d77716f4afb7bbf9c1a356ab16ec52af7227789873aa6f9a6319a9345f95348f2e1e0d0732a471c312a5863dc3f15a3961f4776d31a2b
3ec81b03d3d1fe800430b66d2222cc110929743dccce928b82fa3e0cfb3928d51de71d0a8e82ec0df7305cb47c2fc6e08ce1d9c100e82f94b762554e2a2cfee212174b12d22dfa80677a7b2da5e034f47ee451d03ec943ea4ae43e4704a8a0686b20a1e87c07609dd915e3f5a1eca31a3135c271f111a420
24ce21b783e353c1ac2ef8ac6f020333de5617cc6792f132b334bf4f45a11b049297933760632d7c9e49b4a9231957db3490246ac168b50052a1787612803825e25fff83e69d3cc645998711a9dc7460d684b104396dcadd01303eed19e5fce818d2e938880112e7c6325f669f7a2c5f72cc65040ae1298b
31202d90947d20314a300bb5d736480965ba813c697c20192ed2daeedc190f947cf3eaec65c1d9fc99f068577237408459505d05017f54f0b1a6e1ac2c3c38d55ea2def3341df2aec6f67a00123c88157b2e8306ca1e0f663b972924d79c07616a2053b70f242b38cd2ec37ab917e65e5302d101ca7e889e
2868f32e93f7abf06988579b66c2ad0dcec479fa056aa30c7e92bfc2d593164a1d0a7600d210f086636f792cdb3fc9bf3754942f50bae51ff6993e961a5373900aa846d16b298264b7144a2f1344a679f1f5735058e0a8261d283615c747ca9a932279259a0cdbe8a6127aa7c7aaddf332a43cd57cc9d677
29eaa010daadb493b087e59a8df5951ec223e7c4bbf0c30a00874b8563c81ae2873bd71d5a31f5a005f1403ed2347cd93bb255b7f3bf46b6f84dee6e32320a3758cb24a146dc6c8f94e6e13eff3337466753822bafc5131bbeaf1421d88d51aa6fe1d10cad3cb7795c024505c645cc24211342a2deade820
0000000021000d000000000210dff0000000002100df00000000021dfff0000000002100370000000002137ff00000000021037f000000000247fff00000000021001b000000000211bff0000000002101bf00000000022bfff00000000021006f000000000216fff0000000002106ff00000000027ffff0
000000000000000000000000000000000000000000000000000000000000000000000000000000000000000000000000000000000000000000000000000000000000000000000000000000000000000000000000000000000000000000000000000000000000000000000000000000000000000000000000
3fc75af87a3e33f0079009ff97dfa022a87b3038828f138f67f30ad1b2631c50817fc6c1c2401e4027fe5f7e80001e4027fe5f7e823d9fcc2c0cc9890e2840bfe360e1200f2013ff2fbf40000f2013ff2fbf431ecfe615e564c538a102ff8d8384803c804ffcbefd00003c804ffcbefd007b3f98585b9311
1038a50781a1ac23f86ff600241be11d5784cfd3db6c4070980cf4cc059623af7e80393dbcc3e1bfd801566f813fe1bfd7fd786f91c26033d330165811d7bf401c9ede63f0dfec008a37c13ff0dfebfcac37d0e13019e9980b2c075efd00769b7973c37fb002eedf013fc37fafff10df1384c067a6602cb0
128fb422034c97824cf17910e2520d05844ceddadf938086afd87886181a18431a85e60731e053814466c1faf328fee3e5a69066200b9fbf211bf1a70c218d42f30398f229c0a2333ffd7a0b0899dbb5bf27029d3d61024589952c320fac77a0c5004357ec3c430c0d303d7918dacbc110173f7e4237e34e
18051011df47be82e7f4e37503d862304b949e4daf1461ab5ea64434a4451c93a2e29874e3a3d7dd64232002eb3cda2d19ea8eb2a32ac6c554e80c640e49d1714c3a71d3ebeeb2116f01762097293c9f7e28b172c237afd0993c0c14f5f3701bdf52d5af5321f9522320b67f32c5a7cf22558d8aaa1218c7
2324198eb76d89f2ac20493145f7842d48808e50debbb3c180e920cab5181011039fefc03d7278774e74ff3cb139762798a0288d2288b7783e0d5918280881cff5d01ec33c3ba73a5e9e591a91011ca5dd775166fce719aa19800d345711a46e6281e0c07490655a8c0bea2a326ca6aff1116ef07c5cb22f
0f97223d515adfe11ef95a4965d4f231e79de579fe93a20c70981fbdfcf730583ef791b6ab115c2a090114a10e34b0c767b528360240e2033e6862a7382c1f7bc6cb5590ae1504808a508723cf3bcaf81d27328903802d3aa0912504a34e7bfaf49306384c0fbdfe7c0b21dd81f56576d081c4067d12c54d
2e9a68c0c1f4e9d037a79cfa13b1671f1bbf786f7b0770d2b5ad396edd593807fbcd877d2833cbf64daccb41f435a05e86c1d91c926dea16005e036b1d34d1818809d390c066a6608e533f2155a042fc95c5737389455103bf492f8ddfbc35ad83c397ec9b59d883e734a65933a2aedee03d58ebb1796faf
08d6f635c9a1b1a0c9cf7d481bd0351af57ce22099e740c7dc66e80790bf1a6b7eed60a468b313acfc9155856733cb5785f8e0d7d03e0f5525faa74511adec6b93436340fd45382e89d60d3fdf2843e881ffd0f075e5d59a3e690d7abe71104cf3a22759f922ed0acd228538452f72a8825772201d0a8120
3547e3c447a68da238289257053a240fc4c0d7f57dbbb152a79e7e8bd6c7140254c9353e82f0706280b322e8a83f364e1acf46ff02e2812b6dd442e92a8fc788936d1b310be7df8a3438e902d46b81561b0f2070a09fe6a7b41127e2606bf8aedde0e0c5016645d150353857b526182ff256220c7c970031
26c882a975e8c330a196a8063664b41e28d7b50df3404368e6796a54e25130e8fa8f94c6b7515a899942b66f461f68102579232301f154d83aad943b0d910552eff18651d67198143626481d5aeaf809548770c13939f656e4310f146bda86f9a022b51332856cde8c3516b49d33c9fbe35267d706d7b031
2b101907c0752fa3a488743bc80b4d13c049d42a6b0e30a3f58fbb0adb062f9f4caa754202910d44cadb5343cb283c75ff78d616c0afbdc50996522a1620320f850a5f32ad7a2d9bea51f50677581a6b881583587ed854aa967a29e024ea132587221a8995b6a6879619ad307f7261fb91764ffb5dab5f93
3797ccb79721de330384de0c0da53413d3ea2b6f374533145eacc41a16f6065694b12e123d1344c7b048d4cf0c0f2c5df2cfed04904bf588f0d482ef2f2f996f3263bc5173c5741093ed85045cea85776ef2b05d6bf69f28276529e9f515b58ba2a2898f6091eb9e17281227935e565361d021123b57b3c2
2af26b3192c1d1608ddd1eb8d252ce095ac6195c300bc35a0948f1b90ae5075546ce49ef49913f396fddddb81c1d75b46806a6f4431fd3685f036cdb15e4d66329a3a2b0caa2d1053db52908c15db31111e653535579de28f8dc04ad630cae1805e27e72dfbbbb70383185cca9f27142d2362dea219a3b3c
187e94556e66b5b29989e500faea9200bcdbaa087fc481422cf8a901c09411c0b86d092baf306ed55b52dc4eee09c20e032a7213430f54836d78cea930fd28aadccd6b61c96d8c63e59f7e1e5b9601f35fd290b63c0673dd7c8f005e6dd5043fe240ddaab6a5b89ddc189592cd1b532db39b616a1da9351d
00000000083fff60000000020ffff00000000020ffff00000000020ffff80000000020ffff00000000020ffff00000000020ffff000000000210002800000000107fff40000000020ffff00000000020ffff00000000021000080000000020ffff00000000020ffff80000000020ffff0000000002100060
000000000000000000000000000000000000000000000000000000000000000000000000000000000000000000000000000000000000000000000000000000000000000000000000000000000000000000000000000000000000000000000000000000000000000000000000000000000000000000000000
0d54262a0dd677414262a0eb1173cb154262a0e9c773d07fc75af8761e34355098a83759dd001ff1d6be1d878d15098a83ab3dcf31ff1d6be1d878d01aa84c541bacee8284c541d622e7962a84c541d38ee7a0ff8eb5f0ec3c682aa1315072d3b9f03fe3ad7c3b0f1a2a131507567b9e63fe3ad7c3b0f1a0
32abe9d5ee0988d2be9d5f14ac8c362abe9d5f12188c439038a50747e1ad0aafa757c4862313e40e2941a0786c2afa757c50a230e240e2941de586b12557d3abe03311917d3abe299b186b157d3abe2851187320714a0ed1c359155f4eaf890c4623c81c528382f0d715f4eaf8a56461b081c5283c0d0d61
3859f20191a2c3803fb8beda5f3509059f201953ec37204f5eb284e50bd42167c80652eb0dd0745e4f7eef204c06868f6e3ec98b113d7aca13942f5030b3e403276586f03a2f27bf779026234347b71d54c5909ebd6509ca17a802cf900ca9f61b90e8bc9efdde409821fdc5f6d0e9a853fd101f9dffd3fc
0d2fa9e6a1b6293291d439c7501cde12fa9e6a27c292d3c218da472af94b34bea79a86d8a4c0a506ece568b6793ead5501e2a8a8f30863691d71e5291a5f53cd436c526252837672935b3d3f56aa80ef4454838431b48e97f295297d4f3511d149714a0dd9cad16cf2148ea1ce3a80e6f0e2c9ab899daaea
30e71106418050c0e83d0d143a16570e71106449850b428f13459e39ce97039c4419126142d1433e2e8986165009ba32883b1b7de23c4d16796b3a5a21ce220c8720a170a19f1744c30b2804dd19441d8dbef11e268b3cb59d2d0738883224c285a2867c5d130c2ca02741e8689fc0b2c2f67fa17af6ff5c
0572706182e6c2b2780afa4992979417270618328c2af07cc52d9574290b15c9c1860b9b0ac26ab095115c121e29d93d078ab24d81f314b655d0a42c0ae4e0c305cd856135584a88ae090f14ec9e83c55926c0f98a5b2ae852162b93830c17361580d5612a22fa243b13c057d24c94bca11426935c6367c2
393fb698c312a430e4e746e8abd240102a69499b241a7313acb49b3778992c31d607c9321f41bcfd83481c8ace2c7875ff3c3dc8b20a2fb613694b562050fb299b0da8203f92846ca9625b34325a3a22e49663ca35dfbbeac6be1e9f2515a978b6e389d65a4d7abc4d18f0ebfe7c9b915246418148ac9215
06f41183f6f87cd21b7f6db160a4cf002470339c8276233de486b3f48c3d20c193710eb7f1206e655ee472861b090e41d79b94be11f204820245f406397802bc7ce7c8b03f205950da16663f4b2b2b60ca8142f4f1820a16939f08e8652e5726a4e39ef24359d9461f121c83af37297c20834bebff42cb20
3ce40a4815ce06607031930926dd2421e952205f9b7943143ef6f0c921540b02bafdded9d991602976e8ffade40db82b9acc6ed1b09f0fa772562a8239359ee9316175b20c3bba5cb8f72f184dc463b812eae1b99b8993d476ce3b4a25d81e685e518a1f7b786490aa1b70573598dda36372cdebfb1c4e81
3a3ae7d2d71b50a356a2a85c5cff27279c574633299543c4b8de09e4b3cd198823fb564087e29507389a0e8cb722e730077db17f031288334e29fc240d0d4cd12a4d8f72af69e32018e0cd229be5b2041fdc518831d073868cd2140641e35fdb0223e25c6f04d159e705ce600eff82fdf035a41f7b6cd8b6
218069982a33fa712097a03eb167b20f820b007af276b27192b30ef5a4b0335a8874822860604c85bf22312437188af9324ed241c0d042d9a1bbb7ec09bb22f0cd7f9aa06d628547cc5cdc1620214a1f6b95515207ca6ba9153a266d4a1074883a1138c959877ad2583115f2649da483838ff1fa64a08f6b
198996c01f188c816fb66785bba45125908a35eda05ca04827d798ee875e2ca92fe6c7ec2df3caea502f45d7183032343804810f0079067c51b5bae812f77013297a4412355415b92f3081012536b7add81a92918f9ad1dde98514bbe3054e951c702413ebcc7743af206468700d221df2bd5e5b8cb97c56
36c77f9461f4f15352cd7b76f3cb4026b5ee1316b85390298f2ff7302db038374a2c9eb20a31177d7b50b08d9024665d0a3c10ad7392b40321e4836d22ad52884c247f30d7cb273f4d0e4003ea4ef352f7b812b041e9686085d6085b22f9011be5d014c797fb9816d808ccba147c415ad286251e499623c6
1ba27f763b94bab3c143376d6777c416ce937d37b3dd32abc7dfc0f5f1ce09619b70835f9ef25ee58e5927b4fc1e64c8bcdc73b4525ca13ebdd939c22a21a4087d928130225917d9af585a0f405ce4d017fed0de674adfbe68772bd98ac6e4d959b155e3efe07af8e73cc99179b8e768a28760685a1a781c
000c7fffffffff80c7fffffffffff800c7ffffffffff8080000000c5fff50031ffffffffff831ffffffffffff8031fffffffffff820000000317ffec0018ffffffffff818ffffffffffff8018fffffffffff81000000018bfff20063ffffffffff824000000041fff7063fffffffffff800000000251ffef
000000000000000000000000000000000000000000000000000000000000000000000000000000000000000000000000000000000000000000000000000000000000000000000000000000000000000000000000000000000000000000000000000000000000000000000000000000000000000000000000
26230d5423b4cc6230d542627cc5682230d542606cc5730d542629dc5678188c355097133160c355098a77159e08c3550989f315a0355098a83759dd0c461aa84b8998b061aa84c53b8acf0461aa84c4f98ad21aa84c53faacef31186aa12e2662c186aa1314ee2b3c1186aa1313e62b406aa131506eb3ba
19dcf2abe82b33b1cf2abe9d413a991dcf2abe9b733aa0f2abe9d5e1a9892773caafa4ccceb33caafa7546ea63373caafa71ecea73caafa75786a62433b9e557d05667639e557d3a8275323b9e557d36e67541e557d3abc353120ee7955f4db99d527955f4eacfd4c52e7955f4e7f9d4d3955f4eaf4f4c47
34f23859ee97f8b323859f1fe58a2d0f23859f1f1f8a323859f20170a2c413c8e167c6bfe2908e167c805c28b13c8e167c7c7e28c0e167c806468b0e29e470b3e14ff152470b3e400d14591e470b3e3e3f146070b3e4032345872791c2cf8d7fc5211c2cf900b85162391c2cf8fd1c5171c2cf900c8d161c
275b4d2fa75d4021b4d2fa9e4e016335b4d2fa9af401734d2fa9e66c162a1d6d34bea5b50062d34bea797a058b16d34bea7830059134bea79a7658a50eb69a5f52da803369a5f53c9c02c62b69a5f53a0802d29a5f53cd1a2c533ada697d4b6a00c1a697d4f3360b152da697d4f0600b22697d4f34ecb14a
3ebd30e70cfb1313d30e71102530062bd30e710d91301130e711063100513af4c39c404c4c134c39c4415ac0152f4c39c43e84c020c39c44190601433d7a61ce1e162613a61ce2208c600b17a61ce21f42601261ce220c6200a235e9873884b8981298738882f780291e98738881298031873888320c0286
24f545726dffb45354572705e1446d0f545727051b4471457270616e46c313d515c9c03ed121515c9c184b11b13d515c9c146d11c115c9c185fb1b0b09ea8ae4e01f6892a8ae4e0c0488d91ea8ae4e0a3688e28ae4e0c2dc8d8627aa2b93807da242a2b938309623623aa2b9382cfa23722b93830bf63616
280c12a279c135215afa2b65d582f91060fcfe01119e32a99fe3c25e1458301d0e4e60cae3c26ab4e9deb06cd91170b7bc79ec8813a54bcb5114b2542246974ce6da0a63d8db774a9e7ff532f06c03f15adc927626e803f1a2b232688ea4b4ed67a1f850f43c9653b4350fe180e310b0506d7eb721a0dea9
08247455072784c2d7dea7c0ca716333c04e1b13de14e0957b08b95172b437439fe30738d4d0ca9787f29971a625b306fb46731523c1090bd3ef76ed24b908f57b383a82f6bf5438a575d53bf0bc8198c55ab271f8162971787802f76011839ada82dc31149c01765c1fd62e41fdef5b30c9141c5f3180e8
2f2ce2a503ff45938715559f18ae8b337c34afa850e5c07c35ffe8d6b179166ff30d8ce93263b81bde14317bee27ad3b381e2fb3238c9e873a6387a91eec3af10a792213175205ae590685278adf06531c627101935a41930c622d725bc2182cfbc3795f16988aa14b0fecec173ed9fd33226468e4eeb8c1
1942f9a463f1dfd3dbf75171d5169c1b686a50c933bac2330217c844c593334a7693a9bf0ba053c645e9b9d3333be039453ec67761aff15f42f48f1119ee761d540cd1522e76d02caebe521e3957761e908732dc8c5cd94c1c410dfd6ffbe3c728e31e14b91bf437821f28f55f0dd60061d66aebceabaf3d
1cc7314a494aa4b26426f449c3bdcd28a143fea7cba80005523a3e33f29d058c683b2aa47222b796024766952a34f4b30ca4a87f613c431a18a3686c32d412d41d9da3905ca8ec8c7a013c0a88383cdebfaa239eff7874d66ade045e80b5e0513e7103870887bfaff6232f1658d87958e20ce13829f7567b
29be02fbf69af630c4b415167399523e9924c4bf89f08276d0a1bac93dff2de9d68a8531284381ecfe03f6ba4201565dadb12d11624a5f3095d14cf43397c365060cc1438b2400fe329ff31d4e06f69c0ab5d2ef5d1a471fe94c3bef6a82233925610595d2d9bce1d122c878c87710f7b2967a37fd300736
24423a3327c714e1f59a80ab1c9c012f439b0398946a420ba787c349f1d519a8e729a59025f06069e87cd9ad2b05ae6a6b6ce57b60b89e04dd8f047b13662106cf938d10994fcb5e398e372968e2a7b12e37d0c569d98e9439df3e337af3c705af416eee9b0171b08c163e817755b05a221f56d3c2dc5f2c
1c97b30c58941bc343f167557efe0a16745e8afeac54810ea951b0d28a2201c3d558e1d8f3e206162fce368075293683537619d6f130f5d93b00b0d70652c0fcaedf2ba35a187cead96b563a0c17f9f6ef9d32ef8851a13e838710ab0595bd48dbf0de620ddc48702c1f90618ae9eaa203342160b59ad0f1
3e00000c841fff700000c7fffffff8200000c81cdfff10000c7ffffffff8380000321cdfff1000031ffffffff80000032018bfff200031fffffffff83c0000190c5fff5000018ffffffff8000001901cdfff100018fffffffff8300000641cdfff1000063ffffffff800000640107fff400063fffffffff8
000000000000000000000000000000000000000000000000000000000000000000000000000000000000000000000000000000000000000000000000000000000000000000000000000000000000000000000000000000000000000000000000000000000000000000000000000000000000000000000000
2f93e7f9569869e0ea6230d533474d393e7f9596e69d52a6230d53fa74cd3e4f9fe562a1a763a988c354cd1d3424f9fe5667fa7512988c35506dd3321f27cff2b150d3b1d4c461aa668e9a327cff2b31ed3a914c461aa836e9993c9f3fcac9634eb3531186a9dc3a6709f3fcacd414ea1131186aa11da663
0e6c1806a547a633159dcf2a8bb8b426c1806a60da62d159dcf2abd38b3439b0601a951e98c056773caaf4e2cd1b0601a98ba98b216773caaf902ccf1cd8300d4a8f4c622b3b9e555971670d8300d4c5d4c592b3b9e557a716683360c0352e5d3170acee7955e9c59a360c035317531642cee7955f20599e
22815b99c22d6e51d74f238580bf8024db843a711faa4174f23859d9f7f912adb925b9d0f6a35d3c8e1644fdff136e10e9ccbea8e1d3c8e167a9dfe30956dc92dce87b53ae9e470b017f0009b70874e65f5472e9e470b3b3eff2126dc21d388fd522ba791c2ccbfbfd0eba791c2c05fc03a791c2cf53bfc6
27463b21a802c3f3fa75b4d2b8f9d5259e7b676d56bb13a75b4d2f6d9d41373d8c2a2e06df73e9d6d34ba9e7511679ed9dbd9aec229d6d34be7c75013b9ec61514f36fc3f4eb69a5b3f3a90b3cf6cedecd76134eb69a5f1d3a8132cf3db3b49b5d93d3ada69795cea13fd3ada693b7ceb13ada697d3aea01
369768008ad4b0233febd30e3b71b2383bb6bc1ae08713febd30e6cf1b140039005eb1f6f100ffaf4c39b3c6c520eedaf077e21c13faf4c39c026c4d001c802f58fb78827fd7a61cb8e36330776d7839e10e13fd7a61cde036273c1ddb5e0b604391ff5e9873678d8a19ff5e9871db8d93f5e9873846d899
3ba10143fa7e3ad2ee4f5456f6a9fc3d4a49a1b45ae8e2e4f54572409fb525dbba514d7dae13b93d515c5ea7ee35292686ddcba35393d515c9867ed232eddd28a4aed711dc9ea8ae2f53f73a9493436cd5d1b1c9ea8ae4c33f691ea524d0da2d7473727aa2b8ff4fdb17727aa2b7b54fe327aa2b934efda3
14236f4ae8383e911de6f12674cbe225494bfff1c8f982d86c3fcc10a2e90b7c4664de91f321766800e12d907d007c6ad37d71abb0607d3b7820ec972846de95d0707d235eb502cbdd11c70af5202d5f3aa3e2d3bfa01756bfd40b0593c7e0e0be800fb72241909afc132747aeea1af791e3e1976f355331
39c98b4e9a1a0e10dbf1adedfc32532ca8c06bc130d540d6ab6b8a5d81bc308bc9608fa4dde0dae3a0a6dc75681dc35313fb3a18e0c5ca971861b30c3393169d38541c12fee56092c6f7b62e0a1eba7cdaabd2f458dbcb899688140cb0c1ec174d62fcc94604877de00ff6c673677d62b2d29732e791f928
1da5df58f6502423ba39e324e4379f3353767f22874103ae7ed8458f42b92cde11b61ee4465084ae142ba1a03d2879cd6e355dd77055c1e8ae4dcca53b4bbeb1eca048437d9b20b9f018ad3e3f8c8e8fcd1bb366250afb462ee13e6e5da1a442a0c1128382c728e9ea118610836d3645d0b4ab2bcc8142ba
0eabb07c077d34700de7d28f2c8a04029c06762cebf251520a2999ddfc22317a7d6fa15f03c11b884a5e0fa0d72ca7fb49b42445022c11a68917694e1d5760f80efa68e29257d266d9a5242c5fa866dcd171d11a9c807c7e895f1c8271f76e0ee820ad98c204e1d2c900b87967f8919ba2ceab7a5af163b7
2b74e7f466b3ac83d3db60c4cdf7383f21c700317b8913009901f0218948378d0b7f618afc207667b434137ad40ab384be93e96501295e38e11fc31516e9cfe8d18758f33c11c5828e74123a658fefeb046c51958d07d9359832358c9fe6a8451760812a6c60d77b4b0eacb9bcb2db2431e71775baf00bcd
292beda70fddc5e259b75bda1707792f1397efc724a523c7050df68c20692de3fb1cc44ce581d5fa19130872dc17aa6ac8beb2ca038b30e1851ed69b1257db4e23db8bb2b52a8e85bb7c400cea07df901a3e218fc5f2bee7ae1f3715bc042e7fb6b1adb008f79e53060f7092fe963c68e1181d99dc0d1a83
003d06b10fd7953110722c5517ab23186ea34ba31f75b3b9224261f2e3f90605918b05cd5bf0cbc8972483e9b42219c91a12c1b7f36e88ef5874cd0a007a0d621faf2a62ceff22b1edac7c06ccf709d7e433d0205f4ecc281e26191605154b2d261245abf850c6299e0f153ed4a588d3338b2ca8b8e9f049
18e399446dbe0d030000ba8ee53000317a745ba1def3c0cf9e8546f3a9831a28c8eba03b8e40f6537cb3cf484d0826c0a05dc29ec034caa793852e5b31c73288db7c1a02d237235da5cf420e44fd39dc2078927172b8cd80c24900448ad9291a4412bedca7a737ffdd1d70dc24b51c31b13bcafd66a3cbf9
00007e00210c7f0007e00002d7fff00007e00021c7ff007e00000e8ffff00001f8002131ff001f8000052ffff0001f8000241fff01f80000340ffff00000fc002118ff000fc000039ffff0000fc000228fff00fc00001b0ffff00003f0002163ff003f0000084ffff0003f0000273fff03f00000660ffff0
000000000000000000000000000000000000000000000000000000000000000000000000000000000000000000000000000000000000000000000000000000000000000000000000000000000000000000000000000000000000000000000000000000000000000000000000000000000000000000000000
32cf06f3f5a9aac24f841953b3fbce2cf06f3f8c1aab4325103b607b2dac0b3c1bcfe306aad13e10654f53ef36293e10654cbfef409440ed82b2b6ad259e0de7ef7355709f0832a7a9f79b149f0832a65ff7a24a2076c1385b571678379fc60d55a192881db03d96d6127c20ca9d9fde717c9f3fcab4c34f
1d34f70c06365551f05be6ac0a0433134f70c080455490d8efc49f84d26434d3dc301cf95533c16f9ab06a10cb17c16f9aaf2010d363bf127e1349903a69ee180c6caaa3e0b7cd581408662be0b7cd55800871b1df893f09a4c829a7b8603e12aa506c77e24fc269322f82df355e4021a27360c035093d32
0d889f6111596eb3cea90896aed67f26a173ebba06de93b1ff21ba77b2c22fe7d3bb31571d3388885c6a1e16592a7bc0a60142cb902172efd8f1c67a1b113ec222b2dd639d52112d9facfd353de052fe9165d31ebbed7fea8b971fcfa77666ce3a531110b8d47e2cb127e5317a41b7af33140adccdf06b73
003f14aab715c253f4fdb912d2577d2bae1eafd49a2d712b27daf5604d1e335b9b588fabce30c3c8bbf37e3f1b3bf59f66170a57f17a77c18bec1e1a007e29556e2b84a3e9fb7225e6aef93dfacfb309752c03852ab8ce71bbbe26b736b123779c51879177e6fc7e363397196cddc711133a31d90d1f1620
3ecf7a45754a4e90676e887e2a3c9d0aac68f3a6d23da0f2b5c82c73aa590a3b069047f74cb0c3aeacd5283ec21abbb2d78a61a592fcfecafcadbfb53d9ef48aeeb49d10cedd10fc54793a2d5dd96bc320d2d0b6908d7536332c14760d208fee9961875d59aa507d8439cb8b0e6930e9a1b4bb400456a581
1500cdaec2467c7154aab5d74c539b3c83c470c24c74822c233b22a838eb18e17a5be685b7b0ef003acd3a649224d1ed1c593030035716839ddfe8292a019b5d848cf8e2a9556bae98a7361268f68e2c9818009d88cc3ad94bbd31c2f4b7cd0b6f61de00759a74c92436b62a0a774e47a3dd080a1fb2f1d7
3f0d4360b516900137c9ab0bde1acc3eb00db29e38c3e1ee6320dcf9ce94343a5cadfc1c068274d7bd7868173132c6cb92145fa81276242dc3eb53921a1d2e56fe0e03433a6bdebc130b993d601b65409187b3639dcd1808220209357b2ce24bad1346d3046b9658d5250b7f454f728380ec485b8818a723
0b9aec261b77483163e323e2f2bf630bf6a7c783411ef3e08fdf31d3a33707242378fbc712a0c130b765e1253b1a8209f615e4ae30d2e0521f4eac1c039211bc7de3895260985bb2cf929e17ed4f8f06823de21e4347deaf70e0101b5bcdf3b318b10938fa29d6cf500da7d4827acd7ea1a5c0a43e9d5838
2b0a0abc9e22ed035d9a70d5a0ca7a2b236f2c2fa4a1b2bab753bef77e1c3ad1332780427e82fb6191004231b72fd49f76ac7fb17251c66b61c5e9591d689993c0213f437db0c8800018dc1646de586369435376ae931eb5d6fe32d720e62625706265a5864ec62f461f86f5c6eb513ad0a38cd6c3cdd2b1
3614df8ac74b92e0a280477fd6dd7e301c287d753d2370b25224a92f12360b9c1cef6649fe32b9203a9f73d58a2e5720abc0446fc313c91338f283aa25ce0e77b114ff215c901d4fb9eac5203850faee9a46d1d386ada05df0452e17f418584bdad3738060dfae85da09f0b812ddf5110227922672270753
0e08029253d15c311a2725fbc0879202cd9ae4161092108e63738df205b6387f8297810e73a2cdde67c46ce8fd1ccac5ad3b8be9c2d2a4b1d36c25eb1c3fc14bc08739d366ef33e215747f059b35c82c2124231b86fb7ba130a433ca4a97ecfc73c12cda6b3ba0061e043716ef9fb95581a54963a71a4bd5
336b8bcb690ecb62ecb07945f0b3221759ef2e2431b533c58579796028c60e15dc3676255d136ddc65f6923f7b1aa6011ff96025c2cb956553186841270aee1b3902ae93b6ee32fb281fbe2eb3de5c48636a631c288ea58685b0054bfe3368d2dbb0da78e04d65a42c1288cdf3504773f1972acaa672d081
14c5eb0967300d0252e0d0e033354f2a707f567480c940a5fd551e9301411e395359461eb7d3cb9894bc0d56b230a37f94f8574553db5daa2b91ebbf2f1ca9aca0ff5bf1e5cc4a5e06ab5914e0feaced219271c5231edf957da61bb1e4e1b2a9cf713a0d9ffe5c82ed1749d49a0f07fd53b6bb545765d77d
38af54ca9db2f80209000897795a470080297376399461b21d45609b94e604251d9ac33bf53108225d08416ee3187123f33355656177d4402cc0345122128ecd5f8dfaa284112e83ffb772010052e6ec7328c10717014736ff56067726599292f6f2896d2eb2f258ea0dbf44e158934ea2efa880598068a2
28000000863fffe0000007e21000b800000008093fff6000007e02100c7020000002213fff6000001f821003100000001fa10002800001f8021031f010000001109fffb000000fc21001800000000fd08000c00000fc021018f000000004049fffb000003f021006300000003f210005800003f0021063f0
3f3ffffffbe00013fffffffef8000433fffffffbe00010000000000000003cfffffffbe00013fffffffeb600050ffffffffbe00010000000000000003e7ffffffbe00013fffffffe32000727fffffffbe000100000000000000039fffffffbe00010000000000000001ffffffff7c0002000000000000000
05c2e8c1860164302e8c18660442e91c2e8c18643642f047d66025497f28170ba306180590c011f59809525fca30ba306194f90bb0cb3c1bcfd6a6ab0b85d1830c02c86008facc04a92fe5385d1830c86c85e08facc04a92fe502e17460c300b218023eb3012a4bf94217460c32e1217519678379fad4d56
3b35274273de9be35274277ac1bd143352742777a9bd23c82d9dd9f080db2cd49d09dbda6f51f20b67766ba0370d49d09deb06f45374d3dc2fe75956366a4e84ebdd37b2f905b3bb14d01c26a4e84ef3737a33905b3bb42301b519a93a13bbd4de93e416ceecd7406e1a93a13bd60de8a2e9a7b86010b2ab
01fac03ffec471621c264fdcdbbc981fac03ffec471601c264fdcfcbc97807eb00fffb11c58070993f73f2f25e3eb00fffb53c57f1d22b117fd60f6303f5807ffd88e2c0384c9fb9f9792f3f5807ffd88e2c02e91588bfca07b20fd601fff6238b00e1327ee7e5e4bc3d601fff6e98afd3a45622ffac1ec6
039f1bb0e2d4a1c3d5b623097ecb4039f1bb0e2d4a1c015b62309bcab3f10e7c6ec38b52870356d88c26c12cfd27c6ec38c1886fd179fb17e0f202dd073e3761c5a94383ab6c46133f967f33e3761c5eb437f2bcfd8bf058016f1cf8dd8716a50e02adb1184dc459f90f8dd8718730df92f3f62fc1e405ba
1600987a79227d52258c92d1052557200987a7a6c7d4b258c92d12625568180261e9e8a9f53096324b4498955a00261e9ea35f52a1823f23dfe07d662c0130f4f244faa04b1925a24c4aad00130f4f51afa950c11f91eff03eb33004c3d3d153ea612c649689312ab4004c3d3d46bea543047e47bfc0facc
2257ed2c9d246fa30eb07a07da52d4257ed2c9f346f980eb07a080bd2d34095fb4b27cd1be603ac1e8202f4b4d15fb4b27d55be5e0b7faa2bf99704904afda593e68df321d60f40ff6a5a70afda593eaadf2f25bfd515fabb82512bf6964f9a37cc07583d0405e969a2bf6964faab7cbc16ff5457f32e092
1ec301dcec61ae91ae7cef21594d7d2c301dcee2fae8900c85b9981aa8f13b0c0773b5a6ba311a8107d01155bb30c0773b942ba220832e52ccd194353d8603b9d8c35d212b17c9211a9f9018603b9dca15d110190b73303551e236180ee76f6d7451121aef212f31732d73e77908ba6bf089ddab45437181
1185f87dc81ad13200e41c7aa36084185f87dc922d12c1940bd8b438d8590617e1f7248b44b18109a4afa36abe217e1f724cd44af1b9d5a06f779706230bf0fb9035a263628550fad1ddf330bf0fb9245a25832817b16871b0b20c2fc3ee49168961bb1144a878426c100720e3d51b04230058638c2203ca
24715fce552a94f27fb59ecb7e0bea0715fce577c94e70c330eb57a08d0211c57f395cea53a1eccc16ff4dd8bd1c57f395df2539c3a85a683a69f8aa08e2bf9cae7529d2cabca0808c1e570e2bf9caef929ce18661d6af411a04238afe72b9d4a743d070d38eb6080a13fdacf65bf05f515ce4031ce3ec20
1f84537eb1a9e1711389083633fa6c384537eb377e169303eebdf3f8d4533e114dfacac785b16bc0b3e7ae7fae2114dfacea585a10a2ff3fd872ae293f08a6fd6353c2e0167e578dd31468308a6fd6731c2d1207dd7be833a8a53c229bf599af0b5060f93a86dc6e40089c4841b19fd362ebeb12fa7aa525
305f8c6e82aa67712a75cb6046925905f8c6e85c26764284a667f009f9c9017e31ba17099d927e8efa820584e917e31ba17099d9017702e4e4c4227e20bf18dd0974ced0657f4f9f64051f0bf18dd0b84cec81094ccfe055f39102fc63742e133b2168c2f10b9c842e2953ae5b002492d03a6d968ef6cdb3
134acbb41dddc7714302889d3bb93c34acbb41ee5c76c1d5700140f9f0b50d2b2ed07b971db2418689177b97c112b2ed07c5d1dad2c27bbcfc6065f1269597683bbb8ee0bab3ae51296bf229597683e0d8ed73aae00281f3e16a1a565da0f72e3b6281513b5dabc2330a181444e9ddc9e09c3a49c40f2d02
06332fa4d7514181919e0d9351ca222332fa4d793417f167e9cb9d4d1c1518ccbe935d450602b5c95f7365c1530ccbe935ed105fa14e8fc2090f7fe00c665f49aea28303c27f03211877570665f49af6882fd2cfd3973a9a382a31997d26ba8a0c00bd77f4df4f2c6f0c8cf06c9a8e5110fd3cbd4f18ab83
05c88540a87599b309f4ea507535f61c88540a8b799af190fe77993e165817221502a1d666c3c4b59f8adc090d3221502a32066bb2da53a0c6e823ba0b910a8150eb336045cbe9c30667523910a81516f335e321fcef327c2cb02e442a0543accd82b73590d660a2d6184fa75283a9afb02e957d74db4f61
0000a80010807dc00a80000007e000000a80000007e000a80000007e00000002a0000001f8002a0000001f8000002a0000001f8002a0000001f80000000150000000fc00150000000fc00000150000000fc00150000000fc0000000540000003f000540000003f000000540000003f00014000000431ffff
3fffff3ffbe00013fff3ffffbe00013ffff3fffbe00013ff3fffffbe00013ffffcfffbe00013ffcfffffbe00013fffcffffbe00013fcffffffbe00013ffffe7ffbe00013ffe7ffffbe00013fffe7fffbe00013fe7fffffbe00013ffff9fffbe00013ff9fffffbe00013fff9ffffbe00013f9ffffffbe0001
1d1030e911880a12f45c2e8be7a61726f45c2e8995a62345c2e8c150616529bd170ba0556993d170ba3022985a1bd170ba2e969861170ba30607859134de8b85ce1ab4d1e8b85d18114c2d0de8b85d174b4c328b85d182e2c2c9137a2e1744cad313a2e174608730b337a2e1745d2d30c22e17460c0f0b22
22efd00ee9dbf4410bb352741639ea190bb352728a39f0bb3527426b9e9c1642ecd49b9a8e802ecd49d09ae7a7242ecd49ce48e7b2ecd49d09ae7a700b21766a4dcd47421766a4e82c73d4321766a4e51473e1766a4e84d73d382c85d9a937351d005d9a93a135cf4e085d9a93a0b1cf51d9a93a139ef4df
2e3a81fabd453993a81fac03c3984823a81fac01b3985281fac03fd5847238ea07eafd54e622a07eb00fd4611d0ea07eb00f0e612207eb00ffda11c61c7503f57eaa7313503f5807c9308f07503f580787309103f5807fed08e331d40fd5fec9cc3140fd601feac2391d40fd601e1cc2400fd601fff6238b
2d79039f18c296639039f1bad3654b179039f1b9896551039f1bb0d254a235e40e7c6b4a596240e7c6ec1395291e40e7c6ea4595300e7c6ec38b52871af2073e35a52cb32073e375e8ca952f2073e37312caa2073e3761a4a9442bc81cf8dab4b2b081cf8dd8692a513c81cf8dd48b2a601cf8dd8716a50e
360ad60094fec7d0ad6009879c7c2820ad6009858c7c32d600987a4bc27e182b5802605b1f12b580261e71f0a002b580261e71f0a3580261e9b309f62c15ac012e1d8f915ac0130f38f850015ac0130f38f851ac0130f4d984fb3056b004c0b63e216b004c3d25e13f056b004c3ce3e142b004c3d3a813eb
2e41a257ea3164701a257ed2c84647241a257ed0764651a257ed2c8464703906895fb10591a06895fb4b21191c106895fb4a191922895fb4b25391bf1c8344afd882c8d0344afda5908c8e08344afda50c8c9344afda5908c8e0320d12bf662b2330d12bf69642323820d12bf69432324112bf6964e9237d
3945dec2fe2bed905dec301dc8d81b145dec301c7ed821dec301dccf81af25177b0c050fb61177b0c07723606c1177b0c0761b60737b0c07738006bb328bbd860077db10bbd8603b91b03628bbd86038fdb043bd8603b99f035e0a2ef6180e3f6c12ef6180ee46c0d822ef6180ec36c0e2f6180ee7420d75
14bb5185f727b683b5185f879f67ae0bb5185f871b67b35185f87d927ad212ed4617e0bed9f2d4617e1f439eb52ed4617e1c6d9ec14617e1f70feb452976a30bee4f6d036a30bf0f80cf5b176a30bf0e36cf62a30bf0fb66f5a325da8c2fc17db3e1a8c2fc3ec93d691da8c2fc3cfb3d728c2fc3ee1fd68a
15ac64715e68bb12c64715fcb7b0aa1ac64715fb2bb0b064715fce510a9516b191c57dc2ec33191c57f362c2a62b191c57f0cec2b191c57f39442a542b58c8e2bcd176218c8e2bf9b16153358c8e2bf6576160c8e2bf9ca2152a2d63238afb85d8623238afe707854b163238afe5bd8553238afe728854a8
187a5f8451ead093a5f84537af089f07a5f845376d08a25f84537e8c89e221e97e114bcb423297e114df8222791e97e114ddb422817e114dfab6278630f4bf08a3d5a1234bf08a6fa0113d0f4bf08a6eda1140bf08a6fd5b13c303d2fc229bb684512fc229bf4644f13d2fc229bb684502fc229bf56c4f0c
1662705f8afd2d922705f8c6c4d8a7262705f8c472d8b2705f8c6e5d8a681989c17e3014b6309c17e31b97629a189c17e31a0b62a1c17e31b9fa299e2cc4e0bf15fa5b204e0bf18dcbb14d0c4e0bf18d05b150e0bf18dcfd14cf331382fc60296c61382fc6372ec53431382fc63416c54382fc6373f4533c
08e2534acb2188c22534acbb1e8bdd0e2534acba588be2534acbb3f8bdc823894d2b2c86230094d2b2ecfe2f723894d2b2e9622f814d2b2ed066f71e11c4a695964311804a6959767f17b91c4a695974b117c0a6959768337b8f07129a565d2c45f129a565d9fc5ee43129a565d6e45ef29a565da0cdee3c
3afa06332bd7ba63a06332fa11a5152fa06332f73ba52206332fa4b651422be818ccbbbee952818ccbe90c94513e818ccbe52e946018ccbe935d450635f40c665bcf74b340c665f4654a291f40c665f2974a300c665f49aea28317d031997b9dd291031997d25b28a13d031997ce7d28b031997d26ba8a0c
299945c8829247e1945c8853f07d5a19945c8852647d6145c8854093d59a2665172212891f625172215003f567265172214db1f5711722150291566713328b9109448fb328b910a7e0fab43328b910a4c8fac28b910a8127ab340cca2e4429323eb0a2e442a049eacd0ca2e4429f83ead22e442a0522acce
3fff0000bc9fff33f0000a81cdfff93ff0000a9cdfff130000a801ce00713ffc0002bcdfff13c0002a01ce00113fc0002a1cdfff900002a001ce01f13ffe00015c5fff53e0001501ce00013fe000151cdfff1200015001ce00f13ff800055cdfff1380005401ce00313f8000541cdfff90000540018c03ea
0057ffffff4000017ffffff441ffff057ffffff4000003ffffff3f3a0003015ffffffd000001ffffffcf3a000315ffffffd0000003fffffcffbe000100affffffe800002ffffffe883fffe0affffffe8000003fffffe80c5fffd02bffffffa000003ffffffa083fffe2bffffffa0000003fffff9ffbe0001
38c8d731322049d1cb861825dfde96227ec0b0aff9a1b217765c248f39f2189fb02c2af6687285dd970902ce7d272e1860956f7a637440c3a414a0292c4fd816136b344342eecb8460673f13970c304ab7bd302eecb8496073e3313f605855ecd0e10bbb2e12479cf90e5c30c12efef4b2e88187486b4051
083628ceba37c6822479e7ea6721a72d713f4f5b675e60e889a4d33eca0f2b5c4fd3d4c9d7a13a226934bf32841891e79fa89486a08bbf403ba76fd115ae27e9ea64ebd09d11349a5f99420c48f3cfd44a4351d11349a67d941e16b89fa7adb3af327444d2697e65083123cf3f51290d41177e80774edfa2
3d2a1e06800fea3168fd29488083790296fa4ffa08a2e28fd2948952378b21bac7ebd18d9071a3f4a522440de30a5be93fe8228b813feb42b4be69133a543c0d043fd452d1fa52910106f2052df49ff41145c29ff5a15a3e348a03758fd7a73b20d347e94a44881bc614b7d27fd04517027fd685697cd226
21cdb567feac74c29bb6b7138753ec01199c2b9cafde91bb6b713b093eb60b8afaff575f71a26edadc4ea14fae046670ae72bf7a4219db7a80a0e0b2039b6ad00178e971376d6e2750a7d702333857395fbd210cedbd405070591715f5feaebee340ddb5b89d849f5b08cce15ce57ef48033b6f50183c163
1537e1bd83adc1006dd353722b9cbf2f3fd62cbe937d62dd353722fbcbef108b6196be696571b74d4dc8ae72fc3cff58b3028df5607433ebfdc3a4c82a6fc37b075b8200dba6a6e457397e1e7fac598146fab03a19f5fee1d2642116c32d7cd2cae36e9a9b915ce5f839feb166093beab0e867d7fb874990
0dce4ad3f34841b36d78cc106ea55e2cef935785ba1ac2d78cc10a4455d30a26db7e0c531f11b5e3304280957533be4d5e1f286ae032054e959d71661b9c95a7e6908362daf198211f4abb19df26af0f9435701902a74aceb8b3144db6fc18a63e236bc66085012aea277c9abc4270d5b0640a9d2b3ae2cc
03f35784aae05a80b34e5e5be91059057fa8ceb76f0693935ba2c13730cb19f04ba0385f7823a523d99e5633f63cbbfd4ce2da72324d6e8b05a2c3290cf825d01c2fbc1334baa795f825491edcd9445b7a6ea326b74582b06195366df41c322572306d2ed3bc23e1ed259a72f2dd3882d3ca2ef617d05f6d
24d88c30a9ecabe2aab97a552cdd6026127b8706fbad302ca14389afae060096f8767a3963c2b06116a690007b2a2c0b4b68964000b2850e26beb818004b7c3b3d1cb1e0b6300cb026d7aa0b2741d23dfcef40594287135f5c0c134a49b2f2343ce2a7c432043094051555cbd2a966eb00a5da8c2fb93db4
2e153b61cc0f80f1ec98b2f547ae1625659edc6ffe048162917640fb66fa0bc7c4e2b99697d2f1b2bbaa4b294e11eff2dd4f7cb4918a45d9042f9be725e3e2715abb4bf1a482c8d41f62af1f465ddbd8d80162c522ec81f6cdf43c1194108948e981ec8cd1c4bdfc0b0f64c597aa3d70b2ad63238ad245d9
314beecec9f288d2faadac51b367ce3e96b0f5763fa7130f15eb195796a91798443c2d55bf128acb3abddd8779359c52441193f8303c57ac66245aa12bcc221e149adf93e4c79fc4d1ef2c109099108e6bffe21e2bd632f12d513f5c7d0df1f6e7938c1ea2c47da00d17d56d628d9b3e72c3d2fc226e5685
2767cc6c26b985b0cc27059c13adaa26a09a3736d356639fc6e4ca0991570a2c5a55262d82219e332cea7cfcd83ebea1bb00f20ab27f1b9328ec455905162d2a9316c113a8e1c416bc3bc2045d3fb79b4d54a33f8dc9945522ad04b1e741eeb616f2d0c15dcdaa7f530661382ce09d6d52b31382fc36e96d
252ffea36bad2373f97e860ecf4a2009f0eed75700dba27bfd417adfc34b0257718cbdc8f163833825f3fc5b950ae80b3e2278d931eff505ec030d2a012bb8c65ee478b227aba934928db909e5fffa7c7918a0f7fa82f60186951fa7b1a1172facd1082c22b9c824771fcbf430767a510047129a56590c46
23d0f2f0b1c5b902ee22a534c100652a15ea1dae4048f3a314142f29116c0520de354278d581c6450b97c0f51136f7c3fb609f8a228c5050bd6a45ad02906f1aa13c6ac27b88326438e3dc0aaa47088207a2d34628285e9422d7069c7691603be2803aa4e13782405737711529a3f80331d7d031995ebdd3
13663419c88948f3c6e997654caf39158a18ac386ed1520f8381c9e26d6c206408b35bfe6f10464cbbd49b79470fed4152c482df203e0e07280db5ae30320459abef3791bfb543ecb559d80cb76742d18de7101f07039406dad72fc3a19e0d0aaf515ecf25e8d061d13e374cbb285579d14cca2e4414923f
3fff7fff1ce0a713f7fff001d87ff13ff7fff01cea7f137fff000275fff13ffdfffc1ce29f13dfffc001f7fff13fdfffc01d09ff11fffc00046dfff13ffefffe1ce14f13efffe001e2fff13fefffe01cf4ff12fffe00031dfff13ffbfff81ce53f13bfff800221fff13fbfff801d33ff13fff80006cbfff2
00000057ffffff8000057ffffff4000000057ffffff4000057ffffff40000000015ffffffd000015ffffffd000000015ffffffd000015ffffffd0000000000affffffe80000affffffe80000000affffffe80000affffffe8000000002bffffffa00002bffffffa00000002bffffffa00002bffffffa0000
27af97cb059b9862acbfa310b664f82c5ff1e198350b90f8c8d73125c04a1ebe5f2c1eae6162b2fe8c435d93de3c03741f54feebc3e3235cc49701280f5f2f960f5730b1597f4621aec9ef1e01ba0faa7f75e1f191ae624b80943d7cbe583d5cc2c07c646b9892e0253806e83eae1dd773c646b98970024f
064f6933f64468b143504cef07aa8933901e0e4f0b0452083628ce9937c7193da4cfd911a2c10d4133bc60aa2303bccba09ea1527020d8a33ae8df1a0c9ed267ec88d16286a099de0f551221de65d04d40a940106c519d746f8d327b499fb2234583041b14672b9be4077997413d42a4e041b14675d1be34
158c74567a9fad817426e5eb2fe3413e225a71cf9e30d0214c3f6192cee137f2200c60f3c1208f544aa22e07e5259bb9990fc6aaf07ef7d2cd88a1f72b18e8acf53f5b02e84dcbd65fc6823c44b4e3a35c619042987ec3259dc22b901ab97199e3711ea895445c0fca2977247fad384ab0fdefa59b1143ee
27bc34be33c0a7409c3c868c97840423d5c991bb8ff0a38ef50d807ec1f837eeadf9ead832f047b4af647e86d613ab4ba64aed6122d788a8e28e931b0f78697c6ba14e7138790d192f080807ab93237b3fe1331dea1b013f83ef02cb0c2219027de08f695ec8fd0dac0e58bc4b82452c31af1151c55f2635
2fddfcd5c8192fa106dcb95bd1e8ea15cd4fae272d7c52a29ef1044a0cdf267a1856048f289244b0503c612ce112e119594c6852b2048db3b37ad5bd1fbbf9ab94525f320db972b7a3d1d42b9a9f5c4e5af8a1453de208d619bd3a06807dce0c38c08960a0790459c13ec00db3bce63b30091b676737ab79
2f435c13856679b388dfba2c668ef90edaac2e41444173af1dc219a254a81b4d219b9b04dbb364c635bc2bc0ff0e5860e744431e12ace9d09c65beb91e86b8270eecf35311bf74590f1df11db5585c828882e35e3b843386a94f3aee68968a7755e2c98c6b789981fd3e7110810b5b471159d3a1390d7d71
363a44b616ce1f403c6632ac8646e72cc35a84a6617282b7073ddbf5ac751e19f2ecfdb9b0431226c3c66f61762c3ecab7a192c8c21e6604f26ba906340710b65073f0d1891361e337b0bb3ca4d65b6a629b910f33027935d4831661ad425330b941ab2512eb3547c521e33195622237401f9abc255702d4
23e94b23c85d77c00aa0f1a88539f112af76cb2372cc21051704ea40dccd20e29a0db770d9e09f2c81c5a3a0d412b33f2a04446b5199683f49b64fb122005dafe87848404f9640e2d1d06a2f531c15ee33c992ccb41fa4ba27d90957bb6591b966139b7c8d05cb6c1c2055078d4219cf9126c461854f655f
329efca7d36f258230e40a581ea74b174e99eba8135d0383c58013ba64c1294ab99d57f336116476586c40e3e91d5db2699dbd84306f52bf539e7cf70529fa95a2b09e82b23b2c35ff71f511e81da8bb4651c237a95fa9ae3e7c0ba74cf5d409ae80ca2c9c7948a29831872052bee53a6370a9db0e3f7c08
3be0c7c21803d701c1a41f9793c9f43947a540fcfdcac296bed92b8eb4153e5be8ad415648f0fb6a2b697fc5780be346553d8d4ce1aed58ff4234dbf30d3693f542af0607db515b4bfe2bc1398860feb899c62d76ac7f9f0a6e01ca3d2a07e7ee56265b6bb20ff56c90e0d20fcbc9e4fa38a5f76762e9447
1e096696f0d0fe33b3af4a550a52083c3e530e8e9520d15729205a65afa51b9881a136bee960c93e96a0fddaef0a349ae915de6112e6a15fe44da7241c26cbe7e5cfa8e2649f4b505ded7817736a8f37fc3ab17350aff226d3923e1f2987453a9073913d41a1b8db161d9d7a52a85290433b3e636114cc2e
1b8a0bdb497c1ba18d364e2320a0b3345edb87243b1b83c52eace6bb76f71d0db784c6f7f0a1a497ef28b70b9011582361ac3c5db3ab1a25d4b330f33e023dfb6ab4f4f0d24bf7945b85c80572cd3ce5969f43d58d12ea38987a1a2f6dc3921d8dc2da4d7a03f24b452c69b27116f505a3297ff51b3c691c
2ffc6a4aafda1b9025544d89526b741b4f60d1a5a84ee06b4b73f85aee4113eabbe89758c01251c61d64477f2525481f4930a800b280ab24e306ef4918664d4b3cdc84d328e30eb202bf932caa9323a4026c93405592716277a50da7b068d2d427711cb4af6b40796d012aa26c4a935ba11e8797858e2dc8
06811afb4b3a3b21a4f68bb9c4ee0a2f4f1fdc1bc24ce0edb622bf3a2dca2f9d0b9c185c6c62422e936e20e7e9040b1ecb83dc34924792c1e024082332d46e8e36771da3211749b6ef73f53b801e661e04e34323c960eff1041217a78fee0de1267227399d6241a55c0d27b45dce2770529b31a0ce234a48
0f7fffff7fff0003fffff80349fff337fffff80c4fffd3ffff8000ce00993dfffffdfffc0003ffffe0018e00191fffffe03d9fff13fffdfffdce02911efffffefffe0003fffff002b600052ffffff01cbfff93fffeffffce01413bfffffc0417fff3ffffc0014e00493fffffc0393fff23fffbfff9ce0531
0000000000580000000000058000000000000005800000000000580000000000000001600000000000160000000000000016000000000001600000000000000000b000000000000b000000000000000b000000000000b00000000000000002c000000000002c000000000000002c000000000002c0000000
17ded9ea05104f81ed9ea06982f7a13ded9ea065a4f7b2d9ea0699fd7a091f7b67a818613df3b67a81a64dde8337b67a81a2f3de93138ab5a32a922d2fbdb3d40a209f03db3d40d305ef423bdb3d40cf69ef51b3d40d343cf4113ef6cf5030c27be36cf5034cddbd052f6cf5034a07bd113d7cbe582cdcc3
28191414f7ceb09191414fa62b08600191414fa62b08611414fa643c85fa20645053e77ac22245053e98ee217f0645053e98ac2180a4714e58936dd410322829f3bd611322829f4c5610c00322829f4c5610c22829f4c8790bf400c8a0a7d31584308a0a7d321e42fd0c8a0a7d31584302327b499f912346
0e6cb1e51d69ec62cb1e51e550c5c726cb1e51e2fec5d0b1e51e57e25c6539b2c79475a7b1832c794795c7171a1b2c7947943b1720f23a65558ba85e1cd963ca3ad3d8c1963ca3cae38b8d0d963ca3ca1d8b93e1afb138ab436f33658f28ef6f62f258f28f2bd02e333658f28f28762e41e474caab1750bc
3671404de4adfa431404de82d1a327271404de807fa331404de83032326419c501379f17e8d050137a0c0c8c991c50137a0a3e8ca317ef982ed42e712ce2809bcd7bf4722809bd05e5464d0e2809bd051f4653ae98f711ec842f338a026f3e2fd1a0a026f41819193238a026f4147d19422fdf305dea5ce1
0bad3f406f8e56a2d3f40704c169d23ad3f407012569e13f40704eec9d152eb4fd01be395a834fd01c1389a7462b4fd01c10f5a75046792e213c38ea175a7e80df1cad41a7e80e09c4d3a335a7e80e066ad3b0009b6c15faaf811d69fa038092b4f29fa03827554e8b169fa038260b4e908cf25c427871d4
2f672af68817c2e272af68b2362d433672af68aedc2d532af68b25b4d4273d9cabda289f0b61cabda2c95cb50a19cabda2c7d0b5112104dc52a5f03e1ece55ed144f85b0e55ed164ae5a852ce55ed161d85a9127efef9b2b88e23b3957b4555e16b3957b4592b96a1433957b458fa16a224209b8a54be07c
3b230dfe6df2288230dfe71bfa87143230dfe718e287200563482181ca1b2c8c37f9c428a1d0c37f9c706e1c4e08c37f9c6fea1c5079514ac9791f3f36461bfce00450f061bfce38370e272461bfce35e50e323ca8a5649b8fa019186ff38c714390c7cfa8c31806201186ff38dfd438a1b1d225b0b670fa
1fbad36cd315be13ad36cd51d7e0823bad36cd4e3be0913a3213280687113eeb4db35076f832b4db35482582052eb4db35454f8212274e1c9545e26d3f75a6d9a62b7c235a6d9aa3f1c103375a6d9aa097c11313a70e4a81f1373dd69b66a50df05099084a9d17dd241d69b66a8ebf04111f4a591e42ebbe
23701f8c4547867301f8c478d266733701f8c475786681e1ac228736e6900dc07e311d5e19a007e311e40f99c91c07e311e24199d3f00dc44a3f8d3806e03f188eaf0cd203f188f1e6cce52e03f188ef10ccf1f806e2251fc69c1b80fc623abc33425ae9c71e44d4d5380fc623c48333a194f7e53e9b792c
24d672de61b745c1672de6415a5b6d0d672de640945b71a6b1d982f2b5611359cb798f1d16e19cb79905ab6db3359cb79902516dc2bbeed7c978966209ace5bcc78e8b72ce5bcc82b4b6da1ace5bcc8128b6e15df76be4bc4b3126b396f31e3a2dc2d246a38dc9e9712b396f3208c2db71df063e10c01eb8
07abf8b3f2910112bf8b3f30cc10e23abf8b3f2d3010f2f33854d5e07f741eafe2cfca440442fe2cfcc3b443862afe2cfcc1204393abb9e19a9a3cf30f57f167e52202217f167e61da21c3357f167e5e8021d3d5dcf0cd2c1e7a3d5fc59f9488088263828805bb78fe15fc59f986608712f04b34b76587f2
02982cdce5ceefa182cdce5f82f9f62982cdce5ceefa02ec7ce5fbac44b10a60b373973bbe820b37397e4de7d7260b37397bfbe7e348965dc2131fcd053059b9cb9ddf43059b9cbf05f3ec13059b9cbdfdf3f3a44b2ee0e88fe714c166e72e777d01cb4acfa6fa2e690c166e72fc17cfb0dc505eda4be0dd
1417062730c1e49170627320be48b00170627320be48b2d9b3a246445082105c189cc7279231c189cc833b22bf05c189cc82f922c22848b924ab7be0282e0c4e6183c922e0c4e6417c916002e0c4e6417c916114245c9255bdf020b831398e4f246053c1b8fab16c600b83139905f245837fe352555dd0dd
3e2599264a537842599264e527830822599264e3178313b758178fb6fe3f3896649935ade0d166499395220c1e09664993949e0c22799c33fc30022a3c4b324c98c6f070b324c9ca91060f04b324c9ca4f06113cce19fe180115312cc9326f7bc1938bc2b7488c4ab612cc9327293c18403408d7da59d1d9
3f800f801cdf7f1000f8000183ffea3800f8001cd7ff100f7fffff7fff003e003e001cddff1003dfffffdfffc02003e0001cbfff103dfffffdfffc003f001f001cdeff1001f00000f7ffdc3001f0001ccfff101efffffefffe003c007c001cdbff1007bfffffbfff800007c0001c9fff107bfffffbfff800
000000000000008000000000000580000000000000058000000000005800000000000000018000000000001600000000000000160000000000016000000000000000008000000000000b000000000000000b000000000000b000000000000000028000000000002c000000000000002c000000000002c000
142b1e7dc2d98513368546cfc0968317b9410d960dcdf217ded9e9e4105015ee5043647b738085f7b67a7904142426da82b14c97005f7b67a814413e28563cfb85b30a226d0a8d9fc32d052f72821b2c1b9be02fbdb3d40a209f2bdca086c8f6e7010bef6cf4f2082839b42a367bf4b420bef6cf5028827c
3354e17a2f457be0c97a380f6979702046be714e024201e8191414daeeb10811af9c538090837a064505053bad3bd92378c633a923a0645053adbac326a9c2f462aaf7b192f4701ed2f2e0008d7ce2a02483f3d0322829b5dd6210235f38a7012102f40c8a0a4c7759064bd1c07b4bcb8340c8a0a79d7585
074abb3794be0011a9f410d9ae9d4d02ae290cf7485a228e6cb1e4f429ed20ab8a433bc21693a39b2c790b8a7c36a7d04363a2754239b2c79454a7b23055c5219bd10b51d1cd963c85c53e1d7dfad15c080a011cd963ca2a53d9015714867ba42d13473658f25914f72d4fa086cb64ea7073658f28eb4f63
3cba20da1c1ab492dc6880abe1832d1390e5aaa897f8633671404db32dfb24e4396aa815fe21cd9c50135c4b7f3b71a202ac6e0cc0d9c5013792b7e912721cb5540aff12e6ce28098d25c01441f8ea38adfa526ce2809ba85bf509c872d5544bfc339b38a026b896fe36e344055cfc1971b38a026f256fd2
29252c5fe8a0172197ad8e37f0923a0a63edf58634c3118bad3f4056ce573298fb7d5e7530d162eb4fd0053396265eb638ddb248f22eb4fd019d395b394c7dbead2a9870b175a7e80299cb3ca633338a5230b3175a7e80ad9cae2531f6fac10a6192c5d69fa00a672c0cbd6c71bf8491d05d69fa037c72b5
21d5f780cb313621e1f50607936d320f5d0278aceb0a40af672af67fd7c303d7409e2b3ac2912bd9cabd8f75f12787d4181c3db4d2bd9cabd9ff5f0c21eba04f138d615295ece55ea6baf93199d75c61d80b315ece55ecffaf8607ae813c5675852257b3957b1eebe20f0fa8303c9b69917b3957b440be17
3662bd7c71287131e3b230dfc7ef2326e9a659da84e5023b230dfe4cf229198af5f1d101c4938ec8c37f61bc8b07be3c6823b73140ec8c37f9b7c8a22cc57af8e670e253c76461bf8fde4603df1e3411db98a076461bfcdbe4512722f2e1c5c061631d9186ff0579151b6f71d223b18a41d9186ff36f9144
306fb6a758ba79e07dfbad36c5335c2c638e986cf5f423dfbad36c9535bf01beda9d6f49e751f7eeb4db14cd702b51f7bd84f863337eeb4db31ad6f920df6d4eb594f3b0fbf75a6d8a66b835a8fbdec06c31a3bf75a6d96c6b7d3672d33ba3216063efdd69b6299ae023aed17a456334a2fdd69b6677adf1
13fae58551a73922663701f89ce2793655437b4d13eba263701f8c2027870feb96154abce47198dc07e2f789e2174296d169f3a0618dc07e31049e1a27f5cb0aa34e7240cc6e03f17bc4f10ba14b68b4f9d030c6e03f18824f0d0489665ffbf3dd0331b80fc5ef13c409d2f36d718d2c931b80fc62093c34
1d46ea7968657402924d672dbbd37507674ca07fcad8f124d672de513746351ba9e5a5b5cff249359cb7734dd217075edf2d0c34309359cb7986dd173a8dd4f2d0cae801249ace5bb9a6e92b83af6f94761a2249ace5bca26e8c23c4cae376bc8080926b396f289ba3348146a632e787b126b396f30dba2e
0ae97462bdf02af3bc7abf8b018b1118b923af06e815b3c7abf8b3b4b1022ba5d18af7c0abc2f1eafe2ccc2c41297a625ef1df86031eafe2cf98c40515d2e8c57be055e378f57f1645162114bd312f78efc3038f57f167ab62031dbe2bfdd4b076a1e3d5fc59da58810c823bd606cfecc23d5fc59f738809
1926a4603f8a94a0182982cdccd0ef13a75d2e7d96a32182982cdccd0ef0249a9181024a527060a60b373343bc10afebd5d1369a220a60b373763bbf324d48c07f1529403053059b99a1de0857f5eae89b4d13053059b99a1de02482e8ccaa7a9090c14c166e668778061211e100a7488014c166e72e777d
16dca9bdd638d792dd41706243de1f24bd5cd6e93ad8f1d417062713e1e51b72a6f75d035e337505c18993787a1931b5ffe44ad093505c189c9187932db9537bac71af21ba82e0c4c9bc3d2c98dafff0156853a82e0c4e27c3ca03f02fedfdb92a82ea0b831368f0f325588a00890332f2a0b83139650f25
0efef901d0911cf1f3e2599244ad383dd85790f8b190d33e25992618d3793bfbe407424473c3cf89664954b4df0b49bb4341e2a560f8966499294de11dfdf203a12239e3e7c4b324895a7005a4dda1a0f152b27c4b324c73a6f103eac110714c0f039f12cc92eb69bd0aa07d849f422321f12cc932529bc2
1fffff80307fff03fff800f9cdffe93ffff80114dfff13ff800f81cdff713ffffe00631ffef3ffe003e1cdffd13fffe003fcdfff13fe003e01cdfdf13fffff003fffff03fff001f1cdffe13ffff0020cdfff13ff001f01cdfef13ffffc00885fff53ffc007c1cdffb13fffc007dcdfff13fc007c01cdfbf1
3ffbfffffbe00013bfffffffbe00013fbffffffbe00013ffffffff7c00023feffffffbe00012ffffffffbe00013efffffffbe00013fffffffeb600053ff7fffffbe000137fffffffbe00013f7ffffffbe00013ffffffff3a00033fdffffffbe00011ffffffffbe00013dfffffffbe0001000000000000000
2aa94963cd886141c8be147ca501553f9bef6e559b90a1dc56dae99b6cfd2fe6fbdb9356e4337715b6ba355b403e6fbdb962ce4253c578d06e0f09e0155292c79f30c273917c28f94a02aa3f37dedcaf572133b8adb5d336d9fa1fcdf7b72acdc852ee2b6d74acb67f2e45f0a3e3180ab2a158f3edf5cc29
14cf3e1c368f8cb1bfb9eb8213de9e37ec8891a1a34f82ab29250d8c92060dfb22246868d3e2aaca49434224821fb2224692ed3dd258872f7166f221299e7c386d1f19637f73d70427bd3c2fd9112347669ef156524a1b5b240b1bf64448d0d1a7c155949286c649030dfdcf5c109ef4f19aa70bd17a2bdf
0d536bd71771b333142bc85ca54b583efaed5995baf900c3cf0542dbea6f347a2761f223445130f3c150a67a9c003fdac5bbd982831d2aecde2178013c672660a13871909879e0a8533d4e3df5dab32f95f1f059a0e3d42fb57728f44ec3e866889261e782a14cf53818a15e42e52a5ac23a55d9bc84f001
0d93566bd1b87dd217be852689c770312f24de15ca8c509bc0f93079f1643b36bfdfad3f3b7026f03e4c1e7c5931cee34a24581903f2e883683eead3342487d8b70691b213781f25ee3e2d225e49bc2fb51892b99c7dd7cb5824366d7fbf5e9e76d04de07c983cf8b210bdf429344e3b83e5d106d0bfd5a5
129df4ec552432839cc79890ee14e411e590a3f0e07982aca0e254efd3a6058e6d80d1538602ab2838951af4ea1a83f2be02b3fe52a494b17f81805d0c3e0ed78632cf3155941c4a8d7a7523cb2147e1c0f302873eeb5aa1c6b60b1cdb01a2a70c015650712a77e9d31ce63cc48770a721492962ff4500b9
158c57d0ce03f8d0483e19e97c9efa2f014d245a7fc7d102cf1f2adcba841704e73d86d36be040b3c7cab72ea137b10f321dd180a28757de030bc4d9095860ef1932e6b22059e3e53a97511e029a48b91f8f908383b2ddd9ffb02e09ce7b0da6d7c081678f956e5d420241f0cf4be4f7d10eafbc065989b1
1dfa397a82695ad1cc02480133a6041e99a404f54e8c4217e44b3d96d902251dad9dd80c1f90cf7bd4bae878463dbb7afa169dee52a55f6df4c6580c328ed6cee9f60fd1c9e6a524414771128bdd31e5dce60152afb6fa632c060f4cd2027aa74623ab626903264fa53b76f5f4315bdc914abedbe9ceb017
2cd17815391de1423b066d9e7a057d22d7ff3dbcfd003300fbbb49db6dcb3d68cde2799593036ea083b5982d431ad0bb89008e029291f2f695d0dd491eb466f13ccac981154fc337aaee0e0da969b3eefd679348f97b4ac76ea5316bff9edc6e8020d70f7296df94f935a17712011c052123e5ed2be3ba91
2095c20d0f9f92833d5ce8b61f12d326711c3080c02bb0c8f4af6579a36214bf91353fe9e5e1077e070870a2322b39ea119e6d1bf336217275b1e0680a5fc89a9ff4f2f0af686e83321f211efbb9ab229075319b10b93ad8f03433388e183e5015e19eac25236ea8ff1673d42340fa37d26c42e4eba5c0cf
24f55f1451a57103df13f344b5b7b42f89d7b430a4fc6246b50e0a54d6fb274853accbce58225eb33a050048ce3777501e8dab73c207e492bb1a7e2113a429d665e72c11cebb9f68844fd61bcccca27fbccde303f2495d6c3f1117c4ebda18527e309201ea17e7a1c22eeea03d1f76e7700fc9257676fc41
0226968b73d92591959bacaf32a94a05546d57d7cb53939c09b830d1d3463631d12cd218fa1081b6e5bc6369a13811f843efa1d4a198dce8b56e585b3b18e89666fc7d111aa3a07fd072260d6a96484b1d5612cc6e745a962c2e22aa36abe9d5a9d323ef242a32ac5b3023f087e363a93331b9d16adcb0b6
0070c10367fb77d2b51fb2c3b243d426d829c78a698ee1debb41df4d830d2e502cb21ed54ad19f02646d025c7c02d97e798fd47a737e64b52050e6d0372816590d5aa5733590c870f48e2d3c1bf97231897c41bf325a90287368136c14e3c534c771a3718086ca3d9c05b2fcf31fa8f4e2fcc96a40e3cd9f
21ea1c3bfb1760f14d9405b6639a201fabb763209d2d930bc23dbba5f0e51a73a93c2a56cf00c6feedb3f3cfb32eaade3cbf7f12618b3e8afeda6ffd0d39d49e152b6781fbe5237252512d28e6f0a0e6cb4742c59f457f4c37ff2fd5dbb18e3e96d19f12a17e717baa1d55bc79831e24b3167d15fdb4dffa
20c99b83ff8cfb5162570934fc8e0036d93a5617f0c67132ef03e12aabea390380827575ded1ec7a2e8bb106c803a4ba524a344b7270276c041f8e2d3c81c04138aaef7092cbfd4861209826d0f27115ed6c633813b601eec7173b6c9d2b09e86343d76ccecbc1c530074974a4946896e0e04ed808811c59
0000200020800e8001fffffa10f7f0000200001900f7001fffff821f7ff0000080001f003d0007ffffe213dff0000800000103df007ffffe024dfff00000400020001e0003fffff211eff0000400001101ef003fffff022efff0000100001d007b000fffffc217bff0000fffffe107bf00fffffc028bfff0
3ffffffbfbe00013ffffbfffbe00013fffffbffbe00013fffbffffbe00013fffffeffbe00013fffeffffbe00013ffffefffbe00013ffefffffbe00013ffffff7fbe00013ffff7fffbe00013fffff7ffbe00013fff7ffffbe00013fffffdffbe00013fffdffffbe00013ffffdfffbe00013ffdfffffbe0001
36c905c7271237c3c7426fdc8b98a11373250b163442b2ef9321382ac5071b24171ca8a8ded31d09bf72f462810dcc942c5cf10ab2d4b3d7f2c4cc7c2d920b8e52446f738e84dfb959314126e64a162c688561df264270978a0d310657ecfc5c5e5377c9909bf462841b992858b9e21561554a4b1e6c430a
0afb79b1582dc86080b5189af066e108d4d27d61cbbcd18fe56647d532e92bede6c560b7218202d4626bc19b84235349f5872ef343292e460e01133915f6f362b05b90c1016a3135e0cdc211a9a4fac39779a31fcacc8faa65d21d1da3d73b83a1c2c7f2b323c9997506a693eb127de672a679f0e1937c66
2d2e7effbabcb53333b6db2067fe873bf0c43af28fd451b762fd537708e812f9ad4c80ddc9706dd8bf54ddc23a2ad9aabb70420ce381047015188f2e1a5cfdff79996a52676db64111fd0d1ee3ad74d5aa12832983a4b1a737e43df8621d7737ea30dbb17ea9bb84743773a42956f924e30208e02a731e5b
3236045a473189e05177556ea5161f322bb4f991a0a2d3925852781cb7762fda366811709152e496149de62dde09825be0be86138324fcc431c3ab7d246c08b4928313b0a2eeaadd4a2c3e02971b40b50c3a60538ba7d46e906c3915da7cc6c05171c92c293c0e5bbb2c0292c290a1bd1249f98863c956f9
2c8ffb17e0c273c2c74c1e0f0670023ced0e79dee4e371f9dee56991aa6f0b3dc760b37f64a17e77b95a53ea9c32e0b1ed3d5004e05bc8692ea64744191ff62fc5a4e7718e983c1e4ee0031b9a6ba648ded1b2c4e2c7ef7233583e76873ced6271c2fcef72b4a7d5380cc388d95aaa73e0b790d25d4c8e88
2784849f17af4d8143b6c250e47a840c86a962742aa4d1bf76d9c9d287973fd2612ee9d240d16fddb6726421e637040bba5807d7310a7a9e8a3b47820f09093e337e9af2876d84a1c8f508320b2dc60c6adf73c4300988ebe916264354b138055272dfbb6ce4c843cc0c47c8c2315aa36214f53d14768f04
1d1f858891da08126b9a64422d3b6621947808f6a7b80268d997cc48e2c10b61dc42b4bab7f38ddb97f4a0a7bd04fb9b7dfb469ab193236355f9f1700f8e6274eb7ca723c6edcbfa2f53df264711640aef2690c991b1aafcf8b816c3b88569756fe31bb72fe9834f79135cd3221169db315828dbcdcdde49
35900ab3baa64c93b251380f3da10d19e5daab2801bf83dfbe0f6525639539bc2f2a94bd0b82549c251a2dcb21215200439f2607c29370505efa129a06fe1f7f7e810ef32a4e128cf5e5913dbfe3d5f751b05149b8282f7d094d33785e552d9a16f0a9384a349d96413d9289c077dd0871c62388b8ab0848
308a165892bcd4b1f4e88a711f84a42970fc8346ff07732184c0857340c3012fb09379293cd332bbfab97dcbd00c6dc46a02c8f99081c9dd48593e091ddd4199cae7bdf1995dfd5cbee5e8362ce2d7f91da6a240e4eea40b9f05025f6126f25279a26577f5733d979f0fa7445388fc2523384257a722758f
1ecc7ad795c553a236755ec7e22ff3252d7b7c4fb18663141cf7e824edc31ae8011909182972e4fbce151e22211db68b51fdbee4e1f8c2b70c413d3c237de06622395dd3727de70a6e11112b6432868cd113b0fc615b86209e9e35d00232123052e1c9f79c2a7e444131b3aaf63d017fa2021926f7595ae7
12bd26fb35055d036fe125ff34b73d26d2f60b63866c1393deeb3342c33828181b48de8dd343c5032ab18a4a1f39256257bb6ff5f3a3ad1f72613d1f266f8aca534b1453e2819558a425102c9cb088ddbed143d1d68fb90f9e9010303691c13ba6738a06556356943d3b7f092ff795b9f136c686066f99cf
13964e78d88075e076c3d5e3209e6e2aa094da1334107356adae2347b24513d4b3c3db5389326b50a0f08ff0f31cfe5980ab3454a102502ef953ae200389607e4463c5b335a8507826f87a31f63fe2bf6889308128177ca9d71027a96787b6a71260d6a141e161e1e503b61eaf1904f373cff1c0dbf562c6
10c4250f6d25a721738e9ecb01e41731b5b790d570a4e1b9c8d4b87ec506192ab564646f8db011c593ed4bbf063a81088e365de341a77e00e584426f330effe8a89131b008e2c9f6a5df83197740a207b31882d3bf0072a1213832556ac8c8df1b60238b27da977e0c2b9c74f655ff20c2afb919d093a1cb
3e1059b1cd3209a33ddcfde62c2f8c259f4cf4019ad3c0f31314516bf5db266b14fc8535eb11491f9312ab8e6b2a6eb89433693aa367ebf0a3aae7e9396c9c1e18012252a48fc98934c73628207895e9b5f103b3f5f851b473f50cd629f90e8bd612923f2625571cd619eee7ef31617c609df5cc25ffd469
008800003cdfff108000020083f7fe08800001fffff80000002000837ffe02200000907ffdc2000008020fdff822000007ffffe000000080020e00280110000058bffea10000040107effc11000003fffff0000000400107000c04400000fffffc000000100041bfff04000010041fbff0000100020c0068
3ffffffffbdc0013ffffffff7e00013ffffffffba00013fffffffbbe00013ffffffffbd00013fffffffebe00013ffffffffae00013ffffffefbe00013ffffffffbd80013ffffffff3e00013ffffffffb600013fffffff7be00013ffffffffbc00013fffffffdbe00013ffffffff9e00013ffffffdfbe0001
0fc971928f6c3282136c905c50692432136c905938693136c905c71692383f25c64a3db0ca004db24171c5a48e084db2417141a490db24171c9c48df1f92e3251ed8650026d920b8e2d2472426d920b690d2526d920b8e2d24703909b6482a8c34a09b6482e38b491c109b6482e2834921b6482e393891be
30365031e7cc5521e8afb79af60edd0de8afb79a300ee28afb79b12eedc900d940c7ab915453a2bede6c1a3b7337a2bede68c03b822bede6c53fb722206ca063d3b8aa33d15f6f35ec1dba1bd15f6f34601dc115f6f3629fdb9106f457dbcd180773457dbcd87676e52f457dbcd5a076f057dbcd8ac16e43
0f4359d8f62577a13462c59ff94d252d3462c59d234d33462c5a009cd24c1b4d18b16640d350d18b168027349334d18b167ccd34a118b1680339492d1e86b3b1ec4aef4268c58b3ff29a4a1a68c58b3e669a528c58b4017ba497369a3162cc81a6a1a3162d004e692629a3162cfdba69323162d00672925a
1beb8ab6968c8d32c13f65309e7a6a1ac13f652f127a7013f6530cbda69516b04fd94abc9ea304fd94c2fde9a62b04fd94c069e9b04fd94c32f69a5437d7156d2d191a61827eca617ef4d335827eca5e24f4e027eca6197b4d2a2d609fb295793d4209fb29863dd34b1609fb2984f3d3509fb29865ed34a8
141d540f61acfe21ccacfac63838d725ccacfac3e638e0cacfac65518d6929732b3eaee98e4332b3eb1922e35b1732b3eb17d8e3632b3eb1954635a4283aa81ec359fc439959f58c7071ae0b9959f58bec71b1959f58caa31ad212e6567d61f31c726567d63287c6b52e6567d62fb1c6c2567d632ace6b47
00b13ada08520c4214e86a99bcef9c1214e86a98b4efa14e86a99ddef9b824853a1aa41d3bf053a1aa6777be6e0853a1aa66f3be713a1aa677bde6df016275b410a4188029d0d533bbdf372429d0d53169df429d0d533bbdf370090a74354c5a77d0a74354ceef7cdc10a74354cde77ce274354cef7bcdbe
026b38aa86feb6b21f505778a1d8062a1f5057760dd811f505778c2d80583a87d415da6b76107d415de30b6016287d415de0776023d415de30f8015f3d43ea0aeb25bb103ea0aef185b00b143ea0aef03bb013ea0aef185b00b0350fa82bb8f6ec10fa82bbc616c02c10fa82bbc50ec032e8fc2c446dd041
00727359f9517411b8fa5ceb067ab335b8fa5ce7ac7ac38fa5ceb1f3ab2a0d6e3e9739eb1eb2e3e973ac5beacb16e3e973ab11ead23e973ac894aca526b71f4b9ae58f6371f4b9d60cf5662b71f4b9d378f5731f4b9d642956531adc7d2e73d63d61c7d2e758f9d5952dc7d2e75623d5a3ac80559db43265
2d44a7c899d36480ea725a1ecdaa8b14ea725a1d83aa92a725a1eda0a8ad353a9c968448eab3a9c9687b36aa2c13a9c9687a2eaa329c9687b706a2b23a9d4e4b40147561d4e4b43d9b551629d4e4b43b0755214e4b43db8351592a75392d0cb1d5535392d0f6af5457275392d0f45d54638450b2c474e6a6
0e40188f1b849d2372bb18ca3bbe3a1b72bb18c8afbe432bb18ca715e39306dcaec6322bef91caec6329b4f8e52dcaec6326def8f0aec6329d1d8e49236e57631705f7d2e5763194b97c7336e57631915f7c825763194e6dc7250db95d8c6457df2395d8c65369f1ca1b95d8c651ddf1d0f663d6bcae2a9d
138f853514f82e70585d8152b1827238585d814f15828185d8152b5a271f0e16176053c560a16176054ac609c82161760548b609d2176054adaa9c7b070b0bb029e2b050b0bb02a56304e430b0bb02a24b04f30bb02a56b44e3e1c2c2ec0a78ac142c2ec0a958c139002c2ec0a958c139095e937d9a82ae8
10fd701d2de2c89065cfac2e329b4a1865cfac2ca69b525cfac2e36bb49f361973eb0811a6e1973eb0b8ca6d2821973eb0b6ba6d3173eb0b8e32d27a1b0cb9f58408d370cb9f585c65369430cb9f58594d36a0b9f585c719693d2c32e7d614434db32e7d617194da50032e7d617194da509cb273c6c403af
390bb30949a95a714f6ae610f9380d0d4f6ae610333810f6ae6110dd80cb3353dab980f4ce113dab984426e033353dab9840cce043dab9844376032c39a9ed5cbe6a67129ed5cc21f2701a1a9ed5cc20667021ed5cc221bb019626a7b57306099c127b5730884dc0662a7b573085b9c0708621287b692d39
23ffc276369564a16a62a67ac90ebc116a62a679c10ec2a62a67addaebbb045a98a99e7043b1a98a99eb663aef05a98a99eb243af298a99eb7efaeea222d4c54cd2821e2d4c54cf5921d7822d4c54cf3821d814c54cf5bf7d77508b531533ce08763531533d6cc75de0b531533d64875e1f082cd8e69904d
0007c08821001f007c08800211fff0007c08802101ff03c088000061fff7001f022021007f01f022000217fff001f022002107ff03022000024dfff1000f811021003f00f811000213fff000f811002103ff038110000105fff5003e04402100ff03e04400000ffff803e04400210fff0204400002cdfff1
0000000000000003ffffffffbdffc10000000000000003ffffffffbdfc010000000000000003ffffffffbdff013ffffffffbdfff13ffffffffbdf0010000000000000003ffffffffbdff813ffffffffbdfff93ffffffffbdf8010000000000000003ffffffffbdfe013ffffffffbdffe13ffffffffbde001
3e99561bda764c937053fe284c5e0f0d3645be23debea29e62fc614cd0ad3fa72ebbcb2e91616d3293dca822443a1aed44e47059d2798bf185b742b23d32ac37b90c9912e0a7fc50dabc1d1a6c8b7c47bd7d413cc5f8c2dba1593f4e5d779a7d22b2da6527b95044883435da89cd00b390f317e30bb08563
08e669e3eb6e32e08babfdf335997c2ac5ba3dfc8938d1219cc562f0a7dc1e57d14337c36cb282cd5c9435bbdd25d512ab846f84508673158c049f6f11ccd3c7d6dc65c11757fbe66b32f8158b747bfd32719243398ac5e14fb83cafa2866f86d961059ab928ad77b90baa25570cff08910ce62b18093ede
1b9d687c9a176311b17b0bc1398ad0151622041de02c20063b6fcef3773331f63f575547a283c1b71817374088049bd97f5aaf5be018edbf3bcddccc18fb1fabaaa3d141e0db8c0b9ba044024decbfad57adf00c76df9de6ee660a8b11020ef01612031db7e758bb9a0d8bd85e09cc5681b22bf6bef37f0d
111711109926aff1883ace0b09c23d2955da095cdf0082c76860aab339253657fa448fe5ebd07ce5858fbb47c03f97c34f469815131da182ab50e4923b2bfd2245e2f5f03e72c2c7dda3e03fcbe1a7a13c0a918ed0c155a8724914aaed04ae6f804363b43055389c932c41d670563e11f3d159e020dfbc11
38c68622c003b83189472657a9ca51373c657c4c6d3213a5e7b1ca99dab9311e6288c023b5012951b04eea13f22cae44823e061d22979ec72b2d6ae1188f31446011da8094a8d8277509f9165722411f030e934bcf639575b5713b9e32be24269913d2f3d8e52bed5d2c4a3932bb3e5293aeed160f031049
2986804d887737b35502d7121719b83a6f9e4d7483d2430c71f1343e8601229963d12052c8d2f8110ee7e028080f7e1e0bf293362031c7c4d1c01801314cb1e88e1964717c088773f0140407bf0f05f9499b1218e3e268bf0c011d37cf26ba41e9238638f899fe43011aa816b890b8cdc2cd78aed9423d11
1a095c0298735ac3230a241fbb597700b1db6d5f0daa51904bc2b9d761ab3ffd0336af0bf5f16412f0ae65586b0cbb9c352384da916944aab8ed94192a1e8985899884301432331e20b7830163b6dabe1b54a152799a9588bebf34070d6b85f4c412c825e15ccab0d6256a316c234cdce21359c55416f5b6
15d07e29d1e1bac1045fa4d664fcd21a93599278f1f4a05be702acb9f9103d4acd5bee28e78016f9c0ab2e7e440d6b879c058789016a20dd618f59430882db018a43bee1697c61b255168f3526b324f1e3e9415710ed53e8d5352d8ab8b8a91f60a02df381565cfc8827e1f1374261805203939acfa98ba1
0d9cd772c0be6460b36746ffed9b7a17db8715e5ac1f6033b42f53077b7a084d26fbf0e2f1620ced0bd4a0dedf007757e5883e84618f80cd77337cf13a307357940ec1d3321ff0e9293d782fb70e2bcb583ec29c16fbbc7ef071354c882d441ff6f019da17a983bdbd1c3c7595aa02f4a16a253e44ce9b24
3081af1606fb18d0342d826e2617be3690fd5eae0f6b71c32a4cbc4f1ced00e616153566f48370ca932ee2473c3d8edf4c2b9d45606c94a97b348b6f3db8745aa6f699d257c74bfd754f0d2d21fabd603ed6d196e85257751a493b59a3428ddec9c2e195265e068e77019047803849a9f07200c478dc24e9
2fd4e9c5e96b43915abb3df1a2172c34cf938a7a86539362103903a08b7d12ab6d81d6b83b33d8840e40b6a2e02ff364588b59b6731aa9cd9519e7c102f4bd5d42161eb0c60a34c21b0ec5299f2714f92ca710b38cb928ee368b2bc963eb8e7f9593b1081c81af45bf19743fc939c44da29c7c29a886c174
07c3be17e8ce17c250cb93113b5f7632a6ebe92fbdb6d381b167f5aac3b83c5a752fadcc1760e06c59fd6ab0ee29927416dde8d4426987921f77dbc53090b7bdbaea3662d645c33928b866254dd7d2639b6d90ceb432d5278df41402b02a059e1a61c0d8b3fad561dc37d722631a0bbcc287eb80e94e1645
0c20e2d839c81df002b7ab1ab6c93620396c0f369b8ce062648cbbcc615e2a51aac56f538b321899232ed218581dc78eeac50e7cf37bd7bc2af891f93b5fe7028d0ff260a4b23e2fe2757f0072d81e715719b02586317d23dfa921ae378a225984803132465de630af2e843bd64a8a8bb3c85d984a2c4ad4
3049148f889e0a52f2c29ef05310ca2e4e5ab615c69943d6c36801cbfe30081964d08ca1b5d0f5b0da0072ff8c2f453c58b80c33b2306741c9953c562a86579ebcaa45c017675302c21cfa1c9cb56c2fad32717ba4bae24200f71c25c2a2fdc69341eb61b400e5ff1812977faf8fb53fb11ffe13b1b4ab25
20000007dd67ff1000007c0a8ffff00000007c297fff000007c08a1000100000001f1adfff200001f0240ffff8000001f042ffff00001f02221000700000000f9defff100000f8130ffff8000000f831ffff00000f81121000300000003e14bfff400003e046100000000003e064ffff00003e04421000f0
3ffbfffffbe00013bfffffffbe00013fbffffffbe00013ffffffff7c00023feffffffbe00012ffffffffbe00013efffffffbe00013fffffffeb600053ff7fffffbe000137fffffffbe00013f7ffffffbe00013ffffffff3a00033fdffffffbe00011ffffffffbe00013dfffffffbe0001000000000000000
09603d1d8843b942f0a82defa8284b1553d4e873ca1d605af8721b17dc5802b40a13f277d7b016be1c86c5f716381c3e0401df82c1bfff2d33bec74d215a0509f72bebe1e1505bdf9250951c0e1f0200efc160b5f0e4362fb8b00aa9ea7439e50eb02d7c390d8bee2c30387c0807df05737ffe5a677d8e9a
36184a6237bc08c097cfce0f8df4002234a3138811feb02c874de425e82a3b2e13eb19e72f220b21d378e87a0b2605a1ebf5d0ee605dffd2cb484ab31d9709f58cf397912f9f9c1f1be8001302d0f5fae87730590e9bc84bd054311a5189c1f8ff601643a6f212f4150c0b43d7efc1dcb0bbffa596909566
11931f3183a65212a8bd658248450b131a03a2a8c1a6820ce8d79c8785a11e6e257d80309df3833a35e6f061690c680e8aa72699f2d70820805e4ccc23263e63074ca423c19d1af35730b52634074551834d016b8410402f26663cdc4afb00613be306746bce22c2d13545eb2c10322862dceb43e4afbb19
19da830c8cb257f1743e4dcb197a652a2deea0f339fc4263bd8378af20b7148a39c71e67694198ef60de1b482e28b7ba83d527f0e166fd6f3cf787b633b506191964afe0cc77b06f0da417145bdd41ea93f870b37eb79e7bc3db2914738e3cced28331dec1bc36905c2ba1f26e56bbd33288b88884a83580
145221c9cdd441e2938d012a2ef10a0b3a0c12520798b218f76be7f5960a3926de6fb959b202863ddaf9dc65832ce83049481e62c1c078ed904c21ed28a443939ba883c3431eed7ccd32c216741824a40f3162e03c76c80510f7324dbcdf76d363f10c7bb5f3facb05149c680951778853c6343115df1dc2
03514af9a5f0879260676386ba871c288ef1c20db3fc228563b900cb3c9c2024fe519fc414f0a158ee4032cf27223bc7083f0ff0623d8782a7e9eda206a295f34be10f2250ac771ff86794111de3841f87f8311ec3c153f4f6d10049fca343a829d142b1dc80659e4e13033b1c35d438e34c34026c22b9be
305721ff4728aba1b3280ac2a0365a1db0a37aae80fbd338b89ee811c4d10d4c20f47885b5c2cca02b0ac2d9671d5812051e602fa133f9e80d7403b221abf93a668bc24366501585406cb407543ff73d651f5271713dd06589a12ed851bd55307df2fa744b43ea87523ab0240a3cc05f4267f3d01ae80764
1085504e70e86ec27b5885222e82101d571e46649fe6e32f73f5c02f912b3d78533e03e8aea1ed6214893e083e2bd203e70e57f4e02776149fd67a4c0d2d18f5f5347c00f6b10a449f041f07b91e8c04b23c025ee7eb80a122550eab8f23324ff373bad780ef2cc11517a407ce20cfe9b04eec293facf498
0ca4edde60cf1bf0a5a66c6381bc8a0b8192576bf97021a0449fd3d11e1d2cd684bc393113029699b18e06f22830db102052efc2d31ca93a2b6e3d1505e6a49727f186014b4cd8c70379143250ea797178cc2340893fa7a23c3a05c0c92bb5fcb812fab971b532ebd721b62040a9ff8592395274571e7a29
3ef313ae8e9289e1f8bdf8f5f0b1490d9986575eb3b6d03062d74976fdf53620f845c431ce43e2f7e3d804c5231fddf835539f5a1154cfa52da554b4296b073a2c891b43f17bf1ebe1629221a5959696368cf060c5ae92edfbea26ccc32bad49db7021a723e58a0bf63fbbf06aa73eb422a99f4a5b4aa968
30c7b4aac499b172247202b440058935aaab79be09b10332085e4757c25933cba44216b86b3091c80ad18416220a4d519c06ef45902c8abe423d44bd2b8b4709bedc017048e40568c20b1124e2ce0b9f2442c26410bc8ef184b11ad555bcdf04d880c7d8b96e8faa92149aa3380dde8b2059157c847a897a
3cb7fa4e72d888534adff5dda3e55f180850fe0a0bd3d273075901971470239e97199b66ca512b7fd77755957915307f85f69300a138d91bff16f4dc0253e953c46a689295bfebbb89cabd14c2dc317251bbe0e60eb2037028df2c04287f02f5e9f08979a0564c236a2a60ff0bed26014271b237fe2de9b8
117ed92a338ec25253d7916dda87271737a4874403da22ec59b6f50aa7631f96d781f77ac9d14f5e45b7ee1c9a02c3ec6ba072c673604f6f6847ad17015a7c6a0a8d4020a7af22dbf70e4d2164670f48754611d8b36dea574ec50b9bd243a201ed12bea93393af889b0587d8d740e58ce2c09eded0d15a2d
0a2ee5fced871ac38e1130c021da9a2110a4411e060a5117bd85f64c3de231ca83d9cc0017d23844c3014d6a652c53a2f074b97de0f54fda3b20c1e21ddf592cb9a724831c22618085b533362e4f805788ed022f7b0bec987bc4308852208cf305330f5590d4fc004518a745e0ed92fbb1ea9fb4764183c4
3fffe0000427bff3fe0000024a08713ffe00001d5c0793e00000098e87f13fff80001cff0193f8000003be21f13ff800001ed0211380000020d01ff13fffc0000c6f80d3fc000002c610f13ffc00001dd81013c00000114f0ff13fff00001d1e0393f0000005ae43f13ff0000020c043130000003fd23ff1
3f7ffffbfbe00013ffffbfff3a000337ffffbffbe00013fffbffffbe00013dffffeffbe00013fffeffffbe00011ffffefffbe00013ffefffffbe00013efffff7fbe00013ffff7ffeb600052fffff7ffbe00013fff7ffffbe00013bffffdffbe00013fffdffffbe00013ffffdfff7c00023ffdfffffbe0001
188a65ccf853ca70a65ccf9e80a69e08a65ccf9dfca6a1b9f2b8aff4dc5722299733e56f29b16e7cae2becb7162299733e77f29a802580f476210ee53114cb99f0a794e0b73e5715f65b8b114cb99f3bf94d4373e5715fe9b8ae04532e67cefe5352dcf95c57d96e2c0532e67cf40534f04b01e8ec421dca
266dd9ab8b0bf5a2dd9ab8d831596726dd9ab8d5df59728585cecf05236c19b766ae346fd660a16173b3c148db1b766ae35fbd65a0d8612988def0230cdbb3571a37eb3250b0b9d9bfa46e0dbb3571afdeb2d10b0b9d9e4c46d7336ecd5c68dfacc142c2e7678291b636ecd5c6bf7acb41b0c25311bde046
109612df0bd20d230554cd196c9d4009612df0cda0d1c2b302d7614416f802584b7c33683470155334667874fd387267f171955f20fa95bc0d11d0e8212c25be17a41a420aa99a331b3a7f12c25be19b41a3807d4ade0688e87404b096f866d068e159816bb0a20b7c30e4cfe2e74abe31f52b781a23a1d0
361043a1931666d39bf1390092b09f21043a1967066c31348ee42239560a18410e8658b99b126fc4e40310c2793fbcc3064bcc11f178baa1af73ffdb2c2087432a4ccd9337e2720167613d02087432d22cd852bc5d50d798ffee30821d0cb17336209a4772111cab053f79860c9bb823d2f175435ee7ffb6
226753fa5570be712d70d3bb480d2626753fa5780be6836191e7a016862c099d4fe95e02f9a0b5c34eed6234971e2923f53cdd38623ff7f1a9c49a8e04cea7f4af017cd25ae1a776901a4c0cea7f4af437ccf11ffbf8d4e24d47133a9fd2bc05f341b0c8f3d00b43163c5247ea79ba70c07fefe353cb351b
1502d89612684dc1397a371a4ca4d5102d89613b24dbb139ed6bde700a40140b62584dc136f0e5e8dc697493532dc87556b181566158fbec9f738a802a05b12c24d09b8272f46e349949aa205b12c27649b760ac7df64fb9c5402816c4b09b826de09cf6b5ef3805201b90eaad6722acb2b1f7d93ee71500
03fd4205b807fcf1cd1641195df2d8305dd2f5880a40c11cffb883dc90090ff50816e01ff3c10276ef4421cff521f86343fa87ed9073fee20fb4402307fa840b700ff9e39a2c8232bbe5b0117b0c3fe7512c5239ff7107b920122bdd092f9c830f42d59bfe7bb8c6cf0e68b208caef96c386c9cef103abc2
20aaa26f4655bae03ebb5175a31b37243dd3141793bd91b3e3fab39f3a6002aa89bd2196eb605baa5ddc1789c70ef10c805c5a1ee2cf8feacebee97f015544de90cb75b07d76a2eb46366e3d89c26cb3bedec367c7f5673e74c0125ff5797a80451176844bd5f3460a21f5da8bab08d9c1bf0c7dc10f2264
33bba7faffcfaec0bf57875c768a0e1f988200bef2f4808677f8d7eade350eee9fec0b9ebad0c8af805b6a2ebb3425abcbb511451219dfe35fab78d427774ff603bf5d717eaf0eb8ed141c30613a530ba249a10ceff1afd5bc6a392b05a2b0c36181f8878f34614f6b05fabc3ae3b450726639b82673ea20
04f20c20df16e321d2e4e6378fbb951be38ab7355e48921d278879b7f68f13c830837c5b8c813affdfffec0de328bd422f2f127060749e21e763da3a09e41841be2dc643a5c9cc6f1f772a2a2111061b1b3c003a4f10f3b1ed1d2e02e9eed18638502adc1ca9b27a832e972731ba6ddcb08d84e799cb32c2
2211798a5fd954b0bff7614c207f8c316f5289b5de34a39aaf3d8ed747fa0845e62987a552a110713e0f58de9d2c0bfa20d7f991526abcf63c231fe50422f314c3d2a9517feec29840ff183b03ebea82b11803355e7b1df08ff30a19436b2e3b86106c061f74955e7e05ffbb0a6103fc61313148ad00c17b
29e732c9406c2832710c48b790b65a32792c940cd82d00a5ca6cc801306f279ccb2509f0a0a3f8dfbff536d2e1339ed5d3d4354de29729b32004c1bc13ce659284f85050e218916f636cb33e416545534753014b94d9900260de33ebd07f721b55838a96f16c9eb3ce13886245bc85b2d2fbd974d8aa8aff
13f1cd10ef41a04282aa0adae8d44c01e40a0b775dab425f7998be6e9f3d0fc73443c12680f2a9eb13669c34412a18a0b1cb7175e17de662fa3e7cf227e39a21de834081055415b613a897043ab563b77098b0bef3317d1f3e791283868842ba93b094a696af32360714155056d746a262dbe01dd0a9aa7d
06e703ac6cef99501f9e691d8aa1ce0c8d1e33244cb873012b6a5c1644071b9c0eb1b3be6542b05bb997c282a032359a12a6f9e8a004ada9711f10190dce0758d9df32a03f3cd23b15439c1ddb93a2c2c96bd20256d4b86e880d2b45246182f9a2e09009533bcdde5c00fcf348ec550e716a8f480fdcf4b7
3fec7ffffcdfff12c7fffe01ce00713ec7fffe1cdfff907fffe000c607bd3fb1ffff9cdfff931ffff8018c01ea3b1ffff81ce00111ffff8003181ef43fd8ffffdcdfff918ffffc01ce00f13d8ffffc1ce00010ffffc0018c0f7a3f63ffff1cdfff923ffff0014a03db363ffff01ce00313ffff0002103df8
3fffff7ffbdc0013fff7ffff7e00013ffff7fffba00013ff7ffffbbe00013ffffdfffbd00013ffdffffebe00013fffdffffae00013fdffffefbe00013ffffefffbd80013ffefffff3e00013fffeffffb600013fefffff7be00013ffffbfffbc00013ffbffffdbe00013fffbffff9e00013fbffffdfbe0001
2549f96d2f9ed4d09f96d320574c6b149f96d31f0d4c72588a65ccd333cb1527e5b4c6bb5320ab29f2a488a270127e5b4c805531b162299733d0cf2a0a93f2da635da9905594f952445138293f2da63e1a98e0b114cb99e867952a4fcb698d76a6415653e5491144e024fcb69900aa6362c4532e67a19e54
1a96058b0bb9b2c16058b0d6ef2b96296058b0d45b2ba1a66dd9ab724bf62a58162c3306caf354941d38d33d83258162c359acae6299b766ae0b2fd7352c0b1617736583aa4a0e9c489ec212c0b161acd657334cdbb356e497ec14b02c586a2d95d2a9283a71e87b050b02c586b7795cb1336ecd5c585fad
28aeb35ddc9405d2e94cb29c9ecfcd03e9fb1420ec2fc3909612ded2120e00fa7ec5083b0bf3a532ca72ff3f323cba3c22447ea6f242584b7c0e4835115d66bbbd480b91d29965397f9f9907d3f62841d85f83212c25bde6241b01f4fd8a107617e1c84b096f690907397478448d1d4dd084b096f85e9069
2435d2908da64571a9a15f63ca877a1f65bd04a8edfe50f61043a186b66737d96f4127237fa2a6857d8f6c1de701eb1972006597e3d8410e861ad99c086ba5211f6c8ad35342bec7950ef43ecb7a0951dbfca1ec2087430d6cce2fb2de825266ff327b0821d0a25b3403d632e400cb2fc3b0821d0c77b337
282825b79c96729035e323d0a2f6612679c77e871d7f92626753fa3050bf399e71df9eaf5ff0d78c8f428bd9841592f89ad0485fa1899d4fe94542fa10504b6f3d4ce5106bc647a145ecc20cf38efd125aff10c4cea7f4a2a17d333ce3bf417ebfd33133a9fcf728602b25f135a090bf43133a9fd28a85f4
0ab3526a6bc05173370fd25f3ea27332366170d7d942811502d89601e84e0c8d985c35f650a0dc3f497dc089c91bc735f1a6d72230540b625849a1371566a4d4d780a2e26e1fa4bebf44e5246cc2e1b3d284f22a05b12c03d09c191b30b86beca1408a816c4b00f427378e6be34dae4460a816c4b093426e
1e7a1f8046580b806722e64714ab3806c58bede8f9b3e043fd4205b3e7fd2ac36f6ce010c93310ff50813b7a002c212889bb5434510ff50816cf9ff43561b7b66df864a3906d521f1d9059168f6ee2c7b74fb087fa840b67cffa2fb4a64217deeb2221fea102b8f3ff22ba3c944c8824421fea102d9f3fe8
0acf8f6b26ef78f2f2a6e1ac6afc7e2b31e1e2e8c8f9e0a0aaa26f3e15bb36e2aedbf0633231282aa89bbf056f2eb81caaf198bc6282aa89bcf856ec3b71576df6219921f5291716599fac0d6d4a82027e2d71415544de7c2b763557e502039e16b2505551377e0ade2183fae0d9a614b10555137a32add7
293b2d36250a37a0a987df00ea01f7193405edb38b2ff133bba7faef4faf2514b24cb12437314ceee9feab53ec08a73af3b0625120ceee9febff3ebb328a592656821ba00b5dbbd28844673aa201e7073acfb267774ff5de9f5e033b3e54866bb0c299ddd3fd56a7d82efdda8ad21668b19ddd3fd7fe7d76
0c1d18d78bfce0e2817c5962e3cb1c393d0b522926c98384f20c20a556e43e50afe7efecfea0e13c83082955b9109668049ba1ac9213c830835b5b8d1f2857f3f7f67f53ccc5406c2ccb1a3e0da3f0cf52da2309e418418cadc71c8d6115dbac50c1c279061052ab723e4972dc8f6c552027906106f8b719
111e30e78afa4902b6f0e8b289ab5001e2997f05497e616211798a4b39550450c62a2bcdcae358845e62614e561168e8d1674c18b18845e6296ee5530228631515e6e571fc211cd2bcec202db26342ca5a5bb2c422f3149672aa0f8fb2992f585372b108bcc5049cab10b9986b7b890b33108bcc52ddcaa6
39c3312ebc5fb470ca4f586651ed2e1a4852a41d6f2fb369e732c90acc29193078314e655633da79ccb211330b3acae4e4d893d331a79ccb24f130a12c983c18a522ab22345c8c0fbc644621d76ccdd78695a2d3ce65925798511274ef1ca0f858e3b4f3996464661521e08067c542bd734f399649e26142
39bbcfd82274b8431ea5db9066f3910718ac07f345dfd313f1cd10bdc1a136144df4e4224553c4fc7343fdf06924f15d6f399604104fc73443bd06813b0a26fa700122b2d5648a4ef9761121a713c26c72dfd227e39a21bd834111fad481708731e389f8e6883de0d109c6c9d1b38fbec09f8e68877a0d02
03411d3f70a48fd2df8e54590a1eda00582b35918aeb02c6e703ac3f8f9a016003ce7e6cf092b1b9c0eaeee3e73ad4f672dd51a1131b9c0eb1823e6620b001e73d267853a4e94a0c4b396c022b41d2e00548018dce0758c11f333b2d8052d1c22ef1637381d61fc7cd123bac0959047f5237381d63467ccb
0007ffeca0ffdf007ffec8020dfff0007ffec820fdff03ffec800021fff7001fffb220ff7f01fffb200207fff001fffb2020f7ff03ffb200014dfff1000fffd920ffbf00fffd90020bfff000fffd9020fbff03ffd9000085fff5003fff6420feff03fff63fffeffff803fff64020efff03ff640000cdfff1
3ffffffffb600013fffffff7bdffc13ffffffff3e00013ffffff7fbdfc013ffffffff9e00013ffffffdfbdff013fffffffdbdfff13fffffdffbdf0013ffffffffae00013ffffffefbdff813fffffffebdfff93fffffeffbdf8013ffffffff7e00013ffffffbfbdfe013fffffffbbdffe13fffffbffbde001
34102b9c62fec562ddac06a5ffeb3924a39dc6a0064bd173e3843c01a34f158284bded5074a32292b5d33456ed17d04d66dd4e8e71cf8e10f0488d3b28205738ca1d8ab1bb580d4c41d67109473b8d442c9792e7c7087803469e2b05097bdaa0e94245256ba6aaadd92fa09acdba9d1ce39f1c21e0911a76
136fd443a0197a112251f948be0c52135c6039539daba28bfc7abbfbd53a087d7ac20e908960dd6549ea998734082faa98dca14fa22ff1eaf07354e626dfa8874032f42244a3f2917c18a426b8c072a73b574117f8f57839aa7310faf5841d2112c1baca93d5330e68105f5531b9429f405fe3d5e128a9cb
34b473e3a800795322317cb992ee6c2686d87515318fc311a27f55d3b0ee16526cf3952bfb618490dbf920cef60a5eb3433c14ea504689fd5814c3b50b293679ca95fdb0c2486dfc90677b252f59a19bfa75322344feabe961db13436c3a8a98c7e188d13faae9d87719118be5cc9773620d6472f7814cdf
01dcdcdb7f60d0f1e4f77c5ef1d27a35b296b7b00110c0933345e9b83cf3396f297024ae6fe1efd83edf5b88b4310ab608974056024ccd17a6e0f3cc1cb794b8125737f0f7ec1f6fadc45a18855b044ba02b0126668bd37079e61ad94b5bd80088624999a2f4bb1e7a0f27bbe2f78e93d22fb10a17ffda85
3b4c16acf41d4e91e24fc99bd730471f956e1f922698013671e60df43a173b34a4b1908a0e828d743d5f9fabca0e12670f50cbb4f0d9c7983812e85b1d9a5258c845074146ba1eafcfd5e527093387a655da826ce3cc1be8742e0fcab70fc9134c029b38f306d91d0c2f127e4cdca98240333eb828ce0b3d
1d201853ead1ea10ee833d2b203fe934091eb38dcef870a47852c27ee91a30ffc3eaa59d92615e12a74b80c0ce35e41fa4539fcef291e14b09fba468187fe1f552cec930af0953a5c060673af20fd227bfe78148f0a584fdd2343a048f59c4d77c40523c29613f748d277419e956f1ff538dabbb49fb55de
273208459a6888b1adce544cb83842133c9f9d8ac089223c8ec588194e61349fb442bb00ada38f23b161d4d39916e6acf5d67055c01a50b5f23746f0046fe20b91a2e00129ba9377d8751a26793f3b15811242aaffa0320c982b1d4c6f839dde33731e4762c3eba73139c052ed8923d340f3d0fc0232c05c
04a1d45b67118a5219c2be1797f61707a8bcabbb6eede1b21896c0f18d5c389026223ec825d06c8625b03c635701c114010b5b6e12c2e72db2afaa7226258764b0835e1394429434bb09190f51795776dddbc00374157c99fdcc24156a454a5ddd40d90c4b6078c6ae108d0a014e094a72567c7b59167bc8
110de6322ec8b8c3c4533de3ece16d0eec730cca71655142739d9613da9e161161f9a90c42e2509ce76563f6a81cbb07c117339c31ca7e8683a6f980011290d674436a8153f7deb1abc95c1dd8e61994e2caa0b995d842d9aeb810d4fe28b89299e0a139cecb09ed4f14c3d54ccc0d243149d969b12851bd
01679328e6ad5302926eb0388fbb7b04ef3e8c7bd30f23a73d29653b58b4047da660a7cfdd70e9cf4a594ed62d3707e403564bd453fce01c1f277a8a1f843c80623b0e431449a7928a968609de7d18f7a61e415f0e0ba98f91d60288c3d976d09b91d39e94b29dac5a348250ee8986c7e060e8c6bc5fe707
3577c11eb86040738830cae69de5160efd09177216217239690855af6a142936cae5128c2eb08e5a42156bda8518a93a8c6158ee12780d0add13621e0e3a6c0ee000187120f54eac54aa981dfa122ee42c42e2623e57ccc9f3ba18e01eb20a477c811cb4842ad7b50a2adfec30e1a2bcf088f1873c57d248
3558d414be1a1b23a22b6094e794c00bf84bb6b5fdec1097ae4031fa185232aecd230f5c24b225eb900c5d86150ed7f34ceea9a962c17af30fef2e300bbae3b76dc23d0179055e40c322f917f0976d6bfbd822faade34d42372a00ab6010c8be35004bd72018fd0c29026220cf3b8d6703ce198975c1fda4
37c6d7b3dbc3c632620565674d4c881a98b9c983b610325740318786967518e97e3403a22c0395d00c61b0259e0744c5d3f9788a334f464f5a65665312abd0b9d94742c1634db2c9517c2235317393076c20600f3d7b14da49d63eddde6746d6c6332ba018c3a24b3b017ea9a8b35ea631cdde7ec113a5c2
0122639cca78d5c087b372dd87c8863be34b8a01f3510125d0a6d2c579f90b7ea10587ace3c3497429b47fde7f2598ffa86cdf12a36c9c3d0cb52b7d0c38f5b93c3fdcb34148fadca78c7437c697140806a1f019bf3883f2f88a22f03b0cf3dcef2292e8536941bcfd3f3f064ef53afda21a08e9fb64247f
2000000820ec7f0000008000d7fff0000000801fc7ff000007ffee8fffd00000002028f1fee00001fffd2fffe8000002001c1fff00001fffb40fff700000001024f8fef00000ffff9ffff0000001001e8fff00000fffdb0fffb00000004030e3fec00003fff84fffe000000400173fff00003fff660ffef0
3ffbfffffbdfff93bfffffffbdf8013fbffffffbdff813ffffffff7b80023feffffffbdffe12ffffffffbde0013efffffffbdfe013fffffffeb400053ff7fffffbdfff137fffffffbdf0013f7ffffffbdff013ffffffff3900033fdffffffbdffc11ffffffffbdc0013dfffffffbdfc013ffffffffba0001
103465c67b4ca8235c3a9e02463c7f075c3a9e02043c81106f479b9404d100d19719f152a073441bd1e6b381351d70ea780810f20095da8335f169302068cb8cf6995043a20de8f338c09b0eb8753c0408790220de8f372809a23c6157e7898fe1a28837a3cda902693ae1d4f01021e4012bb5066be2d260
2fc421b97c5357002c3d61fb77b302382c3d61f7dbb3137710b843a4f3723f1086e5f98d5be2ddc42e10c83cdd20b0f587ebcecc1188257c4a0a77d01f884372fcc6adf36ee21708431e6f30587ac3f3d76612ee2170878be6e30362e41871501671bb885c21d279b90161eb0fdbbd9813104af89414efa0
1b73ce61893a62b2525ffe30153eec2500ad9d26e523d125ffe303a5eeb705f0e23d9aa0e061497ff8c0d8fbae1402b674a3d48f233b644e1c95f12536e79cc31274c560a4bffc606c7dd70a015b3a51ea47939db2270e29f893328056ce916291f292fff181b1f75c28056ce947a91e43a5a39f1d1f03cb
1fdc29d397b7d5c2254834f41855ae02394484473cd34254834f43955ad82c90d4e34a7d60809520d3d0e556b608e512111cf34d012a149e6890703a3fb853a72f6fab804a9069e872ab5b047289088e79a680950a4f3448381d011ca242239e69a12a41a7a1caad6c11ca242239e69a020ee6e6dbda0688
0d31f31b57cd73a009b7cfc72426fa255b6a30ccb842209b7cfc72426fa01ca623b5e13e790026df3f1c909be8156da8c33b210863ca8f2fb8fb88471a63e636af9ae740136f9f8e484df40ab6d4619d908433e54797dc5cc42412adb518665c21104dbe7e392137d02adb5186764210c3da60b5677fea75
398f23ad070051f08f8fd5106c2575147b9385bd05a7e0f8fd510746574e391c611f30633e423e3f5441b095d411ee4e16f8369f700bede2c194586b331e475a1220a3d11f1faa20d84aea28f7270b7a0b4fc205f6f160a92c360a3dc9c2de82d3f07c7ea883a32ba723dc9c2df06d3ee2e900c29f358f51
253c02eb7fb1e3708de8326b9b634c1a4f0d426aeecfb385e14b2b0f99ff1693c35099b3b3f3321330e01b504501ee54776e472572689c99196b586a1569e9927eec633194f8d9792241be0a8542065d8ef8630bc296566133fd2d2786a1336767e0862d232510f541046f41935cdb1a60d139323318b0d3
3df6eb9d49b100f1d01f54efcc24060a87e491bb305dc0de454bf1e9e0fa02a1f9246ecc1770fbfa376579f90b1daa69b1db778a82e2bb6d65f9b98b0b2e70e5c88556e1431b2065141d980538cc74cb52e061bc8a97e3d3c1f40543f248dd982ee3d50fd134329b430e80faa77e612031c576dacc357315
145c610e3b2d7ab185eff76e89588002a7355952f80b0023b5ae9357e87100a9cd5654be02c2176498e0388ef21ca10e84ee6ed5612a6d7529476666365ec684c5fc4a810aa0033c8dd63901a56c0b2ce408d0476b5d26afd0e201539aaca97c058399ab4130bde27e0c2f7fbb744ac40254daea528ecccc
166c4496c2708900360fea8f89ac7333174c5f52ec8e934148bb5c2110303cc5d317d1a323b1265375ec9257011a40a0698ac7bf4198673579139d9d3ba852dbf724b163fd3d70d0d18d0e0fec0b77ede7d422829176b884205f398ba62fa7664751a4eca6e7474df821b07f547a3d63a330ce6af2273b3a
177702ac246939b05f8818cdcb3e671fff94f5f16bc993b7ab35a01e775637ffe53d7942f270d687812528970c3cfe47513c6ce33243161ba55818b1159ef93b135b7a52c0501d3b9757971641b7329ac8dc436f566b407eeeab2fffca7af6a5e4d2fcbd6e2861c3c122fc40c66c49f340862c374af23161
3206df4ae4fb68023ea75122764f380c27d4c6b5cfb391209c6efe8520733309f531aa5becf0049551efbe620c2759d64aa980c083ef2d73f24b24ea0be877bebb422120ec310692aa6a4a1bf8a834dc6b74924138ddfd0a40e62613ea6358d7d9d1463cbb5b63351d11f53a8913b279c3de5ae7e4d849d3
208f3b3385b7fb42434fbebf0a978131306c55e70e762217ffabd0bd230b2c4c1b1577b39d90bac0bab62bd08e0dbacaef8f0a6c700ee742d7119bb73c5d1f2a913ffb900d7708dbe7b3dd3237d55a750ac7902fff57a1bc46151898362af3873b12f071ec17abc251321a7df5f644bc101dce85ae23376e
241930aad062bf012299a05eb9910d0a30d6931e3687832896d50368f8ae028c35a4c78da1e376ddc4c04c10e03feb2b266823b4d138b5167017ad1007bfc008dc303bc0a256ca37b54c8f3e7a85a4ac7bb642512daa0713f15b05186b498f1b43c023c0a1315897672914cd02f3bc8872716a2ce02f5a20
380020001ce7ff10020000028ffeb800020000193ffda02000000a0fec70200080001cffff10080000040ffb100008000022fffa80800000220fb1f0300040001cefff10040000030ffd8000040000117ffcc0400000120fd8f0000100001d1ffe90100000060ff6300010000024fff581000000420f63f0
3f7ffffc041ffff3ffffbfff3a000337ffffbffbe00013fffbffffbe00013dffffeffbe00013fffeffffbe00011ffffefffbe00013ffefffffbe00013efffff80c5fffd3ffff7ffeb600052fffff7ffbe00013fff7ffffbe00013bffffdffbe00013fffdffffbe00013ffffdfff7c00023ffdfffffbe0001
2f9025e9e9bfcbe34bd0ed0b847bee28aae5c6de75cc535df9f6f69c6e3b3a2ab971b4857321d77e7dbd969b8f2d2f43b42c01efc1cc0540a2970ed6246222204d94f682ebbf3edeaa4dc81697a1da1600f7e2bbf3eded7adc75345572e36d2ae633aefcfb7b2d371e1a5e87685c23df7081a32e33da6541
1f679a0e89203470302e9b6b31821706d119c1a5ea318061fe90889d71c801b44670697a8c60187fa422275c7210c0ba6dabbe086133dcdd5d26712b398d5dd0bd4b09900c3fd21113ae3908605d36d5df0430c3fd21113ae39003688ce0d2f518c030ff48444eb8e4218174db577c10c17e210dcbe29ab8
3c880bf093fa0a6158cecab066fad626e8ac7abf4e54418cecab07b9ad5b222a3ecb4b60d7e1633b2ac1ddeb571ba2b1eb057950e16dcf398614698b11151f65a5b06bf2b19d9560cdf5ac0dd158f582bca871ebdc2f5deb3b4f04547d969ae1afb2c6765583bbd6ae374563d60af2a1c2db9e730c28d316
1515e5e337c102114febac604eb0bd036bf09787740170febac606350bcb071a72e626c265e13faeb1817cc2f30dafc25e1dd005c07f70a74e5edf57038d3973136132f29fd758c09d617a06d7e12f0ee802e37f901783418cf20e34e5cc4d84cbc27f5d6302f985e61b5f84bc3ba00b80fee14e9cbdbeae
2026417c8b07516155bb9167433fa81b39b6a63d47ef015bb916757dfa7b108ef6e94544965156ee459d4efe9f2ce6da98f93fbbf234c7cc6d3e35cf28477b74a0924b32ab7722ce867f5036736d4c7a8fde03e56f539b7c1461211dedd28a892ca2addc8b3a9dfd3e19cdb531f69f77d0698f98dabe6b9d
2c4c4ec0abdb226109ab08779d10c61b79cd58638db7709ab0877ad90c5c3e6e5fa9740e2b3026ac21deb643172de735619256ddb1e63c8eb40b81483f372fd4b7f715a2135610ef3a218c36f39ab0c71b6ee3b346837d90a3613cdcbf52ec3c56504d5843bd6c862e1bce6ac328cdbb53cc791d68170290
1e930c55b6d12571c82a39c12ece2803468959fcb733211d1be70b5ff6d53a4c3156df6495b0c01b9bbad518d60d1a2567f2dccc822ea15b2f98e74e3d2618ab6da24ae1c23688a43797b9068d12b3f96e66411750ad97cc73a701a344acfe5b99912dfe36ea2bde8e0e4151ce097671412df0d652e8f580
2b899a3ed98841e2de39b198461f03107f95f17e6a6cd030ee3b5eb5d0172e2668fb6e610761fb6d939d0a935a01fe57c5fdc9b33235b4e40cf81a3d1713347db73083b25bb64b2b43211a20ff2be2fcd4d9a31ada72065b0d1f283fcaf8bd2536736f08b2a10ac62036f1cd8cc020f8212a995837f666f5
384186d37e158a1193c64e7a4c214110fd7f07ccb6dec3cc2d459cb0521d21061b4e04b6281261239e18a0dbec03f5fc1f36fb7af31e666193bbf59130830da7004b14115c3b3a0b4a3bfe21fafe0f996dbd838f3330c9bcfac9087ebf83e65b6f612048703f2b005c2c9e3273d0510a12a3f551a546dd16
08ee7143883e9db0b44eb0c87dcea505829fcdc355b2926dd258ea61c10e23b9c50e20fa76c1b39e30135aa495160a7f370d56ca40ca390918c7e1ff11dce287107d3b6379311a6f907dba0b053f9b86ab6522651c848c42f10022c14fe6df9ad952a5908f87cd16cc25a2758641de7533494e6edb2822bc
124ef2688d95427321ec10a120332b2e539af3a2284f518d9e84a882f661093bc9a23a7509b2b2f875845b9124394e6bce90e13d230dc40ab0ecce3d249de4d11b2a84e033446863ed85e71ca735e748709e9386e2055855671f3729cd79cf0427b01cb98a662c3de8390f608506f1996066abb8b7ff3dbd
1a3268009a5ec6c1ab26f35252eab216416e39fc8e2d43a28d10cfca292628c9a0026d9b1af1771f66a742f7f51905b8e7f658b4f286bc959d15c9f83464d00134bd8d81219f498e35dbe92c82dc73f91c5a81435e4ace8ae4fc0b20b71cfe4716a0855a67ff2990a80d59379a92975590a6509cbc5ca1fc
3722ad18558aa3d3e63bc1aec23ab01a44df81c543ecf1997fbccb032ff31c8ab461628a8f13299ddd95f251f129137e07192fb3b109c95f1cd2135f2e455a30af3547932d349b6351924c3489bf038a87d9e284e4af8e4809b02d226fc0e091f680e5f16106201b311f31de0d7611d58154632e1b5bf444
0d3675f4c176eaa2cffa6de0b6326639519b4da089cd80ca6ccece2a56b934d9d7d305dbaa83a307c13ad9985f25466d368e8735d18547deb9767c5e1a6cebe982edd5436e12c69fd4696432a3369b45339af0c2a3ef5cbb3e2f1ca8cda6d044e6c1a32bb442629a97167fd36f05b1933239e19d7ef3d1d9
3ff7f8003cdfff137f800201ce00713f7f80021cdfff93f80020014a07f33fdfe0009cdfff91fe000801ce01f13dfe00081ce00113e0008001ce1ff13feff0005cdfff92ff000401ce00f13eff00041ce00013f0004000c60ff53fbfc0011cdfff93fc0010018c03f23bfc00101ce00313c0010001ce3ff1
00007f7ffffc000007f7ffffc000000007f7ffffc000007f7ffffc0000000001fdfffff000001fdfffff000000001fdfffff000001fdfffff00000000000fefffff800000fefffff800000000fefffff800000fefffff80000000003fbffffe000003fbffffe000000003fbffffe000003fbffffe0000000
2cba858170a53ce3a858173837cd4e0ba8581737b3cd528581738718d4d232ea1605cad4f362a1605ce1a535352ea1605cdecf3542be4097a785ff3019750b02e56a79b350b02e70b19a9b1750b02e6f679aa15f204bd3c2ff9825d42c0b99c9e6b142c0b9c38c6a691d42c0b9c1be6a717c812f4f4dfe5f
135489764b334ab1489764c70eaab335489764c3b4aac089764c7234ab2b0d5225d930ed2ab1225d931c7caacb15225d931b32aad17d9e683a1400d226a912ec96669562912ec98e1d55662a912ec98b895570becf341d0a00691aa44bb261da556244bb2638f955962a44bb26366555a2fb3cd0742801a4
0a195a076e21e330065a4bc666c79d1a9465ad18ca0642e38a30ef53047506a5196b4632819019692f199b1e743d3f46e2a25a31138e28c3bdd011d21432b40edc43c6600cb4978ccd8f3a3528cb5a31940c81c71461dee808e90d4a32d68c65032032d25e33363ce8225ce50ddb5d0c531c51877be223a3
2bd75f592bdb5b13f4558707b150ca197e898e947f583073559730bd2bf7165fa263a417d613d1561c1f8b432521a600db01afc1f1cd565cc2f4afdc17aebeb25bd6b613e8ab0e0fa4a19332fd131d28feb060e6ab2e617a57ee2cbf44c7482fac23a2ac383f588649162bd42120017a439aacb985e95fb8
1fff62d4fb251292d7fcc04b42b07123ed995467c77fb301e6902ee07c5d18fb665518e9dff35ff3012d8ec1c2140a8ab0fbcb9d20079a40bc47f1713ffec5a9f64a2521aff98096c760e107db32a8d3aeff5203cd205e02f8b931f6ccaa31d3bfe2bfe6025b5f83830036be1979ae8fb00f3481788fe2e2
25f1c1dadc6ebe734b347506f02703261d5877ffa01213854a29c19a50b93987561dfcd004912cd1d41c869c090587b1b1cbae2fc21528a7072f42e10be383b5bcfd7cd29668ea0e224e050c3ab0f0036024130a94538376a171330eac3bfdc0091259a3a8390d3812382f90f88b3a68e02a514e0ea085c1
1dd56fdbea55ac90324b391a6668ba13c37406d21e61c0263f49a6c809a32830b0db70074d70c1ef19793a96d33c076cd188d74c139a30ea53c5c5973418586db5f3a6c19dbb0f2d1423281e829106ae78db93299772ce5a994436339a4e8c714212b6a0a72eaa4e5a2ea93d7cfaf1f24398196508fcd2b4
05ad91eddaf276506391d585df67ab3ac7ece5a5da0680c9b4c9ea03dd64225ab8e6c06f27b1769235762aef5e10ea2dc53aec07c1bbb63eb965c973312d5c735e2793e1555bef7f95ccea3e86530f2307d3304c678f1d3927b83d22ea8362269d02f64df5345aabb426e5d2513c471693edc0623624ff11
2ad3d914652ab950c89a9d2e99bb450e775ce539a64121bc124bd4f245b72b7761c5b1a63df2a32caa3c26c68c3cccbea33ffcd6c15482a7bd02551635bbb0e2d6c31f03c9c5eb369e750214b4c3bed32812736efd3d39fee1fe1ddce9d047693960194d3c8eda6b6902cdc1c704cf7b60fd504d4051f4de
1cff669668f207c23f50ec1024a75d07b1e228368fe8d1c08f331962a38201d9e6e36c019a03db028dd575aa731c1b8e2add310d521e53cc446f154000ecf371b600cd03e938fdb1630f5a03d03703f43a8a710a9638ea44b5e823c7cc80e050e070e4db46c4a4267901f088037cfe64b24c07375413c9a6
29535471a2a76ff0713e896d7c998d297c390d35c8f651fcb8c9cea644a3252554528ea26690e590b88a17e4b6081aa5f72a2c7cb2cbe8f61b0774933292aa294541335351e088ec776a46290b41d5abca8db065168fa4de03a2035c826049a80f61ff3a504ff8d8f90701076dd7c32b4193557ead1260bb
3fdb4b0cea4c944365274d2001a53c3b79f59ef7e67a83786c3c3b04a2df3190dfaa0618d5717b343eed72c8b90a7652b9e050253172944742b0367f38c86fd500fc6ac007ab9b9a98bf7909ad23b85b64bea0ef1ca1a4ffd86e030dc09a1043fe418663a019da94410b3339c6022400229bc0c2010a3908
25e241ccec9d3c23b4689295256c0d3236e8f5f4c380d3b6ece43097414026ae15c808a454e2d854eeeb01032a0393625d3030073251b3aaf33fc7d413570ae404522a7187b861461250ca10f8163967bfe162bfbefe59b22c492789f2f87146026044914938395841108c60e07b3cb41222303fe2790cc0
0d551966e5ebbe609b2b70c17e424f3fe20ad58a1c9ce2a37f9f67350a2b29aff46c5389aad11f3f59a4ead8ff3310c753dc5aa05197adeb25e3a05a34d7fa3627b4d570002a7622f2516f3e492a435b69c7b074c9908f12a5121af27022d22b07d3a8cd34b758b031211017e0f6663960c0c114a9eae270
0007fff819001f007fff7f8211fff0007fff7fa101ff03fff7f80061fff7001fffe001007f01fffdfe0217fff001fffdfe2107ff03ffdfe0024dfff1000ffff011003f00fffeff0213fff000fffeff2103ff03ffeff00105fff5003fffbfe100ff03fffbfc000ffff803fffbfc210fff03ffbfc002cdfff1
000000007b600010000007f7ffffc000000007f800000000007f7ffffc0000000001ed80004000001fdfffff000000001fdfffff000001fdfffff00000000000f6c0002000000fefffff800000000fefffff800000fefffff80000000003fc00000000003fbffffe000000003fbffffe000003fbffffe000
1a6ff30ce879daa0da230f67653d9f0aa014cf62f79e313b54105046c9b72f01a2801bfcc943146ed8d845a0872fc22989e0d3d810ed5041415d26db34dfe619d0f3b541b4461ececa7b3e1540299ec5ef3c6276a820a08d936e1e0345003c19927228ddb1b0cd410d1f845313c5c7b011daa08282ba4db6
2d100d021a1de59325dde18750c1ec2d5fec2190a46142c4bafea7372ed22efe5dbc1bc236d0eb94eae5685d9a303dda39d4dc261312ebfa9d60bb461a201a04385bcb124bbbc30ee383d71abfd8432568c2718975fd4eb05da31dfcbb783ba46d91d729d5cad0bb34207bb473add84c1225d7f53b03768b
2f5319f7267eea83c848272421334a0a5d9c21fedcf9e1730d25ff7dfecb2f481ddecd86d5f01ceb85a39be26d2cf70dece43dfdd1cc3497fe39fb2b37a40eef64b36b020e75c2d1acf137367b86f6700efef2e61a4bfefbfd96052ece10ff6e7cf2b98692ff9dff661e42413921099a5118b9a8440dbbca
37c63d38f7908b807d71952b92e9cb1a5c3a1a66d861d21ad4d2b23db20922999248d36c442051c0a2119de5f91b6c9e6bcaccb3406b534ac97ac822114cc92469b6221228e05108adf2fd0db64f35e56659a035a9a564bd64112d2e1d0d315c30f30d6a6958fdd90523eb8ca95a874e626cbd705cf18332
3b3429ef2e1599b1e1cd3d6dad1931180304b8378fa1112e49232b52c8b729500a57baec50c28b6a0ca6f74f722e105cde961358a0b9248cad8d22db14a8052bdd76286145b506537ba7b917082e6f4b09ac525c924656a5916e2c01825c19b7d0929724919588645c2f0e69eb6b58c993f1f8a11380803e
2caffac2960b7241b03724221aead0331ae3294c032420bfb6c232ef978700c4350818429d4064e24327ad6c6908eaef4032a27a82fedb08cbbe5e1c00621a840c214ea232712193b5b635047577a019513d417f6d8465df2f0e198d7194a60192125fdb611956cbc40d81b92110d75680679f36cdc2c945
34a287dce56a8c6169c4095276da1c2af895528ef32b01fbea15e3c16c02177b6cd4d4e02f327efa8578cf5b0135d683c9eb5add3317bdf76095bd7514d4ef6e620be7b0a1a5fd8355b8ce15f12aa5220655f229b640e95cd36d2ef6d9a9a9c05e60fdf50af1e0b60137a00095b718e212eeab7edf31ad65
19f9182f7284df82c1709e3fb8624708506a8be38f5a102cf69943be50592f175c627ebb0ca30b3da650be1417045fcb81abdd1ed0ae5f37bda0b66721c3be56f5d21ed0e39e54853de17810a0d517c71eb420f9301a81f183c71e2eb8c501961932167b4ca1be282d15ca79028f0cabf22d6c8f6eb693b3
1259bf0efeb50283586cc8a1d7d9752e808c97864c5d62840c49743f5b203a0380ebe8474f90a103125d0fd6c81b0b6dec0edf7c52d0e135fc96fb873d4afb497140f3507c2af42d81b96c1d01192f10b8bab33cc72fff30afbc340701d7d4ae9f11420624ba1fad901164a1a2bb64e473569ec8a30855cb
242203f70b4f44e0db7cd51499e6cd3b384cb154413a80381f7724520dda27faa1b9ac9ed3b20e07ddc8f38377102c1c96c88481924069531abc4f2507b192471c63f2b3a665f14a5ced2b36709962aca274f280d2a72738fc240ff543735d5da7501c0fbb922906ed26cac21569d82270e7fb34b347903e
00684fe9b2f76361cdb41d1f5bfde805428c69ab583a42919e2bdfc2f73b0824148d13478981a4678af7e03dcf31bf47d542415163d8e199056196ba20b4e2664d17f1e1abfbf31d8edc3d0a8518d356b0748312a89ee0f10e081048291a268f130348cf15efc07b9e1d0c06c2a79383834a9aa38cf43b80
32513add0b2294a3ae8ce232c9ad8e1404ad38535c04e15dc65a101ba532369dcd880a02c91257719683e5e94d2f09795364220ca1d9db5a88b761af2b5cc57a8f5ccf0191c8617c87549528095a70a6b809c086de1709c750e92d3b9b1018259210aee32d080dd29902c52cdc2a9e2d71feda58675264a2
35a33fed4189306168c7cc86a9eb10399f7c30a102aec2c366a37c487ef931649d4c9f5175a3b0d9a8dee09fbf035fcf7076eb0450ffe0172daf08621e2324f68d9b6c8370d28107c8b933333ef86146255d70e78a5efe5e1ade22c93a9942c2eb3361b351be033f7d39b4bce1aa239a812f120e6764e9e1
348e59f5ca104120e454b29ff92ef9303fecc9c52ab772efe4a2fa1de1282f52b3b23f1f4970bbf928be87784a370b84a7759cac7294ec2daa9ac8371e3b074b1c5b1ed3fa8b7a618a595a207fd9938e756ed3ade730d2a3c6e81ea56764825e92d177f2517d0ef0942224104d0ad631306aa8cb372f5df3
1ffc000820f7f703c00080014d7ff13fc000801c5f7f100007fff9c600113ff0002024ffdef30001ffffcbfff93f0002001addff10001fffe0e800743ff8001020efef0380010000ccfff13f8001001bdeff10000ffff17c00323fe000402d1fbed20003fffdca00013e00040018dbff10003fffc1d000f0
3fffbffffbe07f93fbffffffc5f8013ffbfffffbe7f813c00000003d80013ffefffffbe1fe13efffffffdde0013feffffffbffe01300000001bc00013fff7ffffbe0ff13f7ffffffcdf0013ff7fffffbeff01380000000bd00013ffdfffffbe3fc13dffffffffdc0013fdffffffc1fc01200000003ba0001
2a90744a9ac13e011d22e014e39a152d1d22e0120d9a22856899db6b645e2a41d12a7344f7e2a15a2676b9d91834748b805076686269bfcc3380e76b1520e89539a27bf150ad133b5cec8c1a3a45c0283b34310ad133b718c8bb0f41cc0895b4906142b44cedb5b22f28e91700a50cd0b0d37f986743ced5
157713355d0dd1235b551febcb556c135b551feac3557102176633e5936115dc4cd5785744734085d98cc7e4d90d6d547faf2d55b3b440340836f7972aee266aba1ba243a042ecc642f26d26b6aa3fd586aae2042ecc67cb26c230fa6ff766a3e7b2810bb319d1c9b11adaa8ff5e5aab6368806810afef2d
0b1ca7373ae4d220dfed5939fa362d1f8e3af8310c1b13a2db463d172400049445945d2a9e337fb564e7e8d8b43e38ebe0c8506c30bd4c67dc99fbaa16394e6e75c9a441bfdab273f46c5a3f1c75f06218362129b1a1534af74c2fc71d7c16760d91d16da31e8b92003c71d7c194c0d8517a98cfb933f754
3bb330e4630e5e3395b941c61edc3f3fa9b591156559e05fc933537aae991becf1268017822256e507194170f93ea6d64461f56750df18f4e3de422e376661c8ca3cbc532b72838c7fb87d3f536b222eeab3b32fb4b6957a03d21fd4dac88ab2acf22fe499a99c574d3d4dac88c80ace91be31e9c7bc845c
164b4963a8975cc19f1c54dd0ab8d636f0ceb5e196d4004dbf9b3379cc2f010b7cd728861d727c7153746ce3571bc33ad792bb4fd1ecd0a7bca7d6672c9692c7512eb9833e38a9ba1571ac2de19d6bc74da7f22b5ce67934f1bb1b78675af0cb6a0226dfcd999be618378675af25769fa3d9a14f794facce
2515ed7e355750f0fc2ce7e0b815c70ce830988dd59830be99671c8871bd27378863e59f3a53f0b39f82e0571c33a0c262375660c0b2bfeb0a582dc90a2bdafc6ecea1d1f859cfc1702b8e19d061311bab30639937b9613e34292674184c44dacc225f4cb38e2338df274184c472ccc171657fd614b05b92
27742955cd1b80a2380b94c25c08733b01cebb04365c81f096c827513c7a0ec073aec10d9723f5fee7b3b1f84804b95a59dba558920829619bafe5ec318041c1908954d3f6eeb4e2cc95c00beac4f7943e11f10414b0cdd7f2f61d80e75d821b2e421ddfe4897febf831c05ca610d043a0a6ac85994f9634
1a9de46a4817d1d2dbbd1640213f292fd2efa1fe3a13b2a160ce07c02a6b1bf4bbe87e8684f29eff6291a50f6432d695f2efde62211387418d63cfc917d7d247d0628da0149db5fb4aa8c40fcee29555864c3289c3a0c690e7e537e977d0fd0d09e1dd41ad1e0101dc36dde8b1fef9f951d5f716ae60af21
1a6742d1bfab52c08043401252f3012882c09936bca77227902055bd0c651a20b0264ca729e205b169f1b46411340f3b8485c14700b08f3637438472031a37ecc610de0301c66bc52ac0c90d5c828af88d41a058479b1ba1c2393441604c994e53c2401170fa1ac19e24021a0090879810cdda2466bdac04
16318e94e4e9bcc02a357a3f8898421232a4259e4e4de13d4e20361c74aa248ca90965839382b27345e48d35a116adff82b00ebca1e248db69f6f4de0f8bbdd4c324e940c34d58cd10fc5d0e22bb04808b52d0f1246db4fb7a6f09195212cf2726f3757a44a7f14bb10151abd1fc44c21328fafbf806251a
11403975cba8ef00c1677ece768c56169a7189a87b6d81909dc93d152dd905a69c626a1edb6259056aa74e63a61769b9a018ab72f16b2d2ce5f7c2a91c7254cd89b96ed3818f11fcaa3de40377705a08e82422b5969672dae1550b4d38c4d43db6c2a1771c7007e6de060b3bf673b462b3699ea1d3b8e234
3e71cd3739ecd8d05b459be316845b20c36a7e818810622779ac99dd35c32830da9f9e520422bb84ebbb8a072f39c82d29dc8233b0a15e600ad1b1a7267bea75b32d2cc047a8d378b13cdb052fd3a477fc2e2250af300547d8d41061b53f40c40833425b3a60a414e322da2cdf16a422e1de537af18b27f2
2e5b43a9665f3380a50afa9306228d01f28ade75c83ce3b0c45475c9914d207ca2b79b620f40264f7c8f95e94f10c34511bd9187a01f46e5e7aaf19c167562fba5273461c33e69c87bc03e13bc126b8e5e55200fa372f3d578ce00f9456f3ae41e73ad5c112474ef8c252857d496211473a834096d6618de
21e5f88561fedec26226ade0c7bc5b0b079626089ca1b2c250e6b34b4a4012c1e589811f28730083d4e04214410346297215dc1d80adaef74d2607832fda97fb36e8ff126729d2478f4e40002804ca8567ea9256d77ba67203c22583cb13023e50e3cf25949eec2d1a3311356f042de2e1ac755b06b2ff79
307c1ffc1ce7ff13c1ffc000c1ff7707c1ffc010fffec01ffc000bddf7e101f07ff01cffff1307ff0003cdfdf11f07ff0001fffd807ff0002317dfcc20f83ff81cefff1383ff8001c5fef50f83ff8000fffe803ff800139befda03e0ffe018ffff220ffe0007ddfbe93e0ffe0003fffb80ffe000420fbfb0
3fffffffc41ffff3fffffbffbe00093ffffffbfbe00013ffffbfffbe00813ffffffefbe00013ffffefffbe00213fffffeffbe00013fffeffffbe02013fffffff8c5fffd3fffff7ffbe00113ffffff7fbe00013ffff7fffbe01013ffffffdfbe00013ffffdfffbe00413fffffdffbe00013fffdffffbe0401
0859f948b1088ad013a2c04cfc76910ce15c8c99dc97130d5d5eac9bf84c2beb91bbb00ce8e04e8b0133f1da442901c599bd879da035757ab335e12d15f5c8ddd806747027458099f8ed221480e2ccdec3ced21ababd5979f0972670ae464ade4b9186aeaf564dfc26209d160265d3b4915483a254d609f0
27a5c6bec1d77583e85db82ac18a60331aa3ebc9836a40b2aa28d32216c514136e6265b31743a176e0abcc297d16ee3c481e586672caa8a34c885b140a09b73132d98ba3d0bb7055c514bf2b771e240d1c3341655451a6442d8a198d51f5e4c1b52259551469700b631f42edc1560c5300abb899aae86e89
2de0ce39fdd59893a546f3e4fb54431c60b2ff7275da513f65e67e35dc720f88406c7932b9624fd9799f6c771d1e951bcf92e551122c729cdcca93491bc19c73ffcb31134a8de7ca38a88538c165fee4ebb4a27ecbccfc6bb8e41f1080d8f26572c09fb2f33f1aee393d2a379f25caa22058e539b9d72691
07dd034725f8b5d36d197bacf1e9ee0a581023d75282438d03c6617f24da38d57ac937a20622e340f1983ec9372db465eeb1b7a7c1eeccc3917bb9790fba068e4bf16ba2da32f75a25d3db14b02047aea504831a078cc34049b331aaf59273640c31c681e330bf926d1b68cbdd678f4f73dd998722f772f2
249c752d45d333f19c066bf73c0e7002b10fc3cc57761104fab3e64660e33a6ccd30a5f07821413eacf9811839067019afdcf039c0592d258ea25d730938ea5a8fc667d3380cd7ee781ce005621f8798aeec2209f567cc8cc1c634d99a615000f032827d59f30230720ce0335fb9e07380b25a4b1d44bae6
05a63b829d1bf9d359bc3565e87182169e5029d597eb72b0ccae36fc7fb33d37805dd090b831ac332b8dae9fed2d66f0d59591c6119457b5f8c4dd440b4c77053a37f3a2b3786acc12e3032d3ca053ab2fd6e161995c6e3aff653a6f00bba54170535866571b5d3fda1acde1ab2f438c1328af6bf189ba88
06e6f77fbb650c824ba5afb0e797d737dab658bb557331b4723ae4b4960e047c1e95cb8693f26d1c8eb90c2584192e96bec2965f626e04c14fa26164223e0f4ae3b34a01368e475c8612c20c974b5f614b2fb1370260a7d130b23bed5b2c5b9ab9a0da391d725a4b07325d2d7d852cbec0dc09829f86c2c7
202d95b40bf64dd36ce23cd56e75bb3c66f97ca5bb8e705d3476684b36ee25133ae016887782174d1d99f1cdbc1db388f354b1d6f0364c09ac43158e12899d700b443bc10ba68eccf8e6de2ed9c479a848eb801b2604d6218ac73e337cbe50cdc7402e9a3b34259b773b6711e6a963ade06c981358862b1c
118f7bd444a2b1b1b14d3049af9deb0756c218fdf569d39970cb9234e226150ef4fa2adcea22e65c32e46c388a16c534c125b677b1fc65f41c77959c0a877a7d156e7511732e1972361c452b629a6090cb3be0fe32fa0e3bcace23ab610c7ceab4f1ccb865c91a71132d8a69824b6cef63f8cbe838ef2b38
38627a563957efe39b293f9640d9f0141fc7068ae7dd735808e21c316ad622aed4a6ee74ed52d6023886eb5ab60e6ca4fe590367c13efc16b41fea7631576a53752a76b16b011c4375ad5b0736527f2c81b3e09f7e0b5a0ff53b2a0fe3834363eec1ac04710e18b56b1cd949fcb206cf827df82d683fd4ec
38d413917bc874613f4ddcea1ac73b04bab015f429c3d24f68e5ee2ca7d82387c920290f7b2093da397b8b29f614fd3773a7631cf15ecb0976a2603911c3e4901487bd9049ed1cbdc594fb2a7e9bb9d1a18e82af6584bb30301d225d580af804e1f127b472f71653ec29fa6ee74ec639e2bd9612ed44c072
09a8037abe06ef23384060b68fcd983192cb77fef001d2ff68447665d608192b6e6a0e2c70e0bfda111d9975820ce10182da3f366066fe4c077f4b120c95b735071638705fed088eccbac1067080c16d1f9b30337f2603bfa58938c965bbfd6800f17fb4223b32eb0419c20305b47e6cc0cdfc980efe9624
20510ccf218397330bad55ab627bb606119615d73763232bc4b1ab35e0191b8ae904817c4503caf12c6a9bf8072c2eb556ab79eee1ed9896a28746870dc5748240be2283e57896352cfc0416175aab55bcf772f6cc4b5122a3440308cb0aeb9bb19395e258d579f00d185d6aad5b13ddb3db312d450e8d0e
2c2f6b646cb99141a8eff26c8ae5cf3419df495b690aa194e7e6f6514453068106d2b7110b916539f9bd83d11516a3bfc9b1239742b763c61cf9081a23408369597885d2b29cfcdea0e88b0b51dfe4d891cba15bb1e30e7c840d1a0cefa4adb48552ca73f37b07a22a2d477f9362472e816ec78c3a341033
3ffff07c3cdbff13ff07c2018e00713fff07c21c9fff93f07c1ffdce07f13fffc1f09ccfff93fc1f0800ce01f13ffc1f081be00113c1f07ff1ce1ff13fffe0f85cd7ff93fe0f84014e00f13ffe0f841c600013e0f83ff9ce0ff13fff83e11cbfff93f83e0fffce03f13ff83e101ae0031383e0ffe1ce3ff1
00007fffffffc00007fffffffc00000007fffffffc00007fffffffc000000001ffffffff00001ffffffff00000001ffffffff00001ffffffff0000000000ffffffff80000ffffffff80000000ffffffff80000ffffffff8000000003fffffffe00003fffffffe00000003fffffffe00003fffffffe000000
07dfdd6151f81901fdd615277f8fe13dfdd61523a18ff3dd615279c6fe091f7f758547e06403f758549e403f8337f758549ae63f932167e52292a22c0fbfbac2a3f03203fbac2a4eff1fc23bfbac2a4b631fd3bac2a4f3cffc113efeeb0a8fc0c803eeb0a93cc27f052feeb0a939ec7f1242cfca45674457
3817129e69ef6e917129e6d8b6e820017129e6d8b6e823129e6d8cb881fb205c4a79b41dba11c4a79b631da07f05c4a79b62dba0809e971afb075dd6302e253cd7fedd12e253cdb16dd04002e253cdb16dd042253cdb19b303f500b894f36c5b7413894f36c63b40fe0b894f36c5b741013d2e35f60ebbac
3472587dc562f5e39eabdf41a9c76300244d12ba3b309046b841818ab4ef30091344ab76cc327aaf7d076d1d89137ee47923feda60538bcce3a9000a28e4b0fb8ee5ebb33d57be83958ec500489a257476612029c5e671d48005201226895b0d9852235c20c0a45a783f1f71a9b5750a80a71799c7520014
167870a1ef3894014d757861386284038f9e1ab5b2e781d3226f26df3d8400e3e786ad6cb9e135d5e185238a0f09ea530b825dff419872d252ad8eab2cf0e143de7128029aeaf0c270c508071f3c356b65cf02cc39692935c75601c7cf0d5ad973c0e99137936f9ec200f4d3abec3a081330e5a4a55b1d56
0a771419fb3d32104aa6e256d8d3680b68ada454a978024e73d80c8cf7aa02da2b69152a5e012a9b895b634da031f6dbf0a7137e8319730f7f01a0fc14ee2833f67a6420954dc4adb1a6d016d15b48a952f0018cb987bf80d07e05b456d22a54bc012739ec06467bd50bcc0f29d44fa77232e61efe4541f7
2e7002c6c1d85353e737ce288ff28c2e0167365e795ff177b1f97cde13601b8059cd969658039cdf38a305ca2d2517ecab471367427a905a0ee3c63f1ce0058d87d0a693ce6f9c5161e5171c02ce6cc112bfd33d482d0750e3203700b39b2d2cb000bbd8fcbe6f09b01d0fabc19a48c520f520b41e098c7d
349fc6f233c5b7d01d758ad392c7780068e56b81df156010e2cb12225a73035a0d349e077a5205b6e15a20572c2e9d326443ba1aa094a298b4f05a3d21ad069a4cf3bd3301c678ae9c3d3d37cd73d009da42e021c5962444b4e62c865300e4519be2e886a2354d345513d4c8a270b78f61a5c42bbe406b63
12f82ba67ff09f31ff7e492742ebc20f718870063c9440e2e98a56a47a6c17851fc95887cb218dac4ab21bbc0723909beeb0163ef2f54c66f8e41f530bc28fe4ac43e59370c44ddaaed9f027d98a23dfaceec1c5d314ad48f4d82777b8489257e3e1d45690ad68e4fe0c32aea42abb84e25debab44d768e7
3c0d675d754f1c6383ba65a668544f221041764c6c71e06b9d3dcb39b64c305d9ae9f657ca233ccd0d148eafe10b3050e7935599a24a0bb208ce9dd2182ecd74fb2be510cee41a73a7aa253be68ce0f8b473f0d73a7b96736c9827a95c18d0cc51c27072bfb979b6511f94e64fa341014287e8316a1140d6
1a53c29c34bbb1c3829171889d91db1cf7a284ef0a88e220e677e8d0a0c1372b56fa97084211aa0ef226ede82431328f9dc33b8d8116de27ab8fdfe23b95ab7d497421139a8bbd806363152e5bb7bd652fca9041ccefd1e341810e6aacaf3e9e3070dd95b7055b3f2c2c1e8ae94913651087cfbc0d8a76f1
105045c6caf590f11e18a4738e41a7194b4e5fa1eb06b3d0010ba15aa25b011919a72bbaeaa0beecb581127d6e0756fb40d694be42a46d73aa48c4c5008c8cd395dd7553cccdd2d55c4c2308a96c7a840eae73a0021742f744b53b440d097b9917a1e97e67097475390579b2013093ae63fc731a8f6500d2
3376c1f8330c1b611f15d8df9bccfe35316453777eecb0b145b208f0d3773ffebb5724f6f2022dfeb1fc5c7fe531540d8bda91ee0231d2801bf9f0fa1fff5dab927b790100ceb0652624f93d1c01215675a311628b6411e1a6ee1fe977f44e0037625a418d276d927b18eeaf69fac791b14c62306d2980d2
0783d63e0ee4cfd287f6b78eaefc710c503007fc5cbc4035b8e2715a6fc92d34678c8982a3c07abeec078044152bf87ea54234f52085cc1d5902ceb1169a33c644c151e2f10633021a8030052aa45d72d258506b71c4e2b4df92349696817302a02047630e074231f421569970a3668fe2ab7b01750bf19f
1f17c5737eb68163d39b511b577bc11c0ccb9f2b68cc9388b36764a2f10530baa49ebad4b6c30e1745d954940e23bbca7a594b5f32b9275ff4ff8e6c185d524f5d6a5b60dd630d973d2aaf369eabd699e227231166cec987e2092907d087a0c11fb149f8dd7351b8d802661e2df047b722f86084037814e9
3f8000000d5c1f13ffffff0b1bffab37ffffff24a1ff13fffff07dedfbf13dffffffded07f13fffffc20d5fef11ffffffc5ce7fd93ffffc1f24deff13efffffffdd83f13fffffe1259ff6d2ffffffe2c63fe93ffffe0fa0df7f13bffffffa0c0ff13fffff83fddfdf13ffffff877cffca3ffff83e2cddff1
00000000883fffe000000800000000000000080000000000007fffffffc0000000020000000000001ffffffff000000020000000000001ffffffff0000000001107fffc000000ffffffff800000010000000000000ffffffff80000000040000000000003fffffffe000000040000000000003fffffffe00
2647b33c7c1eddf36c1e8146f8e6a81d2370fa817d4ec3ab80c16152b21123a2798ae4a63541b07a051ca99a9d2a0a1751602a7c5259e5a0c0c1724c11d13cc572531aa2d83d028e33cd4f35050ba8ae053e33570182c2e764210744f315cd6c6a7360f40a3953353a14142ea2c474f890b3cb4181c4e497
09b04cba5f40e26013e0edb8c119d1225c8e7469deb21054762e9da7557a1c3d8650d318cae04f83b6e304674413f5e66a9ba585c1a5f61f3dfcabd50e1ec328698c657027c1db718233a209faf3354dd2c2e0a8ec5d3b4eaaf4387b0ca1a63195c09f076dc608ce8827ebccd5374b0b834bec3e7bf957aa
07b02fbc7cd046d3313eebe4386a6c058ef4f1ab9aad739e736a312c5a8c2bfde398afa2bd90c4fbaf91a7a9ad163bd3c6ae6ab5c3759891d7867f7635fef1cc55c15ed2627dd7c8b2d4d70b1de9e357355ae1bacc48ebc33fbb13a7a1d20ef7dc51cf39b518962d461989f75f21c353606b819bf6e8c45f
22e60f4f1acec6f3a0c2d56662022a3b163e2978384e63ae7750a217df8f1b8e2e3384626d12830b559a4e08a52c58f8a5ed41395115d78fec77bd062dc71719c02136934185aacd060453362c7c52f4909cb08aebc7f63bde830a0a0c9547f6f233d73ba850eaefc81d0616ab33101153c1c5faa2eb6cfa
37a9c3c7a87d0b503f9fd88ec9de3238ca248475bb921257b38eb442262b1169ea77f1f28b40fe7f623b2778c823289211e34e4810630351c18d835908b4f53bf8f945a07f3fb11d93bc6431944908ef9724123181a8e0a5c1ad0fe624c1a8d2fe232bd9c75a00131601fcfec4764ef19345b62b3b81413a
3dad80fe93846923c69b8425ddd84b0568e57e5e399543df339676ebd0d226c01303498a53631a6e10983d612915a395f978e6550120d40c7b75046f13600981a4c529b38d37084bfdb0950ad1cafcbc732a82906a063d99823811d44b65eba24531ef99cb3b75e8693e34dc212cdec260ab913e2cee15ec
227e0bff9d0dcdb299e43f6adea76e33616c93eeaa952112b46cfa1b5c0d135dcc249753dc7306d3e5a67380cb2a6790fda96a9dc372e753b9bb7da204fc17ff3e3b9b5133c87ed5ff4edb26c2d927e1752a30574aef1610b38319b0b649f7554a914e783b2f64cf1914cf21fb56f53b73a4fe37917d2dbf
3678197f88dd6430d8bf3a06dc4a1e3b55cad9ed13d680ba4132fc5b0e8214ceef376966898194defd3d4b23e12362fce819612882e3899ea013af0b2cf032ff15dac851b17e740db8943c36ab95b3de47acf213c54df32b00191daae56cf689eb42590fda872120dd06c5f9d036e250f297c15d33de84fa
2544debb76fc4b71c50d71949b59e62297c7e5eccf3fe25545d7bd539f830bdf366d679b5fa124c97f31864806271435c6505d67a215c76f20e80d130a89bd76f21896d38a1ae32936b3cc052f8fcbddbe7fb2df3a4c91593882114be3f2f6679ff094b6a1b974314e0e286b8ca4dacf31e06b3aebaa78e3
3a6c6778e07dd72102ee5e962cef3009453d42108070f03573d32a1dd7841ff83235cfdb12324068176f65b63c040bb97a58b3bcc235bac331eb75cd34d8cef1c51bae3205dcbd2c59de60128a7a842100e1e27b7b5f32d08f7824a29ea10630388019a7a061807a82081772f4b1677980d29e14e1a5dd8e
00296209845c0aa2450d12fc693b9f1e02be2f7fc3b9f2789b1d34eb455c09d9cca68e05f8a2df85aedb76f5001914344bf09cee8374d55e5a02cf3e0052c41308b815408a1a25f914773d3c057c5eff8773e2e0a2818b41aa4a2f015f17bdd1dd022633ec3540dbf232286897e139dd0282822e3636ac88
0ad47c6102260eb1e5410b4724381221128696ead05230d161d0fb6ca4b9350b5d31c71485018470743e3dffd92795042d1a80e053a8493635b95fcc15a8f8c2044c1d63ca82168e48702402250d2dd9c0a4536e1504e0274ff83089434b73582920bdbd4526da5e6d0f2a085a3921c0919bb60fc19860db
39281033642178134d9041c380c4eb04d084a1d96b38a3e50837ed56268d1b3aa4a782093a63045ef1ecef18421d3641070cfb13b1866668f227a6b132502066cc62f0129b2083874389d509a10943b2d671432acd87e0796a0602684250ecb59c52d96c03ce1957663a6c820e19f627623c1eb1f056267f
02d52e0a435a2d007608125b55b6a71bae7fbdd2a3c91301a74f06b6abeb10662eefd3d7bb3138dd6172e1f78911d820496c4edaa2dbf6dddcfdf34305aa5c1486b45a00ec1024b6ab6d4e375cff7ba5479223d16c88ebd55c6e2dd73fdee741e49330ea53040c218c23b04092d89db540f8be2b9bf5b40b
3fffff7ffffff003fff80001cd07b13ffff8001cdf0693ff800001be7c113ffffe000c5fc0d3ffe00001ca1ef93fffe0001cdc1e13fe0000018ff0713fffff00041fdff3fff00001cc0f713ffff0001cde0e93ff000001aef8313ffffc001cdf8293ffc00001c63e013fffc0001cd83d13fc00000151e0f1
00008000000080000800000008000000080000000800008000000080000000020000000200002000000020000000200000002000020000000200000000010000000100001000000010000000100000001000010000000100000000040000000400004000000040000000400000004000000000000441ffff
3adac814701684a1ac81473dfe49152dac81473b2849237b4f0c6d9a545c2b6b2051ccba1250ded3c31b66951736b2051cf4e12461991eccf1dffb7835b59028e44d09326f69e18d924a8c1b59028e7a709232f69e18db76a8b716d640a39d942491bda78636cd2a2e2d640a39ede248b3323d99e3bff6f0
051c27e38bc06b71c27e38c12eb6ec11c27e38c026b6f374a8f3884dab6814709f8e2f01adc0dd2a3ce2136ada0709f8e304badbb226c132e95c038a0a384fc71780d6e06e951e7109b56d2384fc71804d6de2e951e710dd56cf28e13f1c5e035b81ba5479c426d5b40e13f1c60975b7604d8265d2fa0713
39c65d7d6cf55dd29ea3b48745ed051c65d7d70915dc20463595da450f13271975f5c03577127a8ed21d9bb4123f9ba959fd2c4463bac952ed62eac4338cbafade0abb913d47690ecdda091fcdd4acfe962232a87016dbaf6ed90e32ebeb848aee12231acaed01878a20f7a16674ed93d37592a5db07d587
2b7605ad58e1ae1009d801d93b1a9237605ad5b75ae061994b06a5c0be692dd816b56bc6b82027600764ec6a481a00cdf201016b0004970272a1e6ef16ec0b5ab5e35c1013b003b27635240d0066f90080b580c273bd5cfcd6321bb02d6adbad7032cca58352bf5f350cff76e519b86c00092e04e543cdde
09560c066a444040a17cd813159c0e1560c066ac8403e3bbd333d09b820925583019a911010285f3604c56703819039effbffa254165a849e8ad485912ac180cd488808142f9b0262b381c0c81cf7fdffd12a1e7c8b78f37aab40ab06033564201f3dde999e82cc105190962fe5bdeb4b2cb5093d15a90b2
053f70bc4b769401d40649c9035c6513f70bc4bb893ff04499b38204b0f814fdc2f12dda5003501927244f719301d7e5153e902b425aad6ffecde7fc0a7ee17896ed2803a80c939206b8ca00ebf28a9f4815a26d2e7bdb9a114229fb85e25bb4a000224cd9c102587c21ef7b77f62b4ba0b55adffdddcff7
3b8d2585ff84d243c2716f7b69f43404c5516212704ad1f2e2d66358af7d2e3496180a7348d133262593db129b2ea0df9044892f8185bd188fbdc9ed371a4b0c0329a471faa6d59267a642098aa2c424e095a2c2de8c47bde4f71c692c3019069190982e604990209f30fca7c7af70f541b5f0dea0099701
3c1c41fa9c2c3811c1c5de3c1841f10ecf01a937f5ee60fda6daf2f42c51307107ea7d10e013077f210f0efaa42b026dbc338892016897625e338b24383883f53c7870138bad3a660750ab1d9e03526febdcc0b44bb12f19c59220e20fd4fe41c012ae412a18d4d85c2a44eb4ccf5636625198113558dfd4
27c9e9ca7de59233a69485355d5b4e17ec6272a11f0e42fa1f4e3ab5cbd21f27a729ffd648a239b53f9a9fa68923107255fc097d23d62e840b8fdc660f93d394ffeb245079019eb5a9f3812fd8c4e5423e1c81eb174205c7ee333e4f4e53ffac9142a8191c4bf1468e00abb74c1cf939328ac4f37592b6ed
0b8c14dee75ef540b2e755d51d9bc03f33d6d656fe733369ad8b3155324f2e30537b9d7bd5000619ee7c8cff1d24c6bd2c35c49110b9a5d234d7a702171829bdcebdea8167f33e11581a003e67adacb21ce6505cd2e91a6bd3811c60a6f73f17a9f21cc795d7aedeaa35a13a0bab03b441a7b9d0c80a20b1
1cb2d1cfe7fb5ae17b07328728780d04ba9416bb868e630318686f8b803d32cb473fa40d6b71b64408440d65a311cd1613009e8620e3ab99cd92f5ab3965a39fcff6b5c12241a9d8ba7d920975282d770d1cc271d5cce6a87ad625968e7f4c3ad6d15bf457a985ead808612671cd6561919b3b7a116d8067
1b8b71f086873c434416cb06761d931d69593ddf6dd7e2cd50addb8c71c92e2dc7c21e3cf0f31c6bde32b3bc1e0b6c54e1431b0a1331cb09cbdcec853716e3e10d0e7881de14dcbae623043ad2b27bbedbafc398e584e5cd76431c5b8f844099e1d004291f4f397ec00a16b6fb33aa16537cdbb566307321
379870bc6fcccb33df4cd1adb529632c7c29c7f2da44012fc29c2c30fac51e61c2f1cb932c93497ad42bb6061c2f8effea535290f362d4dca1473ea82f30e178e3b99651f0c9d3accfca8618f8538fe9d487f1b16a6e50a39f543cc385e397265921f3b2c05d3929242c114a419b97f7702cb19b98b96e8c
3d85a4fb9476cc433fdc30855314060c6756b7a0c99b736b204b20933c64361693ee5e3b30d0594972b8d6260428ad00f4c5840ff00815d003e013073b0b49f72d0d98731f8b0a094490df18cead6f419336e2040ae801cf09842c2d27dcc096619280b0d04fd250a11dc825293e1479507e43c3b9a16815
037c4000207fff03c3fffffb59ffeb37c4000018ffff003fffff81cdffe90df100001effff030fffffe1cdfff11f1000000d5ffed0fffffe0107ffbc06f880001fffff0387fffff2d5ffed2f880000151ffef07fffff018bffda1be200001cffff021fffffc1cdfff13e1ffffff9bffea1fffffc020fff78
20000000800000000000080000000800000008000000000000800000008000000002083fffe00000200000002000000020000000000002000000020000000001041ffff00000100000001000000010000000000001000000010000000004107fffc000004000000040000000400000000000040000000400
08a44a34a3ca3450aa3137b220c3b4062ec5144a2988a0cfe22145bbac02229128d28f28d142a8c4dec8830ed018bb145128a62282eb6b20519f5a1311489469479468a154626f644187680c5d8a28945311419fc4428b7758040a6427f19867014067f110a2ddd601055189bd91061da1d6d640a380b425
3b53b5c243edcbd2d5ce374d1d3bbd39513a5ab55676e33014ceb17e4af12d4ed7091c172f135738dd34f8eef22544e96ae1b9db5114709f8e1e81ae36a76b848bfb9791ab9c6e9a7c777932a274b56eccedb260299d633e95e1155bd7c5e758fec3980a67589e257936ae71ba66d9ddf228e13f1c3d035c
096ad595fca1cb812cfdcfb0cdfb7c0e587d87dc27c451bad3a338cc500c316c0cb249bb21c06eb4e8ce33140304b3f73ec337edf3e71975f58255782c3718d89902c5e259fb9f619bf6f81cb0fb0fb84f88a1f38cbafac12abc272c3ec3ec03e230dd69d19c6628060967ee7d866fdbe3ce32ebeb46aaef
096e5e78dc104de30990b66c2596c03833fe1ed8d794a15477725477f1fb3783d79ed1aef141551ddc950d7c7f0c2642d9b0965b03add816b53206b92ae1c4762d9cf31213216cd88d2d7f3067fc3db5cf2933d6ec0b5a78035d1c19ff0f6c6bca52aa3bb92a1af8fe184c85b3612cb6035bb02d6aa60d71
08c3715b746d1ef1303b4d1d8478fb2005cde4a7487b324848c64a4909950e8a9b620b4112a39212319260c26614c0ed347509e3f025583019a911013825750a44fb0ed260769a3b08f1f6000b9bc952b0f65212ac180cb388813002e6f251943da3242463250384cb2981da68ea13c7e04ab06033522202
1c534e6796ee4ba198734ac3dc31eb186cf392921069229c3e04146a864a28454f944caae992a70f8104f9a1931661cd2b0e68c7b014fdc2f12dda5020a1954ab8603fb330e69587b863d630d9e7252420d2400a7ee17896ed280c3679c9490834914e1f020a3543252cc39a561cd18f6029fb85e25bb4a0
313c6d264b583982841814e808afab0e9899bd9137c2233b8d2585ce04d323a6266f623df090d1da83abbcf8801a1060539f1abeb0ee349617fe13491685e14abe8d4b3068ed41d5de7c402d083029cd7d5f62771a4b0bde09a5074c4cdec89be11262e497753e237c3420c0a73e357d61dc692c2ffc2692
202c2e3921acc943be1af2d2fc90d02eb1aeb392b53d63fc1c41fa5e4c392bac6bace29d4f6294a7a109464c6a0ef86bcb4bf24343f07107ea3f30e1334d7a730c0724314a53d084a32635077c35e5a5f921a3f83883f4fe98711758d759c95a9eb1f9fd620643bfb81df0d79697e48683e0e20fd4c061c1
2df714315898ab80f56d66321534eb29d426c2d0b2908367c9e9ca4845930a7509b0b42ca423b48e270ae912cd13d5b598c74cd3b19f27a729e7164900a062981bcb6b13da47138553896729eadacc619669e2cf93d394d28b2514ea1361685948411df8aabfee845627ab6b318e99a7633e4f4e53ce2c92
14f1821e8de303a03e08b4e3106e4702698961264867b30b8c14deb5def6109a6258488a19f08ec5995f1fc62310f822d38b39b9202e30537b9d7bd523707b5542f6e7f24762ccaf6ee312087c1169c59cdc92171829bdadbdeb2134c4b0911433e184b3c13bcc7e3b21f045a7167372405c60a6f73af7aa
395eadfd27b17eb2d995bc14a3a46024ae150fcaf9ab209cb2d1cfdfbb5b292b8543f0ae6ad3cfb42a803484730b6656f0528e918272cb473f7eed6c392fe4e234921c83e7da153ff9423a05b32b78294748c13965a39fbf76b612570a87e57cd593383fc6829a16f216ccade0a51d2300e5968e7f3fdad7
29d8372f6e9c21e1eaabf1d9f9ad97110bf29533a052331b8b71f055073d1442fca54be01493cbd7392594773617aaafc766deb6606e2dc7c21a1cf12efe3429831e2f71e5eb9c92ca3b9b0bd557e3b36f5b323716e3e0ec0e792885f94a97c02921e2d215a14e8faf2f555f8ecdbd6cc0dc5b8f843439e2
0223466ea3a5bfe3157b3d7426b27a3021e77caaa20623779870bc3a2ccc2c0879df28988190b9b12014d2c0b42c55ecf5ce8ac9f1de61c2f1aeb32d11516edc86ddedf05cd8900a69605a362af67ae5356502ef30e178b659971810f3be55510310a2b42035ac5a8518abd9eba13593d3bcc385e35d665a
3674bb110d0e76c2b21fadc6319da6329d9e0515048b633d85a4fb62f6cd2ca76781433122e00704870e763cbb2ac87eb716b676a0f61693ee51db3138dc6f2402c01512038243871a1e5e15643f5b8b5b3b527b0b49f707ed99194ecf028a8245b34ed97dfe6246fd1590fd6e318ced31ec2d27dca3b662
0002037c60fffe802037c4020ff7f0002037c420fff702037c40020f7ff000080df120fffd0080df10020fdff00080df1020ffdf000df1000291ffee000406f8a0fffe00406f88020feff000406f8820ffef0006f8800250ffef00101be220fffb0101be20020fbff00101be2020ffbf001be2000103fff4
000020000000800002000000080000000200000008000020000000800000000080000002000008000000200000000800000020000080000002000000000040000001000004000000100000000400000010000040000001000000000100000004000010000000400000001000000040000100000004000000
22cbb1221a4ab2539ddaba3623ebfc139ddaba351bec01ddaba365dabfb20b2ec488716ac922776ae8d955afed0e776ae8d88faff3229128d25da8d20597624438b564933bb5746c89d7f7273bb5746a37d803bb5746cbb57f64111bb2c48de032f0eed5d1b2ed5fd91ceed5d1b11f5fe2452251a4fd51a3
1d2c12d5dd6c3dd3de64c5c8c713862bde64c5c6331391e64c5c904f385134b04b5779d0f73379931723e24e152f799317210c4e23ed4ed708de37303a5825abbad87ba3bcc98b91d0270b17bcc98b90862713cc98b9209e70a22ea26cfb6db74d22f3262e48069c291ef3262e46389c33da9dae11fe6e5f
304495e63ed05ae18178ae987bb1b02d5232a337ea2f41bb909c25f4dc2d1f5208e6912c603205e2ba6230c6bf163ac4b8fbcfa8e025ab5657f2872e20892bcc81c0b5b302f15d30f7636001a68a45605ec86012d5ab2bf9439716a919519bf517a2ddc84e12d96e170e35d8246e145ce04b56acafe50e5c
19793b056cf38070b8855dce69f326265f1fabd5000c328c8af3d5141d150ce71114a4586ba2e2157739a7cc9811a7bbeb1f087b9225b979e34f413832f2760ad9e700e1710abb9cd3e64c2afdf0a537ab0d3112dcbcf1a7a09c332f8fd5e8700623464579ea690e8b3c4d52d751a68d304b72f3c6e0826f
18f8b51b22c51ed11f48fbfde9ad840378aeadee8f94b0508a0d40e517113ce0af6db34a11007d23eff7e8b60f15b77d7c18760711230dc56dc1347c31f16a36458a3da23e91f7fbd35b0828b1ac0e5ff434509186e2b6e09a3e21bc5756f537ca62284506a0518b8912711ff70cd67852461b8adb8268f8
1199f1e914c8e621ae37f6d84eac7e2ddd7e022d042f33df4a569675dd2b28281656da18a362b8dfdb617cb1f71683fddccd89cfd2714d399e3ab92f2333e3d22991cc435c6fedb09d58fc34b8d705823df42338a69ccefc5c9836eebf01147217a3efa52b4b19ee960b47ad07183e94b0e29a733cb7725d
0289db07b1a1aaa04059c6dbe86063101fc1fe92e830e23f268b977be923210b323f2b9942529147d17b76bad83f28c35464087e50ab82c1f20cb4191a630d7326ebec53478ef0bf476f13035da54f437018507e4d172f39d2450216647e5b528493ffa88277f9fbad34ebea82b15456c01b56f971f57ecd
1c877d7ef4c0b652fcc8105b1656f42372cb5d1f8d3880b785fd94e32d881599fa577906b29182d36781ab68ce0785c30b8173ebb37471b8b53a807d14ed0515ee95e2816b57dc4297b05310d9c539ea88a2416f0bfb29c65b102b33f4aef20d6521bea4ca4c883e8c141cfcddc956de71a4e2742474afd2
31a746b8d5879c7041a8dfa6e37ff831df8e1caad75b204a84ddcf9270e905a4721484545bd23486f515b55e882e280acf922a48508e7cbc6261ff022017a25a507d4d724ac10e741a0179070a060ac4ee4df09509bb9f24e1d20b48e42908a8b7a05fe68fbbc7139f25845a1fa50a5e91744c4ec2b79a14
1d87b237e840a2333c18336fcb8f561dc603512904ae01b952965b6e787215d4de9a530563b09029f9c3a5de100018aaa5630b8362520611663284e720f44f26c72ffaf30d99414ebf5e0b1c9542303f7762f372a52cb6dcf0e42ba9bd34a60ac762a9cbc63e892b0509eac0f8849350e1e2d02798af60ab
19c243c76d9c2980fe6d5dfb4b99170a3fb0ff3314f591d54ca41d30195b042c8e79c5090530403f9ba007db2e06d84e26f58a1c03f0c94b50ea2a0f3479c462c478ad538d7745e4d6fb033376267078bbe453aa99483a6032b608591cf38a120a60ec2433475f30b9047c57cd6e7e69e19522f1e595cec7
2021f85ba3e8283228bb6d8fb9b4033cbfa7718e635dd14b9efd0bd743c306035b4f0d125262549504bd161bf8257aa3de9c118a11c1c03c37686bed1ca0b443db332a531419d9c561f30316346511b9e723e2973dfa17ae87860c06b69e1a24a4c2a76e32a8e0caa1013bdc0f7dc6c9d04f9fa4e43b97b6
08883c147c42dfb055c584349be4bf13e163e33fdf51a112a5accdd6f4b2383b11789cc47003b1fa1e9e6de550032fb9d7dbf896509bae1fa404c33a22972df2c6cba2d28ca3cc4db250cd1dce9946d8707212254b599bade964307622f13da8dff2b5d973355f74690fc50fd5d2cdd25068279878fc591a
27b226710989ef83b730c775d901bc27d626e3e552e2e1c20acd0cbb50b50cf247f9727582a29c6d1f435aabfa334a2053c249772271d171d18178780cb0359c90b0ee10a48dfa4c4036a52c8e2c75b1260f4384159a1976a16a19e48ff2e4eb054066a490475de8b02182c9e0c243e7001cc0afa8562b57
03800002247c3f000000203b5fffea3800002058c3ff000002037e4fffe80e0000082ef0ff00000080e11ffff0200000810c6ffed000080df30fffe80700000427f87f00000040729fffec3000004094a7fef0000406fa8fffe81c0000103ce1ff00000101c02ffff000000101fbfffe9000101be40fffe8
20000000200000000000020000000800000002000000000000200000008000000000883fffe00000080000002000000008000000000000800000020000000000441ffff00000040000001000000004000000000000400000010000000001107fffc000001000000040000000100000000000010000000400
37ed722589cba5f13cb04642f1dcf73ac14422d7a0a1f1f7d30a535140301fb5c896338e9790f2c1190c0973db2b05108b6ae287938b2ec48837aaca2fdae44b17b74bd279608c85e3b9ee35828845b36143d3efa614a6a2806004ad6778e1328de0fbe98529a8a01829e58232157ee7c3165d8910b15593
0c0a4dd231ec5a323f4f35fc4c227a04babb5967df5d91c824b9a3e8b6c330293748c7b168c0fd3cd7f1b489e612eaed659f7d764374b04b574430f818149ba463d8b4607e9e6bf8da44f3097576b2cfbebb2390497347d16d861b1098453e8d7222e4125cd1d35b6211fa79afe26113d2e96096aeca61ef
071e651210319f3065f590e7793685299175491104ff614a4fb6a2ba009f283a4aa297fa70815293eda89e00283197d6439accda222509c39d3917c4279e37d0c0226d40cbeb21cef26d0a1322ea922629feb11284e1ce9c8be214c8baa488827fb2a527db513c0050232fac8739b9b4304a13873ab42f87
2df82e3c5dbff373a68ceeacc3ef2e00d0fa571d11ed03243af65ee178d909ab16ace4cd8753c90ebd9786de372e9a33bab0ffbcc2ece626df5c222f33f563fd351c3e234d19dd59c9de5b01a1f4ae3a23da037673136f8d111800687d2b8e88f683921d7b2f4fbc6d1d346775661f7971d9cc4dbefa445d
1974df3dcdbbe3e0471972c3b6c7b82b1cac0a4cb4c9f3b62b20ac65f569115052eb749c2653ed8ac82ae7fd5b011c65cb0edb1ee1dce199a25ec050198850cefbb898a08e32e5876d8f70163958149d8993d0ee70ccd12f6028358e5605244a6503db15905611fab50238cb961db63dc3b9c33344bd80a0
296201c43c427d8283a91526874fb72958295cf3b386f14f9aaa402463061c801d06e61bb10253e6aa8fe818c21a0ea45499153ee2e2705b9f914d423abefc040308a37107522a4d509f6d12b052b9eb870dd171382dcfc8a6a134ac14ae77c9c380a7cd5520123183341d48a9322a7dc1c4e0b73f649a83
3cdfc8c73294dcb0b9d22367f0e27c08ce53cc1161f4f39a6fcd0b3067fb123394f303507d41a8c2bdaad9c3c602e7488d9fc389f269bf342d879fe92dcc988c8d069190d4615ed56ce1e32173a446cdd1c50334df9a16a2cff5246729e606a0fa829255eb37ef551005ce911b3f8713e0144ed83d8d0d55
0c73eb72a242fad039ee8ac843aa1e332d824b877856b0769d417d5f45931ccb6092e0d615b083f600dd9cb1a520e7ba2b1efea881da7505f57d164c0bdcf4e60d33875241fb006ead58d31073dd158f7f5440ed3a82fabe8b263996c125c1ac2b60373de1c7c43c6501cf7456421d50f2e43bebf78505b3
0a96281bb60acba2e6ac0be49b377933c5656882b49313a842d24dd2f3753cf1595a1d9524d37988bdd5851d033b9ab02f8f54ddf2a10b493811cdd139de8a6cce6fab73bcc45eeaa18e823dcd5817c59a6f035085a49be7e6e939e2b2b43f4a49913e351f01b3db473735605f22c9bbd38d3a35c68b3ce4
35f4fda174e14d1075c0e374fd04c312a1418fb72cfe30ea6cc4078d7ee114a85063ecc33f916da653a6d2201311d7038dd2ec1313a9b3101e35fb842577725b15137ac2b6d329d348100a28eb81c6e7660991d4d9880f1afdc22950a0c7d9867f22742418d0174e3123ae071ba5d82622ec3d91bf210512
0e4c018550a796e1aece3e77ad280c33834d922cfb2ed38cdd31f771bdec3ce0d3648826cbc32496340c18932406bb38f9deb4a0323374c7de8cf7ad230a8bf2825e4cf1924b1a060c4992235d9c7ced4a502319ba63ef257bd739c1a6c9146d9772b054f69684183a0d7671f3bd694060ce121e3b6ce14c
013f71b8f966ef105e548a5ce28139077f9b2db70d25d129866cc64bbc5131dfe6cb6aab49819a799b30f5c5bf31795229707204f0a619b31970f1431dcca93c9493c9e2cd3ccd9859e2e038bca914b6290282530cd98c9778a223bfcd96d97692f0e9cf930c49ea3922f2a452e50409d3010fc2dcfe4142
2b6f3a902885c8e3d4bd55ecb141d504e1299526029572ae727815cfbe0411384a654878a563b6b981f6fcfe203f52f557afad0762b9c9e057c2f80e23e9571f94bdffe1db5cc0fb7e7f101fa97aabd7d683b15ce4f02be17c07227094ca90f14ac03e2123e27723213ea5eaaf637a0eb24441e0a3c116fe
2ac190995cc7da037f7832b5a9d1d5376af68a043abf930fcc346d0f03a13ddabda27df6aff33c669acc570d773dfde0cad38f47603f30d1b5020e8121761a34a232db939e334d660a86bc1efef06569c7a3b21f9868da6007413bb57b45000d5fd337fcc5b7384d673bfbc195ab3e8eb13d9133884c4f7c
0000038021020280003800023037b8000038002120370003800004137c3000000e0021080d0000e0000290df000000e0002180de800e00000a1df0f0000007002104060000700002506f780000700021406e800700000616f87000001c0021101b0001c0000311be100001c0002201bd801c0000122be1f0
000020000000200002000000020000000200000002000020000000200000000080000000800008000000080000000800000008000080000000800000000040000000400004000000040000000400000004000040000000400000000100000001000010000000100000001000000010000100000001000000
0a5f5988ceeaaba2b3d2f486f19411175c0dbe104640033d2f4871ad4106297d66233baaae82cf4bd21c4a50421d7036f84538fff0f4bd21c77b041514beb3119dd5574167a5e90e2528212eb81b7c208c80027a5e90e39c820b12facc467b755cf19e97a438d6a083359e97a4357ca091e97a438ef6082a
319e6a6eeced1871286c877848ab70288031bde6f5ffa286c8778592b6fc0679a9bbc0146190a1b21de164adbf2200c6f7a417fe621b21de16cedbee233cd4ddddfa30d250d90ef09156e01100637bd20bff310d90ef0b676df70cf353778028c32143643bc2c95b7e0943643bc2455b803643bc2ddfb7db
120b66103fa4e4f0514695769bf7da30c15a42109d3ab0f439e8a87d35fe266d498e8c3e8891451a55da6fdf6821451a55d85fdf705b6c4e8cc48bcf2416cc207f49c9e0a28d2aed37efb42182b484255a75522db627464145e824df9aa192196863b90fae9890e052028a34abb4dfbed238f32890608cfa
1914a909023ff880163a7272091c7e3e55b132b3528213ab25548439f4a20b54c922f98a4be058e9c9c82471f82058e9c9c61472004edf4c4a4b8f8132295212047ff1002c74e4e41238fc3cab62656ac50412276fa62504c7c1300afff292d3c6a06c913d9b020a0400b1d3939048e3f36fc171e2ccff9c
2df257b9a45fe123129e08ec5229b634d327489fb0c450324aaf3ae8d9cc10c739e7c1f51a204a7823b20ea6d52c4a7823af38a6e326e0c2b305aa3c1be4af734cdfc232253c11d8e6536b29a64e91438188919370615982d51e09896c4b0e6ddcb0da329d596427921894f04762914db0cba6f9ee6ddf1f
3f12111a796bb9c2cd5fc66fce40f31e5d4c19ccc6fe43a64387e895eb851e08931c7903f1b3357f19bfbd03ca1b357f19be3103d20e8973b88ffa413e242234f6f773719abf8cdfde81e53cba9833998dfc830744b9dc26fd2122afb88c5248b4413c23309c0ae60d366afe337c6207a14b100e21e213ec
0a7ccd31d2193333ec8604c9b5f09400e271efd81e49e3bec724d42781160d4f80301fd63ee00d5a8feee4ff8412aed6539de88c41da1030759926a63085346b9efa6aa24ed0002eff9f0209576b29cef44621dab1d323572c9e007138f7ec0f24f02a90739b0ba5b9255daca73bd118827871d6790e63e7
061608424dcbba03b4a48ddadc3b213f6e6ef99fdeb5b39e5995a3b66e1b23a4df63764b86a3723cc78517c27732154ab7373588222590ad9b4d59433bf2779beb284c93716a99a3d1430a190aa55b9b9ac412c38ab6a5c3610f3fb7377ccddf5ae1a6a1149ba7bed5242a956e728b103307205df058615f
37c016ed615127b0ead9817bf1e5c03aa9b53b271d1ac024bc9a804cede32b335a2c57b8e7f17f77cdcaddc9d02a7ed7789419120200f90c0bb6c78332df16663a2f9383018b97424f0867153f6bbc4a0c8900b85b994e99a79f1d54da9d938e8d61c8bc293c20c88214fdaef12c5223f05944ee15a32b15
084a83a037820b705e0b900dc49a8f143c4740fa47eb51192cf77447b0b805051273396324a0c33e903dbddac90314d07a2d463213d613ff71bdfe0d388c6913384edb70be3bb282a6179e218a683d149319103399da89563c362a1e23a07b13f5b03ecb1e4c2ff60b0629a0f45a8c6420eaec03b00852f6
043f1219a127a9e280418d4f6dfa711a0f19a1cec23243969e589967f20329fad98add7eeb73ba99ba868e8ec5286463fb43642200447e9971bf826f0760e9eb54d3a0632cb65f6945825a143231fda1b21102be5a4ce596182a0d078cd0e761192014f15050b9a77210c8c7f68ae843f23c8d8e26bc7f89
19c27bf4c4cd56c26afbc2bb221ca43d3f0c43a1075f228e2c5bb9f061fd1f59c26de848ae1183511feeb1bee802d87d984416f7a21f5d265d831722094be7d34ade58202bdecc243e2126016c3ecc220b7bd31b18cbd3dfe9311e9f8621d083af9394e18b4acb135105b0fb30882def410ad9793070ee20
39363e92fdde97d1ec7f1be9a02d4400e514a10964df83ddf75998028c0613226174125a8b92df01152069328f346f43efd384199140ddf02a18435e300ad5f07f86b0a20b2e682463d2493a37a1f7e7b20cd15ecb29b646ed9500728a5084b26fc3a3cecb9b0960d628de87dfab283311b2873985235962
24d1b2f7dad337c2ad2da160e211ad2304e1c56f3e8b9051cebe044cb25134f7f4cc453bc9d3dcad2104f6213a17b7f845095f7cd24304c7f2c05e0500b30c05fc2411a1fa2debc0628c2d2bdbfc22829fbe711cc5f0ab08dfc6318270e2b58f45d05173153859d1622f6ff08a12bef9a3bf275bea91f672
01600000247fff020000003b5a000b1600000058ffff00000003821001f0058000002effff00000000e18c007218000001051fff7000000e021007f802c0000027ffff0000000072d6002d2c00000090ffff80000007021003f00b0000003cffff00000001c31800ec30000001e93fffe000001c02101008
000000002000000000000200000000000000020000000000002000000020000000008000000000000800000008000000080000000000008000000080000000004000000000000400000000000000040000000000004000000040000000010000000000001000000010000000100000000000010000000100
22f4a350d42ba5d05c8cd9b9d68ca320b0aa3e7d15e2a1159303118106dd0bd28d4358ee97234564c0c42ec1b802c2a8f9fc978a62297d66231aaaaf05e946a1ac774b91a2b260621760dc0161547cfe4bc53314beb3116c555817a51a86b1dd2e428ac981889f836f058551f3f92f14c052facc4677555d
1b0b58acebac1a43a33302856372de3f4f159dba261d02e66ac0e5fcf0e42c2d62b3b2d068f0b99ab0397f3c393d3c5676f4f873d1c679a9bba334623616b159d75834825ccd581c9e9e1d3e9e2b3b786c39f0e33cd4ddd19a31185ac56769c0d1d173356072fe78723a78acedee10e7938cf353774668c4
2bb7127898604fc22ea2d8e6e65c0d1d0570e7a45d1a32a4eb387b2ee6dc1517498a3dd87730ba8b639c1d70320e561ec864907bd293ace1ed3f9b6e3e0cb744910170a05d45b1ce0eb819272b0f6430383df149d670f69fcdb72e82b873d01e8d217516c7383ae0643aebeede52abec812759c3dac136db
2b58927e47ed43f3bd217fd69f52731686c62e4b41807100f300518448a31f1889a2af516c32f485ff5b4349c90a5e6a281034ad2003cc014653228b3eac1d781a5e30937a42ffad80a4e5052f3514081a569201e600a30891462b4363172390c041e90bfeb6c893913bbef94f08b3c4400798028ca64516
055c8a9a159fa543f89ed882e4a5f83fae3c98cb03d1e25b12854e773deb2674b70f1327e853e27b620c5897dd247897394c9334a16c4a153a60f7aa241a82e0cafe79a3f13db1060b4bef123c4b9ca6499a50b6250a9d307bd51fd71e4c6581e8f3c4f6c418f32fb921ef0973c15bff02d8942a74c1ef54
2f95289382003b12311f163da6f0930cdb0e98c854d8735733b9d1c5e3101560d655db440560c47c58f71fc24a0328e8f42564b6c15ccee747dd8c3d372f58ab7d9ccda0623e2c7b8fe1250194747a12b25b62ae6773a3cdc61f266d874c621a6c4188f8b1ee3f84942812209acd9e7872b99dce8fbb187a
14f54d0a7d8ad6813b3b4e6bdb16f73b83a14b335efa72752f16c9cfa9423289a60022c864b0eced39afae5bdb267bfde2bb243731c8df71fe9cc7d91df7a1131ed2854276769cd7b62dee370742966addf4d1a98dbdb1a584ff1d80c4b62af916f13a978b64e7d4a129d9da735cc8b7c253e6698e6fc99a
0ac5253e5261c7f377d7f5895538720b41cf9f932654d319bb2e553b9040161047c1a1514a31df5fd6261ae1c512d97715f8fbfa72106a772a755b90087f687d6d712192efafeb12ec70e316839f3f264ca9a304247c9e2e476411f2c81aef053b918cdd972a9dc8201bbebfac4aa9c39030b042126e5dd0
1a1f8fadb473341041c797589012b62ca6252300449aa3fb5203cb956a813b16f7a21b56c681071e5d62404ad812ac934615c016c082d95ccd3ba46218f15990cf607c40838f2eb120256c194c4a4604a93531ab8064414733be1641edfe473b3953fda901e5a9b541020e3cbac48095b3be00b76ae9893e
10b14a5a5dcad8209a450c03f667cd1effe2ec8752f9513af38612c889d53f99834784096c026914300fd99f3402edb1f70588a2b1bc43c7ad9aedbd1af00bcce2c690f1348a1807eccf9a3dffc5d90ea5f2a2dd0f9aa31e059f06212cd3f04f95729d79c3094344eb24d228601da33e7242541d019b105c
077dd461f166dd23f31a1648730d7b3bd6f25307f2b7d39afe9eb830ca9621a81ed70b23e4c3cc6859229235e90f47ca922c1d3283c9dca2af8ed3e8156e31abc3dcd973e6342c91281af537ade4a614056f92ced4aef292a338233c3ef4163a1cf1cd7f4f5c18654b3f98d0b241886be021f890cd093d4f
1f3c15e708c0ea72de997ab75afb0b3c30c5d1bc8c37920abf1d35f1718029d27783b05336e37a65eaddefec2a29d4f10226d42060172b023186f06619c5f198b767c091bd32f56ef7f61538618ba37d386f1260a1ddc1c684440cb6c8c28d09b001055f8e9af8b8c036f4cbd5b8c7d860ce13dfa6266ab6
352d3024680c63d105e39fdce7e8b739e2bbfd5a623610c1fe2812f8823b383020b646931120178e7f73e1a2db2f1d773f9ce08a5398cc90b4d132e83765424813cb35c20bc73fb9cfd16e33c577fab8e46c10b34e3031f7dd9337f2c8b6b83dd47260ff14095b411e282f1cfee52f45c3c9b1f497cdf4bf
319865e8861c4313461356ca3ccacb3c56dd526bb37de19fbb3c9c1072c9193612df27685421184d5b29b92b290b893cb21b2b4ff1a0607b324fcf032f23c4d2f4dbadb28c26ad94bb959538adbaa4db86fbb28046e919d8b3180c99ed26aece00e2cfdd9e4de739653a309ab64fd65661268d97bed699be
0000016021000280001600021037f0000016002100370001600002137ff00000058021000d000058000210dff0000058002100df00058000021dfff0000002c021000600002c0002106ff000002c0021006f0002c0000216fff000000b0021001b0000b0000211bff00000b0002101bf000b0000022bfff0
3f7ffffffbe02013ffffffff3c000337fffffffbe20010000000002000003dfffffffbe08010000000000800001ffffffffbe80010000000008000003efffffffbe04013fffffffeba00052ffffffffbe40010000000004000003bfffffffbe10010000000001000003ffffffff7d0002000000001000000
25d16946bc1344e100b635ab26922a1900b635a99a92321db2cd045e36471745a51af88d1361876cb341070d922402d8d6aa8a48b076cb3411fcd91a0ba2d28d7c4689b0c3b659a08386c932016c6b533524603b659a08fe6c8d33cd2082460f86130ed966820e1b240805b1ad59349150ed966823f9b234
1b3094b93fea7f231f29ca157bad53371f29ca1221ad63e04d2ef923c17a2cc252e503c9fc72f8134bbe27f05f1c7ca72854e6b5538134bbe55505e5366129727fd4fe437c09a5def2f8302e3e539428635ab3c09a5df28982f31442cf7d95be9a01f026977c91e0bd38f94e50a9cd6aa3026977caec0bc9
30059e696d4be0a02bf9e47fdd4ce52962bad61fa28b43395938ec9e62061e562af34b1a7730afe791ff753394067ce5849ab118e16fe98f9dcd3bed200b3cd2deb7c13057f3c8ffba99ca39c79aab2baf8072b7f4c7cec59df714b15d6b0fd145a28eaa26e29b88aa0cf9cb09356231c15db893c4c3027e
374ae46a43cebb10357ad6af305f490379b5f963b3b5b05d066f19f39a18042db6a808055600d5eb5abcc17d2406121521519721b31663b6a02a255d2e95c8d48bbd76106af5ad5e60be9225331d4050f260438b31db4ff412af21bcdafcafc9dae166945f843c205c0c242a42a32e43635ac493f21e6a20
2bd12807b03ac422f4304bbdded45d30ffdd76d669e9723dabb7b90fa03808427b1ff160a623d0c12ef7ff51720bd4389fc43f59e35464e4ac24c3ea17a2500f64958831e860977bffa8b903c009a037e8ddb1aa3272561261f5387feebb6924f4c3e6c4b3e5877ccb17a8713f887eb3c02ae454d0acfd2a
1efae125e22f1882731b0e9518fe4e03ec71cf13e754f2b7f5f86410511d1dabd34a13d16cd1cc6c3a54e7f9362ebfcd105cb66702555335a63790a23df5c24bc45e3100e6361d2a73fc9b20d6be9f4be43fb12aa99ad31bc85121f638e787e3aa8269fd71c61ed0e61d7f9a20bd8ccdf37ca9449bef01d9
005dc48a2309c860e8451d70a7fa6015786821ecc3bd7056dca917a8170f185ad848f139b951d2f68ae479e4e90812d6996157d6203a664182d57e8d160ae07809bc27d1d08a3ae14ff4c007d2aef1c007c4430adcdba9d4589230b5b091e27372a0769b35bcaaf0b6074228eb853fd303391df8934513b6
1723fa56ea7f43a12d028a2dc61eb33324d4de049131031caacf6f6ecce8000bedb75000e7d1534d10b1cf5de01e7d2f10784b08701ed594ca2ed4770a25fec5da12fd225a05145b8c3d661c557b3c65f430a1c02d2a3d341ea90017db6ea001cfa365c9b18162ee3c296814516c20f5a2f9aa2c4dd957c8
093aa0bedea2816003ff628b4ff0f93479a2e7dc19d3127446021226364c23f1da2c9c5fefc244ac2743afbd612b64b6b6b2f5c8f33f1eaa539fe9250f3e56665e93176007fec5169fe1f205a85bfe55540e41576e68728e387007e3b4593cdfdf70f080dd052e6cb6201ffb14586f87d2d5902aa5756e59
190db2c434916b0206c4aec80f2b670940fa463852fc70b3e9442d34ba4303ece0cb844886f22ba673ff558e0a29df9841ea8ca162410532557224391800503f5fd18c900d895d906056cd3178b8fe8337f1f3691273faee4f4d07d9c19708910de20c2944a8857ad1303625763e695b41c0ce69772e9f4f
30127875310010322cf1c104b24cd63c280dab40119ea28fd02b761931491d6d6130d6b89fe2a3334b347652e9129eaf0ee354db702945e4e4427f88211a2dbe4f607aa059e38209a699ab195956e471b14400b0bdf29ef896b63adac261ad713fc3918a39bed0471611678e08259266b2061c250bc279bb
078efbafce4db001368cb4c195e0a72a2b684963a7b2a12c28ffe8187bf823b7689fae6871c2a58435efe7892128554e8391413c00974fb715e17f0f2b7abaec2bde3a026d1969832bc14e37a1ba64326efce057121430301d27076ed13f60f0e370e3dfdd6200204e29b465a60a9f0541fabe9aa0ebbdfb
0083a53e1bb7c632f8cc64cee601992dadba7bae12962027b54f2c7ff2a01828b61f1a980a0343eeab41a7234f1231ce383a3e6cf267d5c67b05ddca128e004605b56fd1f198c99e0e0331254fa37707935d61f24714debdbacb30516c3e35301401c8adc66548142337c6632675200cd00076e627408e39
22376c43740471b3ed2a1942ad952a2810760e51e1553018a593537a26ba37075f43183f8b7182c64fe9e4593d00abe245e6e21a315e601d2f762fa901bac14165a5f273da5432859d2a53333f0d6ec16260d0aa739b4963c8982e0ebe86349f16d234de7fdfcf8b971f6950ca156ca951f5de0663fd99ba
00600000225fff020000001851ffef0600000036ffff00000001620ffff001800000267fff00000000598bfff21800000078ffff00000005820ffff800c0000023bfff000000002ed5ffed0c0000004cffff00000002c20ffff0030000002bffff00000000b317ffec30000000d0ffff0000000b02100008
3fffff7ffbe00013fff7ffffbe00013ffff7fffbe00013ff7fffffbe00213ffffdfffbe00013ffdfffffbe00093fffdffffbe00013fdffffffbe00813ffffefffbe00013ffefffffbe00013fffeffffbe00013feffffffbe00413ffffbfffbe00013ffbfffffbe00113fffbffffbe00013fbffffffbe0101
15b8a97fbf68ffb3e4354852d0dc331b8a97fc0b2ffab0310512cf7eaf7616e2a5ff01c3feb20c4144b3beabde1f90d5214a3b70d29745a51acf4d142b7152ff7ed1ff610620a259df55ef37152ff8165ff5614ba2d28d67a68a2dc54bfe0387fd6018828967bf57bb3f21aa429476e1a12e8b4a35e09a27
2b4797823a76fc601fdad78df4e3aa34797823d0afc5600ffceb307d4e4a2d1e5e08f21bf16203ff3acbfe5393207f6b5e35c38eb26cc252e4dea9fd168f2f04790df8b301ff9d65de29ca28f2f047a57f8ab3366129724e54ff1a3cbc11e857e2b007fe75983ea72500fed6bc6fa71d50d984a5c9ff53f9
15c32245295a9e227a26821f11403e351ccb76fa8457f35d25cbfe1f29eb1d4732ddbd991601e89a087cc900f614ac7041e6675c7174972ff942a7a92b86448a52b53c40f44d043e64807b2a563820f123ae42ba4b97fc8053d53a8e65bb7b322c03d13410f99201ec2958e083ccceb8e2e92e5ff2854f52
366688c5e7cbbca03e0918a3db1c491ceb69a7d8a8b5a10f6c8d21a4e611273ada69f41a2d70f824628f6c71241b2b266ff2208be03db23486d598432ccd118bd3b779307c123147b638920d959337f91045f21ed91a4349cc220e75b4d3ec545ad1f048c51ed8e24836564cdfe44117c07b64690dab3086
38aa8c70d299f1f3e2d8bfd527efe50eb45123d606d370feb0fa72abdcbb13ad1448f479b4e38b62ff5565bf913a980229472551e3fac3e9caaf72ec315518e1a953e3d3c5b17faa91dfc91d4c0114a392a8f1fd61f4e557b976275a2891e8f369c316c5feab0d7f2135300452926aa3b3f587d395a0e5d7
09293aa097c10b913c196e277d35de3f1a9b861b01a0f006d9386e6437c31fc6a6e185b86840f065b89e36d77714ecee47d028cf101b64e1b990df0c125275412f8217227832dc4efa6bbc2a767723e60467900db270dcc86f863f8d4dc30b70d081e0cb713c6daeee29d9dc8fa0519e2036c9c37321be18
3d3ce235d7144e8169a1fbf7a1a4e83a566c5eebaac9e15b99ef867a885137e98d6cb5487861a687efdec8939f038778e412c88011628ad4f10644161bf4c6b65aa43c32d343f7ef4349d034acd8bddb7593b376636f2ab9431e1ab6ca37e1829ef2adccf7c31c44290b4d0fdfbd0d274002ee2451184e43
2b2f1df88aba8d72012841f9ac46452d4ac94388648653aebff559206d7628ff4df5ce3fc57004a107e73519123cbdac584889cb80647d933a4ad067347fa6fae50fe2c0025083f39a8c891a95928714e90c902e2e0aa63a01cf0106787b670b32a1d75ffaac9036bb3009420fcb523230b91fd2b753fa1d
2cb2bd036f9f49623dc077ecc976ce0e0af61abc4e1f63bae00d113babf90e810b8690ad8760f701dfb3a9db36313db226113bbff3811181e392aa43074085c34856c3b07b80efd9d4ed9b1c15ec35789c3ec12a9c76cc93b6ae2da9a8ffbfd41673dd7006887cd5fd11ee03bf664bb67049d505f6f5140b
37d57fd4438962629278712caf0f9702b4566c9e787690be29d8a063066d171676344e668f0249e1c4b3403e5a2abd5af86d742de3c91d11e3c2e01e0b8b3b1a2733478124f0e259a01f2d0568acd93cf0ed21e37c3fbe52fecf17752fa325d098625f14ec501083373493c38963687cc0c86d9621a48b58
286888e272e1aa42541049dbfcbb57041ef8bd53ceb021aa61d7ef3fa85c2b3e12ceb9a87b415041277076ed5a176a093a26f77e300769878b884b01159f09675cd43da0a82093b83b76ad083df17aa79d6042ed9b21606e5ec505d493aae137ee80d530ebf79fd42e32a0824eddd5dac38093c3a9670082
11b69971f4203dd1eff53a20276d3836d5c9c413b43f73207b13c1b094542c80b47724736d43bfd4e880dfb4df3b6b25ca5b3eaa206e1adc60c57bb516405a3b9239b6a3dfea74404eda702dab93882b887ed08c19cad986c9eb2fb925b3cc435fd1903d89e0d84a2a0f7fa9d1013b69c03c77dd7e726d80
2dfafe1a110842426cb8d9943a3886235544831274d9132f51c389677f263a4cbc2c7688a201b2e366516ce21633274aa3f2160b814e1afe8f5326911d265e163b445100d971b328b6710b06aa89062909b2118df5671f17d76809b5c8fa8abf956197a8e1c4b3bf931365c6cca1d1c432041d29f0bcbe32
2ef476b202c91aa14180e4e47ff7cd2982b93b2b7f1bf156941e3e3342f1377f700a8c0a54c10603939241df331e785da28f44bd607bc401badb0fa31bbfb80546052a628301c9c8ffef9a130572765b1e37d1edf8ac5e1e53683ff703855e090162ab4a0f1ef8a1792a0c072721efbe7311bb621b7f238e
0080006021000080000600029415ee080006002100150000600002115ff00200018021000480001800021057f0200018002100570001800002157ff0010000c021000180000c0003182bec10000c0021002b0000c0000212bff00400030021000a000030000210aff0000030002520aef0030000021afff0
3ffffffffb600013fffffff7be00013ffffffff3e00013ffffff7fbe00013ffffffff9e00013ffffffdfbe00013fffffffdbe00013fffffdffbe00013ffffffffae00013ffffffefbe00013fffffffebe00013fffffeffbe00013ffffffff7e00013ffffffbfbe00013fffffffbbe00013fffffbffbe0001
0afb6b64c05675323a62e4fd2e10723a3a62e4f9921081054329aa7657702bedad930159d4c04150ca6a9d95dc28e98b93f2a841d241db4ccd04ce8415f6d6c980acea6020a865354ecaee3474c5c9f74420f120eda6668267421d1d31727cc9084082a194d53b2bb811d31727e970839083b6999a4b9d07
3402959b786b88f1a5ad1f11a7cf9335a5ad1f0e4dcfa0fbbd175745a891100a566dee0e23933eef45d59fea251696b47c45973e51c225b73a2d316f28052b36f4f711d39f77a2eaaef5132b4b5a3e20bb9f32e112db9cf598b81ad2d68f8726e7d27dde8bab81d4492d2d68f88b2e7ca3844b6e745a62de
3ff1d785adcc89f3d5536c18ef60be2314e45f713ef6303b82c71b5a5e8b18c53917db47bd908428b34876a4763672c1361226c020ee0b1c6d697a2c3fe3af0b5fb913d3aaa6d83220c17b27ea177158f2f78077058e36b4bd16318a722fb68f7b2108516690ed48ec2ce5826c286d8030ae1912294ad4f1
1e7bcc6d4834d69398856776c08b402ebe019e71c1953386233756d31d121baf80679b6865521cd347e681531114eeb4f785152962188cdd5c1274453cf798da9069ad23310aceedc3167f3679de3dfb38c0630c466eade83a23375f00cf36d0caa039a68fcd44a62129dd69ef0a2a52c1b334462f3e5de5
085d198d159c5390fd0b7a780061f43ed05e074a510d51d2eae79aa5b6053fb41781cf7c436039703fd58a61b722a72fc78d3838934bab9e6ad8d81310ba331a2b38a721fa16f4f000c3e824a2e10d74ac84c3a5d5cf354b6c0a3f682f03a31886b072e07fab14c36e054e5f8f1e907113c554638673cf90
2718d07d667ed7f1cdfb89195272290d959bd1f8972741f96c8c0f76cfb7036566f47e25c9d209132181daa71d0adad967522edeb3e5b2303e1d3edb0e31a0fad11dafd39bf71232a4e452396ae8f16a3943a3f2d9181eed9f6e06cacde8fc4b93a012264303f74e3915b5b2cea45dbd624949d5049d085d
2baa0353549f9e21251be0812a02a50b9aac746cd7ecd088cdcffef4dd9523039c1e061929f1369e5addb7eb752cf55d49e98c4c60db8496303ba46d3181ce0f00fc95029b4f2d6ebaf5bb2963caf0c8e779d18ac4149fd536502925598e29d20a724466e7ff596ecb2928df04074015307b5aa1ee535f75
1d053066d46b1b613124c061be8ccf188286eb2429c0701bf2da4f884b590339d02f975bd22397df7cc39e9e82127ce38d91711600a07d77b310378d019ce817cbade911cbefbe61cf4f4105752e21b95cb1d1dac22b244a6c3f1067ceded605d5920df96d27a325ad298926030be46683fcf9f21f9c1df4
2a46563434ca74d0ce43b0c1d1cbcf3f71bb06fc096fd130af999a5d6ac11b3d0c471b705800703c38bf58b87f37fdb125193e2f82896b5faa9d197a0d9e86238db82c02381e1c5f8b5c403f75ebb4fa8d7690601f479435fabb19c5025fa20047c29857cccd0db56126721d860c7e5e816a2995536fcf03
2e033e771e2853e1c294e19f3423b110e06ed4f1df41b2bdf1c78071b4db37e4fc686c25f69030dc168ce74882323ec242d3617dc2dd96083d091e623bf27e343402fb50186e0b4673a4410929607e6fe795110d012ab3259ddc10d3345ec9d9f4035ef8e3c017da6e2e14a70cf7911d92f9f015465c93a1
062b4cf4878ec350de3cd453015b6a17feca3cfa67d3a2fbf11b5d102f282689805bcdb488a241c5db9435e4601974afb7db8cc082acf0b6e6276abd1344c02de6da445120e2edca1af230294344b97fd80173f922225a6339182c09c529b21b0a617df88dae88179406f1e6a2980adb530d71c90fce5024
0e12c1138ed0a7a1b57fa7a47109e821859d45a9b58d635ebe691659fe2a387301c23f7df791af760e82736ddb2661eeaadcb18bc26139c5416dfc5d3c3980e11daefbd2d7bb074118b6ee2326f7f86c41efa32c5f367a71c82e0d9b19b31c1c5761af5f348b2cff150dabfd3d23884f418e92b6f846b896
023f15cf7eef91816238e1263ff3ce25b48146db9bf3200f7b6a26a8725314a0c86d3fe394b0e6b4abc073ee51126796f4129d3a734b0cfe51994d442a5064369de1ca62735a55e018f729164aaf2e373d4993a5ce5faa9f69831f4d625ad878f83207bdb51333392a0b11c70931ff9e71c6e555d4676d2d
3462f7c5c6fa1950b1319ce002a89f29e5fa283fa5cdb1e675da23ff229e0266d082da590093f179f8436637323a4c171ed30d6cc053d06055796307213368416b1c8051f8bcfc21b31b9920ef4f347d028f822a0f3dc2406fb121af7fb397124ab0f33aed11ff914f25898ce6fe054503e0be8cafc20077
00000080215fff00000800080ffff00000080026ffff00008000620ffff000000200227fff000020001a0ffff00000200038ffff00020001820ffff00000010021bfff000010000e0ffff0000010002cffff00010000c20ffff00000040023ffff00004000320ffff00000400050ffff00040003020ffff8
3e9ffffffbdfff91fffffffe73f80629fffffffbdff813ffffffffbd80013a7ffffffbdffe100000000083dffe27fffffff7bfe023ffffffffbc00013d3ffffffbdfff13fffffffef7f00413fffffffbdff013ffffffffbd000134fffffffbdffc13fffffffeb5c0050ffffffff39fc033ffffffffba0001
19c09bd63498efa0d8561969f80486118610ca76643c01856196a046485d27026f58d683be73615865a7e0121814b1cdf8c45569d12bedad92f0d9d5338137ac6931df41b0ac32d3f0090c230c2194ecc878030ac32d408c90ba08c308653b321e02c2b0cb5002242f29639bf188aad3a257db5b25e1b3aa
283f2327cc6751632399c6a5ca0b9b0e75df15999fd402399c6a5fb8b9a420fc8c9f39dd45608e671a97ee2e692b3df1877fdad6a1d00a566dd12e24107e464f9ceea2b247338d4bd617351cebbe2b333fa8007338d4bfb37347073aef8acccfea011cce352fdc5cd2167be30f03d5ad33a014acdba25c48
3cc502ba8cf65372ab69f0f5a5408101982d2ab59209338a7159c8ae222b10660b4aac5c8252ada7c3d719020232ea264ed876bd119f40bb38f0d4d1398a05751e0ca6d156d3e1eb8c8101397513276a2b5e92cfa05d9c576a6920cc169558b904a3c538ace43611163ed2279ec8a310233e817671e1a9a2
36ab0195dbc24282a9a8f0df2a3b1025fa936ed2eff36399ee1d6646260d297ea4dbb2abfce2a6a3c37d2cec3e18b173126c52ff00c56e7b6182db342d56032bbba484f15351e1be96761f0c58b98936297f8062b73db0c16d9a12fd49b76977f9b3ccf70eb3021307132334d74f1b09218adcf6c305b668
305201867c1c52d1d4bbe8e20685e909d59e56d019621077ec43b670446c32756795b0ee589352efa3885c17a3294820549d9804c381fb09121ccea520a4030cfc58a593a977d1c40d0bd214a4102a4ecc0263c0fd8488ed675324eacf2b65fcb1103bf621db38223630cff1f6b85afe9303f612247b9d49
1040880ca5088950ff0f6e287d20500ec07f4876bbc3a2f197d317898fee23b01fd21b9ef0f3fc3db8a1f481400bbfbf2da53ac61050e3f84979f385208110194a1112a1fe1edc50fa40a025dfdf96d08d63122871fc249bf9c307603fa43b5de1d178cbe98bc4c7f73e81a35a223ff660a1c7f092f3e70a
006948fc7cf2b4313ed39d2d86d9352b1725ed58f979e1940e0850cc316d09e90fc1edc1e4f28a99f2ac7d7ef3068a5f1dc3e34020a6ba636eb1ab2024f487e0f4d0f281e74d77f95fe80d162e4bdab612f3b2576df0ae233bf518e3964aa1f2d0f11533e5593cfde529f69ce96a26c9b15d501a9aa4fcf1
3b18a59400e136309d6b05f62d99e32bf74f0360937383c1c9056a2a6c9401c3e7888893aa71dc2c663f605f09376fc357a94580431300fed2958f7a20e1f3c44239d5418bed7858c2243717ee9e06c546e6f2c4627ab6d2a6ab3a2232eaf22aaf23b858cc7ec0be1224eb582faf5ccf20e8298336a358db
056937a191ebb080a1cb394e07a56206c6b204b2e6c7c0452a3057f9f57309db09185e7154d0ec797a13fba625142ca1cdeb9e6170443311fdb10f6224ed848c2d28aa71d6dabaa3d8a7a40d8d640965cd8f80232bd23266f8f11d6f7dde7b5ef3c1d8f2f427f74c4a050e59ca703d2b135232b1a18553a7
18596abab5f51f00ca6c5e8705144f20f0937ec4f840537c5dd2244d9ede27d38119995852b0b831c5d219768f23ae4f410fb354c15be5faf41e811333e9c08cca9c2962306f77e9f1ed4001e126fd8e10809143df479f44defd18db46b3b366735170638ba432ed1e265362f43618a2817019f3b8f1429f
0a92ba5642bbf0809aa290b53652ca32bdf18dbe816293ad3f34e235e8213191623fe84a0e121020df3a6f514111e5ec7bde2247c2c8ce463060761938c8b11ff2150710a200d962a348b2257be31b8122c5110f5ac66f0c2efc196958d21637d1d02041be7520a28104d51485a9b29652315a67a41b761b
2123485c06792ef2dfdce86448bc783e717fffb2c15e7353c3619931c85d02a2a7c84fa40703fbd6871d14e34119d9feb8db932613f12b5e974577df015153e427d20381242315ecebb44b3ce2ffff69a2bcd30eaf51b0b682ac3c110b101e923ff3f7ad0e3a6bc68116fee7432245e3c07096089c76853d
2eab367100650a63fe0435e4d090a51d4af040059420b20de263d48a11130015084f1afa0b105de2285cb711ae1afdf997be932a0116160690e0406a200a84278b6d059092622e2bd2eba33a95e0800b284160daf457c79e549f3b1899d76b650f00bbc450b96e235c3ff021af2474853011f8ae7bf77c8c
345761c8d8d3f04111c3a4485675c33292a14c8b8a6b930594d97a1832bb2e501b8fcf03fa02d5ab11797ec8cc02b7fde81391fbd3857f757ff5a0ee17280dc7e781fd01d26fdc2445fb13252542991b34d712dbd7d2e86b8c582605d345bd0499a1ab5622f33f9197288e1d2240a3ae23a317be2e16d0cb
00000000217fff800000000a1005f0000000002900050000000082105ff00000000023000080000000221017f0000000004100170000000202117ff00000000021ffff8000000012100bf00000000031000b000000010210bff0000000002500020000000042102ff00000000061002f000000040212fff0
3e9ffe9ffbe00011ffe9fffe74000629ffe9fffbe00013fe9fffffbe00013a7ffa7ffbe00013ffa8000041ffff27ffa7fff7c00023fa7fffffbe00013d3ffd3ffbe00013ffd3fffef8000413ffd3fffbe00013fd3fffffbe000134fff4fffbe00013ff4ffffeb600050fff4ffff3a00033f4ffffffbe0001
099ce6ce24a16da2f6a2e49fd2c6500f4ac049666c1c42b6f3b173d8a1e326739b389285b681adbcec5ce5a8793d2b012599b07102dbcec5cfe6878a1339cd9c4942db42d6de762e51d43d1e958092ccd838816de762e7f343c507a56024b3360e235b79d8b9cb50f23a56024b3780e1f0ce04deb1a4c77d
38635b319a5c93610d7d174fcb49b110b95fb28973f3c18b0c0d89e65e5e218d6cc675d24d5262c3036258979802e57eca29efcef22c303627db797730c6b66338d926b1316181b12c4bcc2172bf6512e7e78316181b13ccbcbc085cafd944b9f9e0c58606c4f32f2f05cafd9453df9de141f9193e633a8b
2fdc363c0c8f9e5296c730aeb7298c32441a1490320aa3ca2910b568dbba2c91068521fc82b25b1cc2bb60a62e1ef1389a041d42e1928d680c6d7bf71fb86c781d3f3c912d8e615db0531702c7e576b22f0a039452216b13b77319220d0a48190551e514885ab46ddd16e04c351ff01bc3251ad018daf7ee
0151766225ce6a00874239dfce0497359e090016e3f6f3e99ef2129495971d67824004b0fdc21d08e77f38125c3c817582b22106d2262b5003c090e402a2ecc44b9cd4010e8473bf9c092e123e36ff1e5257c3d33de4256b2b2d3acf04800961fb83f4cf7909294acc1ac339b7ded718b04c56a007c321c7
2dcc28fabefd27a101869479fd90322841d958415a5400a2edf38b6eb6ec0a10765610569500061a51e83840c739a1adb6b6154c6021cea8f7f8cea11b9851f5821a4f32030d28f3fb206429818db1aaea3dc145dbe716dd6dd81420ecac20ad2a005176f9c5b75b7611830cbaed758dc0439d51eff19d42
15089e699c885e1007b029d5742184300343bbdd088ad21d4c978f9dd5353c00d0eef42a22c01ec0a755d086102b88a4d010afe961f582d686531a4b2a113cd33910bc200f6053aae8430801c6d62a452620703a992f1f7daa693801a1ddec7445730ea64bc7adea9b3e136e9efd4a3cf3eb05ad0ca63496
30a0f88a74c03171d28afe383fe852058b05acde4ff6f3cacdcc9cf8cd17017fb26c24872c711849e3bfa9a5dd0bfcfa0bee6df432f9b77a1321777920bfd93610339643a515fc707fd0a438e79951c9484dc180ec7c007c2221261d862a628e0f823093c77f534bba0e9457f1c1ff4292034a47e3c695a2
00e4e8f1a5f20623569a7f34ad21351f07d9f9895bec433db3bfd07d776134db24f32d905d20bb2714d905a1bc1ad1ae996e7501528b4ed38757e7e51a6d927996c82e92ad34fe699c4269299f93a7a5cea7808089651154d2e033aa7866068eeb81764e29b20b43783ab4d3f9a35909b3d8c52c9fe609b2
1cb0301314858bf3900613bae1cd461c6e41e860ef8e70c0eb0f5f3e4b40327c2dff7299dfb00b69b1d5dd3b9829a5f60eab2c4e20b0be97b3151451393e16ffb73cefe3200c2776059a8b384a0e29c38485e25971950cf7fb69084345d05473571016d363abba77301c80309dd70e6a302b49bd0c8f5d84
3b007fcc09ef9510e61c2bc071d9ac0b682fcecfc24462bb0a9368f3dda10686eca6e6b6b73187dcf6233286403ebbbad81e6941b3053eac025cb44023437653714b5ba1cc385780e3b3582f67dcc9135b7710188ba02684f8932e1714dbb6bb75630fb9ec46650c800730e15e038ecd60c2cb55d5afa8f8
0c6767a6eb6cb1514dc8c709531f09195b9fe5a6acd6808b970c098a155f06e0b5c5fad5c95347b6d504235c9139d1455c607f6343da6bfbb73caace23705ae2fb5ae4b29b918e12a63e1239718f8bc25152d39829a1325949572cb82ffe083d8bd28f6daa0888b9212a6e46384888f8505495d2b215df84
15d9177264eafd91f15e801bfd432507316afdde66cbc34d0bbb3ffe538f11ddf5304eba4721fa289d86e9060d3ca22fd74c1b31c33d6d7bb93499fc08eefa98275d2393e2bd0037fa864a2e47188ea3f6c2a0b4d06041cf13ba0071008f3674f693f4513b0dd20c1a2f8af400ddda1933091a42e012c978
0c3482f36a25af23c0a5a3c241b52c06903a49545428531dbf9e737aa9581cd7b6addd09a203a1d9770441b7c02a4fc87bf98881e3c7c68916c5164e0e6bdb56ee84d103814b4784c56a57023ec7f22cc2ed4233cc990a90bf912fbb3edc12c512d343b2ee08c56f7f1e052d1e120da9617559b388032853
305194953c542d63336b2aec7178620c4be9484bc8bff3ad2396e4ac833f3b004c4ad941bd32ff8ec0d423dced0f56680f14fd652085511d8c6e88493d8026256a90dea266d655d924f0c30b7477ac9dfa8bb35bc0a6ee87000612e277439d23c3d1ff1d81a889b9d9199b5957638bc311a2bb0e46c69f82
0000000020ffff80000000021007f0000000002100070000000002107ff0000000002100010000000002101ff00000000021001f000000000211fff0000000002100000000000002100ff00000000021000f000000000210fff0000000002100030000000002103ff00000000021003f000000000213fff0
017ffe9ffea00003ffe9ffeb49fffb17ffe9ffea000003fe9ffe9fbe000105fffa7ffa800003ffa7ffa7be00011fffa7ffac1ffff3fa7ffa7fbe000102fffd3ffd400003ffd3ffd4c5fffd2fffd3ffd4000003fd3ffd3fbe00010bfff4fff5000003ff4fff4fbe00013fff4fff583fffe3f4fff4ffbe0001
07c0ff31d76547b186c69d12ec3188318c46848e89bd506c69d1304f187a1f03fcc75d951ec21b1a744bf2c61f14caa4e12d2b6e71b1a744c13c61e80f81fe63aeca8f630d8d3a25d8631023188d0921337a90d8d3a2609e30f438c623424534deb03634e898278c3d299549c25a56dce04ce73671250b6d
363f42ce6a9a77527d59670ccdbe592e77d97f893232d3d59670cf2de58718fd0b39b6c9dd11f5659c33baf9622b45db2f466451435659c33d7d96192c7e859cd954ee90fab2ce19dd7cb11cefb2ff16846593ab2ce19e9dcb0d373becbfc2891973eacb386775f2c4168bb65e90e8a271c31ad98cd2e49b
249e659be755cca09eaa963e23d8543994867bdd5b8212ea087353cffa553e65219ef43ee0927aaa58f88f6150300ea13155659411287245975daec6093ccb37d2cb99313d552c7c47b0a838075098a8a2ca11d410e6a7e1f4a93cca433dec9dc113750439a9c6fd2b071f67619b5592037ee1b1e0437cf3
2c8897e95eef3202af83cc6afe5a643e3a23e29810d103cc0f111e3fc05b0f8e88f8a6043442be0f31ac7d698e16e2ca7f565f6920c6531f4402f45619112fd2c1fe63f15f0798d63eb4c70b71653fab2fb493981e223cc180b51f1d11f14c086883e607888efee02e0c05464c3a69c7100a8bb3112e7350
0b90302121a1e4e38b2fefb5027e7903525cc564a09c33b39febe273727410d49731582027122cbfbed4cff9e1320804711e4bfa914e2f37433c0454172060424343c9c3165fdf6a46fcf1390402388d15fd53673fd7c528e4e721a92e62b0404e21d9cff5f139b93a05d05794c7acfff16e6147d5f7e93d
0f45465c0c1baa80ede1d4e1802d0904a63903493bef320a4b03ad02b67011298e40d146fbd3b787538600b4240623907b1dd281a2931533ea50e6cd1e8a8cb818375501dbc3a9c3005a120311c83d8ee940d01496075a476cdf22531c81a28df7a1052581d6815b382544fbf75fba9912a844f34cc342f1
15959ac14f2f0381b6fe90b44531eb05ed06e6a9ae15902f81edff18d8530475b731b5175250b9d7a61c8a91f131e1e302fa55af13a439c50126a1fd223adb98d87ba933bf148dd4f154470bda0dcd535c2b233330a5490d6df312510a89850b4a72445d6c2c8a4ac72db7f485a0198f6348738a028f43f9
1b448d6922fda9d10ef6fe4446386d36c69101758a5510eb9ab2532ce9f9284ee7397ee9a95053297194419e2022accb50014106729adc862517d2b63427739cbd64d4b187943a26dea67d2d8d2202ef34aa13555becf10bbcb40b8c57ac3b844b8165827346476ebc2877b7f22021c37135b90c4a71a56b
2cda7c7b259fac1262a47adccebc951bfd069a55d62b21da47fc6f04bade1ef7d1c00ca605726a6c8b2d9adf862905f4247b7beee2f310bb34524ce22f7be8e0044302c160dfb095c73dcb37fa0d34abac5642d5af5c826246ae34bb5eff9cb63ce13c01a4d904b100331523d6e465e4b1e6217668e699c3
25962a650817045342f2abe198c7eb12de95203606401178d8c82c0c2de0141e35043d24aa60f38f3acab3828b2b6655c6cfcb53d307ba984386b14b0a0f1a821e92553319299fcb3cecb525bd2a406c0c8022e8c392f4d4f3171e82fe5abbcd0aa39bfad23eff63d43a17955f0ab63f620f7530874f6295
0cb05486e63239026b53ca995aa32a351927738d3366c0e63c2084f9421b02b015c1231e6d02c291596a9f88b41b52c41318ea5883b14da3b36b7c1401580ae0918f36803b10da570f81af2a324ee71e86cd701fc677908a88ca0e947002c2d2a823d046562b22b2ac135a9e54cad51953629b476718f827
14ce1534be31508183b8a37dd89e11199fe066b930f3d209ab2c0ce1e60c19f625e9d33fca501c3ad172e8fea206938054ed117bb23babc4b613b9002cfb12f4e78fe532742cfef3e7df40333fc0cd7261e7a16db4cffc9621753da5b78164fbdee3d14d14677f0b522c1dc51becb4f0907757896c6971ff
15260839ec9f48335478466b5be0583e43ae4ac26b2d602e8141c38f59ee3424ef16495ed1c17ee6e7a474cdd11ee0f1c2ba2f5ca24f1c28f62375861a12778b24af68e257d9206a92d03c3c875c9588f65ab1739a7e1206823b1ee442067c00fdc23e9e3f2aa169281aa3c2335adf02c09e3851ec88eb0b
2e7be6fcfb36fc93036e68458aad280e26960ac3ae5fe39b5734ba6aabc93106d003de4bfa92014f59d53b0eeb3107d0e0e7c1cd4029fd6ff671461838836801ed15fd529d3692ed0524aa1c4d2c15875cbfc307e508a81220e9271f16ce8726fc4331f093b67cf6f3181b73422c55694053fadfece28c30
0000000020ffff00000000020ffff00000000020ffff00000000020ffff00000000020ffff00000000020ffff00000000020ffff00000000020ffff00000000020ffff00000000020ffff00000000020ffff00000000020ffff00000000020ffff00000000020ffff00000000020ffff00000000020ffff0
3ea0017ffa7ffe920017ffe873ea062a0017ffe5dfea10017ffe9ffea0003a8005fff65ffa90005fffa883a7fe28005fff9fbfa82005fffa7ffa80003d4002fff91ffd90002fffd339d40314002fffcfdfd41002fffd3ffd400035000bfff0dff51000bfff4ef750041000bfff439f50300bfff4fff50000
173894ce871c8690b182ead5b255192905a04f9a7dab1264f414cf7f8e3c1ce2533a20921a30993d0533dfe38f2416813e7236ac2193d0533e8238ee2e71299d0e390d224c9e8299cef1c8120b409f391b5610c9e8299f411c773482d027cb2ed591327a0a67bfc71e082d027ce88d58323e07f98e9a2a3e
2ac7a931bae3bb73525d194a0fcae836fe3fb481667501d90c2d308071852b1ea4c6f3ceeda376430b4bee9c621bf8fed211f9d3d36430b4c243c613158f526379e776d1bb2185a5f74e312dfc7f6906ece9f3b2185a6100e30a1b7f1fda40b33a82ec8616981f38c337f1fda423f3a7a3b1fa167333d3bb
1b0833b17d6f9ca38a1e3f2e461795147aa71c465021c12c689ed28b2d1a051ea9c7119408722878fcb9de5e513664f787bafa196231f2f391c679dc36106762fadf3943143c7e5cce2f290734ff861a4b385258d13da5165a340a3d538e232810e096344f6945968d05c7ca1091c9c8b063e5e723cef3b7
2f3403b8102f8793e7798b965789783a41764b01eca4f019e2b3a1f4546d1e905d92bf7329439de62e5a2425dd1da8b57d490838a1fda1a951cd44a21e680770247f0f13cef3172cf112ef1b851194f463b3c033c56743e8a8da3d20bb257ee652820cf159d0d92a371d11b9ad08857c63fb4352a39a8944
1adb8b8939fd50f0ba60ff1223487926b77dc9a500e30203c5f6ea5cca9909addf72694038c2e983fc488d21e424deb4ad5e0b0f028ec763625d64ea35b7171273faa1e174c1fe244690f2266cd69472375bc0078bedd4fb9531135bbee4d280718301e2fb750d654d27fd1aa8394113111d8ec6c4fcc9d3
0eeaa909ac65fee3fac6fd68a056a50ab324963e4996a321eb2aa355b67122acc9258d8265b3eb1bf5a3475a9107ae9d6aa6cf9f62f195cfc3dee6d01dd5521358cbfdc3f58dfad182ad49372697deff68383243d65546ed6ce10559924b1f24cb5390f5955189db39365f5fd42569a901e32b9f87ffcd9f
0c9c11fa477c7ad0b342e270779f042891efbb7a4d914160225a85ac8c2026cbd6b9c94c9cd36c4e71bc535f252555c6ed2305ffa24e68c1267ae8b63365eb5ce2964e716685c4e0ef3e082593ffc265a453732b451f8a07dac003a37ef3ef6b0842d89ce378e8be49059a171383bcf820acacd60a79781c
122f19aabb5346b120025ccdfb9fe938f7740186f44e935e07e3c953b68f17e1753f2edc7f72b1eb8859c87b0d0fcd3b6029782cc00bfe72dc0159b32bf0ba9f955e3fc24004b99bf73fd2041d5a0b05603d3340e134bb678bc80ca4c92c4439484163d710b3d2f619290012e66dccff52da246b48f6ed4f
230b8a13dd96d8f27ccaf98fc715ba29bb409637f545937367c19db318b33e51dbc5ba81e89003bf9f1e7737552ecfe1bd1c4a7c004e83ab1974643f3f28ede2db30f450f995f31fd02b733adf0400fc139cd228541ec027a3601b9a7bfd8fd5ca10077f3e3cee6eaa13e657cc7e38add366d3e3d90bfd61
2cfa0bc3c90d8831613dc9424940ff1e438b3453781a625352c0785898fd33c0319b17bac7d3b9a5c21fd6fd781a1f19654667eb023a31aaabb5bbd539e018cd89cd63f2c27b92849281fe3d198c0fa54acbc1b3051f7b107c5e04357964cc95f7c3734b843feffaef2b09ee4a103a08032cb153281fb823
2fac8680cf1b2a73c04b02390ffca410bfb544bee5d983cd8c6a163fa8ec0c8e668cf84624f0cc7d6bce95f9120a2476320501cd73e2e26479ca83f0264733467a1312838096047261f947019b27f696a287e39c64d593a035e83c67b6eb578be19198fad79d2bf2241e025811c87fe5206582a4373191c8
0e749bae0415dcd21ef98e7660c6dd08509930208074e2408e4bf50e48f439fa6c2c1492cc526b5280fb303b0533e1c3f9982034720c18af1c23fa823cfd3616083966303df31ced038db909e6e29fcc0943f01c25f9f346c3fd14fe13e61ab39f60d6a501f6a2760930f7cc73b0f636f0a670a9a5f18a84
380455deea122bb236f9feaefc9875358e8f8ded0093b2f92f02d75c8a1d2bb5c8aaf8cdfd42aa05e59a9c666b16532c9757b2de4261b1d03a867f4515dae4557c66fea06df3fd5e3b30e9384079ffd7b81b8380c23c9c50740d3a89b2a80f3bb0f1540bcb357accd531b7cff575d4c3b2a93041cf43fa42
0306eee0c565d2620afa210fd98e3807ab79281e7c5dd19c3caeb3e58cd23cf6aceec387e5138ca59c453355cc2cdeb6974ac48bc36de3325cc6947b3e7b56775fb3f29015f4421ff51c6f1a389ef0b8de1f00d009b156f5061e03e1885d369dfb33194b388aa8ab971057d1087ecc71c373df37e7b8b7e5
0000000020ffff00000000020ffff00000000020ffff00000000020ffff00000000020ffff00000000020ffff00000000020ffff00000000020ffff00000000020ffff00000000020ffff00000000020ffff00000000020ffff00000000020ffff00000000020ffff00000000020ffff00000000020ffff0
017ffea0017ffe83ffea001949e9fb17ffea0017ffea03fea0017fbca00105fffa8005fffa83ffa8005fbda8011fffa800641fa7f3fa8005ffb8800102fffd4002fffd83ffd40030c5d3fd2fffd4002fffd403fd4002ffbb40010bfff5000bfff503ff5000bfbd50013fff5000c83f4fe3f5000bffb2fff9
277a57576745c69175e64277c700b22d21c8ddad91aad0119ec00a25ce6c1de95d5da5571a200467b00289739b34872376be86ab235ce25339eaf21b0ef4aeaed2ab8d120233d80123b9ce1a4391bb5f435590233d80144b9cd83690e46ed4b8d57008cf600512e736290e46ed812d5632b9c4a67417e435
1685eaa8d6ba7b728e39c167fb1f4f32e257262a32755030617df61c31d41a17aaa35f09edb00c185f7d870c750b895c98b529d511ab1ea4c6db0eee2d0bd551ad74f6e2060c2fbea2863b25c4ae4c5884ea9060c2fbec3863a839712b9313093ab01830befb0e18ea1712b9316a53aa23563d498db61ddc
2bf52e12461b9f801a4d8b8566dfce234a4d28e1904f811a540c6be0490808d2934a386413e069362e159b7f3831a38fba2c1ad0520b9a2be81ee11c17ea5c2490573ef0349b170acdbf9c24d44b9f50cb93d105cd15f40f708e11a5269470c827c08d2a0635f024840a49447348c00a80173457d07fc237
146a4f16c7b30e22dc1bca55e0b0190da62c3661650e501f72ab2885448833698b0d954143a3706f295806c0622b3b8d2aba89de51084f588ca2c5f828d49e2d8f661c41b83794ac036031024e7d6baf3486908427ac465162fc26d3161b2ea287300fb9559442a24434b6cba302beb172109eb119458bf0
14f1d792e42acec28f35465004684b081c3e6443b8c012959e5f3b36419b32070f990dd630123cd5194095a12a2a71b717d0aa8361cbf4d102cf529a29e3af25c8559d811e6a8ca04ad095293657c9ab8715f0e5fa688167a94d240e1f321fcc60134acf2f9d7a20ce36a3bce2284a11a397e9a2059ea534
16b11f467a02f7a2a1a18a93f747f8071a886320592282a49d552c96334601c6a218c81648a286862a50611fde394c2c9e2aedcef0f02b5a7a8110212d623e8cf405ef4143431528308fef2ff55f78c3874ff27815ad3d1f8811038d4431902c9141524eaa964b19a30b96343d82313391e056b4f5022042
070bed171f48a8b3b0f4afe74c7d1b0f8fa188f2f06f53a2046ffcbcec84108b432d287d54536315a7986cd77e014c8e23017177f12a829e0a6c9e932845a196922eaa3361e95fcedafa35338f635d52ca0fa3342d8c3c7a3256172257daa9ac7751f57d2f3da688163d87a57f3853e8e264e08fd21ae3d7
12b09b4517f3a3c1381c02988570e7010f8da7551a1f81d70716d1ba1f5219e77ba8a15df3b312521f83efbf05302da1f7518f70c1e7a8a3e241b0272cf3bdd44e9ef9e2703805310ae1ce144d8d56996bdf30ebe6a8128004bb10b0d5ff293c30c16574aeea5d4b8d29c0e014c21b87429178cd55b99a36
15ef237d67236230b661921b27a9ee17f4d72ec45dd9c240a4bfbdf15a9009e0416be0b40d90ea1a014b75882727b63c1f49ccccd22747e17c3340f324f020b5ee4a06d16cc324364f53dc1752313214e4c531b77cf1d5bf803d32b74749d3fa14316d0b74195e1e5905b30c90d93d4f73185c509ecbb6c8
2ca5b5f5552bd6901be0e203ec270018fe2e4d155d0063bfa4278835787e326eda6148340152a432252620957d0509a5c84dfb830057c13026da95e439376d30a20a00b037c1c407d84e00328ed241291497c0c6fa51403ab0810192caf12d886ac39387eda2a8cc3c00df07101f61380367d05e1e276c42
02aa81584dc7d2639ff879f5727c58009f62bc7c5059308803e5de9a4982188651eae698c4e04b334ac01ff7e209a32c10f68bcc416ed32c619fa7b50c4328f5734c62733ff0f3eb26f8af215a82e60d5787507049f07a1c091a14578da7385121624b42f22a5c4e801cffc3cfab93e2c37d64340657d954
09f0bc7837caf541e10631ad0e4def0012a5d357b1fbf15bdce126302b7327eaef54e3672e1173850dd5e6574d12e9f68674e650b0f2b2c9014c0cb333f577aa6fa39713c20c635a1c9bde396afbe6364c5222297a76def8c16530df1a37b43c62f34e32aa29dda08d2f08318d66626f8273a4dd6fffaee7
243fc6a8fcdaf201ee069fc72afdc439459c2f04ecf900882add952facd51ca38bd33fd11691863869fb55fba7252f5f1bb7647382ed2b06ce7c4ad32e51c5e99dd88b53dc0d3f8e55fb883fae93420790e6232a8919d0285df21c6538f89d41e393cba06414f429c80f7034fe3957ee23c022aef72f915e
1a70c1b4bab1e910a827607cd6f8da3e48a66787ddc883429d15bb45fc7f1a9df83ea0f83fb2015a99f8e7005507536b9500ca3641c00f51ebffcfd22d4efc1f4e6c1fe1504ec0f9adf1b40772f96f93e0f441ed215848e46a0d3f301efce93eb090d36353e609278c05413b03e6b7c6d0183777062b2e93
0000000020ffff00000000020ffff00000000020ffff00000000020ffff00000000020ffff00000000020ffff00000000020ffff00000000020ffff00000000020ffff00000000020ffff00000000020ffff00000000020ffff00000000020ffff00000000020ffff00000000020ffff00000000020ffff0
00000180134001300017ffea001800000017ffea001800017ffea0018000000005ffea000640005fffa800600000005fffa800600005fffa8006000000000300058002e0002fffd400300000002fffd400300002fffd4003000000000bfff5000c0000bfff5000c0000000bfff5000c0000bfff5000bfff8
2e976ea5e706104176ea5ea05503462976ea5e9dc1035021e0829305f7ac3a5dba97a45840e0087820a4c17deb25dba97a7f440d239de95d5d6b971b1d2edd4bd22c2072043c10523fbef612edd4bd3fa2069043c105260bef5834bb752f4cd081b010f0414982fbd60bb752f502a81a333bd2babb192e35
1168cf5a56da2dd28cf5a57f6cdcbb168cf5a57e22dcc01c1fbf6d38089405a33d695f88b7300707efdb4e02251a33d695fcab72f15a17aaa34a69ee22d19eb4adb45ba20383f7ed8601132d19eb4afc45b980383f7eda7011280b467ad2bf116e600e0fdfb69c044a3467ad2bf956e5e2b42f554694d3dc
04442d1c15f6fdc3ff64ef26de70370442d1c1638fdbf1ab4106cca0b50b1110b47057dbf7018d716cadbb1a39004d84f9e913b7204f4e156b62912708885a382bedfb83fec9de4dfee06d0026c27cf489db9227a70ab5904894222168e0afb7ee02d5a083662f5a86009b09f3d2276e409e9c2ad6c5224e
282da255160daeb3af6df441ec662502da25518a1aea61c4a8f6871fe80f20b689546076baa0d9bcbc2fdee9430976ee4cec392c039d2886074f5413105b44aa303b5d535edbe8841acc4904bb7726761c9603ce94430386aa0a016d12a8c50d7532e2547b436ef40812eddc99d87258033a510c0ee0a825
290bfa4ec1c43290a1d7e5dad2d94e10bfa4ec458328634fb4ab44d40f19242fe93b0f50ca206b5aac431e148902376e5a22d96ed0b44e01298888911217f49d87a8651143afcbb5a5b29c211bb72d0f5cb7725a270094a34449085fd27622c19433a7da55a249078d046edcb445b2dda1689c0253111122
1d04a2427df98d23d6155dfc47101f104a2427fc78d193ac63cb6953503f34128909fc063471c877c7dfa0e71c149f1efc10b4acf10f45336db784043a094484fbf31a43ac2abbf8d0203d2a4f8f7e064a568087a299b6dbc20228251213fc2c68d3d631e5b488a820293e3df8216959e21e8a66db6f0808
0e82576148498b40dc3cbcec6c559f2c83d9f18a4bb8001c744b19ce78b12231ca58d807a20355eec8b6dbe4aa15a2cb54a408de7314420a7daacf4b26f8dd4237e147d35b55f05e1280cb1907b3e318b76ff0290d42765b4ab118d3b4fd211874f232b51ccc0e4e2d26e1e5e76152ad02385f68b8d94546
1ca6fb757beaf78154057d2e2053bc0e2c214b9710bc919788986c1adfaf0c9319215149e1607448f31e7440a43b3195b1b48b9d90e9aeaa4bc4b19b1c6c183d1575a59321336efe2c229e1c5842972e2179206ce9ab474185752b54a44a91cb62f345b56fb76cabbc0aa02be971029de09584da28bf9d1e
0c134715a9efbc224ff3ee94e2170c0e7e6580eebcede1338859278b67191e735325bdf59092729eaa96a1a4ec29d72b3e5e612bf1f2d64722597318392fc9b93d2d7f40310578dc06623e1cfccb01dd79dbc39d4424a8b19950244f2920081432d2e67d40ce0a249e127f9f74a710b862af791beb181b12
2ac50f38b73010c2c003ba5834dcf625ddbadb7608cdc23f4fd1b9da56cc2c34e325d7e5b171323daf36bdb7c52da9810615794062566fd8ecea0f1e38d50842d97fb9437ec7890fe4df250bbb75b6f0319b71c651a5a3426d1e18fc3bf2b245f9d2d35dc2bb7b3b6316001dd2c1a6e7b3652dafaa885eb5
0f852cca70e66391607ab0859926651697b7ce84b8e8409b01e0b614d62a2abcecbf9eee61202b00ed9b2e37ce2a8149ff6b562cc1bacb17bf89da553bbf6fc376ad2f832fd7c558ae18a52d2f6f9d0971d0809645e62911226a359596ec56b3972254c1ef961994d42b03d5842ab9333015540ac26e3e93
1bd57b0017674cb1dedf5c431401961426d6eb7cf0a983975901f03ec08c120a6f3057297a516d698f6e40db7a3a68c615b66c9cc1e0a34c2a0a611516a1ba7245809281befea4266addf4284dadd6f9e15302a072b87357eb961d5a8ea0395b4ed26bf0ba8f05eb190ef6fae218a00cb04f85e3c1be57aa
2d6ec1afce9edac032f9758650b6003325ad908946baf334664e5f15159c3bece75aba885773544ad3ebab3184290352b3b6a0ed419e18c9f6d7edec37bf620d83bdff02c3167486a19676264b5b2116ad75d082fffb64772f7e04fd299976e7a2f321be1c7a07de2b0197cbac3285b00121fe3547e6d790
29d214fd9f5c4d931fec6d28ef0b593ce221ee626009d09a06e88f68a8952053416427e7a962ee1de364ec54073107773635577c031db69d3bc4802d09affb7b9b8a69e1c6b065afb09b8d39c443dcc8e013909bf4fdf0e7c23a0b882f68cfd4b6137f183d4fd87d9838ff636945685ad2d3860da5b48f49
0000000020ffff00000000020ffff00000000020ffff00000000020ffff00000000020ffff00000000020ffff00000000020ffff00000000020ffff00000000020ffff00000000020ffff00000000020ffff00000000020ffff00000000020ffff00000000020ffff00000000020ffff00000000020ffff0
01814000017ffe80140000198be9fa1814000017ffea014000017ffea0000605000005fffa805000005fffa80020500000641fa7f1000006003c7fff0302800002fffd802800003107d3fc302800002fffd402800002fffd40000c0a00000bfff500a00000bfff500000a00000cc5f4fd200000c00790006
25fa74a81472332177bb4d4901c9b815239de8805873d02eef6d1dd25ecc17e9d2a05a08cc600bbbdb477497b3148e77a20581cf31a5566165b3c2c60bf4e9502d04663205ddeda3994bda2a473bd100b0e7a05ddeda3ba4bd982a91cef43e1c39f01777b68ee92f66291cef440b039e634aacc2cb67858c
18038b58298e0ee26844b696c056490abc621b5b8bac41d110d0e22da175200e2d60aa583b737444343859e85e2af1886d6e2eb1025aaa969a8e3e35300716b0531c1dc1ba221a1c2cf42f1578c436b7175883a221a1c45b42ea055e310dadc5d622e8886870f5d0bb15e310dae07d61f0b5552d355e7c69
276d26548a7ad8e399d1afc67475e11ac9d14d2363e5911296508055aa2a36b2745345c0f9726746bf1a97d7810fa1a04b33692892a80f47c8faebab0eda4ca91915b1b333a35f8d2aebc113d353e7d472bff35407a3e45c75d62d64e8a68fa1f2d0894b28402ad51506456595533cbb10222168e0afb7ee
36a58a2f963695d28fcd57616b2a903159ddc36a9d88d35a8b7be0a8ebfa3c567770d78f62423f355d8630aa3e3a0a535ee7abc830dfa94398dbfc0d2d4b145f308d2b911f9aaec318551f09b5e085c5c57b826fd4a1cc4cfe0738aceee1b33ec471ad45bdf05475fd1254580b61228523416d12a88f6d76
0e16629fafde9f30d7e613044b6f661a64ef30f6b5c73320ab2a7dd8b35216993bcc3ca571d35f984c112dbd9833947a4aa0be9fd10d3155e2b681151c2cc53f5fbd3e61afcc260896decc0dc7b96315a124228698aaf13a408b2d327798794ae3a19055953eec59a908e94347cc924a73485fd275ed2195
3fdadf5e975266313da30c9378305319b689e51e900ae064b575235ab8fb266da279459402c0f68c324e22c14b03bc32a62c097053351fcec5c6a0e13fb5bebd32c4cc527b461926f060a6152d627cc41520a39a8fe762c250710cdb44f28f480572325aba918c5c7e2076404d7c287670e8251213efcc69
2dbe6e404cdac642d90742e86455803ab7b41bf13247c165e61fdb8b0e6a2b5547d1e705ca70035ff39ccc39122decd86f02b8d9903a095d8521262d35aaa3e8f172e541b20e85d10aaaff09df8883578dc062bbf0ebf9d476230cb661242add6380d76e072d0d990916c83a174322ac007412bb0a424c5a
3eb64143a722ea01927bebb8d9d4370169ed90756e82d279c3e94e951e4009fe13a2ea7b0c807bd1c405834c443197219bd2e0fe00729bedd5efabde04ff09d1753d864324f7d771b3a86e15024d28da14a5d231604d0c36029730de05f3b7566271b6d31828cacb042c93df5dc4bea1c0e537dbabdf57bc
373f891c79bdfa51bcbb83671b2b692cfb31200f075b4042e60e74a73a0f0f21d7e8335e6df10381c67b858e123bcfa3e47892d2c2304d1c5686bef12790ebf4179f3703797706ce3656d2015ee514ae57c821bbff8f42e93f3c3d3a7442794ed4f26e2c1b74980e192de5dc1b36c95b50609a38ad4f7de1
2e1ff758a59ba523bff7170c330ffb30a244821c59e960d478eab76783153857dfee89f33b91348af9484439652399fe9c6e0f26f0ab143ce2dcc0433c2beff742e99dd37fee2e18a81ff521d6feab3b2e69b2f0a3d79e1ac5b10d64d60bb106df401df24f3a62d1873dffb8b85f887fe1562879c5b98086
2517c89a1feaad82746c973b342dce2773d6d9bf7e0ab2fbd4479075e5f9223b6ef2376431439d03bfd6a2bdbc24f4fc860b8292233e14b32992198f111db7791bb218a0e8d92e76aa5b9b2f036b2097d2ea4157eab3de15420727c1c7b5d9e7fa21852b23036b1cbb13a364b9d9a16e727c29665366331d
1a4278433975d152fcc2e1d87e0eae052e628382dfbcb17b05a9e5f06f932931de80ee329e41e277ce83e75a482758e947219d53b16f55ec004d1d331498ef4077194f21f985c3b13e1d5b03a2754690c7d39267cc085e7949a5336cf88fc9d343535dc70e89bdc29d17e6170ec3f07572deabd8009a3a66
0c0a358b3edfde5294f4c3ce77c32535ec8a530c7bbe63fa4edd911d38fc3bcd475c3fa4c7f021f0fa18cb112a17cb17abd59f8900b5bb06bf3a7b6b3de6a3ae1dc2640129e9879d31864938fc6f8a16ae70e20ed119c887763e1ab8b00aa109464384b264130befdb34a7a61e71ae19316b760d7e74f6d6
0adf7e3b7c057b3393efcc81d21b1905346ed390b6eab2bc6b563de984d81c58ea59a2268841b07c4a0d99894e23028d4513aebf43a74853f64bf1370e2c752cd113442327df9903e63631154a8a479d5338c0e0bdd94e2b7abf02a60332efbb41a2904a742739ebb93c9f7e640c80d8d34e90a7ecd9e26d
0000000020ffff00000000020ffff00000000020ffff00000000020ffff00000000020ffff00000000020ffff00000000020ffff00000000020ffff00000000020ffff00000000020ffff00000000020ffff00000000020ffff00000000020ffff00000000020ffff00000000020ffff00000000020ffff0
0180018158c00120001814018c17fa1800181400001800018140000180000600060500000600006050000060002000605004205ff00605000006000003000302908002c000302801082ffc3000302800003000030280000300000c000c0a00000c0000c0a00000c0000000c0a00c60bfd00c0a00000bfff8
381feb4fb743253252d2607551a80d01feb4fbadf25221e0609fe3964419207fad3ee96c9493781827f8b4110707fad3eeb7c9488297e9d2a030c8cd303fd69f72a64a53bc0c13fc39088403fd69f75be4a443c0c13fc72c883200ff5a7dd6f92912f0304ff1aa220d0ff5a7dd6f9291012fd3a540a39199
05e052ae449d18e1b10d7f8a7037f41e052ae44df18df25d9d601c65bc2817814ab91274638097675807196f0a3814ab913be637b2600e2d6085383c0bc0a55c893a31c04bb3ac038cb7853c0a55c89be31be0bb3ac0390d784f2f02957224e8c7012eceb00e32de14302957227bec6f50c01c5ac14c7077
3dddf36710e1c3210b13daaf8838821ddf36714bfc311026b8ff0efdd4443777cd9c4fe70c502c4f6abe62e2071f77d240be946ce23d2df674530e0d3bbbe6ce25e386321627b55f1071043bbe6ce297f862231e96fb3a0887072eef9b38a3ee1890135c7f877eea2211cf76ec99cad0207a5bece8e81c19
3d463e10e9f45b634c92e2bd51d88a1463e10edd25b51326e4319fd9cb973518f843b4316d51324b8af60d6225382e168ed4d7a5612615726abae2313a8c7c21d808b6b29925c57ae5b11328c7c21dba4b6a22930ab9353c71192a31f0876c82da93937218cfcbe5cc183a84664057f4f24c2ae4d575c462
3179e63b5c740922fe68f3c1648e60179e63b5f8c0914188d93651bca2e905e798ed7e302453f9a3cf0616397e367e965c5c9e9c8198e02d5ca6d7d322f3cc76bd081231fcd1e7830b1cbf2f3cc76bf1812282cc7016ae326bea0bcf31dafc6048a2c46c9b28bd51751a1d5a4db55b424331c05ab94dafa6
0f6454508ed84490d0b08df96420be36454508f9e448d1958d8b8195bfad3d9151423b61124342c237e59082f8327681d093b05230b3ec33ce3d41be1ec8a8a11db08921a1611bf2c8417c2c8a8a11f7e8919059f619e71ea0df3b22a2847ae22472cac6c5c0a9dfd73d0eac58a977f9d167d8679c7a837c
3f5730810a58a850d706d5abdc00ff18b76210719b97520326cc42df2acf1534553083012c03fb5e3ea9e4e71135e4d6ba0f8f8792af0c0f227197c134ba328271831f41ae0dab57b801fe04e12f308025f483f67244c87caeed23036c14d06b9553260e5d6096a73c26b836ad5cd008016df3720266d632
1787c064e436798066e4751221d7e13ff4c6c9e66ba7a0c38e3e6aba8ef50427d6483b9be273cd73e96a1f5aee0ce8c3c13a110ca199c54246016eb40bf15f77aeed3c60cdc8ea2443afc225f58742b0eb50d2c4f4f7443ee4020214338a64434c72dbb842b6bc835f233723a88efebf11f5b20a1d391750
3a31fcd9b79206505fa4d20bb71860294fbd536bbabe00d4d8bec6a641b13aa1bc97d47179038f27010d7141f0065b491f0e1a86907817dd9ec4dd78135abe2589f60590bf49a4176e30c00d6b34a1016b3f82dfe4efe6e74e80144d7f42fdc8ff82b725739d9791ea02fd26905db8c303b9fc48e3acefd3
0c93e6b608c061d0dff340bd2d4de234587eb53603ec7000ca131d4fe69a312ef495301c18b1b47ba00b6731042819ef4330f01e915c58de7a3c4e5835dce39aa6612be1bfe6817a5a9bc43dbe9334633e684149462869eb8cbb3d19394dff838631b41ae36d36034a06ff9a05e96a6f1170ffbac52cdd29
1bf2afcca920d262db4f2e17142b50045b34ae370730e03d6f27f7ef39050322859cd16e7681388e1b4664b3c3069086e17d128820448034c6f365c11b30496abd613c61b69e5c2e6a569f1ed64915513c9813db2074ac83e8210adb8801e8402c6025f8933727c64116da7970b8a15a8128be44d0ff556c
2844ef2a2c1cc370c1c30f767433ee3ceb654dfc9bd18367aabdbb448b683e5f3978c346c600f67884fb3bef4a1e6ce9fd9975e8b121ea3b56218c85319319e245a78db183861eece867dc2a388624b1e6a5124116300963814e3d0639ca1e9612925419987488d087060e187bb3a19f72d213c219aaae8b
098f2bf7a38315f14346fdc1fb1e9f22dd6c71029565b1dc30bd416bba88200acf43163f6b32db39e1e6547f1432846093a19cf6f03d42857ff0819d363c79416085e262868dfb83f63d3e348169b05f720401d294d928e2795726ff4aa04e64ba9275a353eb3330a12a1a37ee0dc8f5026051ac59d5fef3
2c3188b3ec7af29274a4e97264bcd51f5a1631fcf428800a75a516323c2737bb356217f556e13350bdcfa2103f1e8561b8d5f94630df718f56eace7522573fe784641640e949d2e50b79a900144bd19b54c5537cd276fe38e95f1789dc247892dc23374f9b933d476133a5274b9115e6b256fbf1dbbf2bda
0000000020ffff00000000020ffff00000000020ffff00000000020ffff00000000020ffff00000000020ffff00000000020ffff00000000020ffff00000000020ffff00000000020ffff00000000020ffff00000000020ffff00000000020ffff00000000020ffff00000000020ffff00000000020ffff0
0181818001814000181800199ffffa18181800181400018180018140000006060600060500006060006050000020606000646ffff20600060541ffff0303030003028000303000312ffffc3030300030280003030003028000000c0c0c000c0a0000c0c000c0a0000000c0c000ccffffd00c000c0ac60005
18fe83670328bd603c53d513b32b890fe836704b4bd5a07877e9c79e7be123fa0d9c10c2f5731e1dfa71b61ef93fa0d9c12d2f5682cb78540ce4371a31fd06ce06517ac38f0efd38ba0f7d1fd06ce09697ab40f0efd38f3cf7c207f41b3825a5ead23c3bf4e3ae3df13f41b3825e7eacf196f0a81a0a6e33
24ff7a9936b542b3a38c2ecbead4780ff7a99390742a71858854361f846013fdea64e3150aa06162150d87e1183fdea64e41d0a9c12c88a3ea55c9e109fef532718a855030b10a86c3f08c1fef532720e854e30b10a86c3f08c027fbd4c9c62a1540c2c42a1b0fc2303fbd4c9c87c15372591147d4ab93c2
1a984d5ee137bf10b0b357908df80f2984d5ee2c3bf0a280b0cd1ed5cd162a61357b88fefc32c2cd5e4237e03c0e0e503443b36b1060793a437f775935309abdc26f7e216166af211bf01e1309abdc5c97e132303c9d219ebbad14c26af7161df8514058668f6ae68b2efc72d39fe8cc91eeef9b38870e19
2bac275773f12da1ab274b4b12fcd03ac275776852d961102aba7a600ffd2eb09d5dd804b662ac9d2d2c8df33f11a868310dec3673b6263dfef28c1c17584eaeec025b33564e969625f9a03584eaeed4c5b2b1db131eff79460e1d613abbb4296cb288155d3d0f07ff0b2f27aaae611721ea31f0874fa2db
111291fa884fa8808924e65ddc84e111291fa8957a87c234986016a80b03044a47ea255ea1f2249399777213841ca98626cf8676815ce62c45b1dfda222523f5109f51011249ccbbb909c222523f512af50f80ae731622d8efed08948fd44abd43e31a4c300b330582267339e2970af6518bcf31dae3a049
24a4f551864b5d70dac09d867fae690a4f551889d5d672368e84534e9a5d1293d546216d75a36b027619feb9a4029ec20ecb3688d27c840b861a26670949eaa310b6bad1b5813b0cff5cd2149eaa3113abace33e4205c2ec13342527aa8c42daeb431b474229864d2f1d5f2cd5146467227b22a28455c225
243e235383cc1d039814907a5458720f786fcb40d9eec156baf8fb513d871414530ee4a0de42ff9529e48c44da10e90da54c88e553fd5cc203f7e2a23e18f54518a12923302920f4eab0e332634aa61a82a3729d9a9e3960d45d14b63b0e3072f692cfd873bccfb0981cc0a483d2a2c393fab9840831c543
184c26eda81ed0f11229f807d898ef08a00c4cdfbe68a274a4ae3dfd69c200516526c0ade9827a89f5413c5f252f95d9cd0edc10e05e1f019390d9e609874c4907690a622453f00fb131de374c12489b50d2f22721d6eb06999b1a96d09ea167d161b4437aa07ef0c528914fc03cb4c780bc3e032721b3cc
2b22d3642605ed53339d6ec3440b8e3423b5f022c3b133b104c4387f3c5a252b65069cc62a42df0973ec6b0ea531ab2b91ea3e5353e8c7f366acc81a32dd226e666e5a72673add86ca171b231325da6f7d25e0983cfacb1d43d00f8b101317d690e2253b7656a50f3e199ceb761a205c73d18fe6cd9b9033
03455d9a404803437a1404840c8b003ef29f78fc5f29907647c234bd33663b908444ad1da1401cfeaf27aa2579128272524e7d1303324f9ad7f1818824bf470533c84912f42809085b15ff12f2d4bbf414e27234418698c62653221372bf6b44b301eed9baf8eca9b01bd0a02420645802649f35b025030f
06f0890856b3b4a2c1336f6b52cb75304118ef886fd113c841ca92a1c0680b07c73627974ee0d01f20975f3457362817e6caf508c26fcabf3283834a3ab0efdbfb28fc918266ded6e796e936a21197f82dd862f0c5b9e26cf6e53fefaeb367e06783eb61e4846009f336099b7b58865bb0df957e65490693
0ec3238f32acc8b14d89d91b3b320521772c17a330cf9287751e0ff4a50a3b06b0dc062827732593ab8e57e7a6309c05242b89e111a113bca89ff30e0ae8e6b9d063ef129b13b23676640a335013b7faf0a14080aaf0b2c3b49205aba62f60014ca1e3fec89ee0dd582a6c4ec8d7c99033422779513fe61c
34cf9a61c04d7d53c6b6ca72e137693d60dc3db1ef7e83166f47d8fe7d372663779b303c5ee0e8f914aab2e2391c921fc667455a11263cafde7d8c5814a806d40047e4b38d6d94e6046ed129884949c24635904711ee5849feb41e005e680a51851112c299371d91f83e35b65394f9bb524c795fbcfb18b0
22a2556437914c325415c3bd4b8d032739870c4756f8b2becac9f436a37d3ecccd4646d22a40b11426fb3d50f73e032521ff8486f3b0c622cf806bcb36b1a6ceca1aa230a82b877ad91a050fd32d86301a65b0e57cc0bac5b8093c397b1ef477e010917a2e02817b0b32a0ae1de84c6823618c459f42d795
0000000020ffff00000000020ffff00000000020ffff00000000020ffff00000000020ffff00000000020ffff00000000020ffff00000000020ffff00000000020ffff00000000020ffff00000000020ffff00000000020ffff00000000020ffff00000000020ffff00000000020ffff00000000020ffff0
3818018192000141801818180018180180181830c017a0018181818d813a20600605f16006520060606042604f06006060600060000606060006050030300303072002f3003030300030280300303040802fc0030303010b027c00c00c0c07e00c1000c0c0c0c6c09d0c00c0c0c000c0800c0c0c000c0a00
0a83deb5e253cab3e44e11e9b9c92e283deb5e2d7caae298fe8366d9e8be2a0f7ad7894f2ac3913847a7ad24b52f913847a4d724c263fa0d9beba2f61507bd6bc4a79563c89c23d3b5925b107bd6bc5f1955b131fd06cdf5d17b141ef5af16be557322708f4f9c49691f22708f4dce4970c7f41b381945eb
355c1f48178c73621b91cdf5c616b415c1f481ae67353164ff7a9922154315707d206a91cd506e4737d79c5ace086e4737d7185ad193fdea64ca550b2ab83e903338e6b037239bebce2d672b83e9035cce6a62c9fef532442a862ae0fa40d5239aa0dc8e6faf38b59c10dc8e6fae30b5a327fbd4c994aa16
23d00791dce282104fc247a26089043d00791def282082cd9a1b9ecd1b350f401e477bca08213f091e89822410013f091e89822411b617f63460a75d07a00f23bde504109f848f44c11208209f848f42b112119b34373ddc36691e803c8ef794104366cd0dcf458d9b027e123d130448236c2fec68c14eba
36c7db98ea0162b07b35cc9d07fe802c7db98ed5b62a330cddb8aa75404b1b1f6e63b4658a91ecd732741ffa0001ecd732741ffa029d6007e05d0e3c2d8fb731d822c550f66b993a0ffd0000f66b993a0ffd0219bb71552c8095363edcc768cb1523866edc5519a02603d9ae64e83ff4013ac00fc0fc1c77
2c0e6395848eb56196f02ec6f0ecdd00e63958764b5550b5529947f64be930398e561a7ad5625bc0bb1c05b373365bc0bb18abb380559add6772f51c181cc72b0d3d6ab32de05d8de1d9ba1b2de05d8c55d9c16aa5328fec97d220731cac3915aab25aa94ca3da25f52cb78176357766f0ab35bacee5ea38
3919b53ba42fd2119dd77cb9494be1119b53ba7cbd20216c318e70af5c892466d4ee9d1f4812775df2e5672f8336775df2e20d2f9346dd148cfb651532336a774c7fa4133baef9729297c23b3baef96ef697d2d8631ce15eb91208cda9dd3e5e9012b618c73836ae452ceebbe5c83a5f128dba291a38ca29
17fb62dadb6aa8714f118861e2202927a593ca8a8d05a1a6d031f76250871f95d8965c41f1e07df9e798f2503e1e964f2a3274166023e3b2f9836f5139eaf4355e2382328e47bd068299a10f4b2795193a0b3211f1d97ca0b7a92abb90e14b9ab2c0fbf3cf31e4a07c0a378053a05a9b032601d992e8c74d
0e184e3bf92f81c391ab06559b8acd1b9d87ef7d356800a6c39eb20130462ae292ecf99edde3041a7713e3597b2e761fbdf8f59ff0130c803b801eca3f4ebdca0bdeba20612e871a84dbb0373b0fdefa6ad0000986401dc00f650396b3d208261b820834ee2808b2f528df387dd24e6793fd4332baa7d576
36125a32e9a88f63b2667e80421e502ae1f0cf1b7757f35ff39ab696fce12e4820344a43b921fee295648f30612b87c33c761d5fa22e7416d7092ba10d2deff3c4df25a09b006f5aa307bc15c3e19e3b0eafd3173a0b6b6395d13527bd940c7e6083fdc52ac91e60c21d820f60c929de835a28e4549da0ab
16f8089e93ea2c9285b6c84a5a68f105f0257aac3a6e91ffa4f90ee9e7d727eb237d0521a2c1a4ba50459c512e17c095eab0e9ba427c1bedd43c4d16113afb0e92f3f0e2531f92c44291680be04af55874dd213e0df6ea1e268b0f43d1531008ae734974a08b38a25c0acef19fff796052b01736f716de8e
04dae68586d96de35948dd2beff2b11f6d1a4fd0e4c85298786ce09510721997b93a9bd286027f386c810a52f43db4693f47b32131c9026a0995371b266ae339a293442212d3df15095b773eda349fa1c990a2e4813504a99b8e1313b50822ee3710fe70d90256a5e7201b0cb3f1c05691e277eb99709195
2b5c469f392d48914ce36b0a12c65107ef01433b891cc32c2926d04bbbd80697a9154e30bf12a63937b1ff97be1fbc050cee24730248e2f42c466f1735af51b0890c8a420b878aa6bdf7210fde02867712398324717a1602378c13e9a1eb115923f14c726f64412f7b39058131fb39c6d18c32bedea92d02
3788dba3c09f6501a08d0def98b4591e7f19852bfeb080c45e38c7d2a65a0b7908ab28d1cd611cd1b316ca6d7a39fc6614b41ac1f1730f9581303eb40bf395f56bdf13715b4d7a853c6cf93cfe330a57fd6100b987cac0981f5a09ceb672580ca69239a3662d94daf42805d32787d25c33f666278d0fa055
269f7b67344a26b279ee55d04ee1f51de91a656591b80361ebe6b446400439a2463095d962b1fe116a456c829837a469959a66dff3f9eb32dbbf74de034ac84ec5661c205bc3d872f634f93bd234cacb237001fcf5996ddfba6f2862dfc0b3ed61f3fc22d48ad90530223df12bf95b51a02e2ac34a4e4642
0000000020ffff00000000020ffff00000000020ffff00000000020ffff00000000020ffff00000000020ffff00000000020ffff00000000020ffff00000000020ffff00000000020ffff00000000020ffff00000000020ffff00000000020ffff00000000020ffff00000000020ffff00000000020ffff0
018138181a41812013818019a417fa1813818018181801381801818180000604e060060606004e060060606000204e060064805ff0e060060647ffff03027030138302c027030031382ffc3027030030303002703003030300000c09c0c00c0c0c009c0c00c0c0c000009c0c00cd20bfd1c0c00c0c900006
2b71e04ea1f762a372224f136f7f40371e04ea48b62963d55f89c67bb7452dc7813a901d8a63f557e2716d6dd21c7813a92f38a5503f16d4096124a616e3c09d480ec531faabf138b6b6e92e3c09d4958c52b3aabf138d396e891b8f0275245b14b3eaafc4e31cdba338f027525e714aa07e2da812c2494c
12901f9157e69b70addbb0cc2e60c12901f9158ee9b6c22a8074374048fc0a407e4563ba6db08aa01d0dd0123f2407e45643e6dae3c06923eed8dc5125203f22afcd36e245500e86c709201203f22b21f36d705500e86ec291f71480fc8ac774db6115403a1ba0247e080fc8ac8bedb5b380d247ddf3b8a1
3835bed03d264a8287ca6d6de2ae99035bed040c24a723f2222af5ef35af20d6fb4100f929d21f29b5b80eba62356aac8bb6f64542263eb1a02719bc306b7da07e6c94f10f94dadc075d3106b7da0818494e41131f58d0138cde01adf68206125393f911157ad69ad83db52b828a8e80e31e803c8ec61411
2cea80526e86ec7190b6faf5b8e9cb0ea8052715cec6536925b5247cdfae33aa0149c25bb1a242dbebd725a72b213ea6efb77bea611a1228a82bcadd19d500a4e12dd8d3216df5eb71d3961d500a4e2b9d8ca28d091453f4e56f2754029388d76331b492da923e6fd72a5ba52801807f03b63edcc72f0b16
05cc410fbcb7b39024163998c3360e1cc410fbcf9b38f3e3ad93c48f1dd51731043ef2dece409058e6630cd8380b154b73bc293b30193afafdd22b200b98821f796f6720482c7331866c1c398821f79f3671e00c9d7d7ee915902e62087de5bd9c83f1d6c9e2268eeb034ac47c70507fb160731cac2475ab
11177f8d8b5711a003645dc31ef1b71177f8d8c5f119c0c0ca881c7ccf40045dfe36317c46700d91770c7bc6dc1f41510fbba39610a5741aaa90f9f4222eff1b16ae234006c8bb863de36e22eff1b18be2338052ba0d55487cfa08bbfc6c62f88ce06065440e3e67a016a44ad6f95e8193c8cda9dd007e91
1ac29a00ebf867138d9ed39ff1ed920f6dfa0e667783e0af5f2b552a8f8702e1fb3001402722d5be367b02995a10bf36b1e2ff39d15fed8b6b5d2aa22b91058230a29cd31b3da74025db23324e5f2c65bdcdb14ee302ed13785d3e5eb813c8c98ba27c2a8ce9bc59981c6cf69cff8f6c92bfdb16d6ba5544
2ff16b4d9fd6db13019300e529f080068f7555bd51c0316b353c1522e2ca25ce81eb2e3d68a2382e18b705bd6727537df085296f20386138efe4be073cc4b549262dff82032601ca95e0ff332ae45a567782101442f299518bab05618ad04da658c12f8bc18c11ad49180c9807294f840070c271dfc97c0e
14baf843e2d11db0ef5b7498fc8ef611df73f5fa8c34936ce52191b572e324c5aa40792dd6a1ce018b42c91c47289a23a9412060f2d84968cb85a23e086cb4f9dc543461deb6e931f91dec1e8aa1e61aee2cb00ffdb57d89b0e228955a944321bad0032ba503612a82077adba4c7e477b1b092d1974d447b
1e12932665f8e650caba46a2c1959c0c4345bb1e2c342180abe41d37dd313729a656a91e2aa15f97b7a1b84fec07c50b5ac9513d735be0227a1e28b318da3c7b64f234d195748d45832b382d9421402f6ef7b04909ca69fd79e8090e9cd0f5a7aa00740bcbed4afe950655d235160cace2b7c044f47e5165
3042f6f8f3ce5123dfc1f2d6ce16ff095fa772f67f1c91b12a014ba079031463a24e004471714a592e458e627e1aa251f47af236e2136b9a15fa65b803d0d7c356dc39d3bf83e5adde2dfd28df2e9ed02c6f72c296275428681c2d5dc16445ec2240dfd5ffe10066403efe0f96b460b80026d7342c36cb6f
20792eae1e5f72a005bb4e92a1270d002f5d8d1ca6c4920a8c758509f58f1f3037888c5182c20659816badbbc72b7ccafa0921b533ad711a7cb3352321fb98ea2a2cec100b769d25424e1a30c076a2e9bc8b5386d99f9cac559d3ea835e9ac8b8c23a58a74594a859b202dda7492f938735ae234f9a86a45
25fb50ee1c6b36c00596656de12b2d299fbbd8adf772430468f7851fb98611bb631d021fee51e4778095aab14d0d8d9e3253452920de236e8f027d942f14c32e567623f00b2ccadbc2565a0206087fba561d1023054db08c77520a6072542625c0d309bf710d0d3020202cb32b6cf95971bc46dd1e04fb28
23defa2f8465d7a14bbca2e8910df61a312deb736279a23938bca786b2b11670fb5077a0eb208fafa3a81154c409e1c09eafb28ab19a7ded9cc0a89b11b222deb439e062977945d1221bec35c27b44841167a3da58a62123d67214f5680133ca04b04eb1275c2982a50a5de51744886fb334fbdb39815136
0000000020ffff00000000020ffff00000000020ffff00000000020ffff00000000020ffff00000000020ffff00000000020ffff00000000020ffff00000000020ffff00000000020ffff00000000020ffff00000000020ffff00000000020ffff00000000020ffff00000000020ffff00000000020ffff0
3ff3818154f80113381813834e18113f3818139e6017938181381909817c3fce0604fd400590e0604e07ce60593ce0604e22e05f920604e05ebc06053fe703028d10029270302704ce30293e7030271fe02f93030270304502ff3f9c0c09dda00b91c0c09c0d8cc0ba39c0c09c28e0c0100c09c0bfca0c09
3fd10ae07557b7d0b710bb51249a583d10ae07935b7c13710bb512cda57e3f442b81e1bedf12dc42ed4492696002dc42ed44926962adc7813a66dd8b3fa215c0eecf6f916e2176a24934b03a215c0f2ad6f812e2176a25dd4afb3e885703c79dbe11b885da8966d2bf05b885da8924d2c15b8f02750fbb15
002ef3218668464348cf64ac99458902ef3218668464008cf64accee588300bbcc8619a11901233d92b32b16213d233d92af4d16314a407e454f1a6e005de6430cd08c82919ec959748b1105de6430cd08c80119ec9599dcb1060177990c33423202467b2566562c423a467b2562ba2c529480fc8a9e34dc
27e661bce9cdccc316d2a5168062ce3e661bcec1fccb716d2a516b1e2cd41f9986f3af7732e05b4a945ac78b352c5b4a9457f18b40e0d6fb40f4992a0fccc379d7bb99722da54a2d42c59b162da54a2bf8c5a0706b7da07a4c953f330de75eee65c0b69528b58f166a18b69528b4031671c1adf681e93254
187784861ee2bfd37acc2442b228440778486206ebfca3acc2442e7c843321de12187faaff31eb30910b8ea10d0deb30910ac8a111b3aa0149a99bb230ef090c3dc57fa2f5984885a6508726f5984883545090d9d500a4d4cdd903bc24310375fe53d66122171d421a1bd661221591422367540293533764
18199c4511f23150e90d7ae73d7d130199c45137e314a290d7ae749dd12d206671144be8c533a435eb9cf5f44c13a435eb9bedf4531731043ec15ecf3033388a23e462a1d21af5ce7afa2629d21af5cbe6fa338b98821f3faf6800cce2289bf18a53486bd73a2de89727486bd737dbe8a22e62087dc4bd9d
2788797bdcdd3e408513fbbb0bb79d388797bdf2f3e370513fbbb13f79ce1e21e5ef7bb4f8e2144feeec2ede7432144feee916de82445dfe360c5c470f10f2f7bdda7c710a27f776176f3a190a27f7748b6f43222eff1ae52e243c43cbdef769f1c0289fddd89fbce724289fddd64dbcf088bbfc6c5ab88d
3ba2656a6881c41215bcc3832ebf082215bcc3811ebf13dac29a00ae18682e31e2d498de60405177e0bbe671210856f30e0cbafc236b0a68037e619d0138f9548091b950cabc6f01146124042b7987065d7e13b58534019e30cf07f3a55dc8f38f735bedbcc0bc4f3310ade61c1975f842d614d0073ec339
03fec4242a36216204e67284db62223a04e672813f6233eff16b4d61f6dc027c6a8dbdb95c633baf69e4fd95f5281399ca115d8893bfc5ad364ddb6d2b1ba99a6debf9623baefa2b90bfad3409cce5069ec453dfe2d69b05edb732ca6313881b18a15477b34b49b1e61027339426db11137f8b5a6cddb6d9
039cf41c194497238b8f61e3b7d4b0038b8f61e3b7d4b154baf843ce311e247287d8fc53d8538e28fe19196a7a0e2e3d878edf52c152ebe10f7ac477284323c61bd7354127b27ca68889ce07171ec3c76fa962a975f0879c623c217c8cdd709e9ee0a5c9cee9f443d71c5c7b0f1dbea582a5d7c21ef588ee
007a7d5fc4a480c217718da0edb1e91e17718d9f1fb1f2de1293263898e70df4f681c3eaf3911e7646af5056ab385dc636809ec7b3784a4c9966639a243fe490f04899526391b8588d5d4e3c2ee31b3e3f63e1bc25264cb331cd1b57775c897b502233c532eebb03e630bb8c6d055d8f52f09499330ec733
1836a9385fee409129457d781bf2fb1529457d76d1f303b042f6f8ba0e522706c4060445d0b107d7e828b898d314a515f5df67cbf2c10bdbe3ae39450d22689f58dce9701ddc5dd9c7ec7b2a528afaeda3e6036085edf1b61ca32df1ca9ef3d4cc700df3f98025c457294a2bebbecf97e18217b7c79e7289
022dd45ac1ca5f1107dcfb9b5485633507dcfb97fa8571a0792eae059f7321dde00364451941b1dcd7f365cf5b141f73ee6c4a159281e4bab8587dcb23526d279626b753ff263e57d22a592a0fb9f734150ad340f25d5c0b3ee60a760fc741a1d843cf5eabee1b1913283ee7dcd8942b2103c97570f2fb95
011bb0f0cda18353ac6e55c5ba965337ac6e55c260966125fb50ee0beb3731c45ddf4c5a46e18712f8d94f9ce21eb1b95715e2595097ed43b871acdb1f19408f7da3503126fa966a1f313d2f58dcab88e12cb24bf6a1dc17d66e166560daa33d99823bf0437305ca813d6372ae2bc4b2a12fda8770e359b6
20c74e89994277e0664c8bb0f6cb1000664c8bb0f6cb11a3defa2f6ba5d8224192ba29baa7738b77b7ffa238c10199322ec3db2c428f7be8bdf0975f379a6e938b36be902d562f6778b30d00cc991761ed962347bdf45ed74bb039a178d3d78feb8268d4a5f7c81b4b0332645d87b658811ef7d17c232ebd
3f8000001cdfff10000000018bfff2380000001cdfff10000000020ffff03e0000001cdfff10000000020ffff0200000001cdfff10000000020ffff03f0000001cdfff100000000107fff4300000001cdfff10000000020ffff03c0000001cdfff10000000020ffff0000000001cdfff10000000020ffff0
180ffff3962137b0ffff381813818000ffff380fd381a3fff38181fe17fd203fffcdf9a4e033fffce0604e060003fffce0604e0603ffce0606ae5ff9301fffe70b426fe1fffe703027030001fffe7040a702c3ffe703043e2ff9007fff9c1869c053fff9c0c0de0bff07fff9c0c09c0c03ff9c0c0b8ec001
17d3ebdab06f6713a4e8e6bda2561337a4e8e6ba485620ef7992087e10c92de93a39ac8215933bde6481ee04331e93a39af5815853ff442b81a3dee02fa7d7b560dece239def3240d6021a2f49d1cd78b0ac318ad5bf499ccba51bd274735d242b1277bcc9041e08653d274735eb02b0a3fe88570389bdbf
293c1425497299015b17192343a7ea195b171921b7a7f310866bfa47cf341656c5c64765ea00c4219afe91f3cd256c5c648afe9fb000bbcc8619a1191278284a970531f26210cd7f27f9e732b62e32436f4fe2752a3cba20f45c2cad8b8c8ecbd401884335fd23e79a0ad8b8c91a1d3f500177990c334232
1adbd675a44ee9a2accfd4443cbfb038c8d4bf680810705cdaf457db54561e32352fd8fa0422b33f511176febe232352fdac8041909f9986f3a737330f191a97ec7d0211599fa888bb7f5f3191a97ed43020d24fccc379b29b9a3c646a5fb1f40841667ea2232ffd7b0646a5fb5d2083113f330de74e6e66
3e8a76631ec410533fc4a5d37c64f628cfa255e263be62184f486245a0062a33e8957688efa0ff12974eb793d5233e895791cef96361de12184a0b001519f44abb4477d27f894ba73ac9eb119f44abc8e77cb1b0ef090c2505801467d12af131df31fe252e9d6f27aa067d12af27bdf2b2c3bc2430d615ff
32757825411d25e1dbf29f4d083dc61c4c14ef38f8e473a32509a9e28bab1713053bcd3639236fca7d3462f717313053bce80391b3606671141648c60b89829de69b1c93b7e53e9a107b8c389829de71f1c8e1b033388a0b24632e260a779a6c7242df94fa6907ee2d2260a779d4272352c0cce2286e918b
32443b01eb73e0623778e65afa9996241b73fb307b48f1e7b0b59f783ffb1906dcfecb16d240dde3996c6e6656106dcfecca2d23a09e21e5ef7374f90c836e7f658b69206ef1ccb637332b0836e7f6651691d24f10f2f798ba7d320db9fd962da481bbc732d8dcccac20db9fd9945a47413c43cbdee6e9f2
0661792bc61ec46263bec8a6011388261792bc660c45f3fba2656a2aa1c51985e4af187b1182fa180b8731fa3b18b5fdc6b5f9c773ee8995a97087110cc2f2578c3d88c20e7f960312ba1f023af6f928ea5a83f744cad4974389330bc95e30f623016c5da2759b93e12a06bd41365ccc33dd132b53230e21
3c67f277808b7cb25e63dcf6539858067f27784697ca1283fec42400f622319fc9de0e8df292785bb020eac254277b43e4057e51620ffb109087d88638cfe4ef0536f951dfaeda6bdcaab229e02d9e6f8fdd9107fd884843ec43233f93bc213be5109e7e5fb699318908bb0ec1fc282a401ff6212151b10b
18fac2850d8f43a216e293a62445cd0fac2850f1b439a3839cf41bdf849823eb0a143a5d0e713f734eba728ff928b1e9db2f8f6ab20e73d07044125d31f5850a1b1e8742a44d54950b1cb53e4f1513f5fa6c530739e83801092f07d6142878da1cd1bd3accd5fced94306dd9c9afe4e2f01ce7a0e0ca24b9
37aeabb6b50c9411b5ed5c99d6ffb53aeabb6b86694031007a7d5fb424811ebaaedae0925010737bf9fee8c0971f9fecab74ac100001e9f57f1292032f5d576d6e392813750213a393a8da128a8d05a9f2e88200f4fabf6849023d755db5c124a02144f9280b78c9b319fb297a88a374d003d3eafe252406
2ef39704881ca261d5931c9341df342f397048af2a2551d836a938430e413bce5c1228b28963c5691bf771d1c936b9a1fe447bc6a360daa4e14e39031de72e09145944b1ace20ff8112bb601bdca62cd93e233b06d5270861c82379cb824558512b121edd29fc9444f3209c0c4d27acc92c1b549c2de7205
0147a5e73d76a8603b6f7fa4f41cdf147a5e73d76a8603c22dd45a83ea60051e979cf5daa18214b82fb3a4117438c2eb37008e7b0308b7516ad5a97d028f4bce7aed50c00b3a034298bf6109fdf8759c4312d3845ba8b549d4bf0a3d2f39ebb54302e038fec47b3e8931cd9d4699257c92116ea2d5ed52f9
3c7620e9d13288c197f863970a8f6607620e9d51088b12c11bb0f0a0418431d883a7512a22d3563220d3e0c5e73032a0592a2df2b3046ec3c305060e38ec41d3a68511700226756df08e0e31e23e8cbb90cca1823761e182830723b1074ea67445910980737470f5a7074eeccc7a61c98208dd87864c0c1b
041bc84b678c1583c8126bd5299b0001bc84b67ce157f0a0c74e89910278106f212d9e305603aa4995254fa92627cdba4632f497c2831d3a264409e008379096cf182b003e3fa1b2958c340d6d37eca110e111418e9d132204f020de425b3c60ac01e748d024dac99b37aee5ecaa715df1063a744cca13bf
3f7fff801cdfff13fff8000149fff337fff8001cdfff13ff800001cdfff13dfffe001cdfff13ffe00001cdfff11fffe0001cdfff13fe000001cdfff13effff001cdfff13fff00000c5fff52ffff0001cdfff13ff000001cdfff13bfffc001cdfff13ffc00001cdfff13fffc00018bfff23fc000001cdfff1
180f581014938130f580ffff38181800f580fff6f81823580ffff4478135203d603ff36e0633d603fffce0604803d603fffce06001603fffcfd404d9301eb020082702e1eb01fffe70302801eb02000ef02fc2b01fffe8d10269007ac0800bfc0bd3ac07fffa02c09707ac07fff9c0c082c07fff9d9809ba
3f61c722af9c4682760f77811348ac361c722b37a4671201e29e3e433a5e3d871c8acad119d28078a78f6fce9809d83dde044d22b35f4faf6a903d9d3ec38e4563588cf1403c53c7b7e74c2c38e4567368ce13afa7d7b5271ecf3b0e391599c2339100f14f1f219d2f13b07bbc089a4562be9f5ed5627b39
01ae39ed4c43b7928a01887fb297711ae39ed4c43b7901ff2d61c280c79f06b8e7b5310ede417fcb58708fb1e83a280621fbb25dd0a4f0509525ca64035c73da98876f20bfe5ac3847d8f435c73da98876f2005278284a92e5320d71cf6a621dbc82ff96b0e11f63d034500c43fb84bb9149e0a12a4b94c8
2208d6ba3bb252c1c0afe266284359208d6ba3dc252b819adbd6758b8eea08235ae8f7094ae302bf8998e30d630f72d336353650326b6f59d6703ba70411ad747b84a573815fc4cc5086b227b9699b188b282335b7aceb171dd41046b5d1ee1295c2057f1332081ac51ee5a66c6a6ca060d6deb3ad22774d
3122089cacdea0708e2858b3b48136122089caff6a0642fe8a7662f1641104882272bfda819238a162ced204d81878182312af6a63fa29d98c499042224411395ddd40d11c50b16769026c0c3c0c118957b531fd14ecc624c821091044e57fb503207142c59de609af30f03046255ed4c3f453b318d52083
030ac531fceaa122ece7a634a902de30ac531fceaa1200b275782538dd260c2b14c7f3aa8483b39e98d3280b76357427d88686a612c9d5e094e3749806158a63f9d54241d9cf4c699405bb3aba13ec4133531164eaf04a71ba4c1856298fe7550903673d31a69216eb2ae84fb1112d4c1193abc12a08e92f
27ea5997124467d0c4221eb137f8d43ea5997149667c72b2443b01c233e11fa9665c51519f2310887ac4dfe3502aa074ce2112a0a2c910ec078ccf820fd4b32e28a8cf9188443d626ff1a815503a671089505164887603c667c13f52ccb8a2a33e422110f58a01c69f1540e99c464541319221d80f5b9f03
12afd3ed275368908e012f2d2d557512eca4ef44f907b25e72130ee1bc460a679cdf8be4f2623804bcb4b555d40bb293bd18041eb1744d1eeab266192f53d659f5f502711c025e5a5aaaea25d949de89f20f615c270e187a5ba0005f1973aae0b3c12f39098770de2324700979675aabb1a198391e963922
08ab30be0c3fca524a0f30e5e4560704cbb010aa19f112424f4e4781ae31152e1cf545e00021283cc39815581a132ec042a867c4403152d8efd8c630347482ce31ff4b40941e61cc0aac0d099760215433e222b680b1b0dd57cb182dc7e29c8860132127a7239fd719325079872d12b0433fbe91607c125e
1c407b99e54dcee292585bb8eb34370dc4073ebd0b50508f3e74e4ba00e10700a5d034b8b73249616ee430d0da37101cfaf42d41439ce54a1c5c1b41198a32c1b809a4b124b0b77218686d1b880e7d7a16a0a32f10a2a808e2322698c8cbdd485cb2479f3a723c00713492c2ddc549a1c0c34266f079a565
15513da9472f5062ed2edf327369112b837625dc6caba3a13f10252674ef214ff7a7d2363203b4bb7cca51a4422e0dd89779f2ae6345ac50c07562c20ded6523f97e3881da5dbe6528d2211706ec4bbcf95731772cbd6140e359020d79a8aa31ccf3d09f8812723a78376976f9918b489282314711471c13
2ea39bf21e49b4108eb860208c6d2a3bf8711971292ab01d34e50d28eeb800ba8eed05f39e923ae1808231b4a82fe1c465d104aa90d795867caa87c839fc4e12d593d0711d70c04118da5437f0e232e672555205bb2d039fe3f62159606cf31068400e9a728694775c0475c30104636953ad6f3627c7a242
233dd4729da1a3c1398d5c7eaeebf90607de797a8ecfe02f1d0e97be0214261de062dbe22be0e63571fafdafe3181f79e5ea3b3f824edd23e4c9c22025726d5751f540a2731ab8fd5dd7f20c0fbcf2f51d9fc24da66450a523bb12f6108630dbfd80178e874bdf010a29cc6ae3f3675fd1095f43d124fe9c
390507de72fb0e40c37e101882df7f3641dd3051b944829684c1a0bfaa281169b995f24072630df840620b7dfc190774c1534511d12f6ca84521ec370eebee6ad09665f186fc203105befe2c83ba60a79288f2fb276e1fe758e815b01847eae9f0914b4260d05fd514261bf080c206fc018ca3a24aaa692b
2c6cce0e608960111ce898494f001c3abe44d82da54df0502a6459679cc810d790cd4af6482073a261257e006f2af91360c2f5379332ef1aa1657fa10ee56d9d1de48ee239d130929e0038357c89b05f6a9bd00111e0b85a567d16cd74fa1a072ce02815322cb3ce6408e744c24a7800e1b7c36b3b4ea90b
27ffff8007bfff63fff7fff9cdfff13ffff8001d1ffef3ff7fff81cdfff11ffffe00273ffee3ffdfffe1cdfff13fffdffffcdfff13fdfffe01cdfff10fffff00139fff33ffeffff1cdfff13fffeffffc5fff53feffff01cdfff13ffffc000c7fff43ffbfffc1cdfff13fffbfffdcdfff13fbfffc01cdfff1
00ff580f580fff83f580f581c5ff350ff580f580ffff83580f5811cdf37903fd603d603fff83d603d605cdfcd93fd603d603fffc81603d6041cdcdf901feb01eb01fff83eb01eb03cdfe691feb01eb01fffe82b01eb021cde6f907fac07ac07fff83ac07ac09cdf9b93fac07ac0c1ff972c07ac0818b9c02
18dea5e6c087e1c1ea5e6c22041b9d0dea5e6c213e1ba004fb9be7150a61237a979b063f86f3013ee6f993c29937a979b084f86e80fd871c8abe711a31bd4bcd810fc383809f737ca8e14d1bd4bcd8427c374009f737ce2a14c206f52f36109f0dd2027dcdf36985312f52f3610e10dcf1fb0e39157ce234
28215b293c681e5215b293efc1e4600215b293efc1e463fc146528a8f5a020856ca4f9e07920ff05194a2a3d680856ca4fbf07918306b8e7b4ff8edf1042b6527cf03c907f828ca5151eb4042b6527df83c8c3f828ca5193eb3f010ad949f7e0f231fe0a3294547ad010ad949f7e0f23020d71cf6a411dbd
34b7592264da2fb1056fd69542538e0b7592268342fa3056fd69552d38dc12dd64899fc8be9015bf5a554b4e372dd6489a0d0be8c088235ae8eec94b296eb244cdd45f520adfad2a84a71c16eb244d0685f4624411ad745664a625bac9133f917d202b7eb4aa969c6e1bac91341e37d1711046b5d1dd9296
3d05f0ab161593e27b0f9cc7668dbf105f0ab19f393d13b0f9cc78badbe73417c2ac64b64f51ec3e731e1e36fa017c2ac68104f431c4882272a2fa823a0be156304b27b0f61f398f0f1b7d20be15633e727a20e2441139517d41282f8558cd8c9e93d87ce63c3c6df402f8558d0209e863891044e545f504
03fa0e64e4da6c3184e163295772423fa0e64e4da6c3004e16329703241a0fe839939369b0c213858ca59fc9073e83993942fb0bd20c2b14c7d2aa8507f41cc9c9b4d86309c2c652aee4843f41cc9c9f6d85f306158a63c855431fd0732726d36180270b194b81920d3d0732728a1617901856298fe75509
0c48a5ed9615d062fa81295b7bac73048a5ed96dbd05d3a81295ba90c725312297b658574183ea04a56e72b1ca12297b65b6f417439fa9665c1791a018914bdb2c2ba0c1f50252b73958e50914bdb2db7a0ba1cfd4b32e0bc8d022452f6cb4ce82f3d4094add2763932452f6cb6de82e833f52ccb871233f
10036dc76d5f0401b53b9721f8a4b80036dc76e6703fc1d2afd3ed0a7369000db71db99c0ff2cf732f36cc07e200db71db99c0ff034abf4fb46bcda32006db8edabe080009ba163ea82c84006db8edcce07f83a55fa7da14e6d2001b6e3b73381fe057e459b70b7cb30da9dcb90fc525c2957e9f69199b45
0649115ceee82c3232720edbdf10b1249115cef2a2c2f2c8ab30bddedfcb19244573bba0b0c3f1dddb410c50311244573bd2cb0ba322acc2f7ff7f2a0c9222b9ddd0586296c632d9981ccb09222b9de96585d19156617bffbf9532488ae777416182c0d4960367265e31939076dce88592455985f040fe53
003d64f00c5aa2534007ba191ce27b03d64f00c5aa25009c407b99dd0dcf00f593c0316a8942600a5eeeada1a60f593c0316a894027101ee6774373c007ac9e018b544a090a32d1152a56407ac9e018b544a013880f733ba1b9e01eb278062d51282498c9094dab2303a003dd0c6d713e0e203dccf2a6e77
26ac4945b263564392e578490347502ac4945b4b55637295513da91def511ab12516d1cd58e30c45f14fe8ac462b12516d35958da25544f6a4fbbd420d58928b68e6ac715a798da8fa881b158928b69acac6d12aa27b527ddea135624a2da39ab1c20f6488302daf1b1c972bc2481a3a80aa89ed4a397a83
1a53b7ca4a8ca9d06d2b87c7bab8b1253b7ca4c18a9ca3eea39bf1e069b5294edf292e52a73217701166f1afac14edf2930e6a7263ba8e6fc847a6d134a76f94951953a2a5a87278c377e80a76f94987353933dd4737e402d369129dbe5260c54e522d244bfc97f20923695c3e3bc5c593751cdf90d14da1
00c29c1ff4b55db0c00945f7a11d860c29c1ff4b55db01233dd4728d21a4030a707fd2d576c0928e0164982fe730a707fd2d576c008cf751ca76868f0185383fe96abb636f7ed3106b5a9f185383fe96abb602467ba8e51a43480614e0ffa5aaed8190c0fed07fda2b06004a2fbd08ec3119eea394ed0d1e
3ab6efb30e07d3e1cd9ef134deef502b6efb311a3d3d23390507de417b0f2adbbecc447f4f520bd566955d00d82dbbecc47134f460e4141f79cbec39356ddf66202fa7b1695bcd4825e33816ddf662389a7a32720a0fbcc4f61d15b77d988d1e9e9345751eeb20926d0e6cf789a6f77a81c8283ef397d872
30fc93488f90fc124ad568eec55b490fc934892a8fc043ec6cce0e22a96103f24d224aa3f0131d9b2cf76079a33f24d224aa3f0103b1b3383950a58121f926912341f813f667e9e315d37f1f926912551f8083d8d99c1c8752c107e49a449547e0218d1b8fe7449d0f3256ab47741ada5363667072e34b01
3800a800351ffe300a7ffff7fff7f8000a800010bff720a7ffff7fff7ff82002a0001adffd1029ffffdfffdff80029ffffdfffdf829ffffdfffdfff8300150002c5ffdd014ffffefffeff800150000007fef414ffffefffefff80005400018dffb1053ffffbfffbff80053ffffbfffbf813ffffc003dfff7
000000ff580f5800000ff580f580f800000ff580f5808000ff580f580ff8000003fd603d6000003fd603d603f800003fd603d6038003fd603d603ff8000001feb01eb000001feb01eb01f800001feb01eb018001feb01eb01ff8000007fac07ac000007fac07ac07f800007fac07ac078007fac07ac07ff8
3d615191b039d8c3918dea5e31407f38e2037d7014986118dea5e6b007e235854646cd4762d24637a9798b01f91e4637a977bd0200637a979b021f873ac2a3236493b173231bd4bca480fd31c406fae44930b231bd4bcd600fc41c7101beb80a4c308c6f52f35803f13c8c6f52ef7a0400c6f52f36043f0e
3a9eaf6e489628606e8215b28cd082071e0c82948b78d2e8215b290f081f2a7abdb92eb8a151ba0856ca33420821ba0856c8234213a0856ca4c0207a353d5edc954c50b0dd042b6519a1040e3c19052916f1a1d042b65260103d238f06414835bc737410ad94668410037410ad94668413410ad949c240f3
04bdee08a35ef0f0174b75922503a300281fd149a6ae8174b75922503a30000a07f45269aba05d2dd648940e8c105d2dd6478c0e91d2dd648982e8bf097bdc1146bde1e02e96eb244a0746282e96eb21b60752e96eb244a0746000140fe8a4d35740ba5bac91281d1820ba5bac8f181d23a5bac91305d17e
3604b51abf34be830bd05f0a7f5d5a319be7297aa26230bd05f0ab0dd5941c66f9ca5da098902f417c2ac375652c2f417c27ed7572f417c2ac3756502c096a3582897cf217a0be1540bab33617a0be11e6bac17a0be1561bab2838cdf394bb4131205e82f85586eaca185e82f853faead1e82f8558b0ac9f
06a3400c27287630f43fa0e63e93a718e36b4524f0e8f343fa0e64af3a6d1638dad148343a43d0fe8398fa4e9c13d0fe8397f24ea10fe8399382e9b10d4680184e50ec61e87f41cc7d274e09e87f41cbf9275287f41cc9a074d92c71b5a290687483a1fd0732369d3727a1fd072fe49d421fd0732705d362
2e9a1ed06c23d883e8c48a5e98ed5e3558adbfe005e8c28c48a5ed6cd5d10d562b6ff8017a33a312297b29b5752fa312297853b582312297b63757421d343da0dc67b0f3d18914bd73dabb17d18914bc29dac118914bdb1baba11aac56dff002f463462452f6956ae91f462452f4c76af062452f6cb0ae83
3e6cdc4385067753010036dc4555f13f010036d867560010036dc76d5f043fefb3b257994a400400db71db57c13c0400db6dfd57d0400db71db57c101ff7d9d92bcca52202006db8ccabe13e02006db4eeabf02006db8edabe080bd2606693b5bc200801b6e3b6af82380801b6e01aaf90801b6e3b6af820
04abb14b683a2010f4649115bf348334f46491126534934649115cb9482d2697222cef84e2e3d1924456fcd20c13d1924455f4d21119244573ab20b1134b911677c27171e8c9222b7e690629e8c92228ea69128c9222b9b490591a3926591a7c3403a32488ae3ba41727a32488abe9a42232488ae7564162
2b3bba070f9c1ec36c03d64ec84fab176c03d64d7e4fb2c03d64efdefaa33384bbbf18cfaa71b00f593be73ea91db00f593a193eb300f593bfffea8a39c25ddf8a57d542d807ac9dd29f552ed807ac9afc9f61807ac9dffff54502573d48d36540a3601eb277ce7d523b601eb274327d6201eb278041d513
09521335f0b02502726ac49432ee362a726ac4919eee4326ac494580e357275ac3f3997ca1f1c9ab12514fb8d629c9ab124ebbb8e09ab12516c98d5933ad61f9caae5100e4d58928a7dc6b14e4d589275ddc724d58928b43c6ad152810cf0fe86323935624a29f71ac13935624a19771b135624a2d931ab2
287f95f2dcc96c118da53b7c8b22cb158da53b7b4122d0da53b7ca3e2caa1febe0afa4a9a2723694edf26e8b2b163694edf1248b33694edf28f8b2a82ff5f057d044d1431b4a76f91645962b1b4a76f68245a1b4a76f947c595439653877684425b06d29dbe51f16552c6d29dbe2491662d29dbe5233654f
3c42871df3a4bd90940c29c1f5c15628940c29bf61c16140c29c1fe0155e2a7448d508d3c6c25030a707d70558225030a705c70561030a707fc25577153a246a8469e36128185383eb82ac1128185382e382b28185383fc02abc399acbdf6fe1a1c0a0614e0ff00aaf04a0614e0fae0ab20614e0ff84aaee
3519fe0657479c730bab6efafedc7e0b0bab6efa7adc80bab6efb305c7d4007f9b1a1ae20f302eadbbecc171f52c2eadbbe9eb7202eadbbecc171f50203fcd8d0b6107a21756ddf63fb8fb161756ddf4f5b901756ddf660b8fa833f45434f211b0405d5b77d982e3ea185d5b77d7f6e3f1d5b77d98703e9f
0e7d8e1cde7d6310ff0fc93478bb1000ff0fc93478bb13f0fc934851b0fd33b9f5cf42d61f53fc3f24d1e2ec4003fc3f24d1e2ec43c3f24d220cc3f139dcfae79f5b0fb1fe1f9268f1762001fe1f9268f17623e1f92690e561f91b80f29ca54916f3f87e49a407d87f07f87e49a3c5d88387e49a445b87e1
07877800e1bffe2077800a839bf7ea3877800aa51ff6f37800a802517fef1e1de002c0fffd01de002a020fdff021de002a3ddfde91e002a003dbffe90f0ef001817ffdc0ef00150317efec30ef00152d5feed2f0015002d4ffed3c3bc00560fffb03bc0054020fbff003bc00543ddfbe93c005400397ffea
0000000000ff58000000000ff580f8000000000ff58080000000ff580f580000000003fd60000000003fd603d8000000003fd60380000003fd603d600000000001feb0000000001feb01e8000000001feb0180000001feb01eb00000000007fac0000000007fac07a8000000007fac0780000007fac07ac0
035f6de8a3356ff3735359521ab46718c3c8ec660e0c43353595250546630d7db7a28cd5bfc1cd4d654930d1991dcd4d654762d1a080b8efcf8bc39406bedbd1466adfe2e6a6b2a47768cd318791d8cc1c18826a6b2a4a4c8cc50c61e476330706239a9aca9261a3323b9a9aca8ec5a341eb0a8c8d81cec6
34988a1759aa91200c2ca6bda35c9a26bbb7139d9204f0c2ca6bda35c9a01262285d730a445030b29af68d72682030b29af47d72735f471430367c6d2931142eb775223018594d7b46b9340d776e273f4409d18594d7b46b9340335ddb89ccb90280616535ed1ae4d000616535ed1ae4d1d4f57b7244b143
2d15906d10e451719171bc93fd0b0205a246184b3cb5e1171bc9415cb01a2168918610bf2d8245c6f250362c072645c6f24de42c1112f7b8227cfbc41a2b20da25e8a2d322e37927fa16043322e37924e21610ac1d070be1ead802d1230c259e5af08b8de4a0ae580d0c8b8de49fe8581225ef7044f9f788
19a94b6431668c815534f6107a3dcb2be54bc080df42a1534f6108eddcab2af952f01e27d0b154d3d8422af72b1554d3d840e0f730d812d46afcd2fa335296c862cd1902aa69ec20f47b962aaa69ec1e607ba3d49be8c363d8bd15f2a5e0406fa152a9a7b08455ee562aa9a7b081c1ee61b025a8d5f9a5f4
17a4cd5ed2b414110d14cbb080716328fc406fee2ac6b0d14cbb090f162c1a3f101bfa82b1b034532ec243c58b1434532ec0f9c5911a8d00308c21d92f499abda56828221a29976100e2c62a1a29975e6ce2d324b40189fda1b0347e2037f505636068a65d84878b162868a65d81f38b22351a00611843b2
118c46cfe4c10c230b4481ca8427d2247b2db74cf92330b4481cab5a7d14191ecb6dd23648d02d12072ad69f452c2d120728009f50ba687b41b08f6223188d9fc9821842168903954a4fa33616890391f04fb03a9312a634dabd323d96dba46c91a05a240e55ad3e8a185a240e54213e9174d0f683611ec4
321586e8697a1a018baa8516dd8122398baa8513418130aecb68463e34ed0e925e45e967d5022eaa145bb80487262eaa1459660493f9b3710de299de07492f22f4b3ea8317550a2dbb02443317550a2aa30251fcd9b886f14cef2917b58daf12d1c11c83b8d5763b890c5d5428b6ec0913f366e21c0733bb
1df96d3f3e215c11d023ce8e3cf41e09d023ce8db8f422abbaa6ba5e5c6c0bce11fc4f61d2c3408f3a3935d07727408f3a36e3d08312aec52d6f688105e708fe27b0e963a0479d1c79e83c13a0479d1b71e8438957629696b44124a705f7d61613d351cc946622c7d20e811e7471e7a0f2255d8a5b20d101
0fb0872a3c6c5a72b8d608ff700b191eb8d608fda20b2022f1dd97b4abe70557f04bc7f09942e35823fe442c623ae35823faa82c70aceee81c3e707b02abf825e3f84ca171ac11ff2216313d71ac11fb4416425677740dfe383e25fda66229671e637b8ca4a662b78135c6b047f97058d159ddd0387ce0f6
22b70b0ebb0fd110c1e8515479aed000c1e8515479aed0eefac4aa97b3670ceea356cb3b521307a14551e6bb400307a14551e6bb4025484cd7c2c094267751ab638da91183d0a2a8f35da00183d0a2a8f35da012a4266be1604a204fcf956f45c372766b19219c6874060f428aa3cd76804a9099af858128
28cc6093e1aa3a225a4f4bcada03ca1a5a4f4bc94e03d302d6e47df7e62a211f0b33b82cdab1693d2f2bec0f2629693d2f29580f33a1fe57cb41a5b1308f8599da066d60b49e9795f6079334b49e97929c07a3d0ff2be57fd2d93bcb8d7f8f4a96326b51cfd9c72c5912d27a5e56d01e5343fcaf96c54b61
27885eb92f0edf80f185dd6331e0a91cf185dd6163e0b3048c638d2134f5178ba741f25c4e93c617758cc782a433c6177589af82b3f10a1c779d12f72bc5d3a0f71e2751e30bbac663c15239e30bbac2c7c163f8850e3bad897c13c988b942f2b161d7528e6fb4a68b278c2eeb177f0553e21438ef7c25ed
2718408680a9e7a2efd37182b38fb62aefd371801f8fc38e0b0896fe25510878a51abc4b3c03bf4dc60b523ed62bbf4dc608be3ee1d467f8194c9e72043c528d5e259e01dfa6e305a91f6b15dfa6e3045f1f70ea33fc0ca64f3903e66836390409d2aded6c22ed56c8177e9b8c159c7db3a8cff032993ce4
263c99cbc3056170efcab79576a0b13cefcab79198a0c21e1f0219fc0eed12b6248add3618b3bf2ade55da82c433bf2ade52c282d339f6387348758d295b12456c8b0c61df956f2aed416239df956f275141739cfb1c39833ac719795013d5e909c2bf262c8daed30d277e55bca9a5059273ec70e6d2eb19
0f87878790c0a72078787783a67fea387878778c6a7f5387877802f9ffef3e1e1e1de0029f81e1e1de0239fff021e1e1de3e09fe921e1de0067dffe91f0f0f0f00814f40f0f0ef032cffec30f0f0ef1cf4ff130f0ef00425ffed3c3c3c3bc4253f73c3c3bc0263fff003c3c3bc3e33fe903c3bc0091dffe9
000000000000008000000000000ff80000000000000f800000000000ff58000000000000038000000000003fd80000000000003f800000000003fd60000000000000018000000000001fe80000000000001f800000000001feb0000000000000078000000000007fa80000000000007f800000000007fac0
296ab0c6c423d081a3b33b17a78a2001a3b33b17a78a223b33b17c04a1fa2068eccec3d9e2928eccec5ee0287f068eccec5e9e288098b1612b4731f112d5618d8c67a0f34766762f4f1440034766762f4f1440766762f84b43f300d1d99d8bd3c5111d99d8be0250fd0d1d99d8bd3c51021afb6f44f8ab80
168d4731277c30b1dbcc44681685e13ddbcc44643885f1bcc44683365e091f76f311180621836f3111a09c1783376f31119d421793472e7ed47ace102d1a8e624ef86163b79888d02d0bc23bb79888cc910bd379888d066cbc123eede622300c4302de6223417a2f052ede62233ea42f11a4c450bacd5489
362813cf1fab0a2173f736ba45f3582173f736b835f3633f736ba5a9357b285cfdcdabfd7ce1cfdcdae959cd5f05cfdcdae917cd61b45641b4331146142e7ee6d5febe72e7ee6d748be6b002e7ee6d748be6b0fccc4bd4bcf59910b9fb9b5c1af9b39fb9b5d2b39abe0b9fb9b5d22f9ac368ac836866228c
1cad4dbe689c96e1d36f3f750920e821d36f3f72f920f136f3f752600e791874dbcfdbb648434dbcfdd466839f074dbcfdd42483a066a52d90c59a320c3a6de7eddb2423a6de7eea1241d003a6de7eea1241d39be51556483c5930e9b79fb76c90829b79fba90f073d0e9b79fba8490740cd4a5b218b3464
2cc88df285b61bb19624e485a2661d0d9624e484dc6621624e485bb261ca236589391f27199258939216cb987336589392137198835e93357b19505131b2c49c8d838cd32c49c90b44cc3a1b2c49c909b8cc4046b71c2f8638eb06cb1272426e3310b127242dd930e52cb127242b0330f2bd266af674a0a1
0052006fc94245b22173a44a8aa5a52e2173a447b4a5b2173a44aaba5a481b885ce910e5297085ce912aae96923885ce91271296a246311b3f7204312dc42e74866294c042e74895574b491c42e74893894b53007762a4f495253710b9d221ca52e10b9d22555d2d24310b9d2252452d308c62367f260861
290dee50f96eedf0dee50fc136de5c10dee50fc02ede61e27412eb0e08902437b943edfbb7a37b943f04db7970037b943f04db7970c8561ba1a5e868121bdca1f6fddbd1bdca1f826dbcb821bdca1f805dbcc0642b0dd0d2f434086f7287e0176f33b6580e27bd255b06f7287e09b6f2e190ac37434bd0d0
1bad1b8aa310dd32d1b8aa4d69d2923ad1b8aa49cdd2a2c50862ae3443a82eb46e2a906374b346e2a9362b4a462b46e2a933974a5377e5b4fcc70571375a37154621ba61a371549b15a52335a3715497bba533bbf2da7e4282b91d68dc5524e6e9535e7372600dbb70168dc5526b4e9492efcb69f9d00ae1
38fcb1d55970b0f3cb1d55d1910e1d0fcb1d55d0cb0e214766aabaccdc2323f2c7557222c3932c7557470a38713f2c7557432c38813ec21ca8e1316a31f963aab70161d3963aaba3641c391f963aaba1961c409f610e547098b507e58eaae86587100dc70b3830cf9e3e58eaae8a7870f27d843951c262d4
0d5bf7ea0c44c171bf7ea0d1f616cb15bf7ea0d0ac16d0c85fbc83663313356fdfa8311305c2fdfa83481a5b2b16fdfa8346d05b338adc2c3ababf451ab7efd4188982e37efd41a3ec2d962b7efd41a1582da3c56e161d3c5fa32adfbf5066460b72631d950e03a84a2dfbf5068da0b66315b85875b77e89
0a6d654186a50542d6541874e253d726d65418729053e2c323af1f00e6f829b595061a941503595061d40d4f5a1b595061d2814f62a331824f65a8e914daca830d4a0a81aca830ea06a7ad0daca830e940a7b35198c12791d475136b2a0c394829f24b78352a4bacc036b2a0c3a5029ec14663049f0d51d1
2d4743a3aae43960743a3adced954b14743a3adba395532fd23b28587f17351d0e8eb3d0e561d0e8eb73b6552c11d0e8eb72ae55309e217ae4bc3b7e1a8e874759e872b0e87475b9db2a9628e87475b7472aa04f10bd725e1dbf2a3a1d1d6bc1cab1ecf57a3d504b9c23a1d1d6e55caa613c42f5c97876fc
09822f355a1184c022f355aae44bda1822f355a9584be2c0094b1733e79c2608bcd5684613008bcd56ab912f68208bcd56a9812f729c610219e1a79f13045e6ab423098045e6ab55c897b43045e6ab52b097c34e30810ccfd3d00c1179aad4ac25f046ec8d632937ed01179aad57225ed138c20434054f3d
33d5946a81b003615946a8505e35313d5946a84c803540b5de0dc8f956eb0f5651aa13200d51651aa141bad4c335651aa13e60d4d198f2672efb958627ab28d5078006b2b28d50a0bc6a623ab28d509d206a70cc7933977dcac31eaca35426401aa20b05b2652d770c2aca354280e1a99331e4ce5df72b0c
0f7f8f8787877803f8f8787bd17ff337f8f87884d77fd38f8787894600993dfe3e1e1e1de003e3e1e1e3ac00191fe3e1e21fbdff123e1e1e1fae02911eff1f0f0f0ef003f1f0f0f3c500052ff1f0f10dceff931f0f0f10be01413bfc7c3c405bbff3c7c3c3c58a00493fc7c3c3fd7bff207c3c3c3d8e0531
000000000000000000000000000000000000000000000000000000000000000000000000000000000000000000000000000000000000000000000000000000000000000000000000000000000000000000000000000000000000000000000000000000000000000000000000000000000000000000000000
22e831966af349a2831966d30a99752e831966d034998031966d333d97460ba0c659b40d26620c659b4cae65d23a0c659b491265e11a77199245b30d05d0632cda0693310632cda65732e91d0632cda48932f0632cda667b2e8c17418cb3681a4cc018cb36999ecba33418cb369644cbb14b558636211e84
1d1f4e6188e4ae71f4e618ac32e68c11f4e618ab2ae6934e618ac4fc68b9347d398627b2b9b3d39862b10d9a2f07d39862b0cb9a30e568c64d584cf43a3e9cc311c95ce3e9cc315865cd1823e9cc315655cd229cc3158a3ad17128fa730c53857353a730c5625d345d0fa730c561973462b46a39891ae186
1d0d40d18ced4180d40d18ecbc178c10d40d18ebb4179140d18ecc8778bd3435034637d505f3503463b2f05e3003503463b2f05e32d8a04f3c5dac293a1a81a319da8301a81a31d9782f1821a81a31d7682f2003bda9102866d5286a068c73ca0bd2a068c76622bc5f06a068c765e0bc61b1409e78fd5851
28c3225b48f951c03225b4b99b1b5d0c3225b4b8d51b63225b4b99b1b5d0230c896d2c2546e0c896d2e66c6d7430c896d2e3546d8272b536f981725c118644b69612a370644b69733636ba18644b6971aa36c116b970821d4c38061912da5c6a8db1912da5ccd8dae821912da5cac8daf0e56a6df344e4b7
22fa3f2666eab693a3f266928168752fa3f2668fab68823f26692bb287420be8fc99a3eada228fc99a4acba1d13e8fc99a46eda1e1b32237ca06586f05f47e4cd1f56d1347e4cd2544d0e91f47e4cd2376d0f2fc3246df85992c17d1f93347d5b4411f933495d943a13d1f933491fb43b366446f940cb0de
17445d9caadea65045d9cac5e464a33445d9cac28a64b05d9cac5e884a2f1d117672af9a993117672b1791928c1117672b16899291014801bf1489172e88bb3955bd4ca08bb3958bc8c946288bb3958934c951e9367f6d90b3c93a22ece55f3532622ece562f232518222ece562d1325220290037e29122e
388404fdc5850780404fdc9294771e08404fdc9210772010dab252af4f0c221013f722741dd1013f724a51dc7821013f724841dc80a72ef38e2f3303310809fb8f2a0ef0809fb92528ee3c10809fb92420ee42539779c6f69982042027ee49083b91434f5476df867402027ee494a3b8f20d8d773a229882
1f0f5af1878476b0f5af18983f6a8430f5af1895276a91b173cbaffb8daa3c3d6bc62231dab3d6bc6260fdaa1003d6bc6260fdaa100454feb55bfcd03e1eb5e30f08ed61eb5e31307ed50821eb5e312e6ed510022a7f5aadfe68387ad78c4883b552dccaa4cec82d3a07ad78c4c1fb5420d9581d5e2d2085
05466add9bb7123066add9c0db22eb1466add9bf9122f1d54c4e7016344d1519ab766edc48c19ab767036c8bac119ab76702648bb3be8e73edbcc42c0a8cd5bb376e2460cd5bb381b645d628cd5bb37f2245e1df4739f6de62162a3356ecddb891818092715d40b89a23356ece04c9176131f9448595e714
05cc88806f8722d0c88806fe602ce91cc88806fc922cf3b80ac08450082417322201be1c8b4322201bf980b3a43322201bf668b3b3015273cf71e16c0b991100df0e45a191100dfcc059d23991100df92459e180a939e7b8f0b62e6444037c391681dd17a975b6755226444037f0f1675269cd761cb2b4cc
2f2a1abb43f7e692a1abb46ff6684432a1abb46cde6850bcd91f33f4daa33ca86aed181f9a2286aed1c05da10e0a86aed1bfd9a112d23d0b1267a9b11e5435768c0fcd11435768e02ed08725435768dddcd093691e858912d4d93950d5da345f3431748631ff0e340e150d5da37fb342213d5187a700616e
1d1fb50a34d21501fb50a36b094f8c11fb50a36a014f93c8dba95925ce51347ed428d76853f3ed428dac673e2f07ed428dac253e32ba116b383b464c3a3f6a1469a42a03f6a146d6129f1823f6a146d4029f215d08b59c1da32628fda851b2f0a7d18f6178036edb180fda851b584a7c63bf4679c65a2ddc
1656e0ea532469c16e0ea549389ba7256e0ea546e69bb25016642be4906f195b83a950b1a6f1b83a9525246e9b15b83a9523da6ea001d3c0bb2c7b942cadc1d4a648d382dc1d4a9271374e0adc1d4a91ed375000e9e05d963dca32b70752a1634de041234a3e8404182b70752a47b4dd4332f961821dd046
3a9afc22eb6a07c1afc22ef2f47b1629afc22ef0607b23daaf666f07ad7a2a6bf08bba081ed2bf08bbcc13ec5726bf08bbc9c1ec6306f96f7972bf163535f845daf40f735f845de5e8f62c135f845de4e0f631837cb7bcb95f8b14d7e11778303d923d4107b6b20b270d7e117797a3d8b14ec34ed4df4bb1
3ffc0f7fac678693c0f7f8fa4678693fc0f7f9155877100f7f8f895587713ff03dfe5afe1d1303dfe3e3afe1d13f03dfe3fec1e0903dfe3e1f261ddc3ff81eff3bef0e1381eff1f2bef0e13f81eff20dd0ef901eff1f109b0eea3fe07bfc991c3b1207bfc7c591c3b13e07bfc7e0a3c2907bfc7c3c3c3bc0
000000000000000000000000000000000000000000000000000000000000000000000000000000000000000000000000000000000000000000000000000000000000000000000000000000000000000000000000000000000000000000000000000000000000000000000000000000000000000000000000
3251afb17658a352817048b1afba5b16817048b065ba632d6bde2ee35e090946bec5e5c28d1205c122c742e96a1a05c122c5b6e970b5af78bc53782124a35f62f0d1469102e09163a174b52d02e09160cb74c25ad7bc5e08bc11128d7d8bcb851a200b82458ec7d2d3340b82458b6dd2e117418cb3579a4d
0daa5056057f54c13e902f4d8dc526293e902f4af9c530d29ba1c89099f136a9415815fd5300fa40bd3679149724fa40bd342714a34a6e87224267c41b54a0ac0afea9827d205e9b1b8a4c127d205e9a138a51a53743912133e22d5282b0301aa5f1f4817a6cf2292e09f4817a6c6e2932e8fa730c262574
25d51c0f4ad12e40783a38797d11ff1f587035034cfb73a40e7b9b24c16f3594218abd0fadc3c4e3f6be8cf74a1ba172219efee2807435034633b5060baa381e99c25c70f07470f2fa23fe3eb0e06a0699f6e3481cf7368b82dd032d4a99f7dbb2b10a1865c4f5b4073742e4433dfdc500e86a068c676a0c
3e7eff3b859aadd0583feade91d7ea187bb1bffb07ecc08cba8e5f974faa20fe21ed0f352103d121fb68cc064808f0ebfedcaa1ce0a30c896d23e5473cfdfe770f555b90b07fd5bd23afd430f7637ff60fd98119751cbf2e9f541b5db186c24970d1385ad19c17ff7c11e1d7fdb95439c1461912da47ca8e
11a85430091f2f90d5c31ee8ebaaa92cb25149c4fb95f27f02d321a934601f9f2bc14cb25400e6ea2bb63204000bc720284463ed638be8fc996a2adb2350a860123e5f21ab863dd1d755521964a2938e172bd0fe05a6439468bf27394ffe23e850704d83df250c4287178e405088c7dac317d1f9331655b5
239b909415e4e4a3d9c3adbd3e6a7134f98db12b2e8121504322d282aa7b302e9102e2a89d518313a21e2efa6f35a685773bef0f435d11767279fa9a073721282fe9c933b3875b7abed4e129f31b625a7d0232a08645a50554f606fbb45929b20b71701069726201ec2b4d0aee7bfe1e72ba22ece535f533
01c450a2924606d18e3be52226b9131e11c69d2540e73275183f4e9a429b2a6d8df31c698d706eb44b1653fb6d29220be05bb437f0e21013f716141e1f143b4d1f5411e0d5316ac43bf269349105f02bca1c00710809fb8b0a0f2f08e34e909073a33a8c1fa72c214e2c71df290f25c8a1c42027ee2c283c
0e77184bc2892013a4f9ee8e4629df23c98cb972f3e000307d963430cf3d05291f894d611ed348b39fddd071631acaa41528b4ce517c3d6bc60d91db0cb497aed8c318a2465a4e920961452d65520a924a6732be1eb5e2e5c8ee11e4c65cb979f002183ecb19f7679f3d27cf7470214f02f87ad78c1b23b6
37c69ba3aeeb9b8285a220ebce9ffb1f59678c80d1618044a6750d44a9af2b4d6d058e22b732d9b86b1c1fc4803d8d9ba61c20dec11519ab765e5c4932ec1fd2d5647b214132ca8f1614381ec6cdd30e106f628a8cd5bb0e2e250facb3c64068b0c222533a868154d8342d11075c64ffe22a3356ecbcb892
09d60ac079d9f1101951a8281a3cdf2ca4be5cf64f93b28e5b56594241370b332ef442c2bb22a2f6dfc5dca2eb006f45fda597c9b3173222018c9c8c3ba37753bcfea6b2b2196d7cc926072037a2fed0bbe4e18b991100c64e4636525f2e7917c9e3472dab2c80209c20ca8d413ec1e7022e6444035b3917
2d3ce88221e0dd5278dea900d320c105a5193d66a85f50efca108b48854b0df2332cecc3b9037363b6495e8741166c678196662433bca86aecde5f9b195c96bc5a660730dfe9ad8310864b2b3633c0c9231223de5435764e2fce22d28c9eb1442fb277e508458342a633c6f548048906137950d5d9febf35
313517d2d2ed70e14431c17bbd098d34b8c50ca43fb2e25490e730d1b8033d2431e624e9168095c42f9c455b650506c7a8ede54ff0747ed428d3485438311f8f671e8c63e4d281934c4dc5228363d474e2a8003a3f6a1469a42a1a5c6286521fd9732a48739847dc022a218e0bdbd84c70e8fda851a690a8
2fa5282774521053a01afef865330b3f1c9046ec870510d9c2a6990ae6d82cde07c5e8086da165026e6342cef10b974fb0108b7880595b83a94c91a71ce8a9196c6da1a31a1b8a9906fe2605cba7d80845bc422cadc1d48548d43f8e4823743382906ce1534c85736c3d00d7f7c1199860b2b7075299234e
12c0c812fc8b0e83d0a919c622e4e523ac164eda3d2ee2692cc0dfdaff432cb44938c7fb24e15db6f5e6ae823f030be80c2d0f6cb0ea6bf08bada81f1c91363c3b73bf33124c94f0ada3ec2185f4061477b6627535f845b5d41011d60b276d1e97733496606fcc7fa23e8548ce2f072731d4d7e1175b503e
3ffffffc2c5f8e93ffffc0f9c6f8693fffffc114d8f713fffc0f815d87713ffffff05ade3d13ffff03e1b1e1d13fffff03fcc3e093fff03e000c1e093ffffff83bdf1e13ffff81f1bff0e13fffff820cd1ef93fff81f00ed0ef93fffffe098dc7b13fffe07c195c3b13ffffe07dca7c293ffe07bfe4a3c29
000000000000000000000000000000000000000000000000000000000000000000000000000000000000000000000000000000000000000000000000000000000000000000000000000000000000000000000000000000000000000000000000000000000000000000000000000000000000000000000000
07e574974a96fee3bdbea5c9c174052fbdbea5c6eb7412f251afb148f8a41f95d25d2a5bfb82f6fa9727cbd0113ef6fa9723edd023c946bec5a7e28e0fcae92e952dfdc37b7d4b93c4e8091f7b7d4b91f6e811e4a35f62d3f1473f2ba4ba54b7f701edf52e4fd9a0213dedf52e4bfba033928d7d8b91c51b
381a8b64b150813042411a36748b7c1042411a356c8b810daa5055f4ff55206a2d92d1a20491090468d9d22df001090468d9d22df036a9415815fd53303516c966c102508482346ce916f8208482346ad917021b54a0abe9feaa00d45b25a76409121208d1b3a45be0021208d1b3a45be06d5282b02bfaa6
2c7a4bd94aa031f2cb36d87d214ce509ab6cd5087d3650d3d87bd7fc6fc51028e0b2c06bbc7110d676cde3e2df04ed64a1af9fce11335d0438cc6e6118f497b2996063d1966db0fa8499c91356d9aa10fa6ca1a7b0f7aff8df8a3856c8e9f653d033a1fd65e31f8b3309dac9435f3f9c2266ba087198dcc2
0d3b733716f551d01f7fa3c17218af0442f178df322d8100b61c8d595bfb1beff1db483fb132ee20def44d095c380deae26513200272fac2242c168b1a76e66e2deaa3a03eff4782e4315e0885e2f1be645b02016c391ab2b7f611415163345e9133725898b2d805a5301bd5c4ce463ff0e5f584489a2d15
2b98a49e6b2f5883daca05247c39420bb7583002de2482cf7136ddca1de407606d7add32f7a0fb05c4a53a3e6107db3bc133ae27c0cda28b8a2fd0ea1731493cda7eb0f3b5940a493a7283176eb06005bc49019ee26dbbd63bc736bbd37140c997c075bb11031cb7490fb67782675c4f819b4517145fa1d4
344b35e922ca2402d418fe9cd8602e3ff3e3020a0276e0f59830cb1a064f32ed26571a5d9ac16c68e59c54d164218fdababb5ee631f265ae54d769ea28966bd249b447f1a831fd39f2c05b3fe7c6041824edb1eb306196340c9e0c78df01991c065142baf06eadafd6031fb5757addcc53e4cb5ca9aed3d4
01569a15750be462b2d3134e00921517365dcb519ec03349fcfc22ab28e928b6b3bea78103b1011103c5fd5f740db468990d2b9bf035a307479bad551e38ce32e4dfcd031e5fc71befa46d26da344c8485ce021ad183a3acd6ab2b9b2ee5a6bf6023a4fe7e113494753596989a6df490b20e228514713037
2bc293ec9ce3f1005cb3fc525f3869388146c73580ee9190c044fa15a4823a570e0cbaec6282279bd6ed6eab8e2da98c4c37090882fd4826dde2e6ee074b8ef09198ba73b5ce6a19b77e5b16d4c6261b8484417ea4136ef173773c40a36398b07750c860227d0ad24122e59fe290e9c35273b8c25df34901
0226d789c0e85ab0896081d46e93d1055d25ed6afd5552c502f25cf2b7b414ce5c9dc9b5b422e8b1eebe1b93da159c9529c0b0ae13168ba0b59a945b07ac979ef53df99148af8c6013fbe52ace4a94de4857138b45d05aac4a2e22ae92f6b36eaab16281792e795bda244b040ea1649e91be34dd1d775cdc
24d1d3f1a6536db3d5e4bb0b4806741c61516fdac75d42528cd60d656f5e372253b8f8c8ad9195432b539bc93b3f6192492f36f01227f820d2195528319b09b61a119fe22b3f9343a8b92f3fb0c924958b781113fc10690caa940e30a8b7ed63aea129466b06b2b7af1eaf25d85a4033a24eb05603adcf89
2cfd9d2f11ec1352842978014480c201b0640c675bbf53600091c84db4c70cf505e0acf09103a08ef24b240745069992bd9933a4317d826fe1b91d8818de00163a7c7330f67f4b83f3464d234cc95eca89d220bec137f0dc8ec420d83206319ddfb3b00048e405da6414214bc00a24061369e74410ee06eb
1db1e6c08b0378f111209ce9018adb3c85b3e811003433287e4c855f38062f176d9d012136d3c97f9d5115609e243a8316a0e75533c434697b094860112abd6ad74a9c837eb0386dd55061321d418b4e63aaa1e21a34bd84a4303e42d9f406701a21943f2642af9c03288904e745fc56e189a8be96976b87
359c41432414e47311acb9fac274f31e8e2201f0f446f1676c7ca6dfaf3004ba6c34ab33be132b495a6c75d692095d969c1a0080229002dbe09fb30728d6db50cbf349e1fd3f009dc181f604aecb4e0d00401348016df02ed9842f471100f66a2380b3b63e536fd798388d65cfd403a7a37d29413b819083
1ed593ffa8d1f2011d67e497331cb424f8d519ab0b66b150779b644a8fae1d0778eb7d36b2d290b2212a29617e083ee33770484bf087975a9d29e9cc34bace1594018631abca2a928c138b241f719bb614260043cbad4e94f4e6327c6a8cd375b360a83bcdb22547d708eb3f24b998e5a096064097e45874
07c800001cdc0e90800000018ef7f13c80000003e0f773fffffffc517f7f1f20000010703d42000000000bdfdc320000001be3df13fffffff20bfe290f90000018b81e21000000010defea390000000be1ef53fffffff8e4ff0d3e3fffffffe07b83fffffffe07bfc0240000001ae7bf13ffffffe249fc69
000000000000000000000000000000000000000000000000000000000000000000000000000000000000000000000000000000000000000000000000000000000000000000000000000000000000000000000000000000000000000000000000000000000000000000000000000000000000000000000000
0aa8a5bf00217ea2bdfaaab09cdab203a793579f07225087e574974256ff2aa296fc0085fa82f7eaaac2f76ac60e9e4d5e7c1c89421f95d25d095bfc15514b7e0042fd417bf555617bb563074f26af3e0e44a10fcae92e84adfe1a8704445a21544243f2ba4b802b801d3c9abcf83912803f2ba4ba54b7f7
35975a40ffda81614205554f2325c600586ca860b8de33781a8b647bb082165d69040bca05510815553cce97170161b2a182e378c1e06a2d92b4c2052b2eb48203d502b2840aaa9e464b8c00b0d950c171bc62f03516c93961032778fbbba19eabd1bc0d45b23dd84102c3654305c6f183c0d45b2569840a
1050b0433e667382903901d72b40d70dffba61363a5c90937c70d82eca9c1f82725a8744c2d024df1c360bb2a737fee984d8e972424df1c360bb2a7020a160867ccce701207203ae9881ad1bff74c26c74b92126f8e1b05d953826ffdd30990d2e5049be386c17654e0802da8e2f8f3bb09be386c1b854df
15b2cc3db1255f41baaf1e4c82745d04727c7d90e13dd16b7b24848be0473dcd55f5b0ffe6f15adec92112781211c9f1f64384f741adec921271811b2b65987b624abe83755e3c9904e8ba08e4f8fb21c27ba2d6f6490917c08e22393e3ec6609ef2b5bd924224f0243cf5519926c91d635bd92424e30236
2b0e008f1366a0e3c4de23303a37f004e183fee75913928d58f350c8e4640535dd3d7e101920a3563cd432391913860ffb9d644e423563cd43a7918e161c011e2aed41b389bc4660b66fdf09c307fdceb227211ab1e6a1d3c8c72270c1ff719c89d146ac79a86472320f071872c54c44f06ac79a8791231b
30701c8986258ca009d356449013d000c5debbeb0b53110d4910ea3a7fba2380c0d8a7cb3d424352443a6d9fef03177aefac2d4c40352443a92bfee720e03913106b193013a6ac892027a0018bbd77d616a6221a9221d474ff742062ef5df375a99086a488751d3fdd2ccd8832b47b69706a48875257fdce
15a7ad62afc0ec03032b44d1e3a1ed13e133e5c76dd1306970a811b4459514f84cf970d374531a5c2a043b91660206299436b81b91a5c2a046d11654009eb229274a6f018d2e15021dc8b30ae0891dac7b58f0d2e15023688b2a29f099f2e1a6e8a234b85408b922cb38195a268d0d0f700ab4d0aba85f23
1fb8141eba1715c1ba89084170dab82b71d1fd6b29548291accfee04ff150adc747f5aca5523a46b33fb4fbfc62d6f95209f5ca21246b33fb897fc521b4e32557942a161d23599fda7dfe320d7d27a81c0da4123599fdc4bfe2915b8e8feb594aa4348d667f6e17f8b0dd448420b86d5c15e149f64e71f88
13c331f71f6fc6f04018beeef18e650ca7113795060fc00b8b4bf489bc830329c44de54183f102e2d2fd11ef213ea745e105712f902e2d2fd226f20c244f78d6e02da2828171697e67f7913c990c40910bb750171697e91379060653889bca8307e205c5a5fa23de422200c5f7757c73321136bc4de642d6
3a9de5c57f2de102060d99fafa87670954b0dccf7e0c63d7ecc221b6d53022552c3731cf8320f5fb30886db54c3b517adbd539ad535fb30887a154bd1b20b641f92a78807afd984436daa633b29d47884a1fc3afd98443afaa5f04aa586e67bf0631ebf66110db6a9830306ccfd5c43b43268e9f8d119b6e
3d0ba798ef90eb22983e20bfd3a40a2b80495da952d8f179e2aefebf6a521ae01257694cb6425e78abbf8eda950727b40f0ec70091e78abbfb3fa9473b0c8c05cc8230832f3c55dfa66d4b35f7572d6957ab02f3c55dfd7ed4a435c024aed2996c80bcf1577f5fb52914c1f105fe9d205367ece9786e609b
3214da43f6896d4220b6094bfb9ce3112bf586d65dabd2944d7255a96f51344afd61b27f6b03a5135c9538dbd50adbf53fde037db25135c95729bd42008678148495b463d289ae4a7b6deb3f0d013c419bc001289ae4ab94dea12895fac3691ed5f34a26b92ab3b7a93105b04a5dcce722ed8f3604371bc8
236271c7ec4dcdf39466e602a3d00b3629f48127b750510fb2054196d9c13d8a7d2046d5d42343ec815034367137cc2a9867ae09203ec815069d6703184b9959ab017f43a1f640a7f91b39225fba82ac406f621f640a832db3823b14fa4091cba83287d902a0aa6ce13ca33730130e8063ace20a18ffa724
24bf665032b23090e1fd7d1d3c5abf280e37d5d7dce77336bb86034058421a038df574ef39e2cdaee180af16110d8e797381a7d730daee180dc7610506cab55ae301703366d770c0368b092cfe4e59963a18626d770c06c2b08334071beae9de73c19b5dc301a02c21270febe8e7d2d600f6ac9ffd468f90
3e87c7c8041fff707c7c800083ffbe287c7c801cdfff13c7c8000041fbff3a1f1f201cdfff11f1f200020ffef821f1f20018bffea31f200001cdf0293d0f8f900c5fff50f8f9000107ff7c10f8f9001cdfff138f900000c5f80d343e3e401cdfff13e3e3fffffffe0003e3e400149ffdb23e400001cde069
000000000000000000000000000000000000000000000000000000000000000000000000000000000000000000000000000000000000000000000000000000000000000000000000000000000000000000000000000000000000000000000000000000000000000000000000000000000000000000000000
013f98d5693c5e9058aa8a5bea561813f98d5693c5e9018aa8a5bee7617f04fe6355a4f17a4162aa296fa9586032b31fbc81ceb0422aa296fbdf85fb027f31aad278bd20b15514b7d4ac3019598fde40e7582315514b7dcec2fe09fcc6ab49e2f482c55452df52b0c025663f7907bd607055452df8010bf5
3cc0a76a92a3a183ab5975a3d3a9a90c0a76a9681a1712b5975a40d69a8233029daa56ee85d2ad65d69014a6a10d5cf04371d14ef2d65d6903de6a0639814ed5296742f356b2eb47e9535126ae7821b6d8a7816b2eb481ef350326053b54b1fd0b915acbad206b4d411ab9e086e3a29de1acbad207fed40b
03bb2905c8409050a3752d54181b0e2ba7aa443f3305d23752d54205b0de3bfef3e8e1d029328dd4b550606c382e9ea911050c1720dd4b55089ac3760776520b908120a146ea5aa830361c174f548882860b906ea5aa844d61bb37fde7d1c7c052511ba96aa102d86f051ba96aa0c0d871ba96aa113586ec
37c60ff2eacd9de2fb3f27d882af06209f44da73627043b3f27d8b00f055236c652b0c041613ecfc9f628ebc16027d1369d5c9c0e2cfc9f62cc9c1512f8c1fe5d9bb3bb1f67e4fb1475e0b013e89b4eae4e07367e4fb1643e0a906d8ca561c282c13d9f93ec55f782b17d9f93ec41578319f93ec59d582a1
2764add796aa7c6110cce4f4081dbb120c97ce02ff33110cce4f4189dbac193e91ff0e7c52e0433393d06276eb08325f38101ccc3033393d06696eaf0ec95baf3174f8b22199c9e8103b7624192f9c05fe6622199c9e8313b758327d23fe1cf8a5c0866727a0c4edd6288667279e30ede066727a0cd2dd5e
191b9ab147a0ef136896df7872b1b321c4912cd7a4f092896df78a851b23375c1af35db5d491a25b7de290c6c9071244b366d3c22225b7de2a986c8a323735628f41de22d12dbef127636503892259b369e11112dbef154c36452eb835e6bf8ba91344b6fbc5218d923b44b6fbc1858da04b6fbc5572d913
2d4d2bd7fa21c01122d8d9f653f4742b5109fc5f98c0022d8d9f6647473c3f579ced7da50e408b6367d991d1cf048b6367d94fd1d0b6367d99a11cee1fabce76bed2872245b1b3eca7e8e802c48c51d6b51e705b1b3eccd08e772956a4b3084a4ee116c6cfb323a39e0916c6cfb29fa3a0ad3d6b157e0760
2b9972fd64b4ed436b9cdd819a57c01df56055da5609e2b9cdd81cff7bf31b9a93a9655a6941ae7376072f5efd0dae737606695f02e737607481efca0dcd49d4b2ad34a2d739bb0376af7f3ce875e788c67ed1739bb03a40f7e52f3bbc1a59d16b435ce6ec0e5ebdfa1b5ce6ec0cd2be00fdc0a0f5d0b8ae
146e2969ec33847058a5ebd8bfbdba1dbd6833eb268d818a5ebd8c3ddb9f252b7d0331e6a5f16297af62fef6e8216297af60eef6f2297af631396e7b3295be8196e35300b14bd7b17f7b7426ffb044e191229314bd7b187bb73e383d78bc46dd2e02c52f5ec5fdedd002c52f5ec5fdedd29e198fb8da7e38
3dca1ab50062a3f01c782f795180c22caf4bb98664dba1c782f795180c200990f3d50b362b8071e0bde54603082071e0bde33603131e0bde54a2307f04c879ea859b15c038f05ef2a3018405fb604d773d05538f05ef2a3018401668ca6ffc1981d0e3c17bca8c061000e3c17bca8c0611d4ef2e2bf96f08
388f208669849730d302695c856f2b12dfff7afc60ead1302695c91cf2ad0ec9aabe3579c8134c09a57215bcac134c09a5710dbcb0c09a5724b5cab32764d55f18ace411a604d2b90ade562ea3f3accf3b2db2604d2b9239e55a1ad199e3cf6ce13298134ae46d79572698134ae21b7961e85d3cc77c8759
223a2aa1d5fb09b28fb794eac0e7da07cac5e88716ee90fb794eaea27d963680218662e08a723ede53ab879f662a3ede53a8f39f73ede53aba89f6583b4010c32f6045411f6f29d5c3cfb3199169853fb67bc1f6f29d5d44fb2c3e949d29ad2ab6507dbca757513ecb147dbca756073ed190a6d21fb44b6a
0d540bda7563c4a39c94cadc5b4490367300b6d1cabc01c94cadc95048f22b2d41dc48b1042272532b7233123d0e72532b716d12432532b7258323c71596a0ee24588213392995b8f8891f36678ea0864e66f392995b92a091e42ccb01ddeff11c10e4a656e4a824791ce4a656e2da24831b138e3f416e70
14bec10c1e42f823accd97448a04bf1adecbd92a3662c2ccd9744c3c4be225c63c7cb2e52bd2b3365d12ee12f91eb3365d112013033365d131752f8632e31e3e576295f3599b2e8956097d141a61c7f7dc810199b2e898ba97c3126dfb3487fe7801666cba261e25f13d666cba2240260325fb3281749185
000c7e87c7c7ff80c7e87c7c7ffff800c7e87c7c7fff807e87c7c8c5fff50031fa1f1f1fff831fa1f1f1fffff8031fa1f1f1ffff81fa1f1f2317ffec0018fd0f8f8fff818fd0f8f8fffff8018fd0f8f8ffff80fd0f8f918bfff20063f43e3e3fff823f43e3e441fff7063f43e3e3ffff83f43e3e420ffff0
000000000000000000000000000000000000000000000000000000000000000000000000000000000000000000000000000000000000000000000000000000000000000000000000000000000000000000000000000000000000000000000000000000000000000000000000000000000000000000000000
0e85c13f97e5ca605c13f98d50a5c6285c13f98abca5d1c13f98d54c5c5f3a1704fe5f972981704fe63542971821704fe63332972304fe635573717b1d0b827f2fcb94c0b827f31aa14b8c10b827f319994b93827f31aa98b8be342e09fcc34e52f2e09fcc6a852e3002e09fcc6a852e3209fcc6ab28e2f5
317a3cc0a43a35b3a3cc0a766d5a3b17a3cc0a75235a423cc0a76a71a3a205e8f3029d48d6928f3029da7b68e91e8f3029d8ad68f0f3029daa4a8e8622f479814c946b53479814ed1cb4752f479814ea46b48079814ed52547430bd1e6053a91ad211e6053b538d1d13d1e6053b15ad1e1e6053b54951d0c
1e47cdbc0b52957371474709edf7691471f5a88d33576213c60f1dec1690263186c1f6583d9096421944ccbc1f3eda2673f9bb4563203d39944138bd3c8f9b7816a52ae2e28e8e141deed128e3eb511a66aec0278c1e3c1a2d1f0c630d83f0d07b112c84328999783e3db44ce7f7968ab2407a7328c47179
22b2ad0308d0e141acfa36f8cb2fbe0f6915dc3ef6a6911387ca474d850b0f1ed96b7ff123a2f92b31d8b598e301f87cd0546838f093617f12beee1705655a0615c1c27359f46df1965f7c1ed22bb87ded4d22270f948e9b0a161e3db2d6ffe24741f25663b1ad31c503f0f9a0a8d071e126c2fe257ddc2e
3017b227afa39b42f8f874e39097c41d3cdccf9ad120f14ba2f38312f30f3c0aa33f7260ce639e9f7d997f8526309f4ddf1af6e530e949781746f253202f644f63673671f1f0e9c7632f873a79b99f35a241e29745e70625e61e3815467ee8e19cb33d3efb33410a4b213e9bbe3a0dca51d292f02e8de4a6
0eedcf1ab57a87b3e886253109dab03ee7d7c3a8de7ac38910b498c90af00ea4ec99151c3710d0f397a8e08c420e8d0f3cef0c0323531dd5479b4d431ddb9e356af50f63d10c4a6255b55f3dcfaf8755dcf57312216931d415df1d49d9322a386e21a1e72f51c118841d1a1e79de180642a63baa8f789a85
3d5c23e9a7ca18a2b5e13027e6ecb91a6b50184d300503a8a41a5a2db3452b4da2191eaa54323555e7c751d2001f8a52d3ac0205d200619090aeec2f35a6d10c8d452a211aaaf3e3a8e9002fc52969d3f102f30030c8483676180d35a80c26980283d4520d2cf5d9a335af09813d2765d36a695ebfb00e01
1d35b492117903020014cb85659fdf28ab17df9c536c215649a43ee831b107a20a9483dd57812d06b2d9761434357797caaf46fc0285da15bf3e5b7d03d1054a41eeabc09683596cbb0a1a1abbcbe557a37e0342ed0adf7e2dbf14558befce29b612ab24d21f5318d93000a65c291cff015ccb97eb25a76a
19cfd6197fe42341e45fe44a4e1359219a8d2b182b7eb28fd0fdd6c1ca3a13cc810a86b7f8b25a521b71aac41f32f75d50e7d56671081681a3bb9fa229e64085414bfc632d290db8b46210397baea871dab340840b40d1ddcfd130cd46958a05bf6147e87eeb60e51d2f22ff2250609ad2a3714b4f409c24
0bae3b056041da71516ee31e2c6d6404b463ada4a7cb21b3f9675d5378801c50631487dbcdc01f32fc6960fbcf006905b599739081a95d0d65fd283f0e28318a43ede6e20f997e348f7de8003482daccb9c842d4ae86b2dd9420025a31d6d253e590d9fcb3aea9bc400a8b7718f1636b23ee50d5a7e21520
38f4f6e3c4b68842686ff05470a4290ab242a983ff38d23d2c4c1949ade23746b2ea9c32b552d8ed370a1619ea3e3be2018cf577c22bdea61d7a40ce3ba359754c095ab16c769b850b0cf51f1df100c67abbe115ef530ebd206725592154bfef9c711e96260ca4d6f133437f82a1752153c47904332b24ba
30cea4fee12ef5b27c91613702947703199c96b04536b32c0addf938a52e15a31cfc8a4772d318ce14ec210b9e1ecefb5bba407701d6b407f53b4e792ad18e7e4313b9718c670a761085cf0f677daddd203b82eb5a03fa7ca73d218cce4b56129b6196056efc9c529733e48b09b604a3c311d1550e8ed84e
1fc456b789e7c2d351c8e352dcc9a0379c59fb28adb160d1fd1d57fbb2400934486bbcbd1981e95266250707632894557a3bf4d3b3ea234e38bca9e6049a2435de5e8cc2f4a933126283b2344a2abd1bea69e1f511a71c5e54f31bce2cfd9456d8b068fe8eabfdd9201a8e471a96e64d006aa05ed3ab1e25
36680bc61d2cd943dbf0b7bad223a01130eda3a08a57606a0e8fca82063406d4f6cc4b5a1972430f5a28b2f9c731f87e424c7012207b86ba66ac841a236a7b66239d0cc32187ad14387ce418fc3f21263809103dc35d3356420d089876d1d0452bb0350747e541031a1edf85bdd6911d00a5f60860f217c1
3e00000c9b67c7100000c7e87c7c78200000c8055c7b90000c7e87c7c7f83800003216ff1e9000031fa1f1f1f80000031fbab1f1200031fa1f1f1ff83c00001919ef8f1000018fd0f8f8f80000018fedd8f8100018fd0f8f8ff830000064111e3d9000063f43e3e3f80000063f5463e3400063f43e3e3ff8
000000000000000000000000000000000000000000000000000000000000000000000000000000000000000000000000000000000000000000000000000000000000000000000000000000000000000000000000000000000000000000000000000000000000000000000000000000000000000000000000
244f0af497731d2168e85c13e24a5d39bd05c0d595a0628e85c13f6ea5cb2e6f417033556821a3a1704fcb297326f4170362b681523a1704fe3e972a1737a0b819aab412d1d0b827c494ba337a0b81af4b40b11d0b827f1f4b951cde82e06acad0334742e09f9652e60de82e06c98d0290742e09fcbf2e53
19b0f50b626d22f29717a3cbdfb9a42642fa3f022e63c1717a3cc08f9a360990be8fc08b98f25c5e8f3002e68e190be8fc10f98ee1c5e8f3028068d724c85f47de35cc812e2f47980173470c85f47e087cc772e2f479811f346c13217d1f811731e0b8bd1e6047cd1b3217d1f821f31dc38bd1e60500d1ae
3362fd38992cb9822af01155674c89362fd389c44b9741ae52b3d43768950d8bf4e27112e5d37ce542722e10a105d19df8e27c44b18a6fcc6d6e80d126c5fa71367972f055e022ab1099112c5fa7138cb72e735ca567a86ed12a1b17e9c4e225cba2f9ca84e49e21413381933a536133b314df98dadd01a2
03433ca58aa62340d3a900c9dafbf23433ca58aa6234037e74675742484f0d0cf2962a988d0393e6591cb2c9b415234ec20a566e923f13f35315fb250686794b154c4681a7520193b5f7e4286794b158e467f2fce8ceaec6909d1a19e52c55311a0327ccb239a793673d266fef2d2ed3907e27e6a66df649
0d28132e8e4332234183a5288d8356128132e8f09321d1d455f7d323ac2e34a04cba390cc880c0cc3eadb5336d05b0a64471fee8b30c15895789d6cf1a50265d1c86644283074a515d06ab250265d1e12643a3a8abefa647585c29409974763990f181987d5b6a66da2382f54061f526e2182b12af55ad9d
3831b2f341ab72c1bfe34877c44c49031b2f3454772b20fee2e90260248820c6cbcd130dcad02e6824c34652a81f5a6cff8ceec4e12a66a6ed73b3a5306365e68776e5737fc690ef88989206365e68a8ee5641fdc5d204c04910018d979a2a3b95905cd049868ca5502bd5079411db931254cd4ddae7674a
3048903baa8c729092e21fa925193e0a5eb61dca0d9e3178b3126c007b9d18697c65051e9c11a959a5cbc6841606fe5691b202b7e1409d70d7760d910cb398d06c9c8390d4acd2e5e3420b23fe05e6c0fe9182a04eb86b9a06c904b08070faf99992bc598935df3dcf049710fd4928c9f1eae11f4d3e50c5
07bf1d59381c73608f2e8f9ec824203d7cabef487adcc247e5e5d38475c734d5678375430523696dc33e7c253a1fb3fedb15d90d024c4b1c11f16bd4107befee445351d1b4b6e19f3e129d05eb3b9a149e55c126258e08f8b5ea28ad19cb1a8b9f2323f2f2e9a13ae40479747cf6412100e9ada4908bc818
24982962f333a70230b5ff1542686308c97ace64d8b2835532aa86491ad93ccd9c6b81235cf38baa869d7c18471428b5bc15b6ba901d9d34621ae21d34b532a2f1ab5593c5d5434e9d0c242062bf4b3bf504620ece9a30ec710f0e1658f9ff42b233aa995543038d6d3185aff8a8034320ce7eb0cbff211a
2cd673feb16c44c3ae4d25230b3b5816855572842c097381dd87ad9257b7210e81d28f53a79192ac047d60339d09dc7ebdaceec850e0ed8ea77ca5190649b0d7cd4bd792c956023e8f19cf3ab0af4d57f968027076c7539d528d15803acabc7400f3c0eec3d6a82bdc1d7269291859dac25d71d82ae10ed4
18a787689d3a3be224764dba4ab94821dc99b65ea1f221fd922276a8ffd32a6a295bf47300f1c906aca17e6e660d2bfb772775cc312d75ff92f788923a33038810edcfd0e4835650bf37332b93ec95aa6f357096baffc97bc4490bf05e01168ca9c2fec9113b337fea1123b26dd255ca41c7a7b71e25b442
00a59d7463d987437d7aa8dcc2c7b62b952b5ae36023933a9f585643d91a0daa3c831bfe02331c73338363d89932d2a07a503944021105f169681e290b47189cf93bad238e3999c190ec4d3ddb4a9891494e130882f8b4930f1511589b52067365c19d4fac2b21ec8d1bebd546e6163db3867527f6e877ae
0d477ce9ea4ff2c3c6efe800a697e0326abf8f06e59330246d68351c963e29c443f7c721ed73bdee78dc2e40632a68f18cf31c0cb133e479ad4039de24108706b338d483def73c6df620322462ddd14935e42099f23cd6a01cef0a06fabcb3caebd01236b41a8e4b1f1e377f400534bf02fe22b5bc2e3e17
37f513426d0e7393960b4c6676b63e18f9491032fad0600bb7da84893015130c540224c056212b79acd745443f10e0e894fd125c93022be54e872b9f0e46f09a81aca29295bcd66b81a2202d313ae3ebc5a5d38115f2a72295d007bbddeeaa30f0b205dbed4223980b1cb05a6333b5b1f1b3405e30e966ca
3ffffe0014ac7db3ffe0000295e8713fffe0001da7e793fe00000e4c87b93ffff8001d11f993ff800004eda1e93fff80001fffa113f8000033c81f113ffffc000c78fcd3ffc000035dd0f13fffc0001e6fd013fc00001acb0f813ffff0001d43f393ff0000080d43d93fff0000231f4313f0000065c23e31
000000000000000000000000000000000000000000000000000000000000000000000000000000000000000000000000000000000000000000000000000000000000000000000000000000000000000000000000000000000000000000000000000000000000000000000000000000000000000000000000
09e542afcd83972045789a380877633445789a34ae7773a44f0af45db31e1d115e268c239de2e913c2bcf66cc81115e268df19dd92913c2bd23ccc750e88af134611cef17489e15e7b3664288af1346d7ceed3489e15e8fd663b3a22bc4d18473bc1d227857a2ed98f222bc4d1be33bb21227857a4bb98e9
361abb501ddc6733ba6765c7b5689e0bba6765c73168a059b0f50b5e4d2322ee99d96fbc5a31166c3d42c713492ee99d971cc5a28166c3d42d79348c31774cecb5ce2d228b361ea14289a51774cecb8e62d140b361ea16bc9a4605dd33b2e398b4522cd87a858e26921dd33b2e3dab44f2cd87a85af26918
386d8e53f7f3b171d836de34efb62c06d8e53fb8fb1621836de350c962b921b6394fec2ec59360db78d400d8af0875e4d0a8da4060dedc8a5fb6696130db1ca7f40762d3b06dbc69df6c580db1ca7f71f62c4306dbc6a192c572036c729fdc7d8b12c1b6f1a843b15d10ebc9a151b480c1bdb914bf6cd2c2
161b20bf49fe1d93f5f04f6f5e61da21b20bf4b481d8b35f04f6f9c41d91186c82fd2c187633d7c13dbe3f87650b1c55322eb50161c15631dd1d502d2c36417e93fc3b23ebe09edefec3b3036417e96d23b152be09edf3ca3b2130d905fa5830ec63af827b7cc10ec91638aa645d6a02c382ac63ba3aa05a
07926fac03ec4ca2e316658d7240bd3926fac042e4c9f2316658d9fa0bc51e49beb00fb132838c5996364d02f22047c5a1c385891080570d7325552a0f24df5807d89941c62ccb1b268179324df58089e993d062ccb1b43617893c937d601f62650318b32c6cdc05e3008f8b438b2b121100ae1ae64aaa54
29e4dd40b1e1e0834e826ccd7967581e4dd40b475e0760e826ccdaf0757327937502cfc781e13a09b336ab9d5d0c25005b60ca35c0cf76364fb4f75113c9ba8167e3c0f29d04d99b34ceaf3c9ba8168ebc0ec1d04d99b5e0eae60f26ea05a3af03b27413666d573aba184a00b6c1946b819eec6c9f69eea2
2b581660c8b06a014e15e14ced5e1c34c3977a21e8cc9027a0a9c92fe3592d6059832b01a7e2accb3c98e0458f241956baab7096e1af3234463663b116b02cc19580d3f15e53482b10f620328b85fb3db58100df86c401bc053126b3ac08366677701bbdfec338c5052aef89a84f6826718a322bbbf536ed
0f495043408b3651a8c353f9f537880f2ce01165450df16000e92fe4d9da3d25410d022cd940009c71d1a5f1983ea41564db490cc19f0cf6b438b4b71e92a08681166ca36161fbb12c15c1156346def75655a2309a3e229677500755641943ec20b0111437608d89e1035756cc595b8b839f0cad921a0090
101492fe839d088365658f6a4b980c0aa244c228302de398661c8e9ffd0500524bfa129421f03c65aba4f7ac3d0e6036457ed648f09f0aa609274d28202925fd073a110183191ca58d70901d7e7f8ff084cb93b46b99d78441061bf25dbebeae2fc33119551a6198f4117990e88586677089a791eacc37a9
151ece8ae5eb45a1ef4ae6c6dc14891ef443a496c0c0513d25ffdbbc1701147b3a2b9bcd16729876b897c87b6e2773494e49c987f3aebbab2d9ac4702a3d9d15cbd68b42a8625b341d5df4097c1495aa86c7c33384d47f0682752f68fd3f10694c33fab9fed5f62bbe053cc724bc82a812c2da9eddc48263
1b3b4c5071b9dc8360c064f609cfde0992e78418d860c07bc9f95aca234a2ced3141cb0771f1ffc24f70a3e08d302a20e5b587a2328d1012c04aef1b367698a0e373b9034fc01559bd353c3d12ff4cf17820739666f70190bc831367d99bb91fc4a08dc3ea4ef1569a2003f201c912ce41151b28e67616d4
117b964a2b65d30260c302d4e39065167c4d785aafd641825e44ccbc7de505ee5928b1b74bf23448766cdbbfe52b9ad035cd966d732412b8791f68db22f72c9456cba6016143e0ed21aab31a3f62765207e2c1d92901f3437f2e308eec86bd88ac31084ec81d1209b31778127212592f324c4c9159b196fb
34ce2f73df9eb8008afa22606376fb15f03644be7e1ef1239b3f0fd01a721338bdcf8adadfd1764d8e836bfe13204f86626a9700811757d1364a5214299c5ee7c35d6ff1ae0d17eeb07ce63f56283c02e35e137e923947fea6e71966999fd623517384b3f034c18b161386361dd2c395a35d2237fc2bfd73
29508dc4041d92400e78ca5c61663a072014cc87d96160e90ed365206e262542371018b648e36d6398f786016a15f49ccebaab7a833b7fe75e3617e812a11b880c5b247202be3612b7c82d0fbb1500cca234c1e9cc5d460fd36c3e91751e4ce96a20c093d34984fe8b05348cec5257a9500bb503aa7e3b14
27ff8000063fffe3f7ffffe1ce00b93ff80000051fff737ffffe01ce0c711ffe0000213fff63dfffff81ce03113fdfffff9ce00291fffff801ce31f10fff0000109fffb3efffffc1ce01813fefffffcc6000d2fffffc01ce18f13ffc0000007fffc3bfffff01ce06313fbfffff1ce00593fffff0018c63ea
00580000000000018000000041ffff0580000000000003ffffffff3a00030160000000000001ffffffff3a000316000000000000000000000000000000b00000000000030000000083fffe0b000000000000000000000107fffc02c000000000000000000000c5fffd2c0000000000000000000000000000
2c6865369149d812865369423f804f0686536941fd8051c44b6deb4f557f31a194da4d6760217112db7ac355601a194da507f6014227950abf150e5d18d0ca6d26b3b010b8896dbd61aab00d0ca6d283fb00a38896dbd69eaafe234329b49eeec032e225b6f586aac034329b4a0fec02804f2a157e6c1cb9
14969ac96896280169ac969e867fae0969ac969e027fb13bb490146eaa82125a6b25a6789ff24eed2404faaaa125a6b25a7809fec1d86aed4066f19d292d3592d12c5003277692025c555112d3592d3c04ff6277692028dd550424b4d64b4cf13fe09dda480a3755410b4d64b4f433fd73b0d5da80cde33a
287758a9ffccebb105685037cc13bf07758aa0260eba605685037dc93bec21dd62a80773aea015a140df724efb1dd62a80983ae9805ab4fe86167a9910eeb15403b9d7520ad0a06f98277e0eeb15404c1d74c22d5a7f42ea3d4d03bac55013075d302b4281bee49df63bac55013075d300b569fd0c2cf532
305b71c322c6c473d3211d855396f205b71c325dec46413211d859176f11016dc70c977b11934c847616145bc516dc70c977b11903f47516f897a21f20b6e38649ad88d3a6423b0ae92de30b6e3864bbd88c83fa3a8b7c2ad11002db8e192ef623229908ec2c6ab7892db8e192ef623203e8ea2df171443d
01e6e107393682d0520b886d08dc4a1e6e107393682d0120b886d0cfc49f079b841ce4da0b41482e21b423712839b841ce51c0b3f182412ab48f878a03cdc20e726d05a0a41710da11b8943cdc20e726d05a00c120955a47c3c50f370839c9b41682905c436846e2503370839ca7a167d3048255691f0f14
2748548b97f5cd32f56b0995537907348548b9a47cd27356b099580d90651d21522e681734a3d5ac2655d1e41a121522e69e5349922e94afccc25bae0e90a917340b9a51ead6132ae8f20d290a91734d19a4d1174a57e6612dd73a42a45cd02e6943ab584cabe5c833242a45cd3ca693205d295f99c6b75b
3ca64cda8dbd6a63e32cc955c30a060a64cda919b6a5129142526230cb8e3299336a4355a950649d8586c61aa6299336a466da944245094989472e36394c99b51f9ad4b194777d8a3018a114c99b52336d4a212284a4c4a3971b253266d48acb5291ec222b8c7faf4f1f19664aae1850315ac0b306458350
3f0d2095bd8ab70273659c008dbcce30d2095c168b6f10b7635e3f7ba4e73c348257028adbd1d3119d54137e3303482570668dbc12dd8d78fdee939c3e1a412b7f356df047885006e8968621a412b83136de116ec6bc7ef749ce386904ae0935b790ed253f5f378f75139b2ce0046de6727a4a8219e359b3
3a274e9da14e1d71dea293a42493932274e9da4ea1d620832f812ec9beca289d3a7691987592b9da3e65bebf4209d3a76942c758620cbe04bb26fb28344e9d3b46bc3ad188968a31d92da904e9d3b4a163ac31065f025d937d94113a74ed2750eb117cdbd73ba527f32ef5149d1f149ca080a497f41ce844
240c15364af535518fa481cf8d385a00c15364d47354705e8342f5aa9f6e103054d93414d520dea690b502c9aa03054d9351cd51c17a0d0bd6aa7db808182a6c9a0a6a910eb54ac08590440182a6c9a8e6a8e0bd0685eb553edc2060a9b26829aa4033d54eb2c8246f0c7d240e7c69c2d0a8f674572f5a2d
0aa259921bf0fed1574804cdc208f02a259921c74fece051d6d7e5b545b42a8966486fc3fb43cab729b13669f028966487257fb361475b5f96d516d01544b32437e1fda0bf23c27a5af24d144b324392bfd9b0a3adafcb6a8b681512cc90e3a7f67329c9575b5f59820aba40266e104780d9da62838dcee4
175a55d75b55b3023ba4bc78da722c35a55d75c9fb2fb29e60a819c444121d69575d7176cbf08bd0ff9be6fbc6169575d7344cbe927982a0679510462eb4abaeb6ab6602abf8160866ddd22b4abaeb98165f513cc15033ca88233ad2aebae2ed97e3195dd6091964db11dd25e3c6d391608bdcb2515b2e98
2718a18e5c931b03e8bca60935619f318a18e5ee51af734cb421777725081c6286397a8c6be1b0ad0ee9d479f806286397c5a6bd9132d085dea2941d0e31431cbd4635f070bc340d63a64f231431cbe0c35ed2996842ef304a0f38c50c72f518d7c00f74e7dba94a253f45e530479b0d01a6717b9efcf5c0
2108086e47fabf630227c464e19089108086e4a0abf581c36651c26a826f042021b9282afd6133456fd2acfe8802021b9286cfd5f30d994709ec09bb021010dc94157eb036319debdf1c7821010dc94157eb0386cca384d504de084043725055fac338c08de4f36c5338113e2324fc84514a846e2020ec92
0000a7ff907ffdc00a7ff7ffffe000000a7ff7ffffe000a7ff7ffffe000000029ffdfffff80029ffdfffff80000029ffdfffff80029ffdfffff8000000014ffefffffc0014ffefffffc0000014ffefffffc0014ffefffffc000000053ffbfffff00053ffbfffff00000053ffbfffff00013ffc000031ffff
000000580000000000058000000000000005800000000000580000000000000001600000000000160000000000000016000000000001600000000000000000b000000000000b000000000000000b000000000000b00000000000000002c000000000002c000000000000002c000000000002c00000000000
3b40d78e8c0af521fec6865348569e09fec68652c456a3ec6865365369d9227fb1a192a115b3fb1a194d635a7727fb1a194b115a83b1a194da13a761313fd8d0c7408ae3fd8d0ca690ad3c13fd8d0ca588ad43d8d0ca6ce8d3b104ff634329622b53f634329b08b4ed0ff634329a42b4f3634329b4694ec1
04bf29705f550932014969ac75896336014969a91b897014969ac96896281d80525a693ee2600525a6b25a258a180525a6b0ce2590525a6b25a258a00ec0292d349f71300292d3592d12c52c0292d3565712d0292d3592d12c503b00a4b4d27dc4c00a4b4d64b44b14300a4b4d619c4b20a4b4d64b44b140
0c51687757dec3311687758a8e32cf051687758a4c32d1687758a9eb2cec3145a1dd5f7b0cc05a1dd62a7acb3b145a1dd62930cb41a1dd62a7eeb3af18a2d0eeafbd86622d0eeb151c659e0a2d0eeb149865a2d0eeb153d659d8228b43bac3161970b43bac54f5967628b43bac5261968343bac54fdd675e
24ee705b6f61c7b2e705b71c027a6d0ee705b71b3c7a72705b71c2fda6c513b9c16dc5c71ea39c16dc708de9b23b9c16dc6cf1e9c1c16dc70c7a9b1209dce0b6e2e38f51ce0b6e3846f4d91dce0b6e3678f4e0e0b6e3863d4d89277382db8b8e3d43382db8e15dd36337382db8de03d37382db8e18f53624
25f4c1e6de94f2e34c1e6e103d2d691f4c1e6e0e6f2d70c1e6e1072cd68317d3079b8293cb613079b841bab5a13d3079b83ddcb5b3079b841cb35a0c0be983cdc149e5b2983cdc20bc5ad13e983cdc1cde5ae183cdc20e59ad062fa60f37052796c260f37083756b423a60f3707fd96b520f370839a8b417
28cb674851ea7e60b6748548ade55d0cb6748547e7e5636748548b6255ce232d9d214fe9f962d9d21522b7957432d9d2151f9f95819d21522e4f57351196ce90a7f4fcb16ce90a915bcaba196ce90a8fcfcac2ce90a91706ab9b065b3a42a3f3f2b1b3a42a45b12ae725b3a42a435f2af33a42a45c9eae6a
0a56bca64c2ffa816bca64cd91a7d7256bca64cb3fa7e2bca64cda647d6b295af29930bfea01af299336889f5b15af2993353e9f62f299336a15f5aa14ad794c985ff502d794c99b234fae0ad794c99a9f4fb1794c99b50afad512b5e532659fd3f35e53266d113eb62b5e53266a7d3ec1e53266d46deb53
15243f0d1f38eb9243f0d20936b8ac1243f0d2082eb8b03f0d2095bd8ab71490fc348103ae310fc348255ee2ae090fc34824dae2b0fc348256f62adc2a487e1a3e71d72087e1a412af71572487e1a4105d71607e1a412b7b156e2921f86902075c621f86904abdc55c121f869049b5c561f86904adec55b8
078a7a274e213830a7a274e9cf82e238a7a274e63382f27a274e9d7c2e1e1e29e89d3884e0c29e89d3a73e0b88229e89d3a52e0b91e89d3a7674b8760f14f44e9c4270614f44e9d39f05c4314f44e9d08705d0f44e9d3b3a5c3b3c53d13a7109c1813d13a74ebe170f053d13a74e7c1713d13a74ece970ec
2b2ae40c126e09a2ae40c15338995432ae40c150209962e40c15361d95362cab903051f82662b903054d66654e0ab903054ce26553903054d8fa54d61655c81828fc13315c8182a6b332a7255c8182a46132b1c8182a6c7d2a6b19572060a8104cb172060a9b0eca9b1572060a99c4caa32060a9b236a9ab
3c04caa255b3cda04caa25991cd910004caa25991cd910caa259920f90ff30132a89632f365132a896647364400132a896647364432a8966483e43fc38099544af879b3099544b3239b2200099544b3239b2219544b3241f21fe20265512ca7e6c9265512cc8e6c8800265512cc8e6c8825512cc90be87f7
2934175a532f81634175a55d40155c134175a55c381560175a55d75b55b324d05d6954fe056105d69575c6556d0d05d695750055705d69575d6d56cc12682eb4aa7f02b282eb4abac22ab72682eb4ab8702ac02eb4abaeb6ab6609a0bad2ae1c0ab20bad2aeb8caada1a0bad2aea00aae0bad2aebadaad98
339427189e3b52a142718a18d129323942718a153529402718a18e5c931b0e509c62854d4a5109c6286386a4c72509c6286134a4d09c628639724c6c27284e314096a53284e31431a252643284e3142e8a52704e31431cb926361ca138c50a9a94a2138c50c70d498e0a138c50c689499138c50c72e498d8
1502a10807139ec02a108086e1ebac102a108085d9ebb2a108086e1ebac0140a8420206e7af0a842021b87aeb000a842021b87aeb2842021b8feeafe2a0542100e273d805421010dc3d758205421010bb3d761421010dc7f757f2815084040dcf5e1508404370f5d6001508404370f5d61084043723fd5fb
0a7f0000a7ff7f83f0000a8249ffef27f0000a8837ff630000a8014dfff129fc00029ffdff83c0002a01adfff11fc0002a291ffee000029fffcdfff114fe00014ffeff83e0001500b5fff50fe00015148fff3200015000cdfff113f80005441bff73800054018dfff13f800054103fff4000053ffd8bffea
00080000005800008000000580000000800000058000000000005883fffe0020000001600002000000160000000200000016000000000001600000000010000000b000010000000b000000010000000b000000000000b107fffc0040000002c000000000002c41ffff040000002c000000000002c0000000
3867cb984cc3cb427cb985063eb31f067cb98505fcb323cb9850663d31e7219f2e613f6f2cd1f2e614197ecc7a19f2e61417f2cc82ed035e3a0f2bd530cf97309da79670f9730a0cbf663d0cf9730a0bf96643eb4e05941bb9ba033e5cc282fe5993e5cc2832fd98f433e5cc282fe59901da06bc746057a9
07873467b01b34d073467b096f4ce23873467b05d34cf33467b09736ce1f1e1cd19ec06cd341cd19ec25bd338821cd19ec23ad339112fca5c16cd4250f0e68cf603669a0e68cf612de99c430e68cf60fc699d214b1fc696046483c39a33d80d9a6839a33d84b7a6710039a33d84b7a671225f94b82d9a84a
21325e0bc8d102c325e0bcaf182b7c1325e0bcae102b83ede97b05d4111504c9782f2b840ae09782f2bd26aded0c9782f2bc60adf2b846dca707cf3a0264bc1795c205724bc1795e7256f7264bc1795c2057015c236e5383e79d0992f05e570815c12f05e57a4d5bda192f05e578c15be1708db94e519e73
0b2e56dbf217b732e56dbf2cd372d432e56dbf29bb72e072e0ddf7747de72cb95b6fc85edcc395b6fcb3d1cb4e0b95b6fcb34dcb50f7b12d720bdd77165cadb7e42f6e61cadb7e59e8e5a725cadb7e5796e5b27bd896b8e4eebc1972b6df94ddb9732b6df967e5969b172b6df9669b96a1ef625ae417baee
34e0a9240ac948e20a9240e2fa8d2d0e0a9240e2348d328d1f230949821a1382a490378523502a49038c6e34b2382a490388d234c333db9b96b87d7529c1524819b291b0152481c6371a591c152481c4691a6399edcdcb3b3ebb270549206f0a46a054920718dc69643054920715c4697267b7372db2fae9
1edca1f4340ffd51ca1f4360b5d4852dca1f435ddfd493121685faa7eeed3b7287d0d45ff533287d0d8319521337287d0d7fbf52211c2c62572bd5ce3db943e8681ffaa3943e86c16ba90a1b943e86bfdfa9108e16312b95eae736e50fa1acdfea5250fa1b0674a4252e50fa1b039ea4323858c4ae57ab9c
33768230185bf39001f3055b5d69cb0707f5d7f71d8503a46c80a48114d81dc6cc84df55dd7308ffd9261b46372c0c9b244dfc236291b20292ca535d391b7668240f8742e0feea37855994203e5db7dd72aa3348d901494429af0dbc0b11b2035b0275b742ada7d3f42a47a8508f4fe6e052b5e532617fd4
1b4cc627b59ff8e15cfbd2bc2bb31626456b4610055693ed0a311099df3c03e4e72dc95aa53008d2620247203a2fc77ba732f01bf3b428c4432d7ced0b09ac9adc4922b172f5a0c188d31c20faf6d79113de13da14622175be771c39eea6ff9e7b6087f8a8c7e7ac9f33ff1799d6e968d2a921f868d8c75d
08b582cb88949d001117bdc0fc26240c063717cc865d50d46f8bf6f35f773c9273a792de9052a8986f6ca5d6cc09d544d8a6c5918351be2fdbcd7ddc11fd7b3e0f83d1001908211212a2d8189ee3d6976751a1a8df17ede6beee39b75cf62837b793a57bdc9f98f84a143cff584be5ba023c53d13a5009c2
1f879601d969def025bd28d00908823fb2302824d3acb2e1c66fa11c39e20c5ce80983bf0813b30ba31e84a9420d0750a2b9a63ef38719be84f4e7862677aed83efccf91d4f224574f7fe926cce324d9f06b01c38cdf427a73c3002252e793a721d17576e50880f1a901772419ff758f915957206093704d
18031ae1ba6b2c3222c06b56e635e01c5fdd75b5b4201385693f0cd867f7327c0e98eb06903364077c3c07398703ef18e8dc4a5fa215a4fc34279fd9294be602ffdeb290b125d2b55de61c32056b2af6709a530ad27e19f2cfed1e3dcd7165357a82c3928aef11eaa30123e211439d1971e0265512ad9e6d
334bb7a6edc9fff19ffec49330352c17746f743eda8c501c4f058a9111431420a936660d4f3210de68a2da7fb524c3886ba20f80d0713c162a44450c06b32cbaf88ad4b13e41b25514fd090f049c55968bed80389e0b15222286085d0fd9e4f17343d85504c15ecb7429a2ce445cf5d68149a0bad2997c0b
298178dcc3594081e9851a69a955ec0337859d59f724229bae3514abf5042ea5e1d013d8d4731c1483d7041a86157e14d2661063126eb8d45333d40e1de49e5a06b7e45324ef6acb9455a21150b7db2fd3aba1375c6a2999ea07282d7040a7b70c33b6f1f1aa01b22435ddd645480629819ca138c4f1da95
13eb537557fb55c07df7f7432e9e2c0bae651aecdff4a27aecdd095eaec31f1256fcdb55dbf1018f4a9545f0603e1e9d932ac85781ebb37425febb0a34fa01cea98d9fb029ba4046c3cd1524802519d356dd70f5d9ba12ff5d850b4808ddb462ac039483d3886d827d0960960a5767a310a8150840389cf6
03f00a7f2100a70300a7f001d87fe93f00a7f0210a7f000a7f0001afff740fc029fc21029f00029fc001f7ffd13c029fc02d89fed029fc00029ffdf807e014fe21014f02014fe001e2ffe13e014fe02534fef014fe00014ffef81f8053f821053f00053f8001dfffb238053f801d33ff1053f800053ffbf8
000000080000008000008000000580000000800000058000080000005800000000200000018000020000001600000002000000160000200000016000000000100000008000010000000b000000010000000b000010000000b000000000400000028000040000002c000000040000002c000040000002c000
1ad269156684f0f1ab2ec1116d5468022dea87d9048bd162767dfae3eec6308b7aa1f3292302589d9f7e97fbb20df9806bb9078e90e19f2e61330f2d35a4d22acd09e1e3565d8222daa8d0045bd50fb20917a270cf97307887972116f543ea7245f0b13b3efd71f7630d5976088b6aa341c33e5cc2661e5a
2d9d96d99d9b100154d02eeed4bb8704d214682f3b84129d788203d3103f3134851a08b6e111a75e2080e444100e067b5446f8b1731e1cd19e8eecd41b3b2db33f561ff2a9a05ddda9770e09a428d05e7708218f0e68cf47766a22690a34158dc2134ebc4101c888202aa681777495dc423c39a33d5fd9a7
35b6a4794ce9fdd17bc24c9bc246cc1c778d507c5a8a0121325e0bb85103071de3541f16a282cf4dd24c96686e05ef09326f091b3084c9782f23440b038ef1aa0f8b514167a6e9264b343720cd71e98b3dbe424264bc1770a2060e3bc6a83e2d45019e9ba4996ed0db0bde1264de1236610992f05e468816
1a765c964b72f6411bb3360266256b1067360c039fb0434b2e56dbbc77b80419cd8300e7ec1036c301bb4df446146eccd8089095b12cb95b6fb7dedd220ce6c17e63f6101b6180dda6fa2333ae3e831fc156f2965cadb7baef6f08339b0601cfd8206d8603769be88c28dd99b011212b625972b6df6fbdba
17225530e926e661e44db9fcd3eaa831180d52aaf3b9e0b4e0a9240289492c460354a8acee83c940be442e4bfc079136e7f34faaa2d382a4900a2524162301aa54567741e4a05f221725fe3a51c35cd7fec93169c15248051292188c06a95579dcf392817c889e97f70f226dcfe69f5541a7054920564a47
0790a9dd86bc2771843ea36377c94710093130bc522c42dedca1f406affe04024c4c2f148b1130b5edb2e5d7d41610fa8d8cd725237b7287d09ebff622012626157a4590985af6d972ebea0d328ff670a261d1bdb943e84f5ffb080498985e291622616bdb65cbafa82c21f51b19ae4a42f6e50fa17f7feb
2694f67991b2d0139261033b10bd4d19d91a3347d7723123d6af59cc1da71a53d9e64f0b40217199acbe57029f3b4cc5cc721a2b518e26f9ae8ad7910d29ecf32785a01156a41b983d76023da662e636fd15b36a947f328bb551009aacce7e79a7f3356c5a082c585c36998b98e85456903f3513dc4b2924
12855c541f79a20049302a9ef131f001e971619d722fc069d3bd5d143a300a157150820687f11f457d2a6c3cc30de2082aace82c33126bde62fa94dd250ab8a83ef3440131a33d385746f526f10415546416221aa97f70f707702135c4a03b5f7e32c65d6eede2da1a1bc4105559d058636bd9c17d05bcc9
27d8800a87b116f39f7d1cd200d9e2216602f930a977b1c807786c30b8101f62002a27045ba33ea48373def68e07aa8300a1a1ec90bbe469484fa2030fb1001513822dd173a8d6baf5ad3f23d541804ec0f65399364b484719901a11c61eebaea3121f47d2da58a4960f5506014343d92180f02d0084ed76
35c8e80e9a5e35635de70a4ffc299f295149931b536bd0d84ec5f75bb4211723a03a75d8d552d7879fca2abe362bdaf9ef47acdeb0452417ff0e494a2b91d01d38dc6ab0cc61cd7f1133ac35ed7cf7a1c66f602725b93779f95d34b9c95cc480c9f270bb10337faec917b5f3de9379bd5300d05d469d23b0
38d56fb790f83bb3a217e5af7fe6731daeb55ce08ca440fbd4eb87b3a9cf2355bede5040ee901ac88044d95398302501d0b43361a1164ddf3ee4453331aadf6f26107751339c1280acec77181280e85a19b0d18c04db0817d9410038f4d4c392bde17ec8612c7f8b8f204a03a16c86c331c0f6c276791009
11193fbf6dde0ee36081d32d7b36302599fbf6cb369860d092c2a1b4cf720464fefdbb983b71e4c93efeb9a5a5145578bf5e5e53b3b167b430fb92c222327f7edbbc1dc08c550944c872e42a2abc5fad1f29e3a2e15c14b50c332d7c3830d14a8b323276e34d11aa8b28aaf17ebcbca761648b3f33c692d1
1424f5491df4a392b6cec560ccde2105168d8e628de0413e61810bb7b6241093d5247bf28e30cd809ebfc085020e1df395531814118385e9ff0415b82849ea923be94720ce5aa2c766d92e270ef9caa77c0a132addcc1f2dc27e141cc849b852ae33084b97a58792b41c3be72aa6302823b5269e05c681a6
2cf0a015039957b36d9decc46b52c52d26e4bcb4089de0c6f225aff310bd33c2805416a55ea08bd154d4128eaa20b335f389c615001219293782cb4319e1402a0b52af50a959c46780aa2110599af9c4e30a826019f99f7f90bd1b9207a64ce79592ba8677dbb7b37a01666be717ac29f0f66800ae9f05c9
0f8003f00a7f0000003f00ab8bfff238003f00b44fffd003f00a811000983e000fc029fc000000fc02a1d000182000fc02dd9fff100fc029fe1002901f0007e014fe0000007e0152f8000430007e016cbfff9007e015001001403c001f805817fff001f805419000480001f8057d5fff101f8053fa100530
000000000008000000000000800000000000000080000000000008000000000000000020000000000002000000000000000200000000000020000000000000000010000000000001000000000000000100000000000010000000000000000040000000000004000000000000000400000000000040000000
1e6662fe238c48e2662fe257f68d8726662fe255a48d9262fe2581bad86739998bf89251237198bf89605e361a1998bf895ed23621e015faccbeb78f3cccc5fc471891c0cc5fc4b02f1b0d0ccc5fc4af691b10c5fc4b03b7b0cd333317f128c246d3317f12c0bc6c3433317f12bda46c42d69348ab132788
21a22571d842b73222571da6b7727a1a22571da52b72822571da6d872798068895c7694adca0895c769b61c9e628895c7698cdc9f041aa04ef41487103444ae3b4a56e5044ae3b4db0e4f33444ae3b4a56e5004ae3b4db504f2f0d112b8ed295b94112b8ed36c393cc1112b8ed35bb93d16cecb6ccecd880
213e80601d524223e80601f72c217c13e80601f624218280601f76a017b104fa01807d890863a01807dd7685ed0fa01807dcb085f3d6da91e50227f8027d00c03ec48433d00c03ee9a42f727d00c03ec48430282daca6459a4bd09f40300fb1210c340300fbb2f0bd91f40300fb9610be3adb523ca464fef
0f45a0245975cb505a0245a716b4c3345a0245a3bcb4d1a0245a71ad4c2f3d16809165d72d416809169c5ad30c116809169b52d31069d972592dcbd91e8b4048b2eb96a0b4048b4e2d698628b4048b4b996992124b8e31d278f73a2d0122cfce5a72d0122d38b5a61822d0122d36a5a620d3b2e4b25b97b2
1fcf69802e5d5b60f698030693b5813cf6980302b5b5936980306a01580d3f3da600bd956d73da600c1a4ed60433da600c1736d6125c8954c3839b9a3f9ed3005cbab6c1ed30060d276b0239ed3006098b6b1150e5d55c653ac13e7b4c017f4adad3b4c01834dfac0727b4c018328dac10b912a987493733
2fbd64db52b89753d64db55c8574423bd64db558e9745164db55cc3544113ef5936d53225d235936d572dbd1052f5936d57005d1111e42a7760a709e1f7ac9b6a9912e93ac9b6ab94ce88337ac9b6ab5f2e893f7b3d248eaa78d3deb26daaa64ba32b26daae5f9a2091eb26daae42ba2123c854eec14e13c
1792010932a8140120109342bd3fa2392010933f213fb20ce61d5601d7491e480424cec04ff080424d0b36fe872480424d08e4fe90975c9f9bfd53f52f24021265502802402126857a7f443240212682627f524bae4fcddda9fb3c9008499d809fe0415509f8a9ca920900849a15e9fd106f89af1a36756e
2eb2c6f97f0685a32c6f98205c59462b2c6f981dc859511d7bc4341c79c13acb1be6045a1660b1be60823765152cb1be607f616521b474e0c59dad2d1d658df3022d0b3258df3040fab28b1658df303fb0b292da3a7062add697359637cc0cd42cb092cea110f9a34519637cc102e2ca32983ba197c63375
067d6c6b938bf0b3d6c6b93f310ae727d6c6b93cdf0af0d6da465910b3ff19f5b1ae4e2fc2c35b1ae4fd8a2b991f5b1ae4fbbc2ba3c4c6539164c2f50cfad8d72717e163ad8d727ea415cd0fad8d727dde15d3e26329c891617b33eb635c9c5f858101596d51bdf8733eb635c9f7785741d4b04a7973272b
3cc80afc120cc63080afc15f72620d0c80afc15eac62133a866695315a6533202bf05493189202bf057dc988343202bf057ab188410b410c12f72a70399015f828398c51015f82bee4c41a19015f82bd58c42085a086097b9538264057e0ad4631139e557c7e061e7324057e0af9831071af5989a86162eb
0d8734df9592b730734df9671772ca18734df9658b72d1d6fd6ea3b3830c361cd37e564adcc1cd37e59c5dcb2821cd37e59a4dcb333ace48d1a44b541b0e69bf2b256e60e69bf2ce2ee59430e69bf2cb16e5a19d672468d225aa2c39a6fcb0b5b970019859b70e8842039a6fcb38bb9652dcc520219b889a
20959662025fe4a15966204782497e0959662046fe4981aa337720316d730256598811bf92616598811e4b25f7256598811bf926023f70a253e5c2d6012b2cc408dfc932b2cc408f0492fc12b2cc408dfc93011fb85129f2e16b04acb310237f24c0800d5ee6f4aaa90acb31023c124bf233bda15229e467
34ddbda7954d9c31dbda798b3fc22d0ddbda798a79c2312cd3a84cdaf8cd1376f69e619670936f69e62d4108b3376f69e629e708c374c8d13e821d0e29bb7b4f2ebb3853b7b4f3167f845a1bb7b4f314f38461ba64689f410e8726eded3cc32ce123af81ec4ebd38482eded3cc57ee1173ba3fc2713f60fe
1359996c6ab477c19996c6bf217bb3359996c6bbc77bc277f8e331d7b74a0d6665b1aef1def2665b1afcc7eecb16665b1afb7deed17c1f628470e65726b332d8d568ef83332d8d7e42f7662b332d8d7baef772be0fb14217732c1acccb635de3bde18be5c6181a100f2cccb635f6fbdda3b76e552729ff28
37800f802910097000f800408ca7ea3800f80074a0a6b00f8003f00a7f001e003e004da0289003e000fc029fc02003e00118e29f103e000fc029fc002f001f00354013d001f0007f094fdc3001f000ab614ed01f0007e014fe003c007c00594052a007c001f8053f800007c00214e53f107c001f8053f800
000000000000000000000000000080000000000000008000000000000800000000000000000000000000000200000000000000020000000000002000000000000000000000000000000100000000000000010000000000001000000000000000000000000000000400000000000000040000000000004000
0028662acc406440deedbf61292a420ab21f193d79b9809e6662fe1b4c493b5fc25ed7ec31c3279998bf5553132ac87c64f5e6e60279998bf86d31240050cc559880c881bddb7ec252548415643e327af373013cccc5fc36989205590f8c9ebcdcc24f33317eeca62506f76dfb09495210f33317f11c6247
3f5799ddafcf9bf32112c92510d4b12d4de16f4566459361a22571a2a2b802a03dc345b3ce50d868895c68a8ae353785bd1dd91621868895c7508add3eaf33bb63bf37d24225924a63a9611a9bc2de8eec8b12c3444ae387456f36a6f0b7a0a322d1b0d112b8d1515c390896492676a5930d112b8ea115ba
1061430f9ef18ca03b212dc17653d239502a8592f5bb93a13e805fe392433e540aa161a56ef1e84fa017e8649120ec84b703c94f5284fa018054490908a0dd67d06bc382f427d00bd3324932a0550b2a0b7713427d00c00924853ca81542c76addd3d09f402fd0c92201d9096e0bb29e9109f40300ea9211
2cd8b60e4cb867e295f5c6a94d31aa35da89bb16ecabb2cf45a0242c15cc1d76a26ec4b32af0b3d168090b05732a57d71aa324c6b33d16809134572e2c913e87b612c62259e8b4046482ba2bb5137631f957519e8b40489a2b973aed44dd896655e167a2d012160ae614afae354a698d527a2d0122aaae5b
24d67ab7d9bc46c068efb0dc00172a3d245bbc67289d529fcf6980051d5c3f4916ef16b22760a7f3da6001475721a3bec36df05cb27f3da60098756e21ce9e27358fe2f253f9ed2fdfa3ac3a48b778d2713a913f9ed3004c3ab73e922dde31844eb14fe7b4c0028eae03477d86e000b950fe7b4c0172eadb
1cef8c3b10b9c520c5fa69a5f2653f03b0f111d094fda2efbd64db25589820ec3c4472153f70bbef5936c956261317e9a696c19503bef5936d19625e26ff460b197193905df7ac9b64ab130761e223a129fb41df7ac9b68cb12f01d87888e84a7ed177deb26d92ac4c262fd34d2d832a037deb26da74c4bb
3c4f877d9ad9a5630179201061aa822c076d490adca0601792010932a8142b01db5240a7282005e480424caa051c355824e5161ec05e480424caa0501580eda92053941202f240210555030e1aac12728b0f602f2402126550281603b6a4856e50300bc9008499540a045da94baa8f6530bc9008499540a0
1ca21f214caa97029aeb2c6f6d24693a807e17a4d7e531aeb2c6f96646861ea01f85e82df9526bacb1be3891a223c5b5ba68a02762bacb1be5db1a172f500fc2f206fcb135d658df1c48d111e2dadd345013b35d658df2cc8d0c3d403f0bd05bf2a0d759637cb3234314964d740cb2bd01759637cbf8342d
3b61ac2db2b7bd73d467d6c67a0ec01bc374501cbf17e1467d6c6b7eebf126f0dd14051fc603519f5b1aae3afd2cfb5a24a060518119f5b1ae3dafc313786e8a028fe303a8cfad8d361d7f167dad12503028c28cfad8d6fdd7e20de1ba280e5f8bf2a33eb6359e75f935447a13de668ed233eb635c7b5f86
3ef96a8291ca7e5277cc80af98a6cd274ccbb9ff97ac537cc80afbdc6cc739d332ee7ccdeb21df3202bee69b32169d5b45347f8191f3202bf037b3191ce999773e66f590ef99015f734d992b4eada2982fc0d2f99015f7fad98d33a665dcfdbbd633be64057dcd366433ad3f7241ce2273e64057e06f6632
3e2e7a4f32fa154234d8734dd4ff2c2b318162c87189d34d8734df5ff2b83acc6058af046280d361cd37d7fcae335bd92dfc255671361cd37e45cadd1d66302c5782314069b0e69bebfe5739adec96fc02ab429b0e69bf01e56f3598c0b16228c4f1a6c39a6faff95c204529741b5b8da26c39a6fc8b95ba
03c11ee79c91e4f2da095965f139ff16693d0515bb0c31a0959661e99fe5159a4f414466c3136825659848e7fa1bb76b3031c83e6282565987e87f932acd27a0a0236191b412b2cc2473fd0ddbb59818e41f33412b2cc3d33fca2b349e8288cd8622d04acb30d3cff31c211095c1ca910104acb31012ff25
32735f544f0050d0f74ddbda699ada36d76942601695b374ddbda75fad9d1db5da5096fda573dd376f69a66b682199e7adc3d9c381d376f69e44b6712edaed28496ed2c1ee9bb7b4d335b410ccf3d6e1ece1c2e9bb7b4f015b393b6bb4a12dfb4ae3ba6eded38ed6cf3628ed5c482118d3a6eded3c896ce2
3a504a03fe6d3d4211359996a4a3483df5aad0fd1186e11359996c5a34782f7d6ab43d3461c044d6665b168d1e0bbf084353627da04d6665b1aad1df17beb55a1e9a30e0226b332d8b468f05df8421a9b13ed226b332d8b468f01efad5687e88c37089acccb62d1a3c0b8b1784c241d3a09acccb6355a3be
38f877802c600313877800f8c63efd0f87780110c03ea077800f839feff223e1de005ae00f121de003e3defbf13e1de003e000fc01de003e021fc01831f0ef003be007130ef001f1ce7df91f0ef00200807dc0ef001f031fe00407c3bc0098e01f103bc007c3dff7f13c3bc007c421f7f3bc007c022f8048
000000000000000000000000000000000000000000000000000000000000000000000000000000000000000000000000000000000000000000000000000000000000000000000000000000000000000000000000000000000000000000000000000000000000000000000000000000000000000000000000
1b5738db72af8982f00286627c4c0718407819766fa3e30028662a9ac0652d5ce36dcede25f3c00a198a75301a1bc00a1988e9302000a198ab31019136ae71b6e55f1301e0050cc53a980d3080f032ecdf47c20050cc557780c90c203c0cbb37d1f3801433152c60333780143311d2604001433156620322
1ca846a48938ff1107f5799dca3afa27b77fe67db8e3507f5799ddabaf9c32a11a922903fc301fd5e6776aebe7241fd5e67518ebf1fd5e6776aebe7039508d491271fe220feaf33b9475f40f6effccff91c690feaf33bb575f3833dbbff33ccc71b03fabcceed5d7ce083fabccee51d7d3fabcceed5d7ce0
2b33935233cbbfd0d9061430ec031928e9da6fe5d9ae019061430f86318d0a3a769bf9766b83641850c3b00c6433641850c0980c7241850c3e5ac633166726a46bb77f91b20c2861d8063239b20c285e3c064320c2861f0c631a1474ed37f2ecd702c830a187a218c726c830a1855018d0830a187cf78c65
10cecb7987cc19420acd8b60c347873c9ae455d0204c60acd8b60e4478682f26b91571f813202b362d83911e1a182b362d82051e22b362d83911e1a0219d96f30f983280159b16c1c88f0d0c159b16c1028f1159b16c1c88f0d01e4d722ae8102630566c5b07223c3430566c5b040a3c4166c5b07265c33f
191efa5c959c4822524d67ab5773c52241790be985c91124d67ab7c93c4738905e42f749725149359eade1cf123949359eaa45cf209359eadf66f11b323df4b92b389040a49acf56f0e7891ca49acf5522e79249acf56f92788e3120bc85f2b2e492926b3d5bc39e2432926b3d58ab9e3126b3d5becde236
1adda5d7aedccdd2b9cef8c3842f9d3829b82e44af2b039cef8c3ad6f9c60e0a6e0b912bcac2e73be30e94be723ae73be30af8be8273be30ec21e71535bb4baf5db99ba1739df1874a5f391d739df1857c5f4339df1875eff38b1c14dc1722579581ce77c61d6b7ce335ce77c61a117cf0e77c61d885ce29
1594d3c473290021f7d0d560e2997821f7d0d55ed299837d0d560ff79779119000a6bf970293df435583cc65df07df4355838a65e1f4355840a45de128c800535dbb8153efa1aac1c532f003efa1aac1c532f2fa1aac20312ef13d4dc8b5d2cb5df3be86ab07dacbbd0fbe86ab0714cbc0a79a409f4eee3d
13c67c97f37abc108c20a43437038f048c20a433f50390c20a4343f438ee3d393e8c422634a2308290d0dc0e3c12308290cfd40e4308290d0fd0e3b81e9c9f4621131a51184148686e071e0918414867ea072184148687e871dc02050462ab441b80610521a1fa1c77246105219fa81c82e1003a1358ee54
33e37b60e0720c022f2089751977823a2f2089717d7792f2089753a778180d5378f3a2b0c910bc8225d4e9de0628bc8225d255de13c8225d4f21e05e26a9bc79cf4864905e4112ea74ef03345e4112e71aef11e4112ea790f02f13b8cba26564d49179044ba9d3bc0c1179044ba8cbbc1145211748601f78
28be55420bf58782171f20f8a49be23a171f20f5089bf171f20f8c59be180e8734dba5fd73305c7c83e3166f86285c7c83e0826f91c7c83e31a8f85f27439a6dd0eeb9a02e3e41f18b37c3342e3e41ee3137d2e3e41f18b37c303cfa6afd3f8d3a00b8f907c62cdf0c10b8f907c524df13f6b90ae0dee2b3
19567bfd3b2c8780fe85057d14ebf820fe85057b04ec03e85057d214bf7d2c17c10bc72ca653fa1415f453afe003fa1415f453afe3a1415f4918fdf1360be085e1865331fd0a0afa29d7f001fd0a0afa29d7f3d0a0afa46b7ef91f1da85c6a360a43f4282be8e95fbf07f4282be8a75fc2db5a30146309ee
0fb22cf6e54f21f0644fe3611a19f430644fe35e021a0244fe3611e39f3f0eb777811f9210c1913f8d846867d001913f8d846867d113f8d848127cfa075bbbc08fc90860c89fc6c23433e820c89fc6c02433f089fc6c24093e7d3d82edbc3f31ce13227f1b08d0cfa003227f1b08d0cfa0731553e6089b38
2c89a51eddf39773be9662049e62dc13be9662039662e3e966204d822db2293dc88b693e6612fa5988133f8b6d0efa598812798b73a5988136ceb6c5349ee445b28f33137d2cc4097ec5b7277d2cc4072cc5c3d2cc409b465b63384dc9ae769f7371f4b31026c116d91df4b31024f316e27a82e279e646a6
047292edb283d160348391177b02d000348391177b02d348391177b02d00315719e55cd0f690d20e445dec0b4000d20e445dec0b4120e445df86b3fd38ab8cf2ac587b506907222ef605a0006907222ef605a2907222efa259ff1b1bac8096ca3ad1a41c88bbd8168001a41c88bbd816818298fba0c53580
0f7ff8f894600e93ff8f877b5af7eb37ff8f878460f753f8f87781dd7ff13dffe3e1ee803d43fe3e1de1d1dff11ffe3e1e1de3de93e3e1de020c00011efff1f107c01e23ff1f0ef2d7efed2fff1f0f0ce1ef13f1f0ef01ecfff93bffc7c3c0207b73fc7c3bc1d5bff13ffc7c3bf9c7bea3c7c3bc024a0011
000000000000000000000000000000000000000000000000000000000000000000000000000000000000000000000000000000000000000000000000000000000000000000000000000000000000000000000000000000000000000000000000000000000000000000000000000000000000000000000000
2fa6ddf13a238f036d55f6fe9af21f3e83bd4a0c52aa93bef81cdb7369813e9b77c4f0ce3be1b557dbfb31c8793a0ef5283daaaa12a7c30ea944500c1f4dbbe278671df2daabedfd77e43d3d077a941cc555137df039b728d30137f5193d90c718636aafb7f66390f2341dea507f7554114f861d52caa017
10511a0e3d1c7120122a00f9230e6a00fbc2ade78d5600390762a3c69f0a01446838f891c47048a803e48c39a803ef0ab79e355801383aef5679d21520a2341c7a38e240245401f2461cd401f7855bcf1aac00720ec5478d3e1407caa6be6718e7b0915007c918735007de156f3c6ab0027075deacf3a42a
05781d6e97b8cf1175ec26321e8acf20768d16bf0015c25f6353b22437d434202707e86e3121d7b098c8bc2b3b01da345b044056e2795837db23f4970af03add2f719e22ebd84c643d159e00ed1a2d82202b733cac1bed70fa4c103b468b5f800ae12fb1a9d9121bea2baf61318ee45682218b729a3b0aaf
37511f5c4b2871b32b80b1bfa67e6e1e57ae6752126451e438d191b9ccaf0446a270256c3080ae02c6ff5ff9b5395eb99d4c699131ecdd93aa7b71882ea23eb89a70e3525701637f8efcdb3caf5ccea424c8a0f66ec9d53db8c42f2bd733a6f93232f21c68c8bbe658195c058dfd33f3739478d15fb00924
19f94c8a28d6191296e4a0bbba21c5339643b029b096e26da91b2f44915500e30d29cfadf9f25b9282ef6c87120e590ec0b3225b50bad983ad97300133f2991451ac32212dc94177b64389272c876057812db25d6cc1d6aa980119cb21d814d84b7336d48d978148ab34b72505dbc10e31baf55d507539ea
292be6a9e2c8a673aeae7741bad6110c8280c1acfcf033beb9be8b0f7b1f066fe95a1a57a482bab9dd07b15841320a0306b3f3c0c09eecaccc03ada31257cd53c9b14cd35d5cee83b7ac211905018359f9e0624f765665e0d6d226414060d46e7823df5cdf4566bd903d7573ba0bc6b0900efe56b45639c0
09e31b92fb89b452f7c06b33ee20a2179816ea779a5662f1365c781ae3d725e605ba9bd695a17e7461861462bd2bdf01accda88291f6bb8702c98ac329158e89babbffb02162eb89f83cac0c120c82d5b4f621e26cb8f077c7ad0bcc0b753bcd2b323db932ee6492fe17be03599f710510aca69e23994801
369a3933190ea2e1aa0ff8ba50520e199423437362262311dffe9ab1fd1b266508d0dac889912ac6b024f15f8726a83fe2e7314840e6c2e26602d77e09127c7e3b51bb93f362d96f158731293418073f761af223bffd35a5fa350cca11a1b9b1131184df40566d98290d507fc5d28290729e33e4bf7ad5e1
071252ba8e7e7342965d2dccf898cd01991d6e7990d4f3701c4885cf67d61066475b9d5c35426b7f1b6394ba1b3a5974b730ca6343f51fbf2e7398d20aedba5dbe4afb236168f8b0a32b161fe7510b88021222e038910be0cfab20cc8eb73ab86a832221da1d91157834b2e96e65b4c6719f1bdb07039060
3319efe88114886395a532c05c238a1115530ce5a8828017b4553aacdf2d044554c3396a20a138f837f399f8262e5694caff608e326f650dc9485d240c18ca87fcf7c7413bde1e5fd1278201216a8be202fe002f68aa7559be5a088aa98672d441420ac7e169a6fe571cad299602e11c5145f2aa105fac3c
2853bff8c5e0f6c1b82bb4e3f8abfa2001cf5af9b393432a607c047942e2080073d6be6ce4d10bf7068f7b746126e0aed38dd2aff298ee3733d42b18119cbcc5792247c15fc3b0e95c7786210cda43e0d52d5254c0f8093485c31000e7ad7cd9c9a27f169b9d07dab50dc15da71fc55fd0cab3dfe9d9643c
3ff8f53314892321e29cafa573d5f52f6da478c2b909a013795fd1d139582bdb691e2e9e427254f657f3c6a501378a72be92b757e21936e23092ebe61c4eadf2c0952021908ac23477b26f022632c2f4b1aad026f2bfa3a272b017b6d23c615c84d25ec90c91eba8bd2f14e57d298eafb27d9167b7097910
37f87c0a7ebb1a23c182857769e0ef3f8a98aa632c13022e70231bdd71390fe2a62a98cb04c296b8ecb890eaed1f060a15dc9f83c01a7da47584e1cf0177added3fc1792e3c222f4a0deca09095fd475e657105ce04637fce2711fc54c5531960981fe1ff9655cfcbc3e0c142bb93f0783644d28f6ce9cbc
24b657625f8f79c027e271a20a6c01277d48f8a5b17a7228d10a39c8c8fb19df523e28645ea102a7d03fa67ecd309f89c68511b012716213c5cd288306b8977f3cbc02921de2ce223adc9b3218b3436902ab5051a21473d391f533bea47c50c8bd42c47f309d953014213f138d0e4360102394976d941e8b
0087cf8015d877107cf7ff900b77fe087cf7ff8f877803cf7ff8f8b97fff021f3dfff461ddc1f3dffe402ddff821f3dffe3e1de0033dffe3e3ac0029010f9f000ab0eea0f9efff2016effc10f9efff1f0ef0039efff1f1b5000d043e7bffc7c3bc03e7bffc7c3bc00003e7bffc805bbff27bffc7c58a0069
000000000000000000000000000000000000000000000000000000000000000000000000000000000000000000000000000000000000000000000000000000000000000000000000000000000000000000000000000000000000000000000000000000000000000000000000000000000000000000000000
0a6c6a7067eec41042fa6ddf0f82391c42fa6ddd4182402fa6ddf13a238f29b1a9c19fbb10410be9b77c3e08e4310be9b7792608f0be9b77c4e88e3c14d8d4e0cfdd882085f4dbbe1f04723885f4dbba8304805f4dbbe274471e0e217d36eea0c12217d36ef87c11c82217d36ef66c11d17d36ef89d11c78
3593558787d0bb93b90511a0a675c823b905119e9675d390511a0e035c72164d561e2ba2ee12e41446835fd71d0ee414468299d72241446838d371c52b26ab0f13c17713720a23418eeb8f07720a23414ceb9320a2341c48b8e331dc8288cd3b3af1c8288d0701ae391dc8288d0533ae408288d071e8e389
0b8c0026decf78f1bec7a426bb623431bec7a423a36243ec7a426d42233a0c6fb1e908e8d892fb1e909b2f88cf06fb1e909aed88d3b1e909b5ce8ce51718004dbd9ef1e37d8f484d76c468237d8f484b66c473d8f484dac6467318df63d211d1b121f63d2136a1119d0df63d2135db11a363d2136bdf19c9
28a58c511357ab6261590d0a765d372661590d08245d421590d0a9b7d36709985643420917518564342a5d74da1985643428d174e0564342a7634d9a114b18a22acf56b0c2b21a152eba6d0cc2b21a1468ba702b21a153b1a6cd1330ac8684122ea30ac86854bae9b4330ac86851a2e9c0ac86854ec69b34
1d30c4f94fee8e4303bb99b3993ab33703bb99b03f3ac03bb99b3cabab240dc0eee66c0fceb00eee66cf2aeac91c0eee66cd5cead0eee66cf2aeac903a6189f29fdd1c82077733677475652e077733649e7570777336795756481b81ddccd81f9d601ddccd9e55d592381ddccd9ab9d5a1ddccd9e55d5920
2e9f2e7d1d694cb0f4229c1aa0f5e430f4229c1788f5f34229c1aad55e3d1c3d08a704da3d83d08a706a83d79003d08a706a83d79108a706ac1b78f11d3e5cfa3ef29951e845383541ebc821e845383331ebd284538355ecbc79387a114e09b47b03a114e0d549af1f07a114e0d507af22114e0d5836f1e2
03ba256e1cf388e30e1c90d938fb013f0e1c90d55afb10e1c90d96a7b0043fc38724323ebed038724365a9ec013c38724361cbec138724365a9ec0103fe1c392170f5f721c3921b2b3f6013e1c3921aed5f611c3921b2d4f60083f870e48689d7d9070e486cb53d8023870e486c7b7d8124f18dc97bb4da3
1f19346425d71320250affd3166b3820250affd1066b4250affd3166b380080942bff4419ad0942bff4c59ace000942bff4c59ace142bff4c61ecdfe2404a15ff810cd704a15ffa62cd670004a15ffa62cd670a15ffa630f66ff1012857fe88335a12857fe98b359c0012857fe98b359c1b4d1c998c87517
26ca3e50d6a0416143dadde4e778a52d43dadde21178b03dadde4fc18a4b1b50f6b7777c5e310f6b7793dfe293350f6b779085e2a0f6b7793f06292c2da87b5bb9ae2f2287b5bbc9cef14a1a87b5bbc842f1507b5bbc9f83149636a1ed6eeef8bc621ed6ef27bfc5262a1ed6ef252bc530389295d473f39a
116d2cdc906121f243fff01b5e0b2d0e43fff01a980b303fff01b832b2c71390fffc059e02d10fffc06dfc2cb2390fffc06a602cc0fffc06e0cacb1c29c87ffe00bf017087ffe036fe16591c87ffe0353016607ffe037065658e2721fff80b3c05a21fff80dbf85964321fff80d8e0597198cf7f4408a443
25289acbacd362d1e9b6eae270c82c11e9b6eae168c8329b6eae28da82b9147a6dbab7523213a6dbab8a0520af07a6dbab89c320b26dbab8a3ee0ae22a3d36dd59991913d36dd5c4e1905823d36dd5c2d1906136dd5c51f7057128f4db756ea464234db757144c415d0f4db75713864161429dffc62f07b6
2e489c7fd2b9af211895d699cb03d52d1895d696f503e1895d699db83d4c2b462575a3ad410062575a676e0f533462575a64140f622575a67722f52f15a312bad1d6a082312bad339607aa1a312bad320a07b312bad33b707a98168c4aeb4b7a81f0c4aeb4cedc1ea628c4aeb4cc481eb1ffc7a998a44919
233fda3da20c120091de2b80b6b1643091de2b7d9eb1711de2b80bef163e1c24778ade5fac624778ae02dac590024778ae02dac590778ae02ffe58f70e123bc56f2fd63123bc57016d62c82123bc56ff5d62d23bc57017de2c7c3848ef15bcbf58c08ef15c05f78b1f048ef15c05b58b21bfc3e053f5d8d1
2e3f291c339cdf4160cd0655d2b8933560cd065278b8a20cd0655e75892b2d583341928e2e31833419578ce24b158334195642e2503341957a5a24aa36ac19a0c7371722c19a0caba571262ac19a0ca911713019a0cabd2d12551ab06683293c5c53066832af19c4962b066832ac85c4a125b2bb12fc7bce
3fffc087d39ff7f3fc087cf9cd8f713ffc087d14df8e93c087cf81c6f8693fff021f5adfe293f021f3e1cc3e093ff021f3fcde3d13021f3e01b1e1d13fff810fab5ff0d3f810f9f1cd1ef93ff810fa0cdf1e13810f9f01bff0e13ffe043e98dfc693e043e7c1ca7c293fe043e7dcdc7b12043e7c0195c3b1
000000000000000000000000000000000000000000000000000000000000000000000000000000000000000000000000000000000000000000000000000000000000000000000000000000000000000000000000000000000000000000000000000000000000000000000000000000000000000000000000
0b96f290c367aaf085905f53ec6734396f290c3ebaaee05905f53f4a733e2e5bca430d9eabc216417d4fb19cd025bca431074abb516417d4fd29ccf8172de52186cf55e10b20bea7d8ce6832de521881955db0b20bea7e94e67c1cb794861f5d57702c82fa9fa5399f0b79486212b57692c82fa9fa5399f0
3468cd6ef8704d23766f9cab5118c5068cd6efbca4d13366f9cab86b8c4311a335bbee213451d9be72ae0a63111a335bbef29344c19be72ae274310928d19addf5009a32ecdf3956e431890d19addf7949a262cdf3957119188523466b77dc4268a3b37ce55c14c6223466b77de526898337ce55c4e86212
2745455bf9662a11729bb4d70fd7ed0d5230c0d3383670498550e6a995611d15156fedd8a823ae69e8351a0f0113887450da8bce930a1058733f04d20e8a8ab7f6ec5412e53769ae1fafda1aa46181a6706ce0930aa1cd532ac23a2a2adfdbb150435cd3d06a761e013f15f0262a93f4739471292e17cf18
0f090ae273c5059159b8ba366534f71250fcd9bf2563f17819ce499b3a9b3c242b89cf141643d70538c85b7a7b30461865e8fff9b05089891575910a1e1215c4e78a0b22b371746cca69ee24a1f9b37e4ac7e2f0339c9336753638485713a2482c73ae0a7190f8f4f539ed9e7875df22323729ecf4e71502
36157f6ebd3f1990ba791e18e517133f97a839829c8d53cb03b6afef85f21855fdbb015c661079c2287617b5a8175c7be73f07cad0bbec8ad30771212c2afedd7e9e331174f23c31ca2e263f2f507309591a9396076d60210be330abfb7602b8cc20f38450ec2f6b5016b3f04a08933e13f7889d5e751cca
2d35b0544d4426f211328ad7c6dbfc3a5d2a43d96cd893f35eaa0d33a91634d6c1513d509ba260cf1687ccc09d0b34f7c1f9086cf1e97f935e03f5031a6b60a89ea84dd0226515afcfb7f734ba5487b6f9b113e6bd541aa9522b29ad82a27ec13730c19e2d0fdb81393d0881d74e31aad23ce84bf20bf714
2d2102528c15b93212e2f3e9e3e96929f6172ca741e1d0aaa4869b6668723484094a3896e4a3593ae663faaf570b34a81b7cb8f940e056d0fb10b8ea1a4204a51c4b7253ac9d7331dc57ac2f77c8614d6bc7d30e02adb679512834fb0b965190f0f05552434db334393097179f4d0f4b501dd12b70e79c47
3ac8f1562c6939b26a59e1473a94a206a4d961731876b2810b498f3d93fe2b23c558be04e69263ae9812b8a76d25e023e00b7e7962b8f90be16c19e03591e2ac5cf2735331d74c093b53b73d1019da35c1c5f3fe7d0493b6358423526cb0b77c3b614085a4c79ec9ff1352cf0a39d4a510f8c9a3212eb899
39791380bb0ae7805bbe763827c9720e2cc3a1219a4ed0e821f7ebedd5a125e44e02f88b9dd17179b021eadb5504e60cfb509d849063b7c71c5a9b1932f227017a35cef2b8bcd810d46dab1fb86fcdb6a1e1d20632788f127f85271661d08ebd27727410fbf5d5ead102ddf3b1c13e4b913651f286b5020b
2f94f81680e6747328d45d46ce8d0c06349337f18584e201d91f9ef579ee3e53e05a0bd9d1a181163db7ffcbdf3cad50d21d510a724514bda1cd97251f29f02d05ece8d2c08b1edbdee5f034608842ac55ce5283285c6ac1a024031a499bf8c2c27100ec8fcf7abcf71946a2ea367468628b6966e4620910
2b69b5d115728e50d3b45372924ea629b64b41be4aa6020f0aa2c3d3abcf2da6d7445e0a39234c51768a0585073fd7be2b5a4adbd1cc139d5560b37916d36ba22f051c93a628bb44e1c284124f5c3b933998900c41a109119c6714db25a0df25530307855161c8d5e8069da29b949275332944d65d459b17
35c153360c687413901c49ab0bf3112579a7cbb47b68c18d314f887e87bc17054cd83e01d01162ac5e11fe348b0e3671c9ab20f601b9c267cf4b54212b82a66c1cf0e812b1562f08de1a4620ba3f812a3a7c2076d19dad114a2212bcd3e5da3db460c698a7c43f43de3c80e24d564f98917244e3fe95cd79
2209c4660d25e932d3233f6c1c162b068682627439b621b5beaecc9790af082711983cd7a4a03edde6f6154ef1086370b1df670501bb912db3884583041388cc1e6bd2521f6ef37ae9a7790aab5d8f681ced534562ea4129b96f034341313a1cdb12dadf57662ac858369919fb5ed0b16119fed1ed106090
1efe334dc793e5f3773c2abe72d3bd17fd42d8cd180f53985576d45cf1d03bf8cd37226f97b122a998064efa0601a634500e4f28107c686a1f96b5eb3dfc669b8f27cbe09154cc03277d03270a2bc7dc8dc0d2a1a54f0d21bdc22bfea16c647c07b1cc2abb6a2e78e83bb9e155f1869df171f948e19ce6fa
3ffc7fffdd67ce93c7fffc0a4af7f13fc7fffc255cf7107fffc0899d7ff13ff1ffff1eff3d131ffff023c1dff13f1ffff03ed3df11ffff022045ffdc3ff8ffff9def9e138ffff812c7eff13f8ffff82dd9ef10ffff81112affea3fe3fffe211e7b123fffe045b5bff13e3fffe060c7bf13fffe043e7bffc0
000000000000000000000000000000000000000000000000000000000000000000000000000000000000000000000000000000000000000000000000000000000000000000000000000000000000000000000000000000000000000000000000000000000000000000000000000000000000000000000000
0f697e226b0b1ff17aaabf2e50c6491d7aaabf2c82c652c11345f7ec1ced3da5f889ac2c7fc1eaaafcb985192335eaaafcb62b1933044d17e03473b21ed2fc44d6163fe2f5557e5ca18c923af5557e59058ca182268bf01a39d9360a1ac70783a023d555f9730a32462bd555f9707632525cb79485fa3d58
309a81dd4cb4a032c5553cd169393822c5553ccf5939413eec7a07d3db0b026a07753f3280931554f34628e4de0b1554f345a4e4e0fbb1e81f916c2b213503ba9d8940518aaa79a314726f058aaa79a2d272727dd8f40fa7b6160a15e536f45a5ff22aa9e68c93c9bb162aa9e68b49c9c1a3466b77c38269
05571515bdccc74031cb535bdbc23d3e7a259afa50f5f16e468025b65a57339c05a480be11e3e6e8ad91e1bbb63ed1fc9c5c011bc39d15156fb418a90aae2a2b7b998e81f37456c8f0dddb15f22637107781d2dc8d004b6cb4ae3f3d12cd7b187b014e21d36b9f3cdf1f6447eb329742933a2a2adfaa3151
01ab2db5a366cc933a490dc9e17daa297e4aaf2374ce91330076e6b5bb5e2daedbd575e59c41212e0d76d8980a2525a2c22a6fb1b33c242b899d941703565b6b46cd9920909706bb6c4c0534bce410bd5ea8426600edcd6b76bc34bf25578faa6753d872f5b7ad2302234920856c94f962784857137d282d
1bea2eff65174df0d44e9368a1d79c32904cf213b286b2921e1369ff88c308a696fec0b2cd7319307751eabd130b14bbc2a5cda343d855fdbac37c6737d45dfeca2e9be38c983ba8d45e8a03604b31a8b00261243c26d44111853948267907c94360b210765cbfb4ac3d2b9c842365b0c3b0abfb75c8f8cd
322ba7cead569e714136a3727ee76236f8dc5bd6dfb3b2e634758a0c4ffc2a6eeded448f8481e51f2da578eace16fa0b3ee0818aa1b4d6c15124909c24574f9d5ecd3cd0f28f96d2bc756714f3ddb68dc9d181cc68eb145a9ff73b7c6e2de95fd9e234278080f5e2aa0c33c7cb3e2e0a5369ad82a2492138
342590131968fe710f589a07ad1af729db12b540dd6d23a9b53ca34c334d277a066cd7169161e65c9031d7266f2616062f241d6f31b484094a1fd6e53d9a7789fa9a93e1cd99c7a2f3457d36d446bc9f5a90d2da4204a4eeeb730ef40cd9b24d22b3d4da9e518519a71591a88467378423690812943fadca
14bd653e9a6994e024956fb833880326d1475771db21a04c372c98d5b400367199560b8a2ce2d82bcfd86b8e1314ffb2f4caab9031eb23c558a124e70558d49539e79fa0df84a1d214da631796bd2e8f247482f591e2ac2f92742ce332ac1b3459b0261b964c6ada0024edef22cee81953d6478ab14249ce
3354cfeb1c788d51aaefac9458b2240cb821411e06691338d91db0369d850c5a96dda0181f53cd23fe384db622198a576156a68030e5e44e02ec2b9e2372b4bede5f2f32ba489e4cc99fa63cbb2c53a30c69f072f227017615cf18b52dbb40303ea39c6c8ed7fa4ec329e06a4230b73261cbc89c05d8573c
28be72612c9fcbd03c3fb39304cc2e113205e57b5747d03823c5ef7ce08802afdf3f68a20a21781ca7568899af0dc8b4f6a835eab1be53e059f319d23761cf794fee4e33e53b1f1dfe3b7d036d4758e41c9690df29f02cf98ce9055fbe7ed14414401c11e2f7be704411d7fe3f91ef8b437ca7c0b3e633a4
25a7026f9db73540b9a4388d8a30b9088b9b824125b161ec09aba1097ff333bf891a85753433d00ec79134ec0e0007f8332dcd0b43ada6d744244a3a0c4341b328cec4c20edf2bf6fc2616300dfb7694dd5bf1d6d36ba212251d277f12350f0a6852f604d5d063bffa094434e6d82fe4a35b4dae888a9473
2ef074aa21e8a6c17c5b69ae94f9c629a76c597eeb46922d32855cad6e62013d4c8909344c937532fef1d594dd1919b77e5a112d23d7054cd80021d13a3dace0d73427738bfb1b64f3506e3003eee196d6f573eb82a66bdf10e9027a991212689921169942ae56b7313becdaaa729ea483ae0a99b04243a1
32f4cfe39b56bf900b5459d67263bf3aaaa0d55a5d4f0325758a149fc85821ed60b52573ef5079740e05f9bdac1e54ada04e308bb1882711982417a5377055910913628067c020194bb7f12b61132b118c6cc2c41388cbf10bd303dac16a4f07de9192bac50a4fe42c3343bf1a818471b3104e2330482f4a
28adb48f82f97891a6c14a04964acb378f08cb7c4b73e18d8ff80ac3892110e080735833a6e24a4be5da0ea668322da7f2224bbb117bf8cd370dcf980ea751d983900032b728d1a77ecb3b0bfff044e3373130bdfc669b86e7cc21c100e6b0674dc2c6c7fc0540c491296cc6ab0f267d42f7f19a6e1b9f30
3fe7fffc841fbff27fffc801ca08713e7fffc81cdc0793fffc80000287bf3f9ffff21cdf0191ffff20017c21ea39ffff201cd02113fff20000d01f293fcffff90c5f80d0ffff9001c610f13cffff901cd81013fff90000470f8d3f3fffe41cde0393fffe4000e843dc33fffe401cc04313ffe3ffffd23e69
000000000000000000000000000000000000000000000000000000000000000000000000000000000000000000000000000000000000000000000000000000000000000000000000000000000000000000000000000000000000000000000000000000000000000000000000000000000000000000000000
07f3f04c49d852833f04c4a58327e13f3f04c4a1a527f04f697e2266eb201fcfc13127614a0328e1b8b9bc10463cfc131292f49f913da5f8899bac800fe7e09893b0a5019470dc5cde08233e7e0989476a4fd09ed2fc44cdd6403f9f82624ec2940251c37173ba208b39f826252a093f127b4bf113375900
37ebcfb7b2076d92bcfb7b59f4d8213ebcfb7b5616d833709a81dd1714a11faf3eded47db610c71f47456defad3af3eded64bb6091c26a07752252812fd79f6f682edb12638fa3a295f7d73d79f6f6b04db052e13503ba7029413f5e7dbda8fb6c218e3e8e8adbdf5a35e7dbdacd96c11384d40eea44a502
24b7e505ef10f7227da1fd9266117b0b7e505f162f7172de54f016a4025e12df9417c483dc61f687f64a1c45ea1b0b914e1dabada37953c05b140976096fca0be241ee30fb43fb250e22f516fca0be2c5ee2e1bca9e02d8a04bb25bf282f8907b8c16f2a780b52012f3617229c3b575b42f2a780b66a12eb
21c741201c0ed8f2b7f65c9c8817ab1c741201e1ed8e81236b7c68053bd8071d0480787b63a2dfd97272a45eaa36246d66e043d8b08dadf1a056ef5f038e82403c3db1d16fecb939522f5538e82403c3db1d0246d6f8d00a77b00e3a0900f0f6c74091b5be34029dec2c48dacdc4a7b1511b5be340addebe
02db3ca4a29ccfc36fe5ef739472d02db3ca4a29ccfc03fa29e04ca042440b6cf2928a733f01bf97bdcf17cb3d327b03c95b065163e8a7813347090d05b6794945399f82dfcbdee76ae59f1b67949457b9f7f3f453c09982848716d9e52514e67e01fd14f02650212224f60792ba2ca2b3d14f0266d01219
36e3324d639ce05333d337f69164242e3324d66f6e0431992dcccd7081091b8cc9359ad38110cf4cdfdb0b908d0bba4388052a28f264b733360404232dc6649acb59c09267a66fed64c8471c6649ace2fc0853325b999ae102123719926b35a70222cc96e666974085177487100a5451e0c96e666c4a0845
37347db6443f74602ba3ca482a69ad328a0cd1e73972608c0b8216cdcf4e1cd1f6d91d5dd1522302e0859273d41b332c19c0b32e22302e085b373d382e68fb6c8c9ee8b3196f1a21490d432e1870aac856cca11817042d9b9e9c0596e6b41b1eca504605c10b66e7a700de43b4574617e3a12c8098aa47f4
322f2e88dd6e4d114b896a19627c093d8ac46b547679722ed3293ce80e7208bcba23821934128bb4ca4f19039d381ba6cca46eba90bb4ca4f42439c6245e5d11befc9a12a6ee27f0069ec3321f0f92d9d92c905da6527a121ce31e8456463b84d6711769949e740739344b0f243f521110a5eb29f4d34ca7
3a24a545ed31090318eb2a391707432ba36938eab0354029f05b8053a46528929517c12423d30a7c16dfe3691a1264c82091166650a7c16e014e919434494a8bde8211f0ea245243244efe1f80c87d79a4da4053e0b700a748ca2c72effa1fee337214f82dc008d2330278f4e4979e93039aa67f58c2c46b
2e264bb7359fc800b08770e401e78e2f6c1669aac8e5f275a38430b91e0b38992edcdebf1fe19d68e10c1dc783295294629e0a1e61d68e10c368782a1c4c976e6f5f8ff02adb6f6e6903fe2a6bba1fd2971300eb470861b43c1537a4e6a19a6d5f033ad1c2183b8f062fc1cb98985d38b345f3930943fe5f
34377e2095f23a822a5bf023ea6d4a19560486751e406098c1f09fd358f710ddf8826428e9d126307c27e4563e2f3694ef2abf20a26307c27f4d63dc286efc41300474f0e2f72bb57e70141c993951ae23dfa13183e13fa6b1ee1b49681ce742b4724c60f84fc8ac7c0c54f0a7068f1b012d38137cedb9aa
331be50a9bb678b3033633cae6ee393081397f80ba30c2f854e914acdcd00c6f942a7b39e290be153a452b373413ae80526dffd753e153a45337733e2637ca153b8cf152a62a42d928665b0e493a84a23c97b1f0a9d2299bb99f3d91628a508dd9717c2a748a566e6813a7b742ebfac5c17783a5510f4536
3ad4fbbd514ca2e262f4af7db5e095365cfadbdd7ccce358df0be4e691e42b53eef551928b50d637c2f939a479220298beeed1b821637c2f9460478d35a9f77aa6b945b15e023229975019002fb16a4920b9d2b1be17ca0f23c7099cfbeb67b2a861ac6f85f27348f203e940711e0726e397a67f1cb9b5fd
32a4190b52f717e2e02c6046feef131c58c9417db1bb42d0c7c28b8c932a0a90642d583c5f52b431f0a2c224cb2ad76ea2962ce1f3431f0a2eb64ca625483216aa0e2fb3a62561e834d9de3a2c7deab852e881a18f85175b2653092dcf58cbf597016863e145c6499532409c68c69b0123456da47bf6cbc5
07ec7fe80c5c7f52c7fe800195fff13ec7fe8003e7ff707fe7fffd45ffbd1fb1ffa03171fec31ffa0000abffea3b1ffa001bffff11ff9ffff517fef40fd8ffd018b8ff218ffd00015dfff13d8ffd000befff50ffcffffa8bff7a3f63ff4020e3ff023ff3ffff89ffdb363ff4001b1fff13ff3fffe60ffdf8
000000000000000000000000000000000000000000000000000000000000000000000000000000000000000000000000000000000000000000000000000000000000000000000000000000000000000000000000000000000000000000000000000000000000000000000000000000000000000000000000
1329a8d6bb493a729a8d6bc82ba6b4329a8d6bc513a6c207f3f04c28d8530ca6a35af144e9b0970455445e0b920a6a35af20ae9ad01fcfc13127614a265351ad769274e04b822aa22f05c925351ad78e474d700fe7e09893b0a5194d46b5e289d3612e08aa88bc172414d46b5e415d35a03f9f82624ec294
2cb65709009ac5a36570903790594e0b657090370c5951f7ebcfb795276e32d95c240aab166368f39abbdbf4612d95c240dc316543dfaf3ede969db7196cae1205558b33b479cd5dccfa3116cae1206e18b2a3efd79f6f2a4edc25b2b84819762cb2d1e73577f9e8c11b2b8481bc82ca73bf5e7dbd6f3b6d
0997623497f95a306a8ecfbf3643bb096b3d3142ffa3b3a4b7e505b550f8136fd8a424d350a1aa3b3efcd90eec12bf4496d0ec76a292df94179b43dd132ec4692ff2b460d51d9f7e6c877612d67a6285ff4763496fca0baca1ef26dfb14849a6a141d25bf282daa87c257e892da1d8ed4125bf282f7887b9
11e9e32c8e144bf1205ccf3bbbdb0102dc787482ad51d061c7412017eed90bfbb21190dece7081733cef316c030fc607315f22e601871d04805fbb6423d3c6591c2897e240b99e7777b60205b8f0e9055aa3a0c38e82402fddb217f7642321bd9ce230e3a08feaf76d1f8c0e62be45cc030e3a0900bf76c8
1866214688a324f3dfea625b0b33232223cebd1209bc5102db3ca4921cd01d445fbad23ef5337fa9896cf2cc89043b1594fbf952a00b6cf2928a733f30cc428d114649e3bfd4c4b658664504479d7a2833789205b679492439a03a88bf75a47dea60816d9e52490e6808762b29f7f2a54016d9e52514e67e
0bd89995e2474e82952dd7fabe47bc0d947f7675aae7c2f6e3324d363ce102501685c84f525254b75feb7d1eee093fae0815ddb753db8cc9355cf38217b1332bc48e9d012a5baff5be8f771b28feeceb55cf81edc6649aae79c104a02d0b909ea4a37b7199267a1e71127f5c102bbb6ea3b719926afbe703
0e87d60149713d528e565a01fa1cb02d267192362250c2b7347db61aff752ffc6a7798e6e723adcd1f6d553fde3ebcb3d66da75102dcd1f6d8effdd217fe353bcc737393ded439952a73481f5e59eb36d3a8816e68fb6c77fee9169338c91b1128635b9a3edaec7fbb2820d284e84ed461b9a3edb221fba3
3b2d20d63d1abc5267bf2a6e0d74070821dc22776f00a3f22f2e889f8e4e3f7fbba536843cb2fc8bcba206e3940dbc383da802b6e3c8bcba234439353fbfddd299321e60df59a8999e8ebe06de1c1ed4015b73e45e5d11811c9b0410ee113bb78051f91797444fc727137f0542df22068391797446ca7269
1bc0f15c26642f1219ee6ed581200d00ac4155844c3ba03a24a545ed31091b90ee1520b827f30e89295149cc431623dcb18e2982c0e8929517b4c4242dc8770a8e4c1402ec2adb7bb680930b11ee58c714c16074494a8bda6212005620aac2261dd21d1252a2d598851a2e3818ff62e7a1d1252a2f698848
1f27a823f134f8214c0f9d5c5d4faa3c4b3596c459a5e02e264bb7359fc82a36178ecfc844700b8992edcd67f203955f5c1b123340b8992edcd67f20351b0bc765d4224161ebc85f1fd43601caafae0d8919a05c4c976e6b3f901e259acb622cd2f0171325db9acfe40a71a17e1bd1915171325db9acfe40
179425f6aa28eda1441348fc0506de34a533d7b6058f6234377e2074f23b31c36f3629bc4af18d0ddf880cbc8f3f21f803635da8e0d0ddf88257c8ea38e1b79b12ce25831665dd6571a33d1f90fc01b1aed470686efc412be4751a5299ebdb02c7b31a1bbf1019791e3b82346e2f54a2c1a1bbf104af91d4
38439143e34f1710aae2a38a69b1d33a6860e6d6674ca1731be50a8716793376ce1092c7f8535cc6f94270459f1738fa9a6cd19611cc6f942a5e59e339bb67084753fc31f5832257ebed902b9c7d4d3458cb12e637ca150e2cf21d3430736b33a652b98df285228b3d00064f51c10ccd9398df2854bcb3c6
2cd0f015ae90f7d279140e7b37e8410865efdd83c10120bad4fbbd490ca33d66ade44f61ed812eb53eef41c3291774d1e88225f622eb53eef524328c1eb356f227b0f6c18a40f0249b5f710bba68f44112fb1175a9f77a9219460432f7eec1e080925d6a7dde838652055a21f662db0011d6a7ddea8a6517
3d39eed3266216033e4a25aef291523e4f1e7437fe2350b2a4190b4ab718221c8300702f0c702ca90642d2adc60c07b21d2631d862ca90642d2adc60310e4180360786406260ecb85e1e5b0603d90e9318ec3165483216956e303f278f3a19ef11b059520c85a55b8c1ef0e6756a77d1319520c85a97b8bf
3fe0c7ec9cc7ff120c7ec8004dffb93e0c7ec81b5fff10c7ec7fe7fffc783f831fb21c7fff1031fb1ffb8bff123831fb2016dffe931fb1ff9ffff1f83fc18fd91cafff1018fd8ffecdff813c18fd9019dfff118fd8ffcffff8f83f063f641c1fff1063f63ff507fe343063f64010dffd923f63ff4041e3f7
000000000c5fffd00000000000000000000000000000000000000000000000000000107fffc0000000000000000000000000000000000000000000000000000018bfffa000000000000000000000000000000000000000000000000000000000000000000000000000000000000000000000000000000000
1c2cefca596872502a7470d9be57f32cddaf0963121b125329a8d696293b3b376bc255ac86d0a9d1c366f95fcc10a9d1c365f15fd14ca6a35adca4ea3d9bb5e128c6437054e8e1b37cafe62854e8e1b0e8aff0a65351ad6e5275366ed784af790d9153a386cdf2bf982153a386cbe2bfa2994d46b5b949d4
23b3101591d74e01d5898f23fba84e11224ef696c9e501acb65708e7dac6044893bda5b2794356263c9030a1372756263c8ddea142b2d95c23e16b17022449ded2d93ca3ab131e47f7509c13ab131e46ef50a3596cae11cfb58c0891277b4b64f282ac4c7920a3426d0eac4c791fdd427165b2b84804d62d
0e903c46dd729f8329e85c0bbd9da13f29e85c07df9db299a2484cb38f5a20df836ed60b4f2378c66d4bc955003ca7a1702bde769137ae1e4fa11be41d20788dbae53f0253d0b817bd3b413e53d0b813df3b5133449099a91eb301bf06ddb0369e316f724f20fd34a3394f42e05bdced126f5c3c9f4237c8
2dea74ab2c6cbe8180dccf5634a23c1180dccf552ca240adab9d80f4ebb91fa4cb284476a29248b5934e5b62db0603733d58d288f2fbf0cbf91a88d01bd4e9565cf97cf301b99eac6944782301b99eaa5944815b573b01e9d7723f49965088ed4521bf684d4e80e51c0c06e67ab1a511e1f7e197f277119f
1a20bbeb64782770a3c53aaba71aa334a3c53aa84d1ab2fca466f1e80bb801e45d5a39dfccc249d294b95590a4128f14eaad946a93ad4f45d2dd54f6344177d6c8f04ee1478a75574e354629478a7554ba3551f948cde412176f03c8bab473bf998215bfb4eacc969f251e29d55b28d5235a9e8ba5fca9eb
292492e289a60fb2b17199f579f70336b17199f21ff711bbcdb37d80914f3c97530ea4549633f4a16aba1cfd901ac5c667d4dfdc101e11d0da3766c0124925c5176c1f5162e333eb35ee052d62e333e85fee13779b66fb01229e392ea61d4cc92c52bb45aec3fbdbb4358b8ccfa9bfb8203c23a1b46ecd80
06790e110871ffc3c55b2c2a15e07c25ba4821f0abaeb289dec4838d82c23164189b555dda30eda49251ba45df14e73b8e3bfab671854c3935ec2a2438b20c4da89eed207ebff3077df6480af27865080a90c0c2a61c9af615121962951093ff0e8144ef6241c6c1613dabfec36491ce62743eb00a2a89eb
0439cd3458b4d2d3e135ab1c17770223f5829821b3610125dd5217c4b780297163831a361eb220eb9e4f9cb5a814fb1334159229f1c428cd22b072b934b8b1c18b0b0f60718991f06977c8208ec5c6926ae442e214669137395d17f43dccfefb446092eea90be25bc028f8712c5709e8d3d96906b1c7d5e3
26eb22241c6f72102afe89518fd8501a0a24c11cff0bf01723c5c9253ae403850929ff28a3d3bc26cd6e22a04a3b4737dd2e2c91932561a16c83624d21c28494fd8451f142f9ad8a43ea9633f2005bc82fefe392b0d0b620b127103e56d47ae715a00b91e2e4929d720b098fdd59551b72de078ae1122179
18987911b3c72fa23ac5f422c6978f2d560dab3273aa00d556f4cc50aad42d4c3f0691b04073e78a5fc4de486524584446796303722ed34321aff19036a61f8346c820414fec2ecac9446f07ee9211c25385811769a190d7f8c82451e9bae5fccaf06aab7a6628556a1c13bfb29092b8b0f93d411f89a7c1
1ecb764a550cfb1201454ba2dfe6b11bac37a9b2e9ee705c315189a7323814b1beb8018be7c060ae78664e7aff39f8181ce7421f32a7f2bbde6c52280a58df5c00c5f3e2803629d492827501f9fae88e755ee153f95def362914202f38ef868201602e18a8c4d3991c2b0c3b82fc2ae640bca12fb551476d
248e190e05584c215d9c4f6a34615115a9700e89d8a171c214449b5eb93b08aa6fa0897085b1be506e94bb10a1083b62ea0bf77e902ed9a27d919eae245537d042a842e12647dd01115311088fabd071386b50176cd13ec8cf57079b73935464c122e10a224d8e5c9e067ae81fe6665e83c21c8a1ef978b9
2f6c06a1c17ce1522d549a89a463ac320d816ce3e7bb60317a0193413f7324d3d407b05ad222c1319f33c7eab015dee67e2d0217516816df25d2deb21269ea03d82d6910537f2046ff73341a1dd849e628e970b40b6f92e96f59130d44357fb249e218bd00c97f9fba223c3fc97b6b3fa3668780ad5387bf
2983f20ac8bb7900675c7815f0dff7338cc1b6d8d542511289bd9181e5520c293351498838a06d2e259a93f18e3e6b739e6cad21f31d737182ac0092061499a8a4c41c5082a37c643ec03f03f68068a7b308718eb9b8c15600491340efdbcca16a108944dec8c0f2a91e7a1d273e2a8841e9cf76993310b0
3ff7ffe0e4cc7f137ffe0c8095fe713f7ffe0c9ba7fd93ffe0c7edc9e7f33fdfff833c91ff11fff831fcedf9f13dfff83217fff913ff831fb3cd9ff13fefffc1acb8ff12fffc18ff5dfcf13efffc191a6ffc13ffc18fd9c5cff53fbfff065c43fe93fff063f7cbf3f23bfff064131ff313ff063f65cd3ff1
0080c0000c5fffd00c00000083fffe080c000000000000c000000000000002030000107fffc0300000000000002030000000000003000000000000000101800018bfffa01800000107fffc10180000000000018000000000000004060000000000006000000000000000600000041ffff20000000041ffff
150ad585fc046c0055df87e9ffceb00055df87e9ffceb0b21e3d67a55d78101577e1f977f3b02c878f59e9575e01577e1fa7ff3ac370b3bf293421ca2f5781586dfe36d01643c7acf4abaf00abbf0fd3ff9d61b859df949a10e5202aefc3f2efe760590f1eb3d2aebc02aefc3f4ffe7582e1677e52aa4393
2a042a59ef3b94509a1e7812f82f54309a1e780fe02f624dc1c2792082452c26879e01e80be39370709e16a092026879e04be0bd508ecc4056475d380ec67e678da1c941c9b8384f0b504921343cf023e05eb04766202b23ae9c184d0f3c07f017b326e0e13c6f412304d0f3c097c17aa11d9880ac8eba70
0c77657c89cc7fd2964833d95ecf33074e1ba4f0e54280eac84ca9b75f7001d386e93c3950a25920cf65ff3cca30261ec1fea7222035a5de91ad319700e9c3749e1ca8512c9067b2ff9e650e9c3749e1ca85021ad2ef48b598cc03a70dd27872a14383669be84d5812204c3d84016e44333c70ba3f6741ad
24c01bdbe431b702923c8fe34f27ce00f650595de1f8a01e6ffa10dad74d203d941655687e3248f23f8dc09f363f851c061efa43d21c09e27bc71a31301eca0b28a43f2124791fc6e04f9b01eca0b2bbc3f1430e04f13dc28d19007b282caef0fc50d726d5110a18573f0a380c421487907d561aed170e4d
15049dc83b5eff3186442325c51481107218a782d2af01699b368590ed97041c8629e0b4abc219108c97565203061c87fd63d85a700422dfde29f966020e4314f05a55e30c88464b8a290220e4314f05a55e0002116fef14fcb308390c53c1695783ecdec33965ca1e0c390ffac7b0b4e3c30369c6cb18e5
3ba1e09f4e22ca2331331918c6f8590529775a2a6619e38cec827f59193e214a5dd688898680c4cc6463e1e16101b82d3a6e864f21a92d5e139cb12510a52eeb4444c34262663231cff0b10a52eeb454cc33c2d496af09ad58930294bbad15330cf2b873cbab74e44803705a74dd0c9e408135bf0b2c83cf
12160a519dfd4ce22d1280b09d23b32e6b871927a73c10a3b2dd1844ac3a085829467c153372e62c17e4908a3433785442567cb102dfe2e0cd79a159242c14a33bfa99c05a2501617c47653a3b04bf133b8e114765ba3089587410b0528cf82a66e29d064fbcd83b4c3168940582d91da27ef551b8f9752d
2cd4306db3c7fc6163e26d67416f1d1935ffdd4622ed128aa9030765d3873350c1b6d75ff1622ecc9d97bc9f883385a8f020c36e81944a49bc6d83bd19a860db6baff8b2c7c4dace82de3a0fd410a49a1386811552060f0da70d26a1836db2dfe2b11cc8cb4d7f718b2b1f136b37fb78f3f942b36c502e5f
14077cb6c5859291e4be5c9f82f55f06ea545445c848008035a357667ca4101df2db1a364a31c7a80f94ffcef728bb4720c24af2529c6d483981b732280ef96d8b0b2523c97cb93f05eabe2aac07fd923f2041006b46aeccf948203be5b6346c9463f678ada78c8fe32f25f2e4fa07ab02edb6ed1cddcd21
04e170f9ff72f0430158a91e4ff11a2964d56a94d4efd05d28e99249156f1385c3e7fdcbc10215f65d589aa4d51d77113acb1b467207e7ee50edb29c09c2e1f3fee5e08202b1523ce1e233047df88beb2fa700ba51d324922ade270b87cffb978201e0c9175b0fa867180ac548f27f88d076f86b1faa572c
16d019dc822807d025b1660288c6e411b3d7fd955a90f21bca7b5170d2311b4067720cc01f328631df2b4c3b2329a2e233b19aaeb3d393326a1d841f2da033b904500fa04b62cc05118dc839cf5ff3ef81a6b03794f6a323a4613680cee419803e63578761ac7c178a012d8b30144637233ffdd6566c164a
3a1af85997ad31c1946566e83d40621b3cfcb1d383fbf309b42252d077a7286be1666b14c6d01ce6fe8ac7080c302c3a4c96e77603938c4143fc81b83435f0b3337a637328cacdd07a80c43c881781b4a06712136844a5e2ef4d10d7c2ccda498d93d2a56e973b1e260ca32b3741ea0311723c25de1ea4b3
02b60945191b9d31cb9730758592821f6d9b4fad36ab61546209952f01350ad82514646e74c28f19d9dbe366f4073c554837f46eb10070b9e8971460056c128a32373a63972e60eb0b250412cc8faeeba21522a8c4132a5e026a15b04a28c8dce9805f042399c09b6d0e5cb983ac2c9411303353dd3501dd
18cfa294a87183e041ae0eb18154a13fef474b5c25cf8160e4ea3cd81e39233e8a52a5e60f72d4d625a42b571d02bdd8a8f9ecb3e219ed6b5550433e319f452950e307c0835c1d6302a942061fb2edec42d172c1c9d479b03c72067d14a54fec1ed0d8fe2b549f8756220d707589faa51374ab468c585402
37f7fff81cc0c7137fff7fffda7eb93f7fff8012ac7db3fff7ffe211ec731fdfffe01c631f11fffdfff9fffb113dfffe001511fa93ffdfff84edb1f12feffff01ca18f12fffefffde6fd813effff000878fcd3ffefffc255d8f53fbfffc017c63ea3fffbfff1eff6323bfffc000d43f593ffbfff080d63f1
0080c080b7c000200c080c0083fffe080c080c00000000c080c00000000002030203000000003020300000000020302030000000030203000000000001018101907fffc01810180107fffc10181018000000018101800000000004060406000000006040600000000000604060041ffff20406000041ffff
25539e1251bb403174a10fce6acaa11ad3b5e9a2221b01eafc232333597206b4ed7a688886c27abf08c8abd65d35d2843f36932a90542b5617f011b00aa73c24a79680533d5f846434eb2f3ae9421f993995502a15ab0bf808d80d69daf4d1110d80f57e119199acb92ba5087e71465510a856ac2fe02360
29bb60fcaa04bfe37b4fe02e4b3364161c3b06683de2d11412dcbd92868b35870ec196f778c14504b72f5421a30ded3f80b92ccd93a810a9678b6e521376c1f958297fb2a2825b978910d226f69fc05a8666d1d40854b3c5b7292b0e1d83320ef1728a096e5ea843461bda7f0172599b23502152cf58dca3
171f44c814d5fbf1ec17a2ba2ec72d105c39f2a7ed6dd0a575407d9522160c87222946909e43b05e8ae8fd1cb30170e7caa3d5b73295d501f654885806439114a3484f23d82f45745d8e5a20b873e54fdadba14aea80fb2a442c190e44528d213c8360bd15d23c396502e1cf9547ab6e612baa03eceb10af
1cf27ce926efaf335165e1a9c42403013560f6829ed35386806a8e20e6c3268ccefde37d1a61459786a7d6900904d583da0a7b4d421a01aa39499b091346677ef1be8d32a2cbc353ca4805026ac1ed053da6a30d00d51c83cd850d199dfbcb1a34b28b2f0d4fad201209ab07b414f69a8034035472d53611
3075c9c77791fd32163669f0135b0a20323b551672abc2f3444f158709f511cd1814fb8f458058d9a7c0d16c2600c8ed54620aaee3cd113c56a027d208e68c0a7dc7a2c02c6cd3e068b613006476aa31055771e6889e2b5013e9239a3029f71e8b00b1b34f81a2d84c0191daa8c4155dc39a2278ad824fa3
3d567665400857e28c69f1a733b5c92c1c47a1b6e10f32e2a4059dfcad350296fe3bcd03011231a7c69d52d72230711e86e3c43ca38a90167876b4d2214b7f1de471809118d3e34ea96b9118388f4371e21e51c5480b3c3b5a69052dfc779a060220634f8d3ae7ae4320e23d0dcba8793315202cf12f69a3
15a9732983777eb32e9776824c624c34acf696babcc75229f6639b19092c16a5cca611fdfab3e27379db03969c12b3da5af7531d13a90d52258dc3b92b52e65306eefd608f110226b4c0002959ed2d79998e933105a6b73e98553a567b4b5b4e63b1b87c3428f3ce1e1974bbb412631261343154e85733ef
330879e843bc4962cc3448434296e5086d908829eae4b396d3d81bcf53660c21e7a11b5125532b55f3bc35d09521b64220a7ab92c0f032778159a1782610f3d08b9892b237ab78813c10de10db211053d5c961e6a5ab811213bb2436c84412e572605cdd7c4d8266b43661a2421804b733f81513acf6fce5
17700837dddbbcb07bdc9454e94bc403e5954da81a09412aa12a8dd39e101dc020df7b8ef2b2b022617ebabe190f965536a06825030ebe22a045b67b2ee0106fbbb779632c67c5c042910507cb2a9b503412824c1afaabc192b001f2caa6d40d04a1d094abeb2a179603dee4a2a74a5e23db7ffc5a4b7523
1999c1c0f6388d73695687b920ca631037a7a4b374ae5062b80f308b3b5726670703dd0235b30545956ebd414600de9e92d1f2b930a6f73ca0cf749533338381ec711ae0e340c8515a7534206f4f4966e95ca24ee7f11853e593281bd3d257aa573235efb4d01772643b4ab43dc6f653202b9f3507ee6c3a
2c4667c678d2aed29941ef6fc6f8c30dcaf0d272df14e19b0414e22753e531199f19eb8abb23f770a745719cda372bc349cb7c5381451622690bb19b188ccf8cf5c55d9321f02600f911181b95e1a4e5be29c3a1ad25cb9e222706e57869396f8a71ce5ff5d9b9609a34ca0f7b7c27c621b75eba4cb6f6e6
35868f49f1658982ed9b88ded916450b83e2cf89da58d0058be3becb08f8161a3d27d1f625d0193015c43125f92e0f8b3e27696343a712e550c1cee72b0d1e93e6eb12f3a68874a742330f1707c59f13b4b1a2095bf0ac08a4a225c1f167c2dd2c71ccf373db9cc74e376cdc46f4b8b2339b0544c8f4ac60
1bfcab511a322471861f4ddd62451c27e4c30df2dbf76336abc85a615bf22ff2ad446ce891b00ac2c0b1d420ef1f930c37d3afdd6050af3b9a68329c37f956a2346448e26cfbb3c04fa7250fc9861be9d7eeb1bf3cc6ad4661ad13f26186f96dfbb00470bb4d1e659a0c30fa6eeb1228e07ecb214895948b
04beaad7ba6d8fc353489d675c848831d4e97d27b41fa3dee4b00e9d916312faab5ee9b63f00227c175fd755b60753a5f4ab307e5285422dc3c7bd39097d55af74db1f8074af25ad630da723a9d2fa53883f32eb93b1dde3b38218ea74be93da0fd0467fbd0b4ef3cc1a9a44eb3ae424411d8a79a922b73a
3a7ff7f81cd7ff13ff7f8001d1fdf727ff7f80183ffda3f7f7fff9cde0b929ffdfe01cbfff13fdfdffffcdf8291ffdfe00273ff763dfdfffe1cd831134ffeff01ccfff13fefeffffc5fc0d0ffeff00139ffbb3efeffff1cdc18113ffbfc01c9ffe93fbfbfffdcdf0593ffbfc000c7fefc3bfbfffc1cd0631
00058080c8c0bfe058080c080c00000058080c080c00018080c08101ffff0016020302030001602030203000000160203020300002020302023a0003000b010191817fc0b010181018000000b01018101800030101810203fffe002c040604060002c040604060000002c040604060000004060406c5fffd
3e5515a22ddb34e258f6250739ac6414f9e14b30ac5c118f625075ecc637353e7852c913171163d8941d6ab18e0963d8941ce6b191954e7849366d0101ec0190d9ebc870b1ec4a0eb558c724b1ec4a0c6358d2caa73c247a36812a7cf0a596462e12c7b1283ad5631c12c7b12839cd63232a9cf0926cda02
31baf96cb873cb82a7facae974519d2c070fa4aba3a2427facae99d919c60b01c3e92ae8e8929feb2ba65546723a9feb2ba2b94682a6ed83f28713001e341c8d201237a14ff595d32aa3391d4ff595d15ca3415376c1f9438980160387d255d1d1213fd6574cec8ce3353fd65749928cf14ddb07e55025ff
17ac486a7ef3f2712c74194b58d5ca192c741949ccd5d0571f44c810b5fc0ebb30b2ef087840b1d0652da5572724b1d0652b5357315c7d132042d7f0075d985977843c2258e83296b1ab943258e8329399aba0ae3e8990216bf81d766165de10f08163a0ca5b4aae4e0963a0ca5ac6ae52b8fa264085afe0
34ec67c74efac800d40ed91c105ff000d40ed91c105ff35cf27ce8f14fb006747a768be97d83503b6470417fc003503b6470417fc173c9f3a48b3ebd033a3d3b45f4bec1a81db23820bfe001a81db23820bfe2b9e4f9d2249f5f0ce8f4ed17d2fb02a076c8e0c4ff7f06a076c8e082ff82e793e749167d7a
13c4328cdcd2dbb118c7ab4eea942b1518c7ab4da094337075c9c741f1fe1f06bb2a8852bfa0631ead3bec50ab14631ead3aa250b1c1d7271dcdc7f50f835d9544295fd2318f569dd528562a318f569b412862e0eb938ec5e3fb3e0d765510a57f40c63d5a77d8a15628c63d5a7544a16383ae4e3b9b8fea
3fc2ff1f4abc6a12e4d342674a321c12e4d34266423220bd56766537c8580c492123f7d349d3934d099dacc86e0b934d099d28c872f559d994df216026249091f9d9a4f1c9a684ced6643725c9a684cc8464417aacecca6f90b018924247efa693a3269a133b9b90db17269a133a5190e1eab3b32a0042bf
1a546da2dc70848331162f71a76afe0b31162f71236b008fc217595914cb2951b68b75e211f0c458bdc763abf52cc458bdc48dac0316f2bd941645be34a8db45b8e10902622c5ee390d5fb16622c5ee246d602eda21990d82e2d05988b17b891b58247e10bac8b8a661988b17b8d3b57f350cc9ba762057e
1d8398bbd9d80e505399ba01da9510005399ba01da9512daf7e004d59ec9360e62ef6b8039314e66e8076a5440014e66e8076a5443715aad6533061f3b073177b3b01ca0a7337403b52a2000a7337403b52a2116acd80f785a7c2029ccdcfedd4a936d7bf00249cf65029ccdd00ed4a88029b75f81b89f4c
01309543e5895b2224426ea739735f0624426ea6f77361addfa3c919f36304c2550f96256c809109ba9d69cd7a189109ba9bddcd81f6ce7ef9943e8202612a87cb12b6404884dd4eb4e6bd0c4884dd4deee6c12710aa7bc3ed4903122137537bb9b2d6efd1e46bf9b23122137537bb9b03f6c458630e2674
07504dbe45567d8269504f263a00313e69504f225c004363560f610be6f11d4136f91559f601a5413c996c00c239a5413c95d000d02d6cc6fb8184040ea09b7c8aacfb00d2a09e4cb600613cd2a09e48d80070b61865e3c4ed711f34a827912e0023b1ab07b064f379334a82792fc00192d161bb3f839924
2ff25408c489fb21c0cc21c10588b335c0cc21bdab88c33e70ff15c2a7443fc950231a67ec63033087045822cb17033087030e22d3675b12d1bce33e1fe4a8118d33f633819843820b11662b8198437f7711708d75b70a9e2ef41ae06610ded5c4619f387f8ae153a22e06610e061c45a26311299c6c4c1e
1385dfe0fd247531430fdfa947910f05430fdfa9059110c74541414853740e177f83f8b1d4b10c3f7ea560443b150c3f7ea4164442ba5312bd1a80e8270bbfc1fa48ea62861fbf528f221e0a861fbf520b2223c3391f9900a06322a187efd272c89063a2a0a0a429ba2a187efd482c88837661fc4bc26f1e
11a3522a115f13621b14a4f28f84f4321b14a4ef7785000fee0f43160172068d48a8499c4d706c5293cac213ce086c5293ca3e13d24d72b3d04ef9482346a45422be26c0362949e56109e724362949e30f09f0bf1f0680a0e5f7190d8a5277bbc28007f707a18b00b910d8a527947c27a1490031a89e48c5
2acbcccf3f8df7a2d290f2a5a655af06d290f2a56455b3aab00a2068f5f22b2f333d0677de634a43ca971d56ba1b4a43ca959156c3d56686c0ca942c1597999e833bef31a521e54b8eab5d0da521e54ac8ab6187422962ede74a2369487950a22ae1d5580510347af9369487952b22ad807d02bbc1b29799
27fffa8010b7ff23ffa7ff814dff713fffa7ffa49ffe73fa7ff7f9cdf7f11fffea00091ffee3fe9ffdffcdfdf13ffe9ffe1adffd13e9ffdfe1cddff10ffff500048fff33ff4fff00cdfef13fff4fff0b5ffe53f4ffeff1cdeff13fffd3ffd03fff43fd3ffbfdcdfbf13ffd3ffc18dffb13d3ffbfc1cdbff1
3f4080057c60c0900800580746080b3408005803ec081080058080c080c03d020015fde302102001601f282034102001601c102012001602030203003e81000afce181101000b00e8c101e281000b00bf81011000b01018101803a04002bffe604104002c040604060204002c038204020002c04064605ff
1b4afafe43309021a7447950cf8a0227d4131f7166fae3d35c6ed347f0b322a83f6066f781d1f4d71bb4c17c2d1f504c7dcddbeb62f9545688966cd431541fb0316bc0f2fa6b8dda3fbe170fa8263ee6edf5b3a6b8dda6d1e16513ea098fb8b37d73e9ae376982f85a0d3a23ca867c5011f2a8ad116ed9a7
25abf511b73e6f31c7bc87a0e666eb279aede17b68f6331cb3a03aaf1e51213380dfd1247a43c72ce80e7a47951e6bb785f5e3d8a0c6ebe5b2e1cf2e1099c06fe8923d23e39674071c23cb0f35dbc2faf1ec5239674075a03ca133cd76f0bba47b238e59d01d368f292e3de43d052337618dd7cb65c39e5c
1295c11e13f46b63370abf7d276761180b7c63fe103ac370abf7d58e76040602df18ff840eb0dc2afdf5639d81331ba1be37730311fab9b5a58c7972252b823c27e8d6c26e157efa90cec13016f8c7fc207580fd5cdad2c63cb90c05be31ff081d61b855fbeac73b022637437c73060613f5736b4b18f2e4
1e85b015dfc95220e0b3d410b4c9913411c21709dd82020b3d410c12990d0d047085c277608382cf5042d326440bf2e2fcdf6869134cb064534116f43d0b602bbf92a441c167a8216993222823842e17db03f1a6583229a08b7a1a08e10b84eec103059ea085e84c8717e5c5f9bed0d2229960c8a6c42de7
25f4d89ab6110d32c7d735945b294a1396c8f295c871007d73594888949504e5b23ca5721c431f5cd651f0a52612af4929afaf6272d61204fd5d9f9b0be9b13570421a518fae6b28f85293272d91e52b90e2036b09027e8dcfce09cb64794ae438823eb9aca4234a4b255e92535f5ec4e1ac2409fafd3f35
270196512fcf37723e6c34fb24c3a60169fa9077e9f063e6c34fb45c3a58205a7ea41bea7c20f9b0d3ed170e9632ba3a13a075a933630368819a48000e032ca263be6ed07cd869f68b874b02d3f520efd3e0c1b181b440cd240000b4fd483bf4f831f361a7da2e1d2c25747427450b5252c606d103768fff
37e3007e08d021d0deeba74fabe6d00dd17bde0553a693e200aaf3afc90333745ef77e3ce9b2dc6bb5443ab82b3d82321c4c6e077289366f886cc31339ba2f7bbd0e74e1bdd74e9f57cda03ec1190e242703c2a11a3568ae180226e8bdef0099d352fcd867cef9c17c06f75d3a7d5f368176246f724acdac
385a660fab73193132df0b8a52ad491e976b8bcd6f46e2fbaec866df0d3127a5dae2f14bd1c2999a1907b2b9ba0e460b2e8c997e02839e38ad5688a513d2ed7178a5e8e265be1714a55a9207230597464cbf00b05b8c173187510f4bb5c5e6b7a3726ee2bc81cb5cd82996f85c50856a517d90561e487d74
16e551e7eb6cad83ae289031af98c2369efaee265b0f7145015a455dd9881da7bebb888ec3e0a80e87e8ef82952111bf5b77eb6d23783ee17e6ea45b0ed3df5dc44761f35c512063a131831088dfadbbf5b69280db5a1ad609a03b4f7d77111d87c011590b05d6ae4c1d7144818d7cc61144c8c0c36c9367
21431a7df12e6633dbe54e7002081b2e88f66a7c6320c27ef10f94135b620ba23d9a9f18c8313ae69caa5e26ec3c3650c5d08890d117db3e2f73f4bf25d11ecd4d7c6423b7ca9ce04610353e1b2862e63448728759f1dfa625a817447b353e3190621e7a6356c8b1c83edf2a737e0040e03f161b2a1d88a4
164310967c785d9086cbf8a25c341c09d9badc93a91b735a5c2b6ec8995c12766eb723e246e04fde7fa022c9ea2554745677e8601042767c9c14c775093b375b91f123710d97f144b8683832aa3a2b39e43013205d52e522ad1424ecdd6e47c48dc3d39dd2cadad3f804365fc512e1a0e080708baeeb0680
3e6594650ee54d61003c3fca1014fe1e0f69e1d1449e51b1bfb41b84488d3783da78713927a21184b80717346531a7d3e4771349e257e226c42acd391bc1ed3c389c93d200787f942029fc18d3e9f23b89a4f161c39165bd23cb2f07b4f0e6924f326f7914caf0ee1f0801e1fe5080a7f0665c810441667b
13cfd707f3420da170f26eae57bf9b240c65ee68232601516d89427835af0903197b9a08c983f5abcfdb38f9d33c493aba56103590bbb63f3a3f999204818cbdcd0464c2e1e4dd5caf7f363e249d5d28f81ad1f4c0487d321528120632f734119300b239d3b1e4b93c2b87937570adfce2f635687036b03d
32fd71491825fd112830cb2cc406992035a094754e46d2c114f641b32138380d68251a3b91c1400614adc6fd763a9a3fada239ae420e03468fdbfc8e1c06b4128d1dc8e250619659880d321d4d1fd6d11cd720aff43e440ed32c301ad04a389723734f40d02a9b284629418659641034d1ad6bcb7ddb9ad8
27ffa80002bff763fa7fffa9cd7f713ffa7fffcd1f7e73a7fffa81c5f7f11ffea000133fdee3e9fffea1cbfdf13fe9fffebcddfd129fffea01addff10fff5000099fef33f4ffff51ccfef13ff4ffff5c5efe534ffff501bdeff13ffd3fffe47fbf43d3fffd41c9fbf13fd3fffd5cdbfb113fffd4018dbff1
0057ff40800580817ff408009a0807057ff40800580803ff408004ba80c3015ffd0200160201ffd020009a203315ffd02001602003fd020015c0030100affe81000b0102ffe810013410160affe81000b01003fe81000bc7017d02bffa04002c0403ffa0400344405e2bffa04002c04003fa04002bc20601
1cfcba938efb7b32d1f030b98b35712cfebed6d9e0a6527e17e5604ca79e33f2ea4e400decb29f85f957f229e833fafb5b6fc29921f85f9581b69e7639f975271df6f6614fc2fcabf914f419fd7dadb7e14c90fc2fcac0db4f3b367f5f6b6ae053313f0bf2b02653cf368f8185ca49ab90da57d7f2198481
240246635cf493e11e1f3e483bbb7c22f1509823004ac082df0aaf8067631009198d7c124f6120b7c2abcf99d90bc5426094412ae20b7c2abe019d8c08048cc6be0927b2905be155c6cced05e2a1304a20957105be155f00cec61178a84c11802562416f85579f33b208f0f9f241dddbe32d5fa88d98f37a
0228ae97e1865723859dbc67f6d664113a5400c6aef70059dbc683096632044e950031abbdc21676f1a0a1598d17d7003159edf413d1583f41e7a5db04515d2fc30cae430b3b78d02facc72274a8018d5dee00b3b78d0612cc64089d2a0063577b802cede34184b3192fae0062b3dbe823a2b07e84114bb5
1adefbd2e3392ba2ad797a9261030539a67de73cbb1a12d797a928a430463e699f79cc16c692b5e5ea4a080c122245d23daadec951de0e2c5bbcfba135bdf7a5c67257415af2f525040609334cfbce7d963411af2f52518a608b3cd33ef39c4d8d116bcbd494521823048ba47b59dd9293bc1c58b779f742
2620033608b6c5714277146e5c0bec164972a7c023f500277146e70abebb05925ca9f008fd4109dc51b9b22faf1d79effe591d727233dbf66626edde0c40066c158d8ad284ee28dcb817d82c92e54f8047ea004ee28dce157d760b24b953e011fa8213b8a373645f5e3af3dffcb23ae4e067b7eccc8fdbbb
3ed650710a6999f06a52d298c6388d3eb59c8e36301812a52d298ca588cf3fad67238a740611a94b4a6318e23427e8c20aaa0e47b015051e7ab3e8b23daca0e218f333d0d4a5a5318c711a3d6b391c708030114a5a53198d119d3f5ace4719080c13529694c631c4680fd18415583c8f502a0a3cf567d164
3faf872847696421a7564b413e0bb10a99e681f727cb71236c54bbed120012a679a07cc1f2e33c9c14ffaf11d830a3dcac13be9af247e311f1cd53fa09533cd03e60f9734eac96827c17623851ee5607cf4d8123f188f8e6a9fd254cf340f983e5c135372cb95dd2882d3ab25a07e05d93bf1803f025810f
022c3e9c31960c525067d3b48fe0223bb4f453f5de79c233c15a6eb6a2f10eed3d14fd779e73738163f45b7bf002bc2e4f369649624101604d7f65a327769e8a7cabcf40a0cfa76961c043015e17279b4b24b32080b0269eb2d21dda7a29faef3ce1ab543d76d50e7a12833e9da47f0113c2d3307d3a98ca
0211ce6e3acab07275f0f51229c8152966c353079b3ec3a85e10ef561fa50a59b0d4c1e6cfb3e8578d27c000c22c30e0eef8cc2a728f298ede532bb1252cd86a5ee367e0ebe1ea24959029361870777a5615434794c76f0895d914b361a983cd9f610f731f1c0c586033af87a88f3e40b0b72a8f3f5b656c
2f1db7130016d4a185ae9f6cf8eee30c32bfbb7b6a0781d322bcb76062cc030cafeededa81e04b691acad7b50732dd7609c4642bf25f7a984c8068f8018657f76f6d40f30b5d3ed9f1ddc6396ebb04e02216012fbd4c2640347c06195fddbdb503c0ee250b93a3061e2c2d74fb65b777230a18d3ef687332
11e149e3ebd93a726a60cf93c6022e03bd4fb38596e98169d506fd744f5800ef53ece165ba6374d4a138ea0f3c0ce2c7b23f9f98527e9e1404b232190077a9f670b2dd30d4c19f27ce045b267163d91dbfcc333f4f0a0238190d01dea7d9c2cb74c3b5c86ee73ede541353067c9e301172b21884b3c2c2ed
3eed3288b1255ea17a1e79ee9528fc26894c1bf545b253325e6dfdd17db739a25306fa396ca3d7e62edbbfc382138f5ccd0b3799d0c6020a55331c3c1cd129837d1cb652f43cf3dd2a51f829c7ae66838bccf06301052a998e1e3344a60df892d931635cb8fb4101ad0bd0f3cf74a947e1f32ca328772a6b
3ed2c25aba5a02c19fa79b4c2f10ef143b1b1b07027752d2f74a07e026da350ec6c6bea89de04cbc580f6648533d040f6ccd6d7ae1efa7941087eefa1a8763635f544ef33f4f36985e21de1e8207b666b6bd70f7d3ca0843f77d2a1d8d8d81713bb3d2967c239bcb0f2cfd3cda5f6887809e7eb83f9a106d
014f79cea486aaf248b923bf80e560055628ed09d92593c202846a3018c331558a3b3f5e497083a1a70412b26b0f1c610ff0452951639eb52a53848338aac51d9d9f24c09172477f43cabf278e3087f61294b2b1cf5a9508c24222ab147682dc92d0380ea73918377c1245c91dfc072b0397eb8a48a02fe9
3f80a7ffc4dff9900a7ffa818ba7f2380a7ffa9cdfa710a7ffa7fffa7ff03e029ffebcdfe91029ffe9fffe9ff82029ffea1cde9f129ffe9fffe9ffd83f014fff6cdff41014fff501074ff43014fff51cdf4f114fff4ffff4ffe83c053ffd5cdfd31053ffd3fffd3ff80053ffd41cdd3f113ffd400015ffb7
00000057ff40800000057ff40800580000057ff40800800057ff408005800000015ffd0200000015ffd0200160000015ffd0200180015ffd02001600000000affe810000000affe81000b000000affe810008000affe81000b00000002bffa040000002bffa04002c000002bffa040028002bffa04002c00
28eb717b71d56943dbd0dde2a275b3068b5b4acd231de23fc9a4f59c928928ef9c3a248b04331b2612c60080d41f6f43778981d6d0ff2693d6f64a2211d6e2f6e7cad273b7a1bbc586eb650d16b6959a463bc07f9349eb7b25110345ada566918ef31fe4d27aad49453ede86ef1303ada2e7e5d49c56dbda
1e948f83934186b0243f122c068b503174b4a5466be311c1355c01117d88351067c1db30bbe0e519ad7779832d0090fc48b01a2d4304d5700487f61f3d291f0726830d60487e24580d16a022e9694a90f7c613826ab80222fb1038ba5a52a125f190e09aae0088bec40121f89160345a812012331ae7a49f
0ad87e273e423ca2ef3bd22da7c21522de677674161741cddf6f50b50eb808b799dd9d0585d07377dbd42d43ae3bbcef48b387086208a2ba5f65195d2dd2a505e9fbcf005c5d18e4ba0ecd1dde77a459c384339bbedea16a1d70116f33bb3a0b0ba0e6efb7a85a875c3779de916b2e10b0114574bf0c32b9
15213caa345a3882f5e392536954180c65ccc7dfaa4f51898e665578c2b133197331f4d293e3626399952cb0ad0bd78e494da550626b7bef4b6be4af1762a6e950327a9319c44b589cc79605ebc724a6d2a833131cccaaf185622632e663edc527b2c4c7332a9b615917af1c929b4aa0c0d6f7de9719c95d
3b820d019598fb41b22084880ee28a25c2f4e0457e8d52777098b3354d403970bd380e47a3609ddc262ccd535026c882121e2b8a3198800cd8125b161ee2714bb15aa0f0e65b94883f3a6b336441090d05c520eee13166ac9a7f32e17a7020af46b13bb84c599aa6a00d91042440771453310019b024b62c
33843a2afe1c6f8068dff6d672094f1af8f6c1501f0e02331f8fb7f9013906be3db05407c3838cc7e3edccc04f11a37fdb58c02541fb5941c419266839e846c1085ad5a3a3c2c6fc21f33408d1bfedac6012a0663f1f703402710d7c7b60a80f8703198fc7dbdb809d2346ffb6b1804a83f6b28388324cd0
1d5daec5ab8adbf37de8951e1968e82f89c57e44694620d8a091b91ba7193bb2fdbae96adce33628246e1569c73e2715f919e51862febe1ca0fca5911dd97edd74b56e739b141236e9b4e41f138afc8cf28c337f5f0e505d52c92b730273fab291f26c5048dc6cd38d084124f4184d5861fd7c39423b4b21
0428515f2cdc7e11382bd098a4dcc5378eae12c047c24111cdb2995fa7972489a27c020e5ae144736ca64769e61e3ab84b0d7f08d308b0fa7094d8321244d13e01072d70a239b65323b4f32f1d5c2584af847184587d384a6c193c0862f8ccca477288e6d94c8ed3cc0980529556707fe21161f4e16bb063
0f9b9b1b646874834d7cb560065a400ab7eb67c1a45fe15c691cf96ea76f0504401067e10181571a473e4b29dc2adfad9f06917f81084739b8daaac20282200833f080c0ab8d239f2594ee156fd6cf8348bfc084239cdc6d55612ebaba56321c1732ae348e7c9653b8310d2108aac8ead2108e7371b55584
361be2801db95291d11f2aacbdbfb31d00a97b48b8f952b767938231c70d1a82011c5a015803add9e4e05af1c43402a5ed2703e532bc76dc4bdf5b530d41008e2d00ac01d6ecf2702d78e23a0152f69171f2a35e3b6e25ceadaa2e917950db3390b35bb3c9c0f7e3872e77d4c22af6e9a178edb89800b6a5
172f90d89b9ca6822ef0c5626f414e14d10e9d931f97c149976d747c49041aabcc469bd68c405265db5d1f124113443a76509e5ef14785278f9ee4ea0d55e6234deb46222932edae6e892129a21d3b263f2f80a3c293c7cf72753bca217518bc37b0a4cbb6ba3e24822015ec04c02d9eb28f0a4f1f3dc9d4
3b5e09c0df6aae10b2933aaf26a6c11cc664ad541b7c62a495e3fd3f68a226e25360b7eb88c2a92578ff2eda29331992b5548df172fbb4ca22a3957b137129b05bf5c4635492bc7f766d15398cc95aa836f8c37dda651130cabe29126c8c15bcfd31524af1fe9fb4510ae55fa00b75f711f7699445892af5
25ae5c332b5fd242c7e41f7688243c0237102f0d98fa42ef314e5d4e687a02d113cd6722e682bbcc5397329a1f08dc40bc3663e900fb4b096ae9680b016889e6b39173435de629cb784d10046e205e1b31f4827da584b553b40612ad099a0dd83b317798a72ea7343d04ad9f792d3563d1f69612d5d2d016
02868f6ef26b786082275af11398191d60b3d22d799443285e6f3d9268f803ddfb17928e7490ca179bcf649a3e3582cf48ba0650f1053de73a819aac21eefd8bc7373a50650bcde7b24d1f3ac167a45af32880829ef39d40cd5613aeef3109a010c1942f379ec9347c1f12a58f93a97a320a7bce75033558
037fff80c8ffa703fff80a83547feb37fff80aa0fa7f03ff80a80175ffe90dfffe02c0fe9f03ffe02a01b7fff11fffe02a2d49fed3fe02a0006dffd906ffff0170ff4f03fff01502caffed2ffff0152514fef3ff0150011dffe91bfffc0560fd3f03ffc05401a1fff13fffc0543993fea3fc053fff0dffc9
000000000057ff80000000057ff40800000000057ff40000000057ff408000000000015ffd0000000015ffd0200000000015ffd0000000015ffd02000000000000affe800000000affe810000000000affe800000000affe81000000000002bffa000000002bffa040000000002bffa000000002bffa0400
11a3c900290396821e7157224e28f30ba30533ba14ede013e4184a1dffec068f2400a82e59f079c55c89bca3ca2e8c14cee853b780a3adc5edc755a52347920052072d003ce2ae44de51e517460a677429dbc027c830943bffd80d1e4801505cb3e009f20c250efff630f38ab9106147a1475b8bdb8eab4a
3264be7fd3db6a926a06a8ed5fe67e34e572cc55db21a0739be8b566f7020992f9ff5bcdaa11a81aa3b60399f61395cb3163cc86517a523e0e3c861b24c97cffabd6d510d40d51db01ccfb29cae598afd64330e737d16acdee041325f3feb79b542039cdf45ab37b81135035476aff33f2f4a47c1c790c36
092e4820b3a365505ded49040932f42d896d012d52fbd0c9cb386bb9c78f02f8d1d05c388a113272ce1addf1e40177b5241024cbd22b61f89cd808f3125c90416746caa0bbda92081265e81b12da025ec5f79315b0fc4e4b047a0a45c9000cdeb2e264e59c35bbe3c802ef6a48204997a056c3f139f211e5
2e3fbf652e0873a2bf0b3c4711be3f3be978a4b381bc20ac1fd002f869ec20012293accc38502b07f400be1a7b1afc2cf11b3ef9005484f2a8d168e21c7f7eca6030e7317e16788e657c7d37d2f1496b2378302a42795468b4712d1494f91e865880560fe8017c34f635f859e2367df200a909e551a2d1c4
0b34e949edaa20b08b7fb5e4c1859c1b61124d6ec787d3fc8f52bd53d3a805d18028dede1880ff23d4af54f4ea022dfed793061670ee0834065663ed1669d293db54416116ff6bc9830b3836c2249add8f0fa277041a030a31f71e90b07ff8ce4961fe47a95ea9e9d4045bfdaf260c2ce1dc10680cacc7da
156e1e30264804916877c4efc16a523c3cf80cbba3a1939c85a6d27c0cbb3778c77320151d21e72169b48e832f25a1df13bcf5a950ce10e8abf871be2adc3c604c900922d0ef89df82d4a43879f0197b67431067087455fc38df2a9d6986efdc9bb3ce42d3691d065e0b43be277e0b52919c21d157f0e37c
10d618511be0769348ada36da8aa8934a101f187f65f139c9fe032df6d0a2a3f24308ac44433e430bdc23ce3f83d22b68db38aaa32727f80cc43b4251a19a95819093ac1f2185ee11e71fc3e915b46d7b55523393fc06600da133a5080f8c1eb2f930931eb66f795733a456d1b6b35545025cf717b0535cd
13dc23efc83f8b12a574e941c7e64110b66fdd3f7fab531ec02d3c476e2837f6df9c5c23c412320f7ac431a22f3a95d3a5040799107b00b4f1e3b89d0d8a80773ce1bd531907bd61f7d1183d4ae9d27ff3cc923d805a78d0dc4f285b37ee9dafd5b39370d594ee1d79352ba74a0c2f3210255349f0524a55
1b92f53a57578bc1eb323c486e88600386a7c7f7c77e1198f4aff529881b0d6a96cf8ceb80c38ba17f649060a007acc8f121ba218263d2bfd4e8206b1739e92ebb1cc3e1c5d0bfb248305003d6647890dd10c331e95fea53103621c353e3f9d3bf116266a21fca62810f5991e24374430312c9230037e218
3c0ff932c2d436125f90dd58aba1812b6d1b81db86464383233d760b85ba1ad1478370aabb6114e63b36109309397e43755f9686120c8cf5d8f416e53f0e18aa69c529a28a731d9ae749853cbf21baadbb431306467aec590b7315b68dc0edc32321c2a3e7ee94341d32fc86eac34d0c13b1f15d345b3bd5
36128545916c28805257af26ea33501fd7b945303a06316d0db3556757403b6d0173b4d4e071b2bbf6c8cac03501495ebc9ba8cd41b436cd55df5cff0c110bd126eaa462d95dfb6444601b00a4af5e4dd466a2da1b66aaceae802febdca2960d0323cca07c0fa6725d0292bd7937519a83cf962929cfabf1
2511bfab838d4273d61b1b8f6068461da7b955452afb51fa20f296565d552773edb2504995237993dffbb361f02f586c6e3b71a123e883ca599b755303355912337dc721bcc9effdd9b0f817ac36371db8d093f441e52cacbaaa2ed3dcaaa0857db0a8041ca207229a1eb0d8dc7b03423185e3f15dd74960
30d475e9ea9724c37307ee29145a140aafad0940e968602ebb9b39ba52723595078e1e2badd22fe3e2e8895f1c0dcc1fb8a4516850baee6ce6e949c8293b731e0045fbb117f1f17444af8e26e60fdc5018b4305d77367374a4e40557d684a074b4313075e5c54de51a1b983f7148a2d0a2468af9c1cbba73
278ffc76dcdfb18009bfa10e8c8d700163cb43d1ce05e2749dc7fae5ebb71c8faf2bdee7a8616584542f1bfbe60026fe843a3235c1d2771fec1baeda294dc05619bcbba0b2c22a178dfdf300137f421d191ae0e93b8ff60dd76d00b1e5a1e8e702f38a38387c802a46004dfd0874646b80641dcff6c1902d
000003802080a7000037fffa1a7fe800003800190a7f00037fff82b7ff9800000e001f029f0000dfffe239ffd80000e0000129ff000dfffe04affe900000070020014f00006ffff224ffe8000070001114ff0006ffff035fff4000001c001d053f0001bfffc263ffc80001bfffe153ff001bfffc074ffd30
000000000000008000000000000580000000000000058000000000005800000000000000018000000000001600000000000000160000000000016000000000000000008000000000000b000000000000000b000000000000b000000000000000028000000000002c000000000000002c000000000002c000
0beca991fb1c2d734f368a4b691ca413d1f25111f8541243de37cf29220734f47c944166151190f78df3b9c88214899f90a0f6af80bb5b7a77d9322517d95323f6385ae29e6d149714394727a3e4a223f0a82087bc6f9e94440d29e8f92886ec2a1321ef1be77391041a79b4525b48e5208d1e4801481cb4
3c8b5a769083d3803109fe2cd8f34b33ae4e376a27bbe1c02a4fb011dcfc2ceb938dd879ef00700a93ec04773f097762913f09908354c6a387e8c9dc3916b4ed2527a6f06213fc59b1e696275c9c6ed86f77b380549f6023b9f819d7271bb513ddf0e01527d808ee7e21884ff164b79a639325f3fe7ddb55
2a40c3a69e095e50154b2966a8d5542519802581f092316586f2220f001d194660095f7424935961bc8852400800552ca59aa35553c0c1b47e3e373e2ca33004adaa1251acb0de442920042254a90275787a1148f358cd468ade328cc012bee84922b2c37910e6800f00aa594b3546aaa3818368fcbe6e7b
082467c2d49718c2936baa861763572b47e8d48141d893c6d172d7033a313ad1fa351d387633f1b45cb58f4e8d1a4daeaa17558d6131fdc2cade4da23d68fd1a8c8c3b23f8da2e5aa6a74703afff3dee21baa0bba00c601293c735a3f46a3e90ec53e368b96b609d19349b5d542eab1ac263fb8595bc9b44
341283cde9d7cbd34eb6bb87f7df8d001af722d7021060da975cc3164e062006bdc8b3b0842236a5d730a493823d3adaee1cc77e42b3d4dff1a0fcaf10035ee459d842111b52eb985249c12814458e2beccb53374944fe0c1164000d7b916b8108306d4bae618b27033a75b5dc3daefc7167a9bfe383f95d
2a79e8d9bac7bf012213817bcc07a63e9d20f41e0ba4c391214d424d75b20fa7483d0782e932e4485350725d6d24884e05ed201ea2b9afe4c508766a27d3a41e81b174a3722429a8182eb7101a14534c594011f44573d45ccbf81f4e907a0f05d261c890a6a126bad909109c0bde603d31735fc98a52ecd3
0748af56866b46b05a89a455c902393548c3fafd323dc29fff1bbc597c731d22bd5a19ad1ac16a2691572408e4013ab2ecb28c9432e3c099355be89d0e915ead0cd68d60b51348ab920472209d597657364a2371e04c9a8cf44f2e5281b257170dc2151d929083df4c36826cd784b600b286b0c288be03b5
158a8a03ef924282d835fadea588a33e10c461bd927e93ea24ebf3d90925162a280fc26909f360d7eb7b1a228a3206cee2cb8a8ce0e7197fc555eaba2b151407df248501b06bf5bd8d11451903677165c54670738cbfe2aaf55d1f496e204d7fa591f101b703011e2e1702bbc663e2ab629ee11f7e20fc59
02fe3cbf2712f11170880402146cf9268ab718934f6ae0caa01b19cb4ef60bf8f2fc9c4bc441c220100893b3e3181865467ec19d7393dda6944f2ed105fc797e4e25e222e110080428d9f22c0c32a33d50cec3c9eed34a0697693ca4202e9af19cb1cf63c3678f090814e304c263fd4f00dc97a9d2babc5e
28d207667698e241a330d958612a7300191b716f61bcc166e10af3a1a5c023481d99e2a388e28cc36561c6a9cb39ce9a22e747c381bcab9d8c3457de11a40eccf151c4734661b2b0c254e61ce74d1173a3e1c0de55cec61a2bef001db24bf097f260b25e3c464261a02d2aab5df9e067a3e07fc995f5a1b1
209c39b8cf57f1c02d0bd11be0a49433e5791032048261cb41738495ba9e0270e6e3459fc6e0b42f446f829250162bb7e3a69138a30bde5c552d299c01387371a2cfe3705a17a237c149280b15dbf1d3489c5185ef2e2a9694ce0b5456ae6c4eacf1cf87175d16169332c9f8af2e319071b0942a2c8b6144
1edf9dfe5740b833cf66499c60b5092f36f70ffd18dc13b60499cbd9f5d83b7e77f96122e0b33d99267248d4213eee535bd35f7dd26eb52d030be4683dbf3bfcae8170639ecc9339036a113f7729ade79fbef1375a968185f234124ab5bd6c4bad00300ea98f3206fc192a6c8250c4e743288dfd5bfb6a14
007337241c4f1c93246ff3da95da813e26333b31df29521a8bade58b6d8b01ccdc90713c724091bfcf6b1d6a013ed50f910afc12032ba8e7a185f00500e66e48389e392248dfe7b56db5011f6a87c8857e090395d473d0a1f80310a49b20220b52b1f42dbeca33fae50ab501215dca921186a3af4f54b926
151023827f0ee130c3a352fcfae95f1eeaff9be8cdd4b25866f90b6163b514408e0a005b84b30e8d4bf3eba57c0f945b6efa13b500fdd7b9ea9798032a204704fe1dc2618746a5f9f5d2be07ca2db77d09da827eebdcf52acc0234741515e53a3102dc4a2806617d712b1bafdfd8aa91a13c7fe3b6e6fd8c
0f800000205fff100000003b9bf7f238000000445ff7d0000003820f80983e0000001e7ffdc0000000e20fe018200000011ddfdf1000000e020e02901f0000001fbffea00000007317f004300000008cdfef90000007020f01403c000000201ffbf0000001c20fc04800000001fddfbf1000001c020c0530
000000000000000000000000000000000000000000000000000000000000000000000000000000000000000000000000000000000000000000000000000000000000000000000000000000000000000000000000000000000000000000000000000000000000000000000000000000000000000000000000
1a1c8ee1eef922634541865fb166fb174541865e676700541865fe706fa328723b87c00489711506197f8b9be91d1506197dbd9bf1a47efcbf11148134391dc3ddf244c28a830cbfa4cdf52e8a830cbccece00a830cbfce0df460ba2a0c32f33b3822a0c32ff1737d23a2a0c32fb7b37e25f654c8fb7e16c
25ebf9960ccf65414345f9e0951106294345f9de011110345f9e0a9b105b17afe6583b7d94e10d17e782964417250d17e7804444207d6113630ceb7f0bd7f32c1dbeca72868bf3c12a220c12868bf3c022221068bf3c153620b634a1a2fcecf088921a2fcf052c882e0a1a2fcf04a88831e45ad3b4841e9c
3c2c8896d7e3b713c74ea3ea0343723bc74ea3e667438074ea3ea41237110ef1d3a8f999d0e31d3a8fa8d30dc52f1d3a8fa5fd0dd3a9030e9a46a57a3859112db3e76e138e9d47d44886e3378e9d47d0ee86f26bef08befbe37e1de3a751f333a1c23a751f51e81b891e3a751f501a1b9352061d34cf4af3
34fb0492a7809f03b8dd2659a797062bb8dd26571397138dd2659e1570523aee374992ace5d2e3749967645c152ee37499648e5c2020919f0b525c6329f6092553213df371ba4cb3912e0b1771ba4cb2472e11eda7a48ae4c13c35dc6e932979cb91c6e932cf0ab8291dc6e932cd3cb83041233e16a4b8c6
25fa4fb013281d839c6705f0382e90039c6705f0382e91c6705f071ee8f230e719c178f60bb2719c17c1a6ba3d0e719c17c0e0ba43d04a0f3775df300bf49f602a703af338ce0be0b25d1f0738ce0be0705d220ac632965e5c8c21ce3382f60c1750e3382f838f74791ce3382f81c17483a0941e6f2dbe5f
28ef3417f0e49bc1f47c494c67e6fb15f47c494b1de70347c494c84c6fa9057d1f1252c779c3d1f12531e19beb17d1f12530979bf0a9e7a366eb1efc11de682fe5e93773e8f89298cfcdf62be8f892963bce03bd8650415afebc0afa3e24a58ef383a3e24a640537d52fa3e24a612f37e153cf46cdd63df8
3980a561f8ef7733761bced065df2a1b761bceced9df336d99d632ddcfc016dd86f3b2ae77d1d86f3b425d7ca52dd86f3b3f877cb21a2b830faf35d02b6ec379d7473bf2ec379da10dbe5336ec379d9db3be610d15c187d79ae82dbb0de7655cefa2f1aee666f6c6ce1bb0de76832ef953752776019a3924
3947adb2d6ae63230c9feafb5b6ad0030c9feafb5b6ad32080f1e3cb926230c327fabbbedac0327fabee33ab3d0c327fabed6dab41c0899784de0faf186193fd5ddf6d62193fd5f6f8d59f06193fd5f6b6d5a2e044cbc24e07d821864ff57b9db573945137e8b02f961864ff57dadb5682b0650f1646f879
0f0ac8344a83f6214c79150aa4c504314c7915078cc5103200030db855d93c531e453ecb315131e4542ad5140f0531e4542a931411315d4664034a5d3e298f229d5598b298f22a15498a082298f22a13398a1298aea331e0a52f38a63c8a81b66290aeec4bac11c9600a63c8a855262820adde301e6e35fc
2e9d6ae2c216d56147e05354e341b82147e05352d341c3ad8f85ed0555120851f814d4b4d0711f814d53cf06df051f814d538d06e2d76589724715242428fc0a684a68428fc0a6a9c68370028fc0a6a9c683716bb2c4b9238a9210a3f029a969a0e1d7da0c2a111bc90a3f029aa71a0dc147a28467433852
3eb8dc035d77bc02edca6607025ac62aedca66046e5ad17ec438a4f602c23abb72997e0396c3b729981c8d6b162bb7299819f96b21d9e970d6ae4a2c1d5db94cbf01cb61db94cc0e46b58b15db94cc0cfcb590ecf4b86b5725163576e53300272d73d57bbeb76dc81e176e53303812d6301afb702baf864a
3967774acb1cd3830642862b5549a91f064286298749b077f9d55f2f701c17c190a18959d270190a18ae1b26a13c190a18aa3d26b1768a1b4f9bcd7b2be0c850c29ce9420c850c56ec93513e0c850c530e9362bb450da7ace6be2f83214312b3a4e1e6f08e0652abfe38321431589a4d50a1f0934995f9b1
07306650c65ff3639a9f5da8d2c7d52f9a9f5da5fcc7e11921ea27d953462be6a7d7676f32026a7d76a4111f513e6a7d76a0331f632601d8aa7b86f215f353ebb3b79903353ebb51e78fa91f353ebb50198fb19300ec553dc37917cd4faed2fe63f1a5a90d3c5d65843cd4faed44863eb31cb1d1493234c6
101c9dd7bf90b9e33818bef5de630c133818bef4d663106018669f742cd334ce062fba1d98d0e062fbd83f8c2d0ce062fbd7798c311c9d703a5ebc7d3a670317dafecc7270317debfec6172670317de9acc6228e4eb81d0e5e3f299c0c5f785b31927ff587cec74ad419c0c5f7aef31862f86a709305ab74
0087cf801ce002907cf800008437f6087cf80000003783cf800000457ff7021f3e0010800d41f3e0000210dff021f3e0000000df833e000001dbfff1010f9f0018c00620f9f00001086ff410f9f00000006f839f000000ccfff5043e7c0000001b83e7c0000001bff803e7c0000421bf727c000001e9fff1
000000000000000000000000000000000000000000000000000000000000000000000000000000000000000000000000000000000000000000000000000000000000000000000000000000000000000000000000000000000000000000000000000000000000000000000000000000000000000000000000
1f3647af3807f7b063f1d6cc1f7d60377a5929da1935d328b619b0a41d9d3cd91ebce43fdeb18fc75b307df5801de964a774c4d710a2d866c35676713e6c8f5e700fef60c7e3ad983efac02ef4b253b8526b92516c33618a3b393470672d77aa5e031f8eb660fbeb003bd2c94ee989ae2145b0cd86acece2
20c9785948300c73980eb1bb1ec3290881a75ea9470ac097526ec71deaec0325e165290031a2603ac6ed410ca122069d7aa51c2b025d49bb1c77abb00192f0b2948018d3301d63767f865111034ebd528e15812ea4dd8e3bd5d80b8d9916c7f5c210c0758ddac41941040d3af54e5855f0ba93763931575f
37b23271c0746011173c58f1a99a060417dd49805924f273249e8cb015733d087b1497bc74f05cf163c6e86817105f7526016493c1cc927a334455ca2f6464e38508c0122e78b1e353340c082fba9300b249e0e6493d19a22ae5220beea4be1c928339924f46370aba08b9e2c78d4cd03119756cae227108
065933f6c26ddf73acca5901755b320ed8f80e94e94113a077da86b7cd370066f4d9f621e7b2b32964069b6cc53b63e03a53a5044281df6a1ba534d90cb267ed84dbbee35994b2032cb6631db1f01d29d2822340efb50db19a6d276c7c074864a093d03bed433ae69c1d6652c80baad99299d5af01885c9f
1f771563d999d78273723bcda208af0b72d14b3e2c7dc237c4ad6b6415d816da309092bcf3b1cdc8ef370c22ba2dcb452cf8b1f700df12b5ae14575e3eee2ac7b333af00e6e4779b86115d16e5a2967c58fb806f895ad70a2baf05b968a59f163ee11be256b5b20aec339b91de6b0045803dd4f314d0e943
227f0444a3f58140e088234dd4832b21b45a6db78a9d5134afea724818902bbc5fc51aeb0fd382208d37520cac06d169b6e66a7520d2bfa9c962623f04fe08894c0b0271c110469ba906560368b4db73353a92695fd4e490312030da2d36d9b54eb09a57f539240c482704411a6c9419600f6878c8c8d18c
11a40743f67e3ad3067b7aeb34888313a6d1fa2f22be43c7612f7128526c04e9b47e8bc8af90f1d84bdc4a149b1c19edebabca2212459a5d96b5571b389765ebb0a50cb3db14e0b4d1159c042f82a244c5c5e1c0a474046ca04009d368fd17915f21e3b097b89429363833dbd757944423cc052b0fa67bba
11d3d7031786ed0143ecf87beef4a10d2e004335c6c8b054bc3d059b75ff134b8010cc69b231152f0f41565d80350fb3e1eca3d2914d75c6c5154cff3f85b81e30024ff1e89708fd69062d1067d206c43f601148bb6205abcf132697002198d364622a5e1e82acbb002a1f67c3dd67a511ca3d6d96b57319
196d852240e89f604983a906af5a83274c43e9b0b396b1957a4fbe9f6c0c19d310fa6b24e5b0655e93efa7db0311260ea419b56a1316994f25d53f382fa41f2d231f53625e58b4f6acbb8a2b4d9e01fa6795915fa33c93f0d19433a621f4d649cb60cabd27df4fb606224c1d48336ad420785641a2541fb1
1d02f8cacfadceb2263357934088e22fa5e131b67ce7e0e3879f10062f252be9784c6b8f3a0338e1e7c3d00bca2898cd5e4af22390ee09f2c9ced4501feadc4c960a53f23bd2f647ec31543e4286d583abc8c3d7a2f6fea13eba17d2f098db3e73f271c3cf87e2179311319abc9a04471174eb571610b6ab
1d97d41aae3a9511f96dd35e7c91253443117972ed78714d398fd20e2b0a1d10c45e5bb35e22534e63f4628ac337e5b74d76da44a2c74f28ce4c65f73c24e50945b58472036f5f9bd002b7098f5e80d768f7a089df66c58775a63a2188bcb766bc40a69cc7e90715852fcb6e9af1d48931f5c6e01aebbde0
3794408b52fe2ad397523384005117292259fca1c984c3ea1b6f2343ddc30a48967f28726131fa86dbc8c077711e5d48ce0ef944600b2faed61e43f00b8544a33d7f2f816353041ef49ba7358f9dcaaeb2a1219f88413059c20a14912cfe50e4c263f50db79180eee23cba919c1df288c1cb3bba5658e69c
0b989d818f0fb331c399f64f1172a0398cb01b3b15a4b07089400344f7f71e632c06cdbd69311c225000c0bdfe070e67d93c45ca83b46a8948daec5d28b7f0ccec6549d02676d498d9c8523d0d8eb621997a8041cf980c150cdb3cc6580d9b7ad2623844a001817bfc0e1ccfb2788b95003983328632ff9b
054df18211dea781a1846ca681487f30f6eaf3a9a456f2c2e043636579851c3dbabce96115c3b0b810d8a7de62168611b298fd2201e0daaf4fb929ab07e7cbbe9d3a5e2174eaee6edc8c65050bf7397508644353de71a532f7a2387b7579d2c22b83617021b191bcc32d0c236531fa440080e4eebdfc85cf
3e7fc087cf7fff83fc087cf841fff727fc087d14dfff13c087cf81cdfff139ff021f4a5fff53f021f3e1cdfff11ff021f3f8bfff23021f3e01cdfff93cff810fa31fff73f810f9f0c5fff50ff810fa0cdfff13810f9f01cdfff133fe043e98dfff13e043e7c1cdfff13fe043e7d07fff42043e7c01ce0009
000000000000000000000000000000000000000000000000000000000000000000000000000000000000000000000000000000000000000000000000000000000000000000000000000000000000000000000000000000000000000000000000000000000000000000000000000000000000000000000000
358141408fe93291cea69f13620443097a893a4d8eae50ea69f137ee4429160505024c04ca133a9a7c4dca110b25ea24e9363ab9417cd91ebccf9fdf2b02828123f265139d4d3e26c4088612f512749b1d5ca2be6c8f5e46cff02c0a0a04980994227534f89bd622150bd449d270957272f9b23d799f3fbe
0c7e7ebf2bff56022d595cece4833e168176c1b2f9d932d595ced05833d831f9fafcaffd5800b56573b4160cf61a05db06d00764b18325e16510403218fcfd7e57feac005ab2b9da0b067b2d02ed8365f3b260c192f0b288201923f3f5f9641aaff16acae7682c19ec340bb60da00ec963064bc2ca208064
299f45c07f84adb1b4b40665f7956509fe6b1110a388f24a9204dcb7f657267d17020652b6a1a3f516b46f34110707b21832c737b12a48137363d95a133e8b8103295b5369680ccbef2aca2cfab12334dca7f0952409b9b1ecad24ff35888641c48347ea2d68de68222fcfb2e2d7e37a92549026e6c7b2b4
190e802c595f21e1eea53308463cd603aade1ef2507b512e378b3f40568a243a00b1699c8773ffd72216a1cd4316803b400679a250b8de2cfd435a27321d0058b2be43c3dd4a66108c79ac29160af056f601d25c6f167e80ad1421d56f0f77183db3ffae442d859a8505fe518124a8daa171bc59fa86b44e
224beddd6c5f86d27107b9daf3fc1134b4cecdf7dfbd70cc9742f8c537e1092fb775b9be1b217edc91770d165a0afe78738da74143325d0be314df840497dbbadcdf0d90e20f73b629f82107a94ee9710a6fe1992e85f18a6fc23a5a6766f9dfdec2fdb922ee1a2cb43cff15e5f318ecc264ba17c66bbf07
2f07cc37328dbac2039f24b75b40ce3db9e81a129d4d213aa0acfc116cd73c1f30dcd276eae13d5795c1a224bc17d99a9449bc2110ea82b3f087b35b1e0f986e693b7570073e496ef8819b2275f53305450462754159f822d9ae1edcf40d094ea6927aaf2b834449780df2e67610a33731d50567e10f66b6
24bd06d6d7e71be27e82901d9ee1c51800c73e599687d04ccc0a1cd6b23038fcf0100a5e6bf29c39194fcd67f41eacd85382e1da02a7a3dfd84395e0265bec5b964e81214e1c8ca7e6b3fa131fafced0ccc6335bbf99caa19e4931f9e02018dcd7d16148005bf3380633f41480eae70e328d203a1f92f1d7
1cc56fe0e6c21ea1bb3cff13a54a7f1eaa68c07a49a7313c6b790053b6e50aed52afec670561c040778b7b954134643898e845a6824f3d05eaddef0d2f96b14226360bf2e0203bc59ccaa107490000a0017fa288b245bde9147b15daa55fd8ce0ac0a2467b771541d72dd9e7f89b1a54008e9eb818bc3768
3031fbbfcc4ec6a2205a4dd634b3e5234f5d268d30c33246c3695d759dab3fa748bc4695abd1b896ad112658d633e746f7176fe8a3c1dd13711bc2bb3d190dae319df570dc4b5688932c6b29e9a41e85811e2345d4d08b9f7bcf3f4e9178914b5791b94dfed3f06d493102d26eaf959f30cb6c29120744fb
3f0a22e2e3021e010e1ed8294ffb873196ca0a40783f737f69c320612a190e0254bc8651d7b15f03f0b514a7db0f5bc589c4f9c910d8f229fe60d1ac1d0b0a37e0d634f2af81f85a6953ee0436cfa2727e85c1c8a013e76989131c04a9790ca3af63c0c72ac39e064d2870f6c1486fdc42e817c6565c6e76
3ae148902ab58ac004df257581835429b5052af8b6abb3502f8ea237e50008d09f10c5e9e322dc4f201df4840904ad9ed61450f461bd7ef6215c351516cbccae46f91c436e27900ed942053260cec8081f50832e9e68b2195f8011a13e218bd3c640be3169b650b93c0026f92bac0c1aa2ecbea0d550d4a9
11be24f45c7765b3f702c972207659048f2eb914a8fae2df3ce12d564fd41a505a3b9aa8c3d2b58295b9b51f9d04b8c0fca8c7fe802e2fefcee8bda006c733ba240e63035ac14adcb98fcf25d373a0be325e225e379d9e07299134a0b477355187a31a9213ed661bda3fb8164b8ef3b2d3bca2045a76f157
3f5054f0be4052c3fbb96c57bc34d81de47b54dcbdcc328c0276a6af990804366655674ad7834cb6d886e8f2772b3c179e4f7280917a6edf9d2086450894d8612c0ed693a65b6c4353793c31d4c82a122d6731b01dc07b8ac0ff086cccaace95af025f19537bc888651fddcb62bde1a6c25cc4ec0c577d9a
1bb4a82b33b67c12d02b9f8cf0cffe2e75f94759773602f52769cb96a3ff28a0c0115b2d03a06d6202f7e4d4ab0dc969e196fac393081e16b520f87b1a8771a8850cae9236b1017bd16a5639cdd13c996eb583d01b74f16443b611418022ba7a0733ca7d0964d8866a16815cfc67867ff02a6f8c108ef53c
00043e7fdd67ce9043e7fc087cf7f80043e7fc087cf7803e7fc088117ff70010f9ff129f3d410f9ff021f3dff8010f9ff021f3df80f9ff022045fff400087cff99cf9e2087cff810f9eff80087cff810f9ef807cff811022fff60021f3fe043e7b821f3fe043e7bff8021f3fe043e7bf81f3fe04408bfff0
000000000000000000000000000000000000000000000000000000000000000000000000000000000000000000000000000000000000000000000000000000000000000000000000000000000000000000000000000000000000000000000000000000000000000000000000000000000000000000000000
02c485e0d69e203147d4f0981e05d2305e3c43a69bbe4166e7b67194a4b90b1217835a7880c11f53c260ba17470178f10ea6cef8d19b9ed9c69492e305890bc1ad3c40628fa9e1303c0ba420bc788751577c72cdcf6ce329497210e258ba5ffba2323ea784c1742e8e02f1e21d4d9df1a3373db38d2925c6
3d3b7c1ee1219ff2b84b0b679bfab70fa1e3b8554042529b18098de963d034edf07b90e67f92e12c2d9ef3eada3e878ee1550109426c602638298f3e3a76f83dc6633fd1709616cf79f56d1f43c770aa8084a13630131c14c79f2f1db7439be25de1c2585b3e29d5b33d0f1dc2ae221270d8c04c70951e7b
180ad8f678bb4112a1a4a45559aa8509a24594e3c7357319a954c93d1d5d3e6b15277097f91286929155eaaa12268916538f1cd5c066a55325ba75713015b1ecf1768221434948aaf5550913448b29c78e6ae23352a992bc3ab924d122ca6fd39ac38cd4aa647d8eaf350d2522a8bd54334cfa2e03db256e
05335f50437f79c14f7ff1118700363c7bada6a1e2e621cbd15b85801d803bcfa23ff64851013dffc4465e00d731eeb69a93eb98532f456e164275ff0a66bea086fef3829effe2230e006c38f75b4d47e5cc3397a2b70b003b001e3dd6d350f17310e5e8adc2c00ec00a7bff888c3801b0c8740162caf90f
1b760fe10b44e032631a0ee43293bf0b62791e54bd08d13241ded46cc6d806d61a85596916718c683b914e4efa2d89e47952f42340c9077b51f51b5f36ec1fc21689c060c6341dc8a7277d16c4f23ca97a11a26483bda8d98db025b13c8f284e84709920ef6a36636c3318d0771f849e03125f6eeb41fc37
074bcbd9ac21e531ad0173b480c2982e80d3be1d70dcc1fc44f0ddd20f5d3eef7e19335c9fb2b405ced2450a5f3a034ef87e0372e3f113c3778a3d730e9797b35843ca635a02e7690185301d01a77c3f01b973f889e1bba41eba174069df0eb86e62fe22786ec807af0d680b9da40614c1783e61b9946dd6
3172aea533cb2cb3f0f18ee0c1a6041091480e24f1dbc26ec26ecb022a7804245203893c76f09bb09bb2c08a9e0fc3c63b8306981292f41b5b3e9c703834b4ae2f5ef061b00108a02d509d3e046eca2c4400f2aba2c8746c59860848a4071278ede13761376581153c1f878c77060d302125e836b6bf38df
2c521dad7d58baf128579ef45fd33735126ae9aba3a7529b66a48c675f603d449aba67d0e9e0a6d9a92319d7d814a15e7bd0774ce27315bf837a087b34824572ffc5ebc1b16c55ee4ac3592030a753b4191d40978a611e9bdbaa3a893574d3c1d3b14db3524633afb02942bcf7a0ee99c0e62b7f073610f5
3f78d005ee80c370fe31e407619aeb0800f224b375d710e05dffca89728932003c8929c575d338177ff270dca313f8c7901c7e6bb2c0c7eeff103b1b3bbab4f4826f9b73c7b52af8113c5a2cb6fa77fbcc16638c0d627e60eb962400791257aaeb92702effe523b94527f18f2038fcd761818fddfe627635
3961ac482f4ee910116b2daab62e7035911907cd6e8d73970500850e880e1d644641f253a362e5c1402122a2040045acb6aad8b9c0fc288b8b8c087818a84347596c88a21242a276957c710a18f681b5af13d11d76482bca2fab3ac88c83e4a746c1cb828042874407008b596d55b17381f85117171810f0
39c4265c9f893f90be91f2908938b437083598a4b820019f7b82f18ea3ff0dc20d66292e080167dee0bc53290002fa47ca4224e2d0eb852240aad62b347d898d2c72d9638db79dffa751d60f19a6bf3afe46c14f8abec1f4286b1b841acc525c1002cfbdc178a6520005f48f948449c5a1d70a448155ac56
041dc0de88b22a702f5766aa664be431ba5f2fc7697f916a6ea186498aa03c6e97cbeec25ff05a9ba8619262a800bd5d9aa9992f9146f893d1615d9724984549a0a72ee2935d6a6b3c914306bfa830fe1296b1098be023450eba38dd2f97e1a4bfd0b53750c324c550017abb3553325f228df127a2c2bb2e
1da8e8da05221642c84f7dc2c7a3581a9165a2b0dbd560bbe1b73fb0037326a45968aa26f5612ef86dcfdb80dd0b213df70b1e8d60fd4153c2f9014b0cd8877ddcaa0fe22fe1e3804629c23f16f9c50905dbf217065679d4e9f90d48b2d1586deab25df0db9fb701ba16427bee163d1ac1fa82a785f20296
0dd5bfacde89ec321e671979f9935d3973cda07c98a1d2910b109b6e27633e5cf3681c0e2881a442c426cb09d938799c65e4ce4d836ed2a0ac9d59f118f768143690e7826eb04815cd22211605bc931af0fa0353f83658b64a2d3cb9e6d03c3c50f34885884d9613b230f338cbcdbc9af2dda541597cb3e1
3fe7c004429fbff27c0043e9ca08713e7c004404dc0793c0043e800287bf3f9f001116df0191f0010fa17c21ea39f0010fbcd021130010fa00d01f293fcf8008895f80d0f80087d1c610f13cf80087ecd8101380087d00470f8d3f3e002210de0393e0021f40e843dc33e0021f5cc043120021f3ffd23e69
000000000000000000000000000000000000000000000000000000000000000000000000000000000000000000000000000000000000000000000000000000000000000000000000000000000000000000000000000000000000000000000000000000000000000000000000000000000000000000000000
3bf2e3a74e3ccea32e3a75216ae9113f2e3a751d8ce92342c485e0a0fe212fcb8e9d45533a52e5b87aa95b15063cb8e9d48293a4510b12178349f88137e5c74ea0999d3172dc3d54ad8a833e5c74ea3f39d23285890bc183fc411f971d3a8ec67491cb70f552f82a0b3971d3a90947489216242f0693f102
03ecdc58afa2f172cdc58afe0d16f13ecdc58afa2f17007d3b7c1edd01a00fb37162be8bc5c10a4785d5ceeaed3b37162bf51c5bd1f4edf07b74068007d9b8b15f45e2e28523c2eac675773d9b8b15f87e2df0fa76f83dba03401f66e2c57d178b82148f0bab9dd5da366e2c57ee58b793e9dbe0f6e80d00
178105bdfdc992430fad7e7045c3b038105bdff13923b3ff0cfdf52325ac1e0416f7fb4648f03eb5f9c1dd0ebd0d53bf5196327673fc33f7d55296ad2f020b7bfb9324821f5afce0cd875f3020b7bfe6924753fe19fbea884b573c082deff68c91e1ff867efa9192d61aa77ea32c64ece3f867efaae72d59
276bc127afe77600fff6d5dfffe89436bc127b23975f71a373109db44a6f1daf049ec7ddd7e3ffdb577fffa2501f446f4bef2b1c528dcc42771329bb0ed7824f63eeebf1ffedabbfffd1282d7824f64b4ebed346e6213b6894de3b5e093d8fbbafc2d1b9884eb925383e88de97de5638a11b9884ee685375
243affb11ebcd3e16c16b75820b44a03affb1210ed3d73bd365e935459ec10ebfec483334f61b05add60c4d1270a6bc6e8ef475742f4d97a4e1767ad0875ff624199a7b2d82d6eb0416894075ff62421da7ae37a6cbd26eab3d721d7fd8906669ec1de9b2f49aa2cf614d78dd1de8eae81e9b2f49c70cf59
1d19b9693f53a4029c44f5976f9f8b119b9694121a3f902049a6dad0377b3466e5a5016e8ff27113d65e427e2a195c0a7e879b169081269b6b40ddec3a3372d27ea748013889eb2f213f1523372d2824347f2040934db5a06ef628cdcb4a06fd1fd21024d36d471bbe32b814fd0f362d21024d36d681bbd8
2e7b7b0363617b409b789c3144d7d026f9e1a3d119e0838958a0a8b6b17d39edec0d95c5ece3e2562829fc2c602cf27f616414e6b2256282a3a0c5f11cf6f606cae2f673f918bdf37de98916f81a4e9c17a8e312b14151af62f93fced11d0bef0173c4ac50543a58bf245cea439e0989038b9575297d5966
3597061d95a50023c902b5a027acfc34083db6dc01aa620667e1abcf1d98165c187662f400508199f86af3c76612118bfac29b7e50199f86afc0765e2b2e0c3b2f6a0033a1e0befdd300a81f1a0229e8ef8e700ccfc357e03b2f39c312ebfd3a6ef10333f0d5e78ecc2836d980778b98a36290ed6bc9c5d8
194c3169ef69cf4191ad6a3add6bc61e1c2b78ed3c99c3b6145b9aebec9c2530c5a7c1c73cf0ed8516e6bafb271c47d1209727f862d8516e6c75b26d329862d3ded39e81dba8d2466f180504724cfd7ebda3436c28b73619d93725af511a213465b1db0a2dcd75f64e163f06e4a3c1b723fbc6802f53061c
31b15c5a6f4c55316191a48266ba80281d209d49b1b8e18646be17cc4d2806c57169c99154906191af85f3134a0c16bd3119ad6a22191af85f73349f2362b8b4e2b8aa518cefd6ab32a9e21bcdce871068b8e30c8d7c2f989a5013fd6bbb6bf1c870c3235f0be62694354a1d358b83d043cb0d6241597749
2c0e523dba65e4f3979dc262a3146b16c34658b418e7836cdf148ca7cb02303948f6f1d793a2db37c52308f2c124eb9c3826a9bd21b37c5233652c05181ca47b78ebc9d3bd7ad032efbe561773bcf62c192de2d9be29199196031a00090606c00801b66f8a4653e58137beff38fa445413ce2132e4db49fd
0d0cfa37ea5ed2d21489088e3c90d10f928c54461fd3500d8235494106533433e8dfa97b4b4103608d523fc1950ff3cba57b5661b03608d52504194c1a19f46fd4bda5a0c8cfec5fd3ab8b0c6be02e28e7dce01b046a92820ca60d1a0bf4b550aab206c11aa47f832a0c324de906a7da8220ee06f4249154
0d7a26716d2f6600b59ff10d38134a20afa61d6e48ff90839324db7dbd3a35e899c5b4bd980220e4c936be6f4f0b4d45c52de282f20e4c936df6f4e81af44ce2da5ecc020358b54859b58414d507ed66991f41072649b6fb7a741ec6518c2e08c1c041c9926dbede9d167e9a7d9808bc90ed4746d02910b2
30d57e335e3242b1f67ee0f8e39c1a3f6f1bc22d44685035efcda911639d0355f8cd85290a930d7bf36a12d8e83730b8a55cb79610d7bf36a4458e7421aafc66c0848551d2ca634bfe33ec005922ec1fb842806bdf9b5222c73a3ab8f89921aeed921af7e6d467b1cf0af3306e57d069526eadfd66d34f62
3fec7fe7dce43d92c7fe7c0211e7f13ec7fe7c1d23e7107fe7c005047fbd3fb1ff9f1cf0f9131ff9f0029b9fea3b1ff9f01def9f11ff9f001411fef43fd8ffcf9ce87c118ffcf80255cff13d8ffcf81d67cf10ffcf800a08ff7a3f63ff3e1d01f3123ff3e003693fdb363ff3e01eff3f13ff3e002403fdf8
0000000018bfffa00000000000000000000000000000000000000000000000000000000000000000000000000000000000000000000000000000000000000000107fffc000000000000000000000000000000000000000000000000000000000000000000000000000000000000000000000000000000000
01395cd5afcc3f1395cd5afdcbf0fc1395cd5afcc3f101bbf2e3a7357ccf04e57356bf30fc408404121b2134b10e57356bf72fc3f2efcb8e9d17f33b0272b9ab5f987e224202090d6f9a59272b9ab5f987e20377e5c74e6af99e09cae6ad7e61f881080824364269621cae6ad7ee5f87e1df971d3a71e675
3ea6a30a0c13c3026a30a101b02f062a6a30a0ff1c2f1243ecdc588a82f23a9a8c283caf0bd37bf3dde4194b4229a8c28404b0bc210fb37162ae0bc63d4d46141c4785f1bdf9eef20ca5a114d4614202585e1087d9b8b15705e3353518507d7e1792f7e7bbc8749683135185080d8178321f66e2c55c178c
399e35ed549bf7b1a1bb61caa3134519e35ed5837f7a23178105bdcc49932678d7b55ecfde9286ed872ace4d130e2c0da9725eb9905e0416f7f72649333c6bdaad57ef534376c39546268a33c6bdab06fef4422f020b7bda93250cf1af6ac1bfbd138bc082dec524ca2f37edbdfd3f6990bc082defee4c92
1b5b3530c47efda1dcb7173c28fa8b35b3530c60afd9a0276bc127afe7762d6cd4c3161bf67372dc5cf0e5ea2b3ec844ad15830f109daf049ebf9dd836b66a6188fdfb43b96e2e7851f5162b66a618c57fb3304ed7824f5fceec1ad9a9863057ecd013b5e093d7f3bb256ee0a2c1aec8513b5e093d7f3bb0
1240c7a4395d38e2da005e8be3f923240c7a43a6538dc0a43affb1167cd409031e90e994e37368017a3013e48a299356bb414d660290ebfec459f35024818f4872ba71c1b400bd1809f2450818f48750c71b714875ff622cf9a812063d21d329c6e0521d7fd88b3e6a0046db0b7eb8d54121d7fd88f5e69f
1485cd7f2547e5f1a791406c8b3928085cd7f2691e5eb01d19b9693f53a4121735fc993f97b29e4501b26ee49f3978674e19f5d2507466e5a4fd4e90290b9afe4a8fcbe34f2280d916725010b9afe4d23cbd603a3372d27ea748242e6bf9327f2f600e8cdcb49fa9d20b127753ba22fa00e8cdcb49fa9d20
28b211d99e5f78e23aef4b964dee291c7e3aab7fadbab32e7b7b0331e17c3cbf72b1db1be6e0cb9edec0cc785f3bb9e96edbe01f00b9edec0d8d85ed348245055a5ea8506dbd193f070f8827cbb88ae43e40425cf6f606a5c2f718b8396ae501dc21973dbd8198f0be2e0e36b7a103982173dbd81b1b0bda
396abec2feb62bd0e6c54d13af4bb83e8920a7ea8dc3d3b597061d5be5010dd367dfbe1a2413ed65c1872579412a86e7f6d3865532d65c18763594013cc9ac05a8da88e357c6a38c0cd99514c4995d7fb5f5136b2e0c3af9ca013c09e90cc560a0e3dacb830e8cf2811a1f46b4719bb161acb830ecad2801
202d7a5cbaf07741e51a2fb3a29d162dd96ffa4bf960b3194c3169bde9d001d68fb5e6e74b70c6530c5a6f7a743aff462d0f3af8806530c5a7bda73d23a5de8ae1008643c80fcd002857ac07bd3328040b7872329862d3bdd39f0ab21dfaa4f84d318ca618b4def4e83f32d0da9f2bbef0ca618b4f7b4e7a
247480183fcfa683fb1adf5ecc895831fd6f1319047d8371b15c5a39ac563ff8373019953a02dc6c57166d6b163ccb3f37d0db2fc1c6c57169acb15529f23bbe6d0d53f2ca5d2a736fd5c828173b2eb543f0d2e362b8b4b558ab02a6b6ff61197171b8d8ae2d1cd62b034fea1d6872a9838d8ae2d35962aa
0a5e328e9fc12d9299a3ff4b501ac9172ad8bbaff381906c0e523db645e50c2d4d6a7470fde31b03948f3c117a06fbb28eeb87e711b03948f6d9179433b3298f52145451dd60b7e92a4db23f0bdeec06674790d81ca47b6c8bca36528549ce046a423607291eba22f304c3209d5a7a0003607291edb22f28
04581476eb9943b1867a44e3e76c0a0f6bb24460b5c040cd0cfa37ddfed33e088b718599e1b133433e8de6ffb5193b155937e4a5e33433e8df77fb4c25653f1c6c12efc0e0c144fda74a9b079f9bd2832e03a19a19f46fbbfda615ba4b68471b790266867d1bcdff6a28bcbf04b14d01826867d1bf31f697
0d6901f87ef0b4224a341f3ca9864f2178b707cf8c04f00d7a26716d2f662eaef54f9df943c2035e899c3a4bda365aa43c6bddb30035e899c5b4bd9810ddd57156933713f495957af6a3ca166c8b84c6a262001af44ce2da5ecc1c4c9e3dd774c33006bd1338b697b3361ae49ef6b80ba06bd1338b697b30
37a2126b559ef050962ba4d72c18c12514eb4758cee2f170d57e3349924324ba2a48daa8ada15c355f8cc1e4912b6cdbd0d4cf3cd1c355f8cd68490b0c26038495de2a12fa27195d34b9c1068808dd9abfc0a2e1aafc66932486098ccd767375e132b86abf1983c92211c840dae74f726386abf19ad09216
23ffffec8407bff3fffec8004a00393ffffec81f7bff83ffec7fe98e04310fffffb2185effa3fffb1ffbbe01013ffffb20065000d3ffb1ffa0ce10f107ffffd90c2f7fd3fffd8ffec600793ffffd900117fff3ffd8ffd14e08711fffff6430bdff43fff63ff5ae02113ffff64010c00193ff63ff3fce21e9
00018000000000001800000000000000180000000000018000000000000000060000000000006000000000000000600000000000020000000041ffff000300000000000030000000000000003000000000000300000000000000000c000000000000c000000000000000c000000000000000000000c5fffd
2c1cc1915875c0d1cc1915b4bc0c5001cc1915b4bc0c50c1915b4d8ec4f9307306456a170323306456d332313f07306456d2f03143efde1a24a55b8218398322b50b819398322b697818a00398322b697818a18322b69b1d89f220e60c8ad84e063260c8ada6a6627d0e60c8ada5e06283dfbc34498cb703
13e13e4ea349ff4213e4ea48fdf3b13e13e4ea451ff3c13e4ea491ef3b080f84f93a9147fcf04f93a9247bcec2384f93a920dfced00fa1e55994a48927c27c9d4693fe8027c9d4923de7613c27c9d48e5fe7727c9d4923de76101f09f275228ff9e09f275248f79d84309f275245df9d901f43cab3294912
079f0ef36b664811f0ef36be2080e239f0ef36ba8480f0b13d661c73cb151e7c3bcdad992043c3bcdaf8c4038727c3bcdaf67203934f7a445c5ce02c0f3e1de6d6cc9023e1de6d7c4101c433e1de6d792901d1a7bd222e2e70163cf8779b5b324082589eb30e18e58b0f8779b5f1040713ccf1af6a83dfbe
15b7d8875ac096937d8875c23568aa1b7d8875c0a968b0630c0811803e6a16df621d6f225a31f621d7099ba2a52df621d706c5a2b32e7a1a7e5cb6a52b6fb10eb5812d22fb10eb84acd15336fb10eb8152d163973d0d3f0d5b532dbec43ade44b46031860408c01f351bec43ae11ab4550dad9a98623f7ed
2f332b1793e8351332b1796efb50443332b1796be35052a092eb083f50643cccac5e57e0d420cac5e5bcb3410d0ccac5e5bbed4110e001b1e92584991e66562f2bf06a126562f2de38a087266562f2dbe6a0927000d8f471c24d399958bcb3e1a831504975841fa83219958bcb77da822092063d21cae9c7
3371e92d9df26c731e92da1400c633371e92da10a6c64046e3a70ac8a62f0dc7a4b68429b1907a4b6850c918c91c7a4b684efb18d09109f04094e4ec26e3d25b4004d8d23d25b428438c652e3d25b4256d8c704884f8204a72761b8f496d085363222371d38543531838f496d09df631a2a42e6bf9093f30
156456b200f6f513049ab0431d832716456b20240f50b30015da53c8645815915ac807fbd4318e381eb2f9c6cf1915ac80945d42b2a2c84766587de42ac8ad6401edea207ef95721cec4282c8ad640481ea161f05060ea9121fe2b22b5900ff7a8632c4b912335344f322b590128ba856145908eccf2fbc7
1c8882ace94216f158d8eea4fa957308882aceb1016e915687ac9c2c897432220ab3a9285bb0e43f2232a6b2f92220ab3ac405ba43e5aafb0bc958b039110559d2842de2b9d35b37cbf7af1110559d6202dd23eae7d3a722d900244415675670b7508aa5c9f6839fda044156758c2b7473cb55f617d4b15f
298dad68e9b2de128fb2eb6f923f1818dad68ec46de063d70041bb7e7acb2636b5a3af0b78211a1c370de7bd28236b5a3b15d7817080b5e972ebc1dd131b5ad1d785bc124b3e6b29d1bb1631b5ad1d88dbc0c0e433f5d11bc0b20c6d6b476236f030fe04fbc234af3206d6b4762fcf02d1016bd2e5d783ba
0c85233163c0ff10b95ba4c680e2c308523316486ff0d1ce285b96dfa2ab32148cc58f03fc43a2f08cafcba47f2148cc5921bfc34091d20060ff3e9a190a4662c781fe2174dbdbf41ea80610a4662c90dfe1a0e402b95d4d04dc2429198b2227f871fe2f17308d8976029198b2479f867123a400c1fe7d34
13f56e57d9590182efbcef2bdd25be3f56e57da61017c2f6ad4d54a4c0c30fd5b95f698405f2b62d4a90c827d53d5b95f6a4a05ed32978ca3a4d84b727eadcafb2b203000bad232265d8f33eadcafb50402f714d9cbf6672f79b1fab72bed3080be20c187064ead9933ab72bed4d60bd9252f19474dd096d
2eeecf37f369ee71381722bcb887892eecf37f63fee6516388435cc4a18a3bbb3cdfd5e7b9a2609790a81c71463bb3cdfd983b9921116051db9de50f1ddd9e6feaf3dcd1c6158c2728f6f11dd9e6fecc1dcc9238d13b4c21ad93377679bfafef73314f6e6cbde2780c37679bfb3497323222c0a3b73bca1e
3fc52c6077ec5d138217e7cc48a91f3c52c607bca5d0125a491dd9e64ad53f14b181ec117413a41bbafc4c05ff314b181efef7401235a407e1dac2d13f8a58c0f3f8ba11365fffe9f6c9fe38a58c0f7d6ba012cec59a59d799f13e296303dc42e8112e0417531107b52296303e020e80106b480fc3f785a1
16ef6696999eca223739d9931a6f2b2ef66969ae8ca1b3ca3b53ab8f477b1bbd9a5a6a9b2872343b6ec57585723bd9a5a6c27286a3de8849ad24fbc22ddecd2d333d94410e465c24d347291decd2d361394352fc5dd429770005377b34b4d53650e1008fb0b91699d337b34b4d89050d33bd10935a8bf783
3fe064001ccc7f120640000095fe713e0640001ba7fd9063ffffec7fe7c03f8190001c91ff1018fffffcabf9ea3819000017fff9118fffffb1ff9f003fc0c8001cb8ff100c7fffff5dfcf13c0c80001a6ffc10c7ffffd8ffcf803f0320001c43fe9031fffff747f3dc30320000131ff3131fffff63ff3e00
000000018c5fffd00000180000000000000018000000000001800000000000000006107fffc0000060000000000000006000000000000600000000000000000318bfffa0000030000000000000003000000000000300000000000000000c000000000000c000000000000000c000000000000c0000000000
1e76048d0a9328c308cff8dc759a8b1708cff8db2b9a90ec1cc1914c15c135c233fe33b2e6b2500e899585daee1c233fe370ce6a33b0730645305704022ddf668f3bb041280744cac2ed772e119ff1b6573521d8398322982b822b8467fc6b85cd50a01d132b4db5db38467fc6e19cd46360e60c8aa2ae07
2169fb70e0acd792f72fe72106637726f72fe71eb4638313e13e4e71ca0009bdcbf9c7ad18e1aff0f661b41d051bdcbf9c83118de04f84f93a8d27fd3d9220956c644fd2d7f87b30b90e830dee5fce4188c6f227c27c9d2593ff137b97f38f5a31c35fe1ecc3683a0a37b97f3906231bc09f09f2751a4ffa
2b555a7c76e080202cbd425e11e710352d6ba3df054713c79f0ef32d86493d4b5ae8f4a951d0b2f50978479c4001c7fe614d6303f31e7c3bcd7c19213ea5ad747844a8f0597a84bc23ce202a5ad747c22a8e138f3e1de69d0c913a96b5d1ed72a393e3cf877975c325038ffcc29ac607e23cf8779b3a3241
11e7f24e2f1e8e81b79bd8b225fa1d1373b77df80f70f1d5b7d8873de09714dceddf7cfbdc42de6f62c8d9e8731223035738cb627356df621d39825b0a6e76efbe7dee236f37b1644bf43a26e76efbf01ee1e3ab6fb10e7bc12e29b9dbbef9f7b882eadbec437df04c244606ae7196c4e2adbec43ab504b5
148aa58182df7ff28eafe1425031d908d2943bfadabb03ef332b175608360234a50efeb6aec23abf8509c4c7621ef62b9096fd4d83bcccac5e1e20d5011a52877f5b57611d5fc284e263b111a52877f5b57603de66562eee106b04694a1dfd6d5d81f799958bab041b3dec57212dfa9b03799958bc7e41a9
2df80dafcaa171938cf6c368b1f1152a8c4861e1d091227371e92d78d26d2aa312187664245233db0da38dc4513d1ed1b5ca945cc1cdc7a4b66749b23551890c3922123319ed86d1a5e229151890c3c7c12230e6e3d25b33a4d915462430f0e8489339b8f4969b69373a3da36b9948b9739b8f496cce9364
16c1bcc7a4ca86b260395791b8be281f10ea7b29f5fc63d56456b1c316f61b06f31e974a1ab2f55915ac4fc5be3405824ee5e4801355915ac7d25bd52d83798f49950d63829a34b4a7b6381a819bc55cff7593aac8ad63c82deb360de63d2e943561eab22b58e18b7b3282f01ea1a8bbc2ab22b58fe6b7a9
1144d93157e7d373ee64bfb034ed44085a9a13b2ba0f005c8882ace52217051364c563bf4db1172220ab28c88612a7142302d07f7172220ab394885c2289b262afcfa6e3eca4d31ded81381f64c63e090a0f00b9110559ca442e0a26c98ac77e9b622e44415651910c2961e9d0f7f59ae2e44415672910b8
329a580776ef5300d4e4ff57c5ca2a2332f78fc7a60ff3e98dad68abd2df0a69601de81d4bd1fa636b5a1a74b81954af750ac971f3a636b5a3754b792534b00ef1fea5f06217fc803fd4cd22f8bc27b67e6013d31b5ad199a5bd14d2c03bd03a97a3f4c6d6b434e9701058c38d8b04aa434c6d6b472c96f1
32d3c735d8b3bcd385f58ad3db53be11eead932335e063cc85233125e1000b4f1cd76f2ef310f32148cc49784034a84cca5d6fcf2332148cc55d83fd25a78e6bb5877991d5b7a34e5ddc5d30169653b249eb63990a46628dc1ff169e39aede5de621e642919892f080066d3c681b489a226429198afd07f9
17a8126846f3ff03820f27ff541d4b15ceec4f29c5db6213f56e57b859021ea049a11feffbf284fd5b95cd1641249561ce996de0a04fd5b95f6564062f5024d08de7fe03925d9b6c51d01617489fc1657b3fa027eadcafb2b2033d4093423fdff7e109fab72bdc2c8137128a65dfcc9b109fab72becac80c
258a5a336494dc433a9fd22d14e50b1f182c1e4f7ce2a26eeecf37ce49ef162968cd9a9370e19bbbb3cde3127c348c26cbf4a7b2a1bbbb3cdfbd27ba0b14b466cd49b87314fd7f9d8453ff3eb80dc163808560dddd9e6fde93dd2c52d19b3526e1c33777679bc624f815630435fd6a7c53777679bf7a4f74
015b3cc1d64d5db3ed63118552583d21a6c51f495902a3ffc52c603a0c5e056cf307593576c2fff14b17ed8318282c52470d4396c3ff14b181ae317502b67983ac9abb6072def639123f6803448e2e5859a923ff8a58c0b618bb0ad9e60eb26aed81ffe296301d062f103cb3815aeae423fe2963039e62e9
1a7da3049bd483e2ac8eda87b043cd34e51249159aabd396ef66965fdecb29f68c1273720f71e5bbd9a58777b30a08f88b9b0234d25bbd9a5a457b2934fb460937a907c33eea566997835229c542df3abd91f32ddecd2d01bd9513ed1824eb041ed3cb77b34b0eef6630a3b03acc25a6f0b77b34b4ccf651
37f7ffe080dfff137ffe0641cdfeb93f7ffe06549ffdb3ffe0640149ec731fdfff81acdfff11fff81901cdfb113dfff8191cdffa93ff819001cdb1f12fefffc0e4dfff12fffc0c81cdfd813efffc0c8c5ffcd3ffc0c800c5d8f53fbfff0338bffea3fff032018bf6323bfff0321cdff593ff032001cd63f1
0080c000000180000c0000009bfffe080c000000180000c000000180000002030000000600003000000060000020300000006000030000000600000001018000000300001800000137fffc10180000003000018000000300000004060000000c000060000000c000000060000004dffff20000000c41ffff
1bb11d109ef44ff24537c2bece4b8d2ba44c9c917d9bf2f467522a31682f1ae9132723576701bd19d48a7bda0c3914df0af8212e4079d812342a4ca337623a213de89fe0de8cea453ded061c8a6f857c1097223cec0919f4265235d2264e46aece037a33a914f7b4183229be15f4625c70f3b02468549946
335de2cf6529b002aac63d3fc7b278054bb1637ac261e00b78add49477ce2152ec58dca0988202de2b75041df40aab18f4ff1ec9e385a7edc351335f26bbc59ece735ff1016f15ba820efa05558c7a7f8f64f3c2d3f6e18799b002a5d8b1bd6130f005bc56ea4a3be7155631e9fe3d93c30b4fdb86e466bd
339d11269298c8b1da05820a2ee26d104a27d1f7ed89138453357d54d6170c829da11a90a51368160828fd89b301289f47e3d62432114cd5f619585926414ed08b385293b40b04145dc4da20944fa3efdb122308a66afaebac2d19053b4235214a22d02c10523d136502513e8fc7ac48602299abec74b0b1
1a74916a37cc0eb170385f1107c2d00b543373e91c722173a841008cd39a1914839d3e248211c0e17c44610b3f2d50cdcfa471c881cea10402754e672c8a41ce9d024112e070be220f85a016a866e7d238e442e750820119a7343229073a7c49042381c2f888c2167e1aa19b9f4d0390f39d420804ea9cce
3d92a1f43bf1f0c1e62eca6baaeb12000233b5941a3bc3f2ca56cebe0a7609c1162d1af9298398bb29aeedac470008ced65068ef03cb295b3bbe29d504e08b168d7c94c3cc5d94d755d6240004676b28347783e594ad9dbe14eb13822c5a35f253033176535e1d588d00119daca0d1de039652b677be53a9
1639bb3adcc53450af8f54785a2bb3023f6d048a9b851114fa32ae960bdc181fc7947fe19e92be3d51e168aecc08fdb4122a6e144053e8caba9a2f6f2c0fe3ca3de0cf515f1ea8f0b45766047eda0915370a2229f4655d2c17b8303f8f28ffc33d217c7aa3c3135d9711fb682454dc2880a7d19575345ede
20c237d535366d20bae231a9d5491f26394151e30bae22eea216111376660308df54dd19b462139e6678a331ea18e50547946eb862bbbc1bfdb978a001846faa6e8cda33a7a67875428da80c7282a3ca375c30ba5d0ba37572c8131ca0a8f185d7121ad20d63f104bb25d7118d4c9a4903598ee8986c9dbe
33ac1e58ec755fa1067b52cf99fae212a7d792b57c48b33b4480df77933d0eb07963be357e5014721ded51608a0a9f5e4ada1122b381f51a8fb8a0d527583cb1dd0abf32ac398d99a8d8d9254faf256af891612f86fd086293692953ebc958ae24622f15d0af3586a00833da967ccfd7111b9a59ca38fb9d
306e66cab7900b0061c5c209f6306013cb7e7b5c1eede3893405de5fe7d101b99b2aeaa02bd247c71852ee50890f2df9ed749bb77089098fe33cdd7c20dccd95734015f2f83a212a5c5a3d2796fcf6b83ddbc30940b14d1c263109e5bf3dae0f76f0ffde1993913c76030e2e104fb18302d016d6dff7c326
1667afb34ca923d04835ad1d12306f1d1686ca165e146250aa656c479c24199ebecd36c48f3280c22afdbcd979345a1b285d9851705ec0959044f7c72ccf5f66995247a2a0ff1318b9414e3a2d0d942cbc28c22acc9d900ea72c0e8b43650b2f0a312ce8dfee16a2ca2241ad68e68183839b31e6e697729f
3c69a89e70542e00cd4f6ef8a0eb820ffefe51fb7707a0dbdc0d6df87fdc31a6a279cdb0b7d0c7a6a5689767d73ffbf947eddc1e82487604980e617838d3513ce4c85bf38a0b25126af6971ffdfca3f6ee0f42235d16e3407a1507ff7f28fdbb83d36ecbf21f80f696066a7b77c5075c13be1e7eaabc56a0
16dc7ab955394b604c527efca134bf20e299c5a6167751f0fb459876f0a31b71eae559052d71940bee3a8b9fe4038a6716a099dd2354d06cb7f56d912db8f572aa7296c263f660e290700401c5338b504cee91e03ab45fa273f730714ce2d0fb3bb0c2ab24c893bb23226293f7e2f9a602f68053975be9b4
14faa9f64e2282a16609a11530283837c4ad6129a1da813550fbd73f8db213eaa7d93caa0a738a6c0d90c9ad601f12b584b2e769d04b44098d5cf99e29f553ec9c4505422cd05a2feb6d5d2f895ac25763b4f1bc872da6c0c52e1be256b094d0ed4303c3550b4b7e7b0b304d08a98141c073f4bd2e7f228f
38beac85b783833353637d6e5bbab831d5045d2eb355d3e092b07e90f46322fab216ea6e0c9022e7977bd42e7607541174c72d57128bfa2f83954939317d590b7327065074e4e5bb617a0723aa08ba6186ab92eeefb2bdca798238ea822e9549aaf04756bd4348a54c1a9b1beb72ddd5c12afa7d28bdcf3a
0003f7f820e063003f7f8000163ff0003f7f801f063f03f7f7ffe273fff0000fdfe020818f00fdfdfffa28fff000fdfe001918ff03dfdfff8465ffed0007eff020c0c7007efefffe1c7ff0007eff001d0c7f03efefffc319ffef001fbfc020031f01fbfbfff241fff001fbfc001131ff03bfbfff04edfff1
0ac00080c000000000080c00c600152c00080c083fffe00080c0000001802b000203000000000020300108005c30002030083fffe0020300000006001580010180000000001017ff7c003218001018149fffb00101800000030016000406041ffff0004060000000c02000405ff3a000b004060000000c00
31f564c3fe0e0d73546a9c3dbdc7ee0a4ef30ebe8b590146a9c3df367ed30293bcc3afa2d64151aa70f7bd1fb52d51aa70f4e71fc16ec474426b514023eac988003c1ad2a8d5387bbd8fdb0f5c0fd1072153328d5387be6cfda6052779875f45ac82a354e1ef7a3f6a1aa354e1edee3f72dd88e884d6a280
1e132a4af571f2c1348653c00037f33639fde14bd4a6d348653c010b7f2c3d8e7f784fdd29c0d2194f0042dfcb14d2194efef8dfd0cd778b3d94a6c03c265495eae3e582690ca780006fe631b5d20ef0beace290ca780258fe573b1cfef0a3da5371a4329e0085bf9629a4329dfdf1bfa19aef167b294d80
0e18a61d67cd71413b6941953e9a7b088ab26b44150313b6941954f1a7ac3be335da87ffdb50eda506553c69eb14eda50653f269f1ce74449a39e3233df19aed41efedb276d2832a7d34f62a76d28327e93502e73a224cfbf19237c66bb5141fb691db4a0caa78d3d629db4a0ca7e4d3e39ce8893473c646
2e92479354b55f92d623b2d4c3df6112d39ff09837b3c1623b2d4f13f6052c44d44f8660aa33588ecb53937d823b588ecb4ff77d9169d245a8ceb03b36226a27c1205521ac4765a9c9bec13dac4765a5ebbed2b4e922d446581e1889a89f10e15452b11d96a768fb0336b11d96a40efb12d3a48b519d6076
14793e88563274d1340af374edfbec1de4c1c9c3c5938340af374fe7bebc1fe9441f109ea7a0d02bcdd3f9efaf04d02bcdd3b7efb0f64a87d0efc7c30ff4a20f884f53d26815e6e9dbf7d8226815e6e7cbf7e27b2543e856e3e23fd2883e213d4f41a0579ba7f3df5e09a0579ba76fdf61ec950fa1df8f86
0ecab5a4f96aba31a885f81c8b89fa05ab09ba57cdb5c2885f81ca449f9a37aa392edbe0d2f2a217e0727027e726a217e0701e27f358e6eceb4194d23bd51c976be06983510bf0391713f433510bf035ff1401ac737675a0ca692f54725dbbe1a5d1442fc0e5224fcd0d442fc0e45c4fd2b1cdd9d6c529a3
08789999479fdf3384f74500c487b82384f744feb487c2db28cedd609fbb389434f4091a3e909663e13f46362d0e13dd1403121ee002fcfdd7f649462561537dfc28ef63a93171fc3ff2840709ee8a01890f71b6519dbb033f7528ab429e85ae73d273c9c7355aff6a1c27ba2806243dc149faf8f62ee3b3
2f1b1ae04ffc1e038dbd50f814e9f23b8dbd50f478ea03a59fb82e3fd9820c592f45bdd68733d667f896af87fd2e36f543de43a7d24567744d5e75943064a7c8934fdc214d5cb71245cf4c371b7aa1ed11d3f34b3f705cc1b303138ece82c3c7dc80cfb711acd689fb1c6dea87c0a74f91c67d730d22d48c
3f5bae8b03691f9312244bf28e74fb1712244bf14475020932b67000b5450bad4a2e33fc0a732af49cbc213deb1c48912fc931d3f3918691b87b7833261fdfea971b50c034dc50c435ca642e244897e288ea0012656ce0436a890b3fd7527974ef00cc7166c1470cf03891225f9263a7e1e4491ea5309987
32ba17c7128433d1bbc7ad6587cfaf05bbc7ad6545cfb04257a5e92a994624a4c795c6fceb63012919c58f95a416ef1eb595173ec06dc7dcc8c2a0762606a5352782fe91ac3df7e1c198da0b778f5aca8b9f6084af4bd255328c0f29a26c6c8e5f020b798dfb46d4b72dde3d6b2a2e7d80843ce39391a4dc
0ce345c604e45e2224aa608161924b1624aa608017925357aac27fe75ae63a7ee1b2b616c8235d2d1b637d96591892a982047e4931f1ef52082cc87739e248f91e7f913214a623ec532b1b2c4954c1002f24a2af55850010b5cb0e6f7d107a879c10bc160d98ca99ff3125530408fc926317bf779b30d111
0b2cd4b82538302380a92312fcc8d43380a9230fe4c8e17afc4d74db25be3f22f5f2921aa0002decbf4c0fe7c70e02a48c4bf323528787f0af965b9b0f9f59afd578ba70f0be8d47a6b1392701524623e991b2f5f89ae9b64b7c29b275dafb86fa03f03482908e55321c05491897e646a35b7f861bef3c8b
0530869cd4d6230321c1453a88e2872721c1453836e2913be310f28465c92427239acaa11100ea231ea26658e21c870514e91b8a2059328168a5ccc81784681da3433a3011a07553bbc9a50e43828a748dc51277c621e508cb922e200a525c18bfa2a67beb84662107390e0a29d2371441794736cc3a5f28
3938205d2da3ffe17c0ee646df258b157c0ee6459525936166e232e6ea472d807fd1c123d1e180ea6ff5e1fd5f15f03b991a749631d6b2f538c8998c3d51ed5adb4d631258dae4934968032af81dcc8b2a4b22c2cdc4660fd48d042c5a0125ff18b3afefa9f38250f42be0773234e92c607c9a9140e06071
3540000414d7ff1000003f80c9fdfb1400003f941ffdb00003f7fa0fe0581500000ffcbfff100000fdff07f80c100000fe129ff7b0000fdfe20f81802a8000080ccfff1000007f0193fbf62800007f073ffbe00007eff20fc0b82a00001fd87ffea00001fbfe0ff028200001fc253fef60001fbfc20f0310
3ffc0ac004a0bff3c0ac0007ca00013fc0ac0003ec00100ac000807e00013ff02afffde3001302b0001fee00013f02b0001c1000102b000201f800043ff815800d617fd38158000fd600013f8158000bf8001015800100fc00023fe055ffffe60012056000401e00013e0560003c40001056000406000000
34e6e32de992f0b375cee0b8e9698a3e16ba06dfc819435cee0b91f098930f85ae81b7f20651d73b82e46ba6252dd73b82e195a631c7d5930fe7b8362f0f9ca84d3b4022eb9dc17214d31336eb9dc16ebad322b9dc17242331251f0b5d036fe40ca3ae7705c8d74c4a1bae7705c74b4c538fab261fcf706c
3b10acda8cbc0fb00331a837c4947701624681fc87e510331a837c494770305891a07c09f9500cc6a0df1251dc100cc6a0de0a51e0784ca92bd5c7cb30df8368c8a2c0000663506f8928ee080663506f0528f0663506f8928ee020b12340fc33f290198d41be24a3b820198d41bc14a3c0f0995257ab8f96
0715c752b963a1b3c4629ce10dca0d0fc4629ce047ca104629ce14baa0c10c612c53d4a73553118a7384fd28313f118a73811f2840386298759f35c526309629e8439ab388c539c25d94191f88c539c08f94221c314c3aae9ae318c258a7a94e6aa22314e70a3c50613e2314e7065e507070c530eb3e6b8a
3cc607698eb714326e08fd1fd322d13e6e08fd1bf522e2e08fd1ff842d0725daf8ff8adaae41b823f47fd08b4239b823f47c348b53ba491e4d21557f12ed7c7fc56d5720dc11fa3fe845a13cdc11fa3c0a45b3dd248f266faac00bb5f1ff19d55c737047e8ffa11684337047e8fc89169374923c9a84aafd
3342888dd9f7ebf0fe27bb41b797ad0cfe27bb40f197b3e27bb41c3f7acd1d00132e85270083f89eed06de5eb433f89eed03c65ec351e4fa212749d40e80099742938041fc4f76836f2f5a19fc4f7681e32f61a8f27d1093a4ea3a00265d0a4e0103f13dda0dfebd6727f13dda0bacbd72a3c9f4429093a7
28f2c8a4b36b5e61e16b98dac3777725e16b98d871778216b98dae05776931084739924f1b3385ae636b4fdddb1785ae636a05dde13b2ad693d52ae93884239cc7178da3c2d731b586eeee0bc2d731b502eef29d956b49c9957522108e7328be36530b5cc6d6e1bbb52f0b5cc6d40bbbc27655ad27aa55d2
2bb3f9c1c9e8532129d81e5b3054b82129d81e592054c1de5255964919002ecfe7072fe14c60a760796d0352df04a760796cc152e1ab2b6b7b405f681767f38397f0a63253b03cb660a9700253b03cb660a973bca4ab2c9232001094ec0f2c902a614ec0f2da06a5be094ec0f2d982a5c21aa84c845cd56b
2819d71bb23fcf51b77fb7932aa4e629b77fb79096a4f2a74d5940c1277520675c6ed13f3d22ddfede4cec939726ddfede4a9a93a33c784cfdfd80e71033ae37689f9e936eff6f265549cc136eff6f254d49d14e9ab281c44ee934dbbfdbc63b5281bbfdbc9a1b272d0dbbfdbc9955273134ef9cb5fab0a6
2ebd331f14943102ee2021c6d2d0a91eee2021c504d0b12d25bfc66aabc73af4cc7c5a90c3e3b880871bcf42a23bb88087183342b2e9459c305ca8981d7a663e2d4861f1dc40438de7a1513ddc40438a09a1625a4b7f8cd5578e2f771010e072686371010e37e085433771010e3486855229de0e5eeeed3f
133cda83cc952a91321ca7a684d1013d321ca7a2a6d112baa1ebebc81e170cf36a0f3674aa30c8729e9a55440334c8729e96fb4410fb1b688e7b58c92679b507992a552264394f4d09a2023a64394f496da2117543d7d7d23c2d3e990e53cf43689190e53d34aa88062990e53d3216881334fad5e8ff0870
28e8e620ccf8f1e129eda240bcf4cf0529eda2407af4d30602b28ae83edf23a398833c23c760a7b6890335d33b14a7b68901ebd3420777114d901b0c11d1cc419e11e3b253db448179e99e0a53db4480f5e9a20c056516127dbd2294f6d11e2d7a714f6d12066ba676294f6d1203d7a681c27e7dde9fb0c2
2fa3d24cf42eb46322369f36cb839f0722369f368983a3d8465019ec98a03e8f4933d8fad16088da7cdbf40e791c88da7cda260e812c6aa3520869021f47a499ec7d68b2446d3e6dd9073d0e446d3e6d130743b08ca0341b313f03911b4f9b44c1d111b4f9b7e81cf23911b4f9b44c1d0324f473193991e1
39ed0044cf7a1f42b5f650fdc2425336b5f650fa68426030132fd2f34c0827b401134a487cd2d7d943f78d094a1ad7d943f60109502109d751584d0d33da0089a3143e716beca1fbc684a52d6beca1f8f084b060265fa5e698101b5afb287d342131afb287ef5c129335afb287ec0212a372df07d3616cc1
179ca8ef3590a363e052f1f1f711fc13e052f1f0ef1202c45eaf4197522b1e72a3bcda628d73814bc7c8a247ed0f814bc7c7dc47f0df98a7e5494d422f3951de6b2146c3c0a5e3e43023f727c0a5e3e1de240188bd5e8370a45509f02978f877890302978f91868fd91f02978f8fb88fe0f84f1bcfa3d4ec
27fff5400843f763ff5400020d7f713fff5400255f7e73f5400005c5f7f11fffd500294fdee3fd500002cbfdf13ffd50001dddfd13d5000011addff10fffea8014a7ef33fea800024cfef13ffea8000cdefe53ea800009bdeff13fffaa00109fbf43faa00003c9fbf13ffaa0001edbfb13aa0000218dbff1
3f407ffc06a0009007ffc0ab3a080b3407ffc0a7e008107ffc0ac00080c03d01fff026e002101fff02aef82034101fff02abe02011fff02b000203003e80fff8116001100fff815674101e280fff8153e01010fff815800101803a03ffe051e004103ffe0560004060203ffe0557c04023ffe05600040600
19bac669e63007d2b2ad962979ff7e38df7c3c4909706089ee3c5f39486e26eb19a79ce01f32227b8f17ad521c237df0f13085c151d39b8cb795cbc333758cd3cc600fa1113dc78bd6a90e31bef8789632e0b113dc78be7290dc1c6fbe1e2484b83044f71e2f9ca43715956cb14bcffbf3a737196f2b9786
273c298da5b88740bc51e2d7d4f16f168f833cb35f80b2660953a88fc6951cf0a6369f221ce3998254e9f271a61a3e0cf2d19e02b1ec42b36a22703f0e78531b4f910e71ccc12a74f938d32d1f067966bf0160cc12a751618d292b47c19e579fc0633304a9d426e34b25e28f16bc978b83d88566d444e07e
13d8b08792c7d4536601576ba7f65c2c3a72fbeb46c9c2601576bdd965b30b0e9cbefad1b27198055daf65d96d03d77c1df48d3ef1b85fb14676382f27b1610f258fa8a2cc02aed791ecb71874e5f7daad9372dc2fd8a31a1c18161d397df5a364e3300abb5ecbb2da07aef83be91a7de370bf628cec705e
2d54f7ef7e773641d5316e0ac90b5621063fb1053bc3c15316e0ae5eb55908418fec414ef0f354c5b82b662d573fc4d964c4a170306c16e2dc7188241aa9efdf010e6c73aa62dc159216ac020c7f620e978770360b716e38c41210831fd8829de1e2a98b70570e5aad3f89b2c98d62e050d82dc5b8e31048
11b3f8190d603ad2b9cf1af46c039b0f88c0d7f61b4b539cf1af495439a633e23035fa6ed2e2e73c6bd2340e6a027728bf30facbb3540b5d015233dc2367f0321ac075a1739e35e91a07351f1181afec3696a1aa05ae80a919ee27c4606bf8fda5b1ce78d7a4aa1cd304ee517e61f59762a816ba02e667b7
2b303f80f90f9cc128ff31938d189504548d8d101045528ff31939d9894c3115236340ec1160a3fcc64e7662533e648606010efcf207c28e974d83d116607f01f63f397251fe63271a312a08a91b1a20208aa303e1474b85c1e9222a46c685f822b147f98c9cecc4a63cc90c0c063df9d00f851d2edd07a1
18a891dd96f254813801a01195124d1a2a91d6c676d21173603712c680d1368aa475ae85b49040c3984c21661e2ee689ff551ab560ceb4a00443a24d3b45523ad532da52700340232a249a177344ffaa8d5ab1c3d94da699879f2d1548eb612b6911c5882dde851d6329c00d008a9892720120d069b68c21
195670a5ebd2b390f3886f705453c52e5814efb268ed63064506c6b774f22b96053bea8a3b619c3fa89fb953aa0d48b0be24a017f2adf7322cb827a915cb029df5451db1e710dee0a8a78a26a4585f10400c00c58808d6e256d3172c0a77d93476b0742ddbb1d890b8279c437b80929e31d242491d0bbb7c
2b8dff7487f3005239015a0f7ac56f0129d3b807803c11f28df82084a45e304a74edfec80f12d371af5f98354b0b3d2282f0201fd22e7158eb4bcfb238253a76fd5407907202b41f378add259e914176000ff3dbf495d1239f4c2094e9dc01b01e10681f59f36a13b731c80ad079c62b82b12daf9ce4ea16
268ee66a7d9c8b9098a4173c905e050345b5334b8576a24add9c599eba0f20d16d4cd0d15db02de1bfdbd17e970f294be904d1e870478d7145a16f733068b6a66658aee131482e7920bc0a2794a5f48058f4421f330b6abce30201a2da99a5c2bb500470a9b9af611e24c520b9e272f0329e7a8156367e0d
1a68098d0e4c0382d65b61c3b6930c0c294a45b5037a605352bd87028852230a52916b30dea18e1c24261045a82e92b1fafd51dbd02650c4fc36835011852948b5986f51acb6c387af2617374958fd7c98edf1124a7715548b010614a522da81bd3250191bd6f7cb7316b2db0e1db4986048251c6f2e7e36
1568f08303f58ec135fe1ef0cc2ba20e452bc0f908b4f10ddda68787b2cc13914af03d3a2d42e88c34a2078ef5327edb611203a473c859f073f6763609c8a5781e9d16a26bfc3de1985744393f6db086f1d24019ff763dc3f849272295e07a745a801d880e0113a33e09aff0f786615d13474c1463d8b875
27a07f51a015db827b77098ff29d4c2116ea894a0003b1f9b7375d2e10bb1845baa2517800f01fbe3b6228709530734d25dd83ac535cdcf7a51705c22c22dd5126ac0080f6ee1320273a973839a692ecb1d6334553a4b29dcb40308b7544a2f001e1065eaabf3fa6c213dbb84c7f94ea603882d94669889b
284e5e19f4f63a9236fdd8eeb1dec435446da235f21f03ade5d26198a3e40d511b688d7c87c17b3a4bb5c05e210ed573e4ad090ee1c146b70fb4073d06a88db446be43e06dfbb1dda5bd87076ab9f2568487728995f683d9d8841aa236d11af90f83c5a93e3a8de99c11b7eec7758ef62113f2ac7d8bb036
07c0a800121fff100a7fff55ce00313c0a7fff581fff70a7fff5400003f01f029fffe57fff4029fffd510800f43029fffd6ce000129fffd500000fd80f815000033fff2014fffea98c00723814fffeb45fffd14fffea800007e83e053fffa9ffff8053fffaa00001f82053fffabce001113fffaa00421fb7
3fffff407bdc0a93fff407ff7eac013ffff407fba0ac13ff407ffbc8c0013ffffd01fbd02b13ffd01ffec0b0013fffd01ffae2b013fd01ffefe900013ffffe80fbd81593ffe80fff3f58013fffe80ffb615813fe80fff7d380013ffffa03fbc05613ffa03ffdc360013fffa03ff9e56013fa03ffe0140001
29ef57a5738a9e232919120768d23d3812b1bef27919e3bc87b0cbdb071627bd5e95d66a7860a464481e6948f1204ac6fbd6446752f21ec330321c5513deaf4aeb353c325232240f13a4793025637de91233b3790f6197f80e2b14bc937805ea5001de43d865ed838b00958df7b0a8ce92cdd6334f10803f
15d0a9517c6cf1e0d6f65cf78c2e4d03ed5db008dfe6b0446f3f2b73017b1742a545f5d3c7735bd973de30b9340fb576c0237f9ac111bcfcadcc05ec2ba152a2f8d9e3c1adecb9ef185c9a07dabb6011bfcd6088de7e56e602f62943743f75b2301222379f959880be1f6aed8046ff358139e14c6d2dc43a
14daba4add24f4e06a4ac75b2655ab247cb7117ff6b9511f8f714072b0353b494074071c7dc347e3dc4feb2c0e11f2dc46081ae5234f62c21e199f5229b57495ba49e9c0d4958eb64cab5608f96e23040d72923f1ee280e5606a323e5b88bdeb5cb28fc7b8a018581b36d368ba4b47e2629ec5843c753ea3
2eb5dd6a9262f1c24a00f17260c2041cb880b233fb25331c046271fb40bc0db748156e6dbd40c701189c7ed02f32e202c8d40c94b0b553dfbdf9dcd91d6bbad528e5e3709401e2e50384073971016467f64a623808c4e43881772e5c405917ed92a18e023138fda05e216fe03257cb8a916aa7bf7bf3b9b2
3749c2d5b0cf4b61b5ef9d8da43d762f476fdcc86dda60e3048d9652b6b53548b40e4d9482d338c12365632dae3d1dbf7329f7696346cfe0640400ec2e9385ab65be96b36bdf3b1b487aec1e8edfb994fbb4b1c6091b2ca56d6a17a3b7ee6436ed32718246cb085b5b3e8fa445ac7c71328d9fc0c84a01d7
06a5a386af39ee4395a5c7a4dea9cf2783397d7c724642df797ec7db473c07b6bbafb4e5c250b7de5fb1f6d1cf1e0ce5f5fa0918e0acc0fe03e43e730d4b470d5e73dc832b4b8f49ff539d0f0672fafd048c71bef2fd8ff88e7713c19cbebe3923216fbcbf63eda39e292c1bbdb90019615981fc07c87ce6
231a42ddf6f2a703a00c601a65ab0a1456e32bce02226331999c6e41f00a2515b8caf17088a2cc66671b6f7c033479ae0155a8401062a247765bc9522d90c525a3012bb36633338d96be0228adc6579c0444c0315123bb2de4a90a2b7195e701113198ccce3720f8051d006300d32d5850c5448eecb792a4
040d6190f9a23d623b0caefbda5356115f5d4ef7e914d028f7e4a32a643e3457d753bae245420a3df928a999100f71a3bb8b1284836559c2977dcacf089cdb00d0b14751051efc9454cc8822beba9defd229a3b2ace14b9de56828afaea779e48a70147bf25195321f11d86577ded29ab2cab3852f3d959d
13cdd3a6a97f5840577482a0493b6116ee72c797ec12f205e54dffb38fbf15bb9cb1e4f304c18179537fdc63f03f04b4efcacfe383ae37fdd1ee4c023a593091f9b27ef0c0bca9bfee31f82ddce58f2fd825e1d71bfee8f726012b773963c9e6098302f2a6ffb8c7e022bba4150039db135c6ffba41e9803
33c2b36cb92a0141dd250b7b3150220a692744faefb252eed8c2d9ab2cc4329a49d13ba3eca0bbb630b66acb310aadd8a1d92cd0339a3b99a9c4f22f27a7afffe8422a725ddb185b14659914d24e89f5df64a3cd1dccd4c17918253493a27b67d931776c616cd596620ee9285bd98a811334773353cbe45d
3bd721bcded91792ec19272d0637df066016edab79d5b1121e2d1da2dbcd119805bb69d6757344878b473736f438772028c0794ff069a0263439300e1a7177c6686b0691a243c5a39b9b7a0cc02ddb56f3ab6034d0131a1c980723300b76d3aceae2890f168eb06de73760c9396621bf00d3404c6872601c
04979b8c48e00922df6c28b5693db230486de3b85c6631fb11a1f79a78d21c121b78ed0f19927ec4687dc59e351dd6cdbd82b200f055a3c20c0fd63b3e8dab83691e90433f62343ec1cf1b2090dbc774d8cc522ad1e105e6eb1e382436f1da1e3320fd88d0fbcd3c6916fb6145ab49ed90ab4784181fac76
3c095f940a52113059dcc0f4e2da670d358c20f5fe18f3d7ff0b5423a453134d63083c778641f5ffc2d4f869152ae2020430aa32909e81fd4680576e1b35c22d2afb9e62faffe16a5b348b1a6b1841ebfc31e04f40fea3402bb7269ac61078ef0c83ebff85a9f0d22a22cee607a506d3413d03fa8d00aedc
0fcfbb7c1994d0c1cb290df2c7284d251452423ac8b100cf5d53890c1887094514908eb22c4133d754e2328622313327b6d5c30d73a1397867a258eb299ca18818f02ec099ebaa711943110a28a48479b161f3d09cbc33b02c76128a29211d64588267aea9c4650c442e59486f942942734272f0cf86b1d5
0803c7c0c4dff4903c7c0a820f53f0003c7c0a883f5363c7c0a802053ff0200f1f02b07fd440f1f02a020d4ff000f1f02a20fd4f031f02a002aaffed10078f8168bfe9a078f815020ea7f00078f815107ea7438f8150023c7fef001e3e05441fa971e3e054020a9ff001e3e05420fa9f023e05400177fff1
3ffffffffb208013fffffff3c5ffc13fffffffefe80013ffffff403dfc093ffffffff8e20013ffffffcfddff013fffffffcbffff13fffffd01bdf0293ffffffffa610013ffffffe7cdff813fffffffe3efff93fffffe80bdf8193ffffffff5e40013ffffff9ffdfe013fffffff9c1ffe13fffffa03bde059
05cb2e2dadb63700e681958502604535d01a427012a7f094e7fe74177521172cb8b6b6d8dc039a06561409811417406909ccaa9f92a7bd5e95ad2a790b965c5b5b6c6e01cd032b0a04c08a2ba03484e4454fd129cffce82eea42339b47b9c2a717524a73ff39eaba912e80d21399553f214f7abd2b9c54f1
3a3d11925340b9039d7a6a8a2a9f340ab3e1bd9b3c57a3aad802831a826e28f446495962e3d275e9aa29707ccd2acf86f66cf15e825742a545d0b3c8347a2324aaa171f33af4d514973e671567c37b3678af4355b005067704db0ca6b64640f068c1d56c01418d4137159f0decde02bcf0ae854a8be3678f
202694e9b725514301f25d37e3e6d93c074b615af38c73d3cd748f272a482878aaef733def30f4f35d23c9ca92301d2d85782e3192536ae92b5393d4004d29d3726aa27203e4ba7009cdb1380e96c2ba0718d129b57495a9c9ea3e03a5b0ab69c641e9e6ba47939524248e806a48ea01d0a6d5d256e927a7
0779939cb615aff34713458a5882580bc0ce36789e1613c5b470c324f2a630c620ddf0d8b632f16d1c30a83caa2f0338d9e2785840bad775aa498bc70ef327396c2b5fe28e268b14f304af17819c6cf13c2c225d6bbad503c5e425e0671b3a3f0b11e2da38619279530b18c1858dfe985175aeeb5493178e
0cd54ba61b943551accd720ae901712533128118c56dc3785708917749f80b76d74ff0682ab0de15c2245dd27e14cc4a046b55b6e2dd270b56a23d2e19aa974c37286aa3599ae415d202e20a66250235aadb716e9385ab511e97129989408c62b6e1bc2b8448bba4fc3c86443711bd8621ba4e16ad867a5b
0a1a0d5368e2a9b10244eb13f8966e3bfcebe6e866f0f06fa7102e5eaa39158862e29b88b0131be9c40b662a8f2ff3af9badfbc3901a968e1abce7b914341aa6d1c553620489d627f12cdc37f9d7cdd4ede1d20d4b470d3d73dd3dfe75f37223788237d388170e551d1b9339d80ba9e890352d1c3579cf72
070e4245acee9ed24eede054ccd8dd1f4d9a60014a0043172749dbe92f8007d366980052801291cc94db00509133423b0061f9cfa05c9d27706abdfd3578c3f50ad91b6348e64a6d5f28493e9b34c0029400822e4e93b8145eff0fa6cd3000a50022c675a03b7c76ae32776f02a456c6f0b93a4ee0d57bfa
162b1e49e4100893cbbd82039288153ef1e9969fae2803b7027f91846fd00fbc7a65a7eb8a03b334c50eaf919418a985087198e932dc09fe46d7bf3d2cd85472a58cddb1d99a628757c8ca3de3d32d437c4ff36e04ff234adf9f1f78f4cb4fd71403df91febf8c9e4d3e5dec101a8440b1b813fc8df17e79
1d6c65dc8601cfa2ae6a7df10649861f8700a8169d0dd278800ddbe6b96d37e1c02a028f438320875ab07363821d12c71275463031e20037701ee5b20d9654fdb6d76da19043ad5839b1c13f0e01502d3a1ba0f1001bb80f72d92fc38054093e86f1d22c511328fb2a157353ef88324c33c4006ee03dcb64
0d48d54fa6b2d81176469efa64a2e4117aaff65886a4f06d502a84dc3ae2145eabfd9519a9411c7d250b40b4bc229fd607fb1afbf1b540aa1370eb881ab3f3c5bf33d8208e3e9285a05a5e22f55fecb10d49e0daa05509b875c428bd57fb2a33528037ba5e75fc8eb10bb234f7d32517236a815426e1d710
3ad6dbb749e4b603b0b5690c4e38b307ac4c11adea36b14249aaa4af683711eb13046a728db2a42e09b4d6d77f01fc1a1822c872610926aa92ffa0db1870ebbb3e824373521704da4a6bc00f5898235bd46d62849355495ed06e23d62608d4e51b61b73e77b76b7ad83d85ab486061c5a2124d5525ff41b6
0732a3a22c766ce0221ae970cbe0542b4984bf47991c209fe56156e265f52ad2612fcfd64710fcd334310526110e2f4e8b141277327f95855b8997d403c3bbaf346b57b27e699a186193091693097e935238313fcac2adc4cbea15a4c25fa3cc8e13fae654020b26eb0110d74b865f02a0ff2b0ab7552fa7
2dd0147484cb5c711045843d6a0b911dea196f9caa6bc2c914419320a480077a865be72a9af2103f57bbdf71d61ac68710946965632451064d0691fe3ec32bee1bce34f1081fabddefb8eb3bd432df3954d781922883268348ff0ef50cb7ce5535e27da238f2010e2128822c21e9405c9248a20c9a4f23fb
0d98cb762e21f212ed3daa3faf8beb35ee912a8f1264a29bc2b47dd4d7f92d7ba44aa1b499300b7991b0548dc521ae7329eff7c3826f0ad1f7d75fe2252ec17c420a716205bcc8d80946e32bdd22552244c931378568fbebaff11af74895478932539dcaaebdf7a0673769ed51fb6c5f60de15a3eff0bfc3
0383c803e8c0a7003c803c7fa67fea383c803c9d0a7f03c803c7c2b7ffe80e0f200f40029f00f200f1f239fff020f200f21d89fed3200f1f0575ffc507079007b0814f00790078fb2cffec307900791d34fef390078f83a1ffd71c1e401e5f053f01e401e3e263fff001e401e41e33fe92401e3e070dff99
3ffffffffbdfff93ffffffffbdf4093ffffffffbdff413ffffffffbd40813ffffffffbdffd13ffffffffbdd0213ffffffffbdfd013ffffffffbb02013ffffffffbdffe93ffffffffbde8113ffffffffbdfe813ffffffffbc81013ffffffffbdffa13ffffffffbda0413ffffffffbdfa013ffffffffb80401
0e6ca5dfe5eadde2ac3f52ed689f001830d32f846963f0f0c3d4fc4960ba39b2977f97ab7782b0fd4bb6267bfe20c34cbe15c58fb0172cb8b6b6d8dc1cd94bbfcbd5bbc1587ea5db133dff3061a65f08d2c7e1e187a9f892c17433652eff3376eef07861ea7e24b05d1561fa976b44f8002e59716d6db1b8
359b9a2855b52331d7c1310e55707128532d547796ab934f446ac3f99635166e68a163348c935f04c43997c1c3214cb551e69aae20e8f446494d02e42b373450af8a4653af82621caae0e210a65aa8f34d57129e88d588352c692cdcd142c6691923a7a23561dbcb1b2ebe0988709b8391d1e88c929a05c8
3cdbdd6ec7112f8337422a7001d5262862c1e299cf9e025f194f2e19eaa411af2708b64fb2a097c653cb867aa92cdd08a9bdf754a0809a53a6dc954539b7badd92425ef26e8454e045aa4b10c583c537bf3bf2404d29d34d4aa327b27370c10d04012f8ca7970cf55219ba1153800ea9310134a74db92a8a
0061f1bd87efc030e230c1b65887f61e0c9e2a249685d2de7826f55505642889ebf508096ac0b79e09bd5541592388c306d7521fe11de64e72c7d6c000c3e37b0fdf8061c461836cb10fec3c193c54492d0ba08ef3273963eb603e2627bbd500bd616f3c137aaa82b20711860db2c43fb23bcc9ce58fad80
1e4c7a9d2b139ed20494e9cef167500cda278159ff69838de29161ddeee2122fc575d8a410f2e378a458567bb9081253a73bc59d4333552e983cd0d63c98f53a56273da00929d39e24ce9f19b44f02b3fed30199aa974c1e686b374d3b19ec5a3a41c6f148b0eef7711024a74e778b3a8266aa5d30bba1ab
3c8534c5f6eb6fc2d9e12222301cb62dae6169ef1a53f2b31b79faf332f513d521ca6f02c9b3acc6de7e8b4cbe2b67848886b072e12868354d930aa7390a698bf1f6df71b3c24444a2396b1b5cc2d3e254a7d294341aa6a8855423561e358997f4e3598dbcfd58997b16cf09111180e5b250d06a9b26154e
3edb3a0e418295339ac975f73a93d114f31dc413984853bb1b494392cb782253ab252dacbe812ca007e8c689173e6b25d7d9d24f52ec6d250f112ddd3623ecd2686d77f2965003f442448c3f3592ebead927b3763692876796ef2a798ee207bc2433186f9fef5144aa3cd64bafb7c49e91d8da4a1e645bb9
045ccb97587f6842afef6235c9b97f18c0ea5632fd7e9309203c4a7b3d9b39f97e3a990338e25bf95e9438ef271abfbd88d61ee6002480f12ab2f6692e8bcfc6594177c32dfcaf49fb77940d5fdec46b0f730212407895387b352c60752b176ebf5188a0dd1c290532357f7b11ac3dcc004901e25565ecd2
38478af2d2f3bec1348dc41fd7b7ed0ed0034fce6aada1021ea011dbfbe4003cedb1839c4ca0b10f9ec2351ed434d237107c46dfc0087a8047b1ef8f10a3149fb67529d05887cf611a8f6a1a691b883e236fe2043d4023b7f7c8076801a7e73556d316fb9a2e029c6629a46e20fcadbf7010f5008f63df1e
235fe0439966ca235e01eaa84ee2e4206b8c8f2bef87a106d64c67bd63b93810e3c6c2b50bc10eaa7074df98940d7807aaa13b8b901b59319f378ee30dade6cc16ea51c08755383a6fcc4a26bc03d54e8dc5d20dac98cf7ac7721035c64795f7c3d2847d6f674c231d1af00f554277172036b2633e6f1dc6
248e36237dcf3e400d658ddb0f8f960792c723e5eb62738149649ef553d6355bc4eb624137809ef3719960314d203596376a2e3e620525927c9b4f5529086d8cfb90cff24f79b8cc8f18a7101acb1bb5171f330292c93e2ca7ab23c96391f0e5b140d6be54b4af70a7006b2c6ed87c7cb00a4b24f9789ea9
3d483b7c6b7cfb133dd82a275df1e5210f7663dce684f1a280696cb57c59084ddcf5f848778118881a5ba9886c3cf760a89a5fc7a28a01a5b317f16333a250b4035d38608c440d2dd4c4361e7bb0544d2fe3d34500d2d96af8b23087bb31ec6342807c33d80d36b21c39eec15138df8f3114034b6671e2c5
154544c1c76804a27ff56bd9c6588211bc9a86f11766d1badaf673ab9dcb075842ed8d4f2d626399d9ab0f58d529ffd5af65096212eb6bd9cef0772b321d10cdb5c7bb8331ccecd566ac6b34ffead7b074b11375b5ece7573b9628de4d43767bb373f6859362258ac713ffab5ece32c411d6d7b39e22ee55
1a65de231aaf406167da64dddb7ba52ec1e6079e46f421598bc477fe051a27e735dcd205e3f2ddef636c99b4b9359f69937455eea1662f11e03a14670ef983ae955bd9636ef7b1b62bda5d1acfb4c9ba2af752b31788effc0a341760f303cf237a10fcaf36bb2d36f72b3ed326eccbdd32cc5e23c07428ce
2f800383e4e3c71000383c83d87bf23800383c8c9c7bd00383c805d7c0983e000e0f38cf1ea000e0f20301f0182000e0f23ed1ef100e0f20112f02901f000707ace78f100070790390f804300070791d58f790070790099f81403c001c1e54be3db001c1e403f3e0480001c1e43fc3df101c1e40204e0530
000000000000000000000000000000000000000000000000000000000000000000000000000000000000000000000000000000000000000000000000000000000000000000000000000000000000000000000000000000000000000000000000000000000000000000000000000000000000000000000000
0e69a3734ce0adb08c0a714ae7ac952c8c0a714811aca0c0a714aefec94e1c73782f6639c3023029c52b9eb254323029c52886b262ae7eedf6abcf430e39bc17b31ce1811814e295cf592a191814e294435931814e295dfd929c38e6f05ecc73860060538a577f64a72460538a552d64b073652eff2f56ef
118e6094ef079262f43612b55a4f6c12f43612b4524f7343612b587af6b5236c97f18d873c33d0d84ad5ed3dae0bd0d84ad5693db161a2122a1130be31b64bf8c4b39e21e86c256af69ed725e86c2568a49ee286c256b137ed6906d92fe31f2e7853a1b095ac1c7b5b17a1b095aad27b63acdcd1428ca91a
2b690e4b7284a7924d934876ddccdf064d9348769bcce0d93487702ecde72da4392dd2529e21364d21dbfb337a19364d21da6f33818f7809b6bd6e6616d21c96e9294f109b2690edfd99bd0c9b2690ed3799c0304e83698626720326c9a43b4de6726c9a43b7f666f4326c9a43b4de67031ef0136d7adccc
2fb15ea63ee57d80d58f3a52ebc41820d58f3a50dbc42158f3a52f82417d3ec57a9903d5f5e3563ce94baf106003563ce94baf10637a868c2c146ad51f62bd4c81eafaf1ab1e74a5d7883001ab1e74a5d78833dfe471108ca261106ac79d286de212ac79d297a020bf06ac79d2975e20c2f50d18586ad5a9
1eec3897fc27795306daeee1343f791f06daeedf663f806daeee165bf7843bb0e25ff4bde5301b6bbb8596fde13c1b6bbb81b8fdf10033253eb7a2a73dd8712ff84ef2a20db5ddc2aa7ef13e0db5ddbecc7f025d7867a49764600f836d776fb31fc036d7770b2dfbc23836d7770791fbd200664a7d6f454e
05eaf285c49de350ef83863d76479238ef838639da47a2f83863d82a791d17abca1712778d43be0e18f5d91e4823be0e18f3c91e50560c3f1c7c84160bd5e50b893bc6a1df070c7aec8f2431df070c77d48f30c273a10016d2ce1c77c1c31ced23d37c1c31ebf43c8f077c1c31ebb23c90ac187e38f9082c
237987c1d0cd8690b569f67195b05b14b569f6704bb0604e043d79a85e91252d5a7d9a02ec22d5a7d9c656c16c12d5a7d9c54ec1719bd5202a137117331587dcb4feaba16ad3ece32b60b6296ad3ece09760c2cdea9014e8b88c0a5ab4fb3825d830ec20236f2b505b25ab4fb38a9d82e3f6d9d071eb14aa
32827758acc501538b3e055912f2a13f8b3e055534f2b31aa5939b75a9021fe2cf8154453cb22cf8156511ca813e2cf8156133ca91a91c1e63866a2f2602a3ed31c46da3167c0ab267e5413f167c0aae89e552d48e0f31a235183fc59f02a88a796389420ad6ae6e1d3c59f02ac687951022e65cbac3fb42
166fe77ce8b4d830b2534d5da886bc10b2534d5ca086c0e754b0d246eb29042c94d3572821b2c94d3576a21af002c94d3576a21af006affd767f9f9c1864aed6dcadb7f164a69abb510d782164a69ab9410d800357febb3fcfce085929a6ae504363ddbe0e43abd72205929a6aed4435e1c23c5796979df6
0d9cade78baad0309da5d7c97f559c109da5d7c87755a10e30f2047c585424276975f00dd57276975f25fd56700276975f25fd567059eb39cf9f222e07d624a97da8ee813b4baf92feab38213b4baf90eeab402cf59ce7cf9117084ed2ebe43baad086062fceafbaea04ed2ebe4bfaace11aff021ccb3651
0cb8bc4a62cf8dd2bbf38c299522c62abbf38c270122d2b9bd2462719db43aaefce306a848c2efce30a6d88b162aefce30a4448b22c5cd1fccdeb5f322556d4b9c1873b177e718536c458b1577e7185222459362e68fe64e5afa355df9c61170917246c4efcc04081e15df9c614ca916312471b11bee79f2
2c559ceeaf6bb341a8e9b15992c80431a8e9b1567ac8114e3b159ceb25903c6a3a6c5286b212a3a6c5668d200f06a3a6c5664b2010cf8f1c46cca34a22a717919480051351d362b32590082351d362b115901067c78e236651a538d474d8a92d6412fc29e777789ed90d474d8acc964023ea41dbe33ae7d9
0f49175c043e89a32ab700c813238f072ab700c7d123927efc7cbd5ffe6b31caadc02edc48f0aadc0321128e391caadc031f448e40bd6c23011a33842813bbeae7160242556e019068471d0e556e018fa247205eb611808d19c223955b8061d891d2266626361e43553955b8063e891c80aa2a260e3b4025
3d42ab4cf4b500310ad0b117ba2258210ad0b115aa2262cb3cdab796f3442842b42c435a88a02b42c45f2a895f042b42c45ee88962c92f409b6dd63f18e220af90f9bbd215a1622f7444b00215a1622f7444b36497a04d95eb20108568588ad5113115b518dc9d453808568588bdd112c0d32ef118d57a03
3fffef802063c713fef8003a0a80313ffef800551c7f13ef8003859603b93fffbe002aef1f13fbe000e2c000e93ffbe000fdd20013be000e10ee0f113fffdf0023e78f13fdf000724700713ffdf0008d58ff93df0007095e07813fff7c0038fe3f13f7c001c3b201d93ff7c001dec401137c001c200e1e31
000000000000000000000000000000000000000000000000000000000000000000000000000000000000000000000000000000000000000000000000000000000000000000000000000000000000000000000000000000000000000000000000000000000000000000000000000000000000000000000000
281868f74af09a70201a43bff6203c10201a43beee20414e69a3733840ae2061a3dd340269a2539a68dcad102c0080690effd880f139a68dcd2302b71030d1ee9a0134d129cd346e568816204034877ddc40829cd346e670815c00c347ba6c24d330a734d1b99c20570100d21dffb101e2734d1b9a46056e
17e77700b4f7a5a3dde53c804be0452fdde53c7d75e052918e6094c5c7931f9ddc02d7fe9671a463982520f1e53f7794f1fe178122463982539b1e4a2fceee0169ef4b42d231cc126f78f31fbbca78ff0bc091231cc129cd8f253f3bb805affd2ce348c7304a41e3ca3eef29e4004f02308c7304a7783c93
3af2279d80ff8f038bc8673d57a0fb070742d807ccf0d13b73f463a6daa71dc454783ba967e14edcfd18d936aa1c1d0b601f33c343bef4ceaaea491a0ee22a3c1dd4b3f0a76e7e8c6c9b550e0e85b00f99e1a276e7e8c74db54e2383a16c01d678729db9fa31b26d54105bbf77affedc337de99d56169233
0cfe0fdf426769625ab4bbfbe045762b20982e926091628b7318fa88dceb3778dce1f267bbd1a2dcc63e91b73b2c8260ba51c24562730eb9dfee4d963bbc6e70f723ddf2d16e631f27db9e1641305d28e122b116e631f553b9d515904c17493048b345b98c7d236e760624ef098f229440e61d73c01e9b2b
15ea32137d326c6026351d785e6d5800aabaacafb71d81832a7e4374500c14282ae8ef1f9ba060ca9f90dd140302aaeab2bedc7601c767a318cc66470a141574778fcdd230654fc84d8a02015575595f6e3b030654fc86e8a01800555d5657db8ec0c1953f21ba28062d342cadfba196938ecf463198cc8e
272556615fb619a1ef4cd8cfe5952d1d2969663713495275e00c6d5687e42a99a3833acd3ad09d78031b55a1f934a5a598e06d2533065b34998f4114354cd1c19b569d724ebc018d89d0fd3a52d2cc6e2692a0ebc018daef0fc72e94b4b31979a4b13af00636ab43f23c2b1d9cccfc41020cb66933608227
21b43c1b00548dd124e203a5b886af23600b6fe7ab61d04960183bf33e1108d6643b803b0cf01a5f99f5389f9507e58a88131a0fb2362fee1143ce913e57016f3a3a149249c4074b710d5e32e28f38e2ba62212305a0e742baa1122ee055dde2e6702c9db5fc9a72613c102c68ffd5892113de942fe598dc
38a028179f41f451f2f9774478290b200e8ad59db77600f676276c8f84d72f5e2116cfa8d6522909668ce8ce9e20074bf4bb3d40d3f8e1efa6a160ac3aa5ec555d808e63e5f2ee88f05216011acae713a957015d84ba9bebcd4a06188197588d8a41dc4ed67ec1df602bce881512556f3032fff7fcec0b16
2981115fb760fbd01682dcc5a09d680868c768d1261af29f17c8680247b82d303f7d91df46525b4b5eb70750672f5afe545bccc490b9d1556e6e77f50948b711b465ad702d05b98b413ad03c566eaea9703d81c1cef18a48d66c1a82c82199acb490b4722b0733be4d242b2a089af34a134e98f513f20c51
29d4972b2c584471d0dcb329fca45a19a5193bc5f6aa81b9559d740cbab607ebb9a3dfecc553b25530f6345d4035525254c6ab45a19f7a218f1f53430a74e9d5e03abad3a1b96653f948b41fe6fb51f240a3202be40fafe9c9de2294fc8c668d591238d1cda23f7d983e90e4f651fbf91110be7054033645
0c2e1f1f96a8d2d1c0fff5cccc4319043a48d0144e7f40bf7345af826cbf08de4f6ba3b6888102bfeb9372319a37abf36bdf3607b39bb544132c14ef2215a9ecebcdefe381ffeb9998863211588656ff1656901db98fab434f6c071b134222eb8ef2af9890792c7b550a90ec8bfa83b9f215e6f4b169377a
3a8de7d21009af71ee66537e053dfc2062b0d6e87ed0204435d1aa39ffdb28f00f3d1b699e534ab6e9aadb2c142953a03bcbb38df22b70ebeed370b43e501424a0c92cf3dccca6fc0a7bf80ac13f6206a63ed35cd81badfc831b34a352c6dd6c1420693a8e8bd0caae1f69333eee1319a31b8d41bea692da
014c930ccee41af074fb99aeec32e20509b8e9b56166d20ee97a22154d4e23db0b77e03902024d16db5e2046ac3ed9057747f98c90c490bd7fa11d8307aa9ce064373d10e9f7335dd865c41394ff06495bbca1552eaf6ccb0c9e11b3417faa589133fa5b0dbde4248430bec081a340437187626a33067671
33f3d8e6967aa5f1445d3d317cb0a10b44d0b037620291d4cc79605fe1c323a015f63b5afe62b4516b4bf2980e3d2d2867240edbe2ea767f4b75e65b1e8215a71638a62288ba7a62f9614234e66b760e13c0b3c147a93c8ebaa62a632ef188ed78d33672a64703b85a2dec2d8e9d515e339e08f0d08fe08a
0000000010800283fffffef9ce38313fffffff14e03713ffffef81d183b93fffffffdae00d13fffffbe1cee0e93ffffffbfce0e013ffffbe01dc0f110000000000000603fffffdf1ce70713ffffffe0ce06f93ffffdf01d507813fffffff98e01b13fffff7c1cfc1d93ffffff7dce1c113ffff7c01ea1e31
000000000000000000000000000000000000000000000000000000000000000000000000000000000000000000000000000000000000000000000000000000000000000000000000000000000000000000000000000000000000000000000000000000000000000000000000000000000000000000000000
286582a6106fa200f1b5301828993b14f1b53016de9942681868f725d09b21960a9849fe87e19a061a3db8f42713c6d4c05f9a64f1a061a3dd1b426a10cb054c24ff43f2cd030d1ebb7a1429e36a602dbd3280d030d1ee8da135032c1530981d0fb3340c347b71e84e278da980bf34c9e340c347ba3684d4
179a7d59cb6862130e4acde715a7462b0e4acde481a75197e777009c37a61e69f56731c1883265f9ddc0060dea2c392b379a469d225f9ddc02b2de972f34fab396d0c42132fceee00306f5161c959bcd234e932fceee01386f4c3cd3eace63831060cbf3bb804e1bd31872566f38ad3a30bf3bb805a7bd2d
3eeaa7faa42a25d023bb66f8ba30fe379f35d7bfd580e2baa3f01633dae519ea51382ab38be3aea8fc055b76ba1e7cd75f0bb60350196ac33d468d133dd54ff54c744b91d7547e02adbb5d2f3e6baf83cb01b17547e02ca9b5c91bcf9aebdfeac0735d51f80af8ed73151b577589035c51b4f011f1648f82
1821f981a2a360929f6d4a124106e62b6550bca8c152d2d6fbfa60d6f3ea078a0b057b17ec22b5befe9814bcfb2d9542f2ab454b2316ad938e98f5ba3043f3034546c1235adf7f4be95e7e16caa17955a2a591adf7f4c1efe7d335b2a85e5250a9716b7dfd306b79f5084ab37a42289fc0ff5e006bebcc0c
0ce532beb16d2b81d0216971790de02254a6f8a6c1be1021ef3dd6ec58850c92a5fbedea43c3087bcf7589962209529be2a346f820ccff4d50f83bfc19ca657d62da5701843de7bac4cb1104a94df151a37c1043de7badd8b10a312a537c5150df1210f79eeb552c433a838f0dc4769ad017e40f2a1102a0
211330c4b736e663bd05e183293b320af7226eeba0ef53517097a35ee82d260d11c567f0a453d45c25e8a63a0c2bdc89bbae83bd4016e75baa907f2b02266189728dccb1ea2e12f4531d0615ee44ddd741dea2a2e12f46ffd059257b913773c077b3a8b84bd18e74172a98e5e2692971215bcbde05a11dc1
25720346d88764d32e2e76e627186b356957e32711f390fead43fc478ced209a29d2864c31e03f9166f776e683100abc5514d456a1d2ecf199baf7a6266fa095aff6cdd25c5cedcc9030d516f5281f65a78592f16422ab5d4f2c27068c3cb8fb0af087444bdcc499cf0c5a9003076a16f03c33a59565b9a8
136c673d3c25e5613b63cc45237e653756f52a9cd6cb63542b51e341d1e8017e7af8003e58e34ab2ba8f5424073d28f548bbda9643ecc2396c042141169f3591cbfca34276c7988a46fcca2fab9f9111e801c35774df7e7c2d953b6a6ea5dda4ff710b296bba3c05e82611dabd17b01a03886d066be35210
26bc1d4e66b8eaf12bf5050efd97e6117e399119ff1573fecc969b4d79941c3918f0aac47302b113ffdcbd3a5e13b0c6f58350ae830b5f029621255610d7232844ff1a0257ea0a1dfb2fcc0e8152ff3f423270ea95c81e432d1c3f6058263585a391644c9220d9573b2cd6bb4ae5db1e018379bd24baedcb
2fecc1dab652dc934c3520d727afb52f2071a971d7b5e21e3ec9723863fb3bb58ac3b7bb8d519fb6e7ab648aaa0b3fb40b7e6f7303756db502a57a1507d0e5883e307d92986a41ae915f690addac2d4e22b9d116ddd969acdd47177f14418004c6f06b4663a176523a2a6ba863bd6453e24f44af29a52f87
2199598291038cd2354e019c93a6dc38ae96dbe0bbe3115bf11d631a486a28f1ebc6395f21c2d3f81ad28fc0a6097d2b9b216b96b1cb5dbf66f601e4021578bd38ab66306a9c0339694db73a41226e9c111e21358dcd550745e70af5b1479f2185c0fdd77c5319692a2e335cea76aed81029ffc6d5f760a9
0f974867567f5d8366671988d0c8aa29dab19cf2c65ad0750f4581a0e0971d290ea985d8cd812aba01d68d56ca0f33a353f8f1b8a21c1c46f22b0dba34f580b86a2265b2ccce3311e391531db140ee1b355433552dc92fa8519e1a3e1e990ba3ee7081a74877843b0c2b29396f446f6f10d3cf48c07fe017
1845d08a684a8ba006cd34251912143c9b8a8427f24611ab4dc57e12e3bf29473e2b95700630945d4536d3c3741d204be122bd0950b9164b0581eafc2e29f9df503e98500d9a684a32242802b8a23b36bd7b034f71762f9a735b2cbc43bf8add6501c88d336c03efbc2d4d4d5554a73d00dbd2d3a9560b9d
102b6d84d8fc28f00e5baf9c6fa612060ecf22a296f8033d7461524f17de3b3b257f979841a1dc4b34f77c6dd328552230d0e2b1a3c58dca8c90d1281766811ff455f4101cb75f38df4c242a7a685ae47dab922ed34edd3d300c3e08d2495a483571eac69a401c5367043c2121f6f909b3dc330185ca92c2
3e8000001cdfee900000000082f7f6280000001cdef71000000001ff7ff03a0000001cdfbd10000000020bdff02000000018bbdf2000000001cdfff83d0000001cdfde100000000105eff4100000001cddef1000000001eefff0340000001cdf7b100000000207bff0000000001497bf30000000018c0008
000000000000000000000000000000000000000000000000000000000000000000000000000000000000000000000000000000000000000000000000000000000000000000000000000000000000000000000000000000000000000000000000000000000000000000000000000000000000000000000000
2f80453955ec9f833b3992c2b814be1ee71c2dfb9abed3b3992c2e994bd43e0114e55ff27de0ece64b0ba652f53b9c70b7f28afb30a1960a9841be881f008a72aff93ef276732585b2297b3dce385bf7357da050cb054c20df4436c0537e6f0f9c61d9cc96174ca5ea3738e16fe935f651432c1530837d10
127fbac6a1d340a0c4c66d3d03eac30118e3d2046340b04c66d3d104ac2d09feeb1a8b6d02731319b4f40fab0c04638f48118d02c35e69f566fc218924ff758d43a68141898cda7a07d5860231c7a408c68163af34fab35d10c5193fac818ccf63b2263369e861561708c71e90231a0582bcd3eace3a4311
3aabbae5ec3e8cf37acb9371055c8313c4829e1b2d5012ac0ad58f62683008ee9ce54b052860bc534ae12a50872e20104c5cee5432b02b563e0da0be355775cbdc9d19d2f59726e24cb9050086e03d4e1036215815ab1f06d05f29e2414f0b86a81178a695c254a10e3e006f4b3051b3816056ac7c5d417b
3e9bb8f8b339c3d2cac5f477d403193886fee05e8441a2f043a238e2bab7217108e1c5b17903705a27d51ae64e29f0be45c3a8bb63c10e88e40eeada3d3771f16a938791958be8efea063112ce4c73379d8e51e087447207756d1c437f702f4220d2e0b44faa77cc9b2cdf578c9f070cc3821d11c85fd5b3
0f070a4ae661e3f21a3a95fe082585245e01aa1bfbe6e35fc5052983cf23151a042cc1bd258023a802035dbc2a09a343e419f7e7117f1414a6d53c891e0e1495ccc3c7e034752bfc524b0926fbb4a1b522c2d2bf8a0a53499e45122f00d50dfdf37047500406bb78543a48acc70bba3862fe28294daa7912
0baf06db6ea58b93788432685479fa0f2ecd27c6ae864088f1880d30ff91107c6a20418b392310ebcc85c9096b1dad2ecb0da105c223c62034c3fe44175e0db6dd4b1722f10864d0eaf3f3055fbf4e694776b111e3101a61ff2207976693e357432221d7990bd412d5199a0ee3986d0090478c4069c9fc87
3dc6adc00082e99284b6d1c78829702c06fb800235cf80b01024bb6b2ce00dfe7d20779e3dd2b50a1ff77286a02ec5a95a297ef8b034b44a52d7809f10dcb2e3ccee6a115a850ffbb943503b2c1852220b55902247cf080c93a81bfcfa40ef3c7ba192ea0dab3d755e1425b68e3c414b832b901a36a33b27
34abd136cb293f82b3171ac84291d40ba242dc3030ee80ba0d344b302c31362b4936d6c8d7419fa8e65e32b2942843a107bbc2c3d045c3f3164fc43d0535ac859f86f4d0cfd4732f19594a2138b43807b00e5183f5bc53a1ff132c56926db1b1ae706117591c837c7d1598b8d642148ea09b6339e9e12f2b
3f731b9ddedb97d2d24dff61a929e8180150d8196b393165fe821582fdd83cd3c5a8a9a449508065733f3a30e106af15bd4859c0a03ec9765151436f3baf4c24632544324032b99f7c1871134d8b819df60a21844b01fbba3c2939a78b515768929348eb8b2fd61d6016926ffb0d494f4335e0ea7314c758
3c3df037189f0f53bc26428388fd053c44d1749a2d40f25fe068c6c741ee10add6971cbf181017219a1ebeadd03a13e3332bcdcf105accc097b731011e60cb252c0cd5200b90cd0f5f56e81992de7725e888c3898d5f33f3b8be215bad2e397e302131027d96f212373de132141a37e8337f660ed59196e5
1c8d285ee045f8e222e6409e27018e03d30c4623f029e130a1412ee1c8970f5820d78fb042b3546b8cc10e7cef2d25bb42b4d6ed513f45c0537fc3733a0f8d91a9cc4c13aa35c660663e78269cdcfe5a724cf2ef81cdcb2b26af1eb041af1f608561ae6a42fc84ab0811173204f1380c730ccacc14671c67
3a54282a56fc7e51e6040282f61244167e2ff2243496d1cf507238a00e8c2ecc1a89dd83aad2718779fc878f4b0c74c5e0eb166e33ee7e33fb8bb882110513e1457bd68338c3bcfe22c7a609b17612e16995f03e5ebfb49aa7011d983513bf275592929bdc730afb360f30201417b092207cba433ab3faec
1f1537f2aad72d50de23dc3bc5704916c6e5c4c10907a0b2a974e42b5024126f00f15f55a662d660981647e03e0ec5c15de09f6e52150ad8928b62b70fb125af28143e016b304c0b23f01f23999d09dac3de11fd6bbcf6402f3824de01e2beab4cc1726cd29a8663f326f11ee1dc1b8250c22e845342545d
345095e157060c01fd4244c7c293e709a30fec969af9e1c691bd77ece2923f6c05baa865f4a121bc97e2e9e4503a7dc4767f29d3424dc7656637f2c825ed147d2ba9271090de4bf174f2283027fe870f963d5172f01c4a10c0dc3ed80b7554ebe9313332333b24a5b32fea12263c049f42815b6c26a6e148
07f7fe8020ffff037fe80001cdfff13f7fe800251ffef3fe80000149ffdb1fdffa0020ffff01ffa00001cdfff13dffa0001cdfff13fa000001cdffa90feffd0020ffff02ffd00001cdfff13effd0000c5fff53fd000000c5ffcd3fbff40020ffff03ff4000018bffea3bff40001cdfff13f4000001cdff69
00800000000000000000000083fffe08000000000000000000000000000002000000000000000000000000000020000000000000000000000000000001000000000000000000000107fffc10000000000000000000000000000004000000000000000000000000000000000000041ffff000000000000000
11ad7c6b494bd60195f0685192006b1595f06850480070598ef79bfd979a06b5f1ad294f57f21663bde6de65e71657c1a1454001b0be0114e557b27e235af8d69297ac037ffe356a8356c32b2be0d0a09000e05f008a72abd93f0d6be35a529eafe02cc77bcdfecbcd2caf83428a8003617c0229caaf64fc
0d424594b2942a11662f97ad23ff9a19662f97ab97ffa368710862b8684b35091652ca50a841da1c42189d9a132598be5eb27ffe7249feeb1a664d031a848b29652854227841ca94f8a93f32cc5f2f572fff4324ff758d1226822a122ca598c15073b43884313b34260b317cbd691ffcd093fdd6350e9a05
10613a38cecea2b3e6d2abecec2f943656f4fbd858d64053a995e6ffd4230184e8e33f5a8ab29beba043684936195bd3ef6dc358d14ea6579bff508c20c274719d9d45614df5d021b4249b2cade9f7b4d1ac70a7532bcdffa8461b2b7a7dec2c6b2137d7408712926b32b7a7dedb86b1a29d4caf37fea118
33ef79818ed5892353f82e1685f50d1937f342edd4a460605c07ab258ecf0fbde60647b624507c0e6def17ba0c24dfcd0bbb72917181701eac963b3c27def30321cb12303e0736f78bdd06326fe685dba948c0c0b80f564b1d9e0c9bf9a176ea5230f81cdbde2f741809bf9a177b0522d302e03d592c7678
1a6055526e840823a5feccdbdc85f535c203b800f1d6b3ed46bb98218cda29815549be302073975a42e1468ce017080ee010275a93b51aee614c336534c0aaa4dd081041cbad2170a346702b8407700603ad53da8d77308519b33ae101dbfe68eb632eb485c2cf19bf2e101dc0204eb5236a35dcc2da66c9
232c8af0b4bcd122f876316ff9a56e188853e180f0fed0f2b12bda3a0ff60cb22bc2db334460b5ab102c72afd222214f8607e3fb33cac4af68e83fd8065915e16d99a2305ad588163957e93110a7c301e1fda1e56257b4741fec2c4429f0be687f716b562058e55fa404429f0c13e7f65395895ed2127faf
0835859c7e0ff6f0274505fdc90db700a208db0edc959015ac9fc3bd29390c2d5145a64da1909d1417f72436dc329b5fa7c5cc46f056b27f0ef4a4e410cd936673a89ed04e8a0bfb921b6e2f159fae2a618b002b593f877a52722a8914933bd2e3520ad64fe1bd949d2b723855a2ad0643ee356dffe3174d
0b594a4ff57a39b2e506274f6a1a9338c7b921ff396cc3cec19535000e1d18857aa4c41faac394189d3e2c6a4a0c6d15f91eaaf1033b0654d4c638712b6b3282e14d74c1ca0c4e9f1635251d1f51f895a9a8739d832a6a421c39057b1594f9488673e760ca9a5f070f203f6a3e72eca4b1a55e89b65949fc
2b46751e89af80b2967bd8a35472393ad38828b8877512360ea732f507700845c7ebd1fed63259ef628dd5c8e21191b8297df1b7c0d83a9ccc581dbe2e2589cd5e1d9b112cf7b146eae47135149aaa76d453106c1d4e662c0edf111e057ea25843611b0753997a83b80868202f60b81aa3fb98dceed5dcbf
03badecfbc56269351f6a48aff95fe12cc02c1e96be44089230206c61d4e31235caff1cd160147da922cc457f53cf17b058fd80492248c081b1875382e9d5919fba5da52a3ed4916412bfb3e2f82af46aeb6d11246040d8c3a9c09af3c3473e33da044918103630ea71ad8eff7d729fb73e1ef81b8a3f87b
0631ced7a635bd1397960cfdfdbe542e3e33835ec2b4620fa8168efd27bb26f3a41c565235425e5833f8bcf94d26892afb8610f1e03ea05a3c789eea08859f9ed058d4632f2c19fc3d7ca72336b6c7369d0e801f502d1e3c4f75072cf8783bccc4a307d40b475d93de0cca8f1e7c595d10e46942f7022fc7
20e5ac71e203e4b0d9209b99062f4902bcbddf430470c0c3b89c950710a71ef2bcd1260fc85364826e6418bd2404012ce2698c73630ee272541c429c308e30e3c1b8bd51b24137320c5e92255dbe516d320ca18771392a0e214e1e01370f64f6658261dc4e4a628854036bdcfc8db5a763d2a1415296e3f3
190bbeb4fa986322dc35e942de1f751ad8d95ac909893044ff73f4279251248e36bf70a56db370d7a50bfc7dd222c3670e2a12522113fdcfd09e494408072ddc86d60eb1b86bd285fe3ee92ad00615162daf0089fee7e84f24a213fe1a1f61503eb2227fb9f9f2c9291d735cbc13bc75c2f8a9bf9535b96b
39877a9168a74cd36bdc6e3c215cd930d06f05631890e11c6aa3dd7d7fbd285ad97778e40301af71b8f14b736133dcb2ee1d59be6071aa8f7637fef31e5f09a569b12ab2d7b8dc7884b9b1147d8326d0ba2d8238d547bafaff7a1dd90dd2ef7efa228e3551ee9dbfdf00cfb9c2210d9871a284af0ab83060
000007f81f7fff00007f7fea0ffff000007f8008ffff0007f7fe820ffff000001fe01affff0001fdffa20ffff00001fdffc0ffff001fdffa020ffff000000ff01dffff0000feffd20ffff00000fefff0ffff000feffd020ffff000003fc014ffff0003fbff420ffff00003fbff60ffff003fbff4020ffff0
000000800000000000080000000000000008000000000000800000000000000002000000000000200000000000000020000000000002000000000000000001000000000000100000000000000010000000000001000000000000000004000000000000400000000000000040000000000004000000000000
10a811ad7b587552811ad7c68b54be0a811ad7c60754c011ad7c6b494bd602a046b5f181d532046b5f1ab152f62a046b5f181d530046b5f1ad252f582150235af6b0eaa10235af8d58a97b150235af8c0ea980235af8d69297ac05408d6be303aa6008d6be35a4a5eb1408d6be345aa5f08d6be35a4a5eb0
2f57cd4242878ac17cd4245932ab43357cd42455d8ab53cd42459474b42b3d5f3509125e2ae1f35091650cad0b15f3509163c2ad133509165298d0a91eaf9a84892f1572f9a848b26556862af9a848afd156939a848b292b68553abe6a1228dc55b3e6a122ca195a162be6a122c7855a226a122ca573a151
3fb13a0152ceeeb0b3664d6b847b593b13a0156aceea133664d6b8cbb58e3ec4e805579bba92cd9935ae11ed643c44714cc882f981d8f26a55034b4c3f627402a9bddd5166cc9ad708f6b21e2238a664417cc0ec79352a81a5a63d89d00ab35775119b326b5c65dac7259b326b5a13dad28309d1c6557516
0bb8d97541c82f73676529c247133d3b8d975424c2f6e276529c27cb33c32ee365d50720bdc19d94a709e24cf13b7381f75bcd7da2ad1cbb0b76e92f1771b2ea83905ee2ceca5384d026791db9c0fbade6bed3568e5d859a74981dc6cbaa12617b733b294e13c499e23b3b294e102899f19f7bcc0c76ac49
0b2562eefe269d41ce2e063eb84bc932562eefeaa9d3e0e2e063ed52bc892c958bbbf89a750338b818fb232f233962cac8a1fffe728c2280443c7d15164ac5ddfc4d3a839c5c0c7d7097923cb165644eefff4346114021fd3e8b192b1777f554e9f2717031f6885e452e717031f3b25e50d302aa93742041
2970cb77f8ffc9c21b245bd2d075f3170cb77fb93c9b61b245bd2f175f2825c32ddfec3f26e06c916f4bc5d7ca0ef5b9582cb0cba1f544aa50d9628212e196eff61f93703648b7a5e2ebe5077adcac165865d0faa255286cb1410b865bbfdc9e4db0d922de978baf9430d922de9473afa119645785a5e689
09d31f86356865032d70c7645997532dc1e5a67bff21e3e00b4a7a85024401a3799aeefb10225b32d5b37ff50c093d5b49847a5240a38974e39de5bb2b88a79115ef5623d9081713a7176707a643a60f81e232823e1a86823e6f0197dd96e0915ef09b7451776b9e023e9d2eec1838431284eb643605918e
18b20cefe611c851fc94ecfa31a4ab287e4acd757a29719f268c94e424f53efce287f9638c11b59ea06f1a59580137b97a91f683007083169f0f71a91ea6e6747dff6562cd56a33f8106a211fa4ad6c32ebde34e286ce709f09b13679a973c0ab410c21a995286ec70036d2830f8077110d12ad980dd3ca1
13888d56f6c612238cfdddbf64f1c12826075b3e5c2b23c9b0fab5c0cc9938ff2a00844ed380e1c6c148ed2fb1014ba89ef369234131fc9df6e4b9cf26823ad7b95599b3110dbe1bc87ad83bd0ee9387fc5dd24baff33c77d9aa1e15a985165c45808502dad274494b2e1c311aedf64e23abab3e1d153325
039549adf56aee521135a95dce2476157a387b33d704e2d5b46f9c82c9570661bda8572738f3c5a0147f9249d23a694f441428da319ed893e6dbf1c5393c89962c42ebd3438ab65ff519de179139d0ce0157e075356cdfacc78f20c8c6ff9caad1c0cb94e3ee8e59a0216f676292c5027073e49a2794aea7
3b01aacc09a48e33720545df688ef20f272af87ff9b3d1111c4174a1fc2e2d3adf0b3ebd70c1db58552f24ef480e2223493ded2af15cc87c466856730ba93d16448e72203e6903a1e5734027324aa7d66cbfb2b077ce56ab8ddd1c9f630ce31c93b3d94af9c461f9b425283b495253adf22b51ad1f691765
09a2581dfb9544d25343126a82295f0d2b9a95aa4d02e06492b2090021472ec982525bb3f391d10e675162937f08f67588b681bec2d6cb7b44936051387993a45c8ad2f2f9d45b5b9c5752245312df8622a46168e33f5518cc7807aa9fc605e75a92439680b76b1e361be8c8c59e8c1c210dd91b465036b7
1ac423adda6f579271f5cb07e591b22423453de9355ad29d6d568343193a39b73da4302fd982b2421aec3f6e7b0a44dc0e916694c21131cb7bd57780329bb14ee48b44a0b522354307ecbb11c817aeb523a491d2f38034b1c16307d1b51bc31e0542aab7d30e68c21b1e0b4550016618838a4ac3c9c16010
119b5227f1165133684c4eb855f663161148970b6205c24a874d0751355314dd0e1dcaf4be32882d92c245912102178d2e7af1f953c743e1421b737134a023f890a98853e73097fbd5bb240a7f5b43ba33c7027adb3b68d9665e153a413532f02c13c85d751e5b8d3d228be4729533ae31a8bb212a83eb28
0000000028f7fd80000000818fe7f000000000a07fe700000007fa0e7ff00000000040dff900000002000f9ff0000000021eff9f0000001fe209fff00000000030effc00000001010fcff0000000011fffcf0000000ff20cfff00000000060bff300000003fe0f3ff0000000041cff3f0000003fc203fff0
00000000193fffa00000000800000000000000080000000000008000000000000000020000000000002000000000000000200000000000020000000000000000117fffc000000010000000000000001000000000000100000000000000000400000000000040000000000000004000000000000400000000
1e2ad0a80fbbba02ad0a811aab9f8822ad0a81189b9f92d0a811ad4df87638ab42a0430ee7f2b42a046b327e1e0ab42a046aae7e2342a046b5bbe1d63c55a1501f7774015a150235993f0f055a150235573f11a150235addf0eb315685408a3dcfd1685408d6a6fc3b15685408d55cfc4285408d6bb9c3ab
21d52f57cb14081152f57cd40e80791d52f57cd24080812f57cd4232078b0754bd5f349020214bd5f3507c01e3354bd5f34d2201f0bd5f35090a1e2b03aa5eaf9a481012a5eaf9a81d00f23aa5eaf9a48101025eaf9a84640f160ea97abe6920404297abe6a0f803c62a97abe69e6403d17abe6a12143c56
2004901dcea3a0e25c1af23e24ff4b004901dd0b3a0d8365b4d6814fb5da0012407742ce8361706bc8f917fd2a1a857520cca764e296326977134c7c0009203ba16741b0b835e47c8bfe95009203ba16741b014b1934bb89a63e002480ee859d06c1b2da6b40a7daed350aea41994ec9c3fd89d00a757776
26470818a29dc273a09e6e52a05dbc2470818a4efc26710e1bfc1b92c669191c206292b709a28279b94b4776ed29c70dadb9acf0f10c423ada5333c80c8e1031495b84d3413cdca582bb7708e10314a2184cd086211d6d2999e4323840c5256e1342870dfe0da86335138e1b5b7779e1d25dc6cba9ed417c
2bd66b1202174941df7ab2426da6053d66b1204ab4936053a57189ea9f1e2f59ac48109d24e37deac909f898131c3956d497731e304f36b6b69c076917acd624084e9273bef56484db4c0a3acd6240998926b2279b5b5b2d03b51eb35890255a49b029d2b8c4f54f8f3872ada92ee63c60592b1777f134ea
0e1dfcb7c644e79023cbf14a643ccd21dfcb7c70ae78d33889fdb642e2213877f2df19139e408f2fc52990f3342f7a266d515d8ba00e55ac6e0b6e641c3bf96f8c89cf204797e294c8799a03bf96f8e57cf190072ad63705b73230efe5be36473c739c44fedb0071111ef44cdaa6db17314b865bbfc7fe4e
2836b55da474e581f312139c704038209ceaeeff9acb80d83eef374ae4663ad200c1f371996214a6c9e4667fa610f79dad504936a2efc600d7d560e4338b8c0d668981904716e762cb1791126a92aa1e72cc11a85c6080befc033ac7918ca2e864914c34b44802794e1987547059d03280a1b3874122fbaf
38000ed623d25472aed852a60d0e3538123dd2c723aee3439d1023cb8c5b0828a82c528ac691ded7276e866d7331e1fc6bb4344b51f71e902a0a462739f44c2bf312da23897e687ba28bf518722397f00cf020117629acc95ad918ce77a235bb966104b053941d6df514f7e7f7465b3c23fe1874115632ff
0dbc116508862f73473ae66c3471062cf8bcdfad7866c37a526d4ab1eb253810ebd714fe2c52f752fe849793a707532cf4fd9434227f9d47db06ee0d3ec30c9b780bf6b1f3d9155af7db8f2de7268bf7181652f280482e88f3c92a41c46d53a7d041f7cd577956d0bd04776744de118463b7888d86c21c93
06ff1456cbfa8cd3fa3582ac2fcb382d6f9bd1507b339374f807c39911da0a22882a4620d352888b28d4edf34f1a227e0eb24a3080309cb0a1d6303e2f07643b814320a33ffd4b311f33c816c2da9a25fb7131be177b3d08e6cc205fcd5e7ac4cc83879e7ef29e77b9298347a82e54b2b32b05eee9cf955f
1fb41c37518e8bc045a356b86f367819c08a7170c11320a8674f03a6958c2184f40d3fc6769360ab4260c374980e79c393509d1ba3f1a78e4bf9c12c1e5efce0b9cf10a08f6dcdd80f323622cae76e3b01e1d1fae75759954339179d5e24b07b330255b188ba796ed21dbb205a562d07c0718e6805df17d7
0a69ce0644809260f1599e0ecc39960a516ed97ba727e09d206058b10e8e164f71aeed571c61273986bef0a15c21b12a86a0c037d2211ff46894e6a83188b23b1de18d21ddae3f8336abcb2bdaa669358bcca30e0d7be6f88fa4132d29b2d4942cd0502ee44f6eb006028cde165d9d7d60e1fdc414845739
188dca10e0b28df1c456c259566af003911c958e36403111ced8f22f47cb1b4215b12920aaf203a99f9fd623e030cfc49ecc7d3f7172e0dcde76423e272765a21a16eab11d62b9a07ce12533a71bb5f4e2284183cb08e60226c20d58d104b6c9e0d0b56e0947ac9df50961ef795b66e0037dda8cead6136c
27cd0c6858313603cbfbe1487c21061bf0131473dcf6e148297f82ae11042566123ce0d1c472abbf1da12d6ccb1560b1c9acffa1538dd307d91bfb422c7bf77e96e2b580c66a5821139b553b81f3da02b7f2f05e22ceb47aaa4624fa615cfeeceb3229b3e9823648d82f3179ff72292a710172b10cb0f23b
2000000035a006b000000002107f700000000021007e800000000217f7f00000000018c01f200000000211fdf0000000002101fd00000000022fdff0000000002d600ed00000000210fef0000000002100fe00000000021feff00000000031803ec00000000213fbf0000000002103fb00000000024fbfe8
0081800000000080180000008407fe08180000000008018000000000800002060000000002006000000000200020600000000020020000000043ffff010300000000010030000001080ffc103000000000100300000000010000040c000000000400c000000000400000c0000004203ff000000000c9fffd
0eae3d8d38cf5ec1b0c335ccd2f80d0db0c335cc0cf8111e82cf1fea94743ab8f634e33d7b0047a0b3c7faa51d36c30cd73033e04163a3e96e56996d1d5c7b1a719ebd8223d059e3dc528f1b61866b9819f0223d059e3fd528e826d8619ae3f67c108f41678ff54a3a2d8619ae6487c072c747d2dcad32da
324fc272c31080522f3cca33f0f6f0022f3cca33f0f6f0e17d30dfb25b4d093f09cb18a20113385f4c37bb16d408bcf328cfc3dbc29c5c16905f259e249f84e58a4100919c2fa61bdd8b6a045e799467e1ede1c2fa61bf64b69a21179e6517e87b8270be986fb82da71179e6519f87b78138b82d21004b3b
0a74fc43d5df0b73a3559c610c075d15ff2ec0147a3be3d7a3c04cb832bf257fcbb0030e8f028d567184f61d712aea6b2e911b0793e913ad1e347ed114e9f887abbe16e346ab38c25a0eb92bfe5d8028f477c3f489d68ef93f690aff97600a3d1df3ebd1e0263b196015d4d65d26560f11002480ee751d07
137fbbf5a54008024a3732f0c7249603b280135908e0212df7daf951fd2f20eca004d432381128dccbc3a092560a75daee0fb5e1c25a29661de5b1b826ff77eb4a801000946e65e1d0492b07650026b211c0412d14b30ef2d8dc01d94009ac84701296fbed7c87fe9814ebb5dc1f6bc383323840c4f3ee14
1781ada5e3e23a331c4ad3a5d967e52c6419a5625b41413a288e7620ca740b1906695896d050712b4e982b9f9135e48bf4e61aa36346583fa0276cdb2f035b4bc7c474623895a74bf4cfc918c8334ac8d68273a32c1fcff2b66e16320cd2b12da0a09d14473b10653a2bc917e9d05546b15eb3589010ba4a
08859a609cdef472b62c5d07918a0319aa3b8727e5c0e1c07bd64350e331266a8ee1c7e97042d8b1741eca280a13bb3dee68a4eb12776aad22f7d8f3110b34c139bde8e16c58ba0f6514053354770e4fcb81c33bb556915aec7a0cd51dc393f2e072e03deb2187719927767bdcd149d62270efe5be11273d
2c7c44bcf767ffc3033fed6e8b05741765bfcce27185c07f9a7dd7f7b9c405d96ff3389c6171db1da099181a6426d109f54f3c3800a0dad57691d39622ecb7f99a3e30c2067fdadd580ae73fba6545cb002d30ef59a7f2adccd70bb2dfe67138c2e086e96125e75bac1819ff6b74582ba141b5aaed23a72c
296fc4e66e6eb2b110cee1955055eb2fed58f7eca8df22d51cfcaf38e59d2bfb563df91a37d3a3f89e5acc749712395ac0db0f09b1e0003b587ec95235fdab1efa7d1bf2219dc32aa0abd608dba170fed11e92e81273cd7d915117f6ac7bf6546f900720ccd3e11ba82886770ca872af63c00076b0fd92a4
08c04656e60aa8116738f55b2d2333144e41ddc3dab8a3048ed8c3d87083251390776ee6ae336835385644934f26c53183b0f3a9a136f045941198be3289c83bb5635722ce71eab65a46662a03d41f830feda33f5123e18dac230a2720eee1ed5c533792ff2a5818922b39c7aad75919a26de08b2823317c
242f28aa81887af1381d9cad5483051d49d93386246cb070b2efd5806d911752764ce0811b32cfe2b9d6bd2ba42652250906258e231bfc515afe6a342ba93b266e308da2703b395aa9060a1317edf14a2bb3122917e1da4c9aa92ea4ec99c102366354a1d05754b60529c0ece56894183237f8a2b63ed467
3df16b304c847f42eb0ca0e2e419ef04bf6479bdab35d24c0336fd62ee21312fd91e6c52cd81bcc63c6aeb482704b84f1f361ffad07ed070dd463a2f1897ec8f362966c1d61941c60a33dd30fa8d6945b391b3f84892b7ad5258225fb23cdcc59af1c4b01c2bba3192375865071510cf80fda0e1ba8c745e
1ce2dd9f478b8e50114941b9fa71e005e3fd853aa8add2a999fcec08e8d93178ff614b922b8279d3a3fe59c0fb0a1fc9b7dfec3bf229a73818f1024a18bc7fb0a5c915c022928373f4e3c00a60aaa68236df00c4f4ae6aec3c3022f1fec29b4456f08c7eb97ee49002008a4a0dcfd38f00534e7032240493
2b2bb49014016f420f094fae2de52319ca3e708cd93fa3256de5f23bacaf26728f9c21264ff0db6826b3b0779d384a1dc5177db94162372843724a38333947ce0e8328001e129f5c9dca450a938d6004b31e90650f2a8ac45da40ce51f38466c9fd0f7a0bd4918bcc030784a7d6f5f2922c46e5086e49470
1b3c6966208b2a11bf32175238512a24252264e2e11730fa664da8bf39c01909489937b045d12eaa726afd400e38b3e8cb79b0a6109f3431a160c4d82c84a44c99c822f37e642ea470a254375b5f1dc7e50c715cb3c82394e490321291326f608ba18ca6c4e20159390df990ba91c289513e686342c189b0
27fb6000083fff63b6000001cdfff13fb60000251ffef3600000018bfffa1fed8000293ffee2d8000001cdfff13ed800001cdfff1180000000c600150ff6c000149fff336c000001cdfff13f6c00000c5fff52c00000014a00033fdb0000107fff41b0000001cdfff93db000001cdfff13000000018c0032
3fc000817be00010000817ffbe00013c000817fbe00010008180000000003f000205fbe000100020600107fffc3000205ffbe00010020600000000003f800102fbe0001000102fff7c00023800102ffbe00010010300000000003e00040bfbe000100040c000000000200040bffbe00010040c0000000000
18e14dd0597b45b214dd05b13a5a9d0e14dd05b0745aa3068281208ddbea238537416a0d16b2c1a0a0480276fb38537416c1d16a83c5ec9fbd6c19b131c29ba0b2f68b63d59ca69b155f4d1c29ba0b60e8b5420d0502415db7d3070a6e82d83a2d518341409046edf530a6e82d87c2d4f07571ec69c67af6
2816b32da264ba616b32da4f8ba560016b32da4f8ba560fa7b7edeac23f9205accb691d2e9633e9edfb77988ff05accb693e2e95803e0b604251e5d0102d665b48e974b32a83196466a0b502d665b49f174ac1f4f6fdbd5847f200b5996d27c5d2b27d3dbf6f3511fd0b5996d27c5d2b03927e1395f78403
3a30a48cf220ff817a6b1f4ca69db7230a48cf5bcff723a42e32902fafc628c29233d4e3fdd2e90b8ca3eaebf20c29233d777fdc6129d3f10f46fc2e34614919e861fef17485c651f575f90614919ebbbfee312c5779f97c0ed811852467ade7fb91d217194817d7e31852467aeeffb8c253a7e21e8df85c
1cb93b23856c3fe177ad4d4d02acdb0b93b23873a3fd92ca1dfe80cf363e32e4ec8e19d0ff72b2877fa012cd902e4ec8e1ce8ff6404dfeefd6950020397276470ad87fc15943bfd00966c817276470e747fb20045e4cf0a7131a25c9d91c37c1fed1650eff40679b1f1c9d91c3a13fec709bfddfad2a0040
2a9ade10f39a8923c9e5fa8da9e20529ade10f62e89160a0e36b1a004c062a6b7843d6aa24622838dac65f130226b7843d93e245615e06b6977f08e91535bc21eb551231141c6d632f8981135bc21ec9f122b2d1a4864641f16914d6f087b17448b05071b58d0026030d6f087b2be48ab2bc0d6d2efe11d2
3c6b403a88b837b043e158dc28d36b06b403a8c9637a10eecc641374ce3c31ad00ea2f40de903bb31904dd338f1ad00ea3258de8412216698262fbd238d6807515906f521dd98c824d99c80d68075192c6f423f99db34f16ed27235a01d462a1bd1077663209ba671e35a01d464b1bd082442cd304c5f7a4
0638f94754ac4321b161b6f3f9c0ca332f674b8aa27ec2456d4f4db2e5b528d0a8e1c4371be2c586dbd02903273cd0d969c143eb80b1f112f3dd9fff1ea064969890267362c36de7f3819414305c8f2a2d5d4258f88979cdd00023cfc3cb7bc5d7e18b0db7a094064d17c31ddd56429ed163e225e7bb3ffe
0eeee75bcc999a51c7840c8ffab72c20677e87733f6dc3b91138e373403e126d6bfe21212b031e1032402cdcaf2aec2b8ee682f521a5bf1399a93acb324def03061c65a38f08191ff56e582c5edcc37995aa82d2df89ccb39d66394af847af2b87023c2064809bb95d37535968756189834b7e2733527596
01df034806b075c134a40235e861961e9e3edfa603e972e31794e2012767213875998b4df350d29008d7e3865720bc93052ba389632301195b66aaa104507c370bbb82826948046bd0c32c3caa08184dad3be391808cad925551030360da19167d91a52011afc70cae1d59617bf3479592460232b70f5541
0f296af2f03e6ec3f215561bf8237839cf7f39819ca9f16c790519c7d8b30ae43bcddaf14763c8555870a68ddd18ff6ce3fcfb1b2190bca2a9f5a1ec05bb58ba6ca5ef33e42aac383246ef0c367b9e7f504210c85e5154fad0f63d30fa703deba08390aab0e18f1bb91fd9e5845eee674321794553eb43d8
10cdd1d0973e8440c80cb3215ee359290b4c637aa9a13235a78ec0d0944915a6ea545e53f0732032cc857b8d6411bd8e7bf5aca520f7c5acc13211fd1ae153e0b98562b190196642bdc6b218d0e8876e6ae8227be2d6607808ff249384e847b03b124065990b391ac7164e444f95528541ef8b59826423fa
39273cfe0f29613075b6300956e3ce352cc4e658f0a043c28b8f13c12ed22b8ebe92eb8ad431d6d8c0255b8f380dc148fecd9d3133738b767cecae3a126a37693b499730eb6c6012adc79c0a3dcc5fa14a6b81b9c5bb3e76571d37393a92efec7d43adb1804ab71e70205089a00e2b4b92e716ecfa1b5c73
2b92129cb386077101c5ab07378dd72441219c5cc39320db8a4092c90fe636e848cfd48bf0300716ac1d20375b086488147d1a79d0acaed2405005bd2205d1d9e7117232038b560e6f1bae3da096983da1c2e2565769200702df38b23e40291d43b00e2d583a406eb60e9fdaca3687e8d1595da480a00b7a
282873ce60e7fbe31f19d3ede0586a0f806aab904a5652c24b5ed516ad773006d861032874607c674fb84761a52e9ca186c9e0d4436cf1a59850aca91d744280bf86ebe23e33a7dc02b0d311dd7a7326fdb873b678d2cc0756552d310ba60407dce0f8ce9f708ec34a1e69a4efacf57502d9e34b30e35951
3800a7fb7cdfff100a7fb5fffffff8000a7fb618bfff20a7fb5ffffffff820029fed9cdfff1029fed7fffffff80029fed7ffffff829fed7ffffffff830014ff6dcdfff1014ff6bfffffff80014ff6c107fff414ff6bffffffff800053fdb1cdfff1053fdaffffffff80053fdafffffff813fdb000041fff7
3fffffbffc618013fffc0007d600013ffffc0003f80013ffc000813e00013ffffefffde60013fff000201e00013ffff0001c400013ff000205be00013fffff7ffce30013fff8000fee00013ffff8000c100013ff800102be00013ffffdffffec0013ffe000407e00013fffe0003ca00013fe00040bbe0001
2cadeaa766f14e92958e14dcdb0db51fe603a7f04a659158e14dd044db4637f980e9f8fa997256385373f036d23a563853705436e163853741556d17195bd54ed2029d112b1c29b9f81b693fcc074fe094cb22b1c29ba089b68c2ff301d3f61532d0ac70a6e8226da334ac70a6e4c86db2c70a6e82aada2e
0b5216509e2cb1616a816b32c2f24c201a0bd813359aa2a816b32d7924bb280682f602bd66b1aa05accb4dc92f05aa05accb0bc932a05accb66892ea16a42ca13c5962c2d502d66585e498003417b02a8b3531502d665b344975100d05ec099acd53540b59969b925e0b540b599617926140b5996d1325d3
056329f0f8da786023a30a48cd12100c347765ff88bcf23a30a48cd12100130d1dd97eda2f408e8c2923344840008e8c2923344840e8c29233c883fe09868eecbf6d17a0474614919a242000474614919a242074614919e441ff261a3bb2fdb45e811d185246689080011d185246689081d18524679107fc
31dc0b1da780146009cb93b237d2c40699e25e24eed7909cb93b237d2c4031a678978623b5f0272e4ec8df4b1000272e4ec8df4b1272e4ec8df4b10038d33c4bc101db00139727646fa58820139727625fa59139727646fa5880234cf12f10676bd04e5c9d91be9620004e5c9d91be9620e5c9d91c2b61ff
047abada90dca661baa9ade0f2dda911a9d552202932f3aa9ade10b9da8a146a755487024cc2eaa6b7840d76a336eaa6b780b376b2aa6b7843ad6a250a353aaa4381266375535bc1e5bb523b75535bbe49bb635535bc21b5b51328d4eaa90e049981d54d6f085ced452dd54d6f0586ed5154d6f0879cd449
34460e06d504ccc217c6b4038641841b87afe9867f3ce17c6b403a74183826e1ebfa5f8fcf405f1ad00e9d060e085f1ad00e190611f1ad00ea1260df1370f5fd2fc7e7a02f8d68074e8307242f8d6804fc8312f8d68074e830700dc3d7f4c33f9e70be35a01d3a0c1c10be35a01c320c23e35a01d424c1be
03ae60c5fccd9cc19bc9bf90ba3a9328a1cc922a6a55d2b6992670eb8df70553e6f1d859cd336df33a8a434b413273f60d236f6683d930d60b4a98d0075cc18bf99b39805a7a9fa0a9ef2823720b2c482c4bc290196d610c95f02adad6b9f11bd493fecd9593bc108437165e223a366d20d548cc960caba1
3a83bb78978e1ce3785e551e3d7b752c60cdc871d51ef29d75de910613d22f2064a931077a634c963d686599ee083505b0be4f3d63e0f4633345fb63350776f1333c39b037beaef3cd89f82d31bbdc54b36ed281edc1d91cbab33f0693f8bfbff953e02e7f87dbc6eb24da2bace987abc108eacb1dde89d4
338b760f14178703ab65052f1528b217a0845f3a1b5fe2c130f8e89e53e917621cbcd953e9d0495a9c54656489383e79f65d199bc0a08a6b3a4811662716ec1e2c4f0df35ff164ce51fad32fd37e65729156c18b894c416451413625bef78ba851a09bdc9318b07282310f6993bcadce714a3c30e475cc3c
0ab6d7ff28ec21b0514639a410eccd13ddb938fbb190f187f09ae86628b13494cbaa622cd0e22901e6b1a12bfb1db574e608bdd02303ab6bc3381b8a156daffe51d843631914a090a26ab60f23f546838c3391866963198ee27d2a26f2dcc20f0002c88bfaac04e91122d36ca09da4b1f07ddf04cf74c82e
24ebecb55d856633ef1bcacd310876062c38d52d8af2a0b49fa276949d270a7b6e5501bfca80e3695c559fbfcc2b208666b365aa03f978bafa26129409d7d96abf2acc537292999354968e059e21e9e61e3f70fd9a48e5d9bff101c260facfe478015b2dbca3f0053b0f86bd0cf5f3ae23874c79ed3eaaca
22149a02862cc7a39aadef7a23f060096f1e9f26d64783d66e47f8a4aed43e98fc5c5e56d432d9d467937e16772cae45173dde6da3c8d5c98d8110470429340510798f313717b5c6174e0d32f9faab626363f1ae9866c318caf506ab2d39eb3011e3b564a5f8899a3c3978479b9493b021936769ecd18ddb
3ef5e4c7228cdd306ce729dbbaf91229bae7acc974c75180721acba3c2eb053d2f42b5901a323d9c8d3ecf21712f8b9d102c46efb28bc850feb448d43debc98e4939ba5187e91dbf34485a1e577bfa12eef1f3aefeff9f05dc0c09dd9fc5da7a1fb12953e4859e991729f8e6c0d89342b1c5ab6c0568e7dd
1d952e13fbf97272f8b9c69b06393e062926ea453b8fb05b2f4609043d63314341892d96c280d937ace4536d452809a4d08c36c3c2630daa9b857ddc3b2a5c27f7f2e4e2c3a93b75e7e1be1975a8b8840e139188943a51a1ea092386d47d6b9d32f284a508084049cd1d36a48516247ba198510376e66afa
0007f800c8fb5f007f800a81c5fff0007f800aa0b5ff03f800a7fdb1ffef001fe002c0ed7f01fe002a00e7fff001fe002a1fd7ff03e0029fef4dfff1000ff00170f6bf00ff0015017bfff000ff0015206bff03f0014ff995ffed003fc00560daff03fc0053ffbffff003fc00541eafff03c0053fdccdfff1
3580000003e00073fffffffb3a081b1800000010a007b3ffffffbfbe8181160000001be00193ffffffefbe20611fffffffe3a02033fffffeffc006012b0000000be000d3fffffff8c6102d3000000000400fe3ffffff7fbf03012c00000016c003a3ffffffdfbe40c13fffffffe8404063fffffdffc20c01
2dc5d20717463142fc29f3841ab6660755c73fc9ed9813c29f384481665531d571cfef636613f0a7ce10eed9962bf0a7ce0e5ad9a3b2b7aa9d6a453b1b8ba40e32ac6271f853e708776ccb0eab8e7f93db3023d95bd54e94229e23aae39fe2e6cc13e14f9c221fb32b17e14f9c20d5b333656f553b168a75
124aa5f8edd1cfb20b560c8b23597b39b1b8c041727800b560c8b44597a80e6c6e30105c9e002d58322d1165ea182d58322b8565f22d48594257b2c624954bf1dba39f6016ac191688b2f5336371808704eff116a42ca12bd9631cd8dc6020b93c005ab0645a22cbd4305ab064570acbe05a90b284f1658b
1d8d472664b3b8128695e3ec71649d01d5df0d9bcbcd32856329f0cf9a79107577c365eaf3521a578fb24992723a1a578faead9282158ca7c3c269e2283abbe1b0e579b10d2bc7d924c9391d0d2bc7d756c9410ac653e1e134f120eaef86cbd5e6a034af1f64d524e33434af1f617b24f02b194f87c6d3c3
026025667faa1f53121fe5b092ce6c270f9c2372bca2d2b1dc0b1d7e401539c3e708d99728c0487f96c31139ad0c487f96c24b39b2c7702c767d00521ce1f3846ccb9462243fcb61679cd726243fcb5f159ce163b8163b3e80293387ce11b74e517090ff2d8622735a1890ff2d849673618ee058ed3c00a3
1b4f36904998af23414586ae990f610bf1fc5cfebaa6f2847abada679ca712fc7f173ea6a9c105161abb2a3d813d05161ab74c3d9211eaeb6a22729a097e3f8b9f5354e2828b0d5d741ec13e828b0d59961ed108f575b511394d25f8fe2e7d4d53820a2c3576547b023a0a2c3572b87b1023d5d6d486e533
04e44ce2dc5977513504af92de9d580d378871cd9cc92134460e06c484cd234de21c71573250d412be4bbc755f04d412be4b7a7560d118381b54133331a6f10e369b99326a095f25bd3ab0026a095f25bd3ab2688c1c0d89099a069bc438e6ce6491a8257c9778eabe09a8257c96f4eac1a2307036a82666
3d07991939116e9068f7b08db567023868f7b08a196712dba715193b3dc033c6b18fdb1d0a41a959ef882e270521a3dec234c59c131f877e52439720040360b221b10e5032ac7920f5eaef30d1ef611852ce12fe502ee9870e8f131d42d44d70e372dc5ffa4d02e1df0347bd846dab3812c6e1713dd38ed3
2f450f9b1bfa34c2699de1cdb697752e699de1cae09782791a818d3545902f9598698d09a9c27e61e76610506439a6778733c25de1713a4bea509d5301a8408859b42002a159ae79d533801cd33bc399e12ef2151c2399a005220cfcbecb2efbb340990c3e6b335940334cef0e6ba4bbb334ad98601f8dc4
0202005edac4f2e1dc538dfa3190b629dc538df79d90c02ff322589117891e06b8e4025547521162c15f942b1a27714e37e6b642e1b6043e636d29cb250d3c4b9ed7ecc1a8136315ce40fc13b8a71bf35b2172d66e71f9a2c02e14a4eef37ca17ce21365e3f434b70d0ee29c6fd18c85b02db44d660485f3
33bf4810027e79b2641c91b367401c12641c91b25f40210cfb0c4897c14a1b082142c7b2d720cfc236a30b716509907246cd9d0072bcc3134aece9230ac979f1743c8b12938a86505e86bb24c8392364be8042231d7301152c04357dccde910b17434b396f7fc998181320e48d9b3a00e11b84f2887489c0
36f45415ea40936103f3563cf71f800103f3563cf71f82db5837b179b1ec21fd6f7c35cf1bd3ad0b66abd5b118040fcd58f3dc7e0305339061f427ee0a9dbe5a71a18f003c954990a0387a0207e6ac79ee3f03b86c463480d12623df218b56e762b3a37e99dc439625081f9ab1e7b8fc00734b8613c8af1c
0f6f190de8a856611c282e16ddfa2e091c282e1659fa318393ed3b2739c016e2f2d003dcf672de37ced5a62ee82470a0b85967e8c338c193af8b5f943dd4f68de3e2a5f048e4150c92d4c91238505c2cb3f4629b82de6efef923348035607cb192b1c0ec0b34cce63908e14170b6efd173baba880225a386
2af5825ae00d62714984f717c887ab154984f7167e87b2ce3937c3507f03192ba387a269c33250ba3a9dc4db12152613dc5e1a1eb18b6b0594f930c532cce363a69b0e60c4ec03516b0abd2a9309ee2cfd0f626ea81dc67c6d482533ec2b4b3c9233100f36dda814672a4c27b8bc343d60b9b9d95dc6f7af
2cd73f5e09fa88416559d2c8d7d0e0016559d2c8d7d0e0612ae1e751510a1281560bf0bae8e3a321c1e79836ff0595674b235f4383b316c9ec5b5fd70fba503c70c6df4369f68d8c2484d302cab3a591afa1c170708dd660f84a1a20ff7765906e61c77a99d3baf0e40b2ace9646be8700d377edff41485c
020000081900a70000007f821a7fa82000007fa10a7f000007f802b7fb500800002001029f000001fe0239fec8000001fe2969fd60001fe004afed700400001011014f000000ff0224ff58000000ff2534fe70000ff0035ff6b01000003fe1053f000003fc0263fda0000003fc31d3fc40003fc0074fdaf0
0000757fffffff800757fffffffc00000757fffffffc00757fffffffc0000001d5ffffffff001d5ffffffff000001d5ffffffff001d5ffffffff00000000eaffffffff800eaffffffff800000eaffffffff800eaffffffff80000003abfffffffe003abfffffffe000003abfffffffe003abfffffffe0000
3ebfcd6a784d90408f333b1331f3b027e6f87185ff47d04af8e7a4e48f243aff35a9ed9640d23cccec4cc7cec01f9be1c6203d1f212be39e93923c903d7f9ad4f4bb20711e66762663e7600fcdf0e3101e8f9095f1cf49c91e483b4041a03441e0e0257c73d2724792047999d8998f9d816e2e9038ba318a
0580b2a5ffb270c378cdcc6cce1bd01c210895fa00c7b03517905b1c68dc1602ca97fec9c301e33731b3fe6f3d30842257ec231eb0d45e416c71a3700b01654bff64e182f19b98d9de379f3842112bf4018f606a2f20b638d1b826c3bee3879e27301a8bc82d8e346e1bc66e636670de8292552fc74d8e7e
19e563a13093b922a6bff070a0ab4b1caf2a1e4ab480c02c8846c7774f230955dd373ce3ef910b2211b1cd53c91a9affc1c17aad3376351c99614ee133cac742612772414d7fe0e1835695395e543c9569018059108d8eee9e460e57950f255a4062164423639aa7923535ff8382f55a62ec6a3933049dc1
1a8b86d69bdcd2a3432e656cc22f8f328b39caa347b203c2d2aa3221b61a032bf65b8b48e072f0b4aa8c676d871d0cb995b200be4309809599cd287e35170dad37b9a542865ccad9c65f1d251673954aaf63f385a55464856c3319459ce551a3d901e169551910db0d3a19732b64017c8213012b33dc50fb
360b8263b9c9ab50edc408a4cc01a916e559dac3802c534c5436eebf5d473f302e8dcb511751d3150dbb9f575233b71022901806b26d3cda410562bd2c1704c777b35691db8811499803522dcab3b5870058a298a86dddc0ba8d2b72aced5fb01633a62a1b773eaea4276e204524500d50da79b4824cc579
0cfc934569c5c6f0b84fb07cc902811170444b3e038031c471c8169d8d801231fe63244210d0711c7205a7636032e13ec1f00c0a131391338b3fe5de19f9268ad38b8de1709f60f992050222e088967c07006388e3902d3b1b0028b822259cf1c020e238e40b4ec6c025c27d83e438141227226716c1cbbb
21779cb8ae8b5bf082252a6851c517383044df3e7db4015a1190d4da043d0b0f52f7588ea3108a358965beaf64120894a9a03f146332bafe312eb6800a81c0bb7fee6a30451ac4b2df57b209044a54d01f8a31995d7f18975b40161ea5eeb11d4622e288fda9a3635f24112953407e28c1ec4d87c0b3f1d9
1f7fc3a37f4863c1bbc64219b22f7609fcd23187e495c3739be4e319db5f0f3c7c0c931c89e14dbcc88020700d26ef190864b8bde02bf37755f1c310192d4eaf564e2042a6de643fef380713778c84325c5ef015f9bbaaf8e1881e78f819263913c1fc36a905cbfd050dde3210cd917bb2b50a782667b094
08c27570661a5861517426b1380b6222b038c90305f2a3c57db0155e5b3b01d89cbf9a6001b1dc17e171af700c2545d09ac2d02d9307f13044addf093170ec26bfc70460ee0bf0b8d7b80632a2e84d5f5816d383f8982235ef8503b1397f34c00361838125cceee69b0a8ba13589c05b1011224c2a6498d7
389afc15525c2f93744c3d57aab7de0b8570d0900dcbe2ddf85149d2e2e83144b9fa2ab7ab3102dfd86456fb8b2dd130f55c9adf80e282132ba4e3342a47d1e5c8dba182816fec320a7dc616e8987aae4d6fc071410995d2719a228973f4598f5653f52bf7e9d716a71ba261eabd55bef233e68aa5499241
06f3faf447bc9b2137294c051be9cf3698c372540655a2cbb4a49a1d094d3f42d3168a2d5d41aaf64d10d38b2114dca5301367a742b1eb17d306e9aa2dfbf4a28f86e2d2d57b268848c5910a6e529809b3d3a158f58be98374d53e85a62d187aba71668053007df6af29b94a6026cf4e83629644060cf88b
3842e3963bed20a1c759c256fee73e247693f7c22a2642ead2e2e79f2a950ff1167098fc0482871fc2b0b85a6e271d670959eb9d00003a6790faeaa53773ed7153b6fee1438fe1585c2d37138eb384acf5ce82001d33c85c75531fe22ce131f8090342ee227822ae560e3ace12b7f739f391926ad4380970
359cb8e7bc11c9f31375f16303b9de1ca4f773e98b77f36cf1aedaf33b3d2a6bf65cc8377991ef340574c7353b2c4dd7c589fee78197367959cf122d23a6ea85554be192f79a02ba429a9e1626ebe2c4ff73c2cb9b3cacc6891714d7ecb9948ef3107daaf2e4454d88189baf8b181dcef3a79567560d9f7e
37e596e9f9fa36b3ca5f11b3eafb5008c8f459a6ce41f16ba172899b5314352efb56dfbc5a70a7db670d4452300f297c46cfabed406e7ace49815d4c159d666b9c3714a053edb386a229180794be2367d5f6a0373d6724c0aea62a5df6adc398b4d38198e33c209fc81e52f88d9f57da827fd21318c09023
0f8002000007f800002000041b7ff2380020000cdf7fd00200000a0800983e000800001fe000008000040e0018200080003fddff1008000021f002901f000400000ff00000400004170004300040001ddeff90040000120001403c001000045fbff0010000060c00480001000041dbff1010000041d00530
00000000758000000000075800000000000007580000000000758000000000000001d600000000001d600000000000001d600000000001d60000000000000000eb00000000000eb00000000000000eb00000000000eb0000000000000003ac00000000003ac00000000000003ac00000000003ac00000000
0fff70fa3b31a9f3f70fa3c3589ec13ff70fa3bf7a9ed370fa3c3967ec013ffdc3e8ecc6a7c3dc3e8f0e287b013fdc3e8f0a4a7b116fcb8c21165a0c1ffee1f4766353e3ee1f4786f33d813fee1f4783153d92e1f4787311d8013ffb87d1ddad4f73b87d1e1c92f6013fb87d1e18b4f611f5fe6b53c26c82
2ff8d34640bece238d34643d2ae1413f8d3464394ce150d34643d64a14023fe34d190b3b386234d190f57185013e34d190f1938513a136742087a5f51ff1a68c859d9c331a68c87a97c2813f1a68c876b9c291a68c87ac9428043fc69a321a9670b069a321eb250a013c69a321e7470a102c05952ffd9386
118de839c2832900de839c3a3e8fba18de839c38b28fc1e839c3a4aefb9d0637a0e70e2ca3f37a0e70e8fa3ee8237a0e70e6ea3ef1cb8cfa8900253d231bd07385065201bd0738747d1f7431bd073871651f824e58fbd28681de0c6f41ce1c5947e2f41ce1d2367dcf06f41ce1d1f47dd39719f512004a7a
1d6a769dd5c83a82a769dd7aada78b16a769dd7963a792769dd7ad6e78a635a9da775b40e9f29da775eb3a9e2a1a9da775e9ae9e33f12f56240747783ad4ed3bab9075014ed3baf59d4f152d4ed3baf2c74f221b38d60ca710b22b53b4eebaa1d3d13b4eebd6b73c53353b4eebd35d3c63e25eac48508eef
3215c1ed553d82515c1ed587682438215c1ed585582441c1ed5877cc437b085707b561560911707b561de290df05707b561da090e2512ccec4bad282242b83daae9b0492b83dab0ed0487002b83dab0ed0487105f53c67b9fc4d10ae0f6ac2ac1222e0f6ac3bc521be0ae0f6ac3b4121c0a2599d89b7a503
1ee056b40a580a52056b40c536a4852e056b40c260a49056b40c557a48483b815ad02d80293015ad03155e92123815ad0311c29221cffae110f5c0c53dc0ad6814b014a00ad6818aaf49091c0ad68188e149137f6af1fa3271263702b5a05f2052502b5a062abd2424302b5a0627a524339ff5c221eb818a
13b46907ac86d4a346907adc8949b23b46907ad8ed49c1606c842b75f3f70ed1a41eb63b52711a41eb72eb26c52d1a41eb701526d1e5763af18bc6ae2768d20f590da9428d20f5b9549363368d20f5b5fa9370f2bb1d78c5e3571da3483d6c76a4e1755446c8121b0e1a3483d6e44a4d930bbce5c5535ae0
0d26032ed4c4ecc26032ed59b6cbcc126032ed58aecbd069f413a4ab3bb634980cbb5313b30180cbb5675f2f2e0980cbb566db2f32e6561e8796b5021a4c065da989d980c065dab3af979724c065dab15d97a1732b0f43cb5a8129301976aa4765f230e94adb4937771301976acdb65e60fbfe1d1bfa431e
17e6e2e6d5f8dbf26e2e6d780bbea13e6e2e6d742dbeb0a506b27a4869721f9b8b9b5c036fb1b8b9b5e0b2fa8239b8b9b5dd16fa92fd7804164398c12fcdc5cdabf1b7e0dc5cdaf0597d413cdc5cdaec7b7d537ebc020b00cc613f371736b806df61bc970f17cd96463371736bbe4df5104613ab8330d2c3
117f4962bae902f3f4962bc05a2ebb17f4962bbf102ec27d36317583ea3705fd258aefc40bb3d258af022ebae91fd258af0060baf216003793ff69b922fe92c575d205e3e92c5780f65d752fe92c577e205d830b001bc9deb4dd0bfa4b15df8817633d88cf871283dc3fa4b15e00c175e3c4d7e0aa71e17d
0b2b07d463152022b07d463caa01d432b07d46399201e20258c593bf8e942cac1f518c548082c1f518f32c074e0ac1f518f2a80753e83ba491d4797416560fa8c62a404160fa8c799603a72560fa8c774403b1f41dd248ea3cba19583ea31cc900f1eb12c064ab008e1583ea31e5500ea0379fd7a23de4d9
1d3fdc5ea4a78703fdc5ea68606f8c13fdc5ea67586f929bfea68c179e0734ff717a96be1bf3f717a9a247be2d0ff717a9a181be32069d6003c085253a7fb8bd494f0e03fb8bd4d102df1727fb8bd4ceb0df23034eb001bf429329fee2f5319c37d1a30bafef2fdb141fee2f5343037c61c2171cb1df6905
1c40579bf6db45c00579bf8ad65b8f040579bf8a945b902b2868e67b7e7731015e6fdf8d16f015e6fe2b596e3c1015e6fe2a516e436e1bd3a4c233b73880af37edb68b800af37f15acb71e080af37f1528b723b70de9d24019dc2202bcdfc33a2dd0fc7c1c4aac035b202bcdfc54a2dc83ace5c73dbf8e50
30b15abee318931315abee638d303e0b15abee6309304378f0af76d7d19c02c56afb98c24c1056afb98efac0f52c56afb98c24c1017ffe9398b34f9e2162b57dca5126122b57dcc75c607b162b57dcc6126080bfff49cc59a7cf058ad5f7318498216c8f033c3db46418ad5f731c6981f3bf2cb74faed1b6
3c7c0f8022ffff03c0f8002042007707c0f8003cdfff900f800201ce07f131f03e00355ffed303e00081ce01f11f03e000908001403e000801081fdc38f81f00291ffef381f00040c600f50f81f00058c000201f0004018c0fea23e07c002cdfff1207c00101ce03f13e07c001000003807c001000003fc0
000000000000758000000000075800000000000007580000000000758000000000000001d600000000001d600000000000001d600000000001d60000000000000000eb00000000000eb00000000000000eb00000000000eb0000000000000003ac00000000003ac00000000000003ac00000000003ac0000
0ea9fff76fb78a426c41bca7ee08411cda6e462d1714c1da831d92c83c693fe9d62a13d38851b106f2a03c21023369b918b87c52f36a0c764b62f1a31d53ffeedf6f1480d88379501e108139b4dc8c5a2e2983b5063b259078d20e6d3723168b8a63620de5407842042c15487dca0e05227ffb87d1b88d50
35520000d8a8f5b153bdc79bd7f8c822e5913e16f0ec42257526ad33d411100629b6f90e77c14ef71e6fa1e31f0b9644f86403b0e095d49ab55350422aa40001b571eb52a77b8f37aff19005cb227c3201d8704aea4d5aa9a8211172c89f0b7876229dee3cdf43c63e11eab3a4521202f17fc69a3205f671
10bbbb0edb496bf1108108262487311e198c268ee7e791988f23037b575637866309a0a1f9f042042098d41cc3204487e2d24848704637a0e70a0ca439991ed5240a2da22102104c490e623c33184d1dcfcf23311e4606f6aeac2f0cc6134563f3d20458b978fffefb288408412f1439908c6f41ce141948
1dfed20208c2f632c392f41e3de6813d37cc0ee8374ed18161e2a2139e933f4df303b6f5d3c30e4bd0797b9a0207bf02a6c9df317075a9da775720ea291dd198f903f5f18725e83cbdcd013a6f981dd48e9d9302c3c544273d263e9be607720ba773b2ae7bbd3526f1361c97a0efdf3410eb53b4eeae41d4
30198262784a4c914aac4319e9de2d0c41a124aa727de38e1e55e887072c23106849288c9f812ab10c67e978b309282d4a2be14cf3c85707b523760a08115c0d76bd439295588633d3bc5a1883424954e4fbc31c3cabd1500e570620d09255393ef0d511a0887b2bed2a556218cd3ef17390ae0f6a88ec13
1943f07b23625130613ea81901b63219ed058d457e4e0157df1be9e223df067b4163515f938184faa06406d8c814d443ca121741437b815acff7e02a0567b36152e69900c27d5032036c6433da0b1a8afc9c02afbe37d3c447be0cf682c6a2bf270173de65fe11be9e0309f540c80db192f702b5a031c053
043c8aedf8f383026ae51444cc9b3b1f5d1bdeae2ce221d048a35889846824da88b7326a6ea0d3a9f0e5047a5819ab9451122a6cf24ed1a41e911b53126d445b9935375307ac3dab7331df02f855d4f7f5eb532768d20f278daa09b5116e68f4dd30e82451ac44c234335728a22454d9e09da3483d6436a5
2ad86789e434e563d95dd3399f0a981382652e847e7863de943e71402fb4319de0cbd03302935ffc1f95e99f600f65774ce67c2a6034980cbb5313b338cef065e609815051fe8e6e36f8431d92b3bc3f1b8c021a4c065d8889da233bc197a4860511ef4a1f38a017da1ecaee99ccf854c069301976a62766
371e83d5a84d0e13dbe3f65b96aece157fdf94b30703c15746ed166e6b791e8c867284504600303fe99a784a3d2f6f8fd96c4abb415f9b8b9b4763700f46433942282301ec7689ce2157171a725e9ca5c23e20afcdc5cda3b1b83d190ce508a08c02aba3768b1635bd1edf1fb2dcb57672bf3717368ec6e0
0513b3ce965a9040968b15a10196813205145c8b14e1821a0e173b95e3171ae4a2dd2b897093ba17cd0d7a71c1325a2c5680ee5a1145fd258adb240c2d72516e93b4b8533da9e420980d7203233651a2c9e3f0a2fe92c56d920635c945ba5712e1230d070b9da9f18c24b458ad05fcb4128bfa4b15b64818
29da91e566edc583f73d63a8c7ff773cdf46e36a707b028bcafda44ac28520d473f2d1d7e6916f5e7829f9b7a81fdcf58ea217fde22cac1f516b5481306a39f966dbf351dde70e733d1e7f3d8afda168e7d45316560fa894aa4101a8e7e5a7cfcd1345e57ed20461433fb9eb1d442ffbc059583ea318a901
073096ed66b7091095ff08c10279c60f71cc9c72da6e7254b10e85418d751aafe499c4201692babe154c10b4002257fc2301f9e72074ff717a929e1c2d57f24ce0000b52f74f746b52fa12378cf7752832f2803a7fb8bd494f0e355fc93388402d232a5887427fc6bb04aff8460813ce30e9fee2f5253c38
1112ad4cdfb87d80f7539b872141df2b2ee83debd7b5e0dfac1d4aae9db43e0e728f47c28911cf93f7588e13fc13dd4e6e1b7d078071015e6fdb6d173f073947a1d144914f644f13cda0ab03750200955518f23880af37ccb68c3c1ce51e93a512106fd60ea5574eda27ba9cdc36fa0f00e202bcdfb6da2e
224aff615980ad72c4b7d783645da8091b891695f625711f431f7be74dce3543a0861b865351e838ffcfb4ba370b12df5e0d9176a3c2c56afb5ae24d3aa1d0430bb329b3578d99e530bfe83f525e0f2b328ea3e162b57d8c71272a87410c3b2ca6908fa18fbdf3a6e71625bebc1b22ed43858ad5f6f7c499
00383c7c3080010383c7c0fa101ff00383c7c119001f003c7c0f839dffea00e0f1f05f0007020f1f03e2d67fed0e0f1f0401007f00f1f03e0217fff0007078f840000303078f81f2523fef07078f8211003f0078f81f031bffec01c1e3e09d000f001e3e07c3deffe91c1e3e07e100ff01e3e07c021ffff0
0000000000000000000000000000000000000000000000000000000000780000000000000000000000000000180000000000000000000000000001d80000000000000000000000000000080000000000000000000000000000e80000000000000000000000000000380000000000000000000000000003a8
3359c56175cfc2c3e666f3668c18bb00cfffa0553860530ea9fff73e378b3033ffe812361823999bcd9af662e9033ffe8154e181403aa7ffddbede291819fff4091b0c13cccde6cd5a3175019fff40aa70c0a21d53ffeebe6f152067ffd0288c30338754fffb7e1bc6067ffd02a9c30280754fffbb7dbc52
0ce6be9a8608815021d8cc98f82b4d0338401faa4be3b175520000c408f610ce1007e98af8f087633263e0ad340ce1007ea92f8ec1d54800035223d728670803f2b57c8043b19931f0569a0670803f5497c762eaa400018811ec219c200fd315f1e0baa9000062047b19c200fd525f1d83aa900006a447ae
3b20b6d039e41f528c0cf67a95c6c42ae637d2bdc3cc1050bbbb0ed7296c1461328986792750142eeec3b5ca5b2b98df4aff4f302142eeec3b5ca5b036416da077e83e911819ecf56d8d8715cc6fa57fa79810a177761dae52d828c265130cf24ea0285ddd876b94b63dd050e95edf316285ddd876b94b60
387d40c8d2436ce1d9d7592456e8882b585dbe399afe235dfed201d322f734d4d58e6defa9c1d77fb4806448be2d6176f8eeabf86177fb4808128bd930fa8191a8a6d9b3b3aeb248add11016b0bb7c7755fc32bbfda403e845ed29a9ab1cdfff5373aeff6900c8917c02bde66d6bfb9962eff690102517b2
339fbaa1e4ae05517b0a2c2178804e0120df4fdcbe7b01f01982625b6a4d26a0933f1d0f6a937c066098655a9404837d3f72f9ec03c0660989afa933273f7543cd7c0a92f6145842f1009c0241be9fb97cf603e03304c4b6d49a0d41267e3e3ed512f80cc1310cb5272268682b85b3072380cc1313a15265
1a4345dcfa78e6522e93043d7a47fa00b00c9f26aa32635943f07aedc252162d4508e601a282d650fc1e9a709502c0327c9aa8c981650fc1ec7d094534868bb9f4f1cca05d26087b368ff30160193e4d5464c2b287e0f61d84a32c5a8a11cc034501aca1f83d76e1291d856c7daacdea92ca1f83d8fa128a
0b01134a8e55be83edcf67d5f7fc25374319b3554849d313b2d853bfe91204b0fa7d4adce6b2c4ecb614cefa4535c879cbde79bfe04ecb614fc5a4453d5e65fecda75ac362765b0a467d2311430f99a7378c422765b0a7c1d2230f4fac8e853213c189d96c29dff4893f6e7b3eadafe1315cc652bd4f7b06
1f4fa1d730d183117e8286f93704942cb087199f22db02d144bb6a259cd62160d86c9fdf5be2b4512eda6867362678e4b9ccd947e34512eda91a73563f215b8d3f0fd2b15a28976d34339b1f703a35dcef2811a28976d48d39ab36994f7c3c37d3d168a25db512ce6b0bf41437c9b824a35ad3fb45ec0d90
145b6fd00d28d8e3d0941247bfe9ee2706e028ece1af21134081850b750517f20d577399074344d02061115d420504c037a4a1ab804d0206146fd4133b7468e4c1058031a268103088aea102c6e4af65bd33c22681030a16ea0a3ce234b6c7babed289a040c264ba831e84a0923dff4f724ee068d27806e4
31929116460eaa736013dc8b1a36bc32071602fd0446917850eb253dca7a29d9c0776f3691625e143ac92e729f03ceb3df5f928201e143ac953929e723476b53020b7cd32f0a1d647639501a64608e22f82552f0a1d64a7b94f43914af94b5593750bc2875929ee53d1b009ee458d1b5e029afe7a84145c2
0d99359d29e7ce402a3823502b53b2271e52bddcfde0e29982d801a664dc18a0553c89b15060a660b600699937051adae8abe9fad2660b60071d936e3df59f86f648741253305b0013cc9c0dec55b217ff4ba13305b0038ec9b704f0c38541cb5c314cc16c00d3326e0151c11a815a9d9064ee31906c34e8
144b5db98d3363829aa3db956f12042cc02529a29e3c62332a96ed64c15f1ae1242e027c83018ccaa5bb48b0580f687e486e809760ccaa5bb617057a1df52fddf5e544f0c66552dda4582c19c2bc59bc68cd1066552ddb0b82bd310f4cca3cfe5d3319954b769160b014d51edcab789023e4785ac1cfac39
2c23bdca13854d8248507cf3a5d1bc1e80972c4cc6fdd04e4b74506cf4d613b6dbe05d2477921392dd13fa3d360de2088d3de3be71392dd141b3d3583b6a7e993942171109c96e89fd1e9b0fe857b1972390409c96e8a0d9e9ac00d1cd18af7f3cf02725ba28367a6b124283e79d2e8de1a1ad828f6e7fcd
24bf088709ddeb42b6d4a67c379814010054f33e9ebbb0842e1bf5042d8a1d0248bc53f69632210b86fd200b633a09b7a4be763e2210b86fd410b628137b3b9dfda263b31085c37e6f05b21b4bfd35561e2bc1085c37ea085b14257ebfc19022a48042170dfa8216c515b6a533e1bcc0a362414f89d939d6
000000385d7c0e80000383c9d0f7f000000383e8c0f70000383c7e1f7ff0000000e112f03d00000e0f2113dff000000e0f4003df0000e0f1f24dfff80000007099f81e000007079191eff000000707b081ef00007078fa2efff0000001c204e07b00001c1e4017bff000001c1e5f07bf0001c1e3e28c0000
000000000000000000000000000000000000000000000000000000000000000000000000000000000000000000000000000000000000000000000000000000000000000000000000000000000000000000000000000000000000000000000000000000000000000000000000000000000000000000000000
38d7b1f44aaa5e3165410ea83026de0965410ea7ac26e249111b82c156b3235ec7d1370978936835947dd72ab32595043a9eb09b82f775c7e85dea0631af63e89974bc53b41aca3eca955a12ca821d4f584dc17bbae3f42ef5030bff65eec728506324888dc13fab5a0b2a0875418136f19ace2b0bae7e16
07644e4c3951a1d25ac2f9978fd8a23a5ac2f993f3d8b1b72f6878baa18f1d913930e546874397da8c81acd35b296b0be65c2f6291098c480657f70f0ec89c9872a343a3cbed4640b569ae34b585f32c07b15284c624030afb8835e09c155497afb2db97b43c3c50c812d617ccbc7ec5126735f4d40f440b
233db073bed07993917483edc064c81ce3db7b2b8c1a7307ac63c41354b12b36731c8d0cdb0061d6fadf2ee3cf3878d41d18adade1a0cc1a87eac81d067b60e781c0f31322e907dbc2c98f12c591f76ecdcae20f58c78868a9612e71edbd93b60d40c3adf5be5dc79e30f1a83a357b5bb34198350fd5903a
22ecd94692ff3d62b32c314c2662083d9903be3dfbdb130850afd45f78e632b58a193c875f605c8e754298e17e359086fe98abe3a2f34598a079c42f05d9b28d2a1e7ab1665862988ec40f1cf2562ef68cc13210a15fa900f1cb3ecc81df1ceded90b91cea8531c2fc2b210dfd3577c731e68b314135885d
33deddcc0670543210f9970af4ce8b31db39bc4202ea514fd238207bbdbd287952314a36e662b408ac19d3e0ce08406eeb5f0f31c3bd2e550a0f819c27bdbb981100a85021f32e162b9d1501f624c60550c9a29fa47040f77b7a38ed9cde1ef1753168115833e9c19b1080ddd6be1e63837a5caa14610337
147e19fa8f57f520227dc33ca4698d1c1fff19da151f2021b1ac5f11632433b8b69cc454df626df221ca2255862b969636e5173881b4c3d82cc5abfb28fc33f51eafea4044fb867948d31a1f4223329014a870436358be22c6480e0fff8ced0a8f90dbe4439486ab0b172d2c6dce4e70f36987b0598b57f6
34aef8e07c12534054f18cbe0bd1021a8bad87b2ec6aa398124a3e047742299fa9a261bbe4a077f9315de035bd1c5fec3079fa8ae174c13bc276614e3ead4924bfed3d81230b8e1e031d2a11f939bd4c591ea0ba609de13b30a7133f5344c797c9322ba0ed2de454df02a78c65f05e8810b7a0626354c732
08866919d4ccb5420f910711cb772a094bc10c9d084b3244539fcc8126b90595a8c2f516ae60233ff14cdc6ad43718dfcacdc77161010b8356db01502ceadc4baa8de071c1fe84a912c3e008a3539992c265108085c1ab6d80a80b2b5185ea2d5cc18a80dfdffb26cf107c88388e5bb95162d41eb3411f8b
198258ccfb88d622326f244b0fc93938f523c9baff1ed18c2b5362a20c682510ba65141942b2fbeb5701e768d23d52ba3e2e8af7f3d8fc24f5b1b7d22fcdc682985fc0e2639e5cf59ab7ab0e9f5dc2131ea5c1ec7e127ad8dbe90a2174ca2c528551a083d8061d359331937922566e49d17d49acd5357626
318fc0c6aecf2363b949eb154d9e7e1161da6df4ee82117b29da4d6f6b1825f518d5715f686017f69c98d3c2b20a6318e0e11ab7d1e85e4467c5e75f09046c44586cfd4303b171dcdd712201ba794e008efd22f42f2233c1f3b00bea31aae6ded0b2f12934655d2e871dca4f58aa6cf3f1c028cff0f6ee4e
3e83abbca450aa838d375867d56524233b4222859b43619b2dd7fe7da35e17322e4ea81b091026c98001ca69b02eeb80ebf13b6e921450d665a772863dfc944d3601af411bae9c702fa50f277fbfd2f8a48d910a286b32d3b9432e645c9d503612229a02a4c01558b61c69bac33eab2922393565aa25c579
2bf1c99a7eaf9ca1d1c64b5cf7bca5305846f48ee67c13dd5b67a2af22393542a04a78302421f02f58f8a890ce0108c930425c61b0c99f113054b922344056c190c21330126efb07ad452403fb77ba8d0c8fb064cf88982a5c912a854094f4804833143f857c2861bf2e8e325ae5ade533c7ecbf77196bbf
32f2ea68d2538c9393b806e5bd3d6414a20d274d6efb51644896f3f1f25e21e5caca01672350bd4c4a58671c322e0318e6af7001d12cc1fb2e04d9f4376c8a9b770cfc82ae4799294cffa3333848ce422c27d09660fd97026cfa03cb959406ee469249cd3b7fdb65be1c9dc0372de9eb22f8c6de567e96fb
2f3d87b7f5e52af1933f131ffeeac138722d567c4ce901a279216007cfc12b1fcd1523e27060d5614a52e804860232bf6694b069614a3f3383a86d5b1bc6f82a696764f183a1afba3ffff714027bff1a598862a51f99c1b336ae163f9a2a4be4e0b271a4c8a0becea42c99f898fde75610c6607c292ad61d
