000000000000001
1b64b9f62b735b6
2543521350c4642
0e7213208561e26
1c599d4c4446e1a
0ab30499fc95582
34ec3889452bae4
1ee134e6134ca79
3ffffffffbe0000
249b4609d06ca4b
1abcadecab1b9bf
318decdf767e1db
23a662b3b7991e7
354cfb65ff4aa7f
0b13c776b6b451d
211ecb19e893588
000000000000001
2543521350c4642
1c599d4c4446e1a
34ec3889452bae4
3ffffffffbe0000
1abcadecab1b9bf
23a662b3b7991e7
0b13c776b6b451d
000000000000001
2543521350c4642
1c599d4c4446e1a
34ec3889452bae4
3ffffffffbe0000
1abcadecab1b9bf
23a662b3b7991e7
0b13c776b6b451d
000000000000001
0e7213208561e26
34ec3889452bae4
249b4609d06ca4b
23a662b3b7991e7
211ecb19e893588
2543521350c4642
0ab30499fc95582
3ffffffffbe0000
318decdf767e1db
0b13c776b6b451d
1b64b9f62b735b6
1c599d4c4446e1a
1ee134e6134ca79
1abcadecab1b9bf
354cfb65ff4aa7f
000000000000001
1c599d4c4446e1a
3ffffffffbe0000
23a662b3b7991e7
000000000000001
1c599d4c4446e1a
3ffffffffbe0000
23a662b3b7991e7
000000000000001
1c599d4c4446e1a
3ffffffffbe0000
23a662b3b7991e7
000000000000001
1c599d4c4446e1a
3ffffffffbe0000
23a662b3b7991e7
000000000000001
0ab30499fc95582
1abcadecab1b9bf
211ecb19e893588
1c599d4c4446e1a
249b4609d06ca4b
0b13c776b6b451d
0e7213208561e26
3ffffffffbe0000
354cfb65ff4aa7f
2543521350c4642
1ee134e6134ca79
23a662b3b7991e7
1b64b9f62b735b6
34ec3889452bae4
318decdf767e1db
000000000000001
34ec3889452bae4
23a662b3b7991e7
2543521350c4642
3ffffffffbe0000
0b13c776b6b451d
1c599d4c4446e1a
1abcadecab1b9bf
000000000000001
34ec3889452bae4
23a662b3b7991e7
2543521350c4642
3ffffffffbe0000
0b13c776b6b451d
1c599d4c4446e1a
1abcadecab1b9bf
000000000000001
1ee134e6134ca79
0b13c776b6b451d
0ab30499fc95582
23a662b3b7991e7
0e7213208561e26
1abcadecab1b9bf
1b64b9f62b735b6
3ffffffffbe0000
211ecb19e893588
34ec3889452bae4
354cfb65ff4aa7f
1c599d4c4446e1a
318decdf767e1db
2543521350c4642
249b4609d06ca4b
000000000000001
3ffffffffbe0000
000000000000001
3ffffffffbe0000
000000000000001
3ffffffffbe0000
000000000000001
3ffffffffbe0000
000000000000001
3ffffffffbe0000
000000000000001
3ffffffffbe0000
000000000000001
3ffffffffbe0000
000000000000001
3ffffffffbe0000
000000000000001
249b4609d06ca4b
2543521350c4642
318decdf767e1db
1c599d4c4446e1a
354cfb65ff4aa7f
34ec3889452bae4
211ecb19e893588
3ffffffffbe0000
1b64b9f62b735b6
1abcadecab1b9bf
0e7213208561e26
23a662b3b7991e7
0ab30499fc95582
0b13c776b6b451d
1ee134e6134ca79
000000000000001
1abcadecab1b9bf
1c599d4c4446e1a
0b13c776b6b451d
3ffffffffbe0000
2543521350c4642
23a662b3b7991e7
34ec3889452bae4
000000000000001
1abcadecab1b9bf
1c599d4c4446e1a
0b13c776b6b451d
3ffffffffbe0000
2543521350c4642
23a662b3b7991e7
34ec3889452bae4
000000000000001
318decdf767e1db
34ec3889452bae4
1b64b9f62b735b6
23a662b3b7991e7
1ee134e6134ca79
2543521350c4642
354cfb65ff4aa7f
3ffffffffbe0000
0e7213208561e26
0b13c776b6b451d
249b4609d06ca4b
1c599d4c4446e1a
211ecb19e893588
1abcadecab1b9bf
0ab30499fc95582
000000000000001
23a662b3b7991e7
3ffffffffbe0000
1c599d4c4446e1a
000000000000001
23a662b3b7991e7
3ffffffffbe0000
1c599d4c4446e1a
000000000000001
23a662b3b7991e7
3ffffffffbe0000
1c599d4c4446e1a
000000000000001
23a662b3b7991e7
3ffffffffbe0000
1c599d4c4446e1a
000000000000001
354cfb65ff4aa7f
1abcadecab1b9bf
1ee134e6134ca79
1c599d4c4446e1a
1b64b9f62b735b6
0b13c776b6b451d
318decdf767e1db
3ffffffffbe0000
0ab30499fc95582
2543521350c4642
211ecb19e893588
23a662b3b7991e7
249b4609d06ca4b
34ec3889452bae4
0e7213208561e26
000000000000001
0b13c776b6b451d
23a662b3b7991e7
1abcadecab1b9bf
3ffffffffbe0000
34ec3889452bae4
1c599d4c4446e1a
2543521350c4642
000000000000001
0b13c776b6b451d
23a662b3b7991e7
1abcadecab1b9bf
3ffffffffbe0000
34ec3889452bae4
1c599d4c4446e1a
2543521350c4642
000000000000001
211ecb19e893588
0b13c776b6b451d
354cfb65ff4aa7f
23a662b3b7991e7
318decdf767e1db
1abcadecab1b9bf
249b4609d06ca4b
3ffffffffbe0000
1ee134e6134ca79
34ec3889452bae4
0ab30499fc95582
1c599d4c4446e1a
0e7213208561e26
2543521350c4642
1b64b9f62b735b6
000000000000001
000000000000001
000000000000001
000000000000001
000000000000001
000000000000001
000000000000001
000000000000001
000000000000001
000000000000001
000000000000001
000000000000001
000000000000001
000000000000001
000000000000001
000000000000001
000000000000001
000026ba3d52a4d
0000341a4522482
00001bebe8362e3
00002ad4ed2e743
000031bad4ae2af
000031380681ee9
0000396d1a7caa7
00003ffffe80000
00001945c12d5b4
00000be5b95db7f
000024141649d1e
0000152b11518be
00000e4529d1d52
00000ec7f7fe118
00000692e40355a
000000000000001
0000341a4522482
00002ad4ed2e743
000031380681ee9
00003ffffe80000
00000be5b95db7f
0000152b11518be
00000ec7f7fe118
000000000000001
0000341a4522482
00002ad4ed2e743
000031380681ee9
00003ffffe80000
00000be5b95db7f
0000152b11518be
00000ec7f7fe118
000000000000001
00001bebe8362e3
000031380681ee9
00001945c12d5b4
0000152b11518be
00000692e40355a
0000341a4522482
000031bad4ae2af
00003ffffe80000
000024141649d1e
00000ec7f7fe118
000026ba3d52a4d
00002ad4ed2e743
0000396d1a7caa7
00000be5b95db7f
00000e4529d1d52
000000000000001
00002ad4ed2e743
00003ffffe80000
0000152b11518be
000000000000001
00002ad4ed2e743
00003ffffe80000
0000152b11518be
000000000000001
00002ad4ed2e743
00003ffffe80000
0000152b11518be
000000000000001
00002ad4ed2e743
00003ffffe80000
0000152b11518be
000000000000001
000031bad4ae2af
00000be5b95db7f
00000692e40355a
00002ad4ed2e743
00001945c12d5b4
00000ec7f7fe118
00001bebe8362e3
00003ffffe80000
00000e4529d1d52
0000341a4522482
0000396d1a7caa7
0000152b11518be
000026ba3d52a4d
000031380681ee9
000024141649d1e
000000000000001
000031380681ee9
0000152b11518be
0000341a4522482
00003ffffe80000
00000ec7f7fe118
00002ad4ed2e743
00000be5b95db7f
000000000000001
000031380681ee9
0000152b11518be
0000341a4522482
00003ffffe80000
00000ec7f7fe118
00002ad4ed2e743
00000be5b95db7f
000000000000001
0000396d1a7caa7
00000ec7f7fe118
000031bad4ae2af
0000152b11518be
00001bebe8362e3
00000be5b95db7f
000026ba3d52a4d
00003ffffe80000
00000692e40355a
000031380681ee9
00000e4529d1d52
00002ad4ed2e743
000024141649d1e
0000341a4522482
00001945c12d5b4
000000000000001
00003ffffe80000
000000000000001
00003ffffe80000
000000000000001
00003ffffe80000
000000000000001
00003ffffe80000
000000000000001
00003ffffe80000
000000000000001
00003ffffe80000
000000000000001
00003ffffe80000
000000000000001
00003ffffe80000
000000000000001
00001945c12d5b4
0000341a4522482
000024141649d1e
00002ad4ed2e743
00000e4529d1d52
000031380681ee9
00000692e40355a
00003ffffe80000
000026ba3d52a4d
00000be5b95db7f
00001bebe8362e3
0000152b11518be
000031bad4ae2af
00000ec7f7fe118
0000396d1a7caa7
000000000000001
00000be5b95db7f
00002ad4ed2e743
00000ec7f7fe118
00003ffffe80000
0000341a4522482
0000152b11518be
000031380681ee9
000000000000001
00000be5b95db7f
00002ad4ed2e743
00000ec7f7fe118
00003ffffe80000
0000341a4522482
0000152b11518be
000031380681ee9
000000000000001
000024141649d1e
000031380681ee9
000026ba3d52a4d
0000152b11518be
0000396d1a7caa7
0000341a4522482
00000e4529d1d52
00003ffffe80000
00001bebe8362e3
00000ec7f7fe118
00001945c12d5b4
00002ad4ed2e743
00000692e40355a
00000be5b95db7f
000031bad4ae2af
000000000000001
0000152b11518be
00003ffffe80000
00002ad4ed2e743
000000000000001
0000152b11518be
00003ffffe80000
00002ad4ed2e743
000000000000001
0000152b11518be
00003ffffe80000
00002ad4ed2e743
000000000000001
0000152b11518be
00003ffffe80000
00002ad4ed2e743
000000000000001
00000e4529d1d52
00000be5b95db7f
0000396d1a7caa7
00002ad4ed2e743
000026ba3d52a4d
00000ec7f7fe118
000024141649d1e
00003ffffe80000
000031bad4ae2af
0000341a4522482
00000692e40355a
0000152b11518be
00001945c12d5b4
000031380681ee9
00001bebe8362e3
000000000000001
00000ec7f7fe118
0000152b11518be
00000be5b95db7f
00003ffffe80000
000031380681ee9
00002ad4ed2e743
0000341a4522482
000000000000001
00000ec7f7fe118
0000152b11518be
00000be5b95db7f
00003ffffe80000
000031380681ee9
00002ad4ed2e743
0000341a4522482
000000000000001
00000692e40355a
00000ec7f7fe118
00000e4529d1d52
0000152b11518be
000024141649d1e
00000be5b95db7f
00001945c12d5b4
00003ffffe80000
0000396d1a7caa7
000031380681ee9
000031bad4ae2af
00002ad4ed2e743
00001bebe8362e3
0000341a4522482
000026ba3d52a4d
000000000000001
000000000000001
000000000000001
000000000000001
000000000000001
000000000000001
000000000000001
000000000000001
000000000000001
000000000000001
000000000000001
000000000000001
000000000000001
000000000000001
000000000000001
000000000000001
000000000000001
000011a74fba818
00001329a08096c
00001c8a217f275
00002fb2cf8accd
000032261962406
00000241093473f
00001e2034546b8
00003ffffd20000
00002e58ad657e9
00002cd65c9f695
00002375dba0d8c
0000104d2d95334
00000dd9e3bdbfb
00003dbef3eb8c2
000021dfc8cb949
000000000000001
00001329a08096c
00002fb2cf8accd
00000241093473f
00003ffffd20000
00002cd65c9f695
0000104d2d95334
00003dbef3eb8c2
000000000000001
00001329a08096c
00002fb2cf8accd
00000241093473f
00003ffffd20000
00002cd65c9f695
0000104d2d95334
00003dbef3eb8c2
000000000000001
00001c8a217f275
00000241093473f
00002e58ad657e9
0000104d2d95334
000021dfc8cb949
00001329a08096c
000032261962406
00003ffffd20000
00002375dba0d8c
00003dbef3eb8c2
000011a74fba818
00002fb2cf8accd
00001e2034546b8
00002cd65c9f695
00000dd9e3bdbfb
000000000000001
00002fb2cf8accd
00003ffffd20000
0000104d2d95334
000000000000001
00002fb2cf8accd
00003ffffd20000
0000104d2d95334
000000000000001
00002fb2cf8accd
00003ffffd20000
0000104d2d95334
000000000000001
00002fb2cf8accd
00003ffffd20000
0000104d2d95334
000000000000001
000032261962406
00002cd65c9f695
000021dfc8cb949
00002fb2cf8accd
00002e58ad657e9
00003dbef3eb8c2
00001c8a217f275
00003ffffd20000
00000dd9e3bdbfb
00001329a08096c
00001e2034546b8
0000104d2d95334
000011a74fba818
00000241093473f
00002375dba0d8c
000000000000001
00000241093473f
0000104d2d95334
00001329a08096c
00003ffffd20000
00003dbef3eb8c2
00002fb2cf8accd
00002cd65c9f695
000000000000001
00000241093473f
0000104d2d95334
00001329a08096c
00003ffffd20000
00003dbef3eb8c2
00002fb2cf8accd
00002cd65c9f695
000000000000001
00001e2034546b8
00003dbef3eb8c2
000032261962406
0000104d2d95334
00001c8a217f275
00002cd65c9f695
000011a74fba818
00003ffffd20000
000021dfc8cb949
00000241093473f
00000dd9e3bdbfb
00002fb2cf8accd
00002375dba0d8c
00001329a08096c
00002e58ad657e9
000000000000001
00003ffffd20000
000000000000001
00003ffffd20000
000000000000001
00003ffffd20000
000000000000001
00003ffffd20000
000000000000001
00003ffffd20000
000000000000001
00003ffffd20000
000000000000001
00003ffffd20000
000000000000001
00003ffffd20000
000000000000001
00002e58ad657e9
00001329a08096c
00002375dba0d8c
00002fb2cf8accd
00000dd9e3bdbfb
00000241093473f
000021dfc8cb949
00003ffffd20000
000011a74fba818
00002cd65c9f695
00001c8a217f275
0000104d2d95334
000032261962406
00003dbef3eb8c2
00001e2034546b8
000000000000001
00002cd65c9f695
00002fb2cf8accd
00003dbef3eb8c2
00003ffffd20000
00001329a08096c
0000104d2d95334
00000241093473f
000000000000001
00002cd65c9f695
00002fb2cf8accd
00003dbef3eb8c2
00003ffffd20000
00001329a08096c
0000104d2d95334
00000241093473f
000000000000001
00002375dba0d8c
00000241093473f
000011a74fba818
0000104d2d95334
00001e2034546b8
00001329a08096c
00000dd9e3bdbfb
00003ffffd20000
00001c8a217f275
00003dbef3eb8c2
00002e58ad657e9
00002fb2cf8accd
000021dfc8cb949
00002cd65c9f695
000032261962406
000000000000001
0000104d2d95334
00003ffffd20000
00002fb2cf8accd
000000000000001
0000104d2d95334
00003ffffd20000
00002fb2cf8accd
000000000000001
0000104d2d95334
00003ffffd20000
00002fb2cf8accd
000000000000001
0000104d2d95334
00003ffffd20000
00002fb2cf8accd
000000000000001
00000dd9e3bdbfb
00002cd65c9f695
00001e2034546b8
00002fb2cf8accd
000011a74fba818
00003dbef3eb8c2
00002375dba0d8c
00003ffffd20000
000032261962406
00001329a08096c
000021dfc8cb949
0000104d2d95334
00002e58ad657e9
00000241093473f
00001c8a217f275
000000000000001
00003dbef3eb8c2
0000104d2d95334
00002cd65c9f695
00003ffffd20000
00000241093473f
00002fb2cf8accd
00001329a08096c
000000000000001
00003dbef3eb8c2
0000104d2d95334
00002cd65c9f695
00003ffffd20000
00000241093473f
00002fb2cf8accd
00001329a08096c
000000000000001
000021dfc8cb949
00003dbef3eb8c2
00000dd9e3bdbfb
0000104d2d95334
00002375dba0d8c
00002cd65c9f695
00002e58ad657e9
00003ffffd20000
00001e2034546b8
00000241093473f
000032261962406
00002fb2cf8accd
00001c8a217f275
00001329a08096c
000011a74fba818
000000000000001
000000000000001
000000000000001
000000000000001
000000000000001
000000000000001
000000000000001
000000000000001
000000000000001
000000000000001
000000000000001
000000000000001
000000000000001
000000000000001
000000000000001
000000000000001
000000000000001
0000089cb2b6b41
00000cfaf5cfe84
00000e31b9f4f21
00003e52bc1da73
000001d13b91089
00001b0bbd0d9f1
00000e20dc6b90f
00003ffffca0000
0000376349e94c0
0000330506d017d
000031ce42ab0e0
000001ad408258e
00003e2ec10ef78
000024f43f92610
000031df20346f2
000000000000001
00000cfaf5cfe84
00003e52bc1da73
00001b0bbd0d9f1
00003ffffca0000
0000330506d017d
000001ad408258e
000024f43f92610
000000000000001
00000cfaf5cfe84
00003e52bc1da73
00001b0bbd0d9f1
00003ffffca0000
0000330506d017d
000001ad408258e
000024f43f92610
000000000000001
00000e31b9f4f21
00001b0bbd0d9f1
0000376349e94c0
000001ad408258e
000031df20346f2
00000cfaf5cfe84
000001d13b91089
00003ffffca0000
000031ce42ab0e0
000024f43f92610
0000089cb2b6b41
00003e52bc1da73
00000e20dc6b90f
0000330506d017d
00003e2ec10ef78
000000000000001
00003e52bc1da73
00003ffffca0000
000001ad408258e
000000000000001
00003e52bc1da73
00003ffffca0000
000001ad408258e
000000000000001
00003e52bc1da73
00003ffffca0000
000001ad408258e
000000000000001
00003e52bc1da73
00003ffffca0000
000001ad408258e
000000000000001
000001d13b91089
0000330506d017d
000031df20346f2
00003e52bc1da73
0000376349e94c0
000024f43f92610
00000e31b9f4f21
00003ffffca0000
00003e2ec10ef78
00000cfaf5cfe84
00000e20dc6b90f
000001ad408258e
0000089cb2b6b41
00001b0bbd0d9f1
000031ce42ab0e0
000000000000001
00001b0bbd0d9f1
000001ad408258e
00000cfaf5cfe84
00003ffffca0000
000024f43f92610
00003e52bc1da73
0000330506d017d
000000000000001
00001b0bbd0d9f1
000001ad408258e
00000cfaf5cfe84
00003ffffca0000
000024f43f92610
00003e52bc1da73
0000330506d017d
000000000000001
00000e20dc6b90f
000024f43f92610
000001d13b91089
000001ad408258e
00000e31b9f4f21
0000330506d017d
0000089cb2b6b41
00003ffffca0000
000031df20346f2
00001b0bbd0d9f1
00003e2ec10ef78
00003e52bc1da73
000031ce42ab0e0
00000cfaf5cfe84
0000376349e94c0
000000000000001
00003ffffca0000
000000000000001
00003ffffca0000
000000000000001
00003ffffca0000
000000000000001
00003ffffca0000
000000000000001
00003ffffca0000
000000000000001
00003ffffca0000
000000000000001
00003ffffca0000
000000000000001
00003ffffca0000
000000000000001
0000376349e94c0
00000cfaf5cfe84
000031ce42ab0e0
00003e52bc1da73
00003e2ec10ef78
00001b0bbd0d9f1
000031df20346f2
00003ffffca0000
0000089cb2b6b41
0000330506d017d
00000e31b9f4f21
000001ad408258e
000001d13b91089
000024f43f92610
00000e20dc6b90f
000000000000001
0000330506d017d
00003e52bc1da73
000024f43f92610
00003ffffca0000
00000cfaf5cfe84
000001ad408258e
00001b0bbd0d9f1
000000000000001
0000330506d017d
00003e52bc1da73
000024f43f92610
00003ffffca0000
00000cfaf5cfe84
000001ad408258e
00001b0bbd0d9f1
000000000000001
000031ce42ab0e0
00001b0bbd0d9f1
0000089cb2b6b41
000001ad408258e
00000e20dc6b90f
00000cfaf5cfe84
00003e2ec10ef78
00003ffffca0000
00000e31b9f4f21
000024f43f92610
0000376349e94c0
00003e52bc1da73
000031df20346f2
0000330506d017d
000001d13b91089
000000000000001
000001ad408258e
00003ffffca0000
00003e52bc1da73
000000000000001
000001ad408258e
00003ffffca0000
00003e52bc1da73
000000000000001
000001ad408258e
00003ffffca0000
00003e52bc1da73
000000000000001
000001ad408258e
00003ffffca0000
00003e52bc1da73
000000000000001
00003e2ec10ef78
0000330506d017d
00000e20dc6b90f
00003e52bc1da73
0000089cb2b6b41
000024f43f92610
000031ce42ab0e0
00003ffffca0000
000001d13b91089
00000cfaf5cfe84
000031df20346f2
000001ad408258e
0000376349e94c0
00001b0bbd0d9f1
00000e31b9f4f21
000000000000001
000024f43f92610
000001ad408258e
0000330506d017d
00003ffffca0000
00001b0bbd0d9f1
00003e52bc1da73
00000cfaf5cfe84
000000000000001
000024f43f92610
000001ad408258e
0000330506d017d
00003ffffca0000
00001b0bbd0d9f1
00003e52bc1da73
00000cfaf5cfe84
000000000000001
000031df20346f2
000024f43f92610
00003e2ec10ef78
000001ad408258e
000031ce42ab0e0
0000330506d017d
0000376349e94c0
00003ffffca0000
00000e20dc6b90f
00001b0bbd0d9f1
000001d13b91089
00003e52bc1da73
00000e31b9f4f21
00000cfaf5cfe84
0000089cb2b6b41
000000000000001
000000000000001
000000000000001
000000000000001
000000000000001
000000000000001
000000000000001
000000000000001
000000000000001
000000000000001
000000000000001
000000000000001
000000000000001
000000000000001
000000000000001
000000000000001
000000000000001
0000218f0d5e118
00003a5966e80a1
000033c433cead1
0000155afee1252
00001961c4f061c
00003a1966ea2a1
00000bf4cc30179
00003ffffbe0000
00001e70ee81ee9
000005a694f7f60
00000c3bc811530
00002aa4fcfedaf
0000269e36ef9e5
000005e694f5d60
0000340b2fafe88
000000000000001
00003a5966e80a1
0000155afee1252
00003a1966ea2a1
00003ffffbe0000
000005a694f7f60
00002aa4fcfedaf
000005e694f5d60
000000000000001
00003a5966e80a1
0000155afee1252
00003a1966ea2a1
00003ffffbe0000
000005a694f7f60
00002aa4fcfedaf
000005e694f5d60
000000000000001
000033c433cead1
00003a1966ea2a1
00001e70ee81ee9
00002aa4fcfedaf
0000340b2fafe88
00003a5966e80a1
00001961c4f061c
00003ffffbe0000
00000c3bc811530
000005e694f5d60
0000218f0d5e118
0000155afee1252
00000bf4cc30179
000005a694f7f60
0000269e36ef9e5
000000000000001
0000155afee1252
00003ffffbe0000
00002aa4fcfedaf
000000000000001
0000155afee1252
00003ffffbe0000
00002aa4fcfedaf
000000000000001
0000155afee1252
00003ffffbe0000
00002aa4fcfedaf
000000000000001
0000155afee1252
00003ffffbe0000
00002aa4fcfedaf
000000000000001
00001961c4f061c
000005a694f7f60
0000340b2fafe88
0000155afee1252
00001e70ee81ee9
000005e694f5d60
000033c433cead1
00003ffffbe0000
0000269e36ef9e5
00003a5966e80a1
00000bf4cc30179
00002aa4fcfedaf
0000218f0d5e118
00003a1966ea2a1
00000c3bc811530
000000000000001
00003a1966ea2a1
00002aa4fcfedaf
00003a5966e80a1
00003ffffbe0000
000005e694f5d60
0000155afee1252
000005a694f7f60
000000000000001
00003a1966ea2a1
00002aa4fcfedaf
00003a5966e80a1
00003ffffbe0000
000005e694f5d60
0000155afee1252
000005a694f7f60
000000000000001
00000bf4cc30179
000005e694f5d60
00001961c4f061c
00002aa4fcfedaf
000033c433cead1
000005a694f7f60
0000218f0d5e118
00003ffffbe0000
0000340b2fafe88
00003a1966ea2a1
0000269e36ef9e5
0000155afee1252
00000c3bc811530
00003a5966e80a1
00001e70ee81ee9
000000000000001
00003ffffbe0000
000000000000001
00003ffffbe0000
000000000000001
00003ffffbe0000
000000000000001
00003ffffbe0000
000000000000001
00003ffffbe0000
000000000000001
00003ffffbe0000
000000000000001
00003ffffbe0000
000000000000001
00003ffffbe0000
000000000000001
00001e70ee81ee9
00003a5966e80a1
00000c3bc811530
0000155afee1252
0000269e36ef9e5
00003a1966ea2a1
0000340b2fafe88
00003ffffbe0000
0000218f0d5e118
000005a694f7f60
000033c433cead1
00002aa4fcfedaf
00001961c4f061c
000005e694f5d60
00000bf4cc30179
000000000000001
000005a694f7f60
0000155afee1252
000005e694f5d60
00003ffffbe0000
00003a5966e80a1
00002aa4fcfedaf
00003a1966ea2a1
000000000000001
000005a694f7f60
0000155afee1252
000005e694f5d60
00003ffffbe0000
00003a5966e80a1
00002aa4fcfedaf
00003a1966ea2a1
000000000000001
00000c3bc811530
00003a1966ea2a1
0000218f0d5e118
00002aa4fcfedaf
00000bf4cc30179
00003a5966e80a1
0000269e36ef9e5
00003ffffbe0000
000033c433cead1
000005e694f5d60
00001e70ee81ee9
0000155afee1252
0000340b2fafe88
000005a694f7f60
00001961c4f061c
000000000000001
00002aa4fcfedaf
00003ffffbe0000
0000155afee1252
000000000000001
00002aa4fcfedaf
00003ffffbe0000
0000155afee1252
000000000000001
00002aa4fcfedaf
00003ffffbe0000
0000155afee1252
000000000000001
00002aa4fcfedaf
00003ffffbe0000
0000155afee1252
000000000000001
0000269e36ef9e5
000005a694f7f60
00000bf4cc30179
0000155afee1252
0000218f0d5e118
000005e694f5d60
00000c3bc811530
00003ffffbe0000
00001961c4f061c
00003a5966e80a1
0000340b2fafe88
00002aa4fcfedaf
00001e70ee81ee9
00003a1966ea2a1
000033c433cead1
000000000000001
000005e694f5d60
00002aa4fcfedaf
000005a694f7f60
00003ffffbe0000
00003a1966ea2a1
0000155afee1252
00003a5966e80a1
000000000000001
000005e694f5d60
00002aa4fcfedaf
000005a694f7f60
00003ffffbe0000
00003a1966ea2a1
0000155afee1252
00003a5966e80a1
000000000000001
0000340b2fafe88
000005e694f5d60
0000269e36ef9e5
00002aa4fcfedaf
00000c3bc811530
000005a694f7f60
00001e70ee81ee9
00003ffffbe0000
00000bf4cc30179
00003a1966ea2a1
00001961c4f061c
0000155afee1252
000033c433cead1
00003a5966e80a1
0000218f0d5e118
000000000000001
000000000000001
000000000000001
000000000000001
000000000000001
000000000000001
000000000000001
000000000000001
000000000000001
000000000000001
000000000000001
000000000000001
000000000000001
000000000000001
000000000000001
000000000000001
000000000000001
00000dfc8067a31
0000145d7105861
00002beaebae3ba
00003825343c39f
00003f18b84238c
00000e862c382be
000003918f8e839
00003ffff4e0000
0000320374785d0
00002ba283da7a0
000014150931c47
000007dac0a3c62
000000e73c9dc75
00003179c8a7d43
00003c6e65517c8
000000000000001
0000145d7105861
00003825343c39f
00000e862c382be
00003ffff4e0000
00002ba283da7a0
000007dac0a3c62
00003179c8a7d43
000000000000001
0000145d7105861
00003825343c39f
00000e862c382be
00003ffff4e0000
00002ba283da7a0
000007dac0a3c62
00003179c8a7d43
000000000000001
00002beaebae3ba
00000e862c382be
0000320374785d0
000007dac0a3c62
00003c6e65517c8
0000145d7105861
00003f18b84238c
00003ffff4e0000
000014150931c47
00003179c8a7d43
00000dfc8067a31
00003825343c39f
000003918f8e839
00002ba283da7a0
000000e73c9dc75
000000000000001
00003825343c39f
00003ffff4e0000
000007dac0a3c62
000000000000001
00003825343c39f
00003ffff4e0000
000007dac0a3c62
000000000000001
00003825343c39f
00003ffff4e0000
000007dac0a3c62
000000000000001
00003825343c39f
00003ffff4e0000
000007dac0a3c62
000000000000001
00003f18b84238c
00002ba283da7a0
00003c6e65517c8
00003825343c39f
0000320374785d0
00003179c8a7d43
00002beaebae3ba
00003ffff4e0000
000000e73c9dc75
0000145d7105861
000003918f8e839
000007dac0a3c62
00000dfc8067a31
00000e862c382be
000014150931c47
000000000000001
00000e862c382be
000007dac0a3c62
0000145d7105861
00003ffff4e0000
00003179c8a7d43
00003825343c39f
00002ba283da7a0
000000000000001
00000e862c382be
000007dac0a3c62
0000145d7105861
00003ffff4e0000
00003179c8a7d43
00003825343c39f
00002ba283da7a0
000000000000001
000003918f8e839
00003179c8a7d43
00003f18b84238c
000007dac0a3c62
00002beaebae3ba
00002ba283da7a0
00000dfc8067a31
00003ffff4e0000
00003c6e65517c8
00000e862c382be
000000e73c9dc75
00003825343c39f
000014150931c47
0000145d7105861
0000320374785d0
000000000000001
00003ffff4e0000
000000000000001
00003ffff4e0000
000000000000001
00003ffff4e0000
000000000000001
00003ffff4e0000
000000000000001
00003ffff4e0000
000000000000001
00003ffff4e0000
000000000000001
00003ffff4e0000
000000000000001
00003ffff4e0000
000000000000001
0000320374785d0
0000145d7105861
000014150931c47
00003825343c39f
000000e73c9dc75
00000e862c382be
00003c6e65517c8
00003ffff4e0000
00000dfc8067a31
00002ba283da7a0
00002beaebae3ba
000007dac0a3c62
00003f18b84238c
00003179c8a7d43
000003918f8e839
000000000000001
00002ba283da7a0
00003825343c39f
00003179c8a7d43
00003ffff4e0000
0000145d7105861
000007dac0a3c62
00000e862c382be
000000000000001
00002ba283da7a0
00003825343c39f
00003179c8a7d43
00003ffff4e0000
0000145d7105861
000007dac0a3c62
00000e862c382be
000000000000001
000014150931c47
00000e862c382be
00000dfc8067a31
000007dac0a3c62
000003918f8e839
0000145d7105861
000000e73c9dc75
00003ffff4e0000
00002beaebae3ba
00003179c8a7d43
0000320374785d0
00003825343c39f
00003c6e65517c8
00002ba283da7a0
00003f18b84238c
000000000000001
000007dac0a3c62
00003ffff4e0000
00003825343c39f
000000000000001
000007dac0a3c62
00003ffff4e0000
00003825343c39f
000000000000001
000007dac0a3c62
00003ffff4e0000
00003825343c39f
000000000000001
000007dac0a3c62
00003ffff4e0000
00003825343c39f
000000000000001
000000e73c9dc75
00002ba283da7a0
000003918f8e839
00003825343c39f
00000dfc8067a31
00003179c8a7d43
000014150931c47
00003ffff4e0000
00003f18b84238c
0000145d7105861
00003c6e65517c8
000007dac0a3c62
0000320374785d0
00000e862c382be
00002beaebae3ba
000000000000001
00003179c8a7d43
000007dac0a3c62
00002ba283da7a0
00003ffff4e0000
00000e862c382be
00003825343c39f
0000145d7105861
000000000000001
00003179c8a7d43
000007dac0a3c62
00002ba283da7a0
00003ffff4e0000
00000e862c382be
00003825343c39f
0000145d7105861
000000000000001
00003c6e65517c8
00003179c8a7d43
000000e73c9dc75
000007dac0a3c62
000014150931c47
00002ba283da7a0
0000320374785d0
00003ffff4e0000
000003918f8e839
00000e862c382be
00003f18b84238c
00003825343c39f
00002beaebae3ba
0000145d7105861
00000dfc8067a31
000000000000001
000000000000001
000000000000001
000000000000001
000000000000001
000000000000001
000000000000001
000000000000001
000000000000001
000000000000001
000000000000001
000000000000001
000000000000001
000000000000001
000000000000001
000000000000001
000000000000001
000018d7116e402
00001fdc0655aff
00003b10322070a
00002f8cf5e73e2
00001521e195fb1
00001fd0f08180b
00000a8abb34175
00003fffefa0000
00002728de31bff
00002023e94a502
000004efbd7f8f7
00001072f9b8c1f
00002ade0e0a050
0000202eff1e7f6
00003575346be8c
000000000000001
00001fdc0655aff
00002f8cf5e73e2
00001fd0f08180b
00003fffefa0000
00002023e94a502
00001072f9b8c1f
0000202eff1e7f6
000000000000001
00001fdc0655aff
00002f8cf5e73e2
00001fd0f08180b
00003fffefa0000
00002023e94a502
00001072f9b8c1f
0000202eff1e7f6
000000000000001
00003b10322070a
00001fd0f08180b
00002728de31bff
00001072f9b8c1f
00003575346be8c
00001fdc0655aff
00001521e195fb1
00003fffefa0000
000004efbd7f8f7
0000202eff1e7f6
000018d7116e402
00002f8cf5e73e2
00000a8abb34175
00002023e94a502
00002ade0e0a050
000000000000001
00002f8cf5e73e2
00003fffefa0000
00001072f9b8c1f
000000000000001
00002f8cf5e73e2
00003fffefa0000
00001072f9b8c1f
000000000000001
00002f8cf5e73e2
00003fffefa0000
00001072f9b8c1f
000000000000001
00002f8cf5e73e2
00003fffefa0000
00001072f9b8c1f
000000000000001
00001521e195fb1
00002023e94a502
00003575346be8c
00002f8cf5e73e2
00002728de31bff
0000202eff1e7f6
00003b10322070a
00003fffefa0000
00002ade0e0a050
00001fdc0655aff
00000a8abb34175
00001072f9b8c1f
000018d7116e402
00001fd0f08180b
000004efbd7f8f7
000000000000001
00001fd0f08180b
00001072f9b8c1f
00001fdc0655aff
00003fffefa0000
0000202eff1e7f6
00002f8cf5e73e2
00002023e94a502
000000000000001
00001fd0f08180b
00001072f9b8c1f
00001fdc0655aff
00003fffefa0000
0000202eff1e7f6
00002f8cf5e73e2
00002023e94a502
000000000000001
00000a8abb34175
0000202eff1e7f6
00001521e195fb1
00001072f9b8c1f
00003b10322070a
00002023e94a502
000018d7116e402
00003fffefa0000
00003575346be8c
00001fd0f08180b
00002ade0e0a050
00002f8cf5e73e2
000004efbd7f8f7
00001fdc0655aff
00002728de31bff
000000000000001
00003fffefa0000
000000000000001
00003fffefa0000
000000000000001
00003fffefa0000
000000000000001
00003fffefa0000
000000000000001
00003fffefa0000
000000000000001
00003fffefa0000
000000000000001
00003fffefa0000
000000000000001
00003fffefa0000
000000000000001
00002728de31bff
00001fdc0655aff
000004efbd7f8f7
00002f8cf5e73e2
00002ade0e0a050
00001fd0f08180b
00003575346be8c
00003fffefa0000
000018d7116e402
00002023e94a502
00003b10322070a
00001072f9b8c1f
00001521e195fb1
0000202eff1e7f6
00000a8abb34175
000000000000001
00002023e94a502
00002f8cf5e73e2
0000202eff1e7f6
00003fffefa0000
00001fdc0655aff
00001072f9b8c1f
00001fd0f08180b
000000000000001
00002023e94a502
00002f8cf5e73e2
0000202eff1e7f6
00003fffefa0000
00001fdc0655aff
00001072f9b8c1f
00001fd0f08180b
000000000000001
000004efbd7f8f7
00001fd0f08180b
000018d7116e402
00001072f9b8c1f
00000a8abb34175
00001fdc0655aff
00002ade0e0a050
00003fffefa0000
00003b10322070a
0000202eff1e7f6
00002728de31bff
00002f8cf5e73e2
00003575346be8c
00002023e94a502
00001521e195fb1
000000000000001
00001072f9b8c1f
00003fffefa0000
00002f8cf5e73e2
000000000000001
00001072f9b8c1f
00003fffefa0000
00002f8cf5e73e2
000000000000001
00001072f9b8c1f
00003fffefa0000
00002f8cf5e73e2
000000000000001
00001072f9b8c1f
00003fffefa0000
00002f8cf5e73e2
000000000000001
00002ade0e0a050
00002023e94a502
00000a8abb34175
00002f8cf5e73e2
000018d7116e402
0000202eff1e7f6
000004efbd7f8f7
00003fffefa0000
00001521e195fb1
00001fdc0655aff
00003575346be8c
00001072f9b8c1f
00002728de31bff
00001fd0f08180b
00003b10322070a
000000000000001
0000202eff1e7f6
00001072f9b8c1f
00002023e94a502
00003fffefa0000
00001fd0f08180b
00002f8cf5e73e2
00001fdc0655aff
000000000000001
0000202eff1e7f6
00001072f9b8c1f
00002023e94a502
00003fffefa0000
00001fd0f08180b
00002f8cf5e73e2
00001fdc0655aff
000000000000001
00003575346be8c
0000202eff1e7f6
00002ade0e0a050
00001072f9b8c1f
000004efbd7f8f7
00002023e94a502
00002728de31bff
00003fffefa0000
00000a8abb34175
00001fd0f08180b
00001521e195fb1
00002f8cf5e73e2
00003b10322070a
00001fdc0655aff
000018d7116e402
000000000000001
000000000000001
000000000000001
000000000000001
000000000000001
000000000000001
000000000000001
000000000000001
000000000000001
000000000000001
000000000000001
000000000000001
000000000000001
000000000000001
000000000000001
000000000000001
000000000000001
00000b63976409b
0000327bac0ad45
000005fe425e82e
000008984261e1b
00003aa1777fa3a
000002d36e511bc
00003952f834800
00003fffee60000
0000349c56fbf66
00000d8442552bc
00003a01ac017d3
00003767abfe1e6
0000055e76e05c7
00003d2c800ee45
000006acf62b801
000000000000001
0000327bac0ad45
000008984261e1b
000002d36e511bc
00003fffee60000
00000d8442552bc
00003767abfe1e6
00003d2c800ee45
000000000000001
0000327bac0ad45
000008984261e1b
000002d36e511bc
00003fffee60000
00000d8442552bc
00003767abfe1e6
00003d2c800ee45
000000000000001
000005fe425e82e
000002d36e511bc
0000349c56fbf66
00003767abfe1e6
000006acf62b801
0000327bac0ad45
00003aa1777fa3a
00003fffee60000
00003a01ac017d3
00003d2c800ee45
00000b63976409b
000008984261e1b
00003952f834800
00000d8442552bc
0000055e76e05c7
000000000000001
000008984261e1b
00003fffee60000
00003767abfe1e6
000000000000001
000008984261e1b
00003fffee60000
00003767abfe1e6
000000000000001
000008984261e1b
00003fffee60000
00003767abfe1e6
000000000000001
000008984261e1b
00003fffee60000
00003767abfe1e6
000000000000001
00003aa1777fa3a
00000d8442552bc
000006acf62b801
000008984261e1b
0000349c56fbf66
00003d2c800ee45
000005fe425e82e
00003fffee60000
0000055e76e05c7
0000327bac0ad45
00003952f834800
00003767abfe1e6
00000b63976409b
000002d36e511bc
00003a01ac017d3
000000000000001
000002d36e511bc
00003767abfe1e6
0000327bac0ad45
00003fffee60000
00003d2c800ee45
000008984261e1b
00000d8442552bc
000000000000001
000002d36e511bc
00003767abfe1e6
0000327bac0ad45
00003fffee60000
00003d2c800ee45
000008984261e1b
00000d8442552bc
000000000000001
00003952f834800
00003d2c800ee45
00003aa1777fa3a
00003767abfe1e6
000005fe425e82e
00000d8442552bc
00000b63976409b
00003fffee60000
000006acf62b801
000002d36e511bc
0000055e76e05c7
000008984261e1b
00003a01ac017d3
0000327bac0ad45
0000349c56fbf66
000000000000001
00003fffee60000
000000000000001
00003fffee60000
000000000000001
00003fffee60000
000000000000001
00003fffee60000
000000000000001
00003fffee60000
000000000000001
00003fffee60000
000000000000001
00003fffee60000
000000000000001
00003fffee60000
000000000000001
0000349c56fbf66
0000327bac0ad45
00003a01ac017d3
000008984261e1b
0000055e76e05c7
000002d36e511bc
000006acf62b801
00003fffee60000
00000b63976409b
00000d8442552bc
000005fe425e82e
00003767abfe1e6
00003aa1777fa3a
00003d2c800ee45
00003952f834800
000000000000001
00000d8442552bc
000008984261e1b
00003d2c800ee45
00003fffee60000
0000327bac0ad45
00003767abfe1e6
000002d36e511bc
000000000000001
00000d8442552bc
000008984261e1b
00003d2c800ee45
00003fffee60000
0000327bac0ad45
00003767abfe1e6
000002d36e511bc
000000000000001
00003a01ac017d3
000002d36e511bc
00000b63976409b
00003767abfe1e6
00003952f834800
0000327bac0ad45
0000055e76e05c7
00003fffee60000
000005fe425e82e
00003d2c800ee45
0000349c56fbf66
000008984261e1b
000006acf62b801
00000d8442552bc
00003aa1777fa3a
000000000000001
00003767abfe1e6
00003fffee60000
000008984261e1b
000000000000001
00003767abfe1e6
00003fffee60000
000008984261e1b
000000000000001
00003767abfe1e6
00003fffee60000
000008984261e1b
000000000000001
00003767abfe1e6
00003fffee60000
000008984261e1b
000000000000001
0000055e76e05c7
00000d8442552bc
00003952f834800
000008984261e1b
00000b63976409b
00003d2c800ee45
00003a01ac017d3
00003fffee60000
00003aa1777fa3a
0000327bac0ad45
000006acf62b801
00003767abfe1e6
0000349c56fbf66
000002d36e511bc
000005fe425e82e
000000000000001
00003d2c800ee45
00003767abfe1e6
00000d8442552bc
00003fffee60000
000002d36e511bc
000008984261e1b
0000327bac0ad45
000000000000001
00003d2c800ee45
00003767abfe1e6
00000d8442552bc
00003fffee60000
000002d36e511bc
000008984261e1b
0000327bac0ad45
000000000000001
000006acf62b801
00003d2c800ee45
0000055e76e05c7
00003767abfe1e6
00003a01ac017d3
00000d8442552bc
0000349c56fbf66
00003fffee60000
00003952f834800
000002d36e511bc
00003aa1777fa3a
000008984261e1b
000005fe425e82e
0000327bac0ad45
00000b63976409b
000000000000001
000000000000001
000000000000001
000000000000001
000000000000001
000000000000001
000000000000001
000000000000001
000000000000001
000000000000001
000000000000001
000000000000001
000000000000001
000000000000001
000000000000001
000000000000001
000000000000001
00003f26cf296f1
0000235067f1249
00000b4a21e63dc
00002a1265699f0
000006a4b3eb691
00000311d77d823
000015b9fd8bc48
00003fffe880000
000000d91956910
00001caf808edb8
000034b5c699c25
000015ed8316611
0000395b3494970
00003cee11027de
00002a45eaf43b9
000000000000001
0000235067f1249
00002a1265699f0
00000311d77d823
00003fffe880000
00001caf808edb8
000015ed8316611
00003cee11027de
000000000000001
0000235067f1249
00002a1265699f0
00000311d77d823
00003fffe880000
00001caf808edb8
000015ed8316611
00003cee11027de
000000000000001
00000b4a21e63dc
00000311d77d823
000000d91956910
000015ed8316611
00002a45eaf43b9
0000235067f1249
000006a4b3eb691
00003fffe880000
000034b5c699c25
00003cee11027de
00003f26cf296f1
00002a1265699f0
000015b9fd8bc48
00001caf808edb8
0000395b3494970
000000000000001
00002a1265699f0
00003fffe880000
000015ed8316611
000000000000001
00002a1265699f0
00003fffe880000
000015ed8316611
000000000000001
00002a1265699f0
00003fffe880000
000015ed8316611
000000000000001
00002a1265699f0
00003fffe880000
000015ed8316611
000000000000001
000006a4b3eb691
00001caf808edb8
00002a45eaf43b9
00002a1265699f0
000000d91956910
00003cee11027de
00000b4a21e63dc
00003fffe880000
0000395b3494970
0000235067f1249
000015b9fd8bc48
000015ed8316611
00003f26cf296f1
00000311d77d823
000034b5c699c25
000000000000001
00000311d77d823
000015ed8316611
0000235067f1249
00003fffe880000
00003cee11027de
00002a1265699f0
00001caf808edb8
000000000000001
00000311d77d823
000015ed8316611
0000235067f1249
00003fffe880000
00003cee11027de
00002a1265699f0
00001caf808edb8
000000000000001
000015b9fd8bc48
00003cee11027de
000006a4b3eb691
000015ed8316611
00000b4a21e63dc
00001caf808edb8
00003f26cf296f1
00003fffe880000
00002a45eaf43b9
00000311d77d823
0000395b3494970
00002a1265699f0
000034b5c699c25
0000235067f1249
000000d91956910
000000000000001
00003fffe880000
000000000000001
00003fffe880000
000000000000001
00003fffe880000
000000000000001
00003fffe880000
000000000000001
00003fffe880000
000000000000001
00003fffe880000
000000000000001
00003fffe880000
000000000000001
00003fffe880000
000000000000001
000000d91956910
0000235067f1249
000034b5c699c25
00002a1265699f0
0000395b3494970
00000311d77d823
00002a45eaf43b9
00003fffe880000
00003f26cf296f1
00001caf808edb8
00000b4a21e63dc
000015ed8316611
000006a4b3eb691
00003cee11027de
000015b9fd8bc48
000000000000001
00001caf808edb8
00002a1265699f0
00003cee11027de
00003fffe880000
0000235067f1249
000015ed8316611
00000311d77d823
000000000000001
00001caf808edb8
00002a1265699f0
00003cee11027de
00003fffe880000
0000235067f1249
000015ed8316611
00000311d77d823
000000000000001
000034b5c699c25
00000311d77d823
00003f26cf296f1
000015ed8316611
000015b9fd8bc48
0000235067f1249
0000395b3494970
00003fffe880000
00000b4a21e63dc
00003cee11027de
000000d91956910
00002a1265699f0
00002a45eaf43b9
00001caf808edb8
000006a4b3eb691
000000000000001
000015ed8316611
00003fffe880000
00002a1265699f0
000000000000001
000015ed8316611
00003fffe880000
00002a1265699f0
000000000000001
000015ed8316611
00003fffe880000
00002a1265699f0
000000000000001
000015ed8316611
00003fffe880000
00002a1265699f0
000000000000001
0000395b3494970
00001caf808edb8
000015b9fd8bc48
00002a1265699f0
00003f26cf296f1
00003cee11027de
000034b5c699c25
00003fffe880000
000006a4b3eb691
0000235067f1249
00002a45eaf43b9
000015ed8316611
000000d91956910
00000311d77d823
00000b4a21e63dc
000000000000001
00003cee11027de
000015ed8316611
00001caf808edb8
00003fffe880000
00000311d77d823
00002a1265699f0
0000235067f1249
000000000000001
00003cee11027de
000015ed8316611
00001caf808edb8
00003fffe880000
00000311d77d823
00002a1265699f0
0000235067f1249
000000000000001
00002a45eaf43b9
00003cee11027de
0000395b3494970
000015ed8316611
000034b5c699c25
00001caf808edb8
000000d91956910
00003fffe880000
000015b9fd8bc48
00000311d77d823
000006a4b3eb691
00002a1265699f0
00000b4a21e63dc
0000235067f1249
00003f26cf296f1
000000000000001
000000000000001
000000000000001
000000000000001
000000000000001
000000000000001
000000000000001
000000000000001
000000000000001
000000000000001
000000000000001
000000000000001
000000000000001
000000000000001
000000000000001
000000000000001
000000000000001
000035deaf1d3b9
000002d1ec844ad
00002468f90f8ba
000010e9532181f
00001db9d91a77c
0000137f3695885
000024d0de6845a
00003fffe820000
00000a213902c48
00003d2dfb9bb54
00001b96ef10747
00002f1694fe7e2
000022460f05885
00002c80b18a77c
00001b2f09b7ba7
000000000000001
000002d1ec844ad
000010e9532181f
0000137f3695885
00003fffe820000
00003d2dfb9bb54
00002f1694fe7e2
00002c80b18a77c
000000000000001
000002d1ec844ad
000010e9532181f
0000137f3695885
00003fffe820000
00003d2dfb9bb54
00002f1694fe7e2
00002c80b18a77c
000000000000001
00002468f90f8ba
0000137f3695885
00000a213902c48
00002f1694fe7e2
00001b2f09b7ba7
000002d1ec844ad
00001db9d91a77c
00003fffe820000
00001b96ef10747
00002c80b18a77c
000035deaf1d3b9
000010e9532181f
000024d0de6845a
00003d2dfb9bb54
000022460f05885
000000000000001
000010e9532181f
00003fffe820000
00002f1694fe7e2
000000000000001
000010e9532181f
00003fffe820000
00002f1694fe7e2
000000000000001
000010e9532181f
00003fffe820000
00002f1694fe7e2
000000000000001
000010e9532181f
00003fffe820000
00002f1694fe7e2
000000000000001
00001db9d91a77c
00003d2dfb9bb54
00001b2f09b7ba7
000010e9532181f
00000a213902c48
00002c80b18a77c
00002468f90f8ba
00003fffe820000
000022460f05885
000002d1ec844ad
000024d0de6845a
00002f1694fe7e2
000035deaf1d3b9
0000137f3695885
00001b96ef10747
000000000000001
0000137f3695885
00002f1694fe7e2
000002d1ec844ad
00003fffe820000
00002c80b18a77c
000010e9532181f
00003d2dfb9bb54
000000000000001
0000137f3695885
00002f1694fe7e2
000002d1ec844ad
00003fffe820000
00002c80b18a77c
000010e9532181f
00003d2dfb9bb54
000000000000001
000024d0de6845a
00002c80b18a77c
00001db9d91a77c
00002f1694fe7e2
00002468f90f8ba
00003d2dfb9bb54
000035deaf1d3b9
00003fffe820000
00001b2f09b7ba7
0000137f3695885
000022460f05885
000010e9532181f
00001b96ef10747
000002d1ec844ad
00000a213902c48
000000000000001
00003fffe820000
000000000000001
00003fffe820000
000000000000001
00003fffe820000
000000000000001
00003fffe820000
000000000000001
00003fffe820000
000000000000001
00003fffe820000
000000000000001
00003fffe820000
000000000000001
00003fffe820000
000000000000001
00000a213902c48
000002d1ec844ad
00001b96ef10747
000010e9532181f
000022460f05885
0000137f3695885
00001b2f09b7ba7
00003fffe820000
000035deaf1d3b9
00003d2dfb9bb54
00002468f90f8ba
00002f1694fe7e2
00001db9d91a77c
00002c80b18a77c
000024d0de6845a
000000000000001
00003d2dfb9bb54
000010e9532181f
00002c80b18a77c
00003fffe820000
000002d1ec844ad
00002f1694fe7e2
0000137f3695885
000000000000001
00003d2dfb9bb54
000010e9532181f
00002c80b18a77c
00003fffe820000
000002d1ec844ad
00002f1694fe7e2
0000137f3695885
000000000000001
00001b96ef10747
0000137f3695885
000035deaf1d3b9
00002f1694fe7e2
000024d0de6845a
000002d1ec844ad
000022460f05885
00003fffe820000
00002468f90f8ba
00002c80b18a77c
00000a213902c48
000010e9532181f
00001b2f09b7ba7
00003d2dfb9bb54
00001db9d91a77c
000000000000001
00002f1694fe7e2
00003fffe820000
000010e9532181f
000000000000001
00002f1694fe7e2
00003fffe820000
000010e9532181f
000000000000001
00002f1694fe7e2
00003fffe820000
000010e9532181f
000000000000001
00002f1694fe7e2
00003fffe820000
000010e9532181f
000000000000001
000022460f05885
00003d2dfb9bb54
000024d0de6845a
000010e9532181f
000035deaf1d3b9
00002c80b18a77c
00001b96ef10747
00003fffe820000
00001db9d91a77c
000002d1ec844ad
00001b2f09b7ba7
00002f1694fe7e2
00000a213902c48
0000137f3695885
00002468f90f8ba
000000000000001
00002c80b18a77c
00002f1694fe7e2
00003d2dfb9bb54
00003fffe820000
0000137f3695885
000010e9532181f
000002d1ec844ad
000000000000001
00002c80b18a77c
00002f1694fe7e2
00003d2dfb9bb54
00003fffe820000
0000137f3695885
000010e9532181f
000002d1ec844ad
000000000000001
00001b2f09b7ba7
00002c80b18a77c
000022460f05885
00002f1694fe7e2
00001b96ef10747
00003d2dfb9bb54
00000a213902c48
00003fffe820000
000024d0de6845a
0000137f3695885
00001db9d91a77c
000010e9532181f
00002468f90f8ba
000002d1ec844ad
000035deaf1d3b9
000000000000001
000000000000001
000000000000001
000000000000001
000000000000001
000000000000001
000000000000001
000000000000001
000000000000001
000000000000001
000000000000001
000000000000001
000000000000001
000000000000001
000000000000001
000000000000001
000000000000001
00000720dbdacf6
000016a7d034e26
000025a72656349
0000167991c75b8
000012db3dac150
00002e12208a371
0000356dd3d01e2
00003fffe800000
000038df0c2530b
0000295817cb1db
00001a58c1a9cb8
000029865638a49
00002d24aa53eb1
000011edc775c90
00000a92142fe1f
000000000000001
000016a7d034e26
0000167991c75b8
00002e12208a371
00003fffe800000
0000295817cb1db
000029865638a49
000011edc775c90
000000000000001
000016a7d034e26
0000167991c75b8
00002e12208a371
00003fffe800000
0000295817cb1db
000029865638a49
000011edc775c90
000000000000001
000025a72656349
00002e12208a371
000038df0c2530b
000029865638a49
00000a92142fe1f
000016a7d034e26
000012db3dac150
00003fffe800000
00001a58c1a9cb8
000011edc775c90
00000720dbdacf6
0000167991c75b8
0000356dd3d01e2
0000295817cb1db
00002d24aa53eb1
000000000000001
0000167991c75b8
00003fffe800000
000029865638a49
000000000000001
0000167991c75b8
00003fffe800000
000029865638a49
000000000000001
0000167991c75b8
00003fffe800000
000029865638a49
000000000000001
0000167991c75b8
00003fffe800000
000029865638a49
000000000000001
000012db3dac150
0000295817cb1db
00000a92142fe1f
0000167991c75b8
000038df0c2530b
000011edc775c90
000025a72656349
00003fffe800000
00002d24aa53eb1
000016a7d034e26
0000356dd3d01e2
000029865638a49
00000720dbdacf6
00002e12208a371
00001a58c1a9cb8
000000000000001
00002e12208a371
000029865638a49
000016a7d034e26
00003fffe800000
000011edc775c90
0000167991c75b8
0000295817cb1db
000000000000001
00002e12208a371
000029865638a49
000016a7d034e26
00003fffe800000
000011edc775c90
0000167991c75b8
0000295817cb1db
000000000000001
0000356dd3d01e2
000011edc775c90
000012db3dac150
000029865638a49
000025a72656349
0000295817cb1db
00000720dbdacf6
00003fffe800000
00000a92142fe1f
00002e12208a371
00002d24aa53eb1
0000167991c75b8
00001a58c1a9cb8
000016a7d034e26
000038df0c2530b
000000000000001
00003fffe800000
000000000000001
00003fffe800000
000000000000001
00003fffe800000
000000000000001
00003fffe800000
000000000000001
00003fffe800000
000000000000001
00003fffe800000
000000000000001
00003fffe800000
000000000000001
00003fffe800000
000000000000001
000038df0c2530b
000016a7d034e26
00001a58c1a9cb8
0000167991c75b8
00002d24aa53eb1
00002e12208a371
00000a92142fe1f
00003fffe800000
00000720dbdacf6
0000295817cb1db
000025a72656349
000029865638a49
000012db3dac150
000011edc775c90
0000356dd3d01e2
000000000000001
0000295817cb1db
0000167991c75b8
000011edc775c90
00003fffe800000
000016a7d034e26
000029865638a49
00002e12208a371
000000000000001
0000295817cb1db
0000167991c75b8
000011edc775c90
00003fffe800000
000016a7d034e26
000029865638a49
00002e12208a371
000000000000001
00001a58c1a9cb8
00002e12208a371
00000720dbdacf6
000029865638a49
0000356dd3d01e2
000016a7d034e26
00002d24aa53eb1
00003fffe800000
000025a72656349
000011edc775c90
000038df0c2530b
0000167991c75b8
00000a92142fe1f
0000295817cb1db
000012db3dac150
000000000000001
000029865638a49
00003fffe800000
0000167991c75b8
000000000000001
000029865638a49
00003fffe800000
0000167991c75b8
000000000000001
000029865638a49
00003fffe800000
0000167991c75b8
000000000000001
000029865638a49
00003fffe800000
0000167991c75b8
000000000000001
00002d24aa53eb1
0000295817cb1db
0000356dd3d01e2
0000167991c75b8
00000720dbdacf6
000011edc775c90
00001a58c1a9cb8
00003fffe800000
000012db3dac150
000016a7d034e26
00000a92142fe1f
000029865638a49
000038df0c2530b
00002e12208a371
000025a72656349
000000000000001
000011edc775c90
000029865638a49
0000295817cb1db
00003fffe800000
00002e12208a371
0000167991c75b8
000016a7d034e26
000000000000001
000011edc775c90
000029865638a49
0000295817cb1db
00003fffe800000
00002e12208a371
0000167991c75b8
000016a7d034e26
000000000000001
00000a92142fe1f
000011edc775c90
00002d24aa53eb1
000029865638a49
00001a58c1a9cb8
0000295817cb1db
000038df0c2530b
00003fffe800000
0000356dd3d01e2
00002e12208a371
000012db3dac150
0000167991c75b8
000025a72656349
000016a7d034e26
00000720dbdacf6
000000000000001
000000000000001
000000000000001
000000000000001
000000000000001
000000000000001
000000000000001
000000000000001
000000000000001
000000000000001
000000000000001
000000000000001
000000000000001
000000000000001
000000000000001
000000000000001
000000000000001
000001b5241b809
000015108e1904d
00002790d3fe781
00002c8ad223d4e
00003f0eb8216b9
000000dec5454c9
00002ad7786c0f3
00003fffe580000
00003e4ac1647f8
00002aef5766fb4
0000186f1181880
00001375135c2b3
000000f12d5e948
00003f21203ab38
000015286d13f0e
000000000000001
000015108e1904d
00002c8ad223d4e
000000dec5454c9
00003fffe580000
00002aef5766fb4
00001375135c2b3
00003f21203ab38
000000000000001
000015108e1904d
00002c8ad223d4e
000000dec5454c9
00003fffe580000
00002aef5766fb4
00001375135c2b3
00003f21203ab38
000000000000001
00002790d3fe781
000000dec5454c9
00003e4ac1647f8
00001375135c2b3
000015286d13f0e
000015108e1904d
00003f0eb8216b9
00003fffe580000
0000186f1181880
00003f21203ab38
000001b5241b809
00002c8ad223d4e
00002ad7786c0f3
00002aef5766fb4
000000f12d5e948
000000000000001
00002c8ad223d4e
00003fffe580000
00001375135c2b3
000000000000001
00002c8ad223d4e
00003fffe580000
00001375135c2b3
000000000000001
00002c8ad223d4e
00003fffe580000
00001375135c2b3
000000000000001
00002c8ad223d4e
00003fffe580000
00001375135c2b3
000000000000001
00003f0eb8216b9
00002aef5766fb4
000015286d13f0e
00002c8ad223d4e
00003e4ac1647f8
00003f21203ab38
00002790d3fe781
00003fffe580000
000000f12d5e948
000015108e1904d
00002ad7786c0f3
00001375135c2b3
000001b5241b809
000000dec5454c9
0000186f1181880
000000000000001
000000dec5454c9
00001375135c2b3
000015108e1904d
00003fffe580000
00003f21203ab38
00002c8ad223d4e
00002aef5766fb4
000000000000001
000000dec5454c9
00001375135c2b3
000015108e1904d
00003fffe580000
00003f21203ab38
00002c8ad223d4e
00002aef5766fb4
000000000000001
00002ad7786c0f3
00003f21203ab38
00003f0eb8216b9
00001375135c2b3
00002790d3fe781
00002aef5766fb4
000001b5241b809
00003fffe580000
000015286d13f0e
000000dec5454c9
000000f12d5e948
00002c8ad223d4e
0000186f1181880
000015108e1904d
00003e4ac1647f8
000000000000001
00003fffe580000
000000000000001
00003fffe580000
000000000000001
00003fffe580000
000000000000001
00003fffe580000
000000000000001
00003fffe580000
000000000000001
00003fffe580000
000000000000001
00003fffe580000
000000000000001
00003fffe580000
000000000000001
00003e4ac1647f8
000015108e1904d
0000186f1181880
00002c8ad223d4e
000000f12d5e948
000000dec5454c9
000015286d13f0e
00003fffe580000
000001b5241b809
00002aef5766fb4
00002790d3fe781
00001375135c2b3
00003f0eb8216b9
00003f21203ab38
00002ad7786c0f3
000000000000001
00002aef5766fb4
00002c8ad223d4e
00003f21203ab38
00003fffe580000
000015108e1904d
00001375135c2b3
000000dec5454c9
000000000000001
00002aef5766fb4
00002c8ad223d4e
00003f21203ab38
00003fffe580000
000015108e1904d
00001375135c2b3
000000dec5454c9
000000000000001
0000186f1181880
000000dec5454c9
000001b5241b809
00001375135c2b3
00002ad7786c0f3
000015108e1904d
000000f12d5e948
00003fffe580000
00002790d3fe781
00003f21203ab38
00003e4ac1647f8
00002c8ad223d4e
000015286d13f0e
00002aef5766fb4
00003f0eb8216b9
000000000000001
00001375135c2b3
00003fffe580000
00002c8ad223d4e
000000000000001
00001375135c2b3
00003fffe580000
00002c8ad223d4e
000000000000001
00001375135c2b3
00003fffe580000
00002c8ad223d4e
000000000000001
00001375135c2b3
00003fffe580000
00002c8ad223d4e
000000000000001
000000f12d5e948
00002aef5766fb4
00002ad7786c0f3
00002c8ad223d4e
000001b5241b809
00003f21203ab38
0000186f1181880
00003fffe580000
00003f0eb8216b9
000015108e1904d
000015286d13f0e
00001375135c2b3
00003e4ac1647f8
000000dec5454c9
00002790d3fe781
000000000000001
00003f21203ab38
00001375135c2b3
00002aef5766fb4
00003fffe580000
000000dec5454c9
00002c8ad223d4e
000015108e1904d
000000000000001
00003f21203ab38
00001375135c2b3
00002aef5766fb4
00003fffe580000
000000dec5454c9
00002c8ad223d4e
000015108e1904d
000000000000001
000015286d13f0e
00003f21203ab38
000000f12d5e948
00001375135c2b3
0000186f1181880
00002aef5766fb4
00003e4ac1647f8
00003fffe580000
00002ad7786c0f3
000000dec5454c9
00003f0eb8216b9
00002c8ad223d4e
00002790d3fe781
000015108e1904d
000001b5241b809
000000000000001
000000000000001
000000000000001
000000000000001
000000000000001
000000000000001
000000000000001
000000000000001
000000000000001
000000000000001
000000000000001
000000000000001
000000000000001
000000000000001
000000000000001
000000000000001
000000000000001
0000082e0855649
000031bbb851609
000031a71cdf7a5
00002606426d102
00001689359ddf8
000003481e657c6
00000e7f2fdc1ea
00003fffe560000
000037d1dd0a9b8
00000e442d0e9f8
00000e58c88085c
000019f9a2f2eff
00002976afc2209
00003cb7c6fa83b
00003180b583e17
000000000000001
000031bbb851609
00002606426d102
000003481e657c6
00003fffe560000
00000e442d0e9f8
000019f9a2f2eff
00003cb7c6fa83b
000000000000001
000031bbb851609
00002606426d102
000003481e657c6
00003fffe560000
00000e442d0e9f8
000019f9a2f2eff
00003cb7c6fa83b
000000000000001
000031a71cdf7a5
000003481e657c6
000037d1dd0a9b8
000019f9a2f2eff
00003180b583e17
000031bbb851609
00001689359ddf8
00003fffe560000
00000e58c88085c
00003cb7c6fa83b
0000082e0855649
00002606426d102
00000e7f2fdc1ea
00000e442d0e9f8
00002976afc2209
000000000000001
00002606426d102
00003fffe560000
000019f9a2f2eff
000000000000001
00002606426d102
00003fffe560000
000019f9a2f2eff
000000000000001
00002606426d102
00003fffe560000
000019f9a2f2eff
000000000000001
00002606426d102
00003fffe560000
000019f9a2f2eff
000000000000001
00001689359ddf8
00000e442d0e9f8
00003180b583e17
00002606426d102
000037d1dd0a9b8
00003cb7c6fa83b
000031a71cdf7a5
00003fffe560000
00002976afc2209
000031bbb851609
00000e7f2fdc1ea
000019f9a2f2eff
0000082e0855649
000003481e657c6
00000e58c88085c
000000000000001
000003481e657c6
000019f9a2f2eff
000031bbb851609
00003fffe560000
00003cb7c6fa83b
00002606426d102
00000e442d0e9f8
000000000000001
000003481e657c6
000019f9a2f2eff
000031bbb851609
00003fffe560000
00003cb7c6fa83b
00002606426d102
00000e442d0e9f8
000000000000001
00000e7f2fdc1ea
00003cb7c6fa83b
00001689359ddf8
000019f9a2f2eff
000031a71cdf7a5
00000e442d0e9f8
0000082e0855649
00003fffe560000
00003180b583e17
000003481e657c6
00002976afc2209
00002606426d102
00000e58c88085c
000031bbb851609
000037d1dd0a9b8
000000000000001
00003fffe560000
000000000000001
00003fffe560000
000000000000001
00003fffe560000
000000000000001
00003fffe560000
000000000000001
00003fffe560000
000000000000001
00003fffe560000
000000000000001
00003fffe560000
000000000000001
00003fffe560000
000000000000001
000037d1dd0a9b8
000031bbb851609
00000e58c88085c
00002606426d102
00002976afc2209
000003481e657c6
00003180b583e17
00003fffe560000
0000082e0855649
00000e442d0e9f8
000031a71cdf7a5
000019f9a2f2eff
00001689359ddf8
00003cb7c6fa83b
00000e7f2fdc1ea
000000000000001
00000e442d0e9f8
00002606426d102
00003cb7c6fa83b
00003fffe560000
000031bbb851609
000019f9a2f2eff
000003481e657c6
000000000000001
00000e442d0e9f8
00002606426d102
00003cb7c6fa83b
00003fffe560000
000031bbb851609
000019f9a2f2eff
000003481e657c6
000000000000001
00000e58c88085c
000003481e657c6
0000082e0855649
000019f9a2f2eff
00000e7f2fdc1ea
000031bbb851609
00002976afc2209
00003fffe560000
000031a71cdf7a5
00003cb7c6fa83b
000037d1dd0a9b8
00002606426d102
00003180b583e17
00000e442d0e9f8
00001689359ddf8
000000000000001
000019f9a2f2eff
00003fffe560000
00002606426d102
000000000000001
000019f9a2f2eff
00003fffe560000
00002606426d102
000000000000001
000019f9a2f2eff
00003fffe560000
00002606426d102
000000000000001
000019f9a2f2eff
00003fffe560000
00002606426d102
000000000000001
00002976afc2209
00000e442d0e9f8
00000e7f2fdc1ea
00002606426d102
0000082e0855649
00003cb7c6fa83b
00000e58c88085c
00003fffe560000
00001689359ddf8
000031bbb851609
00003180b583e17
000019f9a2f2eff
000037d1dd0a9b8
000003481e657c6
000031a71cdf7a5
000000000000001
00003cb7c6fa83b
000019f9a2f2eff
00000e442d0e9f8
00003fffe560000
000003481e657c6
00002606426d102
000031bbb851609
000000000000001
00003cb7c6fa83b
000019f9a2f2eff
00000e442d0e9f8
00003fffe560000
000003481e657c6
00002606426d102
000031bbb851609
000000000000001
00003180b583e17
00003cb7c6fa83b
00002976afc2209
000019f9a2f2eff
00000e58c88085c
00000e442d0e9f8
000037d1dd0a9b8
00003fffe560000
00000e7f2fdc1ea
000003481e657c6
00001689359ddf8
00002606426d102
000031a71cdf7a5
000031bbb851609
0000082e0855649
000000000000001
000000000000001
000000000000001
000000000000001
000000000000001
000000000000001
000000000000001
000000000000001
000000000000001
000000000000001
000000000000001
000000000000001
000000000000001
000000000000001
000000000000001
000000000000001
000000000000001
11266a9e5e5ae41
319f4733d89e1dc
0bcf0245fed25ad
30bc8025dd84382
3bddda926385f0a
2799c3dc2cb5654
01cf544a306ac74
3fffffffdd80000
2ed995617f251c0
0e60b8cc04e1e25
3430fdb9deada54
0f437fd9fffbc7f
0422256d79fa0f7
18663c23b0ca9ad
3e30abb5ad1538d
000000000000001
319f4733d89e1dc
30bc8025dd84382
2799c3dc2cb5654
3fffffffdd80000
0e60b8cc04e1e25
0f437fd9fffbc7f
18663c23b0ca9ad
000000000000001
319f4733d89e1dc
30bc8025dd84382
2799c3dc2cb5654
3fffffffdd80000
0e60b8cc04e1e25
0f437fd9fffbc7f
18663c23b0ca9ad
000000000000001
0bcf0245fed25ad
2799c3dc2cb5654
2ed995617f251c0
0f437fd9fffbc7f
3e30abb5ad1538d
319f4733d89e1dc
3bddda926385f0a
3fffffffdd80000
3430fdb9deada54
18663c23b0ca9ad
11266a9e5e5ae41
30bc8025dd84382
01cf544a306ac74
0e60b8cc04e1e25
0422256d79fa0f7
000000000000001
30bc8025dd84382
3fffffffdd80000
0f437fd9fffbc7f
000000000000001
30bc8025dd84382
3fffffffdd80000
0f437fd9fffbc7f
000000000000001
30bc8025dd84382
3fffffffdd80000
0f437fd9fffbc7f
000000000000001
30bc8025dd84382
3fffffffdd80000
0f437fd9fffbc7f
000000000000001
3bddda926385f0a
0e60b8cc04e1e25
3e30abb5ad1538d
30bc8025dd84382
2ed995617f251c0
18663c23b0ca9ad
0bcf0245fed25ad
3fffffffdd80000
0422256d79fa0f7
319f4733d89e1dc
01cf544a306ac74
0f437fd9fffbc7f
11266a9e5e5ae41
2799c3dc2cb5654
3430fdb9deada54
000000000000001
2799c3dc2cb5654
0f437fd9fffbc7f
319f4733d89e1dc
3fffffffdd80000
18663c23b0ca9ad
30bc8025dd84382
0e60b8cc04e1e25
000000000000001
2799c3dc2cb5654
0f437fd9fffbc7f
319f4733d89e1dc
3fffffffdd80000
18663c23b0ca9ad
30bc8025dd84382
0e60b8cc04e1e25
000000000000001
01cf544a306ac74
18663c23b0ca9ad
3bddda926385f0a
0f437fd9fffbc7f
0bcf0245fed25ad
0e60b8cc04e1e25
11266a9e5e5ae41
3fffffffdd80000
3e30abb5ad1538d
2799c3dc2cb5654
0422256d79fa0f7
30bc8025dd84382
3430fdb9deada54
319f4733d89e1dc
2ed995617f251c0
000000000000001
3fffffffdd80000
000000000000001
3fffffffdd80000
000000000000001
3fffffffdd80000
000000000000001
3fffffffdd80000
000000000000001
3fffffffdd80000
000000000000001
3fffffffdd80000
000000000000001
3fffffffdd80000
000000000000001
3fffffffdd80000
000000000000001
2ed995617f251c0
319f4733d89e1dc
3430fdb9deada54
30bc8025dd84382
0422256d79fa0f7
2799c3dc2cb5654
3e30abb5ad1538d
3fffffffdd80000
11266a9e5e5ae41
0e60b8cc04e1e25
0bcf0245fed25ad
0f437fd9fffbc7f
3bddda926385f0a
18663c23b0ca9ad
01cf544a306ac74
000000000000001
0e60b8cc04e1e25
30bc8025dd84382
18663c23b0ca9ad
3fffffffdd80000
319f4733d89e1dc
0f437fd9fffbc7f
2799c3dc2cb5654
000000000000001
0e60b8cc04e1e25
30bc8025dd84382
18663c23b0ca9ad
3fffffffdd80000
319f4733d89e1dc
0f437fd9fffbc7f
2799c3dc2cb5654
000000000000001
3430fdb9deada54
2799c3dc2cb5654
11266a9e5e5ae41
0f437fd9fffbc7f
01cf544a306ac74
319f4733d89e1dc
0422256d79fa0f7
3fffffffdd80000
0bcf0245fed25ad
18663c23b0ca9ad
2ed995617f251c0
30bc8025dd84382
3e30abb5ad1538d
0e60b8cc04e1e25
3bddda926385f0a
000000000000001
0f437fd9fffbc7f
3fffffffdd80000
30bc8025dd84382
000000000000001
0f437fd9fffbc7f
3fffffffdd80000
30bc8025dd84382
000000000000001
0f437fd9fffbc7f
3fffffffdd80000
30bc8025dd84382
000000000000001
0f437fd9fffbc7f
3fffffffdd80000
30bc8025dd84382
000000000000001
0422256d79fa0f7
0e60b8cc04e1e25
01cf544a306ac74
30bc8025dd84382
11266a9e5e5ae41
18663c23b0ca9ad
3430fdb9deada54
3fffffffdd80000
3bddda926385f0a
319f4733d89e1dc
3e30abb5ad1538d
0f437fd9fffbc7f
2ed995617f251c0
2799c3dc2cb5654
0bcf0245fed25ad
000000000000001
18663c23b0ca9ad
0f437fd9fffbc7f
0e60b8cc04e1e25
3fffffffdd80000
2799c3dc2cb5654
30bc8025dd84382
319f4733d89e1dc
000000000000001
18663c23b0ca9ad
0f437fd9fffbc7f
0e60b8cc04e1e25
3fffffffdd80000
2799c3dc2cb5654
30bc8025dd84382
319f4733d89e1dc
000000000000001
3e30abb5ad1538d
18663c23b0ca9ad
0422256d79fa0f7
0f437fd9fffbc7f
3430fdb9deada54
0e60b8cc04e1e25
2ed995617f251c0
3fffffffdd80000
01cf544a306ac74
2799c3dc2cb5654
3bddda926385f0a
30bc8025dd84382
0bcf0245fed25ad
319f4733d89e1dc
11266a9e5e5ae41
000000000000001
000000000000001
000000000000001
000000000000001
000000000000001
000000000000001
000000000000001
000000000000001
000000000000001
000000000000001
000000000000001
000000000000001
000000000000001
000000000000001
000000000000001
000000000000001
000000000000001
06b5a175a1290ff
19ad2f5b7ad7206
0ef80a7b2f5994c
3b3bc0b85f648cd
14c3f4077516386
390b3c4a1a94085
394ac84d994eb74
3ffffffff3a0000
394a5e8a5276f02
2652d0a478c8dfb
3107f584c4466b5
04c43f47943b734
2b3c0bf87e89c7b
06f4c3b5d90bf7c
06b537b25a5148d
000000000000001
19ad2f5b7ad7206
3b3bc0b85f648cd
390b3c4a1a94085
3ffffffff3a0000
2652d0a478c8dfb
04c43f47943b734
06f4c3b5d90bf7c
000000000000001
19ad2f5b7ad7206
3b3bc0b85f648cd
390b3c4a1a94085
3ffffffff3a0000
2652d0a478c8dfb
04c43f47943b734
06f4c3b5d90bf7c
000000000000001
0ef80a7b2f5994c
390b3c4a1a94085
394a5e8a5276f02
04c43f47943b734
06b537b25a5148d
19ad2f5b7ad7206
14c3f4077516386
3ffffffff3a0000
3107f584c4466b5
06f4c3b5d90bf7c
06b5a175a1290ff
3b3bc0b85f648cd
394ac84d994eb74
2652d0a478c8dfb
2b3c0bf87e89c7b
000000000000001
3b3bc0b85f648cd
3ffffffff3a0000
04c43f47943b734
000000000000001
3b3bc0b85f648cd
3ffffffff3a0000
04c43f47943b734
000000000000001
3b3bc0b85f648cd
3ffffffff3a0000
04c43f47943b734
000000000000001
3b3bc0b85f648cd
3ffffffff3a0000
04c43f47943b734
000000000000001
14c3f4077516386
2652d0a478c8dfb
06b537b25a5148d
3b3bc0b85f648cd
394a5e8a5276f02
06f4c3b5d90bf7c
0ef80a7b2f5994c
3ffffffff3a0000
2b3c0bf87e89c7b
19ad2f5b7ad7206
394ac84d994eb74
04c43f47943b734
06b5a175a1290ff
390b3c4a1a94085
3107f584c4466b5
000000000000001
390b3c4a1a94085
04c43f47943b734
19ad2f5b7ad7206
3ffffffff3a0000
06f4c3b5d90bf7c
3b3bc0b85f648cd
2652d0a478c8dfb
000000000000001
390b3c4a1a94085
04c43f47943b734
19ad2f5b7ad7206
3ffffffff3a0000
06f4c3b5d90bf7c
3b3bc0b85f648cd
2652d0a478c8dfb
000000000000001
394ac84d994eb74
06f4c3b5d90bf7c
14c3f4077516386
04c43f47943b734
0ef80a7b2f5994c
2652d0a478c8dfb
06b5a175a1290ff
3ffffffff3a0000
06b537b25a5148d
390b3c4a1a94085
2b3c0bf87e89c7b
3b3bc0b85f648cd
3107f584c4466b5
19ad2f5b7ad7206
394a5e8a5276f02
000000000000001
3ffffffff3a0000
000000000000001
3ffffffff3a0000
000000000000001
3ffffffff3a0000
000000000000001
3ffffffff3a0000
000000000000001
3ffffffff3a0000
000000000000001
3ffffffff3a0000
000000000000001
3ffffffff3a0000
000000000000001
3ffffffff3a0000
000000000000001
394a5e8a5276f02
19ad2f5b7ad7206
3107f584c4466b5
3b3bc0b85f648cd
2b3c0bf87e89c7b
390b3c4a1a94085
06b537b25a5148d
3ffffffff3a0000
06b5a175a1290ff
2652d0a478c8dfb
0ef80a7b2f5994c
04c43f47943b734
14c3f4077516386
06f4c3b5d90bf7c
394ac84d994eb74
000000000000001
2652d0a478c8dfb
3b3bc0b85f648cd
06f4c3b5d90bf7c
3ffffffff3a0000
19ad2f5b7ad7206
04c43f47943b734
390b3c4a1a94085
000000000000001
2652d0a478c8dfb
3b3bc0b85f648cd
06f4c3b5d90bf7c
3ffffffff3a0000
19ad2f5b7ad7206
04c43f47943b734
390b3c4a1a94085
000000000000001
3107f584c4466b5
390b3c4a1a94085
06b5a175a1290ff
04c43f47943b734
394ac84d994eb74
19ad2f5b7ad7206
2b3c0bf87e89c7b
3ffffffff3a0000
0ef80a7b2f5994c
06f4c3b5d90bf7c
394a5e8a5276f02
3b3bc0b85f648cd
06b537b25a5148d
2652d0a478c8dfb
14c3f4077516386
000000000000001
04c43f47943b734
3ffffffff3a0000
3b3bc0b85f648cd
000000000000001
04c43f47943b734
3ffffffff3a0000
3b3bc0b85f648cd
000000000000001
04c43f47943b734
3ffffffff3a0000
3b3bc0b85f648cd
000000000000001
04c43f47943b734
3ffffffff3a0000
3b3bc0b85f648cd
000000000000001
2b3c0bf87e89c7b
2652d0a478c8dfb
394ac84d994eb74
3b3bc0b85f648cd
06b5a175a1290ff
06f4c3b5d90bf7c
3107f584c4466b5
3ffffffff3a0000
14c3f4077516386
19ad2f5b7ad7206
06b537b25a5148d
04c43f47943b734
394a5e8a5276f02
390b3c4a1a94085
0ef80a7b2f5994c
000000000000001
06f4c3b5d90bf7c
04c43f47943b734
2652d0a478c8dfb
3ffffffff3a0000
390b3c4a1a94085
3b3bc0b85f648cd
19ad2f5b7ad7206
000000000000001
06f4c3b5d90bf7c
04c43f47943b734
2652d0a478c8dfb
3ffffffff3a0000
390b3c4a1a94085
3b3bc0b85f648cd
19ad2f5b7ad7206
000000000000001
06b537b25a5148d
06f4c3b5d90bf7c
2b3c0bf87e89c7b
04c43f47943b734
3107f584c4466b5
2652d0a478c8dfb
394a5e8a5276f02
3ffffffff3a0000
394ac84d994eb74
390b3c4a1a94085
14c3f4077516386
3b3bc0b85f648cd
0ef80a7b2f5994c
19ad2f5b7ad7206
06b5a175a1290ff
000000000000001
000000000000001
000000000000001
000000000000001
000000000000001
000000000000001
000000000000001
000000000000001
000000000000001
000000000000001
000000000000001
000000000000001
000000000000001
000000000000001
000000000000001
000000000000001
000000000000001
0376948321f4cac
1e19b8b00b41b73
1a234b080b215a0
3eefa85a574eece
33a620a7f4389d2
2e28b49dc0cb9c0
2c144429485e65d
3ffffffff040000
3c896b7cce4b355
21e6474fe4fe48e
25dcb4f7e51ea61
011057a598f1133
0c59df57fc0762f
11d74b622f74641
13ebbbd6a7e19a4
000000000000001
1e19b8b00b41b73
3eefa85a574eece
2e28b49dc0cb9c0
3ffffffff040000
21e6474fe4fe48e
011057a598f1133
11d74b622f74641
000000000000001
1e19b8b00b41b73
3eefa85a574eece
2e28b49dc0cb9c0
3ffffffff040000
21e6474fe4fe48e
011057a598f1133
11d74b622f74641
000000000000001
1a234b080b215a0
2e28b49dc0cb9c0
3c896b7cce4b355
011057a598f1133
13ebbbd6a7e19a4
1e19b8b00b41b73
33a620a7f4389d2
3ffffffff040000
25dcb4f7e51ea61
11d74b622f74641
0376948321f4cac
3eefa85a574eece
2c144429485e65d
21e6474fe4fe48e
0c59df57fc0762f
000000000000001
3eefa85a574eece
3ffffffff040000
011057a598f1133
000000000000001
3eefa85a574eece
3ffffffff040000
011057a598f1133
000000000000001
3eefa85a574eece
3ffffffff040000
011057a598f1133
000000000000001
3eefa85a574eece
3ffffffff040000
011057a598f1133
000000000000001
33a620a7f4389d2
21e6474fe4fe48e
13ebbbd6a7e19a4
3eefa85a574eece
3c896b7cce4b355
11d74b622f74641
1a234b080b215a0
3ffffffff040000
0c59df57fc0762f
1e19b8b00b41b73
2c144429485e65d
011057a598f1133
0376948321f4cac
2e28b49dc0cb9c0
25dcb4f7e51ea61
000000000000001
2e28b49dc0cb9c0
011057a598f1133
1e19b8b00b41b73
3ffffffff040000
11d74b622f74641
3eefa85a574eece
21e6474fe4fe48e
000000000000001
2e28b49dc0cb9c0
011057a598f1133
1e19b8b00b41b73
3ffffffff040000
11d74b622f74641
3eefa85a574eece
21e6474fe4fe48e
000000000000001
2c144429485e65d
11d74b622f74641
33a620a7f4389d2
011057a598f1133
1a234b080b215a0
21e6474fe4fe48e
0376948321f4cac
3ffffffff040000
13ebbbd6a7e19a4
2e28b49dc0cb9c0
0c59df57fc0762f
3eefa85a574eece
25dcb4f7e51ea61
1e19b8b00b41b73
3c896b7cce4b355
000000000000001
3ffffffff040000
000000000000001
3ffffffff040000
000000000000001
3ffffffff040000
000000000000001
3ffffffff040000
000000000000001
3ffffffff040000
000000000000001
3ffffffff040000
000000000000001
3ffffffff040000
000000000000001
3ffffffff040000
000000000000001
3c896b7cce4b355
1e19b8b00b41b73
25dcb4f7e51ea61
3eefa85a574eece
0c59df57fc0762f
2e28b49dc0cb9c0
13ebbbd6a7e19a4
3ffffffff040000
0376948321f4cac
21e6474fe4fe48e
1a234b080b215a0
011057a598f1133
33a620a7f4389d2
11d74b622f74641
2c144429485e65d
000000000000001
21e6474fe4fe48e
3eefa85a574eece
11d74b622f74641
3ffffffff040000
1e19b8b00b41b73
011057a598f1133
2e28b49dc0cb9c0
000000000000001
21e6474fe4fe48e
3eefa85a574eece
11d74b622f74641
3ffffffff040000
1e19b8b00b41b73
011057a598f1133
2e28b49dc0cb9c0
000000000000001
25dcb4f7e51ea61
2e28b49dc0cb9c0
0376948321f4cac
011057a598f1133
2c144429485e65d
1e19b8b00b41b73
0c59df57fc0762f
3ffffffff040000
1a234b080b215a0
11d74b622f74641
3c896b7cce4b355
3eefa85a574eece
13ebbbd6a7e19a4
21e6474fe4fe48e
33a620a7f4389d2
000000000000001
011057a598f1133
3ffffffff040000
3eefa85a574eece
000000000000001
011057a598f1133
3ffffffff040000
3eefa85a574eece
000000000000001
011057a598f1133
3ffffffff040000
3eefa85a574eece
000000000000001
011057a598f1133
3ffffffff040000
3eefa85a574eece
000000000000001
0c59df57fc0762f
21e6474fe4fe48e
2c144429485e65d
3eefa85a574eece
0376948321f4cac
11d74b622f74641
25dcb4f7e51ea61
3ffffffff040000
33a620a7f4389d2
1e19b8b00b41b73
13ebbbd6a7e19a4
011057a598f1133
3c896b7cce4b355
2e28b49dc0cb9c0
1a234b080b215a0
000000000000001
11d74b622f74641
011057a598f1133
21e6474fe4fe48e
3ffffffff040000
2e28b49dc0cb9c0
3eefa85a574eece
1e19b8b00b41b73
000000000000001
11d74b622f74641
011057a598f1133
21e6474fe4fe48e
3ffffffff040000
2e28b49dc0cb9c0
3eefa85a574eece
1e19b8b00b41b73
000000000000001
13ebbbd6a7e19a4
11d74b622f74641
0c59df57fc0762f
011057a598f1133
25dcb4f7e51ea61
21e6474fe4fe48e
3c896b7cce4b355
3ffffffff040000
2c144429485e65d
2e28b49dc0cb9c0
33a620a7f4389d2
3eefa85a574eece
1a234b080b215a0
1e19b8b00b41b73
0376948321f4cac
000000000000001
000000000000001
000000000000001
000000000000001
000000000000001
000000000000001
000000000000001
000000000000001
000000000000001
000000000000001
000000000000001
000000000000001
000000000000001
000000000000001
000000000000001
000000000000001
000000000000001
312ae305ba07481
0f37f1dd75c8914
260dbbd4e89f9c7
34f9add23015acf
0bd8472d46ce012
036e0192fbd6e4f
365c39c50df677a
3fffffffed60000
0ed51cfa3358b80
30c80e2277976ed
19f2442b04c063a
0b06522dbd4a532
3427b8d2a691fef
3c91fe6cf1891b2
09a3c63adf69887
000000000000001
0f37f1dd75c8914
34f9add23015acf
036e0192fbd6e4f
3fffffffed60000
30c80e2277976ed
0b06522dbd4a532
3c91fe6cf1891b2
000000000000001
0f37f1dd75c8914
34f9add23015acf
036e0192fbd6e4f
3fffffffed60000
30c80e2277976ed
0b06522dbd4a532
3c91fe6cf1891b2
000000000000001
260dbbd4e89f9c7
036e0192fbd6e4f
0ed51cfa3358b80
0b06522dbd4a532
09a3c63adf69887
0f37f1dd75c8914
0bd8472d46ce012
3fffffffed60000
19f2442b04c063a
3c91fe6cf1891b2
312ae305ba07481
34f9add23015acf
365c39c50df677a
30c80e2277976ed
3427b8d2a691fef
000000000000001
34f9add23015acf
3fffffffed60000
0b06522dbd4a532
000000000000001
34f9add23015acf
3fffffffed60000
0b06522dbd4a532
000000000000001
34f9add23015acf
3fffffffed60000
0b06522dbd4a532
000000000000001
34f9add23015acf
3fffffffed60000
0b06522dbd4a532
000000000000001
0bd8472d46ce012
30c80e2277976ed
09a3c63adf69887
34f9add23015acf
0ed51cfa3358b80
3c91fe6cf1891b2
260dbbd4e89f9c7
3fffffffed60000
3427b8d2a691fef
0f37f1dd75c8914
365c39c50df677a
0b06522dbd4a532
312ae305ba07481
036e0192fbd6e4f
19f2442b04c063a
000000000000001
036e0192fbd6e4f
0b06522dbd4a532
0f37f1dd75c8914
3fffffffed60000
3c91fe6cf1891b2
34f9add23015acf
30c80e2277976ed
000000000000001
036e0192fbd6e4f
0b06522dbd4a532
0f37f1dd75c8914
3fffffffed60000
3c91fe6cf1891b2
34f9add23015acf
30c80e2277976ed
000000000000001
365c39c50df677a
3c91fe6cf1891b2
0bd8472d46ce012
0b06522dbd4a532
260dbbd4e89f9c7
30c80e2277976ed
312ae305ba07481
3fffffffed60000
09a3c63adf69887
036e0192fbd6e4f
3427b8d2a691fef
34f9add23015acf
19f2442b04c063a
0f37f1dd75c8914
0ed51cfa3358b80
000000000000001
3fffffffed60000
000000000000001
3fffffffed60000
000000000000001
3fffffffed60000
000000000000001
3fffffffed60000
000000000000001
3fffffffed60000
000000000000001
3fffffffed60000
000000000000001
3fffffffed60000
000000000000001
3fffffffed60000
000000000000001
0ed51cfa3358b80
0f37f1dd75c8914
19f2442b04c063a
34f9add23015acf
3427b8d2a691fef
036e0192fbd6e4f
09a3c63adf69887
3fffffffed60000
312ae305ba07481
30c80e2277976ed
260dbbd4e89f9c7
0b06522dbd4a532
0bd8472d46ce012
3c91fe6cf1891b2
365c39c50df677a
000000000000001
30c80e2277976ed
34f9add23015acf
3c91fe6cf1891b2
3fffffffed60000
0f37f1dd75c8914
0b06522dbd4a532
036e0192fbd6e4f
000000000000001
30c80e2277976ed
34f9add23015acf
3c91fe6cf1891b2
3fffffffed60000
0f37f1dd75c8914
0b06522dbd4a532
036e0192fbd6e4f
000000000000001
19f2442b04c063a
036e0192fbd6e4f
312ae305ba07481
0b06522dbd4a532
365c39c50df677a
0f37f1dd75c8914
3427b8d2a691fef
3fffffffed60000
260dbbd4e89f9c7
3c91fe6cf1891b2
0ed51cfa3358b80
34f9add23015acf
09a3c63adf69887
30c80e2277976ed
0bd8472d46ce012
000000000000001
0b06522dbd4a532
3fffffffed60000
34f9add23015acf
000000000000001
0b06522dbd4a532
3fffffffed60000
34f9add23015acf
000000000000001
0b06522dbd4a532
3fffffffed60000
34f9add23015acf
000000000000001
0b06522dbd4a532
3fffffffed60000
34f9add23015acf
000000000000001
3427b8d2a691fef
30c80e2277976ed
365c39c50df677a
34f9add23015acf
312ae305ba07481
3c91fe6cf1891b2
19f2442b04c063a
3fffffffed60000
0bd8472d46ce012
0f37f1dd75c8914
09a3c63adf69887
0b06522dbd4a532
0ed51cfa3358b80
036e0192fbd6e4f
260dbbd4e89f9c7
000000000000001
3c91fe6cf1891b2
0b06522dbd4a532
30c80e2277976ed
3fffffffed60000
036e0192fbd6e4f
34f9add23015acf
0f37f1dd75c8914
000000000000001
3c91fe6cf1891b2
0b06522dbd4a532
30c80e2277976ed
3fffffffed60000
036e0192fbd6e4f
34f9add23015acf
0f37f1dd75c8914
000000000000001
09a3c63adf69887
3c91fe6cf1891b2
3427b8d2a691fef
0b06522dbd4a532
19f2442b04c063a
30c80e2277976ed
0ed51cfa3358b80
3fffffffed60000
365c39c50df677a
036e0192fbd6e4f
0bd8472d46ce012
34f9add23015acf
260dbbd4e89f9c7
0f37f1dd75c8914
312ae305ba07481
000000000000001
000000000000001
000000000000001
000000000000001
000000000000001
000000000000001
000000000000001
000000000000001
000000000000001
000000000000001
000000000000001
000000000000001
000000000000001
000000000000001
000000000000001
000000000000001
000000000000001
13caa57f4567709
244dc41111f3fb7
13d7b91efc5efae
2be645b0dbcdf7a
177d459e6860f4e
390c201630d2e0d
1217c1c2d95ef91
3fffffffed00000
2c355a80a7988f8
1bb23beedb0c04a
2c2846e0f0a1053
1419ba4f1132087
2882ba61849f0b3
06f3dfe9bc2d1f4
2de83e3d13a1070
000000000000001
244dc41111f3fb7
2be645b0dbcdf7a
390c201630d2e0d
3fffffffed00000
1bb23beedb0c04a
1419ba4f1132087
06f3dfe9bc2d1f4
000000000000001
244dc41111f3fb7
2be645b0dbcdf7a
390c201630d2e0d
3fffffffed00000
1bb23beedb0c04a
1419ba4f1132087
06f3dfe9bc2d1f4
000000000000001
13d7b91efc5efae
390c201630d2e0d
2c355a80a7988f8
1419ba4f1132087
2de83e3d13a1070
244dc41111f3fb7
177d459e6860f4e
3fffffffed00000
2c2846e0f0a1053
06f3dfe9bc2d1f4
13caa57f4567709
2be645b0dbcdf7a
1217c1c2d95ef91
1bb23beedb0c04a
2882ba61849f0b3
000000000000001
2be645b0dbcdf7a
3fffffffed00000
1419ba4f1132087
000000000000001
2be645b0dbcdf7a
3fffffffed00000
1419ba4f1132087
000000000000001
2be645b0dbcdf7a
3fffffffed00000
1419ba4f1132087
000000000000001
2be645b0dbcdf7a
3fffffffed00000
1419ba4f1132087
000000000000001
177d459e6860f4e
1bb23beedb0c04a
2de83e3d13a1070
2be645b0dbcdf7a
2c355a80a7988f8
06f3dfe9bc2d1f4
13d7b91efc5efae
3fffffffed00000
2882ba61849f0b3
244dc41111f3fb7
1217c1c2d95ef91
1419ba4f1132087
13caa57f4567709
390c201630d2e0d
2c2846e0f0a1053
000000000000001
390c201630d2e0d
1419ba4f1132087
244dc41111f3fb7
3fffffffed00000
06f3dfe9bc2d1f4
2be645b0dbcdf7a
1bb23beedb0c04a
000000000000001
390c201630d2e0d
1419ba4f1132087
244dc41111f3fb7
3fffffffed00000
06f3dfe9bc2d1f4
2be645b0dbcdf7a
1bb23beedb0c04a
000000000000001
1217c1c2d95ef91
06f3dfe9bc2d1f4
177d459e6860f4e
1419ba4f1132087
13d7b91efc5efae
1bb23beedb0c04a
13caa57f4567709
3fffffffed00000
2de83e3d13a1070
390c201630d2e0d
2882ba61849f0b3
2be645b0dbcdf7a
2c2846e0f0a1053
244dc41111f3fb7
2c355a80a7988f8
000000000000001
3fffffffed00000
000000000000001
3fffffffed00000
000000000000001
3fffffffed00000
000000000000001
3fffffffed00000
000000000000001
3fffffffed00000
000000000000001
3fffffffed00000
000000000000001
3fffffffed00000
000000000000001
3fffffffed00000
000000000000001
2c355a80a7988f8
244dc41111f3fb7
2c2846e0f0a1053
2be645b0dbcdf7a
2882ba61849f0b3
390c201630d2e0d
2de83e3d13a1070
3fffffffed00000
13caa57f4567709
1bb23beedb0c04a
13d7b91efc5efae
1419ba4f1132087
177d459e6860f4e
06f3dfe9bc2d1f4
1217c1c2d95ef91
000000000000001
1bb23beedb0c04a
2be645b0dbcdf7a
06f3dfe9bc2d1f4
3fffffffed00000
244dc41111f3fb7
1419ba4f1132087
390c201630d2e0d
000000000000001
1bb23beedb0c04a
2be645b0dbcdf7a
06f3dfe9bc2d1f4
3fffffffed00000
244dc41111f3fb7
1419ba4f1132087
390c201630d2e0d
000000000000001
2c2846e0f0a1053
390c201630d2e0d
13caa57f4567709
1419ba4f1132087
1217c1c2d95ef91
244dc41111f3fb7
2882ba61849f0b3
3fffffffed00000
13d7b91efc5efae
06f3dfe9bc2d1f4
2c355a80a7988f8
2be645b0dbcdf7a
2de83e3d13a1070
1bb23beedb0c04a
177d459e6860f4e
000000000000001
1419ba4f1132087
3fffffffed00000
2be645b0dbcdf7a
000000000000001
1419ba4f1132087
3fffffffed00000
2be645b0dbcdf7a
000000000000001
1419ba4f1132087
3fffffffed00000
2be645b0dbcdf7a
000000000000001
1419ba4f1132087
3fffffffed00000
2be645b0dbcdf7a
000000000000001
2882ba61849f0b3
1bb23beedb0c04a
1217c1c2d95ef91
2be645b0dbcdf7a
13caa57f4567709
06f3dfe9bc2d1f4
2c2846e0f0a1053
3fffffffed00000
177d459e6860f4e
244dc41111f3fb7
2de83e3d13a1070
1419ba4f1132087
2c355a80a7988f8
390c201630d2e0d
13d7b91efc5efae
000000000000001
06f3dfe9bc2d1f4
1419ba4f1132087
1bb23beedb0c04a
3fffffffed00000
390c201630d2e0d
2be645b0dbcdf7a
244dc41111f3fb7
000000000000001
06f3dfe9bc2d1f4
1419ba4f1132087
1bb23beedb0c04a
3fffffffed00000
390c201630d2e0d
2be645b0dbcdf7a
244dc41111f3fb7
000000000000001
2de83e3d13a1070
06f3dfe9bc2d1f4
2882ba61849f0b3
1419ba4f1132087
2c2846e0f0a1053
1bb23beedb0c04a
2c355a80a7988f8
3fffffffed00000
1217c1c2d95ef91
390c201630d2e0d
177d459e6860f4e
2be645b0dbcdf7a
13d7b91efc5efae
244dc41111f3fb7
13caa57f4567709
000000000000001
000000000000001
000000000000001
000000000000001
000000000000001
000000000000001
000000000000001
000000000000001
000000000000001
000000000000001
000000000000001
000000000000001
000000000000001
000000000000001
000000000000001
000000000000001
000000000000001
36dc8efbd3c1a1a
31194a07660e624
1a7d3dc77e3374d
2bc9685eaf406a7
1d09e37ff0989bb
07c73d39d1f8602
2e9caae1a468c8b
3fffffffeb00000
09237104173e5e7
0ee6b5f884f19dd
2582c2386ccc8b4
143697a13bbf95a
22f61c7ffa67646
3838c2c619079ff
1163551e4697376
000000000000001
31194a07660e624
2bc9685eaf406a7
07c73d39d1f8602
3fffffffeb00000
0ee6b5f884f19dd
143697a13bbf95a
3838c2c619079ff
000000000000001
31194a07660e624
2bc9685eaf406a7
07c73d39d1f8602
3fffffffeb00000
0ee6b5f884f19dd
143697a13bbf95a
3838c2c619079ff
000000000000001
1a7d3dc77e3374d
07c73d39d1f8602
09237104173e5e7
143697a13bbf95a
1163551e4697376
31194a07660e624
1d09e37ff0989bb
3fffffffeb00000
2582c2386ccc8b4
3838c2c619079ff
36dc8efbd3c1a1a
2bc9685eaf406a7
2e9caae1a468c8b
0ee6b5f884f19dd
22f61c7ffa67646
000000000000001
2bc9685eaf406a7
3fffffffeb00000
143697a13bbf95a
000000000000001
2bc9685eaf406a7
3fffffffeb00000
143697a13bbf95a
000000000000001
2bc9685eaf406a7
3fffffffeb00000
143697a13bbf95a
000000000000001
2bc9685eaf406a7
3fffffffeb00000
143697a13bbf95a
000000000000001
1d09e37ff0989bb
0ee6b5f884f19dd
1163551e4697376
2bc9685eaf406a7
09237104173e5e7
3838c2c619079ff
1a7d3dc77e3374d
3fffffffeb00000
22f61c7ffa67646
31194a07660e624
2e9caae1a468c8b
143697a13bbf95a
36dc8efbd3c1a1a
07c73d39d1f8602
2582c2386ccc8b4
000000000000001
07c73d39d1f8602
143697a13bbf95a
31194a07660e624
3fffffffeb00000
3838c2c619079ff
2bc9685eaf406a7
0ee6b5f884f19dd
000000000000001
07c73d39d1f8602
143697a13bbf95a
31194a07660e624
3fffffffeb00000
3838c2c619079ff
2bc9685eaf406a7
0ee6b5f884f19dd
000000000000001
2e9caae1a468c8b
3838c2c619079ff
1d09e37ff0989bb
143697a13bbf95a
1a7d3dc77e3374d
0ee6b5f884f19dd
36dc8efbd3c1a1a
3fffffffeb00000
1163551e4697376
07c73d39d1f8602
22f61c7ffa67646
2bc9685eaf406a7
2582c2386ccc8b4
31194a07660e624
09237104173e5e7
000000000000001
3fffffffeb00000
000000000000001
3fffffffeb00000
000000000000001
3fffffffeb00000
000000000000001
3fffffffeb00000
000000000000001
3fffffffeb00000
000000000000001
3fffffffeb00000
000000000000001
3fffffffeb00000
000000000000001
3fffffffeb00000
000000000000001
09237104173e5e7
31194a07660e624
2582c2386ccc8b4
2bc9685eaf406a7
22f61c7ffa67646
07c73d39d1f8602
1163551e4697376
3fffffffeb00000
36dc8efbd3c1a1a
0ee6b5f884f19dd
1a7d3dc77e3374d
143697a13bbf95a
1d09e37ff0989bb
3838c2c619079ff
2e9caae1a468c8b
000000000000001
0ee6b5f884f19dd
2bc9685eaf406a7
3838c2c619079ff
3fffffffeb00000
31194a07660e624
143697a13bbf95a
07c73d39d1f8602
000000000000001
0ee6b5f884f19dd
2bc9685eaf406a7
3838c2c619079ff
3fffffffeb00000
31194a07660e624
143697a13bbf95a
07c73d39d1f8602
000000000000001
2582c2386ccc8b4
07c73d39d1f8602
36dc8efbd3c1a1a
143697a13bbf95a
2e9caae1a468c8b
31194a07660e624
22f61c7ffa67646
3fffffffeb00000
1a7d3dc77e3374d
3838c2c619079ff
09237104173e5e7
2bc9685eaf406a7
1163551e4697376
0ee6b5f884f19dd
1d09e37ff0989bb
000000000000001
143697a13bbf95a
3fffffffeb00000
2bc9685eaf406a7
000000000000001
143697a13bbf95a
3fffffffeb00000
2bc9685eaf406a7
000000000000001
143697a13bbf95a
3fffffffeb00000
2bc9685eaf406a7
000000000000001
143697a13bbf95a
3fffffffeb00000
2bc9685eaf406a7
000000000000001
22f61c7ffa67646
0ee6b5f884f19dd
2e9caae1a468c8b
2bc9685eaf406a7
36dc8efbd3c1a1a
3838c2c619079ff
2582c2386ccc8b4
3fffffffeb00000
1d09e37ff0989bb
31194a07660e624
1163551e4697376
143697a13bbf95a
09237104173e5e7
07c73d39d1f8602
1a7d3dc77e3374d
000000000000001
3838c2c619079ff
143697a13bbf95a
0ee6b5f884f19dd
3fffffffeb00000
07c73d39d1f8602
2bc9685eaf406a7
31194a07660e624
000000000000001
3838c2c619079ff
143697a13bbf95a
0ee6b5f884f19dd
3fffffffeb00000
07c73d39d1f8602
2bc9685eaf406a7
31194a07660e624
000000000000001
1163551e4697376
3838c2c619079ff
22f61c7ffa67646
143697a13bbf95a
2582c2386ccc8b4
0ee6b5f884f19dd
09237104173e5e7
3fffffffeb00000
2e9caae1a468c8b
07c73d39d1f8602
1d09e37ff0989bb
2bc9685eaf406a7
1a7d3dc77e3374d
31194a07660e624
36dc8efbd3c1a1a
000000000000001
000000000000001
000000000000001
000000000000001
000000000000001
000000000000001
000000000000001
000000000000001
000000000000001
000000000000001
000000000000001
000000000000001
000000000000001
000000000000001
000000000000001
000000000000001
000000000000001
3d2a30eaf27289f
074baba9323cc59
003790c5472f064
0943641e10fd524
00946bf110646e1
18ef7cc9102de73
2f2c3863c3b55f6
3fffffffea00000
02d5cf14f78d762
38b45456b7c33a8
3fc86f3aa2d0f9d
36bc9be1d902add
3f6b940ed99b920
27108336d9d218e
10d3c79c264aa0b
000000000000001
074baba9323cc59
0943641e10fd524
18ef7cc9102de73
3fffffffea00000
38b45456b7c33a8
36bc9be1d902add
27108336d9d218e
000000000000001
074baba9323cc59
0943641e10fd524
18ef7cc9102de73
3fffffffea00000
38b45456b7c33a8
36bc9be1d902add
27108336d9d218e
000000000000001
003790c5472f064
18ef7cc9102de73
02d5cf14f78d762
36bc9be1d902add
10d3c79c264aa0b
074baba9323cc59
00946bf110646e1
3fffffffea00000
3fc86f3aa2d0f9d
27108336d9d218e
3d2a30eaf27289f
0943641e10fd524
2f2c3863c3b55f6
38b45456b7c33a8
3f6b940ed99b920
000000000000001
0943641e10fd524
3fffffffea00000
36bc9be1d902add
000000000000001
0943641e10fd524
3fffffffea00000
36bc9be1d902add
000000000000001
0943641e10fd524
3fffffffea00000
36bc9be1d902add
000000000000001
0943641e10fd524
3fffffffea00000
36bc9be1d902add
000000000000001
00946bf110646e1
38b45456b7c33a8
10d3c79c264aa0b
0943641e10fd524
02d5cf14f78d762
27108336d9d218e
003790c5472f064
3fffffffea00000
3f6b940ed99b920
074baba9323cc59
2f2c3863c3b55f6
36bc9be1d902add
3d2a30eaf27289f
18ef7cc9102de73
3fc86f3aa2d0f9d
000000000000001
18ef7cc9102de73
36bc9be1d902add
074baba9323cc59
3fffffffea00000
27108336d9d218e
0943641e10fd524
38b45456b7c33a8
000000000000001
18ef7cc9102de73
36bc9be1d902add
074baba9323cc59
3fffffffea00000
27108336d9d218e
0943641e10fd524
38b45456b7c33a8
000000000000001
2f2c3863c3b55f6
27108336d9d218e
00946bf110646e1
36bc9be1d902add
003790c5472f064
38b45456b7c33a8
3d2a30eaf27289f
3fffffffea00000
10d3c79c264aa0b
18ef7cc9102de73
3f6b940ed99b920
0943641e10fd524
3fc86f3aa2d0f9d
074baba9323cc59
02d5cf14f78d762
000000000000001
3fffffffea00000
000000000000001
3fffffffea00000
000000000000001
3fffffffea00000
000000000000001
3fffffffea00000
000000000000001
3fffffffea00000
000000000000001
3fffffffea00000
000000000000001
3fffffffea00000
000000000000001
3fffffffea00000
000000000000001
02d5cf14f78d762
074baba9323cc59
3fc86f3aa2d0f9d
0943641e10fd524
3f6b940ed99b920
18ef7cc9102de73
10d3c79c264aa0b
3fffffffea00000
3d2a30eaf27289f
38b45456b7c33a8
003790c5472f064
36bc9be1d902add
00946bf110646e1
27108336d9d218e
2f2c3863c3b55f6
000000000000001
38b45456b7c33a8
0943641e10fd524
27108336d9d218e
3fffffffea00000
074baba9323cc59
36bc9be1d902add
18ef7cc9102de73
000000000000001
38b45456b7c33a8
0943641e10fd524
27108336d9d218e
3fffffffea00000
074baba9323cc59
36bc9be1d902add
18ef7cc9102de73
000000000000001
3fc86f3aa2d0f9d
18ef7cc9102de73
3d2a30eaf27289f
36bc9be1d902add
2f2c3863c3b55f6
074baba9323cc59
3f6b940ed99b920
3fffffffea00000
003790c5472f064
27108336d9d218e
02d5cf14f78d762
0943641e10fd524
10d3c79c264aa0b
38b45456b7c33a8
00946bf110646e1
000000000000001
36bc9be1d902add
3fffffffea00000
0943641e10fd524
000000000000001
36bc9be1d902add
3fffffffea00000
0943641e10fd524
000000000000001
36bc9be1d902add
3fffffffea00000
0943641e10fd524
000000000000001
36bc9be1d902add
3fffffffea00000
0943641e10fd524
000000000000001
3f6b940ed99b920
38b45456b7c33a8
2f2c3863c3b55f6
0943641e10fd524
3d2a30eaf27289f
27108336d9d218e
3fc86f3aa2d0f9d
3fffffffea00000
00946bf110646e1
074baba9323cc59
10d3c79c264aa0b
36bc9be1d902add
02d5cf14f78d762
18ef7cc9102de73
003790c5472f064
000000000000001
27108336d9d218e
36bc9be1d902add
38b45456b7c33a8
3fffffffea00000
18ef7cc9102de73
0943641e10fd524
074baba9323cc59
000000000000001
27108336d9d218e
36bc9be1d902add
38b45456b7c33a8
3fffffffea00000
18ef7cc9102de73
0943641e10fd524
074baba9323cc59
000000000000001
10d3c79c264aa0b
27108336d9d218e
3f6b940ed99b920
36bc9be1d902add
3fc86f3aa2d0f9d
38b45456b7c33a8
02d5cf14f78d762
3fffffffea00000
2f2c3863c3b55f6
18ef7cc9102de73
00946bf110646e1
0943641e10fd524
003790c5472f064
074baba9323cc59
3d2a30eaf27289f
000000000000001
000000000000001
000000000000001
000000000000001
000000000000001
000000000000001
000000000000001
000000000000001
000000000000001
000000000000001
000000000000001
000000000000001
000000000000001
000000000000001
000000000000001
000000000000001
000000000000001
2a4cddea9614a12
0cf622a8a30f9fa
1f1977aad661129
29a6415dec3834e
3e43a850d3f9fd0
0b747370929629c
3fae13c6c465932
3fffffffe800000
15b3221551eb5ef
3309dd5744f0607
20e68855119eed8
1659bea1fbc7cb3
01bc57af1406031
348b8c8f5569d65
0051ec39239a6cf
000000000000001
0cf622a8a30f9fa
29a6415dec3834e
0b747370929629c
3fffffffe800000
3309dd5744f0607
1659bea1fbc7cb3
348b8c8f5569d65
000000000000001
0cf622a8a30f9fa
29a6415dec3834e
0b747370929629c
3fffffffe800000
3309dd5744f0607
1659bea1fbc7cb3
348b8c8f5569d65
000000000000001
1f1977aad661129
0b747370929629c
15b3221551eb5ef
1659bea1fbc7cb3
0051ec39239a6cf
0cf622a8a30f9fa
3e43a850d3f9fd0
3fffffffe800000
20e68855119eed8
348b8c8f5569d65
2a4cddea9614a12
29a6415dec3834e
3fae13c6c465932
3309dd5744f0607
01bc57af1406031
000000000000001
29a6415dec3834e
3fffffffe800000
1659bea1fbc7cb3
000000000000001
29a6415dec3834e
3fffffffe800000
1659bea1fbc7cb3
000000000000001
29a6415dec3834e
3fffffffe800000
1659bea1fbc7cb3
000000000000001
29a6415dec3834e
3fffffffe800000
1659bea1fbc7cb3
000000000000001
3e43a850d3f9fd0
3309dd5744f0607
0051ec39239a6cf
29a6415dec3834e
15b3221551eb5ef
348b8c8f5569d65
1f1977aad661129
3fffffffe800000
01bc57af1406031
0cf622a8a30f9fa
3fae13c6c465932
1659bea1fbc7cb3
2a4cddea9614a12
0b747370929629c
20e68855119eed8
000000000000001
0b747370929629c
1659bea1fbc7cb3
0cf622a8a30f9fa
3fffffffe800000
348b8c8f5569d65
29a6415dec3834e
3309dd5744f0607
000000000000001
0b747370929629c
1659bea1fbc7cb3
0cf622a8a30f9fa
3fffffffe800000
348b8c8f5569d65
29a6415dec3834e
3309dd5744f0607
000000000000001
3fae13c6c465932
348b8c8f5569d65
3e43a850d3f9fd0
1659bea1fbc7cb3
1f1977aad661129
3309dd5744f0607
2a4cddea9614a12
3fffffffe800000
0051ec39239a6cf
0b747370929629c
01bc57af1406031
29a6415dec3834e
20e68855119eed8
0cf622a8a30f9fa
15b3221551eb5ef
000000000000001
3fffffffe800000
000000000000001
3fffffffe800000
000000000000001
3fffffffe800000
000000000000001
3fffffffe800000
000000000000001
3fffffffe800000
000000000000001
3fffffffe800000
000000000000001
3fffffffe800000
000000000000001
3fffffffe800000
000000000000001
15b3221551eb5ef
0cf622a8a30f9fa
20e68855119eed8
29a6415dec3834e
01bc57af1406031
0b747370929629c
0051ec39239a6cf
3fffffffe800000
2a4cddea9614a12
3309dd5744f0607
1f1977aad661129
1659bea1fbc7cb3
3e43a850d3f9fd0
348b8c8f5569d65
3fae13c6c465932
000000000000001
3309dd5744f0607
29a6415dec3834e
348b8c8f5569d65
3fffffffe800000
0cf622a8a30f9fa
1659bea1fbc7cb3
0b747370929629c
000000000000001
3309dd5744f0607
29a6415dec3834e
348b8c8f5569d65
3fffffffe800000
0cf622a8a30f9fa
1659bea1fbc7cb3
0b747370929629c
000000000000001
20e68855119eed8
0b747370929629c
2a4cddea9614a12
1659bea1fbc7cb3
3fae13c6c465932
0cf622a8a30f9fa
01bc57af1406031
3fffffffe800000
1f1977aad661129
348b8c8f5569d65
15b3221551eb5ef
29a6415dec3834e
0051ec39239a6cf
3309dd5744f0607
3e43a850d3f9fd0
000000000000001
1659bea1fbc7cb3
3fffffffe800000
29a6415dec3834e
000000000000001
1659bea1fbc7cb3
3fffffffe800000
29a6415dec3834e
000000000000001
1659bea1fbc7cb3
3fffffffe800000
29a6415dec3834e
000000000000001
1659bea1fbc7cb3
3fffffffe800000
29a6415dec3834e
000000000000001
01bc57af1406031
3309dd5744f0607
3fae13c6c465932
29a6415dec3834e
2a4cddea9614a12
348b8c8f5569d65
20e68855119eed8
3fffffffe800000
3e43a850d3f9fd0
0cf622a8a30f9fa
0051ec39239a6cf
1659bea1fbc7cb3
15b3221551eb5ef
0b747370929629c
1f1977aad661129
000000000000001
348b8c8f5569d65
1659bea1fbc7cb3
3309dd5744f0607
3fffffffe800000
0b747370929629c
29a6415dec3834e
0cf622a8a30f9fa
000000000000001
348b8c8f5569d65
1659bea1fbc7cb3
3309dd5744f0607
3fffffffe800000
0b747370929629c
29a6415dec3834e
0cf622a8a30f9fa
000000000000001
0051ec39239a6cf
348b8c8f5569d65
01bc57af1406031
1659bea1fbc7cb3
20e68855119eed8
3309dd5744f0607
15b3221551eb5ef
3fffffffe800000
3fae13c6c465932
0b747370929629c
3e43a850d3f9fd0
29a6415dec3834e
1f1977aad661129
0cf622a8a30f9fa
2a4cddea9614a12
000000000000001
000000000000001
000000000000001
000000000000001
000000000000001
000000000000001
000000000000001
000000000000001
000000000000001
000000000000001
000000000000001
000000000000001
000000000000001
000000000000001
000000000000001
000000000000001
000000000000001
2d785cea371f74a
26f4c88f50448ab
1a9542f8c6d036c
28f9f108036bae4
03ee9c9fec52c7e
1429e8f2ef75f58
3285cb76c76a836
3fffffffe440000
1287a315ad208b7
190b377093fb756
256abd071d6fc95
17060ef7e0d451d
3c11635ff7ed383
2bd6170cf4ca0a9
0d7a34891cd57cb
000000000000001
26f4c88f50448ab
28f9f108036bae4
1429e8f2ef75f58
3fffffffe440000
190b377093fb756
17060ef7e0d451d
2bd6170cf4ca0a9
000000000000001
26f4c88f50448ab
28f9f108036bae4
1429e8f2ef75f58
3fffffffe440000
190b377093fb756
17060ef7e0d451d
2bd6170cf4ca0a9
000000000000001
1a9542f8c6d036c
1429e8f2ef75f58
1287a315ad208b7
17060ef7e0d451d
0d7a34891cd57cb
26f4c88f50448ab
03ee9c9fec52c7e
3fffffffe440000
256abd071d6fc95
2bd6170cf4ca0a9
2d785cea371f74a
28f9f108036bae4
3285cb76c76a836
190b377093fb756
3c11635ff7ed383
000000000000001
28f9f108036bae4
3fffffffe440000
17060ef7e0d451d
000000000000001
28f9f108036bae4
3fffffffe440000
17060ef7e0d451d
000000000000001
28f9f108036bae4
3fffffffe440000
17060ef7e0d451d
000000000000001
28f9f108036bae4
3fffffffe440000
17060ef7e0d451d
000000000000001
03ee9c9fec52c7e
190b377093fb756
0d7a34891cd57cb
28f9f108036bae4
1287a315ad208b7
2bd6170cf4ca0a9
1a9542f8c6d036c
3fffffffe440000
3c11635ff7ed383
26f4c88f50448ab
3285cb76c76a836
17060ef7e0d451d
2d785cea371f74a
1429e8f2ef75f58
256abd071d6fc95
000000000000001
1429e8f2ef75f58
17060ef7e0d451d
26f4c88f50448ab
3fffffffe440000
2bd6170cf4ca0a9
28f9f108036bae4
190b377093fb756
000000000000001
1429e8f2ef75f58
17060ef7e0d451d
26f4c88f50448ab
3fffffffe440000
2bd6170cf4ca0a9
28f9f108036bae4
190b377093fb756
000000000000001
3285cb76c76a836
2bd6170cf4ca0a9
03ee9c9fec52c7e
17060ef7e0d451d
1a9542f8c6d036c
190b377093fb756
2d785cea371f74a
3fffffffe440000
0d7a34891cd57cb
1429e8f2ef75f58
3c11635ff7ed383
28f9f108036bae4
256abd071d6fc95
26f4c88f50448ab
1287a315ad208b7
000000000000001
3fffffffe440000
000000000000001
3fffffffe440000
000000000000001
3fffffffe440000
000000000000001
3fffffffe440000
000000000000001
3fffffffe440000
000000000000001
3fffffffe440000
000000000000001
3fffffffe440000
000000000000001
3fffffffe440000
000000000000001
1287a315ad208b7
26f4c88f50448ab
256abd071d6fc95
28f9f108036bae4
3c11635ff7ed383
1429e8f2ef75f58
0d7a34891cd57cb
3fffffffe440000
2d785cea371f74a
190b377093fb756
1a9542f8c6d036c
17060ef7e0d451d
03ee9c9fec52c7e
2bd6170cf4ca0a9
3285cb76c76a836
000000000000001
190b377093fb756
28f9f108036bae4
2bd6170cf4ca0a9
3fffffffe440000
26f4c88f50448ab
17060ef7e0d451d
1429e8f2ef75f58
000000000000001
190b377093fb756
28f9f108036bae4
2bd6170cf4ca0a9
3fffffffe440000
26f4c88f50448ab
17060ef7e0d451d
1429e8f2ef75f58
000000000000001
256abd071d6fc95
1429e8f2ef75f58
2d785cea371f74a
17060ef7e0d451d
3285cb76c76a836
26f4c88f50448ab
3c11635ff7ed383
3fffffffe440000
1a9542f8c6d036c
2bd6170cf4ca0a9
1287a315ad208b7
28f9f108036bae4
0d7a34891cd57cb
190b377093fb756
03ee9c9fec52c7e
000000000000001
17060ef7e0d451d
3fffffffe440000
28f9f108036bae4
000000000000001
17060ef7e0d451d
3fffffffe440000
28f9f108036bae4
000000000000001
17060ef7e0d451d
3fffffffe440000
28f9f108036bae4
000000000000001
17060ef7e0d451d
3fffffffe440000
28f9f108036bae4
000000000000001
3c11635ff7ed383
190b377093fb756
3285cb76c76a836
28f9f108036bae4
2d785cea371f74a
2bd6170cf4ca0a9
256abd071d6fc95
3fffffffe440000
03ee9c9fec52c7e
26f4c88f50448ab
0d7a34891cd57cb
17060ef7e0d451d
1287a315ad208b7
1429e8f2ef75f58
1a9542f8c6d036c
000000000000001
2bd6170cf4ca0a9
17060ef7e0d451d
190b377093fb756
3fffffffe440000
1429e8f2ef75f58
28f9f108036bae4
26f4c88f50448ab
000000000000001
2bd6170cf4ca0a9
17060ef7e0d451d
190b377093fb756
3fffffffe440000
1429e8f2ef75f58
28f9f108036bae4
26f4c88f50448ab
000000000000001
0d7a34891cd57cb
2bd6170cf4ca0a9
3c11635ff7ed383
17060ef7e0d451d
256abd071d6fc95
190b377093fb756
1287a315ad208b7
3fffffffe440000
3285cb76c76a836
1429e8f2ef75f58
03ee9c9fec52c7e
28f9f108036bae4
1a9542f8c6d036c
26f4c88f50448ab
2d785cea371f74a
000000000000001
000000000000001
000000000000001
000000000000001
000000000000001
000000000000001
000000000000001
000000000000001
000000000000001
000000000000001
000000000000001
000000000000001
000000000000001
000000000000001
000000000000001
000000000000001
000000000000001
060b5733f663881
24d556b904a855d
323d0b66c478759
0520fed017241ea
319af056c03264b
2fc69357e9ba3e6
1fb02693a6d929b
3fffffffe320000
39f4a8cbecbc780
1b2aa946de77aa4
0dc2f4991ea78a8
3adf012fcbfbe17
0e650fa922ed9b6
10396ca7f965c1b
204fd96c3c46d66
000000000000001
24d556b904a855d
0520fed017241ea
2fc69357e9ba3e6
3fffffffe320000
1b2aa946de77aa4
3adf012fcbfbe17
10396ca7f965c1b
000000000000001
24d556b904a855d
0520fed017241ea
2fc69357e9ba3e6
3fffffffe320000
1b2aa946de77aa4
3adf012fcbfbe17
10396ca7f965c1b
000000000000001
323d0b66c478759
2fc69357e9ba3e6
39f4a8cbecbc780
3adf012fcbfbe17
204fd96c3c46d66
24d556b904a855d
319af056c03264b
3fffffffe320000
0dc2f4991ea78a8
10396ca7f965c1b
060b5733f663881
0520fed017241ea
1fb02693a6d929b
1b2aa946de77aa4
0e650fa922ed9b6
000000000000001
0520fed017241ea
3fffffffe320000
3adf012fcbfbe17
000000000000001
0520fed017241ea
3fffffffe320000
3adf012fcbfbe17
000000000000001
0520fed017241ea
3fffffffe320000
3adf012fcbfbe17
000000000000001
0520fed017241ea
3fffffffe320000
3adf012fcbfbe17
000000000000001
319af056c03264b
1b2aa946de77aa4
204fd96c3c46d66
0520fed017241ea
39f4a8cbecbc780
10396ca7f965c1b
323d0b66c478759
3fffffffe320000
0e650fa922ed9b6
24d556b904a855d
1fb02693a6d929b
3adf012fcbfbe17
060b5733f663881
2fc69357e9ba3e6
0dc2f4991ea78a8
000000000000001
2fc69357e9ba3e6
3adf012fcbfbe17
24d556b904a855d
3fffffffe320000
10396ca7f965c1b
0520fed017241ea
1b2aa946de77aa4
000000000000001
2fc69357e9ba3e6
3adf012fcbfbe17
24d556b904a855d
3fffffffe320000
10396ca7f965c1b
0520fed017241ea
1b2aa946de77aa4
000000000000001
1fb02693a6d929b
10396ca7f965c1b
319af056c03264b
3adf012fcbfbe17
323d0b66c478759
1b2aa946de77aa4
060b5733f663881
3fffffffe320000
204fd96c3c46d66
2fc69357e9ba3e6
0e650fa922ed9b6
0520fed017241ea
0dc2f4991ea78a8
24d556b904a855d
39f4a8cbecbc780
000000000000001
3fffffffe320000
000000000000001
3fffffffe320000
000000000000001
3fffffffe320000
000000000000001
3fffffffe320000
000000000000001
3fffffffe320000
000000000000001
3fffffffe320000
000000000000001
3fffffffe320000
000000000000001
3fffffffe320000
000000000000001
39f4a8cbecbc780
24d556b904a855d
0dc2f4991ea78a8
0520fed017241ea
0e650fa922ed9b6
2fc69357e9ba3e6
204fd96c3c46d66
3fffffffe320000
060b5733f663881
1b2aa946de77aa4
323d0b66c478759
3adf012fcbfbe17
319af056c03264b
10396ca7f965c1b
1fb02693a6d929b
000000000000001
1b2aa946de77aa4
0520fed017241ea
10396ca7f965c1b
3fffffffe320000
24d556b904a855d
3adf012fcbfbe17
2fc69357e9ba3e6
000000000000001
1b2aa946de77aa4
0520fed017241ea
10396ca7f965c1b
3fffffffe320000
24d556b904a855d
3adf012fcbfbe17
2fc69357e9ba3e6
000000000000001
0dc2f4991ea78a8
2fc69357e9ba3e6
060b5733f663881
3adf012fcbfbe17
1fb02693a6d929b
24d556b904a855d
0e650fa922ed9b6
3fffffffe320000
323d0b66c478759
10396ca7f965c1b
39f4a8cbecbc780
0520fed017241ea
204fd96c3c46d66
1b2aa946de77aa4
319af056c03264b
000000000000001
3adf012fcbfbe17
3fffffffe320000
0520fed017241ea
000000000000001
3adf012fcbfbe17
3fffffffe320000
0520fed017241ea
000000000000001
3adf012fcbfbe17
3fffffffe320000
0520fed017241ea
000000000000001
3adf012fcbfbe17
3fffffffe320000
0520fed017241ea
000000000000001
0e650fa922ed9b6
1b2aa946de77aa4
1fb02693a6d929b
0520fed017241ea
060b5733f663881
10396ca7f965c1b
0dc2f4991ea78a8
3fffffffe320000
319af056c03264b
24d556b904a855d
204fd96c3c46d66
3adf012fcbfbe17
39f4a8cbecbc780
2fc69357e9ba3e6
323d0b66c478759
000000000000001
10396ca7f965c1b
3adf012fcbfbe17
1b2aa946de77aa4
3fffffffe320000
2fc69357e9ba3e6
0520fed017241ea
24d556b904a855d
000000000000001
10396ca7f965c1b
3adf012fcbfbe17
1b2aa946de77aa4
3fffffffe320000
2fc69357e9ba3e6
0520fed017241ea
24d556b904a855d
000000000000001
204fd96c3c46d66
10396ca7f965c1b
0e650fa922ed9b6
3adf012fcbfbe17
0dc2f4991ea78a8
1b2aa946de77aa4
39f4a8cbecbc780
3fffffffe320000
1fb02693a6d929b
2fc69357e9ba3e6
319af056c03264b
0520fed017241ea
323d0b66c478759
24d556b904a855d
060b5733f663881
000000000000001
000000000000001
000000000000001
000000000000001
000000000000001
000000000000001
000000000000001
000000000000001
000000000000001
000000000000001
000000000000001
000000000000001
000000000000001
000000000000001
000000000000001
000000000000001
000000000000001
156372659c1d0ea
353bbb907044671
0a8cca3ea6b695a
316739d896b1bac
14dc9d5e5936719
1331964ab01599d
10df8d2b0f41d67
3fffffffe2c0000
2a9c8d9a46a2f17
0ac4446f727b990
357335c13c096a7
0e98c6274c0e455
2b2362a189898e8
2cce69b532aa664
2f2072d4d37e29a
000000000000001
353bbb907044671
316739d896b1bac
1331964ab01599d
3fffffffe2c0000
0ac4446f727b990
0e98c6274c0e455
2cce69b532aa664
000000000000001
353bbb907044671
316739d896b1bac
1331964ab01599d
3fffffffe2c0000
0ac4446f727b990
0e98c6274c0e455
2cce69b532aa664
000000000000001
0a8cca3ea6b695a
1331964ab01599d
2a9c8d9a46a2f17
0e98c6274c0e455
2f2072d4d37e29a
353bbb907044671
14dc9d5e5936719
3fffffffe2c0000
357335c13c096a7
2cce69b532aa664
156372659c1d0ea
316739d896b1bac
10df8d2b0f41d67
0ac4446f727b990
2b2362a189898e8
000000000000001
316739d896b1bac
3fffffffe2c0000
0e98c6274c0e455
000000000000001
316739d896b1bac
3fffffffe2c0000
0e98c6274c0e455
000000000000001
316739d896b1bac
3fffffffe2c0000
0e98c6274c0e455
000000000000001
316739d896b1bac
3fffffffe2c0000
0e98c6274c0e455
000000000000001
14dc9d5e5936719
0ac4446f727b990
2f2072d4d37e29a
316739d896b1bac
2a9c8d9a46a2f17
2cce69b532aa664
0a8cca3ea6b695a
3fffffffe2c0000
2b2362a189898e8
353bbb907044671
10df8d2b0f41d67
0e98c6274c0e455
156372659c1d0ea
1331964ab01599d
357335c13c096a7
000000000000001
1331964ab01599d
0e98c6274c0e455
353bbb907044671
3fffffffe2c0000
2cce69b532aa664
316739d896b1bac
0ac4446f727b990
000000000000001
1331964ab01599d
0e98c6274c0e455
353bbb907044671
3fffffffe2c0000
2cce69b532aa664
316739d896b1bac
0ac4446f727b990
000000000000001
10df8d2b0f41d67
2cce69b532aa664
14dc9d5e5936719
0e98c6274c0e455
0a8cca3ea6b695a
0ac4446f727b990
156372659c1d0ea
3fffffffe2c0000
2f2072d4d37e29a
1331964ab01599d
2b2362a189898e8
316739d896b1bac
357335c13c096a7
353bbb907044671
2a9c8d9a46a2f17
000000000000001
3fffffffe2c0000
000000000000001
3fffffffe2c0000
000000000000001
3fffffffe2c0000
000000000000001
3fffffffe2c0000
000000000000001
3fffffffe2c0000
000000000000001
3fffffffe2c0000
000000000000001
3fffffffe2c0000
000000000000001
3fffffffe2c0000
000000000000001
2a9c8d9a46a2f17
353bbb907044671
357335c13c096a7
316739d896b1bac
2b2362a189898e8
1331964ab01599d
2f2072d4d37e29a
3fffffffe2c0000
156372659c1d0ea
0ac4446f727b990
0a8cca3ea6b695a
0e98c6274c0e455
14dc9d5e5936719
2cce69b532aa664
10df8d2b0f41d67
000000000000001
0ac4446f727b990
316739d896b1bac
2cce69b532aa664
3fffffffe2c0000
353bbb907044671
0e98c6274c0e455
1331964ab01599d
000000000000001
0ac4446f727b990
316739d896b1bac
2cce69b532aa664
3fffffffe2c0000
353bbb907044671
0e98c6274c0e455
1331964ab01599d
000000000000001
357335c13c096a7
1331964ab01599d
156372659c1d0ea
0e98c6274c0e455
10df8d2b0f41d67
353bbb907044671
2b2362a189898e8
3fffffffe2c0000
0a8cca3ea6b695a
2cce69b532aa664
2a9c8d9a46a2f17
316739d896b1bac
2f2072d4d37e29a
0ac4446f727b990
14dc9d5e5936719
000000000000001
0e98c6274c0e455
3fffffffe2c0000
316739d896b1bac
000000000000001
0e98c6274c0e455
3fffffffe2c0000
316739d896b1bac
000000000000001
0e98c6274c0e455
3fffffffe2c0000
316739d896b1bac
000000000000001
0e98c6274c0e455
3fffffffe2c0000
316739d896b1bac
000000000000001
2b2362a189898e8
0ac4446f727b990
10df8d2b0f41d67
316739d896b1bac
156372659c1d0ea
2cce69b532aa664
357335c13c096a7
3fffffffe2c0000
14dc9d5e5936719
353bbb907044671
2f2072d4d37e29a
0e98c6274c0e455
2a9c8d9a46a2f17
1331964ab01599d
0a8cca3ea6b695a
000000000000001
2cce69b532aa664
0e98c6274c0e455
0ac4446f727b990
3fffffffe2c0000
1331964ab01599d
316739d896b1bac
353bbb907044671
000000000000001
2cce69b532aa664
0e98c6274c0e455
0ac4446f727b990
3fffffffe2c0000
1331964ab01599d
316739d896b1bac
353bbb907044671
000000000000001
2f2072d4d37e29a
2cce69b532aa664
2b2362a189898e8
0e98c6274c0e455
357335c13c096a7
0ac4446f727b990
2a9c8d9a46a2f17
3fffffffe2c0000
10df8d2b0f41d67
1331964ab01599d
14dc9d5e5936719
316739d896b1bac
0a8cca3ea6b695a
353bbb907044671
156372659c1d0ea
000000000000001
000000000000001
000000000000001
000000000000001
000000000000001
000000000000001
000000000000001
000000000000001
000000000000001
000000000000001
000000000000001
000000000000001
000000000000001
000000000000001
000000000000001
000000000000001
000000000000001
27c07781bcbe748
2195e052c68f6fd
3dd5a16dd2622e6
168fbba0f2e6495
3cf403c8d4573e8
24f0e06dfbc8bc1
320d76802ecedf3
3fffffffdfe0000
183f887e23218b9
1e6a1fad1950904
022a5e920d7dd1b
2970445eecf9b6c
030bfc370b88c19
1b0f1f91e417440
0df2897fb11120e
000000000000001
2195e052c68f6fd
168fbba0f2e6495
24f0e06dfbc8bc1
3fffffffdfe0000
1e6a1fad1950904
2970445eecf9b6c
1b0f1f91e417440
000000000000001
2195e052c68f6fd
168fbba0f2e6495
24f0e06dfbc8bc1
3fffffffdfe0000
1e6a1fad1950904
2970445eecf9b6c
1b0f1f91e417440
000000000000001
3dd5a16dd2622e6
24f0e06dfbc8bc1
183f887e23218b9
2970445eecf9b6c
0df2897fb11120e
2195e052c68f6fd
3cf403c8d4573e8
3fffffffdfe0000
022a5e920d7dd1b
1b0f1f91e417440
27c07781bcbe748
168fbba0f2e6495
320d76802ecedf3
1e6a1fad1950904
030bfc370b88c19
000000000000001
168fbba0f2e6495
3fffffffdfe0000
2970445eecf9b6c
000000000000001
168fbba0f2e6495
3fffffffdfe0000
2970445eecf9b6c
000000000000001
168fbba0f2e6495
3fffffffdfe0000
2970445eecf9b6c
000000000000001
168fbba0f2e6495
3fffffffdfe0000
2970445eecf9b6c
000000000000001
3cf403c8d4573e8
1e6a1fad1950904
0df2897fb11120e
168fbba0f2e6495
183f887e23218b9
1b0f1f91e417440
3dd5a16dd2622e6
3fffffffdfe0000
030bfc370b88c19
2195e052c68f6fd
320d76802ecedf3
2970445eecf9b6c
27c07781bcbe748
24f0e06dfbc8bc1
022a5e920d7dd1b
000000000000001
24f0e06dfbc8bc1
2970445eecf9b6c
2195e052c68f6fd
3fffffffdfe0000
1b0f1f91e417440
168fbba0f2e6495
1e6a1fad1950904
000000000000001
24f0e06dfbc8bc1
2970445eecf9b6c
2195e052c68f6fd
3fffffffdfe0000
1b0f1f91e417440
168fbba0f2e6495
1e6a1fad1950904
000000000000001
320d76802ecedf3
1b0f1f91e417440
3cf403c8d4573e8
2970445eecf9b6c
3dd5a16dd2622e6
1e6a1fad1950904
27c07781bcbe748
3fffffffdfe0000
0df2897fb11120e
24f0e06dfbc8bc1
030bfc370b88c19
168fbba0f2e6495
022a5e920d7dd1b
2195e052c68f6fd
183f887e23218b9
000000000000001
3fffffffdfe0000
000000000000001
3fffffffdfe0000
000000000000001
3fffffffdfe0000
000000000000001
3fffffffdfe0000
000000000000001
3fffffffdfe0000
000000000000001
3fffffffdfe0000
000000000000001
3fffffffdfe0000
000000000000001
3fffffffdfe0000
000000000000001
183f887e23218b9
2195e052c68f6fd
022a5e920d7dd1b
168fbba0f2e6495
030bfc370b88c19
24f0e06dfbc8bc1
0df2897fb11120e
3fffffffdfe0000
27c07781bcbe748
1e6a1fad1950904
3dd5a16dd2622e6
2970445eecf9b6c
3cf403c8d4573e8
1b0f1f91e417440
320d76802ecedf3
000000000000001
1e6a1fad1950904
168fbba0f2e6495
1b0f1f91e417440
3fffffffdfe0000
2195e052c68f6fd
2970445eecf9b6c
24f0e06dfbc8bc1
000000000000001
1e6a1fad1950904
168fbba0f2e6495
1b0f1f91e417440
3fffffffdfe0000
2195e052c68f6fd
2970445eecf9b6c
24f0e06dfbc8bc1
000000000000001
022a5e920d7dd1b
24f0e06dfbc8bc1
27c07781bcbe748
2970445eecf9b6c
320d76802ecedf3
2195e052c68f6fd
030bfc370b88c19
3fffffffdfe0000
3dd5a16dd2622e6
1b0f1f91e417440
183f887e23218b9
168fbba0f2e6495
0df2897fb11120e
1e6a1fad1950904
3cf403c8d4573e8
000000000000001
2970445eecf9b6c
3fffffffdfe0000
168fbba0f2e6495
000000000000001
2970445eecf9b6c
3fffffffdfe0000
168fbba0f2e6495
000000000000001
2970445eecf9b6c
3fffffffdfe0000
168fbba0f2e6495
000000000000001
2970445eecf9b6c
3fffffffdfe0000
168fbba0f2e6495
000000000000001
030bfc370b88c19
1e6a1fad1950904
320d76802ecedf3
168fbba0f2e6495
27c07781bcbe748
1b0f1f91e417440
022a5e920d7dd1b
3fffffffdfe0000
3cf403c8d4573e8
2195e052c68f6fd
0df2897fb11120e
2970445eecf9b6c
183f887e23218b9
24f0e06dfbc8bc1
3dd5a16dd2622e6
000000000000001
1b0f1f91e417440
2970445eecf9b6c
1e6a1fad1950904
3fffffffdfe0000
24f0e06dfbc8bc1
168fbba0f2e6495
2195e052c68f6fd
000000000000001
1b0f1f91e417440
2970445eecf9b6c
1e6a1fad1950904
3fffffffdfe0000
24f0e06dfbc8bc1
168fbba0f2e6495
2195e052c68f6fd
000000000000001
0df2897fb11120e
1b0f1f91e417440
030bfc370b88c19
2970445eecf9b6c
022a5e920d7dd1b
1e6a1fad1950904
183f887e23218b9
3fffffffdfe0000
320d76802ecedf3
24f0e06dfbc8bc1
3cf403c8d4573e8
168fbba0f2e6495
3dd5a16dd2622e6
2195e052c68f6fd
27c07781bcbe748
000000000000001
000000000000001
000000000000001
000000000000001
000000000000001
000000000000001
000000000000001
000000000000001
000000000000001
000000000000001
000000000000001
000000000000001
000000000000001
000000000000001
000000000000001
000000000000001
000000000000001
602e0153966fda8
1faef705d3c2b60
48748102cc019be
6bf6690faf00bf1
115c0db2edc016e
2785167ef244c42
709da54452f498b
7ffffffffcc0000
1fd1feac6650259
605108fa28fd4a1
378b7efd30be643
140996f04dbf410
6ea3f24d0effe93
587ae9810a7b3bf
0f625abba9cb676
000000000000001
1faef705d3c2b60
6bf6690faf00bf1
2785167ef244c42
7ffffffffcc0000
605108fa28fd4a1
140996f04dbf410
587ae9810a7b3bf
000000000000001
1faef705d3c2b60
6bf6690faf00bf1
2785167ef244c42
7ffffffffcc0000
605108fa28fd4a1
140996f04dbf410
587ae9810a7b3bf
000000000000001
48748102cc019be
2785167ef244c42
1fd1feac6650259
140996f04dbf410
0f625abba9cb676
1faef705d3c2b60
115c0db2edc016e
7ffffffffcc0000
378b7efd30be643
587ae9810a7b3bf
602e0153966fda8
6bf6690faf00bf1
709da54452f498b
605108fa28fd4a1
6ea3f24d0effe93
000000000000001
6bf6690faf00bf1
7ffffffffcc0000
140996f04dbf410
000000000000001
6bf6690faf00bf1
7ffffffffcc0000
140996f04dbf410
000000000000001
6bf6690faf00bf1
7ffffffffcc0000
140996f04dbf410
000000000000001
6bf6690faf00bf1
7ffffffffcc0000
140996f04dbf410
000000000000001
115c0db2edc016e
605108fa28fd4a1
0f625abba9cb676
6bf6690faf00bf1
1fd1feac6650259
587ae9810a7b3bf
48748102cc019be
7ffffffffcc0000
6ea3f24d0effe93
1faef705d3c2b60
709da54452f498b
140996f04dbf410
602e0153966fda8
2785167ef244c42
378b7efd30be643
000000000000001
2785167ef244c42
140996f04dbf410
1faef705d3c2b60
7ffffffffcc0000
587ae9810a7b3bf
6bf6690faf00bf1
605108fa28fd4a1
000000000000001
2785167ef244c42
140996f04dbf410
1faef705d3c2b60
7ffffffffcc0000
587ae9810a7b3bf
6bf6690faf00bf1
605108fa28fd4a1
000000000000001
709da54452f498b
587ae9810a7b3bf
115c0db2edc016e
140996f04dbf410
48748102cc019be
605108fa28fd4a1
602e0153966fda8
7ffffffffcc0000
0f625abba9cb676
2785167ef244c42
6ea3f24d0effe93
6bf6690faf00bf1
378b7efd30be643
1faef705d3c2b60
1fd1feac6650259
000000000000001
7ffffffffcc0000
000000000000001
7ffffffffcc0000
000000000000001
7ffffffffcc0000
000000000000001
7ffffffffcc0000
000000000000001
7ffffffffcc0000
000000000000001
7ffffffffcc0000
000000000000001
7ffffffffcc0000
000000000000001
7ffffffffcc0000
000000000000001
1fd1feac6650259
1faef705d3c2b60
378b7efd30be643
6bf6690faf00bf1
6ea3f24d0effe93
2785167ef244c42
0f625abba9cb676
7ffffffffcc0000
602e0153966fda8
605108fa28fd4a1
48748102cc019be
140996f04dbf410
115c0db2edc016e
587ae9810a7b3bf
709da54452f498b
000000000000001
605108fa28fd4a1
6bf6690faf00bf1
587ae9810a7b3bf
7ffffffffcc0000
1faef705d3c2b60
140996f04dbf410
2785167ef244c42
000000000000001
605108fa28fd4a1
6bf6690faf00bf1
587ae9810a7b3bf
7ffffffffcc0000
1faef705d3c2b60
140996f04dbf410
2785167ef244c42
000000000000001
378b7efd30be643
2785167ef244c42
602e0153966fda8
140996f04dbf410
709da54452f498b
1faef705d3c2b60
6ea3f24d0effe93
7ffffffffcc0000
48748102cc019be
587ae9810a7b3bf
1fd1feac6650259
6bf6690faf00bf1
0f625abba9cb676
605108fa28fd4a1
115c0db2edc016e
000000000000001
140996f04dbf410
7ffffffffcc0000
6bf6690faf00bf1
000000000000001
140996f04dbf410
7ffffffffcc0000
6bf6690faf00bf1
000000000000001
140996f04dbf410
7ffffffffcc0000
6bf6690faf00bf1
000000000000001
140996f04dbf410
7ffffffffcc0000
6bf6690faf00bf1
000000000000001
6ea3f24d0effe93
605108fa28fd4a1
709da54452f498b
6bf6690faf00bf1
602e0153966fda8
587ae9810a7b3bf
378b7efd30be643
7ffffffffcc0000
115c0db2edc016e
1faef705d3c2b60
0f625abba9cb676
140996f04dbf410
1fd1feac6650259
2785167ef244c42
48748102cc019be
000000000000001
587ae9810a7b3bf
140996f04dbf410
605108fa28fd4a1
7ffffffffcc0000
2785167ef244c42
6bf6690faf00bf1
1faef705d3c2b60
000000000000001
587ae9810a7b3bf
140996f04dbf410
605108fa28fd4a1
7ffffffffcc0000
2785167ef244c42
6bf6690faf00bf1
1faef705d3c2b60
000000000000001
0f625abba9cb676
587ae9810a7b3bf
6ea3f24d0effe93
140996f04dbf410
378b7efd30be643
605108fa28fd4a1
1fd1feac6650259
7ffffffffcc0000
709da54452f498b
2785167ef244c42
115c0db2edc016e
6bf6690faf00bf1
48748102cc019be
1faef705d3c2b60
602e0153966fda8
000000000000001
000000000000001
000000000000001
000000000000001
000000000000001
000000000000001
000000000000001
000000000000001
000000000000001
000000000000001
000000000000001
000000000000001
000000000000001
000000000000001
000000000000001
000000000000001
000000000000001
611cbd729606acf
5599fbd16933fca
108735957276721
0a919aea15daa20
607e60d2852392d
51e1aaabd8bcf7d
7e9015c19cdbd92
7ffffffffba0000
1ee3428d6599532
2a66042e926c037
6f78ca6a89298e0
756e6515e5c55e1
1f819f2d767c6d4
2e1e555422e3084
016fea3e5ec426f
000000000000001
5599fbd16933fca
0a919aea15daa20
51e1aaabd8bcf7d
7ffffffffba0000
2a66042e926c037
756e6515e5c55e1
2e1e555422e3084
000000000000001
5599fbd16933fca
0a919aea15daa20
51e1aaabd8bcf7d
7ffffffffba0000
2a66042e926c037
756e6515e5c55e1
2e1e555422e3084
000000000000001
108735957276721
51e1aaabd8bcf7d
1ee3428d6599532
756e6515e5c55e1
016fea3e5ec426f
5599fbd16933fca
607e60d2852392d
7ffffffffba0000
6f78ca6a89298e0
2e1e555422e3084
611cbd729606acf
0a919aea15daa20
7e9015c19cdbd92
2a66042e926c037
1f819f2d767c6d4
000000000000001
0a919aea15daa20
7ffffffffba0000
756e6515e5c55e1
000000000000001
0a919aea15daa20
7ffffffffba0000
756e6515e5c55e1
000000000000001
0a919aea15daa20
7ffffffffba0000
756e6515e5c55e1
000000000000001
0a919aea15daa20
7ffffffffba0000
756e6515e5c55e1
000000000000001
607e60d2852392d
2a66042e926c037
016fea3e5ec426f
0a919aea15daa20
1ee3428d6599532
2e1e555422e3084
108735957276721
7ffffffffba0000
1f819f2d767c6d4
5599fbd16933fca
7e9015c19cdbd92
756e6515e5c55e1
611cbd729606acf
51e1aaabd8bcf7d
6f78ca6a89298e0
000000000000001
51e1aaabd8bcf7d
756e6515e5c55e1
5599fbd16933fca
7ffffffffba0000
2e1e555422e3084
0a919aea15daa20
2a66042e926c037
000000000000001
51e1aaabd8bcf7d
756e6515e5c55e1
5599fbd16933fca
7ffffffffba0000
2e1e555422e3084
0a919aea15daa20
2a66042e926c037
000000000000001
7e9015c19cdbd92
2e1e555422e3084
607e60d2852392d
756e6515e5c55e1
108735957276721
2a66042e926c037
611cbd729606acf
7ffffffffba0000
016fea3e5ec426f
51e1aaabd8bcf7d
1f819f2d767c6d4
0a919aea15daa20
6f78ca6a89298e0
5599fbd16933fca
1ee3428d6599532
000000000000001
7ffffffffba0000
000000000000001
7ffffffffba0000
000000000000001
7ffffffffba0000
000000000000001
7ffffffffba0000
000000000000001
7ffffffffba0000
000000000000001
7ffffffffba0000
000000000000001
7ffffffffba0000
000000000000001
7ffffffffba0000
000000000000001
1ee3428d6599532
5599fbd16933fca
6f78ca6a89298e0
0a919aea15daa20
1f819f2d767c6d4
51e1aaabd8bcf7d
016fea3e5ec426f
7ffffffffba0000
611cbd729606acf
2a66042e926c037
108735957276721
756e6515e5c55e1
607e60d2852392d
2e1e555422e3084
7e9015c19cdbd92
000000000000001
2a66042e926c037
0a919aea15daa20
2e1e555422e3084
7ffffffffba0000
5599fbd16933fca
756e6515e5c55e1
51e1aaabd8bcf7d
000000000000001
2a66042e926c037
0a919aea15daa20
2e1e555422e3084
7ffffffffba0000
5599fbd16933fca
756e6515e5c55e1
51e1aaabd8bcf7d
000000000000001
6f78ca6a89298e0
51e1aaabd8bcf7d
611cbd729606acf
756e6515e5c55e1
7e9015c19cdbd92
5599fbd16933fca
1f819f2d767c6d4
7ffffffffba0000
108735957276721
2e1e555422e3084
1ee3428d6599532
0a919aea15daa20
016fea3e5ec426f
2a66042e926c037
607e60d2852392d
000000000000001
756e6515e5c55e1
7ffffffffba0000
0a919aea15daa20
000000000000001
756e6515e5c55e1
7ffffffffba0000
0a919aea15daa20
000000000000001
756e6515e5c55e1
7ffffffffba0000
0a919aea15daa20
000000000000001
756e6515e5c55e1
7ffffffffba0000
0a919aea15daa20
000000000000001
1f819f2d767c6d4
2a66042e926c037
7e9015c19cdbd92
0a919aea15daa20
611cbd729606acf
2e1e555422e3084
6f78ca6a89298e0
7ffffffffba0000
607e60d2852392d
5599fbd16933fca
016fea3e5ec426f
756e6515e5c55e1
1ee3428d6599532
51e1aaabd8bcf7d
108735957276721
000000000000001
2e1e555422e3084
756e6515e5c55e1
2a66042e926c037
7ffffffffba0000
51e1aaabd8bcf7d
0a919aea15daa20
5599fbd16933fca
000000000000001
2e1e555422e3084
756e6515e5c55e1
2a66042e926c037
7ffffffffba0000
51e1aaabd8bcf7d
0a919aea15daa20
5599fbd16933fca
000000000000001
016fea3e5ec426f
2e1e555422e3084
1f819f2d767c6d4
756e6515e5c55e1
6f78ca6a89298e0
2a66042e926c037
1ee3428d6599532
7ffffffffba0000
7e9015c19cdbd92
51e1aaabd8bcf7d
607e60d2852392d
0a919aea15daa20
108735957276721
5599fbd16933fca
611cbd729606acf
000000000000001
000000000000001
000000000000001
000000000000001
000000000000001
000000000000001
000000000000001
000000000000001
000000000000001
000000000000001
000000000000001
000000000000001
000000000000001
000000000000001
000000000000001
000000000000001
000000000000001
6f630e674321a79
7607d79ef77a658
028d356e45ca471
0e8fa117173dfa2
35b90d6b3b9ae09
795552c10f21574
7f3ac1a81a35ffe
7ffffffffb00000
109cf198b7de588
09f8286103859a9
7d72ca91b535b90
71705ee8e3c205f
4a46f294bf651f8
06aaad3eebdea8d
00c53e57e0ca003
000000000000001
7607d79ef77a658
0e8fa117173dfa2
795552c10f21574
7ffffffffb00000
09f8286103859a9
71705ee8e3c205f
06aaad3eebdea8d
000000000000001
7607d79ef77a658
0e8fa117173dfa2
795552c10f21574
7ffffffffb00000
09f8286103859a9
71705ee8e3c205f
06aaad3eebdea8d
000000000000001
028d356e45ca471
795552c10f21574
109cf198b7de588
71705ee8e3c205f
00c53e57e0ca003
7607d79ef77a658
35b90d6b3b9ae09
7ffffffffb00000
7d72ca91b535b90
06aaad3eebdea8d
6f630e674321a79
0e8fa117173dfa2
7f3ac1a81a35ffe
09f8286103859a9
4a46f294bf651f8
000000000000001
0e8fa117173dfa2
7ffffffffb00000
71705ee8e3c205f
000000000000001
0e8fa117173dfa2
7ffffffffb00000
71705ee8e3c205f
000000000000001
0e8fa117173dfa2
7ffffffffb00000
71705ee8e3c205f
000000000000001
0e8fa117173dfa2
7ffffffffb00000
71705ee8e3c205f
000000000000001
35b90d6b3b9ae09
09f8286103859a9
00c53e57e0ca003
0e8fa117173dfa2
109cf198b7de588
06aaad3eebdea8d
028d356e45ca471
7ffffffffb00000
4a46f294bf651f8
7607d79ef77a658
7f3ac1a81a35ffe
71705ee8e3c205f
6f630e674321a79
795552c10f21574
7d72ca91b535b90
000000000000001
795552c10f21574
71705ee8e3c205f
7607d79ef77a658
7ffffffffb00000
06aaad3eebdea8d
0e8fa117173dfa2
09f8286103859a9
000000000000001
795552c10f21574
71705ee8e3c205f
7607d79ef77a658
7ffffffffb00000
06aaad3eebdea8d
0e8fa117173dfa2
09f8286103859a9
000000000000001
7f3ac1a81a35ffe
06aaad3eebdea8d
35b90d6b3b9ae09
71705ee8e3c205f
028d356e45ca471
09f8286103859a9
6f630e674321a79
7ffffffffb00000
00c53e57e0ca003
795552c10f21574
4a46f294bf651f8
0e8fa117173dfa2
7d72ca91b535b90
7607d79ef77a658
109cf198b7de588
000000000000001
7ffffffffb00000
000000000000001
7ffffffffb00000
000000000000001
7ffffffffb00000
000000000000001
7ffffffffb00000
000000000000001
7ffffffffb00000
000000000000001
7ffffffffb00000
000000000000001
7ffffffffb00000
000000000000001
7ffffffffb00000
000000000000001
109cf198b7de588
7607d79ef77a658
7d72ca91b535b90
0e8fa117173dfa2
4a46f294bf651f8
795552c10f21574
00c53e57e0ca003
7ffffffffb00000
6f630e674321a79
09f8286103859a9
028d356e45ca471
71705ee8e3c205f
35b90d6b3b9ae09
06aaad3eebdea8d
7f3ac1a81a35ffe
000000000000001
09f8286103859a9
0e8fa117173dfa2
06aaad3eebdea8d
7ffffffffb00000
7607d79ef77a658
71705ee8e3c205f
795552c10f21574
000000000000001
09f8286103859a9
0e8fa117173dfa2
06aaad3eebdea8d
7ffffffffb00000
7607d79ef77a658
71705ee8e3c205f
795552c10f21574
000000000000001
7d72ca91b535b90
795552c10f21574
6f630e674321a79
71705ee8e3c205f
7f3ac1a81a35ffe
7607d79ef77a658
4a46f294bf651f8
7ffffffffb00000
028d356e45ca471
06aaad3eebdea8d
109cf198b7de588
0e8fa117173dfa2
00c53e57e0ca003
09f8286103859a9
35b90d6b3b9ae09
000000000000001
71705ee8e3c205f
7ffffffffb00000
0e8fa117173dfa2
000000000000001
71705ee8e3c205f
7ffffffffb00000
0e8fa117173dfa2
000000000000001
71705ee8e3c205f
7ffffffffb00000
0e8fa117173dfa2
000000000000001
71705ee8e3c205f
7ffffffffb00000
0e8fa117173dfa2
000000000000001
4a46f294bf651f8
09f8286103859a9
7f3ac1a81a35ffe
0e8fa117173dfa2
6f630e674321a79
06aaad3eebdea8d
7d72ca91b535b90
7ffffffffb00000
35b90d6b3b9ae09
7607d79ef77a658
00c53e57e0ca003
71705ee8e3c205f
109cf198b7de588
795552c10f21574
028d356e45ca471
000000000000001
06aaad3eebdea8d
71705ee8e3c205f
09f8286103859a9
7ffffffffb00000
795552c10f21574
0e8fa117173dfa2
7607d79ef77a658
000000000000001
06aaad3eebdea8d
71705ee8e3c205f
09f8286103859a9
7ffffffffb00000
795552c10f21574
0e8fa117173dfa2
7607d79ef77a658
000000000000001
00c53e57e0ca003
06aaad3eebdea8d
4a46f294bf651f8
71705ee8e3c205f
7d72ca91b535b90
09f8286103859a9
109cf198b7de588
7ffffffffb00000
7f3ac1a81a35ffe
795552c10f21574
35b90d6b3b9ae09
0e8fa117173dfa2
028d356e45ca471
7607d79ef77a658
6f630e674321a79
000000000000001
000000000000001
000000000000001
000000000000001
000000000000001
000000000000001
000000000000001
000000000000001
000000000000001
000000000000001
000000000000001
000000000000001
000000000000001
000000000000001
000000000000001
000000000000001
000000000000001
b8e54a4adba93be
a616f6f7835b0e0
8c6d32682e64137
bfdfe7f3f7cc061
b9d530cc3da4c7a
27bb02b0211a883
4049cd3daef7d90
ffffffffffc0000
471ab5b52416c43
59e909087c64f21
7392cd97d15beca
4020180c07f3fa0
462acf33c21b387
d844fd4fdea577e
bfb632c250c8271
000000000000001
a616f6f7835b0e0
bfdfe7f3f7cc061
27bb02b0211a883
ffffffffffc0000
59e909087c64f21
4020180c07f3fa0
d844fd4fdea577e
000000000000001
a616f6f7835b0e0
bfdfe7f3f7cc061
27bb02b0211a883
ffffffffffc0000
59e909087c64f21
4020180c07f3fa0
d844fd4fdea577e
000000000000001
8c6d32682e64137
27bb02b0211a883
471ab5b52416c43
4020180c07f3fa0
bfb632c250c8271
a616f6f7835b0e0
b9d530cc3da4c7a
ffffffffffc0000
7392cd97d15beca
d844fd4fdea577e
b8e54a4adba93be
bfdfe7f3f7cc061
4049cd3daef7d90
59e909087c64f21
462acf33c21b387
000000000000001
bfdfe7f3f7cc061
ffffffffffc0000
4020180c07f3fa0
000000000000001
bfdfe7f3f7cc061
ffffffffffc0000
4020180c07f3fa0
000000000000001
bfdfe7f3f7cc061
ffffffffffc0000
4020180c07f3fa0
000000000000001
bfdfe7f3f7cc061
ffffffffffc0000
4020180c07f3fa0
000000000000001
b9d530cc3da4c7a
59e909087c64f21
bfb632c250c8271
bfdfe7f3f7cc061
471ab5b52416c43
d844fd4fdea577e
8c6d32682e64137
ffffffffffc0000
462acf33c21b387
a616f6f7835b0e0
4049cd3daef7d90
4020180c07f3fa0
b8e54a4adba93be
27bb02b0211a883
7392cd97d15beca
000000000000001
27bb02b0211a883
4020180c07f3fa0
a616f6f7835b0e0
ffffffffffc0000
d844fd4fdea577e
bfdfe7f3f7cc061
59e909087c64f21
000000000000001
27bb02b0211a883
4020180c07f3fa0
a616f6f7835b0e0
ffffffffffc0000
d844fd4fdea577e
bfdfe7f3f7cc061
59e909087c64f21
000000000000001
4049cd3daef7d90
d844fd4fdea577e
b9d530cc3da4c7a
4020180c07f3fa0
8c6d32682e64137
59e909087c64f21
b8e54a4adba93be
ffffffffffc0000
bfb632c250c8271
27bb02b0211a883
462acf33c21b387
bfdfe7f3f7cc061
7392cd97d15beca
a616f6f7835b0e0
471ab5b52416c43
000000000000001
ffffffffffc0000
000000000000001
ffffffffffc0000
000000000000001
ffffffffffc0000
000000000000001
ffffffffffc0000
000000000000001
ffffffffffc0000
000000000000001
ffffffffffc0000
000000000000001
ffffffffffc0000
000000000000001
ffffffffffc0000
000000000000001
471ab5b52416c43
a616f6f7835b0e0
7392cd97d15beca
bfdfe7f3f7cc061
462acf33c21b387
27bb02b0211a883
bfb632c250c8271
ffffffffffc0000
b8e54a4adba93be
59e909087c64f21
8c6d32682e64137
4020180c07f3fa0
b9d530cc3da4c7a
d844fd4fdea577e
4049cd3daef7d90
000000000000001
59e909087c64f21
bfdfe7f3f7cc061
d844fd4fdea577e
ffffffffffc0000
a616f6f7835b0e0
4020180c07f3fa0
27bb02b0211a883
000000000000001
59e909087c64f21
bfdfe7f3f7cc061
d844fd4fdea577e
ffffffffffc0000
a616f6f7835b0e0
4020180c07f3fa0
27bb02b0211a883
000000000000001
7392cd97d15beca
27bb02b0211a883
b8e54a4adba93be
4020180c07f3fa0
4049cd3daef7d90
a616f6f7835b0e0
462acf33c21b387
ffffffffffc0000
8c6d32682e64137
d844fd4fdea577e
471ab5b52416c43
bfdfe7f3f7cc061
bfb632c250c8271
59e909087c64f21
b9d530cc3da4c7a
000000000000001
4020180c07f3fa0
ffffffffffc0000
bfdfe7f3f7cc061
000000000000001
4020180c07f3fa0
ffffffffffc0000
bfdfe7f3f7cc061
000000000000001
4020180c07f3fa0
ffffffffffc0000
bfdfe7f3f7cc061
000000000000001
4020180c07f3fa0
ffffffffffc0000
bfdfe7f3f7cc061
000000000000001
462acf33c21b387
59e909087c64f21
4049cd3daef7d90
bfdfe7f3f7cc061
b8e54a4adba93be
d844fd4fdea577e
7392cd97d15beca
ffffffffffc0000
b9d530cc3da4c7a
a616f6f7835b0e0
bfb632c250c8271
4020180c07f3fa0
471ab5b52416c43
27bb02b0211a883
8c6d32682e64137
000000000000001
d844fd4fdea577e
4020180c07f3fa0
59e909087c64f21
ffffffffffc0000
27bb02b0211a883
bfdfe7f3f7cc061
a616f6f7835b0e0
000000000000001
d844fd4fdea577e
4020180c07f3fa0
59e909087c64f21
ffffffffffc0000
27bb02b0211a883
bfdfe7f3f7cc061
a616f6f7835b0e0
000000000000001
bfb632c250c8271
d844fd4fdea577e
462acf33c21b387
4020180c07f3fa0
7392cd97d15beca
59e909087c64f21
471ab5b52416c43
ffffffffffc0000
4049cd3daef7d90
27bb02b0211a883
b9d530cc3da4c7a
bfdfe7f3f7cc061
8c6d32682e64137
a616f6f7835b0e0
b8e54a4adba93be
000000000000001
000000000000001
000000000000001
000000000000001
000000000000001
000000000000001
000000000000001
000000000000001
000000000000001
000000000000001
000000000000001
000000000000001
000000000000001
000000000000001
000000000000001
000000000000001
000000000000001
58d916c81ba2bfb
b4e965b6d32fc88
54c3c3abd4723c8
74c52a3db6f04dd
46e20003d25c244
34f74bce71eb692
ee90006e0d93c6a
fffffffff840000
a726e937dc9d406
4b169a492510379
ab3c3c5423cdc39
8b3ad5c2414fb24
b91dfffc25e3dbd
cb08b431865496f
116fff91eaac397
000000000000001
b4e965b6d32fc88
74c52a3db6f04dd
34f74bce71eb692
fffffffff840000
4b169a492510379
8b3ad5c2414fb24
cb08b431865496f
000000000000001
b4e965b6d32fc88
74c52a3db6f04dd
34f74bce71eb692
fffffffff840000
4b169a492510379
8b3ad5c2414fb24
cb08b431865496f
000000000000001
54c3c3abd4723c8
34f74bce71eb692
a726e937dc9d406
8b3ad5c2414fb24
116fff91eaac397
b4e965b6d32fc88
46e20003d25c244
fffffffff840000
ab3c3c5423cdc39
cb08b431865496f
58d916c81ba2bfb
74c52a3db6f04dd
ee90006e0d93c6a
4b169a492510379
b91dfffc25e3dbd
000000000000001
74c52a3db6f04dd
fffffffff840000
8b3ad5c2414fb24
000000000000001
74c52a3db6f04dd
fffffffff840000
8b3ad5c2414fb24
000000000000001
74c52a3db6f04dd
fffffffff840000
8b3ad5c2414fb24
000000000000001
74c52a3db6f04dd
fffffffff840000
8b3ad5c2414fb24
000000000000001
46e20003d25c244
4b169a492510379
116fff91eaac397
74c52a3db6f04dd
a726e937dc9d406
cb08b431865496f
54c3c3abd4723c8
fffffffff840000
b91dfffc25e3dbd
b4e965b6d32fc88
ee90006e0d93c6a
8b3ad5c2414fb24
58d916c81ba2bfb
34f74bce71eb692
ab3c3c5423cdc39
000000000000001
34f74bce71eb692
8b3ad5c2414fb24
b4e965b6d32fc88
fffffffff840000
cb08b431865496f
74c52a3db6f04dd
4b169a492510379
000000000000001
34f74bce71eb692
8b3ad5c2414fb24
b4e965b6d32fc88
fffffffff840000
cb08b431865496f
74c52a3db6f04dd
4b169a492510379
000000000000001
ee90006e0d93c6a
cb08b431865496f
46e20003d25c244
8b3ad5c2414fb24
54c3c3abd4723c8
4b169a492510379
58d916c81ba2bfb
fffffffff840000
116fff91eaac397
34f74bce71eb692
b91dfffc25e3dbd
74c52a3db6f04dd
ab3c3c5423cdc39
b4e965b6d32fc88
a726e937dc9d406
000000000000001
fffffffff840000
000000000000001
fffffffff840000
000000000000001
fffffffff840000
000000000000001
fffffffff840000
000000000000001
fffffffff840000
000000000000001
fffffffff840000
000000000000001
fffffffff840000
000000000000001
fffffffff840000
000000000000001
a726e937dc9d406
b4e965b6d32fc88
ab3c3c5423cdc39
74c52a3db6f04dd
b91dfffc25e3dbd
34f74bce71eb692
116fff91eaac397
fffffffff840000
58d916c81ba2bfb
4b169a492510379
54c3c3abd4723c8
8b3ad5c2414fb24
46e20003d25c244
cb08b431865496f
ee90006e0d93c6a
000000000000001
4b169a492510379
74c52a3db6f04dd
cb08b431865496f
fffffffff840000
b4e965b6d32fc88
8b3ad5c2414fb24
34f74bce71eb692
000000000000001
4b169a492510379
74c52a3db6f04dd
cb08b431865496f
fffffffff840000
b4e965b6d32fc88
8b3ad5c2414fb24
34f74bce71eb692
000000000000001
ab3c3c5423cdc39
34f74bce71eb692
58d916c81ba2bfb
8b3ad5c2414fb24
ee90006e0d93c6a
b4e965b6d32fc88
b91dfffc25e3dbd
fffffffff840000
54c3c3abd4723c8
cb08b431865496f
a726e937dc9d406
74c52a3db6f04dd
116fff91eaac397
4b169a492510379
46e20003d25c244
000000000000001
8b3ad5c2414fb24
fffffffff840000
74c52a3db6f04dd
000000000000001
8b3ad5c2414fb24
fffffffff840000
74c52a3db6f04dd
000000000000001
8b3ad5c2414fb24
fffffffff840000
74c52a3db6f04dd
000000000000001
8b3ad5c2414fb24
fffffffff840000
74c52a3db6f04dd
000000000000001
b91dfffc25e3dbd
4b169a492510379
ee90006e0d93c6a
74c52a3db6f04dd
58d916c81ba2bfb
cb08b431865496f
ab3c3c5423cdc39
fffffffff840000
46e20003d25c244
b4e965b6d32fc88
116fff91eaac397
8b3ad5c2414fb24
a726e937dc9d406
34f74bce71eb692
54c3c3abd4723c8
000000000000001
cb08b431865496f
8b3ad5c2414fb24
4b169a492510379
fffffffff840000
34f74bce71eb692
74c52a3db6f04dd
b4e965b6d32fc88
000000000000001
cb08b431865496f
8b3ad5c2414fb24
4b169a492510379
fffffffff840000
34f74bce71eb692
74c52a3db6f04dd
b4e965b6d32fc88
000000000000001
116fff91eaac397
cb08b431865496f
b91dfffc25e3dbd
8b3ad5c2414fb24
ab3c3c5423cdc39
4b169a492510379
a726e937dc9d406
fffffffff840000
ee90006e0d93c6a
34f74bce71eb692
46e20003d25c244
74c52a3db6f04dd
54c3c3abd4723c8
b4e965b6d32fc88
58d916c81ba2bfb
000000000000001
000000000000001
000000000000001
000000000000001
000000000000001
000000000000001
000000000000001
000000000000001
000000000000001
000000000000001
000000000000001
000000000000001
000000000000001
000000000000001
000000000000001
000000000000001
